Latitude(deg),Longitude(deg),Time Zone,Tilt(deg),PV Azimuth(deg),Hub_Height,Pitch,RowType(first interior last single),TransmissionFactor(open area fraction),sensorsy(# hor rows in panel),PVfrontSurface(glass or ARglass),PVbackSurface(glass or ARglass),Albedo,Tracking,backtracking
39.742,-105.179,-7,0,180,0.75,2.857142857142857,interior,0,12,glass,glass,,True,True
date,dni,dhi,albedo,decHRs,ghi,inc,zen,azm,pvFrontSH,aveFrontGroundGHI,GTIfrontBroadBand,pvBackSH,aveBackGroundGHI,GTIbackBroadBand,maxShadow,Tamb,VWind,No_1_RowFrontGTI,No_2_RowFrontGTI,No_3_RowFrontGTI,No_4_RowFrontGTI,No_5_RowFrontGTI,No_6_RowFrontGTI,No_7_RowFrontGTI,No_8_RowFrontGTI,No_9_RowFrontGTI,No_10_RowFrontGTI,No_11_RowFrontGTI,No_12_RowFrontGTI,No_1_RowBackGTI,No_2_RowBackGTI,No_3_RowBackGTI,No_4_RowBackGTI,No_5_RowBackGTI,No_6_RowBackGTI,No_7_RowBackGTI,No_8_RowBackGTI,No_9_RowBackGTI,No_10_RowBackGTI,No_11_RowBackGTI,No_12_RowBackGTI,tilt,sazm,height,D
2022-01-01 07:00:00-07:00,0.4731109333333333,11.493652216666668,0.99,6.5,11.511418964138622,83.84062904583716,87.84786403029747,122.62595845288187,0.0,7.369536770546605,11.524575532143757,1.0,7.369536770546605,0.019838780748611798,2.857142857142857,-14.749136611111112,0.8503097231666666,10.879516235882017,10.879513982893357,10.877892940463619,10.882756727287763,10.882756834682446,10.882757659380458,10.882758737041721,10.88640257793452,10.886402602624718,10.886401971669514,10.886400918779756,10.886399708033668,6.360825720373774,6.225671370787602,6.116281545758161,6.036465209695619,5.98872852144201,5.971396682327713,5.991151489403872,6.041173556551903,6.1185052648607,6.225139033519262,6.349217895654116,6.48433959786612,4.762188111039967,90.0,0.7084899011455961,1.860594992375494
2022-01-01 08:00:00-07:00,0.6135704666666667,70.495995,0.99,7.5,70.60080216638003,60.78793458386181,80.16477970462539,131.23911082879914,3.108624468950437e-16,43.17463369590872,78.87359537650133,1.0,43.17463369590872,67.41908801159684,2.857142857142857,-14.365968888888888,0.5412316898333334,72.03989529672677,72.23804704672945,72.73730195011102,73.04904841680806,73.21972323851314,73.37814496762057,73.26975622157427,73.02599919007987,72.90457763181004,72.69637456428812,72.6005928174061,72.40026390902479,34.77985970321986,34.2733676849902,33.89600474390856,33.66328792631095,33.75404082277076,33.89028559017429,34.24669700832921,34.54039969283953,34.9154243282119,35.44990931232882,35.720178676423316,36.013275222291234,26.948711519951786,90.0,0.5234036345350542,1.9657302991023577
2022-01-01 09:00:00-07:00,1.0449856,101.250655,0.99,8.5,101.56828919661085,50.55797532768131,72.30437253517434,142.93004882565685,0.0,67.3215887384814,103.43757852363676,1.0,67.3215887384814,94.25167432443362,2.783392047884096,-13.864909722222222,0.6580620355,85.41838337385863,86.4392629031874,87.45237729820985,87.70848789017359,88.71919993216355,89.6730012362107,89.9094732542159,90.89919747432725,90.2632411385132,89.36535861748152,88.7509821273969,88.14308198816045,54.9541094013178,54.59134326063665,54.634142699031145,54.539028288881376,55.056489580253796,55.30873817903688,55.833972008823885,55.23870281769606,54.62163747678342,54.34493490212234,53.65684688972642,52.91988960638307,50.0,90.0,0.366977778440511,2.214355247456318
2022-01-01 10:00:00-07:00,1.1717447166666666,188.31896666666668,0.99,9.5,188.7869865448012,57.08167358119255,66.4579895933497,156.2994452936912,0.0,124.58270167824294,192.30854231185117,1.0,124.58270167824294,176.34773101660508,1.7397192022342631,-13.080450944444443,0.88412741,164.37428994082268,164.75460431272322,166.30038107335727,167.9550641420605,168.37847082372028,170.0043754599031,170.4122330097817,171.82902854060788,170.0759212462593,169.18237989090952,169.42373020089238,168.64769712263438,99.80145852251528,97.8247029864771,96.14018079188176,96.0033531970707,95.53710071225775,95.92201874670423,97.15471591275069,96.60273251613316,96.67463756930304,96.16536420228272,95.73155711131318,95.83651402572737,42.69421494750555,90.0,0.41095726830113743,2.1221597931688003
2022-01-01 11:00:00-07:00,28.033948,256.3620666666667,0.99,10.5,268.996863626516,61.88517213855614,63.21163264774686,171.13140274112845,0.0,174.38619994834957,268.62389904478385,1.0,174.38619994834957,261.11426719956586,1.2300109942778816,-12.201059611111113,0.854773712,251.34573020955511,251.71301772098235,252.3130993806329,251.88699465580308,251.90831015634927,251.7553703393591,251.34488207159524,251.98842091160984,251.2617380615194,250.89995169378858,250.87985569762645,250.78220621810934,144.5238700950388,139.09927775277097,135.66273823851472,132.63799481197637,131.53125079971397,131.13620994177913,131.70730000180754,133.29809411709692,135.88212982960104,138.73078676596086,141.86542385223876,145.058276180321,16.980393697412605,90.0,0.6039777773247121,1.9007381091726923
2022-01-01 12:00:00-07:00,80.30153833333334,311.69281666666666,0.99,11.5,348.17321304981033,62.24165820134908,62.980570496620196,186.6161001755509,0.0,224.65663570969974,351.84217688055014,1.0,224.65663570969974,341.9019961425885,1.1697612922629703,-11.656047222222222,0.820176422,329.06633776335946,329.2770167879425,328.8969535316047,328.9095829328221,328.74822002699847,328.9673396117129,328.7571883975359,328.97312531471346,328.80242473569007,328.5920372775165,328.5765936606295,328.59733957096137,184.5832604751286,178.16584243599775,172.62879899709182,167.98001452460872,164.40956500001394,162.258864447635,161.94390896470748,163.06320772667328,166.7464642057482,171.7048821854067,179.3736830134689,187.63929376181474,12.731377151623628,270.0,0.639809796082428,1.8817288548636117
2022-01-01 13:00:00-07:00,242.76603333333333,295.24756666666667,0.99,12.5,394.77321310919655,57.99340083474893,65.79734581847661,201.61077638411209,0.0,240.0680785636016,472.9119397704835,1.0,240.0680785636016,367.4380415110893,1.6477156201295133,-9.09800483888889,0.5227725448333334,421.134516626666,420.37656719648805,420.5622862962204,420.8142714608655,419.99250447847,419.1911874541604,418.7546561908823,417.2780522036491,417.35592760308845,415.9454295559364,414.31807252960374,414.59318015706765,164.76559657136352,161.72702776530372,160.89024182589716,160.36543016462574,159.48646286110375,160.7395534640393,161.10760547317201,164.09802680788889,171.0556913440938,178.5480544689631,188.5862277310226,201.82495654545795,39.33125446502031,270.0,0.43309854848157253,2.083648267567691
2022-01-01 14:00:00-07:00,185.58558666666667,215.47683333333333,0.99,13.5,275.0003883278275,51.34075524899632,71.29269723792926,215.22702045708343,0.0,144.02177735576038,410.9828441342638,1.0,144.02177735576038,249.54189339031322,2.572799506294221,-9.460092416666669,0.6471286104999999,362.9711996170463,362.75702933726075,362.5262612185009,361.46205723355285,361.44358236058656,360.0986911886112,359.8756626294713,358.25190779845127,356.5249180970666,356.24622342462027,354.65717230625387,352.99642986467586,109.23295627003858,110.53355388207372,112.21977639040882,113.10072322695595,115.76487469735027,119.10529988012306,121.82629775132521,126.9667260633048,130.87191433593637,137.44938997056343,143.1112961197332,149.59264081557012,50.0,270.0,0.366977778440511,2.214355247456318
2022-01-01 15:00:00-07:00,406.9249833333333,98.52494666666666,0.99,14.5,176.92968649742687,56.59845447809427,78.89099728563397,227.1638810881785,1.3781391149302542e-08,50.62363472379045,376.02052420595874,1.0,50.62363472379045,170.42298008248216,2.8571428571428577,-9.914726494444444,0.4218074576666666,342.5944330215385,343.3087352629951,343.75522330395387,344.4035415261593,344.63995023523364,344.8486796496218,345.62702748886534,346.4045933305911,347.7142482132974,348.5894351535009,349.27100865870284,350.0873426217432,40.34445237264891,39.62406989464185,39.50193510297947,39.45737396088789,39.83722707074274,40.762524239417374,41.34543622645357,42.14797442002626,43.38263680320508,44.37576485258851,45.112015012216254,45.974093015014,32.657546472653365,269.9999987925817,0.4801916742013001,2.015232013098899
2022-01-01 16:00:00-07:00,150.95863605000002,17.766725833333332,0.99,15.5,25.9464511830909,81.09394000209335,86.89389496622759,236.44367950535195,0.0,8.347823383675124,45.35577489732785,1.0,8.347823383675124,26.100525183343358,2.857142857142857,-12.600862205555556,0.967179425,31.58383714880936,31.583828781347655,31.53767635290084,31.54030902214881,31.54033458785224,31.540357306053533,31.483554443381884,31.483537882755435,31.48349844738449,31.418865690818755,31.418899187223104,31.418937432661238,7.45094138303411,7.301291158007535,7.164680147690376,7.008475449361776,6.9144106260639875,6.848746215423949,6.821536376500652,6.8281387109447484,6.871594632375544,6.924817249564994,7.0547261293137655,7.204438697760707,6.973693896879097,270.0,0.6892931876326428,1.8645408564755312
2022-01-02 07:00:00-07:00,226.70841395,11.66457105,0.7776555781822179,6.5,20.12773876148765,83.87724583254642,87.86061541143167,122.48653835944138,5.0950038012826145e-08,7.4788675774681765,35.82521992011913,1.0,7.4788675774681765,0.019832359746683608,2.857142857142857,-1.1723822416666667,5.890915383333334,22.274380634105633,22.274385734475153,22.27309345512358,22.278029636495,22.278029699410947,22.278030328269026,22.278031181378562,22.281729078911894,22.281729137485122,22.281728673347093,22.28172786206806,22.2817269101838,5.071362703209856,4.9636361335127415,4.87642494005215,4.812767665126077,4.77467875634732,4.760912967838206,4.776648519017956,4.816523172320399,4.878193473687842,4.96331550373764,5.062767914705408,5.170585580507397,4.726384217852562,90.00000704039785,0.7088012785282055,1.860543307977618
2022-01-02 08:00:00-07:00,727.7646833333333,40.388435,0.8116617568923759,7.5,164.721646022314,60.78279669277676,80.16318677009208,131.09699006590398,0.0,19.014461839632855,427.78995746006393,1.0,19.014461839632855,132.75081711748626,2.857142857142857,0.5616624601166667,4.349284183333333,391.78714812876797,391.88499196415137,392.1163268777015,392.2065625309009,392.33856447217244,392.41844293360384,393.4062076108565,394.3106163469461,395.2238452560944,396.07065002976566,396.92253451840867,397.70043535837806,12.669789323608981,12.50083028815137,12.365832334044939,12.910543590926546,12.945204865270712,13.660288340456333,13.791571305905949,14.601777685867631,15.270526073613887,15.673549832374178,16.552349614792057,17.47425568636709,26.88270594186594,90.0,0.5239172449522662,1.9652088060605446
2022-01-02 09:00:00-07:00,829.0144833333333,63.89320166666666,0.8881258995925259,8.5,316.1974412968436,50.434470666432,72.2813957970755,142.78486173207932,0.0,99.55865207862698,672.915203541192,1.0,99.55865207862698,250.5615878212115,2.787594575435147,2.7284127666666667,3.2781613666666667,601.4101977237858,601.8599883521562,602.2473563181578,602.1242041943672,602.8114828798642,603.3769419611117,603.5172716942745,603.4343205278595,605.254104335593,609.8297205608372,612.0486205236977,614.2163369134884,148.06866859563272,139.66517491552622,129.83053192630092,118.00324714608603,108.40015024399382,96.96675764528584,89.44237864321873,83.41235852738002,78.64693058773682,76.57484020833381,74.09522538616443,72.53719856428141,50.0,90.0,0.366977778440511,2.214355247456318
2022-01-02 10:00:00-07:00,942.3528333333333,65.69878,0.9420921015845646,9.5,442.8236037296263,56.951598735241525,66.40963510407592,156.15567887978318,0.0,237.10526239097285,650.3315267610404,1.0,237.10526239097285,379.95663261323074,1.7425616532789814,5.413470011111111,2.6771381666666665,578.0318437108364,576.6612120548106,575.6673035359822,575.3291679328104,573.9895326253957,574.0454817345899,573.2001873332126,572.3457843415649,576.8206791474257,577.9839452674017,579.3521195521266,581.1128121138555,208.81452828205536,182.61780398197737,162.77644716532305,147.11775928336408,134.6245591079014,125.32958269376795,119.65211484409825,116.08312150500124,116.23177051622095,116.2562419109307,119.52893044847995,123.78337621754716,42.791132919102836,90.00000085377364,0.4103361278649244,2.1233078512560923
2022-01-02 11:00:00-07:00,980.8725,69.07715166666667,0.9427011486660344,10.5,512.3056164525944,61.77490782679889,63.1361700446266,170.99855414639686,0.0,328.4550171923945,549.6125361251129,1.0,328.4550171923945,478.86092636150005,1.2326992572615856,7.380373616666666,2.329417696666667,503.7530030080653,503.41042613495915,503.3379790247689,504.5324913994955,504.1598160588087,505.20179512622167,505.64853204082306,505.7398797409189,506.729807108056,507.14096387564325,507.0833040336358,507.9168431257393,264.6462193604541,240.6896005794136,222.62037050768032,206.37898234346852,194.66351014909466,188.96555504539222,187.0971398302029,188.45914446572337,193.9442524722006,202.5663308794339,212.7310991388896,224.7689565099329,17.164947142569208,90.0,0.6024382164410134,1.9016837632348222
2022-01-02 12:00:00-07:00,986.11835,66.76139666666667,0.8833196309206414,11.5,516.2859831480203,62.16850099868266,62.88019634004915,186.50538078910535,0.0,330.76648718279097,536.7320972700593,1.0,330.76648718279097,455.2615769355191,1.1661945042468926,6.706144461111111,1.8542239733333328,498.23043799041227,497.6542993550949,497.67812854018854,497.92486650498057,497.15750063631776,497.3193341144692,496.77049196446717,496.8672803667323,496.1508796998833,495.7163640556791,495.64650948278535,494.7554756414539,218.63473195123007,205.16838679307492,193.99113380671133,184.73048722166155,178.82458082818914,176.26412060333533,176.8939249829365,182.98590361348064,192.04484569801753,206.64298976943755,223.61314498831456,243.02451815019728,12.47365151735851,270.0,0.6420046880023774,1.8807474196554912
2022-01-02 13:00:00-07:00,955.1635166666669,62.75246666666667,0.7837924681685993,12.5,456.1523398138441,57.95900803882149,65.67785931488618,201.5289565259428,0.0,255.98173168531758,622.8553068869862,1.0,255.98173168531758,333.58025605475046,1.6411551018142319,8.306428511111111,1.328108157,565.1135484847701,563.178670517473,561.9538763665192,560.7045664115406,558.681451571084,557.1133163037699,557.269366864107,557.6753602574971,558.4926584047233,559.0676495710876,559.4665976855514,560.4688001584736,116.33625820011582,112.36021492270956,110.4155193623719,109.09128839579718,107.84784647965935,109.70887540950203,111.0749111012036,118.89219802577982,129.44880708881098,142.92839466696324,159.61084735886476,179.30487053003978,39.073659292592424,270.0,0.43484051631314585,2.080806590201178
2022-01-02 14:00:00-07:00,910.7603,52.51329666666666,0.4739985612435206,13.5,346.6066158746072,51.30254549346923,71.16101827329793,215.17370731664187,0.0,126.97670707591205,673.37707587675,1.0,126.97670707591205,153.5245347166162,2.5557719871316222,9.589109855555556,0.9999751733333332,631.7826772223515,629.611630409077,627.3948587446121,622.7800415854886,620.7727887312465,620.6431818007034,620.6798826871549,620.0979309712948,619.4873446565518,619.4796557454438,619.0537178436402,618.5355560677323,47.98557779480304,47.58314492236962,47.77041050083868,47.72451524354176,49.37518902109366,51.956998935536866,56.42297020214787,63.48243850490103,69.45271868020428,77.67762371327352,84.9755413052598,92.52224216930448,50.0,270.0,0.366977778440511,2.214355247456318
2022-01-02 15:00:00-07:00,772.4681,38.47626666666667,0.5515401022174099,14.5,189.139734833888,56.13335064402948,78.75284215854,227.13422147806335,1.3834198128854426e-08,18.363286090912357,502.2552269579622,1.0,18.363286090912357,104.49780740422297,2.857142857142857,9.066910738888888,0.6604330866666666,468.2205321571127,468.5147507241628,468.79848371649024,468.911402964892,469.0704600824099,469.3252875907788,469.4321772967374,470.69809891289896,471.9627450618458,474.3429353635142,475.5357876555728,476.6607710282203,8.54153542126211,8.48683917631229,8.422141861330607,8.50626378296616,8.544275074064986,9.498173597026751,10.51271499493878,10.757351831983094,11.671347785757375,12.768002170002626,13.854996740942994,14.964868304257696,33.24977441477314,269.9999987925817,0.4758550315571652,2.020854542558761
2022-01-02 16:00:00-07:00,191.39377283333332,14.957556166666668,0.6288601456665968,15.5,25.797515180394193,80.68745753216623,86.75320456386105,236.4302211912764,2.582344359386944e-08,6.5983799080283845,50.43762493340813,1.0,6.5983799080283845,16.65971102406336,2.857142857142857,5.1933284888888895,0.695553232,34.045876038215475,34.12023742842538,34.120224788144675,34.21555522901023,34.181926467322796,34.18193023630253,34.27722012724386,34.23482411517726,34.23481104247539,34.2347968818564,34.330094846936575,34.2764985674839,3.6343534349271747,3.57480065250392,3.517161449942321,3.4791774133874513,3.457496523628429,3.4522791591435276,3.4685236693619985,3.501646596800555,3.581227372714709,3.6423195858867747,3.7109168956872116,3.788415119105139,7.295799289875673,269.99999658490543,0.6865040568469138,1.8652391013215577
2022-01-03 07:00:00-07:00,110.88606413333332,14.636544783333331,0.6354638108898029,6.5,19.07708021179118,83.43000350469306,87.70492358785282,122.50642292084791,1.515023239446541e-08,9.387623673927935,27.295110154833594,1.0,9.387623673927935,0.028679299371124494,2.857142857142857,1.785721618666667,1.2629774313333333,20.01752040080523,20.02541642964097,20.025414675003518,20.02541170434449,20.03028553265322,20.030286432329643,20.030287283944062,20.03028759387206,20.030287242847958,20.03492574200703,20.03492468554862,20.03492362429327,5.201852451317954,5.091228452982425,5.001881752013166,4.930987747549985,4.8942954971098995,4.884330065401452,4.900589379379906,4.941513314245286,5.010881816830396,5.094811432953722,5.193950740621005,5.309857273084943,5.074110912193478,90.0000020913098,0.7057778865858053,1.8610617265411735
2022-01-03 08:00:00-07:00,0.2609387666666666,79.81146166666667,0.6339958640761306,7.5,79.85607765746131,60.756532348762114,80.15504514738268,130.95104431783625,1.5402544280357e-08,47.67891307958661,91.09281796171545,1.0,47.67891307958661,49.375397603487826,2.857142857142857,0.5170908272,1.4920968433333333,83.87305365856825,84.2454935718061,84.85381797851811,85.10448899293289,85.4354604238862,85.66145044768598,85.54386668983821,85.33184691372973,85.20676603542299,85.02179638905523,84.91846765627255,84.74277685691874,25.136525566501607,24.845378174934716,24.584313484712816,24.397690896663015,24.469804779934794,24.540647030974547,24.802978413514964,24.985467558753427,25.082026322299974,25.610736387612658,25.785602544327407,25.8354506668187,26.837635692945888,90.00000147877934,0.5242681233353613,1.9648533977016727
2022-01-03 09:00:00-07:00,46.08618968333334,193.47976666666668,0.6425580149887671,8.5,207.52870843262068,50.30453056644699,72.25142565229419,142.63677461070353,0.0,115.6997572014035,270.7476553870979,1.0,115.6997572014035,131.6458112596594,2.7910099708611593,4.095913711111112,1.5829234983333331,235.3783629895816,237.1815647959914,238.95501027391185,239.55958810249848,241.35247782759072,243.05941128383216,243.66476797784304,245.2875023664621,245.22489443855943,245.569643297207,245.57340018734357,245.57203589052895,76.63016757095173,75.37573670099458,74.28887974502146,72.81221126104356,72.20233875468443,71.11305801499273,70.81771257550437,69.65413654070319,68.65580082642482,68.33928877476541,67.61086611584003,66.97348483839028,50.0,90.0,0.366977778440511,2.214355247456318
2022-01-03 10:00:00-07:00,445.1642833333333,313.9918666666666,0.6534153188988877,9.5,492.54088715934193,56.815424961745116,66.35393269338772,156.01031072123567,0.0,289.581278061886,612.134094685639,1.0,289.581278061886,308.1315495713789,1.7451456711300146,8.00276946111111,1.5220958433333331,542.55495796731,544.1307281037346,545.8001215483187,546.3765688383298,548.0283213116744,550.169387520533,550.5333802798448,551.6703116623225,553.6980573482668,554.2219744444102,554.8839726195288,556.8932552687412,170.12323922686795,156.77283948140152,147.5337893325263,140.7756872169684,134.34205766492838,131.39415683238522,130.07876397528986,128.64239900710305,128.20870344074785,129.564437388978,131.31630557752248,133.46376862902133,42.87889964931126,90.0,0.4097744756016926,2.1243493185580884
2022-01-03 11:00:00-07:00,404.5207,322.362,0.6027455958083242,10.5,505.67560948008713,61.65731843524508,63.05323191927174,170.86580714979436,0.0,326.4821220498477,523.149659947404,1.0,326.4821220498477,304.118190802517,1.2352894948933275,9.19831808888889,0.7815837428333333,483.90528163643444,484.6349698320046,484.88979591509417,485.5208257480345,486.06831203819775,486.8408369853647,487.06892423746126,487.3014419112351,488.00955290254717,488.2507364186857,488.33610740083424,488.6244756033249,166.53267659250656,156.847491838696,148.20207211652527,142.1174277218153,137.3532025296733,135.10023669631886,135.39016151616727,136.6305445678177,140.0424475483409,144.40688199507878,149.81460101024538,155.46067929962052,17.342332732643392,90.0,0.6009598931852453,1.9026020323257171
2022-01-03 12:00:00-07:00,851.34655,174.79734833333333,0.5636157414694354,11.5,564.3086823435625,62.08726581731356,62.77256017264596,186.39665440081336,0.0,362.06821351686875,581.4290052372885,1.0,362.06821351686875,320.2013550416352,1.1626577058540306,13.089991111111113,0.5640782488333332,542.6117549399183,541.9729469036059,542.1503035812204,542.3156193211522,541.4609461295909,541.5273367891081,540.8299087897134,540.8295793803284,539.9827340996227,539.0448565406925,539.0742357780251,538.2029462097595,157.59435787520064,149.13464112629424,141.55276180309946,135.74572006390463,131.8027265996448,129.8948682352544,130.01629539486322,133.6754004183839,139.20104955476387,148.22262640364707,158.56111856326072,172.03069276496777,12.21748130965674,270.0,0.6441884987648566,1.879791484899762
2022-01-03 13:00:00-07:00,936.7006666666668,101.24357833333332,0.5024143427243055,12.5,488.91829868856803,57.916794177167255,65.55166256171371,201.45081486084234,0.0,276.9802508309921,642.8071331728008,1.0,276.9802508309921,239.1722843331046,1.6345700957393456,13.72956177777778,0.6639019738333333,581.582615194095,581.4671032551497,581.8734863403087,581.5417258263899,582.3326656104127,582.076240502093,582.5485353620119,584.7253369501855,586.7675218957107,589.3622585379893,591.5053663459732,593.4162480902753,126.34647438285184,113.53000401719225,101.1377809086721,92.18174143982174,85.59315104387386,81.74084707085306,80.81868592910271,81.58471764363487,82.16727921231254,84.85292603494601,85.69981170461911,89.3409169232488,38.81256951818448,269.9999987925817,0.43661261647979893,2.077942374980885
2022-01-03 14:00:00-07:00,380.86149,198.83533333333332,0.3973423721061517,13.5,322.6847027938516,51.25725713260403,71.02338735060036,215.12528966888414,0.0,155.40546050763245,490.87337901816164,1.0,155.40546050763245,134.3778653988217,2.5385643436557785,13.64609411111111,0.6194352851666667,459.20241835462394,457.8691611342006,456.5085471986962,453.4965567460125,452.20827793672964,450.54685423702915,449.8883022558881,447.9966300069775,446.0360320992589,445.3141965403214,443.4028936075779,441.42857700202035,61.5981718168222,61.06110447255137,60.78339422997243,60.2287069036176,60.60988827125213,61.434413863500154,62.74436335309249,65.39202106505118,67.48266445011033,70.99193013421055,74.08657753882555,77.57737573383403,50.0,270.0,0.366977778440511,2.214355247456318
2022-01-03 15:00:00-07:00,174.42174333333332,133.19031666666666,0.4041192462434716,14.5,167.63759634488466,55.64845152217887,78.60953621694924,227.1102315156006,0.0,66.01872420912756,292.66664588480614,1.0,66.01872420912756,69.52696632652211,2.857142857142857,10.895243722222222,0.427660179,277.4355382425037,277.1208176586122,276.888154042171,276.70138097727835,275.9397621457664,275.6608990748319,275.1229863423485,274.6988379034748,273.67256350133255,273.22138561443796,272.141435484629,271.5291497842387,26.469461441047155,26.39830854709358,26.004369802115974,25.509440269581074,25.03922382051773,24.500285526710883,24.270216136349465,23.875203377811086,23.514146717578875,23.515340709881755,23.37112034622979,23.722886475221493,33.871128321358704,270.0,0.47133660493132423,2.026849626413378
2022-01-03 16:00:00-07:00,203.2358462333333,34.809792333333334,0.4146195505492008,15.5,46.267262316456225,80.73086901487318,86.76822317430441,236.58886712664864,0.0,18.33091054395471,73.10576383851217,1.0,18.33091054395471,19.47243887379862,2.857142857142857,9.17908093888889,0.8097776245,54.13249709243762,54.15130860667266,54.09888222204882,54.09890802482599,54.09893198755604,54.107093353725475,54.05467749773847,54.05466933059999,54.05720864520836,54.00472152958246,54.004746033983594,53.94252771217205,6.845536820679439,6.7026467074130744,6.576999618354762,6.467658582628937,6.35249939745783,6.291865691233371,6.262204084867958,6.271323909977724,6.311079597171389,6.38329863285928,6.488910886579952,6.620354817229506,7.248021309650736,270.0,0.6869176447472672,1.8651335498160195
2022-01-04 07:00:00-07:00,1.166760783333333,12.065626683333331,0.4349936436086329,6.5,12.112349435547873,83.43018225886003,87.70498585765368,122.35826702270658,4.4346704062966317e-08,7.738614491350778,12.175557793120396,1.0,7.738614491350778,0.02356243261609935,2.857142857142857,4.7209658,2.785274475,11.45273573229899,11.459244432707074,11.459243442587645,11.459241766530354,11.463602852564367,11.463603357373136,11.463603839481031,11.463604019187786,11.46360382681908,11.467427792849113,11.467427199327481,11.467426600938689,2.936377727131982,2.873955755767324,2.823537124186339,2.7836406898013344,2.7629315531537326,2.7573051499774435,2.7664783526392864,2.7895708641413,2.829635172873145,2.8769958589694937,2.932947239880202,2.998561076347166,5.065585093500688,90.00000615664932,0.7058519973079828,1.861048576749067
2022-01-04 08:00:00-07:00,87.79785,76.38633833333333,0.4432705588574766,7.5,91.42048138818893,60.70900256157787,80.14031587277458,130.80138929501777,0.0,41.825951221838444,142.8096922915314,1.0,41.825951221838444,41.69365885581702,2.857142857142857,6.786008216666667,6.151722416666667,130.9164507539487,131.24197946994843,131.80196304612892,132.04511949416587,132.3351310013602,132.55786397756654,132.82742703662223,133.02760509343562,133.26931458233446,133.46260758670644,133.69418408533124,133.86932785721993,15.814189728653476,15.684313384657603,15.529256423888073,15.625663185349357,15.675586513860143,15.942386779658865,16.109649084505495,16.45788615870018,16.67292195787359,17.096719904220716,17.472391962965418,17.659980285478046,26.81351542635547,90.0,0.5244559604787732,1.9646634204353277
2022-01-04 09:00:00-07:00,655.4142633333333,140.98430666666667,0.4450774508713604,8.5,341.1840473527824,50.16823082881,72.21444387833213,142.48590290378314,0.0,131.6787751093409,622.0757069697977,1.0,131.6787751093409,150.55940363651118,2.793628383576341,8.002149572222221,8.125029683333333,568.1478158866233,569.504084534765,570.8169673869145,571.2544015313754,572.67276512393,574.0044279446403,574.5285601317933,575.5656923862952,577.2465568895863,581.0827613650025,582.8974838462484,584.6765069195668,85.56056092636958,82.12202032329031,78.1969892637173,73.3996306254066,69.73176752260731,65.22414522960311,62.46511933697586,60.6328120845438,59.35602968967936,59.33662768516845,59.05677530539314,59.17599857534521,50.0,90.0,0.366977778440511,2.214355247456318
2022-01-04 10:00:00-07:00,671.2715666666667,145.55956833333332,0.4287655452282503,9.5,415.4734504233792,56.6732655178678,66.2908861411986,155.86345616955035,0.0,231.13956962975035,554.783260344934,1.0,231.13956962975035,177.36512641122187,1.747465421765153,8.199441866666666,7.2494986,500.549080166174,501.0879209020966,501.7190355025884,501.9477194824343,502.5641873790942,503.5497629887452,503.6428706102605,504.1184929072947,508.4097126736304,510.23335738086007,512.1284667516352,514.5207412402815,92.7648001742109,84.04594368737239,77.07433760416423,71.73875189659788,66.76306824788723,64.29321328488007,62.712213370258574,62.64726147933559,63.38350700608783,65.33218147802265,67.81966017655544,70.67313625975794,42.95741352479204,90.0,0.40927271230944307,2.1252824457991735
2022-01-04 11:00:00-07:00,1006.5537833333332,75.47439833333333,0.4105127125307239,10.5,533.0217426056836,61.53249773175523,62.96284492238846,170.73327788569097,0.0,341.7870578628909,566.5671161346831,1.0,341.7870578628909,220.87628387376765,1.2377770266528345,8.432331183333334,8.55795505,523.0777179957129,523.2711421214881,523.1235750646098,523.2710065723616,524.4976187066842,525.3725502011625,526.4629396060548,526.234790435487,527.2289099057465,528.3309413945527,527.9082134883247,529.0613812813715,119.49016890014998,109.78440473568637,100.83985130154724,94.63943364016943,89.42256513107255,86.46723229196219,86.4101393476552,87.30765561892781,89.75923511887714,93.77915978089814,98.62895725739486,104.17013200530215,17.512276797053104,90.0,0.5995449269817987,1.9034903606786835
2022-01-04 12:00:00-07:00,1006.9114666666668,73.42377499999999,0.3879812960883703,11.5,535.9035313602177,61.997983443959,62.657712221069765,186.29003749172472,0.0,343.3315684744471,552.628269758425,1.0,343.3315684744471,210.27665928335355,1.1591569088813742,8.346636822222221,7.999250116666666,512.3373578540171,513.0437009610598,513.089744451376,513.8379755226022,514.5428159369608,514.4094417997779,515.0754425666212,515.086578676029,515.6653492159786,515.5502268804119,515.5414538698438,516.0594739394006,112.12483459222479,102.42765842196559,94.73080582285789,88.94105082870686,84.21217656831794,81.81798679869495,80.94532319267886,82.60279631339014,85.17146919507239,89.21367501831496,94.41118106241814,100.73482419600197,11.963324556872509,269.99999704244135,0.6463572355461744,1.878862371031908
2022-01-04 13:00:00-07:00,965.46015,75.16480833333334,0.3693959264629427,12.5,476.77882433384036,57.866724915214114,65.41882890077993,201.37646270055654,0.0,267.50202568943024,624.9471867642828,1.0,267.50202568943024,173.9606413271138,1.627972412510505,8.048944638888889,7.210110083333333,572.2974588881677,571.8846437926752,572.1360264268687,572.1243980145032,571.9379526314701,571.9924096125166,572.4740042614375,574.5469938658362,576.4836710598433,578.515554555375,580.7249704707008,582.5233110552575,90.42336535511444,80.83751369318412,72.49326495954611,64.78555691655062,59.81053276745225,56.822888844423574,56.927502282045246,56.98188321115811,58.592626951795665,60.314031640637126,60.977426210806264,64.47950468509211,38.548406910243195,269.9999987925817,0.4384121956566457,2.075060917229941
2022-01-04 14:00:00-07:00,884.6843,60.30045833333334,0.2542596369394038,13.5,350.07828223246736,51.20489073136963,70.87989779502949,215.08186513254512,0.0,128.3872714978526,658.9568601469706,1.0,128.3872714978526,92.29171983281148,2.52121017587256,8.1007872,4.430988016666666,629.0336659163275,626.7341610881676,624.3928092659527,619.5547134693155,617.26726700624,616.9612011242177,616.8701100880238,616.303651413535,615.7160241676971,615.5814517345195,615.0934852811678,614.5442223306969,32.849663114133755,31.456732107592256,30.40015055381492,29.232353642179113,28.99020687490693,29.2846460845756,31.55244095563443,35.18981861667637,38.31455990500924,42.72482314714544,46.68076840472729,50.831915318195975,50.0,270.0,0.366977778440511,2.214355247456318
2022-01-04 15:00:00-07:00,320.69654833333334,41.301143333333336,0.2107226916742198,14.5,105.4506178893854,55.143775325190084,78.46118744912769,227.0919893718558,4.662936703425655e-16,17.01236320595375,259.6224357446786,1.0,17.01236320595375,28.18219201140006,2.857142857142857,6.623121766666667,3.5674799466666665,249.55912905872938,248.54701113069132,246.4605539576173,245.39012931610344,244.29113510770932,243.01251188041132,242.88524593404648,242.7593247842162,242.46257463089262,242.32824743455598,242.03063295310253,241.88736480255696,9.281756029502974,8.296789516233899,7.344703764525293,6.4143216955414974,5.665164371386732,4.756759631146696,4.600324688642916,3.868622255187342,3.7597596159920137,3.670897186749747,3.6884069258820533,3.6493176946579906,34.522705913669434,270.0,0.4666336060795627,2.033241196029038
2022-01-04 16:00:00-07:00,1.7305125833333337,11.624444833333332,0.2554406276117285,15.5,11.7265131376996,80.29829587209151,86.61864399123041,236.5880121546133,3.396946234372731e-08,7.478418298769499,11.748835938385195,1.0,7.478418298769499,2.9037857062470254,2.857142857142857,5.152296583333333,2.73210225,11.083188887573888,11.057440588382232,11.076524730832123,11.050804244375662,11.050818975967468,11.070886439084521,11.044323303049497,11.044316741368865,11.065315611042763,11.065310888009718,11.039578177025765,11.039589961799658,1.647161997358959,1.6130584085008854,1.5865620177953172,1.5681734856992806,1.5564573375342925,1.5557103232347504,1.5604342358007388,1.5762406010176757,1.598212543770061,1.6253171538081648,1.6579896821755844,1.6920154375941567,7.5894075038973,269.9999954822545,0.6839634309586807,1.8659028830714903
2022-01-05 07:00:00-07:00,98.84801391666666,16.9903648,0.3730978804063702,6.5,20.959459873765994,83.41227474808511,87.69875446903542,122.20593681805497,3.6169163255184835e-08,10.89728655027992,28.297388280812733,1.0,10.89728655027992,0.033248906614000207,2.857142857142857,-6.478183416666667,1.201691033,21.58952831951351,21.598696209241705,21.598695013376513,21.59869298885116,21.604983391254446,21.604984003106637,21.604984584234654,21.604984797791367,21.60498456106639,21.610369417602026,21.61036869878417,21.610367975703735,3.5472077595312843,3.4718132969263085,3.4109188319426154,3.3628060151376,3.3377967252733276,3.331003521304828,3.342084299952002,3.369975754770668,3.418946132472936,3.476148368720702,3.5437203257848204,3.623075582551459,5.070865847888718,90.00000505099301,0.7058060942083818,1.8610567189180918
2022-01-05 08:00:00-07:00,189.5593045,96.05350333333334,0.3747635078235669,7.5,128.5824541445176,60.6400668019484,80.11896436593895,130.64813836517993,1.5237130491651785e-08,49.055573590417175,229.86771143207488,1.0,49.055573590417175,50.83396983111166,2.857142857142857,-4.192797244444445,0.5543865561666667,211.08581916057216,211.46717341515523,212.134995442538,212.43002748288615,212.769972601777,213.04156845963655,213.59531570329585,214.0706527789505,214.57737638141188,215.02629423390619,215.50322038052175,215.91407182661453,15.920532843257789,15.821055130973003,15.670439582608854,15.942341842191906,15.995270936245632,16.446756006329515,16.61633260180899,17.15924602342308,17.5127095873847,18.004724682234038,18.599876624024997,18.92668176757644,26.810368850276447,90.00000147877934,0.5244804674620444,1.9646386488752166
2022-01-05 09:00:00-07:00,364.0805066666666,132.7322,0.3544242813484896,8.5,244.20875386733798,50.02564812533932,72.17043622554482,142.33235873178944,0.0,105.70462201084423,406.0824882381573,1.0,105.70462201084423,93.17980874822881,2.7954425105730545,-2.722248227777777,1.153527604,369.1669766924397,370.54687344969807,371.8953199037656,372.4255722901494,373.80775730837235,375.1289927752504,375.6830657014353,376.8515304310612,378.0797702003123,380.79445083649205,382.0678346416821,383.31773706704826,51.926138478340675,50.444231980189784,48.7946522959283,46.73133925155447,45.2810300299163,43.41490902558407,42.4046326342576,41.91065829450956,41.68535503523032,42.0967844382635,42.35021144208494,42.79401282295352,50.0,90.0,0.366977778440511,2.214355247456318
2022-01-05 10:00:00-07:00,856.1310833333333,146.80146666666667,0.3535223793671723,9.5,492.0088134883404,56.52523440605663,66.22050254911062,155.71522658793324,0.0,271.59687386138756,660.404520478689,1.0,271.59687386138756,177.25322773095118,1.7495157739093332,-1.3887095696666667,1.8869286733333333,599.2967118024943,599.911857853956,600.6138464336215,600.8910819829011,601.5827433051602,601.9881484830764,603.2591558891583,603.2753386552098,608.6875525332067,611.0612264439916,613.5033153945776,616.4125493961425,91.11276965326758,82.33822394569256,75.32317560185129,69.94575854946565,64.95143987334612,62.86736524908692,60.08439905624213,61.16887780042365,62.34751698769781,64.75456065547017,67.7318697109646,71.0923496707745,43.0265929829019,90.0,0.40883113323888837,2.1261057736705102
2022-01-05 11:00:00-07:00,904.75085,119.27082666666666,0.3419939504599233,10.5,531.9168580347635,61.400540786953,62.86503823414298,170.60107834206224,0.0,341.3370460308917,564.6868563976169,1.0,341.3370460308917,186.14515543087617,1.240157572860442,-0.0238842622866666,2.601871535,521.1062313500305,521.348812643093,521.3064582265187,521.511960266517,522.9350882946787,524.0105410407791,525.3148242601088,525.3127534698975,526.4165491957305,527.5620049828218,527.3344938133592,528.4932861469244,99.81795132539776,92.19067148821408,84.83997276966834,79.31281801374844,76.14012057188347,73.58756349734101,73.3661395648263,74.62012747329366,76.67480263429503,80.05858272463588,84.14752894792883,88.80178174351944,17.674532292009058,90.00000120741828,0.5981952113504861,1.9043463287212294
2022-01-05 12:00:00-07:00,716.8298333333333,155.36758333333333,0.3325697174128025,11.5,485.96647287192286,61.90069283812569,62.535704458897726,186.18564261530463,0.0,315.619772897794,499.5581878489413,1.0,315.619772897794,165.5685499998167,1.155697491405677,1.1075237355555556,2.9641130616666667,467.81002964409004,466.9452430859226,467.16963422196307,467.1736169628404,466.392929131496,466.521038952107,465.6401316415988,465.7054781893864,464.91627758222205,464.9213254427486,463.9279047160593,462.97917120897563,83.32698720916318,78.50234046843777,74.52392249158895,71.39729575129358,68.94437091935445,67.80345587423497,68.01590612866907,69.80630389356477,72.31308928076909,76.35240949160823,82.22203266984927,88.40485659834756,11.711621012040206,270.0,0.6485070490126431,1.8779611969798862
2022-01-05 13:00:00-07:00,530.4321166666666,189.93715,0.3226266165926054,12.5,411.7602390971691,57.808771120068755,65.27943269938129,201.3060075541589,0.0,242.34332040362875,499.140903304443,1.0,242.34332040362875,140.95579026978083,1.6213734269448272,2.0919538033333334,2.77908261,466.4733881431158,464.7153649622843,462.62180825537604,460.7915795196735,458.94483267144096,455.90219544692286,455.34570003782295,454.14865815142116,453.70563657408695,452.49367096159625,451.93625433687413,450.7326223590117,63.370744945191575,60.899050200053765,59.59211478215887,57.8052567821444,56.03568679496299,55.18240631873412,54.166626469167944,56.419559414496966,58.79521405703732,62.245424708457016,67.11050700125398,72.4443376735901,38.281589886651574,270.0,0.4402365811287324,2.0721673815280237
2022-01-05 14:00:00-07:00,23.18051535,110.75696333333332,0.2944385132629424,13.5,118.4067554006667,51.1454505023278,70.73064321744147,215.04352730544497,0.0,74.2998928919701,121.53176228316761,1.0,74.2998928919701,42.98992015120922,2.50374177578049,-3.3695061444444443,3.5286798666666663,113.00757578605881,113.00068354676611,112.99248838979207,112.86401137651988,112.86172856826113,111.57495611295623,111.00652322835657,109.68263047448652,108.31985612330054,107.71450176485205,106.32745562354737,104.91632040828814,26.684252560512782,26.718585256287284,26.75714908974159,26.69750699817095,26.75935111372874,26.84585722882136,26.402462402744593,26.092099635262954,25.714247658245785,25.57902908152973,25.41804590309623,25.409791639514484,50.0,270.0,0.366977778440511,2.214355247456318
2022-01-05 15:00:00-07:00,1.0372096,36.935633333333335,0.4019815039461303,14.5,37.14582616202355,54.61931842151891,78.3079033102821,227.07956877675744,6.217248937900872e-16,24.8149706718742,33.813789629049616,1.0,24.8149706718742,15.234309353766497,2.857142857142857,-7.969631516666666,3.917120533333333,31.26777259034702,31.365914748473905,31.81596426712768,31.92003966904741,32.063138229689976,32.207104103044635,31.83055428535239,31.623414899916128,31.443610025469802,31.047723238279808,30.859441579202613,30.43914631694501,8.933041083748819,9.007086059616956,9.038148847587795,9.084042434956979,9.080228685772013,9.189290691675252,8.999210119474169,9.027818977019356,8.851832701254178,8.849607297324193,8.785968500533743,8.907498183193578,35.205784112790745,270.0,0.46174259725453437,2.0400561548586054
2022-01-05 16:00:00-07:00,0.8745914166666666,9.729532566666668,0.7337762368496002,15.5,9.781015499797448,80.31763022236082,86.62532592372753,236.75962884062724,0.0,6.259096679301177,9.755848672192725,1.0,6.259096679301177,7.078479918130351,2.857142857142857,-10.768276933333334,2.706729015,9.1801016630541,9.180073921692543,9.201960478618975,9.201974183672027,9.184223409753953,9.184239097664241,9.208120634065814,9.191173158140105,9.191137174012734,9.212993558022806,9.19691079512005,9.218833460821031,4.076601009971106,3.994694641216151,3.916743116637677,3.8515653170036086,3.7987078273298827,3.761966532383811,3.746206542448432,3.748020530567306,3.7759355729007726,3.820624160142787,3.8843359719196866,3.9663279045620095,7.559012035628227,270.0,0.6842263671369643,1.8658329576260642
2022-01-06 07:00:00-07:00,1.2992080666666666,13.6157896,0.99,6.5,13.664546781349154,83.84468612587716,87.84927685028958,121.88585056168084,1.8109611237939383e-08,8.729860350752134,13.732006724077717,1.0,8.729860350752134,0.023089067381356836,2.857142857142857,-16.806639833333332,0.7447768433333334,12.925247146213385,12.925244514789494,12.923324174310132,12.929086001351664,12.929086089094131,12.929087015976048,12.929088282169573,12.933404947071116,12.933405043502587,12.933404364144687,12.933403165635069,12.93340175497107,7.535059563269988,7.374981233014961,7.245382709057228,7.150780023186886,7.094170783723667,7.07359882299316,7.09697866451992,7.156232341720314,7.247881054630696,7.374230581453666,7.521276297043518,7.681519738748206,4.720170330180797,90.00000256132094,0.7088553207757943,1.8605343776053065
2022-01-06 08:00:00-07:00,38.2837305,99.61231666666666,0.99,7.5,106.20035284652067,60.54959551531537,80.09096221107964,130.4914020403404,8.749210046511502e-09,52.95837905790837,155.0299314034733,1.0,52.95837905790837,102.32843369789089,2.857142857142857,-15.540988277777778,0.9094433176666666,141.09486500947668,141.51113662380698,142.12496210204495,142.34808035847996,142.71689900309167,142.9097013283,143.00663244781657,142.92967596141634,142.99309736337682,142.9423575190438,143.022857965971,142.96724416223609,42.664077506374504,42.0449701300505,41.579913801189946,41.43606716914654,41.54812374861614,41.86109244589456,42.302365581988916,42.81979311442781,43.25560604538331,44.100575952895085,44.6103077341186,44.96371132854409,26.828223192635622,90.00000085377364,0.5243414186451687,1.9647792436737177
2022-01-06 09:00:00-07:00,87.98366066666667,198.53723333333332,0.99,8.5,225.5512520866261,49.87686050273901,72.11939409527213,142.1762501424007,0.0,121.46572950292362,321.6407512156672,1.0,121.46572950292362,205.97962095685278,2.796447861223655,-12.886366722222222,0.7259432404999999,275.8559902198687,277.4249432323209,278.9645335192064,279.28711180353775,280.9087799224902,282.4146042447335,282.78525905449897,284.1602928194151,283.8409787504631,283.99939493008543,283.82099228877075,283.63631620483847,120.28167190492098,117.41198797322612,114.70175343994275,111.22419270959261,109.24436040810716,106.36819056463769,104.98370342622715,102.4890990929466,100.32176034288325,99.40346723794681,97.78308066654849,96.35448144914704,50.0,90.0,0.366977778440511,2.214355247456318
2022-01-06 10:00:00-07:00,316.37741833333337,274.16751666666664,0.99,9.5,402.12909171470073,56.37144301267121,66.14279386082401,155.56572829300876,0.0,239.1785936778273,508.39714682260694,1.0,239.1785936778273,368.60866272538044,1.7512926099296333,-9.407388355555556,0.773532415,444.8099551088033,444.17805786067777,445.1829049826923,445.37025750788837,446.46161253820105,446.8684123478133,449.2600343400615,449.0082944086165,449.6361772287843,449.3716504433878,449.3185276899777,450.4502234688186,204.27692044554345,189.90011040026778,178.96738806163793,170.99693431764723,163.31599912002304,160.86481577069333,156.82053165613752,156.02203062396043,154.8039504971036,155.78525735486824,157.00227566383228,159.552465455835,43.08637919312428,90.00000085377364,0.4084499127946229,2.126818167898411
2022-01-06 11:00:00-07:00,460.5406165,253.99161666666663,0.99,10.5,464.7907986219543,61.261545951005296,62.759844851096275,170.4693149801851,0.0,299.86752574189575,488.940871597227,1.0,299.86752574189575,455.7374579492544,1.2424271651236156,-8.371233172222222,1.0566118725,450.0643042447965,450.0970209366462,450.5431329769797,450.0546841869211,451.04453457634406,451.4125818000658,452.2506568401291,452.6920737954441,452.6681851712856,453.3756127436483,453.3479316061676,453.70933114356376,250.4231670468552,233.31154170669765,220.7812141189852,209.28535360600793,203.59639910362247,199.17559461759407,198.6970859113406,200.91868498368146,205.91075081209922,213.3444263061974,221.07515687164945,230.4541598326283,17.82888203206426,90.00000120741828,0.5969123891357887,1.9051676822566885
2022-01-06 12:00:00-07:00,758.9846166666666,148.16154999999998,0.99,11.5,499.71873029927315,61.795436106359816,62.4065915940796,186.08357675578029,0.0,324.55367445515867,516.7273742959151,1.0,324.55367445515867,495.2992373868264,1.1522850013944395,-7.169177933333333,1.3754168016666666,481.5875796876289,480.71755229136056,480.7324438487749,480.9777491472238,480.0969692683017,480.47421493850806,479.56557323124036,479.66127968642616,478.7917588847273,479.1012917907339,478.16268722571334,477.1868406704706,248.17234352869542,234.6270436156992,222.8779300968147,212.89334962346908,206.33255537138308,203.15454602142484,203.93446983790173,209.32023432621287,218.05573934526342,232.70030603491585,249.28472641237127,268.48346484789846,11.462788449977742,270.0,0.6506342667348883,1.8770888768893474
2022-01-06 13:00:00-07:00,532.1742,249.30651666666665,0.99,12.5,473.0882233396147,57.742910518148655,65.13355000895648,201.2395513480267,0.0,281.54447317873166,590.1222490765499,1.0,281.54447317873166,441.04479522675524,1.6147840231355417,-6.628868366666667,1.4074424521666666,528.3735892086081,526.9138803322323,526.454524952138,526.0632973385187,524.5766659774758,523.8971669997527,522.6354998738267,522.9273325273278,522.0269925243088,522.4962767949042,521.2846107569069,520.7647268733665,183.4163578891475,181.14043001824683,179.24421974051072,176.76590592088687,177.00481092322266,176.9709429526895,179.67635893814088,184.68284959275823,193.95337324226415,206.23384687360817,221.7154958933352,240.88467943421284,38.01253092543531,270.0,0.442083098396617,2.069266771182704
2022-01-06 14:00:00-07:00,502.6325766666667,232.9275,0.7895086400856685,13.5,400.0834133586618,51.078945885448235,70.57571786140986,215.010363964766,0.0,192.62037406771674,640.6865799203683,1.0,192.62037406771674,291.1633029791412,2.4861900226777296,-5.839496111111112,1.36230691,579.7112093516416,578.7087129222347,577.6726649598737,575.0193721488698,574.2778650311207,572.8545280528928,572.6292928121542,570.6574383439687,568.5909865181245,568.2086801346497,566.406541153448,564.4353588273291,115.58624839190072,116.5345454412379,118.1522912431353,118.98677276723014,122.2216643071337,126.61464149714483,131.3322016764768,139.36190938230513,145.95053417381655,156.22433840811647,165.27633662899484,175.29427721455556,50.0,270.0,0.366977778440511,2.214355247456318
2022-01-06 15:00:00-07:00,634.62905,105.427195,0.6191224231595726,14.5,235.7506630271297,54.0750519053476,78.14979080782598,227.073037272286,0.0,54.18207095498375,533.7491161178075,1.0,54.18207095498375,143.30551214430363,2.857142857142857,-5.676013555555556,1.5458569766666663,505.43062837628713,503.95951910231474,502.61948835636656,501.7224239769941,500.80271532220956,499.7159157507975,499.3789486227641,498.5992124816546,498.25380694955146,497.43404990419003,497.0677865944544,496.0370952609062,34.237133098982405,33.74067213169984,32.66273890688772,31.69695647507392,30.587389271523783,29.56013544151374,28.505701518659325,28.323188178809726,27.882373905515813,27.610434565923573,27.957224863598842,28.110785151809655,35.921852340630615,270.0,0.45665936992511824,2.0473249152638906
2022-01-06 16:00:00-07:00,98.6573899,35.22523233333333,0.8701204946849945,15.5,41.304210686044335,79.86030576914774,86.46736471310615,236.7716208856599,3.1243782972745906e-08,18.40281681485743,59.562146177060264,1.0,18.40281681485743,36.07301373677994,2.857142857142857,-7.088833944444445,1.5773549116666667,46.68117259054155,46.73693671057658,46.728359734110725,46.72852563349876,46.77713676478392,46.77710843943511,46.78626986015105,46.81149518734862,46.81143262678164,46.81143942044364,46.84604673544072,46.84615310789481,13.881424737416912,13.595574133882211,13.348659607512317,13.200184122430867,13.123680625154538,13.138465918488935,13.198734978495205,13.331134145807411,13.516607224199232,13.747554622810627,14.039472772717106,14.330402925570597,7.9184472922019395,269.9999958173804,0.6811182753676461,1.8666776977118502
2022-01-07 07:00:00-07:00,185.07299228333332,19.49284895,0.8277271542171994,6.5,26.498550127508466,83.79111657505214,87.83062332593279,121.72549618778874,3.549108262328224e-08,12.498376921147775,39.475621859719794,1.0,12.498376921147775,0.033517514028426704,2.857142857142857,5.787061761111111,2.06259481,27.820851598735132,27.820852417903044,27.818553817666224,27.82680271642502,27.82680285794941,27.82680401442848,27.826805541115135,27.832985186945987,27.83298524052605,27.832984363643348,27.832982881815546,27.83298117089369,9.02032258970993,8.828684550492568,8.67356933149788,8.560378749959929,8.492673981247963,8.468181915192222,8.496188408778748,8.567116772646981,8.676781134306484,8.828118707422984,9.00471946158086,9.196364736205272,4.75308792486364,90.00000505099301,0.708569041626267,1.8605818189957017
2022-01-07 08:00:00-07:00,396.15428333333335,93.64344833333332,0.8627192013743805,7.5,162.05160787470237,60.43746794257953,80.05628844291056,130.33128795903872,7.771561172376094e-17,48.62014169051124,332.5450603251462,1.0,48.62014169051124,138.32137586083377,2.857142857142857,6.968078355555556,1.3472422183333337,303.71399396000504,304.09553790152034,304.6790322602005,304.902377183453,305.2401905640256,305.4366630736678,306.14856252319896,306.70007832888507,307.342716403298,307.8723089859929,308.4844755716511,308.96527672503635,34.331526543814356,33.85999089018293,33.49114259873268,33.76469015568974,33.857070494643665,34.52061398528026,34.87575023692132,35.7255540943188,36.41906657205118,37.21259186661728,38.10452981351687,38.73122695929406,26.867105755389183,90.0,0.5240386788324103,1.9650857259316385
2022-01-07 09:00:00-07:00,800.7702166666667,88.12085166666667,0.9254122567626832,8.5,334.7573039236817,49.721948050443736,72.06131578042088,142.01768093282118,0.0,111.18047061381534,698.4176707579894,1.0,111.18047061381534,277.2154775558542,2.7966429157720407,10.966887083333337,1.1910095811666668,621.8577236836638,622.4746283330636,623.0249897179068,622.9298044381769,623.7945078133804,624.5229707225304,624.7013809734016,624.7560350628224,626.603549924431,631.3356599782687,633.603383378338,635.8179118298929,163.56175896681094,154.69668998255068,144.39168768329583,131.97569496579166,121.9844630503019,110.03369355155813,102.22222655226622,95.84055999147182,90.78177421931335,88.5992947577242,85.92699110727122,84.21386930180316,50.0,90.0,0.366977778440511,2.214355247456318
2022-01-07 10:00:00-07:00,885.7464833333332,80.11287833333334,0.970286218088706,9.5,439.5622662534354,56.212003951697774,66.05777802604828,155.41506217076858,0.0,236.0528789879709,650.2620274274045,1.0,236.0528789879709,389.06452155367805,1.752792689057344,14.455370777777777,0.8159452348333333,578.0579763110168,575.1383859475065,574.06214828234,573.4523866533164,572.4768217378013,573.4817917651834,572.7906482693732,571.5993628264806,575.714253732885,577.066716277622,578.7260944814815,581.5800348629949,211.1329198503589,187.3603661280128,167.24839524964773,151.4589886616849,136.73772840841158,129.7198671287394,121.98366621674843,120.25345942120923,118.93748459307011,120.87079813915851,124.30834081503407,129.16885660320608,43.13673740508454,90.0,0.40812909751081117,2.127418837992528
2022-01-07 11:00:00-07:00,640.2386333333333,113.37048833333333,0.9660223793114162,10.5,407.53879446942733,61.11561353621679,62.647302631302324,170.33808810317362,0.0,258.22304538698023,440.45467696038975,1.0,258.22304538698023,392.60828988008757,1.244582362781585,14.706970333333334,0.6362328745,401.99300828363204,401.770120697059,401.8797174019313,401.66809058159,403.1518059695777,404.47610394670346,405.3494363218236,405.44054300110633,406.2492397413515,407.3434423258198,407.32541119194593,408.11122694213475,213.09180774645245,194.61960824968446,180.6434052522052,167.64728314959387,159.6014483446881,155.12927190623554,154.2150227135333,155.03727402243663,159.36002257748413,166.02071563824086,173.47216159324995,183.2105036799718,17.9751402594933,90.0,0.5956978416059674,1.905952352743359
2022-01-07 12:00:00-07:00,682.3564166666667,118.66058333333334,0.9577232021717068,11.5,436.1602733928778,61.682265426151766,62.270431944895506,185.9839404766554,0.0,283.2973182613335,451.28341373128353,1.0,283.2973182613335,418.86347250869306,1.148924287249716,15.533726111111111,0.7220743926666666,420.51976295147085,420.1631520840609,420.17414261379037,420.1836898420768,419.5583626722097,419.53431206243727,419.0389231570895,419.05855601512053,418.29658725284173,418.30357520143696,417.66318704198295,416.73753981878514,208.53658403469342,196.84014141944934,186.14615573894088,178.04172118937268,172.59786843490244,169.6987983334684,170.88796491228393,175.19789938327037,184.02212210822827,195.6254031784025,210.01317380875457,228.03460403584603,11.217220484368331,270.0,0.6527354137067163,1.8762461240395272
2022-01-07 13:00:00-07:00,800.934395,122.99906666666668,0.9156216904333592,12.5,461.7259812182811,57.66913253601757,64.9812592409072,201.1771894281066,0.0,266.96010150294757,614.3604222951171,1.0,266.96010150294757,399.53424783014253,1.6082143458457727,14.294734555555555,1.5680412133333337,554.713849784647,552.3607596133207,550.8260868936565,549.0196428136205,546.4738923658338,544.4973846023252,544.1984478550738,545.0200734690317,544.3986435938039,544.8886053034405,544.7001500942453,545.7364778714639,149.79760194549587,146.45795066492175,143.39740225762353,141.4809063207261,140.1662796048717,139.97156645301834,142.7283788648634,149.5956558901313,160.7161809266313,178.01015267656956,196.526251466351,218.1966007967883,37.74163494676511,270.0,0.443949082682888,2.066363909498563
2022-01-07 14:00:00-07:00,557.495777,106.88882833333334,0.6269465584053259,13.5,293.76217021466357,51.005392636761115,70.41521707980627,214.98245601488176,0.0,126.66730542806604,519.4779781194568,1.0,126.66730542806604,173.76276659425446,2.4685843380549195,13.267787111111112,1.3090431033333334,479.2256335174335,477.32170269533833,475.3731531824699,471.18648624077406,469.41642258055856,468.8845244147112,468.8730451729707,467.8966824199626,466.886467965547,466.74478788939894,465.96153609414824,465.0426190119242,62.39059195339019,61.92575631870512,61.990890178905,61.726876179171256,63.12161289464726,65.39657647633068,69.33065610603072,75.58740625295205,80.86054886430068,88.62974012734858,95.52184951844083,102.89843898868475,50.0,270.0,0.366977778440511,2.214355247456318
2022-01-07 15:00:00-07:00,691.5676500000001,54.55786833333333,0.618825914157388,14.5,198.4968568299023,53.51092140465743,77.98695680532009,227.0724551731014,0.0,24.242668660555516,515.6903263083658,1.0,24.242668660555516,121.06674175053104,2.8571428571428568,14.005862722222222,0.9483084956666666,489.0503938079795,487.78069237214265,486.53701127539097,485.2640996898214,483.72653398305283,482.35554876333225,482.20423513857634,481.8463739401001,481.6254809725943,481.2478332888571,481.08102537616895,480.6894703517593,19.802496665495195,18.597281184104148,17.35555966641179,16.190476603381526,15.193992390597366,14.011172727440323,12.832091256341544,12.61434074443272,12.602719607932135,12.47855503083923,12.444425948027156,12.62483875166823,36.67265244831812,270.0,0.4513788062321579,2.0550820548774205
2022-01-07 16:00:00-07:00,248.98009275,24.54706583333333,0.8372486490088046,15.5,39.89328585167186,79.85710084043872,86.46625834615882,236.9564481006887,1.2665407895255068e-08,12.479605424603557,74.30299441405735,1.0,12.479605424603557,33.913915410261176,2.857142857142857,10.508045183333332,1.3845262695,53.229199701102786,53.33677098879265,53.33117301493214,53.313933376806006,53.424740562096275,53.424722970768784,53.39354522587149,53.49979914832244,53.49975831715746,53.49976122218821,53.5662685070381,53.56633805062555,9.10823460676231,8.921717218411745,8.760712678066152,8.663829656789762,8.615820359610156,8.651461880933258,8.690907620061983,8.777327991117396,8.896810057326045,9.049246565625388,9.275438706523262,9.465562098404817,7.904032991529807,269.9999982924527,0.6812428666758568,1.8666430709398596
2022-01-08 07:00:00-07:00,0.4607173166666667,11.032350416666668,0.786003501461256,6.5,11.049991556754815,83.71917217301828,87.80557406674569,121.56129075765045,4.500406282716163e-08,7.074017321570801,11.063409091640665,1.0,7.074017321570801,0.019344546573628708,2.857142857142857,0.8082588522777777,0.9369707933333332,10.443288045555422,10.443286328680632,10.442050965460687,10.446719589626538,10.446719696275936,10.44672035279856,10.44672117714782,10.446721690804313,10.450218587119867,10.450218067217207,10.450217238215096,10.450216303615509,4.8481780777229275,4.745163024342795,4.661806335872974,4.601008559090751,4.561003880434797,4.551544296669307,4.566611015884499,4.60473564238871,4.663647543206052,4.744985517713707,4.83996682266008,4.94283605810896,4.7998240477986815,90.00000644584966,0.7081626084215406,1.8606497409279772
2022-01-08 08:00:00-07:00,16.63667828333333,44.190655,0.7921098958825403,7.5,47.07531447934008,60.30357581622935,80.0149300102315,130.16790099315008,0.0,28.082362466577543,54.64664573053896,1.0,28.082362466577543,36.61531458061686,2.857142857142857,2.2149002444444443,1.3221133433333334,49.78574691646198,49.93213826596891,50.27537504078714,50.47742681347755,50.60513708123409,50.72503328105676,50.74219835689247,50.68643115415516,50.69167956365686,50.64926368621997,50.66289467109773,50.61953896603636,18.277044090162143,18.03523532904814,17.84099327321607,17.765756837643053,17.815551954103018,17.934808468054722,18.123298418394967,18.327507976862247,18.576606059860552,18.857811387345873,19.058648034953713,19.270963872532693,26.92704340737504,90.0,0.5235722078941663,1.9655589744664659
2022-01-08 09:00:00-07:00,518.6029896666666,64.35845166666667,0.835545266994192,8.5,224.64824065212773,49.56099326101326,71.99620690529959,141.856750717537,0.0,74.1122961270004,469.5353439050857,1.0,74.1122961270004,172.2770709112706,2.7960291461064752,4.766022877777777,1.5542091283333332,418.1697211904715,418.5883393361472,418.9655649975269,418.93104495417947,419.49856035799957,419.9826053488135,420.11385770345305,420.1846797799676,422.0000408566878,426.23148702626884,428.27524818008135,430.27672520016307,99.40385818557573,94.01897112015033,87.75125328740955,80.19950428166464,74.11826295043703,66.8469490375049,62.09614769690186,58.78186964353206,56.28597893980041,55.54987994399384,54.53260732614291,54.11189853892605,50.0,90.0,0.366977778440511,2.214355247456318
2022-01-08 10:00:00-07:00,770.6933333333333,122.056555,0.8768242032483846,9.5,435.9499139883899,56.04702536132257,65.96547941706302,155.26332367842542,0.0,238.63649858911953,626.1944311688726,1.0,238.63649858911953,355.0228958713033,1.754013997673765,7.295301966666667,1.0358328015,555.0656922708583,554.2537563931328,551.8748527439155,552.0466019944012,551.6310283386084,552.7114317241309,552.4901518109849,551.6219077660512,556.3980300485036,558.1450285051684,560.1504603724127,563.2134060881574,191.05126204022713,171.08513350745224,154.43590932535002,141.49112688103858,129.39130936289234,123.84961413677688,117.63620758694678,116.69614347764666,116.18956484956671,117.15429182711537,122.48152541589593,126.77838182255329,43.177656792428024,90.0,0.4078686082848416,2.127907337429099
2022-01-08 11:00:00-07:00,86.22418248333334,220.46598333333336,0.8147850160701859,10.5,260.24322733556585,60.96284583707161,62.527454674099396,170.20749178256187,0.0,168.21194486506735,263.6561996846635,1.0,168.21194486506735,209.26194620854895,1.2466202609704156,7.482144788888888,0.7804630165,244.9676640462386,245.3081924753307,245.8463493162821,246.17090388493216,246.34716809620937,246.4871248998167,246.4248049890519,246.44820269397377,246.58169136428978,245.99419902105245,246.49595231708327,246.64541693710754,115.78991295515644,110.26467875385606,106.05440830455488,103.60227125765421,101.57499745818151,101.08856196208083,101.43412295068649,102.42989355935312,104.40499366384634,106.81001336282945,109.4942256600887,112.57531596259865,18.11315261999273,90.0,0.5945526907347141,1.9066984683600467
2022-01-08 12:00:00-07:00,1.1262854333333334,124.54636333333332,0.7738887147817862,11.5,125.0729117497627,61.56124007914148,62.12728776874398,185.8868277727621,0.0,80.83106561035916,123.31435315403537,1.0,80.83106561035916,95.35497385070124,1.1456199146552344,5.746222533333333,0.3841191745,116.47330619774077,116.47464264126504,116.56672554454917,116.5673997900705,116.62266606109355,116.62055332926509,116.68258608979852,116.73380569504266,116.80536531197365,116.80550099700903,116.93774293728026,116.93770048372284,54.98301424521644,53.84409734785418,52.811927652959774,51.84445928899145,51.06725260434297,50.51029533778968,50.24259623794437,50.189531259471934,50.54600500141287,51.1490107610032,52.243528880111896,53.44458619258389,10.975285544584468,270.0,0.6548072229461085,1.8754334598225135
2022-01-08 13:00:00-07:00,33.395180350000004,173.30375,0.7632862574881454,12.5,187.51078439697125,57.587435575098574,64.8226414341196,201.11901036309584,0.0,121.60647368191137,194.8473234322215,1.0,121.60647368191137,139.9800984311114,1.6016739750919227,6.393419088888889,0.8004196458333334,176.59813868037892,176.74835832318297,176.9293445264414,176.76200349111684,176.13241906495543,176.29066539399625,175.77379055258487,174.02322392511508,173.54611119911746,172.1669261640988,171.61123130704374,170.20897289207852,74.18004068051401,73.45203754490893,72.76030531266484,72.49596935561348,71.89583869326339,72.24430179707821,71.78723390845678,71.48810239744374,72.14113744779542,73.54451855125468,75.13088910714305,77.42723080895337,37.469298178927126,270.0,0.44583188753075814,2.0634634272546974
2022-01-08 14:00:00-07:00,18.0668711,109.25496333333334,0.7594778333518725,13.5,115.36028740099327,50.92481311803131,70.2492375385636,214.95987727141534,0.0,75.1112005907147,117.03991161753014,1.0,75.1112005907147,84.6038703951234,2.4509526603884497,7.135526433333333,0.611259759,102.69714163778661,103.26274259931951,103.83406383400667,104.70112714738715,105.29850026828588,104.14293621964852,103.78957265850346,102.63594436738832,101.42897494024315,101.03825976364273,99.82839432627388,98.59897326801227,47.372404336194414,48.03594686444,48.67277389835383,48.97159838923052,49.58607260673475,50.212914131620884,49.75801508140646,49.59171293487954,49.20080102629916,49.419499633078594,49.524102321931466,50.014399311492184,50.0,270.0,0.366977778440511,2.214355247456318
2022-01-08 15:00:00-07:00,196.52077648333332,71.65185333333334,0.7544517691034363,14.5,113.11616340616905,52.92684562831858,77.81950817165246,227.0778753674047,1.5543122344752188e-16,38.01974254815046,223.74741154591734,1.0,38.01974254815046,84.66353366172379,2.857142857142857,6.743252255555556,4.501435,209.4552693872167,208.9006721248276,208.34234661108468,207.65915764653388,206.7673693445268,206.15259786483105,205.9368418293007,205.25008928788674,205.04018907294827,204.460284397772,204.22315956685776,203.63412685662018,27.610381928850884,27.297936166336292,26.5565995437573,25.919801237581876,25.158143120573527,24.690085995619025,23.901845845242683,23.524386219037332,23.30761379271683,23.31863154976008,23.28086765353679,23.42630783322791,37.460229184757594,270.0,0.4458947046420615,2.063367147423138
2022-01-08 16:00:00-07:00,32.7077221,40.424223,0.7237970348825665,15.5,42.534693040812044,79.3763236498761,86.30041210692079,236.98147171317618,2.368390073477414e-08,21.700801624390003,53.72403254523678,1.0,21.700801624390003,30.58700852950051,2.857142857142857,5.6483057500000005,2.3335464151666665,44.94971108492204,44.94953670639458,44.95516226411334,44.95541697396371,44.903487107825676,44.95175796735536,44.95164648345074,44.90802650920932,44.95555547753339,44.949063037653765,44.90568192908101,44.95270225597697,13.579937912164603,13.270056272197678,13.05775178780221,12.915503460209841,12.823099043638624,12.82417029528061,12.894769104009619,13.02264358046121,13.208412553996556,13.435651400019783,13.697912714149567,13.974766431859797,8.28030727985198,269.99999680547154,0.6779919551542116,1.8675675108907652
2022-01-09 07:00:00-07:00,208.2240982833333,13.386414616666666,0.6111649157758623,6.5,21.473704906541855,83.62878806949738,87.77410884576531,121.39334238851366,4.3113609988495135e-08,8.583969676535997,36.46889232878695,1.0,8.583969676535997,0.024067728515032832,2.857142857142857,-8.860423783333333,0.9655551023333332,23.7023308151267,23.702334886545145,23.702333347616708,23.7068342038147,23.706834343166207,23.706835004506477,23.70683578412493,23.70683622760805,23.711079229126646,23.711078680993943,23.711077861041968,23.711076962858794,4.57512029452828,4.477903032110527,4.399269178632578,4.341950645524831,4.304342858710599,4.2954536884838275,4.309688054346106,4.345663146904246,4.401216171171176,4.480751953462822,4.56820957367804,4.66510133575599,4.860362911514983,90.00000621556596,0.7076361833157602,1.8607387081431772
2022-01-09 08:00:00-07:00,728.2584333333333,51.36480666666667,0.7011971428713185,7.5,178.2400931886785,60.14782241418172,79.96688148946005,130.0013432842923,7.771561172376095e-17,26.413665582545462,444.88342784346526,1.0,26.413665582545462,125.27110418010253,2.857142857142857,-3.852828746666667,0.372011648,409.1629881153578,409.3084941057575,409.63892267242716,409.8290595807543,409.95591996765194,410.07640910404604,411.1462882331357,412.1200951652697,413.1091157636683,414.0222679051582,414.94505794738143,415.7830627301956,15.316527859547154,15.126795986501365,14.967017889971034,15.550264093253881,15.593105526197748,16.378168827905608,16.535868025340683,17.429848363949393,18.399592983338472,18.635457680697957,19.603683658658877,20.617917300488436,27.008064633364427,90.0,0.5229420458323664,1.966200242943247
2022-01-09 09:00:00-07:00,900.5278666666667,61.063665,0.8152010324230766,8.5,340.4766795429138,49.3940809647217,71.92408012348373,141.69355503740223,0.0,104.6503587560174,728.1177144501804,1.0,104.6503587560174,247.2684753660777,2.7946109177541687,-0.9891209168333333,0.740296236,657.3911926498441,657.8231818986228,658.1920058031835,658.0711604815635,658.7419044923415,659.2922918548305,659.4376605236235,659.3299395830635,661.1267478498847,665.6463405665503,667.8480395611917,669.9987969073275,146.46006455763361,138.00796013957373,128.0875979970336,116.16499196027475,106.451333816698,94.90666910308498,87.29220970608269,81.17470483007885,76.33414296859499,74.19050244025271,71.65971081299922,70.0611537294188,50.0,90.0,0.366977778440511,2.214355247456318
2022-01-09 10:00:00-07:00,933.2381,76.92412166666666,0.8447886239598288,9.5,458.5001825937218,55.87661654470095,65.86592852963864,155.11060303871432,0.0,245.45862845576852,672.9920080280049,1.0,245.45862845576852,354.50946819180007,1.754955388421422,-0.6014627470766667,1.1676595866666666,603.6646792864702,602.3591855046704,599.7465575115782,599.5283640806484,599.8130738803441,599.6033961147807,598.9813388074731,597.9126225804131,601.8647544867125,603.4773800969502,605.1974697088665,607.9806280081483,192.00007280415167,170.17743350741694,151.69943426148708,134.87376767471378,123.70370388174847,117.24817640678452,110.11535480880268,108.86761031467576,107.57162562466777,108.14744650646591,113.20369293988375,117.45819665002833,43.20914908421314,90.0,0.40766824994550394,2.1282835486213125
2022-01-09 11:00:00-07:00,983.7918666666668,74.05442666666666,0.8488705982787724,10.5,529.8359866090285,60.803348097446204,62.40034904657921,170.077614136605,0.0,334.93842218975516,571.7508901982376,1.0,334.93842218975516,445.8692676824367,1.2485383442102116,0.0987789779055555,1.4308593366666666,526.4238107234593,526.0846400395217,526.1209818602624,526.3456889418871,527.1029416843398,528.2121310700285,528.9266645468116,528.9588828847768,529.9664326086001,530.644929808304,530.4639250289044,531.7222692713245,240.227208188927,220.56732739277473,201.55088256527134,187.9894989048887,177.75739655134686,170.88297011137573,170.65163048130444,171.49781707996854,176.84186352795786,183.97337771760695,192.7722928112201,204.1509745457312,18.242794939716216,90.00000147877934,0.5934778112900422,1.9074043574674058
2022-01-09 12:00:00-07:00,950.2145166666668,83.49938999999999,0.8478588936162712,11.5,529.9315457181724,61.432425940851864,61.977225031825014,185.79232641869356,0.0,339.4380486130979,546.1661676102967,1.0,339.4380486130979,449.8104962574036,1.1423761703676203,1.5748059635555556,1.114747856833333,507.80312365353564,507.53515293338455,508.3327235896506,509.03731151508964,508.7942065826227,509.41006666723115,509.4035737823371,509.2274307571776,510.01196691540264,509.8091170252428,510.29488083303784,510.2843221729952,236.07568705492938,217.38238001821836,199.79944415143015,187.45687100075602,179.05043498438258,173.86042976747854,173.4292445460041,176.46608385925126,183.3461544541355,192.91666492803301,204.62957225389476,218.46661964845345,10.73732664991408,269.99999692167535,0.6568466392062728,1.8746512258851986
2022-01-09 13:00:00-07:00,970.4117333333332,63.30012333333333,0.832076093848653,12.5,478.6595813714718,57.49782733647329,64.65778007604875,201.06509633626072,0.0,272.6640513643469,638.0685556622276,1.0,272.6640513643469,373.01978863155045,1.595171881097337,1.4650018466666666,1.3964565433333334,580.1140269609591,579.0299653516082,577.0974713361526,575.9977082476894,574.9112112426187,573.1014525550574,572.4166810534903,573.3946841371927,573.6345219340723,574.7877548213954,574.9529840856605,575.7660212041308,132.85804974995895,129.420391120458,126.82410437722895,124.11228520911409,124.40308224528357,124.88111847292852,126.86494318072718,136.4181618081108,147.82488287083737,163.28757653504837,182.47428862845413,204.24645174339304,37.1959072377037,270.0,0.4477288922733114,2.060569753319534
2022-01-09 14:00:00-07:00,921.47905,52.72449166666667,0.5488928984815242,13.5,366.711646716416,50.83723590712089,70.07787708906206,214.94269488005065,0.0,140.17104078987708,691.853245341515,1.0,140.17104078987708,184.04488856253164,2.433321425533488,3.33370095,1.043010625,645.0052609684875,642.8342677664268,640.6014656215935,635.9255955847154,633.9040771828536,633.8887373182021,634.1482249799257,633.5416220769744,632.9235071420219,632.9997798338853,632.7095619912294,632.2621041197292,54.207338072063024,53.660628634762425,53.81170960217189,53.63280087173093,55.51338814969313,58.54975265855053,63.888902816834864,72.20649992026192,79.37324216284452,89.78286193434353,99.21476096140586,109.16097005274067,50.0,270.0,0.366977778440511,2.214355247456318
2022-01-09 15:00:00-07:00,799.42245,39.577055,0.5609407894928012,14.5,210.5932468191485,52.322713869465154,77.6475517009889,227.08934376332118,0.0,18.834524117342053,567.2649669886829,1.0,18.834524117342053,116.11150371615814,2.857142857142857,3.3512007666666666,1.227806605,540.1935168807676,538.8404596471817,537.4151803130649,536.0026014642024,534.5593258476665,532.8727987411049,532.7501137820941,532.4506019862466,532.3309300533818,532.0200797888548,531.8870800084953,531.5712990512047,15.865117617377726,14.545888648900238,14.230743399912203,12.96225823826316,11.682743843534547,10.453540060414113,9.225310477927138,9.19907827579818,9.0472372476406,8.943449262563439,8.99525732279233,9.014148914783872,38.28699524004502,270.0,0.4401995547376305,2.0722258319351283
2022-01-09 16:00:00-07:00,253.0230112333333,17.386484,0.7887734352398434,15.5,33.749648976250384,79.35208408326976,86.2920564710885,237.17968227423458,0.0,7.762930405878677,70.77404676701349,1.0,7.762930405878677,27.133413062547774,2.857142857142857,1.9178776889444444,0.9586388213333332,50.05806516787233,50.117357969368776,49.99806643263631,50.00059742607442,50.04807399679212,49.92887558608346,49.92891904954014,49.96396938713672,49.848010502912935,49.847911205984474,49.750788263718114,49.75085771861892,5.6000185952912505,5.4920612729977965,5.3829764732549314,5.294367789781014,5.181087463892843,5.131192954413829,5.103659013911569,5.103230072917237,5.132425852561595,5.157303025509714,5.240061002106569,5.360837596939363,8.280497963917046,270.0,0.6779903084691886,1.8675679901911195
2022-01-10 07:00:00-07:00,237.73705,10.66359315,0.7566656303497623,6.5,20.054260985851137,83.5199181787453,87.73621466222474,121.22175750304768,3.275319141874762e-08,6.838479019982242,37.47431177594275,1.0,6.838479019982242,0.01976267938568002,2.857142857142857,1.3903218809666666,1.4463294433333334,23.06493346700995,23.064936922654056,23.064935402684057,23.063787189258175,23.068300159278706,23.06830086022913,23.068301624566267,23.0683020082629,23.0716818824127,23.07168127434651,23.071680424248925,23.07167952230843,4.51171966645123,4.4158098254434845,4.338271496419684,4.281792728616461,4.244682893066019,4.235959232110885,4.250020100649225,4.285507271362043,4.343117797465418,4.418074778997293,4.504256007453219,4.59960915047421,4.9346734350416055,90.00000475361048,0.706990069318473,1.8608494347761928
2022-01-10 08:00:00-07:00,766.8197666666667,33.801163333333335,0.7659282775166686,7.5,168.11581645151188,59.97011891407187,79.91214437585336,129.83171425488115,0.0,16.063511697412945,445.99530418151244,1.0,16.063511697412945,127.9083500010719,2.857142857142857,4.899992311111111,0.6665623501666667,410.81825794517647,410.9036427549635,410.9833210647943,411.21689556760305,411.29059540106135,411.361036080199,412.35024083249294,413.26636541950205,414.18346655289145,415.0405456858388,415.89409163505616,416.681443396122,10.128633310307757,9.99658281917346,9.890304436292626,10.447741169898105,10.475413154529848,11.177976837416898,11.281268158949265,12.065814711824453,12.910987819256345,13.034692986061694,13.919031022734226,14.812823530046693,27.110203052830403,90.0,0.5221482868421481,1.9670111886554766
2022-01-10 09:00:00-07:00,928.6933166666666,46.12577666666667,0.8219488249694046,8.5,335.4968368768141,49.22129804473081,71.8449544108629,141.52818550976406,0.0,100.4530282967951,724.4357754060056,1.0,100.4530282967951,243.44553377442384,2.792395319307506,8.487496061111111,1.048364405,655.9234463145012,656.2755460894945,656.5643934564715,656.414259229573,657.010580787209,657.4886275761149,657.6106570544,657.4187270046549,658.9802607086918,663.0330296554494,665.0168157376276,666.9527964685734,145.26072046175094,136.68799643716034,126.59937384691185,114.48479323190737,104.57716304752707,92.82501439807199,85.04903053329697,78.6174511027744,73.47937595038083,71.05570602186305,68.25848155095416,66.40639614793552,50.0,90.0,0.366977778440511,2.214355247456318
2022-01-10 10:00:00-07:00,997.41855,52.471086666666665,0.8482724434011106,9.5,461.9842739832624,55.70088472364187,65.75916131033341,154.95698555228162,0.0,245.61081106184747,681.5363891006432,1.0,245.61081106184747,354.6158564462972,1.7556166968711886,12.801742999999998,0.6179218941666667,615.1845669754023,613.6976511277915,612.2435312647453,611.8369420572667,610.7554808219757,610.4941243640745,609.7237861606376,608.577349906639,611.605167140272,612.6837527358095,613.9456138181372,616.2844749102823,193.70755693854395,171.12960878323585,151.925744730677,134.43819334544347,122.77850035315858,115.98196279876953,108.49447218124448,106.69171572011578,105.14942308174122,105.31723452380245,109.68613230565771,113.59492591269922,43.23124655554408,90.0,0.4075277245008749,2.1285476594797066
2022-01-10 11:00:00-07:00,1023.5086666666668,55.49716166666667,0.8205754920295427,10.5,531.8040912451687,60.63722869508356,62.26603818347315,169.94853781217853,0.0,335.88275700160807,574.1178238023258,1.0,335.88275700160807,431.5552093701667,1.2503343919861845,10.876979511111111,1.51342298,530.1600652837363,530.3237073694012,529.783926982684,529.9818494539306,530.5540521052899,531.4842672342488,532.0563117048362,532.0703605549176,532.9133200649457,533.4441272293441,533.290619677831,534.3884475071247,232.86587371343776,213.3380139273369,194.47416488862427,180.97975494946664,170.76450249709407,163.89542219982437,162.11290028305967,164.32402427456333,169.47203000416638,176.39141089271337,185.31541016177155,196.16074795469967,18.363971321612013,90.0,0.5924738483720312,1.908068546978933
2022-01-10 12:00:00-07:00,1030.6538333333333,55.157745,0.7803068223200168,11.5,541.8719478743704,61.29589749308222,61.82031291653191,185.7005185970773,0.0,347.0057467626327,556.8907164733172,1.0,347.0057467626327,422.6816471561558,1.1391966496062083,10.978386094444444,1.9631859633333333,521.1078004573503,521.1160783622033,520.5251651321864,520.7403824210768,520.298557057167,520.2769598056187,520.4493099440953,519.8637949983763,520.1967708057801,519.5893309290863,519.0071608799109,519.0168353662463,204.25007740705067,191.28991725429486,179.7638147848499,170.91765623364276,164.51875292766036,161.61533968797823,162.7019072149749,167.08029204628647,175.06095966692274,188.4849275418548,204.04056142783688,221.8129807422264,10.503661735282007,270.0,0.6588508178554027,1.873899598138513
2022-01-10 13:00:00-07:00,1013.3313666666668,52.34001333333333,0.7290689295862897,12.5,488.80173941880975,57.40032404564488,64.4867607354437,201.01552385908272,0.0,277.4932442049926,645.4679002329212,1.0,277.4932442049926,333.908653482371,1.5887164323864513,11.913020944444444,1.3459408683333334,591.2517878800006,590.3279858941618,588.594794362662,587.6223747198562,586.6526760002536,584.3652842759446,584.4043679082474,585.3348530799453,585.7419598162519,586.616552244275,585.8236183221113,586.7072832021828,117.95927212917857,113.89774424867429,111.88545121957502,110.65272925751674,109.72477355442523,110.13309956779744,113.58304926177964,120.80849762342612,131.16308989108404,145.26127165104,165.13110541851242,185.01475947384273,36.921838443179254,270.0,0.44963750814946674,2.057687108550508
2022-01-10 14:00:00-07:00,957.7526333333334,46.83042666666667,0.4664849538413603,13.5,375.952024707897,50.74269508867014,69.90123452283773,214.9309700649068,0.0,142.0023211403645,703.7815450892466,1.0,142.0023211403645,161.2611341472208,2.4157155610949084,13.772554833333334,0.649104245,660.7978785577369,658.7564276194676,656.6585396978448,652.281403009073,650.3655468599527,650.3433516419105,650.5608883750252,650.0131795997479,649.456011682055,649.5112657099255,649.2432179650671,648.8356708245392,47.31184200382143,46.70885902360626,46.72661213253269,46.46660269158902,48.020679231566454,50.599988755336916,55.32567957416034,62.67933833628477,69.02287520949487,78.21775835353148,86.55207880068065,95.32958317717772,50.0,270.0,0.366977778440511,2.214355247456318
2022-01-10 15:00:00-07:00,827.1972499999999,37.05403666666667,0.4787606590112357,14.5,216.49829107612018,51.698382996959864,77.47119397526649,227.1069000537529,7.77156117237609e-16,17.55518618206052,586.6937468498578,1.0,17.55518618206052,102.56788005305926,2.857142857142857,14.432949666666667,0.3546827071666666,560.9986733742396,559.611248273726,558.2283003616122,556.8182697480023,555.3414976832951,553.7147835269786,553.5945369271003,553.3035529746088,553.1848036463501,552.8831071778725,552.7532396660698,552.4470100734189,14.219898763354033,12.905587511830014,12.613104276684835,11.35035929374168,10.08792594039301,8.871802430889078,7.657544161528016,7.5286144106343444,7.494233357317183,7.390643372501966,7.329063566892636,7.420134842720074,39.155815432133224,270.0,0.4342842480980549,2.0817111992877257
2022-01-10 16:00:00-07:00,278.3558079,17.14000583333333,0.6791034016610522,15.5,35.98127031561347,78.8491129566536,86.11881290508522,237.21785881412563,0.0,8.09194643011364,77.35439798421613,1.0,8.09194643011364,25.09765690780467,2.857142857142857,8.812051572222222,1.1756192583333334,55.651306209274566,55.65362578162068,55.51218405770762,55.5697547741608,55.56975295900442,55.428416807424924,55.47160757205883,55.47462203337272,55.36134581551504,55.361258009111744,55.219831407451935,55.23626102297487,5.131655137938887,4.969868071774186,4.873263675489894,4.792549807673019,4.728161627180801,4.632574086971391,4.609484379820915,4.601470972688632,4.625610054889108,4.683324226123833,4.75756133721494,4.817093841260857,8.672426947625747,270.0,0.6746074502951906,1.8685762919607085
2022-01-11 07:00:00-07:00,169.08495121666667,22.771757283333333,0.6370195387027551,6.5,29.5813683518988,83.39253264284567,87.69188494620163,121.04664082889998,4.172436816265001e-08,14.60464332611834,42.184069440091136,1.0,14.60464332611834,0.043720869189346805,2.857142857142857,8.947994822222222,4.0571055000000005,31.04226537374598,31.054553179641026,31.054550443155808,31.05454581430841,31.062123505244013,31.062124860238033,31.06212620987834,31.06212677277168,31.062126323333086,31.069343042511814,31.069341434745894,31.06933978906992,8.112634225130385,7.940140125933742,7.800774245511274,7.690144742259117,7.6328507463531015,7.617255890127077,7.642584042524096,7.706400218003671,7.814619488230834,7.945513934643515,8.100261830610044,8.281338566030461,5.0227115080689515,90.00000609716339,0.7062246909509323,1.8609827850306315
2022-01-11 08:00:00-07:00,300.5006016666667,125.218965,0.6221646311236867,7.5,178.1711744296776,59.77038163625133,79.85072629216224,129.6591107153526,3.108624468950437e-16,62.20136706172154,336.6567190611497,1.0,62.20136706172154,110.6361718969271,2.857142857142857,10.369264616666667,4.036583433333333,309.8740632476662,310.72559172218257,311.0630018970958,311.52485722781955,312.27818721649135,312.689407939317,313.12382250468113,313.5251928100455,314.0187058578405,314.4106721734065,314.8799467178594,314.9251462167015,32.05447697733959,31.841150854848873,31.5125246201022,31.697253987175934,31.787870790580335,32.33803009121312,32.9284865033949,33.376011881227335,34.09123698548856,34.585368596890625,35.42185800564009,36.091874358740164,27.23350134739427,90.0,0.5211910507569031,1.9679939050627913
2022-01-11 09:00:00-07:00,497.51883333333336,240.16223333333332,0.6126367272212592,8.5,395.8941055591565,49.0427332000376,71.75885430286701,141.36073009017827,0.0,174.4389676370196,660.5239409574976,1.0,174.4389676370196,230.40219082745676,2.7893919638509788,12.4798005,3.56469455,594.5896500003529,596.7019489947783,598.7565168524758,599.3845677875115,601.5761835418917,603.6316608384357,604.3645390321791,606.0637028821719,606.776484986274,609.0339222828472,609.9747220992407,610.8891889294259,135.1476823174448,130.54336306101996,125.50341096097081,119.27451505842699,114.78419480651074,109.08816635911751,105.7627253030543,102.1770421838321,99.27367855456592,98.1275821582244,96.43033783055554,95.20271068028076,50.0,90.0,0.366977778440511,2.214355247456318
2022-01-11 10:00:00-07:00,21.305913166666667,250.9385,0.5521725309506355,9.5,259.7247513516524,55.51993538714613,65.64521846031421,154.80255203170555,0.0,167.9833859983668,262.3744011075093,1.0,167.9833859983668,142.7585528278663,1.7559986473592186,12.651101222222222,3.0218052833333333,230.52046619829753,232.87268520242054,233.6999905320634,236.09522427617475,238.38019540671655,239.31906135320355,241.49179535786914,242.2654905087906,239.83066728557128,240.43225323814931,240.1872541896559,239.53825049960045,82.09997536859191,80.31809460171084,78.47656388983557,77.7167500782491,77.89825983107868,78.79706244905994,79.42750995557869,79.22986445344615,78.71170636897492,78.26479825954809,78.3959981396864,78.08249271762061,43.24399986545219,90.0,0.40744664498532185,2.128700137450532
2022-01-11 11:00:00-07:00,12.354567,309.27055,0.523939687499045,10.5,315.04693595865245,60.46459431461187,62.12457829823466,169.82034059196602,0.0,204.50768327100576,312.01258380439464,1.0,204.50768327100576,162.3518338494544,1.252006858491378,12.641273111111111,3.8425914166666666,293.2564259742486,294.0906502057419,294.6558330573253,295.4388133902887,295.1130330070857,294.1996627873489,294.09205006149415,294.7050437276702,293.79876113377003,293.51791039992145,294.3227272714799,293.44273217921176,90.3686266456863,87.02999860585224,84.40694418037758,82.75483995208882,81.75134807759612,81.64621456416425,82.10869588814504,82.8575358840394,84.59293293974173,85.9327850413248,88.05620276290145,89.81017826617715,18.47661196894347,90.0,0.591541236989499,1.9086897577748771
2022-01-11 12:00:00-07:00,102.1110245,347.8504666666667,0.4943380610828148,11.5,396.3281505333675,61.15173126804546,61.65662337421136,185.6114816379114,0.0,255.0084898793092,397.7854907468473,1.0,255.0084898793092,195.2961300682424,1.1360851181272658,12.902225111111113,3.5195669,375.2433051944674,374.94006548835216,375.12309764822663,375.12225417321645,374.9732720738996,375.05054774423644,374.7098881309781,374.89481758580405,374.5334954949262,374.811533712341,374.4172293843134,374.60270199737795,104.7236207997043,100.95767016356879,97.4409793089832,94.50759881368872,92.37061973175304,91.15721690700201,91.09141134262087,91.79828643288973,94.05268903989439,97.1614754488992,101.25068211367915,106.61849114860748,10.274584351439284,270.0,0.6608171204130021,1.8731786017177507
2022-01-11 13:00:00-07:00,36.29226216666667,252.48071666666667,0.4482745913598844,12.5,268.2136659453045,57.29494967061077,64.30967076993309,200.97036457635457,0.0,174.50349899886797,265.8413030145049,1.0,174.50349899886797,120.93338539385402,1.582315411987655,13.002621055555554,1.9200197231666667,247.5839149205233,247.84885403013885,248.42108881111332,249.02442508370456,248.1396581530375,248.71627099547175,247.77802056903138,245.67630822979925,244.3688600071182,242.15238938187423,241.12310705480775,238.7955779416896,65.03044266512836,65.08952264272678,64.84802568254116,64.90822543538269,65.45273138371144,65.51915513543605,65.47479025758713,64.8976038880299,65.7824989171464,66.16319941575239,67.18737391026127,69.48847186619514,36.647457426407726,270.0,0.4515551826378817,2.0548195034015073
2022-01-11 14:00:00-07:00,908.7047333333334,60.90507,0.3381529062632677,13.5,375.878409094702,50.64122955387851,69.71940942259545,214.92475893975316,0.0,146.880640067013,687.8203718753696,1.0,146.880640067013,123.78034058272249,2.3981585028175827,14.373014555555557,1.3607262194999998,652.4241321544065,650.1058214076108,647.7386557762558,642.8188796893818,640.540504623874,640.3455755374865,640.4239050130424,639.8700410023821,639.2884301514255,639.2518193141569,638.8874652359667,638.4336959135613,40.65662049433127,39.362410524346274,38.52926557251785,37.52373308109264,37.80427278883936,38.857770332538195,42.15938975325798,47.31506117940907,51.74537973776271,58.22492078186255,64.11333513435625,70.29914818672653,50.0,270.0,0.366977778440511,2.214355247456318
2022-01-11 15:00:00-07:00,800.0481500000001,40.62121833333333,0.3440054044974909,14.5,216.63760952310477,51.05367447285436,77.29054133654914,227.13057851586498,0.0,19.340261807110544,579.4512631464236,1.0,19.340261807110544,77.28874125802783,2.857142857142857,12.580890277777778,1.9358193416666665,557.3376553026245,555.8702936841931,554.3722183916896,552.8153952997881,551.2572002350653,549.4940550320152,549.3490421395661,549.0128038196099,548.8654132968601,548.5155827526638,548.1611591837493,548.0018617556391,13.75791508189658,12.314097175865081,10.92039481512316,10.666320340411179,9.314393196492281,8.007560900031649,6.709183871223467,6.563536201958039,6.420744187198182,6.412857936581765,6.323697840639645,6.284761102215511,40.07011680830511,270.0,0.4281377051505362,2.091885611102712
2022-01-11 16:00:00-07:00,262.07281466666666,19.31289466666667,0.4569056403176236,15.5,37.120799935866245,78.80530774320876,86.10373695129512,237.4295636190442,2.3314683517128283e-16,8.790073315060015,77.82944505339191,1.0,8.790073315060015,17.59871387512641,2.857142857142857,9.614842388888889,1.3128981433333335,56.36832243038573,56.368306370842305,56.24130146412894,56.29112797086216,56.29112570419721,56.16419763899343,56.20076934649877,56.20297263799158,56.098709066965384,56.09864502565541,55.97165028438877,55.98289716807154,3.798782911453697,3.66820807296663,3.596449985528737,3.537462942587608,3.489945822193009,3.4107136420906716,3.3934416604182713,3.386389745209973,3.404021752846663,3.445862234189839,3.500116398923099,3.570665275678466,8.685876530693044,270.0,0.6744914245590773,1.8686117144166758
2022-01-12 07:00:00-07:00,52.98134666666667,15.469774266666668,0.464276551602194,6.5,17.650413016948193,83.24661647509713,87.64111885426114,120.86809552053649,1.4765966227514561e-15,9.92255403465231,21.669255216954962,1.0,9.92255403465231,0.030915635051778977,2.857142857142857,8.160745583333332,4.657999866666667,17.704049758272436,17.712394643226133,17.71239328826096,17.71239100496436,17.71239257326462,17.71791894340415,17.71791958756885,17.717919786271374,17.717919468039643,17.71791878633527,17.722821397274096,17.72282057453742,4.018156781974433,3.9327142562373,3.857807897179148,3.8091360721513423,3.780835171573594,3.7731651852417434,3.785735626167804,3.8219493346107702,3.871893317668589,3.936705931298544,4.01319512314605,4.102760396077041,5.124422064270201,90.0,0.7053405766339681,1.861139773001822
2022-01-12 08:00:00-07:00,380.95622333333336,63.90045666666666,0.4468724728345329,7.5,131.47558685939262,59.54852898884189,79.7826403002922,129.48362708643708,8.460942097520879e-09,30.992214199244984,292.8077725833425,1.0,30.992214199244984,61.285212030123546,2.857142857142857,9.396871194444444,3.6704473666666666,270.23052619008337,270.6719524852837,270.90180646295994,271.0874837082601,271.4788360345731,271.6849652100757,272.4227446656558,273.16670679206925,273.84981476699903,274.54890103718225,275.1087351080474,275.7775661873942,11.857258441965183,11.655235043258273,11.704292399646734,12.014191407778787,12.191640281590185,12.627307253413546,12.916314227866145,13.402577151648911,14.085054427241673,14.490543152370966,15.007534500026127,15.7151016073275,27.378015017671007,90.00000085377364,0.5200704565092682,1.9691509539587264
2022-01-12 09:00:00-07:00,492.69216666666665,147.09241666666668,0.40975491606549,8.5,302.07315282155577,48.85847685442479,71.66580925333537,141.19127343139422,0.0,125.24054932856706,528.8270554318517,1.0,125.24054932856706,128.3317003851049,2.7856127885830064,10.987566777777776,5.701103266666666,481.212777041446,482.63843457008676,484.0342005627949,484.536546465223,486.0019388297521,487.3938348917899,487.94111112967954,489.0973921338327,490.8917262251642,494.84765913326015,496.7195755283336,498.55650980538564,72.50018011424024,69.65478670323562,66.63164560237739,63.00172111272686,60.35367080002412,57.04316348966534,55.12193816005001,54.17721795273503,53.66536359278188,54.150516921092,54.41006735126245,54.97841287797234,50.0,90.0,0.366977778440511,2.214355247456318
2022-01-12 10:00:00-07:00,645.1428333333333,235.8738833333333,0.359159677802781,9.5,503.16284369872477,55.33387121142319,65.5241448752526,154.64737931289915,0.0,288.2001832810803,636.7369343393774,1.0,288.2001832810803,184.44423682998556,1.7561028470671665,12.968953166666669,5.160511383333333,578.903233326256,580.4485550039535,580.8442545801269,582.6968714635082,584.2767220243427,585.0483708700118,586.630405404373,587.0458228867769,589.5559608276317,591.9906562284383,593.9797221618626,595.5535485938449,98.63464306400459,91.45943134895785,84.92940997736073,79.7260965431805,76.65920126529977,75.36498261197733,73.77725583137061,74.4131404515757,75.04072909367869,76.24172824029901,78.94916931175128,81.37842714318555,43.24747601656954,90.00000147877934,0.4074245482030652,2.1287417044086623
2022-01-12 11:00:00-07:00,143.9725878666667,321.04094999999995,0.3009687441389769,10.5,388.68516369803706,60.28555380766189,61.97602894296899,169.69309604387058,0.0,250.37658396467017,393.2760976011945,1.0,250.37658396467017,117.96729308510412,1.2535544415069453,13.257623055555555,3.55075325,368.46246501554674,369.22320385063057,369.77998142039496,370.49141145249257,370.02147160480445,370.3459232422804,370.68029306006974,371.2004128024606,370.85912749111753,371.1321702707969,371.63083537510397,371.3132326979065,64.42624890311451,61.25312567869065,58.76997060047207,56.63784514435191,55.50728349589723,55.11766021380227,55.22205636306425,55.661730603622196,57.25519088385065,58.50190162534952,60.466350604701,62.24123211762146,18.580671005016033,90.00000120741828,0.5906802214410913,1.9092668986758428
2022-01-12 12:00:00-07:00,42.47161986666666,267.85426666666666,0.2801204590591715,11.5,288.128941355833,61.00001092735195,61.48623083177365,185.52528876139397,0.0,185.53656867116888,287.47211592854705,1.0,185.53656867116888,80.56713945292408,1.1330446828156546,12.666806444444443,2.0780229266666668,271.91618237536585,271.62258289247035,271.8392097778258,271.8383523730326,271.7460922112954,271.7452750388501,271.7803810104148,271.6789292635331,271.6800955719871,271.56342855343104,271.6013998307033,271.47480669907435,44.225234012046826,42.8009629188015,41.48484591181338,40.41525343904893,39.60554289308724,39.14774251848791,38.972957941157155,39.195326425608,39.93638797638407,40.987315607856104,42.392483892980685,44.2818872222651,10.050364570325044,270.0,0.6627431081790831,1.872488126123394
2022-01-12 13:00:00-07:00,94.18419095,235.9839333333333,0.2764045555024965,12.5,277.08441933743495,57.18173455726735,64.12659918254087,200.92968602999724,0.0,176.68154759843105,286.3233239389763,1.0,176.68154759843105,83.30698693806728,1.5759760816699975,13.4228605,4.465961461666667,258.29714048704653,260.43075244754925,262.5601468110101,263.4245711582616,265.44155237891306,266.47527219121685,267.36499279069994,268.5951530383751,268.7508244115897,269.08277673285613,269.23258031463126,269.388983085596,46.125346313841085,44.8034032212011,43.88047972618492,42.783035946726784,42.798344886147696,42.89559404056812,43.199754238603774,42.98454391981471,43.33526448968317,43.920450145674515,44.40851666468392,44.93053309404571,36.37311894758713,269.9999987925817,0.4534794024885545,2.051970738272723
2022-01-12 14:00:00-07:00,217.38663441666668,127.03277666666666,0.2364746426762916,13.5,203.04766094993036,50.53288243570991,69.53250215091187,214.9241132463882,0.0,104.95089909791473,288.98610957185696,1.0,104.95089909791473,61.286406713362254,2.3806722287208504,13.212093611111111,3.611994395,273.95125969720795,272.58052393348225,271.1864599890414,268.24260387572065,266.82763473450535,265.6280868857191,265.1145572016552,263.8186794248885,262.4795290721535,261.9123251492424,260.59610852444723,259.24377495948966,32.930824769604754,31.799743729183103,30.77055236936452,29.66862167694757,28.89923281288493,28.30792035905898,28.515102303998944,29.13930374557593,29.595382109240944,30.606645934684582,31.506422725232717,32.56481790326672,50.0,270.0,0.366977778440511,2.214355247456318
2022-01-12 15:00:00-07:00,379.7682833333334,89.10474666666667,0.2034450560600723,14.5,173.85123243621206,50.38837140453125,77.10569998214196,227.16040871485566,6.217248937900872e-16,43.847060769590506,378.5400372046872,1.0,43.847060769590506,44.51999848659767,2.857142857142857,14.760305444444445,1.0794890683333334,365.13019519127056,363.89014943581674,362.58524622621894,361.29656616091324,359.9871389027866,358.2511152609972,357.88845410722325,357.0902620828625,356.66577574119924,355.8310997449285,354.9829988026814,354.5777881694307,17.07816543680636,15.860923045112633,14.68229192401445,13.52504564244792,13.455715991994737,12.312856811093958,11.167448475486578,10.83177431329438,10.517941008000292,10.234057709651173,10.25001837700948,10.078491537501836,41.034035576464916,270.0,0.42174638224486355,2.1028231306855285
2022-01-12 16:00:00-07:00,83.49793936666667,32.3156035,0.2550068384189631,15.5,38.25122555219147,78.28136055965929,85.9235739429739,237.48096152263963,0.0,17.093698180695558,57.112941522480966,1.0,17.093698180695558,10.085423862244733,2.857142857142857,12.827551111111111,2.704504616666666,46.287048583978326,46.290115359625645,46.24417148385389,46.244117212163005,46.24408393917716,46.196176152119975,46.19623336748504,46.13833401805189,46.13834284807913,46.11837524165669,46.0752540220699,46.00140965791691,4.011741688716955,3.9308811276483087,3.8257449410408397,3.759558150615438,3.7076044895726685,3.670156346739334,3.6489124638979624,3.6214700495677286,3.6403454646437092,3.6790201089712347,3.7364968705872843,3.8204021390556093,9.092306405480265,270.0,0.6709872613354012,1.869707822057065
2022-01-13 07:00:00-07:00,108.88453933333334,9.853085416666666,0.3859149264771669,6.5,14.443226735996237,83.08216596778252,87.5839206806709,120.68622331609986,2.5646151868841047e-15,6.320678714732747,22.947188785143144,1.0,6.320678714732747,0.020586528787884608,2.857142857142857,10.193321883333333,3.8034495666666666,15.938889774714726,15.93888895588658,15.944204272603761,15.944203090701205,15.944204234853183,15.948376906500904,15.947833844617774,15.947833897107953,15.947833672476348,15.94783327214361,15.950955938808644,15.950955502378275,2.1279318534387293,2.0826738546220107,2.0430721648775245,2.017343203313374,2.0023989628025167,1.9983682521085964,2.0070284684349375,2.0246037578133897,2.0510451560135747,2.085355079223904,2.1282461160354154,2.173088536308829,5.239740906998309,90.0,0.7043383433025532,1.8613215617135126
2022-01-13 08:00:00-07:00,720.3112333333333,34.18392166666667,0.3241030673809159,7.5,162.8793942053337,59.30448043504448,79.7079043318686,129.3053556375936,1.5543122344752188e-16,16.228612490154326,426.60170398933803,1.0,16.228612490154326,56.20675071273263,2.857142857142857,12.29888188888889,3.0698173,397.12194162003783,397.2341246126519,397.4799162177214,397.5831956795355,397.6820627047605,397.7938393697442,398.8863815394848,399.8492862529633,400.75748197877414,401.689487457283,402.5733575856404,403.4351159235943,4.6625051399706345,4.587416936043671,4.6081962655015465,5.142060580881688,5.266976279777477,5.84771470291223,6.017512675090918,6.61768616511954,7.397198345986578,7.6725054727643,8.274291002554266,9.113806452136053,27.543815906509344,90.0,0.518786598214569,1.9704853971622651
2022-01-13 09:00:00-07:00,880.3992666666667,49.915545,0.2925759549140592,8.5,328.3105482100462,48.66862112929948,71.5658531109869,141.019897233238,0.0,102.64236662621606,672.2189386351158,1.0,102.64236662621606,96.81530057124534,2.781071859487324,14.818886999999998,2.263907268333333,630.5819055834122,631.0534347289421,631.5066219488953,631.6218423077014,632.1707232829933,632.6750028503898,632.8640211037888,633.1181469549251,635.2157616966733,639.6709616984064,641.8497798767542,643.9894263162003,53.81447656744134,50.61392578693194,47.05397936003677,42.86071306304394,39.513948678210376,35.522412755549695,32.95757527967596,32.03585903693362,31.594177165089015,32.127757592557494,32.554186065783995,33.33561922156896,50.0,90.0,0.366977778440511,2.214355247456318
2022-01-13 10:00:00-07:00,850.4183333333333,80.27896000000001,0.2837273381935227,9.5,434.3459041645358,55.14279653772484,65.39598919871756,154.4915407189059,0.0,233.23971768041122,603.606252833373,1.0,233.23971768041122,126.82146264496947,1.7559314789101843,14.905318722222225,1.80407897,556.3142039556272,556.3693881676531,556.1656152223821,556.5324308889856,556.6823421748649,556.8287988558717,557.0498167011193,556.9156792287101,561.8263232848076,564.3264262902877,566.9688594653143,569.3493984233552,63.2401057635234,56.55742539602265,50.70303365940853,45.570794873751616,42.21733865736699,40.354427446589625,38.28732967067496,39.461276494916206,40.75609498770805,42.611341374626434,45.7782154540101,48.84296343337427,43.24175654537042,90.00000085377364,0.4074609057239191,2.1286733138055336
2022-01-13 11:00:00-07:00,838.6846499999999,111.77907333333332,0.2761557287653765,10.5,507.83627435988353,60.10021751139112,61.82045266567289,169.5668740914657,0.0,321.3926710061039,542.3266550857322,1.0,321.3926710061039,145.47289810924784,1.2549761017607457,16.033682111111112,1.9208382733333331,503.312503859096,503.53028839649636,503.51835744682245,503.74796955259336,505.2845044459619,506.5661155888404,507.9730989745724,507.7899247246901,509.13647975051447,510.34179339579856,510.2337578751148,511.4091383769046,75.76854483269086,69.48343833560904,64.58733286196775,59.8723099189018,57.76364145956499,56.0018292656481,55.44754525172006,56.747975389322185,58.346228547906314,60.98402202951373,64.12929026578425,67.99566089463572,18.67612447444895,90.0,0.5898908729743324,1.9097990601122783
2022-01-13 12:00:00-07:00,526.3719333333333,208.8328833333333,0.2703985527873131,11.5,461.53481824490416,60.84082334036491,61.309211972414886,185.4420097161313,0.0,296.1025646523369,469.2336880266111,1.0,296.1025646523369,127.72924590669618,1.1300783096977083,15.965175277777776,2.386027129032258,439.74716314730955,440.3746333103938,440.3791061096779,441.007116957596,441.00449000349175,441.5050889656525,441.5024596362848,441.99186984510754,441.9956890564993,441.9993933148519,442.4223004449991,442.3774118682557,67.19422695985124,63.03961196669082,58.93617126005783,56.01238541762182,53.998803058986354,52.83503033238432,52.79224730276712,53.74665005785005,55.36568309931516,57.662611709771944,60.522085435488975,64.11553974643513,9.831249847635194,269.99999704244135,0.6646265360815629,1.8718279396498412
2022-01-13 13:00:00-07:00,489.2400666666666,219.67841666666664,0.2689335166592841,12.5,434.6256375293644,57.06071759302006,63.937636527246745,200.8935523107281,0.0,263.3783841676482,503.2559127698284,1.0,263.3783841676482,125.19097640348593,1.5697050428731385,17.145978555555555,0.0,460.05985903090703,460.69470335048425,462.3852292276324,463.8396547007185,464.5349345234892,465.06022101164535,466.87509832004787,468.4071914989218,469.7800982919076,471.3729782014405,472.68249333767574,474.8695302176956,65.91042290257003,61.64917780563822,58.046187171728675,54.82066198334963,53.15676912190787,52.16351834856421,51.899541603084074,53.07573134172408,54.523204692683315,55.97606541135592,57.71373390307279,59.910963641329026,36.09916670758171,269.9999985212207,0.4554076969342403,2.0491444042373788
2022-01-13 14:00:00-07:00,374.0382033333333,198.48501666666667,0.2388931561085442,13.5,330.45005969604017,50.417700646741864,69.34061386119234,214.9290809734128,0.0,167.09534219624413,476.2174723658415,1.0,167.09534219624413,94.64507210766496,2.3632772962077317,17.55667088888889,1.0263856823529411,452.2277921709472,450.67417308167654,449.0926712244672,445.7136229117095,444.1328723570448,442.3461855956119,441.5918251600324,439.6425901572746,437.6261830019066,436.78621608527556,434.81826616750226,432.7921415782499,48.46592203526604,47.29921335911734,46.29993747666036,45.172211496681854,44.60477969766877,44.336797456623174,44.84602051432361,46.081658858101235,47.02501731410864,48.91558180818307,50.606313427743224,52.54885458608755,50.0,270.0,0.366977778440511,2.214355247456318
2022-01-13 15:00:00-07:00,112.81808166666666,151.9704166666667,0.2343946720023961,14.5,177.5086080815454,49.7022146462299,76.91677605971509,227.19641609097363,1.0213844576816883e-08,76.79554357218791,285.2587215866594,1.0,76.79554357218791,48.17541088845162,2.8571428571428577,16.751206555555555,0.53781092,264.6975992487837,266.22322480104265,267.70635229658296,268.3980641030757,269.8326818575333,271.33033576193725,271.95872173991853,272.5749951818967,272.94593216045337,273.0910416623515,273.3211541880891,273.46663411771533,19.695260355560237,19.986402150147583,19.9495124354583,20.46898039808002,20.989870425654114,21.640698689862944,21.969316222203183,22.06875579552229,22.30490357542365,22.577512294865233,22.79522042579646,22.99761797963234,42.05261822189707,269.99999914622634,0.4150936002588164,2.114612848557619
2022-01-13 16:00:00-07:00,54.3780316,46.6542465,0.2450621845488653,15.5,50.53996264684389,78.21942494699013,85.90229667207653,237.70622117109363,2.2221937407098026e-08,24.077497767433336,70.0210139650241,1.0,24.077497767433336,12.468495426673336,2.857142857142857,15.275333666666668,0.4842912103333333,57.84717567124275,57.88597268984188,57.870938967197205,57.91690679689104,57.91689335612814,57.947314103633275,57.947236577512214,57.970497438539454,57.9705448324666,57.97061815445788,57.955524122742716,57.99319471748262,5.1223231711412485,5.008803300507365,4.9309907499427705,4.878644179944961,4.853111075572319,4.866251228092609,4.8949847301074625,4.945733928851079,5.016081116110825,5.123619565389786,5.218261495003498,5.3277641150564605,9.117701196718,269.99999692167535,0.6707684422824342,1.8697779595256732
2022-01-14 07:00:00-07:00,150.96017691666663,11.717466283333334,0.3513814342138077,6.5,18.248823402164142,82.89918890323412,87.52029936967529,120.50112458587397,2.4928882391970584e-08,7.5176884368551455,30.352787783448193,1.0,7.5176884368551455,0.025699898536524646,2.857142857142857,3.4800968611111114,1.1673304116666663,20.672318330158266,20.672320303031537,20.678641207397007,20.678640241797723,20.67864187117068,20.67864519328954,20.683606638287976,20.683015308610386,20.683014999625755,20.683014524588238,20.68301401056752,20.68672761956517,2.304628718771615,2.251515892788029,2.2127552834413784,2.1849423061253654,2.1688063305867575,2.1668396059598263,2.1742276305516626,2.1931451536345206,2.2217887537176675,2.258926330725298,2.3052879196244977,2.3536594829665165,5.368596313031372,90.00000372151304,0.7032186830237384,1.8615294615279399
2022-01-14 08:00:00-07:00,165.52835986666665,82.263465,0.2751275737586223,7.5,112.06908301762917,59.03815139073941,79.62654070754682,129.12438660161195,4.662936703425655e-16,42.67192932814932,200.47964397941183,1.0,42.67192932814932,34.289158285949284,2.857142857142857,4.983870461111111,0.6039181825,185.04493108749247,185.3858104627107,185.99277234439822,186.27078936311165,186.57213045003672,186.8312616939627,187.36515581492102,187.90887223579168,188.4063780875176,188.92032841929446,189.38400215553048,189.8568068638123,10.626704842904351,10.460656568836454,10.533590131212486,10.674708344690087,10.890691473401084,11.140774842524452,11.44415660099769,11.948377619406324,12.263815965864133,12.658341444976307,13.205834721417054,13.494502464198295,27.730995559982986,90.0,0.5173395234384927,1.9720008286611626
2022-01-14 09:00:00-07:00,0.2639898333333333,87.03359333333333,0.2369060988548283,8.5,87.11753755699323,48.473259747536474,71.45902366342239,140.84668044686774,0.0,58.69774606001029,73.89085356284006,1.0,58.69774606001029,27.16657451216587,2.775785183084828,5.231076238888889,1.912436941666667,63.33268822740296,64.5624933383829,65.77403886747076,66.32100941395467,67.50405664197312,68.6553771433732,69.17274228336333,70.30100855663085,69.9687644808011,69.38903284720519,69.06826819747242,68.75176879550055,17.16973166613163,17.450505869685283,17.82786535268504,18.214407253262102,18.707354654920938,19.183282082624764,19.6885210481886,19.450065061442373,19.201551605118432,18.987245586789385,18.71277367344142,18.423239391796404,50.0,90.0,0.366977778440511,2.214355247456318
2022-01-14 10:00:00-07:00,0.5174234666666666,63.304525,0.2343599444796812,9.5,63.52106076787446,54.94681009354384,65.26080341196632,154.33510636260826,0.0,43.169048829630476,53.70512031969527,1.0,43.169048829630476,18.12852215751657,1.7554876452625332,3.7877215,3.3613249666666665,47.00951720134621,47.870418353163544,48.257480276644536,49.093670918563795,49.908917160249025,50.281165551224845,51.05669630308859,51.40527911055036,50.56741453617415,50.75481614610973,50.53576909565472,50.36660326502255,11.28590294014739,11.193719784318203,11.433670318321157,11.70565851359594,12.031286707422442,12.404836328335186,12.770032874115847,12.668222703762034,12.533803473119205,12.38839542444929,12.25636169054597,12.084131120081327,43.22693595986876,90.0,0.40755513306741215,2.128496130363625
2022-01-14 11:00:00-07:00,0.4960492166666667,63.03681,0.234905646377338,10.5,63.27230183360601,59.90869354431673,61.657914668844356,169.44174141118128,0.0,41.430982446477266,60.457971337401894,1.0,41.430982446477266,14.595556131000814,1.256271352266039,2.188475872222222,2.3495880600000003,57.23864532416576,57.46221938520982,57.67531752640792,57.86342086720872,57.772634243370945,57.66857423632521,57.58929815538158,57.573393575675716,57.495925188459665,57.42382145580964,57.41052925406692,57.34382963671192,8.420678894892008,8.141806897385992,8.120493685941696,8.063973652973518,7.954447352973029,8.060246043230658,8.142622699774133,8.185247954096136,8.320576565002945,8.391365962489752,8.533806215864397,8.569001658120094,18.762968619244777,90.0,0.5891731049664228,1.9102855081533514
2022-01-14 12:00:00-07:00,0.1722996833333333,88.83014666666666,0.2415787497575089,11.5,88.9133485432195,60.674261141679004,61.12564547986472,185.361711246445,0.0,57.368863201041755,87.35956739325069,1.0,57.368863201041755,20.86050486634715,1.1271883597526335,1.0002206244444445,1.9497722866666665,82.82387124440267,82.82395942094249,83.0410240327839,82.86516432947198,82.86489848253017,83.07445528090479,82.90420036066514,83.12316308074881,82.95812285665743,83.16748670551006,83.00746934901225,83.21725294943943,12.258606693302507,12.013416641212434,11.793908824863383,11.59151596564185,11.418218563441982,11.310054402927896,11.262555546385915,11.252725731798721,11.308845789517699,11.448961446906232,11.64132626713309,11.88430300153965,9.617465671859751,270.0,0.6664653482168224,1.8711977025800626
2022-01-14 13:00:00-07:00,0.7158984833333334,63.889165000000006,0.3128479898423215,12.5,64.20587864739116,56.9319428970024,63.742874740428356,200.86202454548103,0.0,43.14479714777299,57.274615696331,1.0,43.14479714777299,21.36898632479734,1.5635084206805854,0.4629288275333333,1.4768541968333333,53.452604408636404,54.161758982040816,54.31366811019515,54.16118280755263,54.37656366490198,54.53820137384205,54.22537066331147,53.54630964963958,53.21840678795866,52.5015009992764,52.09015253599811,51.33213549561233,12.68508599822136,12.794053886743603,13.05910439222627,13.136579464620484,13.153653453725108,13.17719072036883,12.826127268731309,13.10458038186031,12.80543951956228,12.623542093933706,12.703276116592777,12.655522347995364,35.825932937893576,270.0,0.45733764258490134,2.0463438819283173
2022-01-14 14:00:00-07:00,0.6495949166666667,67.153065,0.99,13.5,67.38433571915115,50.29573446096708,69.14384640625154,214.93970683778073,0.0,46.221672084499,63.563986301489386,1.0,46.221672084499,62.864528836597174,2.345992869538725,-0.4273059549999999,0.8093492691666667,53.63529798882946,54.07988757405934,54.529590643949,55.1958550493322,55.65347912446857,54.950397583629815,54.78462434936615,54.117750464516185,53.412319370810465,53.22854554569701,52.5168710337465,51.80019454058948,36.399733129806926,36.87548034181192,37.30198808028703,37.44448403787028,37.78432508603738,38.08872036155663,37.59490493632001,37.228923917711576,36.705700289334985,36.578816731874404,36.38444517210464,36.494654489047214,50.0,270.0,0.366977778440511,2.214355247456318
2022-01-14 15:00:00-07:00,0.4654287,40.65307833333333,0.99,14.5,40.75996132799103,48.99490087690553,76.7238756354767,227.23862242809568,3.108624468950437e-16,27.64619779788972,38.696556544683496,1.0,27.64619779788972,38.17172001775062,2.857142857142857,-0.6324004272222222,0.1234230148333333,33.70471367444383,33.81773398136718,34.059048723136534,34.31241401275668,34.725652973482205,34.62187224962822,34.24359594017245,33.964804674311885,33.55274025468138,33.419951584370814,33.01876799213413,32.76888025879908,21.965715848651456,22.00405881912096,22.17832645248506,22.19829459376515,22.319909515262395,22.49031626427964,22.2172843883461,21.852553623938228,21.722962468595025,21.518200536602667,21.455610311067613,21.745505643412784,43.13210404556455,270.0,0.4081586040630471,2.1273635479708983
2022-01-14 16:00:00-07:00,0.0769464333333333,4.3926025,0.99,15.5,4.398350841995921,77.67568345733056,85.71568367409839,237.7708667213049,0.0,2.833756693102393,4.343378328827754,1.0,2.833756693102393,4.289247873739334,2.857142857142857,-1.2333087066666666,0.0970297384999999,4.094848032909641,4.094863772594857,4.107540208553193,4.0992787039530265,4.09922765178805,4.111907543854892,4.10266948795564,4.11538703327178,4.108447955710116,4.12108121745666,4.11267324781505,4.125394385091371,2.485574519555948,2.4362326709578404,2.391353637289926,2.350552665034021,2.31841561335978,2.2941967828035974,2.283204615256254,2.28102090221954,2.2920166370313817,2.3217447790905297,2.358760410514339,2.4072116908334564,9.537508684204086,270.0,0.6671533788232034,1.8709655153638274
2022-01-15 07:00:00-07:00,264.0290736333333,17.462664583333332,0.3408924844989869,6.5,28.443505775035746,83.1755787426778,87.61640882076665,120.14902338630735,0.0,11.201006007290069,48.801385221551044,1.0,11.201006007290069,0.035112341532731815,2.857142857142857,-6.753382522222222,1.5805647433333334,32.220174876882645,32.229595242262754,32.22959411940806,32.229592229600115,32.22959359616538,32.236137944533716,32.23613847444724,32.23613862790772,32.2361383526137,32.236137778738126,32.24167221281953,32.2416715304333,3.3316800328768155,3.2608575312130235,3.198910536472108,3.158578078913958,3.1351299698335415,3.12877923873863,3.139202009746253,3.170334647252181,3.211728104236771,3.265446695341233,3.32882616034879,3.403255191813622,5.1401207543323855,90.0,0.7052041289622495,1.861164283200688
2022-01-15 08:00:00-07:00,776.7487833333333,72.23632666666667,0.5984428188636144,7.5,213.27330995872632,58.74945399012798,79.53857573640737,128.94080810682541,1.0880185641326521e-15,37.85146789287296,512.1390246806735,1.0,37.85146789287296,128.00325271860936,2.857142857142857,-5.3087780166666665,1.2523799116666663,474.85667644888304,475.3903940827593,475.5991283137062,476.0954012579092,476.35971480512757,476.55430633426795,477.6234630498729,478.58335030646805,479.521322443393,480.4906407813571,481.3632579840859,482.25441960139415,18.935765994100528,18.59574912195052,18.55577710500906,18.969023322059012,19.200766449389267,20.038186442970275,20.22232398246145,21.17050100940107,21.4365202217828,22.43297408772803,23.490057198266136,24.475204501082455,27.93966846359546,90.0,0.5157292134790752,1.9737014078484125
2022-01-15 09:00:00-07:00,938.4092,101.79551166666668,0.837828848894084,8.5,401.95786030166136,48.27248781755715,71.34536223572252,140.67169927587253,0.0,136.77830768076444,824.3136352178385,1.0,136.77830768076444,301.78522511205784,2.769770527936626,0.6753855132222223,0.4877571999999999,741.669307983122,742.4192906104462,743.1251521689628,743.0589220870596,744.1012059567574,745.0049001920374,745.1973736220771,745.3359130620604,747.2705378638515,752.2647784270616,754.65713202989,756.9916653300008,182.24093515680002,171.46382762387478,159.62477144164603,145.66906149463344,134.62679328268476,121.39652816001559,112.86489600166466,105.78872322211373,100.17973003313901,97.7630136911747,94.78698518312729,92.8694818375456,50.0,90.0,0.366977778440511,2.214355247456318
2022-01-15 10:00:00-07:00,1001.0995166666668,65.51643666666666,0.8823311125815453,9.5,486.71971239505007,54.746009081434565,65.11864244270106,154.17814322928086,0.0,259.849827176351,717.2970972914121,1.0,259.849827176351,389.74377950386446,1.7547750785646157,3.749481444444444,0.5901740998333334,646.7517035580571,645.2062118685819,642.2688079930117,641.9410899229734,642.161742857728,641.8952132204143,641.1245441812977,639.8992912533481,643.3743161547034,644.6816125792765,646.1435619450262,648.7932141014757,212.4934165942028,188.0841787295514,167.3718523193399,148.5047537486681,135.95284127975364,128.66916496189776,120.63871295544274,118.8213447668385,117.0066397914942,117.23446176990828,122.38978375558276,126.71739212775002,43.20312045882531,90.0,0.40770659689628636,2.1282115127991568
2022-01-15 11:00:00-07:00,1019.1,60.55907166666667,0.8593243928068222,10.5,547.0115877790348,59.711091260912156,61.488482444665706,169.31776160346234,0.0,345.5570716895232,593.2622326183259,1.0,345.5570716895232,464.30000098580365,1.2574398874955455,3.6383873777777778,1.0636456766666669,549.8618893825768,549.4221794574163,549.3798488584289,549.1065088234676,550.2428885955712,550.7305780423526,551.8775957795999,551.4253716446248,552.36389478886,553.2279315649562,552.8761347590242,553.8169216009258,250.8841533666224,227.47595060976474,209.69290816161325,193.14165540500701,182.57487857860036,177.17522708056111,175.02848573617473,176.97419550083748,182.2867230766766,190.19131031045399,199.42331211755075,211.76582515196654,18.84121849464591,90.0,0.5885266851074806,1.9107256794085954
2022-01-15 12:00:00-07:00,1020.6948333333332,59.23625333333334,0.7795171887760662,11.5,555.0818426175823,60.50041692392601,60.935611715507854,185.28445734594894,0.0,360.62015564477423,567.7262412108269,1.0,360.62015564477423,432.9399689646698,1.1243774128188289,7.739450944444444,0.6583602981666666,532.1479752090404,532.7059472277354,532.6635331401819,533.1459137548964,532.950460437582,533.5135119484348,533.3385652644628,533.9005628840333,533.693557225756,533.5578137624734,534.1333037428999,534.1275162829056,230.57197720338928,212.60006214122433,196.92271567480657,184.63392887697105,175.02785275662646,170.79296987638952,169.93079191972188,173.07601369123827,179.83363191260418,189.4501919111341,201.63170559595835,214.9582592886655,9.409215916323285,269.9999987925817,0.6682576758152479,1.870596978966125
2022-01-15 13:00:00-07:00,983.48995,60.21342,0.6135044232513466,12.5,498.3929243775662,56.795457082043505,63.542406868596466,200.83516120449738,0.0,283.37140274802,639.2855782152423,1.0,283.37140274802,291.26804334929744,1.5573920060848443,10.74313302777778,0.5353722161666666,585.3222675565112,585.0693087083921,584.983405800871,584.211855547063,584.9504975941434,584.2265610091015,583.9420082718419,585.8969779273096,587.8770453925671,589.0905982943522,590.3190398665729,593.9742907690612,154.65013313775395,137.69632632837633,122.8817219228813,111.23098619402417,103.07739299108795,97.0659332621132,94.99863009356692,95.87345699367573,96.30032946372275,99.08985290613884,101.96223229014345,105.48131422428013,35.55373772098655,269.9999987925817,0.4592668703663251,2.0435723381749957
2022-01-15 14:00:00-07:00,933.2890666666666,61.79308833333334,0.3324813070721774,13.5,397.1312230325556,50.167037135351485,68.9423021129235,214.9560326128191,0.0,159.95535452680554,705.6205968232321,1.0,159.95535452680554,129.31766613636418,2.3288367349899515,13.116530888888889,0.433970535,669.6907876886557,667.2701881630433,664.8066137963943,659.6685533055346,657.2608223959044,657.0127153094655,657.079567595554,656.5228090985023,655.8920862715015,655.867695498459,655.4899030657548,655.0542606597352,43.01958413067908,41.473489873824626,40.37648443617482,39.10248781205373,39.143595003906206,39.94517499752953,43.21427421343486,48.291089539414266,52.7118771482996,59.345859341417025,65.51318467908033,72.03432673987821,50.0,270.0,0.366977778440511,2.214355247456318
2022-01-15 15:00:00-07:00,850.95295,44.80837333333333,0.300430429654874,14.5,243.06794044394044,48.26607201189639,76.52710451102989,227.28704620038894,0.0,21.42789292521807,651.374895741741,1.0,21.42789292521807,76.52560775144198,2.8571428571428577,11.5262265,0.7731575416666666,629.3239554326277,627.5902141330486,625.8538457749404,623.9419023620214,620.4323243524848,620.265239469303,619.8832203238417,619.4508858321634,619.2634600803804,618.8919737841101,618.4753380300128,618.2842916702253,15.456350977247695,13.782407431560923,12.159227292565301,10.340295630851363,8.794565049623223,7.45462008311347,7.270742608243389,7.070672583606594,6.898789358307576,6.764182042030788,6.644508501683193,6.702765809366661,44.28033282180347,270.0,0.40091521113024015,2.1412104296617294
2022-01-15 16:00:00-07:00,347.3361101,23.49479583333333,0.4011399522011572,15.5,49.60583354147269,77.59702248526091,85.68871499909797,238.00970064574068,3.108624468950437e-16,11.077096339708202,108.18674451305512,1.0,11.077096339708202,20.687372183645984,2.857142857142857,9.461287016666668,2.049313080333333,81.10419910243797,81.10422538954906,80.9506100100601,81.00383191243945,81.00374933064148,80.84773503930836,80.88537777159473,80.72942797261928,80.7538969130071,80.59781492341043,80.60264848779568,80.44670268870064,4.209516481957781,4.131404648742891,4.044099472920846,3.9795109946591354,3.8662972668887057,3.8278977628963857,3.7946055117083586,3.7910744420457676,3.808426754540032,3.8531796334291206,3.866360854003317,3.943085923046341,9.573567980367091,270.0,0.6668430681976524,1.8710699902750587
2022-01-16 07:00:00-07:00,232.86509435,23.18143973333333,0.4042385765347407,6.5,33.175189399486655,82.95675114278497,87.54031150038153,119.9576641780431,3.9167541608052606e-08,14.871584482836061,51.68554595331315,1.0,14.871584482836061,0.049466251784668167,2.857142857142857,7.066642483333333,3.5723391833333333,36.50908351399341,36.509088356309775,36.521593670569985,36.52159081322293,36.52159401831597,36.521601341718345,36.53007268081886,36.530072745030715,36.530072125918224,36.53007109671524,36.53006994647748,36.537416679227405,5.244024705473546,5.123084489655374,5.034844426620727,4.971483277705154,4.9347002482168465,4.924800265812164,4.946138514800405,4.989195629763812,5.054368979900487,5.138913037645134,5.2444312627162315,5.354755003378963,5.295316187651281,90.00000597641552,0.703855405655938,1.8614106111794717
2022-01-16 08:00:00-07:00,174.5176075,88.379525,0.3121928699375764,7.5,120.35041424228247,58.438293495940854,79.4440394111495,128.7547059573501,8.270836658202593e-09,45.61715237695698,216.09372247784253,1.0,45.61715237695698,40.97204484007668,2.857142857142857,9.326150483333333,3.7194518,199.54398363175585,200.2287932412438,200.52761582370633,200.87545870270284,201.48353248792608,201.75713772316834,202.34307489733226,202.86394803825272,203.41307780403793,203.90695544106057,204.41756613825083,204.67010678509774,12.620780712169903,12.632474693927914,12.530433040502958,12.84981280443874,12.894113240500891,13.368586280326335,13.492884336806112,14.033493681293033,14.424316947413661,14.790575410467735,15.39143861185184,15.957305965140257,28.1699751512503,90.00000085377364,0.5139555658082617,1.9755918941529638
2022-01-16 09:00:00-07:00,688.9158336666666,93.18176333333334,0.2985276239117629,8.5,314.912109394614,48.0664015364824,71.22491336110784,140.49502701136066,0.0,109.85244167505121,609.1115116355188,1.0,109.85244167505121,101.02376707109187,2.763047257675678,11.630863138888888,2.96551826,564.9168898004255,565.7586110628549,566.5780658256931,566.8637386736766,567.7580809264273,568.601314128727,568.9417695808412,569.5584833195774,572.0515147671161,577.2733447255697,579.8107183499322,582.3041108123745,54.44834501396459,51.71370408583621,48.70557842181382,45.13942087424614,42.369624658180804,39.019664808483476,36.94196322305399,36.68383767245313,36.85678302556692,37.92091424222973,38.87210052751741,40.14164588291263,50.0,90.0,0.366977778440511,2.214355247456318
2022-01-16 10:00:00-07:00,840.5863333333333,123.52385166666666,0.2761692164372651,9.5,479.17562942759304,54.54048968210592,64.96956381989833,154.02071506893662,0.0,260.98007631084323,652.4627469397306,1.0,260.98007631084323,139.30329558185508,1.7537980554370933,12.836302,3.9059223666666663,600.1200236153073,600.5399627531035,600.0648111561845,600.8056999891944,601.3209231630782,602.0216370833376,602.5789842576478,602.5875327854136,608.3145386591741,610.9009920624018,613.5407676074165,616.5093272762555,69.40262325211687,62.386501398522775,56.728357862017056,52.375834419771024,48.35330247049232,46.620045102993004,44.684094209033866,45.73201898893195,47.22902825091205,49.28923351527744,53.291471306013314,56.655931250465294,43.170426929921305,90.0,0.4079146202660003,2.127820999600537
2022-01-16 11:00:00-07:00,766.0192733333333,90.771815,0.2681986144754736,10.5,458.48889297594263,59.50751889851276,61.31222542034608,169.1949951636002,0.0,290.08583623274876,491.14422924284435,1.0,290.08583623274876,128.31100486982015,1.2584817477520898,12.962010666666666,5.63174515,456.74941333266753,456.7731466428331,456.8974619569534,456.9554309700013,458.43394282547104,459.68488739895434,459.7110120724016,461.0556512407459,462.17823516500715,463.34992857345543,463.3718098642567,464.38303682936686,66.47947866357642,61.18137868868319,56.655192043880206,52.49688871163926,50.54988858407657,49.17026012446476,48.66074783890728,49.899928721658604,51.274170541409575,54.07155305729357,56.43652221359815,60.417490866117625,18.9109068986192,90.0,0.587951244820287,1.9111191767950437
2022-01-16 12:00:00-07:00,967.0945333333332,123.96054333333332,0.2682663968307842,11.5,596.6626287849481,60.319388726844046,60.739192367631354,185.2103093156373,0.0,387.48773414886386,608.0589444514542,1.0,387.48773414886386,163.32410463580078,1.1216473306092796,14.076487444444444,6.4046878000000005,574.100311364789,574.4582249174648,573.6788967212376,573.6751953488747,574.0098134141739,573.2369367483617,573.239963643712,572.6745510321317,572.6762954737266,572.8684742327882,572.0890048873292,571.3687639213816,81.06795758553704,76.06856324675329,71.8268392458556,68.06222451474186,65.71612899014164,64.6655871981379,64.83892071617939,66.30826335668495,69.50212589258109,73.93077095015674,79.5123049183688,86.50828830898445,9.206682950369071,270.0,0.6700018371638818,1.8700252472445311
2022-01-16 13:00:00-07:00,964.0163166666666,92.71730833333332,0.2742297841090854,12.5,525.3220327946493,56.65131746086912,63.33632673345458,200.8130182292719,0.0,304.88919623410686,652.6293182548459,1.0,304.88919623410686,148.5708320905476,1.5513607537579093,14.457401055555556,6.598246516666666,618.8584371758561,614.2395934586845,612.1820968685713,609.7912296508055,607.574334832731,605.16448481865,604.8324697813642,604.6268616640958,604.5318975496064,604.3454255097771,603.9664739283899,603.9783730581015,61.52117971810797,58.079133388457585,55.2825592230719,53.00072846457544,50.883789977950805,49.37581924640432,50.65016551823352,51.53265078110608,54.953562661824435,60.289910081764624,66.88964918778353,74.62033768355279,35.282888101241355,270.0,0.46119307410014904,2.0408327210982824
2022-01-16 14:00:00-07:00,676.1809904999999,159.80338333333333,0.2289822435518774,13.5,405.030158121408,50.03166459873335,68.73608346804836,214.97809730350102,0.0,187.58175957059856,639.4994990730418,1.0,187.58175957059856,105.46189520060395,2.3118253088079896,13.593459888888887,5.268071416666667,610.373792910586,608.158069830554,605.9054924728487,601.176607551694,598.9193200251655,597.6156796424192,597.1161356719265,595.6239107654544,594.0560215358493,593.481402410069,592.0332920996419,590.5392763378195,47.48825590275645,45.76706236559729,44.295485030258206,42.71019516392609,41.89723500822685,41.5416007130542,42.87426082761702,45.24115323718994,47.21255634225149,50.55729288698717,53.64126709093775,57.024511233932756,50.0,270.0,0.366977778440511,2.214355247456318
2022-01-16 15:00:00-07:00,402.226385,104.51876166666666,0.2248717519217987,14.5,199.60009764575517,47.51531331050655,76.32656793192344,227.34170278689118,3.108624468950437e-16,52.31198553502746,429.18267799267574,1.0,52.31198553502746,55.62597596561163,2.857142857142857,8.453764305555556,3.4713154,414.51521810216974,413.0628744622099,411.2068406105774,409.73499000150935,407.17757159259565,406.2241320739687,405.77400214891725,404.7771635590189,403.74242368992424,403.2656731034779,402.21128888769044,401.13286200068274,22.560837687427995,21.183608094838334,19.82250874150836,18.449185926736117,17.126066284826496,15.828552295690915,15.35849665331534,14.914804814021975,14.493246438379366,14.103245088380671,13.8194043271463,13.916407649109114,45.50735152021237,270.0,0.39332981214408946,2.1563251145169176
2022-01-16 16:00:00-07:00,234.1060154333333,37.4086385,0.2426503350117017,15.5,55.79221930734572,77.03463043603459,85.4961126172449,238.08758543891815,0.0,19.010719854031738,102.89896022941534,1.0,19.010719854031738,14.21316417962418,2.857142857142857,5.949624138888889,2.8091972183333334,81.31880666096784,81.32133969567852,81.2369244470336,81.23688921948171,81.13944292366018,81.13938630974107,81.14247611887834,81.03199077673355,81.03205060570852,80.90781776114476,80.9113046582806,80.77338383054574,4.384372030677676,4.301192724724804,4.155354901619752,4.0866330087185005,4.029951377571891,3.9891521936277194,3.907209403859339,3.9015165071775355,3.9224889772865237,3.961529576775484,4.028769161640112,4.061025276512934,10.005664211699795,270.0,0.663127232965304,1.8723522756530961
2022-01-17 07:00:00-07:00,147.95078796666667,25.80847355,0.3670274718759265,6.5,32.37074362895649,82.71950735878931,87.4578454374625,119.76336067260262,0.0,13.324742205190136,47.021772168635096,1.0,13.324742205190136,12.09608715775835,2.857142857142857,8.99300585,1.4261819268333331,33.3522174336222,33.39436952825002,33.394367504666384,33.38455254232866,33.38455610234841,33.42671623433159,33.426720852261944,33.40883882383949,33.408838167075956,33.45099102619609,33.45099006031967,33.450989203758006,4.267456816785833,4.177840607079917,4.106112830793218,4.054689502473929,4.024877820806661,4.02844392955386,4.043487272658396,4.078510985769669,4.131566966276324,4.204371439127612,4.285914457849026,4.375230109264683,5.463748201635579,90.0,0.7023920334887526,1.8616862151444948
2022-01-17 08:00:00-07:00,618.8807783333334,149.34115166666666,0.2866013963037238,7.5,263.7905991407309,58.10456836920409,79.34296519911439,128.5661633225185,5.440092820663264e-16,84.6831160578607,511.2883870043539,1.0,84.6831160578607,76.01140192491081,2.857142857142857,12.004506866666668,1.3074350083333333,481.1825766886669,481.79180433961255,483.10349474838534,483.66788542784377,484.2016140571812,484.80833247539,484.8184181316833,485.40071433424043,485.4813620526548,484.9234760170841,484.9995955735793,485.00717694834725,21.749127377277738,21.717629186184215,21.55712503131897,21.896143080026423,21.669361184159285,21.827914468455152,22.37398218195778,22.328301720415244,22.97111469465089,23.326899186598006,23.270090873355613,23.54101440274551,28.42208525285649,90.0,0.5120183783001726,1.977677683908305
2022-01-17 09:00:00-07:00,601.0537166666667,180.13073333333332,0.2721291988085004,8.5,374.84508476709186,47.855097861652084,71.09772453579014,140.31673375675177,0.0,158.7508294976122,635.0855919954881,1.0,158.7508294976122,113.03401223991762,2.755636175594387,14.745456833333332,2.609504366666667,587.4786970748632,589.3779231365324,591.239290802035,592.0010829121662,593.9002253262692,595.7273276806862,596.4942634923234,598.1035326534253,599.743964675963,603.3196898430407,605.0156785812276,606.680323072636,64.63583239786449,62.32865479710286,59.99122868420704,57.20316608584448,55.2677193698398,52.796908228177024,51.49489108542222,50.880241935313215,50.630589739317685,51.19906362534454,51.59741883134571,52.2513642679119,50.0,90.0,0.366977778440511,2.214355247456318
2022-01-17 10:00:00-07:00,51.63365566666666,196.69445,0.2525768671266113,9.5,218.66787880527335,54.33034483542114,64.81362738888625,153.86288217166316,0.0,139.2596875832728,222.45418006714496,1.0,139.2596875832728,65.38284981108441,1.752561460231178,8.92842295,2.06994159,197.37295880396383,199.23993613806988,201.28348174268257,202.22155851467613,204.2141456260072,205.32131119118296,207.2223131097125,208.03923495804491,208.46313580248042,208.59391355360515,208.74215248309238,209.05404851220098,37.06760059767826,35.9046466292685,35.719095332978696,35.85527303968344,36.02409058353536,36.68980287256006,37.30460516852399,36.79417685390324,36.961624614401266,37.30967466929421,37.628564260015864,38.72765358240764,43.128982163529216,90.0,0.40817848635700776,2.1273262971476385
2022-01-17 11:00:00-07:00,189.83717833333333,289.55423333333334,0.2587062878171376,10.5,381.2144435758985,59.29808354153366,61.12921464040321,169.07349932405984,0.0,245.20784634872032,388.7725282111579,1.0,245.20784634872032,101.36626634284168,1.2593972733780343,11.631309844444443,1.0502952433333332,363.65842100633245,364.24179717187394,364.90226948015504,365.45960367796533,366.06537360124383,366.5214441684543,367.09694990326886,367.0919807069337,367.49909469733586,367.98294241763824,367.9960439871952,368.3662250099135,54.51890302778424,51.719644530329866,49.543739882852165,47.60348808080204,46.75149453725792,46.32877507563324,46.36359227102277,47.18230058274829,48.17959153013627,49.75187114744477,51.19373751374244,53.29947252661023,18.97208351139042,90.0,0.5874462867868459,1.9114657656986038
2022-01-17 12:00:00-07:00,61.499115,329.4236,0.2507120099906446,11.5,359.67313639318024,60.13127464930796,60.5364701122804,185.13932569116923,0.0,232.5524693578882,359.5493477404849,1.0,232.5524693578882,90.14466702260997,1.11900002701183,13.1528875,1.08927425,339.7769740671669,340.1236950211516,340.2344874384983,340.23619683319396,340.23599929067234,340.3650005134649,340.3639063684909,340.4449940217748,340.44532789022173,340.4465871310336,340.5438078044468,340.54366083019346,49.57981135377182,47.49339624431345,45.581658922010405,44.25953429619319,43.395243206735444,43.01930213184992,43.14676895014316,43.68583156631674,44.62873221270544,45.902497133762694,47.54155614334765,49.33292310780572,9.01002764285389,269.99999758516344,0.6716963383511299,1.8694819101121887
2022-01-17 13:00:00-07:00,111.25411166666666,285.6542,0.2527884517988419,12.5,335.946595772397,56.49958099829972,63.124728584500296,200.7956490353947,0.0,212.47405063142543,350.2244178492433,1.0,212.47405063142543,92.57854806512091,1.545419413930126,14.36606961111111,1.0041194466666663,330.91862313439105,329.5887272039797,329.9387462990669,329.4749499177283,329.17217416387103,328.8241964567362,327.65927696437495,325.5665570175796,324.5317278059463,322.31181835759287,321.2436493780104,318.8605572936084,49.55275836525545,48.79109082358009,47.909843106354664,47.26757534408664,46.54364742456977,46.057496190502555,45.99112913529951,46.157071869656036,46.16699417934654,47.48355596022505,48.6812478953222,50.709881750376276,35.013677120817235,270.0,0.4631140197804122,2.0381277550758776
2022-01-17 14:00:00-07:00,62.566308166666666,227.15955,0.2450136228690823,13.5,250.0644788803761,49.88967521145504,68.52529277279345,215.00593720942123,0.0,147.6879180795564,288.3999006448242,1.0,147.6879180795564,76.35908240684128,2.29497364508545,13.790451444444445,1.499422568333333,271.7760292516883,271.49868134321935,271.21488727084983,270.46846315320784,270.19498678955193,267.98956190235384,267.01449163641036,264.724743428816,262.3606988846205,261.3171692663078,258.94316371292985,256.5257652244925,45.07536497094161,44.885342467148035,44.742456959451985,44.464353428197704,44.4654824312633,44.581573610346666,44.118245065587935,43.98851419733095,43.71388146960758,44.02237084649379,44.27091732672792,44.77883250803991,50.0,270.0,0.366977778440511,2.214355247456318
2022-01-17 15:00:00-07:00,0.81771035,98.958085,0.239790242914102,14.5,99.15421202848464,46.742142856604254,76.12237025173408,227.4026045877537,0.0,62.01163071034323,99.4609522406565,1.0,62.01163071034323,29.471836547666314,2.857142857142857,11.946972277777778,1.358897901666667,94.19656338486809,93.79505400490459,94.1024106856162,95.27445944842842,94.9831139916501,94.45243584145152,93.2850454410204,92.73635096138472,91.50488192105561,90.27002965102446,89.00044493299262,88.4092661951477,18.724960904980314,18.933104042104226,19.16840843931506,19.384545771171688,19.583721391805042,19.730918192206456,19.215102663660016,18.639760505666786,18.16619789205904,17.694964913738247,17.303437691013645,17.478806028591524,46.82635223088654,270.0,0.3853583018775736,2.1729311004756884
2022-01-17 16:00:00-07:00,53.65638918333333,18.3322675,0.2416977980065636,15.5,22.728222015800064,76.46262128344293,85.3006107069395,238.1719104262045,2.3492116954971858e-08,9.993776949273123,35.85372502982383,1.0,9.993776949273123,5.79510379617983,2.857142857142857,9.728657111111112,1.0165879346666666,29.524901977089492,29.547246573902136,29.606203689702923,29.646745578843248,29.657224623129036,29.699620427433423,29.70432278970518,29.70439069670607,29.745284552644392,29.744359663155613,29.786785525846412,29.786751558519818,2.127639080687565,2.0917990689875445,2.060693350474152,2.0377051576388734,2.049288162417645,2.0523490607189365,2.0694613390663332,2.0913067705938566,2.1216211857243246,2.180918537510608,2.2272485238993815,2.2701176854954794,10.444695796968194,269.99999669334886,0.6593568183233594,1.8737125065525664
2022-01-18 07:00:00-07:00,12.36414735,4.2789885,0.2943482700825427,6.5,4.846538296998935,82.46388761555824,87.36903502852755,119.56620571744354,3.396018931756635e-08,2.3948574672315104,6.204799605486478,1.0,2.3948574672315104,1.4656872764549755,2.857142857142857,6.364746855555556,0.6022801093333333,4.847380701390064,4.854174156214442,4.8541738301934645,4.85268834665499,4.852689004759448,4.859707047648833,4.859707602295255,4.857029406989297,4.857028849907081,4.863888329551523,4.863888188645323,4.863888070192568,0.6155132576024105,0.6025900603797887,0.5922603454781425,0.5870658051517113,0.5827847841604498,0.5814828923611639,0.5836588069749582,0.5887078821982845,0.5963662914523571,0.6068785515389054,0.6185757620871903,0.6345258212588927,5.645324958337322,90.0000052630142,0.7008149182797241,1.8619929634360453
2022-01-18 08:00:00-07:00,0.0521696,23.22959,0.241762965171545,7.5,23.239333953540164,57.74816572670986,79.23538988205542,128.3752604155839,0.0,15.44963238407809,21.242645689630617,1.0,15.44963238407809,5.76666622539172,2.857142857142857,6.311387027777778,0.9746881076666668,19.62990505043487,19.884305422976613,19.991535765108342,20.21553954170883,20.315111889734336,20.42584285126702,20.35026351416228,20.287162189691777,20.21741676659516,20.160542181407624,20.0947320286403,20.040657340560816,3.488876741209173,3.43696951019914,3.473414057309993,3.4672018661770543,3.4348051365931926,3.360796181398979,3.4495532857040416,3.38700521377862,3.4886658215532473,3.481500802334078,3.4702088239415745,3.3989212950833627,28.696200720549207,90.0,0.509917333559093,1.9799648517765025
2022-01-18 09:00:00-07:00,0.0063685166666666,50.08507166666666,0.2408208083081295,8.5,50.08714885210616,47.63867419837398,70.96384601885408,140.1368861377406,0.0,34.41047743729388,40.27305488415282,1.0,34.41047743729388,15.828021851495375,2.747559372768791,8.582981922222222,1.9965148083333333,34.25029879416394,34.97955707635161,35.69806188728383,36.02228890463909,36.723454724429416,37.40587231757904,37.71215810092795,38.38219368875182,38.159713893986144,37.76536897309584,37.549939024819636,37.33743882768761,10.075459833519771,10.25577926912033,10.496158389370493,10.744557080530797,11.053762771115949,11.355156519458955,11.667996838048857,11.5176536988834,11.35880886605026,11.216392877953483,11.037442465208846,10.847541144648956,50.0,90.0,0.366977778440511,2.214355247456318
2022-01-18 10:00:00-07:00,0.0997163833333333,86.16167666666666,0.2395635503108493,9.5,86.20436849550876,54.11566453689745,64.65089507166542,153.70470111012798,0.0,58.505219508938794,73.37792983602833,1.0,58.505219508938794,25.043750741242498,1.7510707131223515,7.549123766666667,1.1447225866666666,64.08381231480965,65.1589901108292,66.28981432247718,66.81231967974625,67.91298977209355,68.41688529015194,69.53737803428656,70.00616835314895,69.47729738007328,69.19302620594621,68.91803835368904,68.71178579296574,15.497481619605967,15.363714497164805,15.681462063294784,16.082373415937116,16.479798946483164,16.98396818834342,17.078699803293304,16.967075961530508,16.809847552147946,16.674777448145935,16.487585056775078,16.65254984083821,43.07892217288052,90.0,0.40849744140412086,2.126729268899955
2022-01-18 11:00:00-07:00,0.6111221833333332,157.74938333333333,0.2393147508278919,10.5,158.04622526298738,59.08289025579019,60.939522487344455,168.95332785470762,0.0,103.28251057192644,152.26587560340036,1.0,103.28251057192644,37.427542119406525,1.2601871363384436,8.68752752222222,1.0888241283333333,144.0806686370259,144.55211363545888,145.0503212866648,145.487851159932,145.32519699559535,145.12629486845518,145.13063103145114,144.98668330988056,144.80707081054274,144.67963793974477,144.6829265520279,144.52735000449647,21.35078661043452,20.72958932270623,20.43735707642345,20.213481322146688,20.054721996918147,20.113046930141095,20.327501884832053,20.46897524783327,20.816802272281002,21.054945218103654,21.442111551099256,21.720003779588758,19.02481410622343,90.00000147877934,0.5870111917384607,1.9117653698257895
2022-01-18 12:00:00-07:00,4.313959633333334,260.0176166666667,0.2426589226486777,11.5,262.15320471778045,59.936176748378884,60.327528304372066,185.07156212771068,0.0,169.173060167199,259.5213691518931,1.0,169.173060167199,62.34256477933897,1.1164367707181417,11.2219808,1.804642325,246.03592255509767,246.0357682396574,246.0780552215596,246.077410600942,246.07737363128345,246.49647484089024,246.15057871623648,246.15111313616183,246.20900261780181,246.20811559734824,246.2735273287801,246.30119080267113,35.541220962833854,34.63178880493684,33.773342098041375,33.0409632523204,32.47165269024584,32.11150602418689,32.00503640253581,32.13795761016959,32.50646527718033,33.119737649007035,34.05156474906438,35.10018816980967,8.819389416423961,270.0,0.6733398734746202,1.8689663040894815
2022-01-18 13:00:00-07:00,5.83920035,237.46733333333333,0.2412054119335289,12.5,240.1266520975531,56.340311841961345,62.90770677690708,200.78310448046122,0.0,157.41355903199226,227.7315780146505,1.0,157.41355903199226,63.1892904096687,1.5395720759798421,11.937546333333334,2.317445386666667,214.40277532647673,214.79284320855328,216.44446552012386,216.85815791088987,216.17793957547065,216.4478942754106,215.46130809231,214.49927270902202,212.27843842532172,211.2570545900981,208.74516829796755,206.3366586510101,36.11109284078064,36.180134448690495,36.88218991345298,36.830748760365296,36.8332714046528,36.72746409931495,35.794355917307385,36.71871324948646,36.214729092840294,35.89239716456765,36.53973408406119,36.821444832207995,34.7463829402725,270.0,0.46502755439161725,2.03545993716952
2022-01-18 14:00:00-07:00,0.4307921166666666,130.79728166666666,0.237998734781152,13.5,130.95649557107012,49.74112956673124,68.31003181863574,215.03958595444252,0.0,87.25083964687043,114.87967478627424,1.0,87.25083964687043,40.610271513389975,2.2782954510764974,10.226065566666668,1.1061632445,107.0595280316029,107.47465213022244,107.89523261027776,108.64340755430251,109.08004095607194,107.45489049117401,106.71432770523361,105.05395723797236,103.34689188084909,102.56177354235274,100.81771787615185,99.04665036692597,27.088256810782898,27.465423373898908,27.825317427746413,28.09686911925219,28.431291896747602,28.76083651086634,28.065524433894446,27.429441714450235,26.762597076226022,26.282440998749184,25.812911013967664,25.493797690214457,50.0,270.0,0.366977778440511,2.214355247456318
2022-01-18 15:00:00-07:00,0.0240783666666666,95.77227,0.2399852979101247,14.5,95.77812989468225,45.94600285089036,75.91461461457449,227.46976110662501,0.0,60.650133386165216,93.45782576762011,1.0,60.650133386165216,29.048524499403083,2.857142857142857,10.02078001111111,0.3824468763333333,87.9716295446977,88.28089587177818,87.89073624666116,89.07726997790986,89.40086905165539,88.25001938737591,87.7199662866404,86.53603421869747,85.31260125546548,84.7527575118167,83.50188630072476,82.33225682372026,19.038981474931404,18.86132891934435,19.106511857021125,19.290540458412018,19.501745087404398,19.699917008620414,19.158360920669416,18.632991274932603,18.11276288522086,17.642242416137503,17.70783636971414,17.407005059813553,48.255192303997816,270.0,0.376941141970243,2.1913288036848857
2022-01-18 16:00:00-07:00,0.17735985,26.141394833333333,0.2360170097364752,15.5,26.15653724728628,75.88117426403984,85.10230812187918,238.26266073754346,2.006181178679964e-08,16.602888211212598,26.449794363893147,1.0,16.602888211212598,5.964697923975098,2.857142857142857,8.722149788888888,0.7897634645,24.945658431088646,24.942025502568196,24.919941168123326,24.971205206236448,24.899645172531685,24.94972525455786,24.87830532412929,24.878428426881484,24.862290985963256,24.86225969140903,24.845334210503612,24.84525627330199,3.3538652515362917,3.2873210725255206,3.2208915305448227,3.18946431239795,3.1739102013248925,3.180193140338634,3.1925438598227838,3.225267405137104,3.273220616451813,3.3316422467238724,3.389196108163065,3.449723481790479,10.890497610139318,269.99999716835316,0.6555337077442963,1.8751527968521025
2022-01-19 07:00:00-07:00,0.2290069833333333,1.9514738,0.99,6.5,1.9623656762118684,82.18994076848628,87.27390821435615,119.36628945342477,0.0,1.2526775410966637,1.9644076508591664,1.0,1.2526775410966637,1.924601556184532,2.857142857142857,-4.569934505555556,2.031378043333333,1.8486932653759796,1.851393824556359,1.8473262766988567,1.847326263568258,1.8502129780615892,1.8465394339677932,1.8465401483607442,1.8465396972332273,1.846538485367027,1.8459174400493148,1.8456417402734326,1.8456415459472635,1.077631640599568,1.054886726963353,1.0363684278876855,1.0220516513797444,1.014973976495536,1.013421513521946,1.0172635678848116,1.0261528007444831,1.040190866718645,1.0578383446742867,1.0777827926916355,1.1013557724703715,5.839952015682596,90.0,0.6991250014383417,1.8623328561449757
2022-01-19 08:00:00-07:00,0.2106871666666666,17.734919166666668,0.2314633633657616,7.5,17.77468204321993,57.36896250597844,79.1213534019486,128.1820742557827,8.548717289613699e-16,11.800643946669993,16.26281822735241,1.0,11.800643946669993,4.235392312884834,2.857142857142857,-4.499482638888889,1.6264363233333334,15.080309657435029,15.26448747323757,15.346762914629384,15.429709144132323,15.60322231425225,15.679190388585504,15.619317948053068,15.569011195344256,15.514012784864837,15.468349586194023,15.416282340784885,15.372967958995748,2.5707051978149504,2.5327143270594523,2.5615921973282405,2.557390929838023,2.5307013682341615,2.5526037898244267,2.5385680241670237,2.5283700947946794,2.561247932352452,2.5558838672196673,2.5436763609965136,2.5211929278826264,28.992559477799425,90.0,0.5076519816824918,1.9824601992203927
2022-01-19 09:00:00-07:00,0.299673,31.151091666666662,0.2331888349984054,8.5,31.2495288748011,47.41722816495839,70.82333065047555,139.95554710027062,0.0,21.42926522965581,25.13809477345094,1.0,21.42926522965581,9.595803513124464,2.7388400733216858,-4.68603145,1.7174328383333333,21.474363764266872,21.929167163382242,22.377233824382508,22.580049972553116,23.017282657116404,23.442910156674294,23.634556013466483,24.0521650523403,23.901979100660746,23.63281799478823,23.487579924318172,23.344336083477565,6.170860203371149,6.283666914799036,6.4327012363108755,6.586929165781811,6.777736998160571,6.964201214584393,7.157656653645134,7.05338565772755,6.9438626468962,6.8437842537678755,6.72186008063422,6.593178279408191,50.0,90.0,0.366977778440511,2.214355247456318
2022-01-19 10:00:00-07:00,0.4216333333333333,47.11968,0.2362967762172544,9.5,47.3013211572917,53.896535648232096,64.48143065870812,153.54622458009158,0.0,32.13298930159636,40.00766004317177,1.0,32.13298930159636,13.4812374313128,1.7493317272523115,-4.813448355555555,2.2135477166666666,34.97786374448021,35.61957202012233,36.243691652242376,36.532502289156,37.1397442300908,37.4181633035432,38.03579907738203,38.29497528388925,37.95687066322581,37.77776125943489,37.604176979715156,37.46830334391877,8.442644727738319,8.373259449609964,8.551636512617268,8.774711844346925,8.996038848928405,9.274249107655836,9.327580474318989,9.247539713879842,9.142269756380095,9.04784609791511,8.92463833796855,8.790214361928232,43.02039147111926,90.0,0.40887069779425145,2.1260319239005234
2022-01-19 11:00:00-07:00,0.6905972333333333,48.812133333333335,0.2426961089607803,10.5,49.149645083655706,58.862043815264336,60.743222453016195,168.8345309649253,0.0,32.19512995870361,46.91815692923935,1.0,32.19512995870361,11.701344007439257,1.2608521529706556,-5.381871955555556,2.3726722716666666,44.500647754885584,44.65729017389482,44.822443000637946,44.96757827607412,44.893079816879414,44.80843377320076,44.809703048000614,44.74336994389499,44.66701628367844,44.43112640185386,44.60942527612828,44.54291300268515,6.744809069543387,6.567357391790883,6.484065988927144,6.453553362006256,6.408543564910548,6.440175059094671,6.513847798601181,6.547524927888099,6.655334702700517,6.7101559859298,6.82433126763044,6.883959844465458,19.069179618674013,90.00000120741828,0.5866452262725294,1.9120180655931978
2022-01-19 12:00:00-07:00,0.6833562,49.27554666666666,0.2531972619251758,11.5,49.616062614041155,59.73419545677545,60.11245074112739,185.0070713733145,0.0,31.96815951602321,48.83849472271533,1.0,31.96815951602321,12.197314722537453,1.1139590313287875,-6.0566409000000005,2.322505108333333,46.40295802383636,46.47988145751898,46.36848925668515,46.454463324843964,46.34303430953126,46.33859388631833,46.42777008153502,46.31624761719403,46.31624386289269,46.40884156966092,46.29747812403397,46.29406627976193,6.962742916578359,6.8113854500575695,6.699458117912677,6.61405847822913,6.576815104987997,6.571533063610483,6.60728689796773,6.6662431932568476,6.760758061908157,6.884329801873272,7.012287435201734,7.150827742474787,8.634886581852124,269.99999730013064,0.6749313223369532,1.8684777093118607
2022-01-19 13:00:00-07:00,0.6974919166666667,37.032808333333335,0.2614068017896804,12.5,37.35287109777562,56.17357747074219,62.685355538484394,200.77543289535177,0.0,25.035070827165356,33.359881096170504,1.0,25.035070827165356,10.493857368326154,1.5338223872497898,-6.439122011111111,1.85452593,31.22418441901671,31.33888416595269,31.737112379497553,31.858221870843003,31.957289875481475,32.08097865068779,31.700403289557727,31.522541968877487,31.305536507485055,30.898201158050835,30.468691592731755,30.26544736111968,6.286623257124705,6.337080998765678,6.392145980068184,6.43583481987473,6.572434951755658,6.583078140122707,6.411319025302077,6.4517634250966704,6.419466072519218,6.2952725635433096,6.334675832438811,6.300736207675807,34.48126823801319,270.0,0.46693161283718576,2.032831536854113
2022-01-19 14:00:00-07:00,0.5947224999999999,28.494541666666667,0.2696672610055132,13.5,28.716458329858348,49.58609031998615,68.0904016664777,215.0790745616412,0.0,19.66312346657416,23.389024301136306,1.0,19.66312346657416,9.665200054166805,2.2618031188225984,-7.130304088888889,1.9124256083333333,21.61522475217989,21.7496883471532,21.8860013228266,22.135294275244846,22.27613668460922,21.898281198557783,21.728187691719338,21.344041051005163,20.9489723409978,20.768758494080227,20.364242105359654,19.95374812782263,6.487940699954161,6.610289227563636,6.72582890129795,6.816494927909208,6.919742536172793,7.01790532956383,6.840315046505957,6.671866449456338,6.4962863851361385,6.36153804587622,6.229898499490508,6.136290776060685,50.0,270.0,0.366977778440511,2.214355247456318
2022-01-19 15:00:00-07:00,0.6789135333333333,28.643101666666663,0.2828913706524111,14.5,28.810753567928607,45.12624936982301,75.70340275555688,227.5431790671097,0.0,19.6733969448529,23.677514670970673,1.0,19.6733969448529,9.976475402464025,2.857142857142857,-7.320848672222223,1.60537532,22.034840022316637,21.96534889301273,22.107001105741638,22.36569731799626,22.478982421505428,22.099803511199543,21.929624021928117,21.580094026120985,21.184481912898423,21.005277373954026,20.600361755731956,20.189498481193123,6.659457501292523,6.7868699737370495,6.9069038971206504,7.000241566008633,7.106750486094997,7.053363331634314,6.8755199517148045,6.706388006893499,6.674404061012795,6.536516336947266,6.401769701209195,6.3313149091713266,49.819009831430115,270.0,0.36799493038972453,2.2119386203556255
2022-01-19 16:00:00-07:00,0.7136353999999999,11.3546885,0.3086025349951018,15.5,11.418110469226729,75.29045699846773,84.90130161920867,238.35981867407563,0.0,7.3456961638382525,11.26702798600168,1.0,7.3456961638382525,3.407750406975995,2.857142857142857,-7.374623877777778,1.686453205,10.640220469309357,10.677572633164772,10.677626738838887,10.649348578506808,10.686656086161419,10.688402042747864,10.698427056103887,10.698479561541877,10.709770332259172,10.686981246645782,10.72417638885733,10.737662616398259,1.9929057998462625,1.9538895830939116,1.9232934453166826,1.8913344453165295,1.8638126383343767,1.848100269732063,1.83672462923471,1.8338842179122876,1.8399315984843536,1.8609310009426758,1.8953049442557521,1.9331285177397124,11.342915007758377,270.0,0.6516597111929212,1.8766752389170631
2022-01-20 07:00:00-07:00,1.6382334,14.863155216666666,0.4627369426301655,6.5,14.939167937771828,82.38192068673618,87.34056677423024,118.9995264263265,3.529847203167406e-08,9.51509042924076,14.96250119242751,1.0,9.51509042924076,6.814373043675233,2.857142857142857,-9.77919345,0.0933731966666666,14.067983122096145,14.06127695678675,14.061274888864025,14.061274212612048,14.081518670370679,14.056972985812127,14.056976319059753,14.056975687555854,14.078141900421372,14.052605997039128,14.052605116984616,14.052604384035078,3.8258885346311695,3.7451634910754232,3.680652645816779,3.6324185115482717,3.602748634894522,3.597168642682569,3.610765414928166,3.642301228946899,3.692456844793897,3.755271462513804,3.82827217860386,3.9097601774614787,5.675188485503211,90.0000055985682,0.7005555805134208,1.8620443707976408
2022-01-20 08:00:00-07:00,479.1025816666667,71.23598333333332,0.4749797819356752,7.5,162.64568887951722,56.96682206785394,79.00089869348125,127.9866786555503,0.0,36.2450180967871,370.1375350997556,1.0,36.2450180967871,80.87963152714889,2.857142857142857,-7.191673922222222,0.0959226389999999,343.53688926339714,343.781059609647,344.29113633355684,344.5785569770301,344.7846907717788,345.0015953409279,346.1923670556058,347.48263881259277,348.57678557942995,349.5826012049163,350.5208130389124,351.4863818577112,14.642857618731592,14.532815033636473,14.474012865667717,14.580362113039188,15.208863415275411,15.471170832554918,16.192044310166867,17.17638873612401,17.649574310715142,18.444046284480603,19.46449919532016,20.535046932593442,29.311439697919063,90.0,0.5052217201560568,1.9851713123854833
2022-01-20 09:00:00-07:00,883.6222333333334,58.149546666666666,0.4461802789917166,8.5,350.54531572499343,47.19085754925529,70.67623369050071,139.77277594675778,0.0,112.03327475296162,718.3765858846698,1.0,112.03327475296162,147.1349703784139,2.7295024722288237,-4.890779077777777,0.0981331424999999,668.1717335740708,668.6241250493043,669.0485729887895,669.0780379376041,669.6686567187501,670.1987485932963,670.3279847493305,670.4518239428904,672.5272537077474,677.1523398038454,679.4149025547771,681.6323060695729,87.35959379731577,81.54417372143351,75.357924811125,68.17124838994309,62.49435918129547,55.7169183137646,51.377507144524415,48.68737758859667,46.7791377731096,46.490796492637735,45.98796006310583,46.046736701096606,50.0,90.0,0.366977778440511,2.214355247456318
2022-01-20 10:00:00-07:00,942.6569833333334,70.31871166666666,0.2964844468554722,9.5,479.0319071764602,53.67304091860245,64.30529966455578,153.38750148495294,0.0,256.31347576482983,664.1232200706984,1.0,256.31347576482983,142.21090618759672,1.7473509126066338,-3.499217,0.0982655441666666,616.7505242120999,616.7293158329663,616.8128026739749,616.8156459701999,616.8891550773021,617.3193025684121,617.2173105740493,617.3944533577278,622.1514737764547,624.251109601486,626.4048973398998,628.940995742539,72.2511988787717,64.27303745600751,57.63617598902309,52.43940601113468,47.6148350904282,45.1881802772186,43.383286974666824,43.570672893197234,44.52426895083977,46.56168494265812,49.19362439060005,52.19351875520014,42.953542206937314,90.00000147877934,0.4092974379823025,2.125236403462943
2022-01-20 11:00:00-07:00,979.4699666666668,70.61071166666667,0.2350257988369281,10.5,552.3237433361105,58.635645075720824,60.54038902315303,168.71715543794164,0.0,349.07148756928893,590.7304153511811,1.0,349.07148756928893,133.8429804314532,1.2613935717519933,-0.5780397333722221,0.5589743453333332,554.4539367420695,554.4471801427177,554.5469310268363,554.5868868990136,555.8631044242621,556.9131890305181,556.9471292346449,558.1093799574383,559.054339432149,560.2583323267826,560.098272518216,560.9484735048761,69.97227025923038,64.08356938320051,58.569587287316246,54.66822524177072,52.36596113480433,50.50148560795209,50.27815082515599,51.43029358365183,52.86366501265727,55.66177574277581,58.18626345552089,62.27335665967183,19.105274934084434,90.0000020913098,0.5863475528583906,1.9122240742952248
2022-01-20 12:00:00-07:00,991.6907166666666,65.80482166666667,0.252260591043367,11.5,563.2783112360926,59.525435316383046,59.8913215868901,184.94590345137183,0.0,365.8923375938011,572.3495540253423,1.0,365.8923375938011,144.3130233138222,1.1115675079940963,0.7119988752111112,1.6732470916666666,542.8785545032887,542.8767634681343,542.3625926012369,542.3610842719116,542.5937123058835,542.0451450754027,542.0467557723982,542.2240097917896,541.7227500615172,541.8366887576868,541.2867381275366,541.3489470414659,70.90891167080207,66.34648709131594,62.53690790803556,59.39007802613627,57.195374079804544,56.33239296397392,56.62098316879465,58.19950689300787,61.440576788264764,65.5885634395416,70.60373543996856,76.505038011206,8.45661716337702,270.0,0.6764697438058854,1.868015359953485
2022-01-20 13:00:00-07:00,975.1391,61.34430333333333,0.2643726039261743,12.5,512.2508442699669,55.99944910962641,62.457768941649405,200.77268028675687,0.0,300.59816228902434,630.0496122758718,1.0,300.59816228902434,137.25435062680572,1.5281735356028356,3.1570997277777777,1.1522128516666668,599.5060016525064,597.722690702358,596.1467602397339,592.6647306598345,590.6178821331679,588.7442571103952,588.8488689460149,588.4899882180241,588.4883718701146,588.3664943972084,588.4714273742378,588.2495298734427,55.99074219432781,53.29408975102477,50.5640468547603,48.62000805874636,46.90642017892006,46.10341835371048,46.99376691677814,48.21260816039521,51.729963518469,56.691909365462756,63.0999338287668,70.50438116126084,34.218580144135316,270.0,0.4688242210694475,2.0302446013875386
2022-01-20 14:00:00-07:00,928.0357166666668,54.27621333333333,0.2227797036386635,13.5,403.92840997932734,49.424622062820625,67.86650266215614,215.12443164858547,0.0,168.06177792865736,694.1743027934558,1.0,168.06177792865736,93.08972553823888,2.2455077847489906,4.379592422222222,1.5683633133333332,665.9526378568588,663.6600727240302,661.3280970010971,656.4923640442943,654.1676186535283,653.913198567005,653.9237636489967,653.4954360397987,653.0012967846772,652.9794660537915,652.6755762211816,652.3431744766066,33.153722879472795,31.33927073337891,29.812049833917776,28.2086335563401,27.48201522765848,27.284256425227063,29.426864932263943,32.74636720544016,35.635342112293976,40.160701951867175,44.42942267086288,49.02624558686086,50.0,270.0,0.366977778440511,2.214355247456318
2022-01-20 15:00:00-07:00,735.2006666666667,53.10068666666667,0.1687520208293867,14.5,237.31893068409448,44.85408136890847,75.48883505317986,227.62286259821502,0.0,25.991335821409265,619.3028999509704,1.0,25.991335821409265,49.898385989070334,2.857142857142857,2.937693461111111,1.8551319216666668,603.3876000013438,601.4042789802958,599.3786193740656,595.2171540694168,593.106048270232,592.629340156718,592.403271603838,591.9167470614948,591.4193411745946,591.1799282869638,590.6642581772436,590.1453618443836,16.66896944685301,14.763755862110296,12.885658138529545,11.023428458055605,9.192643633396038,7.388854172731061,7.1506375330204675,6.907573522853969,6.670638480967106,6.446059115323507,6.230849948842618,6.053618099804379,50.0,270.0,0.366977778440511,2.214355247456318
2022-01-20 16:00:00-07:00,342.08725483333336,27.684327666666668,0.1697403330509841,15.5,59.29688540431814,74.69062599481506,84.6976859506806,238.46336389701003,3.108624468950437e-16,12.948931267398814,133.33909923920953,1.0,12.948931267398814,11.339231239130946,2.857142857142857,0.5918017366833334,1.099241191666667,107.713743242745,107.4957027194932,107.55567836506464,107.55572281903878,107.37994463965786,107.37989203000322,107.18247370526139,107.18249293176865,106.96736643212738,106.96740386911097,106.72979229852365,106.47420347687881,2.5511218243755085,2.4086579983903627,2.337007494574066,2.304131791610261,2.191311482243888,2.134949224183433,2.1219340345435436,2.117738536236711,2.05740455147387,2.0391569752537877,2.069391937576568,2.1060720947716343,11.801803901877916,270.0,0.6477365647860605,1.878281907225568
2022-01-21 07:00:00-07:00,0.2728886,11.92007865,0.2612497047163652,6.5,11.933251055666934,82.07278256846394,87.23324226432027,118.79420328631583,1.4124798087042296e-08,7.65214164811718,11.832807941714464,1.0,7.65214164811718,3.0392000032332693,2.857142857142857,-3.3479653833333334,1.0873232533333337,11.209910033743402,11.225622298857298,11.204616259812115,11.204616343116399,11.204618724262067,11.20083711752375,11.200838136215882,11.200837264879477,11.200835217590399,11.197864529197203,11.197862257457219,11.197420019532174,1.7363544437699034,1.6978900007070923,1.6686351373547863,1.6458986320601887,1.6345008960303906,1.6320085051980608,1.6382083281718094,1.6532738761121692,1.6756011917636533,1.7040207671926333,1.7343944364311348,1.7728762875326642,5.894883586610892,90.00000225887273,0.6986481444263997,1.8624308647970365
2022-01-21 08:00:00-07:00,0.2442742833333333,38.54881666666667,0.2636012557370727,7.5,38.59595330255761,56.54159234903427,78.87407150933245,127.78914456918005,0.0,25.67653846209272,35.3064847993511,1.0,25.67653846209272,10.51301431773306,2.857142857142857,-2.2108253833333333,0.7305666063333333,32.492432206092104,32.899779979305826,33.10392239469314,33.285879748567964,33.64975321123122,33.84022926293376,33.7212405711608,33.6074321826108,33.520373856981784,33.41538006291985,33.33147684693064,33.23129617062434,6.2058659398546325,6.211084390220791,6.170145484353211,6.266752637634269,6.117226882907744,6.272645527878947,6.256425944444755,6.158110981459156,6.330357068072174,6.335611405312409,6.236598802977924,6.202485968585562,29.653164851434017,90.0,0.5026257701736547,1.9881066313897016
2022-01-21 09:00:00-07:00,0.3183411666666667,58.07443,0.2508392680575055,8.5,58.18057602470311,46.95966057537247,70.5226127022723,139.58862874832835,0.0,39.92959889907773,47.07376183638451,1.0,39.92959889907773,18.907790473563672,2.719571564689751,-0.6071582170000001,1.548203777,39.98704347907302,40.829613803857676,41.65981909415779,42.03283980751643,42.84316455321455,43.6315880498031,43.98389248991532,44.75850148163235,44.50813167362322,44.06788226575069,43.82533235867119,43.58605519903541,11.96162055399038,12.165629926741955,12.441818513707583,12.726229019698188,13.085023065255331,13.432869714219962,13.79571232753105,13.627334066973297,13.449101123775,13.292359779613465,13.090654371722193,12.876092404004902,50.0,90.0,0.366977778440511,2.214355247456318
2022-01-21 10:00:00-07:00,0.4358562166666667,53.5275,0.2382016921536118,9.5,53.7177283173481,53.44526439090528,64.12256929441146,153.22857739972028,0.0,36.4868502176425,45.5113299085079,1.0,36.4868502176425,15.403526707369506,1.74513485906175,-1.002031039,1.2674661876666666,39.720176000267536,40.44868107654221,41.15718228352653,41.485297605093486,42.174352391537454,42.845761994867445,43.14736470537856,43.48640699466344,43.1124792359917,42.913715814841865,42.72132420905791,42.88646646830685,9.452844390343843,9.555559798591297,9.758325505289333,10.011975747668552,10.263412634268155,10.337063824834484,10.662371573626723,10.55583141185137,10.440918130109168,10.338599481350705,10.203338208347825,10.055325964355823,42.878533095706345,90.0,0.40977681965664176,2.124344965341712
2022-01-21 11:00:00-07:00,0.40863635,100.07108,0.2267880441111663,10.5,100.27334973767073,58.40379548196259,60.33109774511384,168.60124512848859,0.0,65.66950413177288,95.89381999032993,1.0,65.66950413177288,22.474031095582504,1.2618126801949823,-0.0096594638888888,0.7061796971666666,90.8608633036132,91.17979993889149,91.51416008707332,91.80947741882764,91.68561373908639,91.56797643110242,91.54410757185738,91.43394659649336,91.30382520688501,90.85485485884219,91.20872049646503,91.09544325756717,12.90661692357307,12.570065707586252,12.405352993958958,12.341815695416788,12.261936791969578,12.320478964207878,12.56200758664083,12.534394184521021,12.741619509059895,12.859483162765015,13.080848972800652,13.211231356766083,19.133207270129482,90.0,0.5861172430550539,1.9123837513891764
2022-01-21 12:00:00-07:00,0.57422145,123.76016666666666,0.2936484459885697,11.5,124.0501867501036,59.30999897981885,59.66422555165232,184.88810615195453,0.0,79.86557155385134,122.41800442009254,1.0,79.86557155385134,35.62008505879925,1.1092631318116315,-0.4509022854444444,0.7733985161666667,116.15443684805535,115.93272479750448,116.18408477680671,116.19376906613962,115.97828171249456,116.23001950313386,116.23019511462974,116.02087502879908,116.28500153139554,116.28459378623535,116.3330908177835,116.33336980430808,20.68798419761784,20.247801948529464,19.83502688148751,19.4784011696339,19.212887643500924,19.012900283218073,18.911993269396298,18.92334622422191,19.08888888002272,19.346169804396222,19.6987456955781,20.20046120999262,8.284660373087451,270.0,0.6779543634680262,1.8675784554858397
2022-01-21 13:00:00-07:00,0.5416798333333334,128.23535,0.2494334699102416,12.5,128.48777279621888,55.81800155490345,62.22504118403193,200.77489076695724,0.0,85.64730671745455,116.96063979918611,1.0,85.64730671745455,34.84460844253898,1.5226282867312966,0.1292060720999999,0.2884097541666666,110.11585654486015,110.33467622461193,110.63327721821054,111.096431827369,111.41108169481353,111.72647396948638,111.05923991092507,110.4775752041571,109.15464153463529,108.53475955819351,107.13849506625537,105.59753334236275,20.544322607959437,21.02681889121002,21.12360385186139,21.14786232428121,21.1702539456752,21.138891980494666,20.957490364289523,21.05204773684144,20.576128328614153,20.67738833079629,20.475725415193576,20.814630028494317,33.95855087169436,270.0,0.47070349414012214,2.027700968124794
2022-01-21 14:00:00-07:00,0.2293575166666666,83.18031,0.4166722423402698,13.5,83.26756908841847,49.25679127664077,67.63843479809263,215.1756837731132,0.0,56.90025071506905,70.82450316607105,1.0,56.90025071506905,38.45553347497729,2.2294194235589933,0.0205877059077777,0.4818899536666666,64.16725617504456,64.52844914013944,64.8942792568679,65.51138825626077,65.88739894516686,64.84498618086074,64.41381196981051,63.365580330562196,62.28240251680734,61.823567662608546,60.71782499512714,59.59709487262199,24.30515561538145,24.649971979481062,24.968538988997366,25.15986214991939,25.432777445511654,25.687741238705907,25.16381430106518,24.69613603654852,24.171626935136032,23.8447424849609,23.507508771966425,23.334505542026477,50.0,270.0,0.366977778440511,2.214355247456318
2022-01-21 15:00:00-07:00,0.2400009,47.37876833333333,0.6354516635366223,14.5,47.43978791544748,44.644918636705036,75.27101095288343,227.70881351028845,0.0,32.551807391588575,41.60993728991236,1.0,32.551807391588575,30.36197467020221,2.857142857142857,-0.1320929780777777,0.5431740166666666,36.62067536052649,36.88908930167267,37.16082623180156,37.60168426710767,37.879745419912766,37.31828536548614,37.119342759281515,36.56601539815382,35.990009483607665,35.77639827523383,35.190114599212436,34.5971981223134,18.332928054506027,18.601887724454595,18.847190241406985,18.970569605819456,19.173588079839945,19.35895869149558,19.03278996415852,18.75795155943296,18.421637120261938,18.258271303806147,18.073761121175682,18.029118621391227,50.0,270.0,0.366977778440511,2.214355247456318
2022-01-21 16:00:00-07:00,0.3208734833333333,18.030093833333336,0.8957903564423865,15.5,18.060895273963368,74.08182919495434,84.49155433591157,238.57327365718953,1.3211653993039344e-15,11.681965413734972,17.778934226319603,1.0,11.681965413734972,15.881881503371618,2.857142857142857,-0.1801418883333333,0.5201714799999999,16.77112179749173,16.783806499516,16.792319953334353,16.74562731297133,16.80744529651571,16.761923561922263,16.83289447780601,16.788886465742927,16.850928629323906,16.87067505662429,16.841240439373045,16.902348264845532,9.230078896776826,9.063637794902396,8.903272025183199,8.75319901103848,8.623300241937697,8.5411324913943,8.474840029534896,8.467754791478303,8.489670792933453,8.59766165245997,8.722633853313635,8.92256103671846,12.267029933173554,270.0,0.6437659381884311,1.8799748590769858
2022-01-22 07:00:00-07:00,264.70988946666665,12.1537304,0.3607415668629691,6.5,25.455252816549297,81.74553063853118,87.11970645007955,118.5863668347376,0.0,5.527472456412996,52.85253472871913,1.0,5.527472456412996,9.578891888431967,2.857142857142857,-5.282034033333334,1.7019045633333334,33.20098896407721,33.20098481090436,33.25404173649541,33.25404241887447,33.25341918148348,33.340566488357474,33.29653641850805,33.29653497027054,33.296532588902096,33.38367496787923,33.33034587379501,33.33034423709059,1.7707788121990322,1.734500180918706,1.7028281629847664,1.6827027316079204,1.6713821280066106,1.668946626595004,1.6752256282403908,1.690163086904593,1.7372102165754923,1.765745920037394,1.8003622001740012,1.836610851561624,6.127279555930089,90.0,0.6966312592318583,1.8628556199546835
2022-01-22 08:00:00-07:00,751.9114333333333,37.721898333333336,0.3904304495805176,7.5,184.52940712988897,56.09310354601489,78.74092025117533,127.58954084325694,5.440092820663264e-16,17.887645422803978,486.27941576237015,1.0,17.887645422803978,74.88013042076419,2.857142857142857,-2.779657745555556,2.09762844,457.2219880594524,457.3494766082975,457.6124228863245,457.7320706988157,457.86648947015493,458.1105945233201,459.27070262331273,460.42098336306356,461.5174808854993,462.5978470491331,463.6202918182123,464.6255206451447,6.137155311778537,6.035860020929632,6.063153111306887,6.051898369726256,6.843051525651562,6.89417533330581,7.760878858352427,8.667242577828068,8.754184971316974,9.724746558052152,10.703037992931694,11.72346210470798,30.018109615849927,90.0,0.4998631491161878,1.9912755328259513
2022-01-22 09:00:00-07:00,916.0481333333332,52.95888833333333,0.5558190902568135,8.5,360.8130052495669,46.72373651843702,70.36252749643786,139.40315917163298,0.0,115.40967899734297,741.196972223591,1.0,115.40967899734297,183.4760027466568,2.7090729692838407,1.103912183222222,1.261252694666667,684.6581955010661,685.1109979951295,685.528569864898,685.5044005099372,686.1382799021684,686.6885285305453,686.7609463734433,686.7976194484806,688.7523232968912,693.3548975155488,695.5827554586682,697.7627416960252,110.92329127780734,102.61291145373364,94.14763422628691,84.48487454773495,77.05616584606598,68.22835262004301,62.68954122565914,58.781254167988635,55.942523569110875,55.14280642411864,54.07086962913158,53.69131637980306,50.0,90.0,0.366977778440511,2.214355247456318
2022-01-22 10:00:00-07:00,957.9646333333332,67.37099166666667,0.6998380388060387,9.5,488.3169684960629,53.21328206721168,63.93330853679472,153.0694954570522,0.0,260.7922184893464,702.5586551889972,1.0,260.7922184893464,314.89110235687326,1.7426907973449584,3.782605872222222,1.01750237,640.7036168271384,639.695453991709,638.9958208915208,638.8344747063605,637.7912549868441,637.9504592760185,637.3123618645885,636.7149950416356,641.3439609219117,642.790615869102,644.398011540348,646.323301103475,171.61738062234576,150.02589734523556,133.66149554634188,120.7468511348812,110.4143074274717,102.76544325535947,98.09167912509787,95.53341625036663,96.04715703580501,96.48579204973056,99.62148797037531,103.58170023793316,42.795528137533395,90.0,0.41030798224368104,2.123359965348177
2022-01-22 11:00:00-07:00,1005.2718166666668,62.03275166666666,0.7362851453711982,10.5,562.9137879210324,58.16659229747039,60.1154254988311,168.48684185617824,0.0,355.6005272084663,610.0683678600058,1.0,355.6005272084663,410.0364032611165,1.2621112237039442,5.717205855555556,0.8798867983333333,570.1695133677123,569.7839825881882,569.7557490511588,569.5521616549141,570.6935626380895,571.7044329079849,571.3735535663994,572.4427256353888,572.9713615378696,574.0715445806899,573.9745262181497,574.4953296282863,221.33829309938395,200.88130523060968,183.06014810010683,170.47100274553432,161.39845828421304,155.35694115358197,154.80679824580636,156.51629870804777,161.0600324279512,168.131329402335,176.20652577629247,187.3043358324333,19.15309415793272,90.0,0.5859532939220905,1.9124975729753282
2022-01-22 12:00:00-07:00,1009.6228333333332,58.842288333333336,0.5210509653546553,11.5,572.3080939672922,59.08799143232611,59.43124834546726,184.83372585631665,0.0,366.4136084588507,581.5471613621389,1.0,366.4136084588507,299.38002718996563,1.1070464278261016,4.902830866666666,1.732607205,550.8759489392535,550.8709993167798,551.270789651034,551.1766505119901,551.5299621201527,551.5269182014734,551.5236536186288,551.817908196522,551.8143429198365,551.735312075567,551.9877350934744,551.9914124985481,155.42591272481624,143.0185009961101,131.4981497080724,123.31491091986592,117.5678706867983,114.11579797368773,113.93277034553238,116.20620156640398,120.84975608159185,127.64195215313396,136.27600270295676,145.64312080605677,8.119078727715214,269.99999716835316,0.6793845556264061,1.8671661725367603
2022-01-22 13:00:00-07:00,984.0965166666666,57.16361666666667,0.2775199748385759,12.5,519.3620311292328,55.62931313150655,61.987267201249225,200.7821072300376,0.0,304.44139722785894,635.8967352439134,1.0,304.44139722785894,144.69174320802503,1.5171890344923586,5.845991644444444,1.7825836783333335,605.382838222465,603.9831667262571,602.557562524123,599.0624555540645,597.3900541746706,595.479163379417,595.3426669054242,595.493458312419,595.3589122097562,595.4614884722455,595.074434181209,595.0793955447189,58.044156633642224,55.03920850875357,53.04963471670928,50.75041541019588,49.53426431624351,49.31143519305973,49.352419495418104,51.50356587442078,55.28451451523385,60.76665029763359,67.68573399552113,75.5655047673258,33.70139906106885,270.0,0.4725676289384472,2.025202283574853
2022-01-22 14:00:00-07:00,922.5914,54.103433333333335,0.2147608399744598,13.5,408.55735979573655,49.0826663680955,67.40629843928711,215.23285593243986,0.0,177.25640895857583,693.9426788200776,1.0,177.25640895857583,91.20702620014409,2.213546973477311,6.311725016666667,1.8132125366666665,666.608244603496,664.324340870454,662.0021610183943,657.1754598173873,654.8611739255093,654.6295762405427,654.6528480175883,654.270929738647,653.7997012645945,653.8299897031059,653.5634077848484,653.2821611986069,33.30446621612133,31.428531245935115,29.836424735381602,28.17434820722549,27.357603302574233,27.096406067216797,29.16424152988205,32.35351938541478,35.13567889234265,39.4952337116449,43.652734648145774,48.087123499166175,50.0,270.0,0.366977778440511,2.214355247456318
2022-01-22 15:00:00-07:00,804.5425833333334,45.24644,0.17255685374019,14.5,252.79872757240554,44.429453391322994,75.05002976949218,227.8010316521481,0.0,28.145875066077544,657.4071743096315,1.0,28.145875066077544,52.17771214763603,2.857142857142857,6.36619915,1.4209054133333332,640.9022600418884,638.9539729422219,636.9723147489095,632.8638738465031,630.7797263653924,630.3541562109211,630.1496792325481,629.7152045619416,629.2737611201657,629.0556213832737,628.5964093178941,628.136041769558,16.76265808955527,14.92770607228011,13.094457347007156,11.273461926269619,9.461036276100284,7.667017283747703,7.399430237805539,7.118267860671558,6.830233794766998,6.52511597564246,6.240541036780986,5.970051874992217,50.0,270.0,0.366977778440511,2.214355247456318
2022-01-22 16:00:00-07:00,407.9371409666667,25.167831166666662,0.1726612207186705,15.5,65.80448788356367,73.46420697004775,84.28299931896436,238.6895230552684,1.7908616213449432e-08,12.068759468010747,154.8318901990021,1.0,12.068759468010747,12.924989319515813,2.857142857142857,5.230038655555556,0.7433961533333334,126.0698113120581,126.10743441142233,126.38264450146465,126.67461908442135,126.66608229864661,126.94132287956063,127.18745853300004,127.18545453554042,127.40884347034043,127.40876860590132,127.33475098893712,127.6099911398799,2.0916181246804357,2.057406123606653,2.029455380090653,2.0152325195609695,2.063869635533362,2.1498788083840066,2.1634879965936777,2.238205085431803,2.3675667132944525,2.3996875820774974,2.432949843422808,2.6478411846259533,12.738466716291981,269.9999974386791,0.6397494498926575,1.8817561313750142
2022-01-22 17:00:00-07:00,0.3418097,1.5660388,0.99,16.5,1.5669472162966327,89.56492985232977,89.84772672890945,244.12812406787103,0.0,1.0013539668430682,1.5686224940618196,1.0,1.0013539668430682,1.1780640616106968e-05,2.857142857142857,1.9736437976111112,0.62850894,1.4806731930473431,1.4806731930473431,1.4806731930473431,1.4806731930473431,1.4806731930473431,1.4806731930473431,1.4806731930473431,1.4806731930473431,1.4806731930473431,1.4806731930473431,1.4806731930473431,1.4806731930473431,0.8736222910335846,0.8547193533948956,0.8385058744146886,0.8256505742059189,0.8166997242902349,0.8120442189361107,0.8118951997929587,0.8162746831336365,0.8250110569634879,0.8377466312887459,0.853957092374973,0.8729822278632532,0.3142991428507446,270.0,0.7472572363161373,1.8571579027612937
2022-01-23 07:00:00-07:00,290.6182778,13.780556783333331,0.5240104706370265,6.5,28.13246460915589,81.88865307821013,87.16935095449998,118.21176937482386,1.1652910667171383e-08,6.559015635725223,57.41304265659174,1.0,6.559015635725223,15.13783536323738,2.857142857142857,-1.217456704277778,1.118525506,36.103699871275026,36.10369647295827,36.1601338664182,36.15905514783383,36.159059566032255,36.204927742679644,36.204929044298616,36.20492708605295,36.20492328417094,36.24089358456963,36.24088971330437,36.24013011196109,3.0091283455640436,2.964726326811149,2.9144603741312762,2.8751247201686456,2.855566501116629,2.851321376202655,2.8620084330917366,2.887541066709407,2.9259625555441513,3.0013518597621798,3.060887044347284,3.123422611692276,5.999012933106943,90.00000190909591,0.6977443349703313,1.862619161151038
2022-01-23 08:00:00-07:00,723.0884666666666,37.350141666666666,0.3060406173209447,7.5,180.25537985308776,55.62116556357115,78.60149579736907,127.38793530714749,0.0,17.683107395491305,473.6812029601314,1.0,17.683107395491305,59.13614059655548,2.857142857142857,1.9389369488888888,0.8890513114999999,446.5599250939704,446.84328079091216,446.96679308029866,447.25114717320946,447.36572888231024,447.48215104998303,448.69891483624133,449.8667190992419,451.01881133312764,452.1174637028607,453.18019203325645,454.22199709867857,4.9022372354732315,4.8269648958531715,4.867258297369038,4.939461728305559,5.652329201216169,5.809610069585392,6.55072018842216,7.459124203897,7.719828202989176,8.470445882243295,9.449768806075713,10.44699366830843,30.406706794834744,90.0,0.4969326386229487,1.9946884279568118
2022-01-23 09:00:00-07:00,905.0862833333334,48.463460000000005,0.2623752951410927,8.5,355.1093596245382,46.483186604312266,70.19604011891732,139.2164196490602,0.0,115.73925771165408,711.3303830968957,1.0,115.73925771165408,94.16260067446393,2.6980327481402933,5.196963177777778,0.9834287716666666,671.9603529075843,672.4279635950293,672.8679584821392,672.9811118390861,673.5192719039076,674.011139138873,674.148752325433,674.3936059586636,676.4866469704954,680.9460982354107,683.1186664204824,685.2478308399775,53.581786811485614,49.63714341751808,45.68469182940659,41.182229907893735,37.772999005110336,33.69228422774685,31.199641293552883,30.36517891421794,30.04924057155006,30.710681042704454,31.268033478729134,32.171084534595444,50.0,90.0,0.366977778440511,2.214355247456318
2022-01-23 10:00:00-07:00,980.1357333333332,51.496541666666666,0.2532566570629921,9.5,485.1899060885304,52.9771730202607,63.73758835818528,152.91029756690864,0.0,257.4654070490551,671.6855508527573,1.0,257.4654070490551,121.99553771844633,1.7400260097595681,8.011371066666666,1.2971160371666666,630.3178083147268,630.2029137660436,630.2030743028979,630.3835054838045,630.1193075375369,630.4082661506069,630.2995096381297,630.3008389782484,634.3616026646173,636.1011872378357,637.9165957240383,639.7292822306636,62.79156894631493,55.82501817421363,49.035424552573005,44.357650428827355,40.55186146190428,37.82161552155303,36.179615825454825,36.230969551187684,37.42119954186413,38.61859029307687,40.84850062222631,43.408922972007325,42.70469519262737,90.0,0.4108900543392086,2.1222838373195034
2022-01-23 11:00:00-07:00,1008.9292166666668,53.90381333333333,0.2466145195840683,10.5,559.9924175112848,57.92413436382471,59.893450928152575,168.37398660836027,0.0,353.6271722282953,599.3292037821645,1.0,353.6271722282953,140.6769395904994,1.262290950433505,7.630234822222222,1.784206636666667,565.4128993772867,565.3561774841459,565.4151664251004,565.4132141366204,566.4864562753291,567.4843409185615,567.3718373577308,568.3507666071267,569.1145885719637,570.1438538531489,570.0018081607976,570.6918723008826,74.19693035196144,67.67128265982136,61.68867246612323,57.45762345811372,54.781356638340135,52.75278713092698,52.36505419366096,53.53787662841543,55.05917969509108,57.874095417085556,60.584306063757204,64.78994756260198,19.165061160723774,90.00000120741828,0.5858546464934663,1.9125661203507316
2022-01-23 12:00:00-07:00,1009.72975,54.739963333333336,0.2485313043462373,11.5,571.8787473003206,58.85952035528265,59.19247734695811,184.782808615557,0.0,366.1239483961404,579.9772809121741,1.0,366.1239483961404,143.93820232649847,1.1049175443489025,8.142678866666666,1.6253910100000002,551.8318395283538,551.8300344596241,551.5920299192125,551.5927778941074,551.6320364780923,551.1910662659848,551.3521399315225,551.3534743843343,551.0190139915982,551.0160487272767,551.065404860906,550.6851116695176,69.67471084214526,64.98168039900477,60.86568941853075,57.70793724365156,55.48159921091746,54.39606579369756,54.66599473003443,56.16764372036638,58.78630178930106,62.770455594156935,68.27365179738624,74.20240787448265,7.9599206016943524,270.0,0.6807598214203238,1.8667776766760669
2022-01-23 13:00:00-07:00,992.6501,52.36815166666667,0.2561126993046699,12.5,522.2922380588918,55.43346576901528,61.74454353304969,200.79437220918138,0.0,305.84545805098486,637.020562963666,1.0,305.84545805098486,134.47146315911704,1.5118578592119518,9.688835166666667,1.4222736316666666,607.70095570143,606.3789989127566,604.7838649001301,601.7264665477563,600.1301644172939,598.2355164977558,598.2224876620674,598.3491967809928,598.1355414140331,598.0144929320262,598.190572430555,597.9858262090025,53.816333974933684,51.29518883168598,48.78670491642905,47.06228255198666,45.73588113845525,45.542974725679926,46.0279854517759,47.5869394500129,51.144391478586634,56.14751113014059,62.69925306421112,70.06414578470778,33.44733163252769,270.0,0.4744148929966356,2.022750026881369
2022-01-23 14:00:00-07:00,948.6781,47.84109166666666,0.222129999543545,13.5,415.9235248104893,48.90231776171701,67.17019532521962,215.2959721743594,0.0,179.07938353661714,706.1904144948049,1.0,179.07938353661714,93.36861797646641,2.197898480223129,10.648555633333334,1.4393230016666665,678.3619313830757,676.254094542168,674.11043977212,669.647560432211,667.5266539617153,667.3703689769487,667.4379183693052,667.1233619498287,666.7159290837016,666.7934012087111,666.6067028624351,666.4058693645525,32.61951964819011,30.933754441041238,29.54593638471177,28.080462508221974,27.509762569590638,27.52643768715538,29.77330878879429,33.21575329174715,36.223800692871286,40.90881623713628,45.376613086451485,50.13354525076855,50.0,270.0,0.366977778440511,2.214355247456318
2022-01-23 15:00:00-07:00,846.7417,39.52377833333333,0.1960379409494857,14.5,261.1595865586825,44.20776163845805,74.82599176988604,227.8995153204668,0.0,27.962464405937034,682.5375894947742,1.0,27.962464405937034,56.98622518860228,2.857142857142857,11.397185666666669,0.8090836416666666,664.8652730159386,663.0445356429118,661.2355859549345,657.411152265356,655.4692588614222,655.107815108679,654.9316297545629,654.5605384727506,654.188275668929,654.0019006137047,653.6039061182456,653.2073223909956,16.311503232717865,14.648203690727929,12.992938879955945,11.314891122175347,9.650986775970292,7.974681426211601,7.702237098446823,7.40771093005678,7.078233006452828,6.70607837043474,6.355104327425939,6.000499462881745,50.0,270.0,0.366977778440511,2.214355247456318
2022-01-23 16:00:00-07:00,463.8046999833333,23.104626666666665,0.159764752770727,15.5,71.00482261755971,72.83789687038401,84.072113904816,238.81208531784364,1.972305201338846e-08,10.62002324855942,173.92439292243824,1.0,10.62002324855942,12.922225030187542,2.857142857142857,9.526044694444444,0.8350679895,142.87722592301787,142.91520292603082,143.22049147504714,143.50523635846844,143.50518506845836,143.7657539227719,144.05798665061084,144.0057122069339,144.2978180770008,144.22191939348878,144.22199455161226,144.4181722469883,1.751736077536334,1.7211477741455707,1.7013242495635716,1.7525106329375586,1.817960310078874,1.8215627738638578,1.8333937084123089,1.9347803891393038,2.025068744856152,2.0509478533975143,2.1845741138938983,2.2833998265934965,13.215993370790047,269.99999716835316,0.6356886884577909,1.8836277333702474
2022-01-23 17:00:00-07:00,0.3121459666666666,1.8211011666666663,0.99,16.5,1.8220999148143613,89.47620796889308,89.8166750257577,244.42150528256974,0.0,1.1644654151016804,1.823934973389459,1.0,1.1644654151016804,1.975883107719006e-05,2.857142857142857,4.545477422222223,1.091769855,1.7218498453660518,1.7218498453660518,1.7218498453660518,1.7218498453660518,1.7218498453660518,1.7218498453660518,1.7218498453660518,1.7218498453660518,1.721841862456441,1.721841862456441,1.721841862456441,1.721841862456441,1.0176732643645598,0.9955022786709485,0.9763919040773794,0.9611274366565504,0.9497528311639628,0.9443343621371442,0.9441523049874925,0.9492352565222734,0.9593862558584892,0.9741915337582843,0.9930440366566741,1.015176957750866,0.37746152117134707,270.0,0.7467060506549105,1.857164557582888
2022-01-24 07:00:00-07:00,298.5222715,12.895473866666666,0.4803854685201978,6.5,28.29073302972388,81.52676895772493,87.04385592146518,117.9989893801885,1.3668745170963121e-08,5.940215292277822,59.83413562727171,1.0,5.940215292277822,13.998760031079126,2.857142857142857,1.781884665,0.860860152,37.85530978199634,37.85530851644592,37.94570080661076,37.9105593719469,37.9105711502545,38.00006919419339,37.95456735083202,37.954564860162634,37.95456124015961,38.04495641699335,38.04495335887695,37.989767867496546,2.5193031877384544,2.462616962814258,2.4218043432975374,2.3930455437273577,2.3768806310753403,2.373430266823051,2.3822369917292203,2.4294247049948496,2.4613576685282337,2.504049846749896,2.5510996375383934,2.602927255248288,6.255627753537387,90.00000225887273,0.6955177433239529,1.8630972169281126
2022-01-24 08:00:00-07:00,761.7348833333333,35.45772,0.2884884262665743,7.5,187.8983486138315,55.12556528423106,78.45585135365195,127.18439604604532,0.0,16.71816774894868,498.28889978945887,1.0,16.71816774894868,58.054453034952424,2.857142857142857,3.142724892222222,1.3401121986666666,471.23019226639724,471.3765687947107,471.634762202003,471.75352994331524,471.8667022127143,472.121733863311,473.29569390062073,474.440097001745,475.56672724439636,476.64258357233933,477.69742764062056,478.7025056884015,4.410830168044687,4.412488295251549,4.383738828471314,4.453567007101626,5.152272510534209,5.299618743663719,6.171466161849026,6.899370396947874,7.146329372928085,8.108435656294763,9.088576812997319,9.812541221985056,30.819455251339217,90.0,0.49383274889203227,1.998356878077555
2022-01-24 09:00:00-07:00,916.8764666666668,62.9078,0.2619253921303466,8.5,376.14890233155495,46.238115075020374,70.02321488206985,139.0284627345004,0.0,123.87509198308022,747.4950280502512,1.0,123.87509198308022,100.77481752457516,2.6864772323274053,6.198193338888888,1.4590547116666668,705.1196284902076,705.6615191327701,706.1737217338909,706.3152388894333,706.9290415657046,707.4929904558184,707.6588472351381,707.9632297268981,710.3068218202512,715.277523276947,717.6981224649592,720.0710699126146,56.877937526830166,52.75859873940446,48.63566825377169,43.93709886382913,40.388412387862424,36.13562712805975,33.54726881418711,32.802237125644055,32.6024439444698,33.43054891615557,34.149390726860915,35.232178612459386,50.0,90.0,0.366977778440511,2.214355247456318
2022-01-24 10:00:00-07:00,937.8979666666668,106.50554,0.2542144523049606,9.5,524.4736867624003,52.73701555704186,63.53548196620989,152.75102582329782,0.0,283.1958727202289,713.35751018208,1.0,283.1958727202289,139.77997307290727,1.7371480252117895,6.568776555555556,1.912325995,662.8781844659886,662.7219495929786,663.1613758291362,663.7686321728496,663.6873516202804,664.389169988873,664.468805973669,664.8551145414527,670.6396134224904,673.2904536284381,676.134470266426,678.8097091783739,69.85859713228258,62.863629079472595,56.065173146075416,51.46122470563363,47.608783042540416,45.00767099609909,43.55178575165423,44.3646980388893,46.36269554616977,48.37061732483222,51.43531796703487,55.237505770091545,42.60620452419034,90.0,0.4115221613961214,2.121119072815077
2022-01-24 11:00:00-07:00,966.54425,129.29756833333334,0.2472662945510463,10.5,617.4518119014599,57.676522011227085,59.665254972062804,168.26272091057467,0.0,390.7201348669078,660.2075358830027,1.0,390.7201348669078,158.49872197236382,1.2623536673547524,7.123293866666667,2.14454765,620.4938293192748,620.54277440981,620.7189239133064,620.8171838808863,622.4806521697099,623.9829701605514,623.9121299308977,625.4226375839821,626.6712231185028,628.207176640301,628.0318571748469,629.1493377581542,82.52533637061035,75.87809416238548,69.57064034718478,65.13087379592868,62.62713379842139,60.53184028407003,60.296757521715655,61.781642049822764,63.445978365467674,66.80833056792768,69.71931233524012,74.56881519890179,19.16923952869176,90.0,0.5858202046969399,1.9125900638819506
2022-01-24 12:00:00-07:00,655.4003166666666,161.76887333333335,0.2479006883435513,11.5,499.8346904883307,58.624692579993976,58.94800239885954,184.73540135794,0.0,320.22157398617134,507.23820284805413,1.0,320.22157398617134,127.21700595473084,1.1028769891945045,6.711946494444445,2.561149716666667,480.7165019444681,481.29511330334105,481.29440419551963,481.16979501063935,481.8391127188129,481.8385099663544,482.2980516243515,482.2631406244311,482.26258473446495,481.97917911020727,482.6474049111647,482.64886707712606,65.51538159832099,60.85874539664376,56.87210903008218,53.44531412748844,51.31817754525405,50.40205528090558,50.230671905041696,51.13634241749864,52.871583378767454,55.479775295320636,58.645048472475466,62.684531878621165,7.807222940526108,269.9999964798011,0.6820797654578419,1.866412133404589
2022-01-24 13:00:00-07:00,974.9181166666666,73.44748666666666,0.2562478507410577,12.5,538.6835251516173,55.230545177783654,61.496969330821344,200.81172880358102,0.0,316.5754985741439,653.142244006766,1.0,316.5754985741439,141.42339179188866,1.506636587523679,6.4069256277777775,3.1771879,623.5966212126876,621.9275338981665,619.9627901627379,618.1784280250541,613.9358444188906,611.9051400841669,612.0178835783898,611.5236653800202,611.5379734456378,611.5261916261264,611.3743844515184,611.0004598773986,58.34486608711718,55.446552354279056,52.938159557340406,50.52012734589299,48.61183981921167,49.125592467067,48.820541698552766,49.99553675691351,53.68343452235374,58.64798738386882,65.24122417626214,72.64558832148934,33.19654585770732,270.0,0.4762436114031295,2.0203455347226686
2022-01-24 14:00:00-07:00,764.3145916666667,126.59466666666668,0.230718497488911,13.5,426.0926821447919,48.71581803940717,66.93022971517406,215.3650562301857,0.0,197.10742285447324,680.7357187836463,1.0,197.10742285447324,110.68630071808207,2.1824812434282705,7.590363222222222,1.9475322766666667,651.3519689358754,648.3749820159146,645.3454693553077,639.0305266227224,635.958452386555,635.1288914404188,634.8810994061103,633.9035377804432,632.803438273125,632.5649106672088,631.657258693098,630.7360743395631,46.944535382368514,44.286464109878445,41.90140503132851,39.44056201790724,37.817549777438906,36.761757776515466,38.39162535884178,41.152580852910475,43.53023799772925,47.60139168304295,51.56262580809805,55.929188849146605,50.0,270.0,0.366977778440511,2.214355247456318
2022-01-24 15:00:00-07:00,12.31505835,92.41206166666667,0.2161470892163914,14.5,95.6826080934564,43.97992169949629,74.59899940065702,228.00426166861672,0.0,60.29928508507832,93.69351303366389,1.0,60.29928508507832,27.56129008570452,2.857142857142857,5.459485627777778,1.2680399416666668,88.24804126507973,88.5623198258659,88.88365373791986,89.46178839216948,89.78990434150295,88.61791398929651,88.07508247790395,86.87909398171828,85.65171815364064,85.07711097690448,83.81820455286974,82.5405009189524,18.261665339794295,18.541948393555824,18.804757009699422,19.012090715907885,19.240643911059184,19.453144132144224,18.907830102142444,18.375229599326957,17.833032379036013,17.379040300159232,16.942490786418098,16.598680847701992,50.0,270.0,0.366977778440511,2.214355247456318
2022-01-24 16:00:00-07:00,110.8999556,68.32261333333332,0.2134702610581144,15.5,80.18621391289858,72.2030360667174,83.85899283027338,238.94093204979953,6.994405055138481e-16,34.7396611538222,129.08245475977705,1.0,34.7396611538222,17.46576614131038,2.857142857142857,5.229338855555556,1.638732165,113.24320797156558,113.28166553852842,113.18892955787484,113.22026061980665,113.12219020528119,113.16215506563637,113.05741150807975,113.08832913707599,112.97742095278981,112.90138786153463,112.80935216920545,112.81892019715424,6.920955366333208,6.748767414408478,6.626117560441286,6.466613276968201,6.376869960790335,6.303390937366304,6.25381961764253,6.188100630431828,6.2147451798767355,6.260123178463033,6.3581489615697615,6.437625784435993,13.699491656999758,270.0,0.631585236889604,1.885591635894057
2022-01-24 17:00:00-07:00,0.1294646833333333,3.792538,0.236983506110664,16.5,3.793417518586134,88.88781877284302,89.61075801278578,244.56113399122236,0.0,2.425377243934988,3.7948658056934095,1.0,2.425377243934988,0.00018510220747224284,2.857142857142857,3.878735905555556,0.9119593871666666,3.5857859407145285,3.5857859407145285,3.5857859407145285,3.5857859407145285,3.5857859407145285,3.5857859407145285,3.5857859407145285,3.5857859407145285,3.5857859407145285,3.5857859407145285,3.5857859407145285,3.5857859407145285,0.5072600875828766,0.4963030753166923,0.4868413598467431,0.4792679554294088,0.4739067332320842,0.470998430200028,0.4706814049600194,0.4729872674451109,0.4778353500124542,0.4850336901368621,0.49429269069493853,0.5052405194810635,0.8005706482571857,270.0,0.7430139304707097,1.8572404722421472
2022-01-25 07:00:00-07:00,0.2291810833333333,9.373273333333334,0.8436957980359201,6.5,9.385618136622321,81.14701995797206,86.91227741777013,117.78394018255388,1.8464199661361644e-08,6.0217518762268005,9.312637208803764,1.0,6.0217518762268005,7.832121282471541,2.857142857142857,-3.314785611111111,1.9921758266666667,8.806805681125944,8.82080215739054,8.802023029404099,8.802031697908104,8.816850210766637,8.816866834375652,8.796471367644212,8.796465571569945,8.811998543482252,8.811992110096734,8.793219282164905,8.7932143649038,4.4022503420724,4.310246593981211,4.23765099352375,4.186597162986297,4.153859226905727,4.149549781017526,4.165054186510918,4.203455453050591,4.262098792851829,4.334450302709413,4.417777272793246,4.513942249553314,6.5245950460051425,90.00000307832465,0.6931851457584786,1.8636196871311768
2022-01-25 08:00:00-07:00,0.3172945333333333,28.69325333333333,0.866175156820614,7.5,28.757574712631552,54.60606372681739,78.3040423571136,126.97899271609789,0.0,19.15995411071804,27.375568586901895,1.0,19.15995411071804,23.956910404721594,2.8571428571428577,-3.3931847222222222,2.254657953333333,24.594289773891294,24.867814583926847,24.959514344904505,25.060439740701188,25.363331166634765,25.455173806588718,25.535186151770894,25.235137041450848,25.10877436825009,25.03348528624341,24.906906313179856,24.832644517149177,13.482353911162434,13.239156887849806,13.207489153051263,13.187341016447354,13.164210965925593,13.270664396338562,13.328633484971892,13.57441061679356,13.564500593649976,13.661680125376892,13.724229234016008,13.703416828597673,31.256928882234405,90.0,0.49056167979726256,2.002293728909385
2022-01-25 09:00:00-07:00,0.3057790999999999,92.55129833333334,0.8788618301560447,8.5,92.65666230296198,45.98863031225688,69.84411845261795,138.83934249086406,0.0,62.49211970051347,89.02832050266774,1.0,62.49211970051347,77.78053345594871,2.674432861317941,-3.578018166666667,2.27495092,73.47940155943704,74.4890908258051,75.48970554791121,75.78268240492443,76.77432090360334,77.71619344785161,77.98518241493937,78.95832777345355,78.39739720273641,77.58070424491716,77.03460225362622,76.49444178030262,45.49166820637464,45.30530245011937,45.47932957644164,45.56285273899413,46.14077421476073,46.51887209615479,47.08961504687877,46.64595705754555,46.1732677856162,45.955317446980466,45.401724434842,44.798241933187455,50.0,90.0,0.366977778440511,2.214355247456318
2022-01-25 10:00:00-07:00,0.8079414,225.4043,0.8776954475132729,9.5,225.76698242344068,52.49288946923917,63.327065132701435,152.59172392688762,0.0,148.36993790241408,228.71923447205663,1.0,148.36993790241408,188.88171303782644,1.7340645050977441,-3.2285481722222227,2.313533098333333,197.228066371429,199.16546776499416,199.6817195876415,201.70951128864533,203.5858781427605,204.2659231725994,204.83076527146815,206.57579456121942,203.99078468579233,204.9151402921818,204.04738444781836,203.23716192536978,106.99251070273297,104.81916582840073,103.6951397050995,101.95362919742595,102.17194240113496,102.59516534725776,103.9487373693874,103.95915727259028,103.41334320629339,102.88584256399069,103.08901290353016,102.60992916049656,42.500227466678496,90.0,0.41220343268365917,2.1198682024603657
2022-01-25 11:00:00-07:00,1.3063526333333333,243.38586666666663,0.8794927402880058,10.5,244.05024732867034,57.423854397711025,59.43092145422724,168.15308819713846,0.0,159.0977417745473,241.49843870421094,1.0,159.0977417745473,209.96731043436267,1.262301504904243,-3.113835883333333,2.568601458333333,226.25149663516692,226.70088407887079,227.39325331573457,227.84515985860173,227.65330763429233,226.76327111935984,227.24893400872634,227.08895738691723,226.69094063954975,225.82478392305103,226.57494864915162,226.2378019927641,116.8935747102189,113.07907769355411,110.40464246944302,109.0323522951239,108.1232999698569,108.0643708618285,109.0795566783386,110.28786500853072,112.14656139719868,114.01055840451563,116.21061173152475,118.48312105081476,19.165764023457594,90.00000120741828,0.5858488528174063,1.912570147652183
2022-01-25 12:00:00-07:00,2.958251783333333,270.9929166666667,0.8808983261203255,11.5,272.5298769152072,58.383620764277886,58.697916656713915,184.69155307045412,0.0,175.20034056504988,270.98179598746555,1.0,175.20034056504988,238.048428124355,1.1009246201715717,-3.2197757944444443,2.4727501166666666,257.1112163741592,256.6367821990323,256.6363633362296,256.9776151097305,256.58974786535737,256.93630297972857,256.4796679494666,256.4789921159988,256.4783380087636,256.8316308609873,256.44267408323407,256.44402752424827,132.06526108312664,128.10607523109678,124.89366426535351,122.26018680555464,120.84831261408688,120.37269059533294,120.80201134570066,122.11089967801014,124.18965218562975,126.97372243900814,130.22175451132995,133.73028926904018,7.661013836810524,269.99999758516344,0.6833440735468742,1.8660687176988386
2022-01-25 13:00:00-07:00,145.00708233333336,337.8374166666666,0.885967312120362,12.5,407.5960710549646,55.02064045727746,61.244647408657336,200.83422155938953,0.0,257.04694501864554,449.07106399127167,1.0,257.04694501864554,347.672307961781,1.5015268849260268,-2.5505825222222223,2.03735472,404.05412749082893,404.69403161260567,406.39521402860055,406.8738258674413,408.6385103513645,409.85104851544264,410.12667664850335,410.19289946240747,411.5971041524293,411.4129439769283,411.1999699333259,411.67584028468667,192.83844965820822,181.58929415544526,173.12793521460395,167.31814459881932,161.71212016365774,159.47235799854778,159.23207137759516,160.42566307169284,161.5840866987748,163.99451549207504,165.81959789932685,168.74616853000938,32.94923138487836,269.9999987925817,0.4780521537426963,2.017990025017472
2022-01-25 14:00:00-07:00,5.994190733333334,156.42743333333334,0.877475694736525,13.5,158.79970470070808,48.52324212528492,66.68650956224529,215.4401320832966,0.0,104.61332873676223,161.3959785547843,1.0,104.61332873676223,132.1959288581043,2.1673019527242756,-3.587113866666667,2.2581926316666667,139.60150754277421,140.39786952184983,141.20203101609195,142.36016746347042,143.19273003997907,141.68203943267153,141.2956165293595,139.82334219669207,138.25716984406785,137.83770055028384,136.29130222851205,134.73216416403355,73.28936244335432,74.17008512203616,74.99923985957916,75.28879551277429,76.07389745616933,76.88388752233018,76.22754857008543,75.99938328049154,75.41977123234511,75.85948001475535,76.16030505728912,77.09111878094741,50.0,270.0,0.366977778440511,2.214355247456318
2022-01-25 15:00:00-07:00,1.6521672666666667,121.595105,0.8726398870138935,14.5,122.04026203712027,43.74601478742935,74.36915852038965,228.1152670329713,0.0,75.74454204330796,137.26524850684476,1.0,75.74454204330796,100.94016760500578,2.857142857142857,-3.5359022777777778,1.5807228633333332,120.36913494174465,120.98871371906426,121.63333603415668,122.5505414646534,123.18470413242315,121.99409921482743,121.65974960730168,120.51332321489487,119.31263304562925,118.94482793449122,117.72467338545003,116.49464234066852,54.56521726511433,55.26016099303275,55.880046221397606,56.08300796258716,56.55635314849427,56.95651892190236,56.13799851946562,55.47531323850393,54.58125435597962,54.21919205675438,53.76603568813358,53.73779668735381,50.0,270.0,0.366977778440511,2.214355247456318
2022-01-25 16:00:00-07:00,0.9419400333333332,27.424087166666663,0.8785441068934777,15.5,27.528369684477205,71.55976470012715,83.6437338269759,239.07603340862556,0.0,17.82065603511934,27.153698803379648,1.0,17.82065603511934,23.699266020259145,2.857142857142857,-4.307284222222222,1.1591736866666666,25.56145514408473,25.583317570446667,25.582580861087944,25.60572987197418,25.62326303732199,25.650437861296133,25.65062789892046,25.69753341281511,25.72787142924708,25.72893769541161,25.784282779954463,25.714748093288893,13.759855119921609,13.544386767579514,13.297223571227859,13.070338698174831,12.908099640904148,12.759568377102257,12.646542042882176,12.650739840820098,12.662406891005215,12.787304212033094,12.962393694750583,13.284891796624466,14.188843040327702,270.0,0.6274406973382745,1.8876497579800595
2022-01-25 17:00:00-07:00,0.6176656333333334,0.8957469,0.99,16.5,0.9003092622364847,88.79073011837139,89.57678319184873,244.8676593573044,2.037758741834667e-07,0.5728552782281257,0.9087307976256458,1.0,0.5728552782281257,5.142483764144314e-05,2.857142857142857,-4.844770716666667,0.3746085848333333,0.8484012146266179,0.848401218416262,0.848401218416262,0.848401218416262,0.848401218416262,0.848401218416262,0.848401218416262,0.848401218416262,0.848401218416262,0.848401218416262,0.848401218416262,0.848401218416262,0.49850073107043724,0.4876944332089677,0.4785581101508604,0.4714580586272082,0.46667903428504204,0.4644091894972888,0.464726299828361,0.4675981401578183,0.4728867391898558,0.4803530646706063,0.48967901491123367,0.5004745708826732,0.8682665212939418,269.9999617132255,0.7424232352139922,1.85725767846407
2022-01-26 07:00:00-07:00,349.5091749,14.478220183333333,0.6752257808375504,6.5,33.10334840879392,81.2423479202169,86.94529633572826,117.40215762493791,0.0,7.016139905547829,70.8992222833318,1.0,7.016139905547829,22.83066501344226,2.857142857142857,-10.08886472222222,1.0339965001666669,45.54692195594877,45.51812835125033,45.6255090918923,45.625515602599634,45.58374338376184,45.69115124573587,45.68963503359445,45.63553951732306,45.63553313518935,45.635527093310415,45.742913708238184,45.742908788566005,4.154463982439974,4.068687361037125,4.001399060331773,3.953746628287906,3.926989719260248,3.9193556605354907,3.9663076907134847,4.002041277865948,4.057055209007288,4.125129411519823,4.20296011515448,4.293055973917992,6.431221073797247,90.0,0.6939947848811472,1.8634358261131054
2022-01-26 08:00:00-07:00,830.0236833333333,39.75138666666667,0.7870105877077319,7.5,210.2518319662159,54.06239308989393,78.14612644316132,126.77179775335948,0.0,18.835950009548377,565.0506337399212,1.0,18.835950009548377,161.6439108922179,2.857142857142857,-5.378306733333333,0.7527540515,528.9043467024981,529.1841367930541,529.3432663035161,529.6015264645033,529.6982083938354,529.9390721939491,530.0742426277595,532.4694847455629,533.7097865581686,534.8614410499316,535.9768744671231,537.0996617274685,12.130855546039655,11.914216481336071,11.892916268758619,11.962041683792481,11.998531641264933,12.976060210427958,13.847296039763092,14.11576086535457,15.248209091910393,16.349224045303405,17.226789403554093,18.313929132693502,31.719786766013783,90.0,0.4871172787866083,2.0065132670451646
2022-01-26 09:00:00-07:00,973.6991666666668,53.84254666666666,0.9117452144297926,8.5,392.3097711798735,45.73484589504049,69.65881998111053,138.64911575710636,0.0,131.51950836158179,821.8557516313979,1.0,131.51950836158179,312.80712373710213,2.661926041243624,-3.0079326366666668,0.9581552281666668,742.4439101474856,742.8725813092007,743.191608595047,742.9570382638448,743.6845497352573,744.2914573527487,744.1285348995559,743.820791403378,745.4526874749989,750.015399914448,752.1964537332642,754.3131574216875,199.07280441972864,183.16535820024524,167.36695004810426,149.38650191831664,135.79470408888815,119.59393417068725,109.49401417649261,100.8951811341114,94.20322577301914,91.23146980894448,87.70699599755143,85.42990818308809,50.0,90.0,0.366977778440511,2.214355247456318
2022-01-26 10:00:00-07:00,1031.8186666666668,61.76715,0.9531004584755604,9.5,528.3983073987763,52.24487718426776,63.11241653056133,152.43243847578265,0.0,280.971559922195,774.6357238453855,1.0,280.971559922195,455.18284311511434,1.730783188782591,1.4828081510194444,0.7280505683333334,702.7710412464794,700.9383060078401,699.426902675121,698.8290828782376,697.3103509100063,696.9592512530486,696.2482252504644,694.797501908795,697.9255648727175,700.1079605049523,701.0401489368353,702.5395839972883,250.9076264943619,222.29624423377788,197.53823181641053,174.5964320829649,159.1216219502749,150.02861168086164,140.54186152709147,137.73629763395758,135.26465950675927,134.7757767245866,139.80087267689453,144.44490260255932,42.38693529946873,90.0,0.41293300701896735,2.1185337799099155
2022-01-26 11:00:00-07:00,1050.7571666666668,64.93239166666666,0.9717468693889746,10.5,603.1141508865344,57.1662360108265,59.19053765555505,168.04513503561884,0.0,380.9661858338164,657.3935609242455,1.0,380.9661858338164,577.0813528795354,1.262136433488239,4.842919316666666,0.7473077118333333,615.0410275627058,614.445328499485,614.3566638896881,614.0228469952841,615.1711861749535,616.1581772957791,615.69069997923,616.7837236307198,617.1363107125292,618.2494531343852,618.1841762592898,618.5730907612196,312.66510891772316,283.4599356175718,258.2132896835576,240.37805165615927,227.26707532380806,218.70175177035324,217.82563051157135,220.04966564599192,226.47353055221484,236.17976155498263,247.60719654842092,262.9947774086078,19.154771071260193,90.00000120741828,0.5859394702144047,1.9125071759059693
2022-01-26 12:00:00-07:00,821.2125166666666,101.04788166666668,0.972317769800742,11.5,530.834951587244,58.136418596386875,58.44231738514683,184.65131583273657,0.0,344.6818286320386,540.1294065725666,1.0,344.6818286320386,517.314773907566,1.0990606053009555,2.7811990166666667,1.384999905,512.339664987836,512.9706119128566,512.8136648345793,513.4571967960842,513.466094020533,513.0945855348655,513.7266591648558,513.7238680072056,513.4299061173895,513.4273104697085,514.0613289699218,514.0678862293763,271.89490768328034,251.45731876643762,234.00931132186125,220.21358437618719,209.91519398265794,205.22075461122594,205.08500718768255,209.63552432656203,217.9126977407531,229.50282368502235,244.65747828140064,260.78748636769353,7.521314738183823,269.9999982924527,0.6845524935386152,1.8657466217294136
2022-01-26 13:00:00-07:00,1014.8879,66.18963666666667,0.9768200679435454,12.5,558.4078266543997,54.803847028111115,60.98768520564861,200.8618972061915,0.0,332.7203001204582,706.0780631910429,1.0,332.7203001204582,515.7135967715158,1.4965301553311463,5.191513516666666,0.8169338128333333,645.7466076172802,645.5192357554483,645.3884334078916,644.9405144003604,643.9518906461407,643.1337022366351,643.1939191983456,644.5447170847301,647.7740574432263,649.6576475307128,650.367197433969,651.9870972603136,286.67806003746233,256.5290644760742,230.42800295924556,210.12445424442544,195.39159057957994,186.09048107135055,179.9697688323975,180.1341449655591,183.26163977597156,186.47271557711562,192.5003158601376,198.65999252094784,32.70557195055537,269.9999987925817,0.4798389230467797,2.015684616944388
2022-01-26 14:00:00-07:00,976.6328666666668,54.84658833333333,0.8096188599704983,13.5,445.22904237678426,48.324667479109,66.43914756623028,215.52122441086468,0.0,196.4470337156567,788.1839609563682,1.0,196.4470337156567,315.40487979360506,2.1523668007854755,5.884126105555556,1.248344135,720.4349257886395,718.4309784046475,716.3653466151677,711.7676014775067,709.9744178094026,710.677713117886,711.6669412213586,711.9158504085308,711.7043761020782,712.894432193388,713.6308398842434,714.3978119901351,88.67350226433766,87.45897134919244,87.2852025239895,86.6852065355605,89.32862478114649,94.36142102398362,102.88190847845026,116.08172971900345,127.68348996291448,146.18238618509855,164.1014355598826,183.44818434351265,50.0,270.0,0.366977778440511,2.214355247456318
2022-01-26 15:00:00-07:00,818.2694666666666,47.33954833333333,0.4272972684717597,14.5,271.00954330911765,43.506125539980516,74.13657949027834,228.23252716374466,0.0,39.0441565211777,691.3650706347073,1.0,39.0441565211777,112.10855375178748,2.857142857142857,4.732661172222223,1.406859545,663.2866937250958,661.286880181909,659.4184106010605,655.2284229865847,653.081557093986,652.6940410198767,652.504685260853,652.0902447908675,651.7216828894707,651.4887417440756,651.0657186449132,650.6342308979359,27.462076301680074,25.99770182615829,24.50975053766198,22.85029351373754,21.21293888125363,19.392638034319777,18.948239860369565,18.308539540064896,17.48433417914844,16.45578641986427,15.360853052730079,14.205327509183366,50.0,270.0,0.366977778440511,2.214355247456318
2022-01-26 16:00:00-07:00,80.99867828333332,28.94075,0.7430903664214471,15.5,38.213377733023506,70.9082312446019,83.42643872280497,239.21735820505353,0.0,15.609888972258101,65.14804863462662,1.0,15.609888972258101,28.780663877893357,2.857142857142857,0.5512271592777778,1.64536334,57.42547247777887,57.34067918092191,57.34004307476734,57.25412211906203,57.231618002612265,57.14734472874879,57.13074043164805,57.00431803352077,56.918444934830845,56.88550488051095,56.7417143270969,56.67731282190441,10.609264866437867,10.410786779043105,10.231252495521007,10.016782644095686,9.843312478243842,9.73402688402522,9.619128786438447,9.555306278251068,9.590923983385395,9.653990525513592,9.77197485676535,9.933249222199427,14.683926037242887,270.0,0.6232567130749702,1.8898039522714785
2022-01-26 17:00:00-07:00,0.3102217333333333,3.21700695,0.8098780025381341,16.5,3.2194881713588357,88.69055977999706,89.5417309221029,245.1807111271201,0.0,2.057417657073545,3.223880694493658,1.0,2.057417657073545,0.00021545696433537023,2.857142857142857,-2.60183325,0.9282864576666668,3.0423085898569258,3.0423085898569258,3.0423085898569258,3.0423085898569258,3.0423085898569258,3.0423085898569258,3.0423085898569258,3.0423085898569258,3.0423085898569258,3.0423085898569258,3.0423085898569258,3.0423085898569258,1.4703580190331185,1.4386885344677225,1.4113194706137306,1.3894002113531512,1.3738666215721866,1.3654221886470543,1.3644778190164621,1.371130489413382,1.3851576267902546,1.4060104946501908,1.432855262648621,1.4646173376358784,0.9378081993448102,270.0,0.7418164450002436,1.857276807259042
2022-01-27 07:00:00-07:00,0.2081570333333333,14.413722683333331,0.834901051215472,6.5,14.425334942517042,80.82858248797648,86.80203445007321,117.18265385630674,0.0,9.2622575135531,14.300562549561242,1.0,9.2622575135531,11.913688882681942,2.857142857142857,-2.6377106777777777,0.8326628666666667,13.537137290843345,13.53383196913745,13.554916265952528,13.527334152758188,13.527370913785534,13.549568436927293,13.521964971225435,13.521947288903958,13.54265783835387,13.542648347353763,13.51503792691311,13.515036657025956,6.7005838934016335,6.560507324962422,6.450165269756358,6.372610574797641,6.320007587577538,6.313608041740308,6.340569084303148,6.399936628603508,6.488336188799745,6.597908926272718,6.7296604759792125,6.866572917930348,6.723575410897861,90.0,0.6914603071544754,1.8640202980162375
2022-01-27 08:00:00-07:00,0.53443725,57.570973333333335,0.8404495981101326,7.5,57.68225181875441,53.49425293445722,77.98216340744692,126.56288725982783,1.100088128480106e-08,37.596036395880226,57.49309892580016,1.0,37.596036395880226,46.76377124841332,2.857142857142857,-3.1568512611111115,2.3983440066666666,51.65589470970785,51.868984111101454,52.3910734978664,52.583863081687326,53.20173881428095,53.376483626452206,53.54352391421708,53.00148343389985,52.7703124346464,52.53949881554212,52.41146929744937,52.188748731280704,25.574127994945577,25.28192008617766,25.06895295078133,25.212197357109993,25.475664348617336,25.383295553011024,25.510097763682726,25.998633680135065,25.964586441317227,26.136956097545696,26.142912850437824,26.210492295452372,32.20878491167498,90.00000120741828,0.4834969935451892,2.011031404553904
2022-01-27 09:00:00-07:00,0.55241045,141.77441666666667,0.8700836399153367,8.5,141.9681693366417,45.47688136731777,69.46739117201697,138.45784307725273,0.0,92.58413642582732,146.66964200629866,1.0,92.58413642582732,117.45863537778311,2.648983019449588,-4.765499922222222,1.9567465083333333,122.71504601241065,124.1755744697711,125.62009059213425,126.03968535846441,127.48026743981133,128.8475395552913,129.23367579511222,130.62339274893935,129.85879935878995,128.7918120161704,128.06099162487988,127.3373344462778,69.12628206510743,68.49983949093519,68.38801412079606,68.0982695969025,68.6110191175262,68.78171554612288,69.36493122516721,68.53304045374868,67.70406366841826,67.32102921213112,66.45041654314255,65.53801929160866,50.0,90.0,0.366977778440511,2.214355247456318
2022-01-27 10:00:00-07:00,0.9354824166666666,183.91706666666667,0.8728784821200398,9.5,184.34334274370602,51.993064591481975,62.891617944121556,152.2732199165173,0.0,122.49098427508721,182.28864435823715,1.0,122.49098427508721,153.85707060166996,1.7273118469428215,-4.566318294444445,1.7200712866666663,156.5830467677856,158.278509068131,159.91893409203604,160.51011675661155,162.13955821428632,162.73635639812952,164.31088647165313,164.76489144306737,162.47743993320915,162.73193070325553,162.4535585535157,161.7278468818097,87.25570716248771,85.8963159810718,84.6842866995437,84.26108437683786,84.71700188208926,85.77823396614198,86.58629966221041,86.65771958873746,86.24072355774709,86.3055583822769,85.88772826512525,85.40680523146075,42.26649834203503,90.0,0.41371003717242283,2.1171183686252766
2022-01-27 11:00:00-07:00,1.1191237333333333,215.00675,0.8790620885197953,10.5,215.5840753817541,56.90377296864175,58.94419468663939,167.93891203718817,0.0,140.6759393237665,212.6310948123389,1.0,140.6759393237665,185.33098764606015,1.261860594884288,-4.194853755555555,2.126483061666667,199.27345875006264,199.68982349121828,200.32165226919426,200.73744921034748,200.54680776399624,200.36252284711128,200.16844685830992,200.00811865359577,199.6383628514536,198.83198536939585,199.5177634723979,199.20397021346963,103.27456924656384,100.10128144106959,97.9285134410221,96.86345909305714,96.16990090215606,96.20431803687157,97.41295453813812,98.21409606526623,99.84293758726167,101.43910773256972,103.32542943552,105.23175230610646,19.1363973442818,90.00000120741828,0.5860909424922593,1.9124020019515
2022-01-27 12:00:00-07:00,1.5542812833333337,241.62991666666667,0.8767252168769669,11.5,242.44938513806318,57.88320384954555,58.1813064843308,184.61474558059956,0.0,156.14632595764078,240.91624063076935,1.0,156.14632595764078,210.75890899529304,1.0972849832321396,-4.183805505555556,2.747934455,228.51584786419707,228.147851505341,228.46217717477833,228.09641563302978,228.42045343518814,228.3617394635745,227.99415108564037,228.32352587277362,228.3230327579231,228.32250496458394,227.95530218442926,228.29312135156837,117.6054419832068,113.9669107137822,111.31551051139947,109.36711905952097,108.19880584026448,107.71981876382081,108.17074560695829,109.33096679642848,111.17561384437748,113.52216961373986,116.40543406450959,119.46171133199086,7.388142045459746,269.99999680547154,0.6857048213947167,1.8654450604162238
2022-01-27 13:00:00-07:00,88.31766523333334,315.06185,0.8865007491441838,12.5,358.2477481681462,54.58026349718824,60.72619542051505,200.89480519566214,0.0,229.0405454165095,387.37157349140455,1.0,229.0405454165095,307.1099539171899,1.4916477585894556,-3.796950044444445,2.5800578,354.465836441021,354.63775303004354,354.82871344580735,354.2995133379176,354.87974978664,354.1845751120332,353.8409017824668,352.1870539060345,351.71400469365096,350.38074262897794,348.6870940505928,346.6524374866825,153.5110471506135,151.7366477218105,150.05730325806348,148.5644738195559,146.41107065203423,145.32529086216786,145.30997489549986,147.46753192351966,149.93890327706288,154.83171391199878,161.20336099207847,169.49343714417284,32.46574646799668,270.0,0.48160234909008004,2.0134303445272463
2022-01-27 14:00:00-07:00,160.045819,247.4182,0.867015242968094,13.5,312.03393622647127,48.1201741599688,66.18826185703213,215.60835890250263,0.0,177.87683216774116,417.75556580040165,1.0,177.87683216774116,252.93140818382565,2.1376815579031443,-2.744667655555556,1.8895821966666664,371.6097070141339,371.19508788590207,370.7595513740931,369.19654391601546,368.84671591386757,367.318415599542,367.1750233895174,365.5531127747579,363.67872196253904,363.5614266191285,362.00288794838184,360.4397332582068,114.69576574499051,114.6453770010233,114.8710477309169,114.35922105647701,115.42417468783236,117.27537310528123,119.1364013747603,122.9282630586775,125.82716992232403,132.02065747343778,137.87537583765496,144.89097388844624,50.0,270.0,0.366977778440511,2.214355247456318
2022-01-27 15:00:00-07:00,95.46718715,162.79703333333333,0.8054387663040938,14.5,189.26927745084313,43.26034231281408,73.90137786714112,228.35603739870805,0.0,91.80915545986093,292.82866856609246,1.0,91.80915545986093,144.2583351283423,2.857142857142857,-2.764983266666667,1.3282276116666667,266.17768693612095,266.2996423652174,266.4860415249302,266.38135732534914,266.47406275676786,265.07007148643186,264.63568888371844,263.26061568615887,261.8629054600786,261.3646557976482,259.9180303410372,258.4446955788733,65.64498086051252,66.09785259776396,66.47918484251923,66.35768588042538,66.51815766842341,66.52682500958929,65.54456692205288,64.61069409509872,63.35257005754474,62.497295365328455,61.483748458807064,60.855388516188434,50.0,270.0,0.366977778440511,2.214355247456318
2022-01-27 16:00:00-07:00,349.2295433333333,66.654245,0.6165025864828262,15.5,107.96074616716842,70.24859330946565,83.20721412994048,239.36487400324472,0.0,34.88622738967507,210.0266606310018,1.0,34.88622738967507,67.1790596689439,2.857142857142857,-3.12994475,0.6096539873333333,184.35828790876533,184.18898162009265,184.18913834344,183.97583205506749,183.9744088303642,183.7720783393728,183.68741558232114,183.52427480331275,183.2851096609893,183.00173812067695,182.89563651591718,182.74375678773214,19.838995434671414,19.470622901688014,19.020709041937558,18.71883127567269,18.31041997571637,18.075502364114133,17.944742140653595,17.75887724101464,17.778837140251472,17.93746607541329,18.115921616335275,18.445201339823583,15.184614434170278,270.0,0.6190349827559336,1.89205599212342
2022-01-27 17:00:00-07:00,0.69819195,3.082173816666667,0.855863941247675,16.5,3.0903252538624915,88.08841109024496,89.33105278690965,245.3394786083298,0.0,1.9715241876213716,3.1050247747171764,1.0,1.9715241876213716,0.00043885884643937414,2.857142857142857,-5.809775255555556,0.7569609371666667,2.91813777112876,2.91813777112876,2.91813777112876,2.918047248398194,2.918047248398194,2.918047248398194,2.918047248398194,2.918047248398194,2.918047248398194,2.918047248398194,2.918047248398194,2.918047248398194,1.4910942174182462,1.45900790948315,1.431104094870358,1.4085451644151197,1.3923191289490102,1.383167003038715,1.381550225396129,1.3876086126093419,1.4011759062918332,1.4236306649051533,1.4508245030337596,1.4830671024953148,1.3674087688317982,270.0,0.738068240130316,1.8574276314782439
2022-01-28 07:00:00-07:00,344.17495898333334,15.35576,0.8316960962773458,6.5,34.421750540541666,80.89322004458784,86.824404999677,116.79651607810746,0.0,7.368517428606161,73.55405705954485,1.0,7.368517428606161,29.06430605803681,2.857142857142857,0.0515101861666666,3.0477587833333333,48.139671565129134,48.13705185301182,48.11139319223072,48.21104917964016,48.21107803367472,48.17320383752957,48.27284590650025,48.27087332625471,48.22139642189057,48.22138879759095,48.321024227160294,48.32102145694825,5.357131438021977,5.246133751016828,5.159085644011876,5.097584356467245,5.058281070326236,5.081913933236776,5.103231590547466,5.150357186109987,5.220489750874868,5.307921522652338,5.412577155089755,5.562816049474895,6.652734548972192,90.0,0.6920743032300886,1.863876299458123
2022-01-28 08:00:00-07:00,805.1611666666666,40.17017,0.8576563205696442,7.5,210.15290817371988,52.90130823547912,77.81221502739716,126.35234127738488,1.5543122344752188e-16,19.005841381178417,566.4591644304918,1.0,19.005841381178417,174.89884813554323,2.857142857142857,2.222658938888889,3.42837405,529.8792182381603,530.1571512181583,530.324909623121,530.5785809788896,530.6766402716861,530.7646129356468,531.0574789682986,532.3340552829634,534.787390370775,536.0400071606474,537.2014004718429,538.3777816463422,13.260329703169049,13.027464924035732,13.000554053193763,12.987449363739717,13.12525551173329,14.156445843265171,15.03499915599744,15.372409986319202,16.56628396258037,17.713010254815888,18.639886185013406,19.774935830225456,32.72479033267612,90.0,0.4796978155839647,2.0158659013193434
2022-01-28 09:00:00-07:00,949.3387166666666,53.80091333333333,0.9341968338918376,8.5,389.8346602465486,45.21486240069042,69.26990612135764,138.2655890092404,0.0,134.2594245196846,811.969758424284,1.0,134.2594245196846,318.1525604347556,2.635629767940258,5.183176877777778,2.3854035833333334,732.4032546249133,732.8469619644603,733.1522793987536,732.9113077372866,733.6226731632972,734.2511153463083,734.0262018400383,733.7080051446188,735.3352507844361,739.8979513781868,742.0758422489819,744.1957516532224,203.63388359911949,187.25079442150505,171.09025644892378,152.67008515882662,138.86802471691757,122.43501915067627,112.08663930513389,103.32164108108503,96.5114639232926,93.56496414151353,90.014879101366,87.71786257063677,50.0,90.0,0.366977778440511,2.214355247456318
2022-01-28 10:00:00-07:00,1012.0227333333332,61.127885,0.9755358717897434,9.5,525.8447835130011,51.73754122382177,62.664754138827924,152.11412288610632,0.0,284.41718640582474,769.276365498619,1.0,284.41718640582474,463.8144279288033,1.7236582422467421,9.572917572222222,0.9923755915,699.2764894910827,697.3422962353,694.4481450876568,693.5608622311656,693.4682104023799,693.0540601148996,692.3088593175881,690.7875322686264,693.9940240889172,694.8091263035129,696.7922988945586,698.2390673639869,256.1168738201641,227.31883105128173,202.15271206615668,182.12320237044173,163.4270034604349,154.33164470617874,146.79266679374467,142.47892427480048,139.95731437561898,141.5191165572872,144.8389288902033,149.7752063992065,42.13908525158433,90.0,0.41453369306826743,2.1156245312369237
2022-01-28 11:00:00-07:00,1040.1988333333334,64.132845,0.9737124874624288,10.5,604.6603101183023,56.636575057052575,58.69198740043384,167.83447422309018,0.0,381.92129197349067,658.8705837147866,1.0,381.92129197349067,579.6839938408474,1.2614761254705482,8.616514433333332,1.5436579250000002,617.7890464069286,617.190822172723,617.0961793779162,616.7604957644992,617.8976217732351,618.2405554482933,618.397090944896,619.4864819079115,619.8278177767543,620.9237682570509,620.8574937220021,621.2442332926937,314.075360403795,284.69627001799023,259.31952312351615,241.36168949763808,228.1657724520912,219.52062003594475,218.4275805984256,220.84976992041706,227.3342965598638,237.0768808486283,248.58344498717295,264.0186612068924,19.11077889092183,90.00000120741828,0.5863021681397849,1.9122555202729745
2022-01-28 12:00:00-07:00,1045.3491666666666,63.613841666666666,0.9692900629089456,11.5,618.8791991807508,57.624098763171986,57.91499044913586,184.58190246381017,0.0,402.00455318666116,628.1496499734003,1.0,402.00455318666116,599.9476769742841,1.0955975809969056,8.480961061111111,1.8870164,598.3928705320088,598.7529693187626,598.7482269175138,599.2389623811831,598.9072098940768,598.9086670318886,599.3887801356286,599.1616523119651,599.1588406197412,599.1565451862597,599.637112945297,599.2466424946861,317.17527738276925,290.71529321672324,269.78323563559366,253.19778818825742,241.7546779026718,235.02372655932103,234.70283132819512,239.67467113218507,249.80861885715635,263.66148232213743,280.82697883839404,301.21361868507904,7.2615078446126295,269.9999987925817,0.6868008947183846,1.8651632745069981
2022-01-28 13:00:00-07:00,1028.0743333333332,60.47307333333333,0.9550474869343551,12.5,567.3410338625656,54.349991509074535,60.46029600055836,200.93299798450124,0.0,337.6641398226589,712.3725867845122,1.0,337.6641398226589,512.5581596428087,1.4868810161489439,8.339574244444444,2.1773146883333334,659.566555003913,658.9302167268206,657.3491605515059,656.3865615920588,653.3629288462504,651.2248099800061,652.3946438186459,653.1151119847511,652.8480380645211,653.3876208885856,654.6431495962445,655.1189928561346,197.27280686011534,189.8764721547067,184.88346754692236,180.33261042897323,179.04510809764068,179.25788735985773,183.43553217934803,192.86433526504436,207.84400648553836,228.07019465320758,254.17872078006724,284.2074270699095,32.229929118731,270.0,0.48334088888987353,2.0112281605878035
2022-01-28 14:00:00-07:00,983.4883166666666,54.251485,0.7883052908053612,13.5,455.3072852557126,47.9098445783094,65.93397598724012,215.7015624718287,0.0,204.735808467434,796.8040993566383,1.0,204.735808467434,313.97593331199226,2.1232515904338656,9.32095715,1.500054013333333,729.9385785232353,727.9728784195491,725.9549962074356,721.4066087148827,719.6554548018436,720.3985713800763,721.4447835824296,721.7894329291375,721.6197683974776,722.9042733637493,723.7216351124471,724.5736260363142,89.44808473646613,88.16057022486548,87.86197608813725,87.1459045992971,89.70967467183716,94.78684917451127,103.14107763542648,116.19478162846755,127.74436664449755,146.10119870256236,163.91218367538212,183.1943474961888,50.0,270.0,0.366977778440511,2.214355247456318
2022-01-28 15:00:00-07:00,893.7063833333334,44.134746666666665,0.3333319742143473,14.5,295.5121620743267,43.0087569787857,73.66367438394188,228.48579284753163,0.0,44.54893969250058,743.2751592796056,1.0,44.54893969250058,97.17671515743012,2.857142857142857,10.20805937222222,0.7923517283333333,718.0642722599401,716.114987243085,714.2490808616213,710.2488814331776,708.1530586876088,707.7764408802784,707.5933430462368,707.1827120374069,706.8394568656352,706.5954344314458,706.1976373726371,705.764678605359,25.939716554642047,24.62622270186161,23.348102717911026,21.89115620862759,20.47330318916648,18.89097840940128,18.585899107111263,18.028599620607068,17.259146876841893,16.144618885206036,14.872315352514908,13.46885939429475,50.0,270.0,0.366977778440511,2.214355247456318
2022-01-28 16:00:00-07:00,584.6166669333332,26.43872333333333,0.3467668988315193,15.5,97.82561863561959,69.58101813754686,82.98617141471439,239.51854732180843,0.0,12.64239609396501,245.98560698927207,1.0,12.64239609396501,35.89536618322884,2.857142857142857,9.107085977777778,0.7012688733333333,214.55563844129077,214.1392482776178,214.229143633638,213.8177107302109,213.87897523591414,213.49590873387234,213.0855955137747,213.0910298414919,212.6510301893855,212.19028912592935,212.19067661792832,212.13617539030292,5.147854876128292,4.955366869121672,4.885585878662798,4.67790993871525,4.4976849777988654,4.452250422740443,4.302820437010635,4.162857978014471,4.1728372625140855,4.104697841037886,4.033513013833137,4.101723922501243,15.690777119404565,270.0,0.6147772608331439,1.894407564734373
2022-01-28 17:00:00-07:00,0.2001305666666666,3.0617381,0.8203185442707781,16.5,3.0642049220114083,87.98177871076173,89.29375071668522,245.66538562063505,0.0,1.958514860607261,3.0683027192969536,1.0,1.958514860607261,0.0004834401259578439,2.857142857142857,6.671831561111111,3.41990825,2.895944973912414,2.8958550513741095,2.8958550513741095,2.8958550513741095,2.8958550513741095,2.8958550513741095,2.8958550513741095,2.8958550513741095,2.8958550513741095,2.8958550513741095,2.8958550513741095,2.8958550513741095,1.4196671420325102,1.3891601459008962,1.362623003021234,1.3411609564566682,1.325715459035024,1.3169956142945294,1.3154432211554412,1.3211958488056206,1.334098557938319,1.3536710057724568,1.3791502787789673,1.4120774554992765,1.4399680858843646,270.0,0.7374352306935767,1.8574586538620883
2022-01-29 07:00:00-07:00,399.0338839,14.888941833333332,0.7912220731268335,6.5,38.069890228191944,80.44588297115362,86.66965954211254,116.57291844708618,1.883743734374431e-08,7.192418392206633,85.11980738045413,1.0,7.192418392206633,30.635395552026313,2.857142857142857,8.535248694444444,5.3938896666666665,56.23558317008188,56.23556710571299,56.23315178224397,56.31531069742104,56.31533786381242,56.31534937408259,56.38388891328703,56.38387332500786,56.38385573551996,56.3820427841232,56.43773219600272,56.43773778979666,4.9819916051825555,4.878901291434999,4.78960348618743,4.766915275542733,4.736990532150109,4.732442391100388,4.751371659423508,4.796585890782721,4.861368766562953,4.945029649598629,5.0818978617282005,5.184969277950987,6.967918223037371,90.00000330665111,0.6893432173276209,1.8645286224759636
2022-01-29 08:00:00-07:00,854.4774666666667,37.66376666666667,0.8047909505888494,7.5,220.62084783407678,52.283179210333756,77.63634468792772,126.14024318408354,0.0,17.731380811805305,600.2247260805036,1.0,17.731380811805305,171.83173120573264,2.857142857142857,10.098082738888888,4.686988883333333,563.4901078276446,563.7548513564833,564.0105788179078,564.0997132915566,564.2554602416947,564.4821358271885,564.5690056574322,565.8495092387492,567.141177979572,569.5657602314232,570.7829560239361,571.9180889664282,11.599213197803314,11.481278748714248,11.3859988601582,11.461575532025243,11.510940153753433,12.50364461471469,13.567058779407839,13.832675347947895,14.80911618073471,15.95862214820377,17.075235455947258,18.20967275250661,33.26879801471839,90.0,0.475716212584839,2.021036634318999
2022-01-29 09:00:00-07:00,992.1606166666668,49.87914666666666,0.8620120646365608,8.5,404.36336998872355,44.948920106374786,69.06644083972327,138.07242154895545,0.0,133.99800520331974,837.4125180144503,1.0,133.99800520331974,304.34353452978996,2.6218918778700564,11.495192461111111,2.62312712,760.3447500577066,760.759572335563,761.063391190895,760.8380682608148,761.5198666231785,762.1077049214712,761.9016647454544,761.5756075629395,763.1323212906093,767.6060130505197,769.7081738791104,771.7555650415882,191.6660262300106,175.17050588459153,159.03664746278145,140.91101019714168,127.47584852137948,111.69429589217826,101.84238855001445,93.64399663356913,87.4214075997592,84.82445802760815,81.68669181260876,79.78753051345436,50.0,90.0,0.366977778440511,2.214355247456318
2022-01-29 10:00:00-07:00,1046.2283333333332,56.74901833333333,0.8808801025623066,9.5,540.9459713683804,51.47839955769091,62.431912269815854,151.95520570177743,0.0,291.97646488583143,784.0102943973883,1.0,291.97646488583143,431.4807363856062,1.7198300993206748,9.198426927777778,1.86723168,716.0910896974176,714.3911175648253,713.3283686343018,712.4972827987568,711.02788011356,712.2294086638443,711.3484536638703,709.9312041963744,713.0363896900427,713.8588907877037,715.7250799009812,717.1211992335028,237.7975105324058,210.89333296359138,187.35432089360944,168.58117755340868,151.05409440618362,142.4926160376551,137.70061693150294,131.31704177881085,129.17652362637267,130.6806105065126,133.47225251612156,138.11969550219652,42.0048625928457,90.0,0.4154031633230802,2.114054822288847
2022-01-29 11:00:00-07:00,1066.0675,59.75489833333334,0.8653611629472183,10.5,617.8201106841155,56.3647549649721,58.4340136905836,167.731880636416,0.0,390.1384478747027,671.1199011377022,1.0,390.1384478747027,526.7514704528166,1.2609851527012208,13.543046277777778,1.0293885733333332,631.4433499375546,630.9054284825941,630.8216243026006,630.5195335588951,631.6093856243857,631.9762667854171,632.1129424591113,633.1580351254797,633.5174541404677,634.5650327246155,634.4915769186354,634.891529849938,285.2042888256163,258.42037648616787,235.26473504254292,218.8491323171304,206.82076801042757,198.89545406340383,197.88937041564995,200.09365121388382,206.01211940262573,214.91828815118973,225.4176009520919,239.5123732239749,19.07805096469419,90.0,0.5865720594117787,1.9120686627325076
2022-01-29 12:00:00-07:00,1064.6211666666666,60.1465,0.8350630399578187,11.5,629.916750617353,57.35922702239645,57.643479577263825,184.55285060973296,0.0,409.19104068515645,638.6683820020578,1.0,409.19104068515645,526.3293196213864,1.0939984054589318,12.629736444444443,1.6388118216666667,610.3720593146418,610.3711973899667,610.2763842889292,610.2780724988228,610.2807696196835,610.5004298461859,610.0364103433666,610.0343423663305,610.0295554420139,609.8687348550317,609.8727541323796,609.5255693143183,264.0444921034045,246.02589889893736,230.9261659191111,218.1809895759019,209.78024853228584,205.44962879959888,205.77211119165906,211.72768344595622,221.8196527033158,236.42215166390417,256.42665773343566,278.1052332453613,7.141419495769935,270.0,0.6878405961677508,1.864900530863194
2022-01-29 13:00:00-07:00,1049.4433333333334,58.555145,0.7910933527330462,12.5,580.2583525174194,54.11313831938206,60.190109283087054,200.9765309442465,0.0,345.1728826260808,719.2705379797519,1.0,345.1728826260808,436.2418907608875,1.4822310160753789,15.6851055,0.8014573083333333,671.9614138558821,671.2515081291201,669.7324457019173,668.6738042690243,666.5845005266908,663.6038922784664,664.5552752766293,664.16947250711,665.0606451046447,665.2541065180014,666.514155285106,666.6720478035597,168.16584512581986,162.7266937021917,157.13795959145628,154.37652386273115,151.46059796737325,151.84065452777588,155.3231854452359,165.28826656457758,178.45325579076393,195.88200663575418,218.2150037943673,243.8053233170658,31.99828815469837,270.0,0.48505303671094946,2.0090789287886075
2022-01-29 14:00:00-07:00,1006.5186166666666,57.492755,0.617011465560073,13.5,472.0671463145256,47.69376288794497,65.67641802491997,215.80086329231486,0.0,212.48393530877019,806.8034727081559,1.0,212.48393530877019,259.21863897059336,2.1090818128885642,15.638271388888889,1.240407203333333,749.770288155449,747.6428029980735,745.4649173476471,740.6684344574865,738.6834828502017,739.1626618841326,739.949186402363,740.1018108252197,739.8349934114689,740.8112142421242,741.3403428905361,741.8953539970402,76.28048295376405,74.72302031894012,73.97530578677575,72.8999085277734,74.48844035692547,78.121912591786,84.8364974352943,95.35622084958499,104.66076892501155,119.48010374592853,133.86110071474866,149.43731040116572,50.0,270.0,0.366977778440511,2.214355247456318
2022-01-29 15:00:00-07:00,909.4084,62.960636666666666,0.2666557443486481,14.5,322.40913516905357,42.75146412665689,73.42359401821673,228.6217885617778,0.0,56.45060019027319,785.0875947194841,1.0,56.45060019027319,90.1538484484198,2.857142857142857,15.305411611111111,1.1907090166666667,761.3963170748706,759.1624810530369,756.9672270773063,752.4034382148579,750.0079660644274,749.4656683426176,749.2118267834538,748.6336431864083,748.1108810421337,747.7981036487494,747.2349207075752,746.6322161789515,28.449252475072598,26.882285532862223,25.35701115972116,23.689256356043536,22.11605812319961,20.390261387893972,20.1476345694255,19.67530734952785,18.96300705349933,17.878573983596592,16.582042731062128,15.12260258955467,50.0,270.0,0.366977778440511,2.214355247456318
2022-01-29 16:00:00-07:00,591.0121152333334,33.62479166666667,0.2755504387384157,15.5,108.0725284030767,68.90568002791674,82.76342575714835,239.67834392761873,1.5543122344752188e-16,16.525441428729977,264.1135189448254,1.0,16.525441428729977,31.99473063509176,2.857142857142857,9.355499277777778,1.8015705766666663,232.75030792089296,232.4140580047278,232.41998778926862,232.05463803386712,232.0996096199611,231.66596800468412,231.24312870453167,231.23073680864957,230.7974798014648,230.31626857387747,230.25389318340828,230.1789054452335,5.530045224618588,5.313630267755551,5.086622194364123,5.018225089361123,4.68193364531228,4.633008450353589,4.454229281837959,4.3311114501148955,4.338726539284213,4.368558388927434,4.191974763338105,4.2735450173860325,16.202280050976384,270.0,0.6104853399369279,1.8968602745090046
2022-01-29 17:00:00-07:00,0.4115133833333333,3.761686116666666,0.5947656138045735,16.5,3.768290796680146,87.37170129701713,89.08037854057886,245.8365661730046,0.0,2.406753472284855,3.7795518445798666,1.0,2.406753472284855,0.0010047807229841854,2.857142857142857,5.558094122222221,1.0412069583333332,3.560745175149949,3.560745175149949,3.560745175149949,3.5607872166281833,3.5607872166281833,3.5607872166281833,3.5607872166281833,3.5607872166281833,3.5607872166281833,3.560501342097039,3.560501342097039,3.560501342097039,1.2667565236087053,1.2395521415257926,1.2157467656510244,1.195187015032283,1.1814376730343434,1.1736370835585825,1.1721839333908715,1.17722470224276,1.1886424375409075,1.205932626346026,1.2286343530835633,1.2557630674118494,1.8729124221893676,270.0,0.7336586663991541,1.8576770782066379
2022-01-30 07:00:00-07:00,401.1699953166666,15.610897166666666,0.6412502101300132,6.5,40.03828503520794,79.98113165391828,86.50907956367267,116.34751714398588,1.165734175856413e-15,7.544105658705933,89.95795042160069,1.0,7.544105658705933,26.251588489796838,2.857142857142857,-2.798663502944444,1.0873081006666667,60.60875292738068,60.7087626623982,60.70874790990408,60.839802152819104,60.79204292761532,60.79204733661487,60.92305433992078,60.86319367850837,60.86317843754745,60.86316192831454,60.99417829500929,60.919482632546206,4.2438315566723315,4.178506268420433,4.111308118534756,4.0674511158817355,4.042174564410563,4.036095394035304,4.055034609088496,4.093652163954913,4.192057983994673,4.2637124618455395,4.343689819633636,4.434050224459717,7.294916646071291,90.0,0.6865116970132175,1.8652371451241019
2022-01-30 08:00:00-07:00,859.0102,37.254538333333336,0.6851204312220113,7.5,223.84259550345826,51.639438925483674,77.45461695277825,125.92667819552494,1.5316893518729326e-08,17.509322475647892,608.5856768297103,1.0,17.509322475647892,149.338079923769,2.857142857142857,3.856167082777778,1.91521035,573.9155297088389,574.02493464529,574.3443533932395,574.4407044103024,574.6955343490112,574.7863401918901,574.9304212599824,576.2466195310532,577.595470062475,580.0663537403273,581.2407161417641,582.4206960393857,9.96857089465979,9.804833142253273,9.80659239636471,9.800292056206159,9.890209203680095,10.907505346568781,11.00446802679173,12.120152429981953,13.231513079180038,14.3941348311182,15.261023469148196,16.432486332849518,33.84195088330387,90.0000017075473,0.4715480512974824,2.0265659196740384
2022-01-30 09:00:00-07:00,992.1566666666666,47.81828,0.7277535475778001,8.5,405.68492183379425,44.67918956556934,68.85707261249534,137.87841063859423,0.0,137.56618950775646,828.3712917335921,1.0,137.56618950775646,259.99678795742733,2.6077944820385834,10.754332683333333,0.630371378,759.9849247363572,760.4150696527133,760.727440804824,760.5572146141867,761.1954723323419,761.7711096354361,761.583301231547,761.3653145247921,762.9911015130688,767.3666869194227,769.4442031941273,771.469773197014,163.3377791254468,149.2734847864308,135.5672000546037,120.12818352035492,108.80178406196877,95.43784353080767,87.02574916608623,80.3394317748938,75.38803503431791,73.49503394292817,71.13888424005957,69.84638797758512,50.0,90.0,0.366977778440511,2.214355247456318
2022-01-30 10:00:00-07:00,1051.7001666666667,53.66710666666667,0.6921178959935426,9.5,544.2767310851247,51.21573350320059,62.1931809920643,151.7965289338522,0.0,293.4277519422826,774.4306498499263,1.0,293.4277519422826,344.084289145788,1.7158350906232207,13.636542333333333,0.6550615116666666,715.5539729930233,714.0488793079537,713.3225043785009,712.9239494970185,711.5877342911929,711.5740633828807,711.9796081548642,711.1008909607399,714.1318496902913,715.1679607859746,716.199142903555,718.4540077581614,190.95537211575763,166.81416122407884,148.24939707502176,133.35233043341526,121.54537539468541,112.64060222268739,109.02359525831979,104.13210239910188,104.17963739449492,104.28186963724288,106.78786905372091,111.96310861111652,41.863994920537515,90.0,0.4163176535415312,2.1124117871263834
2022-01-30 11:00:00-07:00,1071.3873333333331,56.40033,0.604033799449374,10.5,621.4448561403908,56.08842524477491,58.17037333816765,167.6311930996992,0.0,392.36537490371654,670.3565285116074,1.0,392.36537490371654,371.61490427659515,1.2603899261414695,11.852075388888888,1.7941623983333337,634.1454472389779,633.8003658954119,633.7716282012872,633.5864865563707,634.6530093637616,635.1979282293556,635.2889772589814,636.2973155963441,636.8059409584263,637.8255199653959,637.7243749551137,638.2349508451805,200.42653052501666,181.71094393152165,165.40736283652436,153.82787569123795,145.51307591910603,139.9093093013474,139.20262283957751,140.90926959516133,145.0884206658548,151.54580151753268,158.9476159145119,169.0672047663478,19.038348746829513,90.0,0.5868995358415638,1.9118423999520173
2022-01-30 12:00:00-07:00,1075.6021666666666,56.805256666666665,0.4893563497520285,11.5,636.8318785122813,57.08871425678543,57.36688658344529,184.52765718635135,0.0,413.6979205366494,644.5328451859056,1.0,413.6979205366494,312.68887336038426,1.0924873054574293,12.376120666666669,2.4132812666666665,617.4899413585499,617.4901186351354,617.3594821060007,617.3602754651674,617.3618788306302,617.3634721380841,617.1249982668837,617.1233425271657,617.120448010202,616.9153115514339,616.9176121485409,616.5826088368981,156.53716204426178,145.78886698462654,136.81634037139983,129.18220551449477,124.18189242574601,121.63173606237822,122.16004555910558,125.39988678718021,131.41088540642133,140.0890099411173,151.93810483955116,164.81141254653357,7.027878048469172,270.0,0.6888238670386603,1.8646561201918863
2022-01-30 13:00:00-07:00,1058.9013333333337,54.821016666666665,0.3732186866366687,12.5,585.6193890579975,53.86981322009465,59.91576043791004,201.02546175751138,0.0,348.1344778796375,705.7115225138332,1.0,348.1344778796375,213.59982592516903,1.4776987174820988,13.382561888888889,2.101587738333333,673.3415658245142,671.8721246189185,670.7130373929356,669.3609811249404,667.5239785446544,664.5345979481178,664.728609106421,664.4391601616031,664.7925770787763,664.6855273989931,664.7136889800338,664.5744310046439,84.2341682194786,80.91161221747994,77.86171438552336,75.82756348666656,73.71700669257187,73.89930174606673,75.92587438466549,79.10147457506254,85.44558036885563,93.73103866048372,104.29769741451808,116.55359981112109,31.77098347662872,270.0,0.48673734325317214,2.006983404892629
2022-01-30 14:00:00-07:00,1010.1784833333334,51.23169666666667,0.262371861267468,13.5,471.4975956100898,47.47201423093425,65.41571888891842,215.90629050323875,0.0,211.13850358213105,774.4437058758386,1.0,211.13850358213105,119.96302255232536,2.0951765856293996,12.484726111111112,1.802415815,742.7253865034521,740.5785453052986,738.3990765846878,733.7860024033059,731.60493447818,731.5807410933598,731.8094504068769,731.6586137235385,731.2997555376895,731.6107441494768,731.5962597451472,731.5929803298962,39.643944908487214,37.63369674870938,35.98961333745642,34.242864054589624,33.56776631208242,33.84263108577364,36.403593661404656,40.57710974080313,44.32493029158577,50.46558085819135,56.59212794974079,63.36682267792982,50.0,270.0,0.366977778440511,2.214355247456318
2022-01-30 15:00:00-07:00,911.2049,46.08003,0.1324065499204525,14.5,309.73245245055807,42.48855988796188,73.18126426986063,228.76401949996006,0.0,52.14616876238783,753.8072962332736,1.0,52.14616876238783,50.49594995297638,2.857142857142857,11.27328172222222,1.441992085,738.2967411659964,736.2542377338626,734.2162747929602,730.0222325984969,727.8502059302446,727.4194775394453,727.2086066408125,726.7526990245887,726.3226962789386,726.0779945642046,725.624668098125,725.1461217459704,19.536505866921672,17.893694071734007,16.28915738039624,14.64239171724793,13.053112233623976,11.402777105376513,11.247076743356327,10.968162760074977,10.557843205679697,9.924042499088458,9.171066757957885,8.311066806985238,50.0,270.0,0.366977778440511,2.214355247456318
2022-01-30 16:00:00-07:00,610.4521628333333,44.67738666666666,0.1360391495479032,15.5,123.94440041826809,68.22275530109576,82.53909441390594,239.84422901563042,7.771561172376094e-17,22.039908048208616,293.2724568919972,1.0,22.039908048208616,19.427950766032968,2.857142857142857,11.137187611111113,0.4960191881666666,261.21743542772117,260.8083873287415,260.85748683156936,260.46883560978574,260.4728020929688,260.0551465327643,259.6095325452167,259.2052879132133,259.13953715385384,258.6414011067286,258.54250364685976,258.4377410341012,4.193904513571958,4.007413347116156,3.9582722648377686,3.6100213915611796,3.568065776601034,3.3992134608031015,3.236718039451148,3.222523607413828,3.1144256672012363,2.9931026344044107,3.02559054921093,3.071230160401212,16.718990209645725,270.0,0.6061610168196323,1.899415658160521
2022-01-30 17:00:00-07:00,0.63658865,4.3244609,0.2432154470016041,16.5,4.335112060931133,87.25995173039036,89.04130391644401,246.17511537087563,5.834800381022492e-08,2.766928076357177,4.353643916045032,1.0,2.766928076357177,0.0012488671671610993,2.857142857142857,6.120333622222222,0.9499196,4.095496841947524,4.095496847224667,4.095496847224667,4.095496847224667,4.0958254906026355,4.0958254906026355,4.0958254906026355,4.0958254906026355,4.0958254906026355,4.0958254906026355,4.095805725933735,4.095805725933735,0.5903729835927968,0.5776142157967851,0.5670565579090396,0.5588848335169979,0.5535236483652385,0.5511606966957946,0.5518493013448217,0.5555200255006078,0.562537671695065,0.5716583108376239,0.5828376442529447,0.5956084376901498,1.9474520016684498,269.9999883560799,0.7330085473693218,1.8577204428704948
2022-01-31 07:00:00-07:00,289.0248833333333,37.69625166666666,0.383179785124592,6.5,55.26246196736932,79.99989339862705,86.51555822190056,115.95546922226738,3.108624468950437e-16,19.902536522500696,94.79324166297627,1.0,19.902536522500696,21.466807540535868,2.857142857142857,5.378640338888888,1.2589780733333331,69.67854686217761,69.74305114437217,69.7430267942419,69.79552249348731,69.7949130839205,69.79492105702869,69.84734473123457,69.84080169980399,69.8407776594619,69.84075173536343,69.89318669374137,69.87568087490608,6.644098472738719,6.512960903007542,6.406994537256161,6.334530772500154,6.294646647993489,6.285643643970193,6.3154212488859125,6.376267169305918,6.4928255031012005,6.6025223089932865,6.728596112732971,6.872123215101536,7.256384129743401,90.0,0.6868452492025302,1.8651519752256704
2022-01-31 08:00:00-07:00,19.3735648,94.38930166666668,0.3133993969393003,7.5,98.65935889522473,50.969608264517234,77.26709741179121,125.71173130807763,0.0,57.73603568104749,113.68386503896518,1.0,57.73603568104749,32.16681940289074,2.8571428571428577,7.464341144444444,0.9373411216666666,104.94804546910255,105.94090491661288,106.39268141210907,107.32504117938696,107.83091835614675,108.23068148420575,109.1048128531732,108.85742190171818,108.67581462166171,108.43099279828226,107.60255185953491,107.37046388516082,16.763648598832944,16.811968050889885,16.708879388831523,17.00199597519795,17.092606983173912,17.05178700455413,17.464311851275788,17.50690342121453,17.251998161099984,17.19783843063473,17.158247949284355,17.050080888566615,34.44556247939921,90.0,0.4671885162076249,2.0324788900989343
2022-01-31 09:00:00-07:00,193.50366701666664,162.20963333333333,0.3054755156485021,8.5,232.682922744568,44.405808035482025,68.64187958101041,137.68362606524943,0.0,119.69322609525757,325.7256667689734,1.0,119.69322609525757,81.35086808399278,2.5933622309015107,7.916285511111111,0.7869833190000001,294.7705216851453,296.5713746934278,298.3330763868789,299.0736146339316,300.8339407040834,302.53929057280936,303.23466034115677,304.8216795640006,305.5731028493914,307.3118411756541,308.08866748107687,308.85052956792504,47.017950904304115,45.7363579443326,44.672475214102086,43.41150745951217,42.82952128713772,41.96676807725407,41.73719621698167,41.49646925692391,41.457320579603305,41.86365976812069,42.11375497891082,42.47752195233727,50.0,90.0,0.366977778440511,2.214355247456318
2022-01-31 10:00:00-07:00,838.99865,143.62148333333334,0.2709577876382917,9.5,538.1712535252617,50.94963655001777,61.9486497098291,151.63815331177636,0.0,297.7756874069939,715.8598942555861,1.0,297.7756874069939,153.81407204176722,1.711680845235133,13.219288166666669,1.26096894,665.0465485458501,664.98610382002,665.7117420114869,666.5214242253301,666.4838195103099,667.3894757024221,667.6145367280797,668.5612501488048,674.2137163717533,677.0117091337868,680.0405307986236,683.1358557907149,78.0024193571233,70.44772731617213,63.32726172769688,58.47875961686475,54.722917606315704,51.651034712120705,52.49729931742178,51.24468680161188,53.38584921656524,55.579530390944036,58.63085546150095,62.69529357492261,41.7166456427992,90.0,0.41727637957356184,2.1106979699332964
2022-01-31 11:00:00-07:00,815.1103516666666,114.47630166666666,0.247898209124659,10.5,547.6107218421374,55.80769854730733,57.90116689262437,167.53247427130964,0.0,346.36981020447536,586.199924367699,1.0,346.36981020447536,141.553321302472,1.259692691767401,12.913285833333331,1.4172090283333332,554.1299150875373,554.1555939803404,554.2921279684414,554.3600670848509,555.9689963521997,557.3289329596996,557.3588927490155,558.8241877581858,560.0453003464079,561.3248959679948,561.3495807048031,562.4474790508516,73.37746627475404,67.47253074088867,62.433898198828274,57.81484395441199,55.62659315151565,53.71274961746525,53.515293312740745,54.877856198600945,56.38686983411551,59.46851143684202,62.0873049364426,66.49336019176,18.99180901299161,90.00000147877934,0.5872835099569476,1.9115777480825256
2022-01-31 12:00:00-07:00,973.20565,95.19899,0.2379909170409969,11.5,624.0287016498701,56.8126862325006,57.085325133399635,184.506390778441,0.0,405.2729315225158,631.502005152273,1.0,405.2729315225158,151.02279996500806,1.0910640277707857,13.301325555555556,2.008270678333333,604.9515451269974,604.9504310910701,604.9092654213629,605.3113373049218,605.3127156870191,605.3136735897339,605.6480008618606,605.6472685302859,605.6465298711777,605.3296425705721,605.8876389350219,605.8873987555532,78.81533031154989,72.79264861479518,67.60135631332706,63.296884041598815,60.48473605365976,58.97180447764539,58.72781400666283,59.92507186408839,62.27944178581695,65.79932002031586,70.21896359337235,75.00133597344619,6.920875731729085,269.9999982924527,0.6897507288796828,1.8644293529948164
2022-01-31 13:00:00-07:00,1023.086,59.480765000000005,0.2387647521484849,12.5,576.6210821980998,53.62012736837022,59.63737572721041,201.0798491940957,0.0,337.6402586498479,687.114419820067,1.0,337.6402586498479,139.49098375448298,1.4732848608735836,15.041859277777778,2.351766555,660.3971080223303,658.8208019074448,657.4159389478436,655.616793197856,653.9816479655094,650.6902335414774,650.5788721095357,650.3810577272867,650.5242509621386,650.1975698028806,650.2122708100635,650.157824857613,56.49614152420509,53.39515990435531,50.893093759094384,48.83607997381984,46.688916958332236,46.83207588658821,47.013323613163855,48.150798870030094,51.75843955174814,56.770884478733116,63.219628703619485,70.94934405536935,31.548163466230886,270.0,0.4883924406088512,2.0049422120611804
2022-01-31 14:00:00-07:00,1002.2139666666668,50.95610833333333,0.2227799665455366,13.5,472.09871224856545,47.24468428095337,65.152010423596,216.01787337418997,0.0,211.3309086431223,768.223295674505,1.0,211.3309086431223,104.6543847099185,2.0815395900196543,15.032384944444445,7.935718033333333,739.5493552235879,737.3889482631128,735.1957187236932,730.5787203099316,728.3697834141715,728.2828530133725,728.4434483914226,728.2463776729769,727.8709152302025,728.099710716772,728.0152415636906,727.9390901312199,35.82435724673465,33.792994356219864,32.078863748714994,30.28545851246162,29.4072477465222,29.343096691105426,31.49480714060506,35.016909234537486,38.179556563192094,43.376233448266206,48.56347522068317,54.30241954947631,50.0,270.0,0.366977778440511,2.214355247456318
2022-01-31 15:00:00-07:00,909.0008,46.318846666666666,0.1050658418933909,14.5,313.04345866966594,42.22014091095494,72.93681313573893,228.91248003004085,0.0,55.3831650969623,753.7399318357111,1.0,55.3831650969623,43.91125384901795,2.857142857142857,14.295328111111113,7.12494065,739.744254679882,737.6858694172578,735.624760204927,731.3881232015069,729.2081177887235,728.7715188544184,728.5568095149546,728.0962965481943,727.6560416468583,727.411406768131,726.9510841934596,726.4667318536219,18.68070361410528,16.984316888614682,15.329902949293178,13.654365937057312,12.032035368772158,10.367743424436952,10.235818007225872,9.993549793025478,9.634111257179839,9.069235639592003,8.390185909593308,7.608483954671947,50.0,270.0,0.366977778440511,2.214355247456318
2022-01-31 16:00:00-07:00,624.5182503666667,52.73600166666667,0.1129324907793264,15.5,136.26921376676114,67.53241615285611,82.31329465142407,240.0161669680359,0.0,27.496766865199024,312.800977673181,1.0,27.496766865199024,18.214972882447334,2.857142857142857,13.82776138888889,2.961920015,281.054609038359,280.68402662770546,280.7114176056041,280.28907099786386,279.8599804693665,279.86426919291057,279.40604735888894,278.9185353543133,278.8290281271189,278.28234039931476,278.15812439398,278.0211178137067,4.572200809788549,4.3647175590986,4.132003561453492,3.9251599892843307,3.7268951585036274,3.688896563879869,3.505840563271202,3.366544280822741,3.3648000464557724,3.2233593286389666,3.15809285334401,3.2089212975611354,17.240780550712184,270.0,0.6018060504393987,1.9020752086202408
2022-01-31 17:00:00-07:00,0.2174901,4.8297783333333335,0.184922358372588,16.5,4.83356739677985,87.14683774883858,89.0017553559469,246.51992105035276,0.0,3.0903698016776437,4.83909979080717,1.0,3.0903698016776437,0.0015044305201298823,2.857142857142857,11.286985477777778,2.891658083333333,4.568778005944961,4.568778005944961,4.568778005944961,4.568778005944961,4.568778005944961,4.568778005944961,4.568778005944961,4.568410960270827,4.568410960270827,4.568410960270827,4.568410960270827,4.568410960270827,0.5058154724254663,0.4949864576278844,0.48550353516631806,0.4777638430951845,0.4721049193765107,0.4686783934479457,0.4680889293449666,0.4700896946006283,0.4746368021384202,0.48157298358393064,0.4906360695997125,0.5014752846985037,2.022547344124431,270.0,0.7323536101712209,1.857765841345494
2022-02-01 07:00:00-07:00,2.280827383333333,22.952051666666662,0.2345505456993224,6.5,23.09749828520975,79.50219706691858,86.34381109057377,115.72655438764245,0.0,14.344353968187459,23.77514224320937,1.0,14.344353968187459,5.258524237549973,2.857142857142857,-4.629742261111111,0.5032810888333333,22.079914961525912,22.03361364895226,22.06923174612481,22.022979844912587,22.02300557174939,22.060199534125505,22.01246322987325,22.01245163806704,22.051137535788076,22.051129617424237,22.004856468767883,22.004877441834232,2.9020933127802317,2.8420289967467265,2.7953662300630224,2.762983768831042,2.7424417426332797,2.74113407974827,2.749898646902828,2.7778645418674306,2.8165517644083415,2.8642871203526004,2.9219497408668187,2.981840081465701,7.605495311798904,90.0,0.6838242707979184,1.8659400063306277
2022-02-01 08:00:00-07:00,0.05304225,89.95984333333332,0.224724875436844,7.5,89.97170861542162,50.27314453635142,77.0738531246006,125.49548524688252,3.1086244689504376e-16,55.72646391563093,93.7546110955311,1.0,55.72646391563093,22.38069215794065,2.8571428571428568,-3.2048328166666664,1.3704988733333332,85.98629137249947,86.98080526114154,87.44434716824313,88.38338034875068,88.82418480455533,89.70998254837,90.17436351823505,89.94056542909473,89.70897648656202,89.52763283770514,88.65713966609843,88.44308942792682,12.473770645242803,12.595886953752187,12.809982760934197,12.825911783833158,13.186786751990573,13.116927112776574,13.24219512877455,13.211368179395937,13.180916690761558,13.101171857921555,13.023390373728633,12.905964506711259,35.08114233675923,90.0,0.4626320276659052,2.0388039335260197
2022-02-01 09:00:00-07:00,0.3012436,184.4934,0.2213203798300925,8.5,184.60419278879402,44.12891346333619,68.4209409307674,137.4881352934135,0.0,117.86737386149537,178.09882535995533,1.0,117.86737386149537,53.74446096126286,2.57861933540065,-2.654631927777778,1.841277005,156.50110358632065,158.8511032773503,161.16341889833012,162.20971887968608,164.47239054802674,166.6752189146842,167.66307715634605,169.80682398800548,169.31364012487552,168.4921563640816,168.02377497763047,167.56111719344364,33.7895305331493,34.10818792612666,34.61079425724446,35.10977664901413,35.86337207069358,36.56175233535619,37.38525758413602,36.92668358706051,36.47902954736908,36.135570519718755,35.68525617455837,35.22694923165462,50.0,90.0,0.366977778440511,2.214355247456318
2022-02-01 10:00:00-07:00,104.7811953,251.59496666666664,0.2194914093737585,9.5,301.2730586088246,50.68020021117986,61.698408430544475,151.48013745321896,0.0,188.39909154939258,317.402637348066,1.0,188.39909154939258,78.07012158821564,1.7073749815348216,-2.1215383755555552,1.8866018266666664,287.3504446847304,289.8289687831817,290.9360508911301,293.40092777953316,295.72256998558703,296.82737057871867,299.10066293929617,300.07383975600976,299.7741992422069,301.2021947915501,301.45344343536067,301.72923056035927,43.52547746028983,42.58658636578836,42.04699633273275,41.6841674976468,41.01770646431734,41.602345643639794,41.67054594851905,42.530405192832,42.77674906428137,43.12197835450118,43.740395788135054,44.30169143035097,41.56297873459219,90.0,0.41827855519579316,2.108915931519328
2022-02-01 11:00:00-07:00,203.22654996666668,320.58715,0.2169018232711338,10.5,429.40202146103076,55.52268723137424,57.626495129448905,167.43578538429097,0.0,275.9913711606813,438.25230788384073,1.0,275.9913711606813,96.65186747244434,1.2588956650080634,-0.8787843226666666,1.7771071266666667,413.6659513355073,414.3185593281197,415.03856511173194,415.65746281068994,416.3475477069556,416.88987034707094,417.50907986230305,417.5347535195589,418.0191473612799,418.5689777954671,418.5815339699502,419.0196971664845,51.73019838620435,49.07279592975098,46.95636239689024,45.070323509082804,44.28856817009157,43.85857484590554,43.88158223136981,44.71886823820215,45.675647165643845,47.25328434085736,48.644665085511775,50.74729126153682,18.938572517072583,90.0,0.5877228670526459,1.9112757795418092
2022-02-01 12:00:00-07:00,6.044493666666667,342.1123833333333,0.2045070516753559,11.5,345.422222086949,56.53126844448312,56.79890889705306,184.48911930879265,0.0,222.51597269155164,343.23453377367053,1.0,222.51597269155164,69.38905167385927,1.0897281168446136,-1.2431272444444446,2.4332957616666664,326.4454776666394,326.445200057347,326.7797472606571,326.39136234233297,326.39167945257145,326.75151097528453,326.3628935212418,326.3627299597773,326.34807604041373,326.71305974105115,326.3244612933895,326.3244454530904,38.912328863217134,37.63531159105864,36.581011739321724,35.724020391918884,35.21933487867086,35.02973084038624,35.132635399887256,35.53617598832857,36.18862355676088,37.03968373338565,38.09328782960662,39.242791140779275,6.820393092559412,269.99999716835316,0.6906213081769582,1.864219555054757
2022-02-01 13:00:00-07:00,6.409173999999999,278.77778333333333,0.2048453095570496,12.5,282.04464228120173,53.36419355629526,59.35508120800181,201.13975134035763,0.0,184.59373654457983,269.69516519754336,1.0,184.59373654457983,62.82306088474921,1.4689899166716434,-1.809726077777778,2.60887523,255.3134598932736,255.54828572687197,255.90316776518242,256.1367845765389,256.4879739746775,258.15922370584934,257.1371191624349,256.0597792728199,253.72362164694954,252.4181550432248,251.26899841401638,248.68055378399066,36.13107264055207,36.05249019045999,35.88213512070169,36.34634269026406,36.17465898953526,35.09764409016436,35.13317809280507,35.04871035022683,35.42169209845051,35.78112116884547,35.766058451613304,36.764595773372086,31.329961834299596,270.0,0.4900170673733695,2.0029558173375066
2022-02-01 14:00:00-07:00,1.3890469833333332,131.56593666666666,0.3046507817756077,13.5,132.15548958265205,47.01185946463911,64.88542383996774,216.1356398800569,0.0,88.89434754143286,114.90161528542798,1.0,88.89434754143286,48.41965314902918,2.0681737225493664,-4.133423761111112,2.5703312,106.05760444107362,106.51122114562297,106.97084850277611,107.76311570029422,108.23751852094621,106.61179048641033,105.89819174871303,104.24823957036465,102.5450894712173,101.7900542436538,100.0539900032223,98.29296600428646,31.31434517343322,31.725995508031378,32.113089736164945,32.37167971764442,32.72084613309976,33.066529736420314,32.33177932824717,31.674967153607852,30.967482610904852,30.507977190275902,30.056563738241156,29.80149851075714,50.0,270.0,0.366977778440511,2.214355247456318
2022-02-01 15:00:00-07:00,0.8752878666666667,78.67567166666666,0.588854411198754,14.5,78.93610077914067,41.94630399325115,72.69036738369095,229.06716282032792,0.0,52.95051318787554,72.4866869150099,1.0,52.95051318787554,47.43071474497613,2.857142857142857,-5.139623977777777,1.9039566666666663,64.55024427717002,64.9410781681881,65.33762006066706,65.97667242920282,66.38166679611574,65.459124385249,65.11978438558496,64.20605513118262,63.257958668605596,62.893618019079724,61.92764297775872,60.94924425652785,28.4306303479472,28.832653700980526,29.20014093662502,29.385391737595075,29.689038033058782,29.963634322492727,29.44643357760444,28.99952430194316,28.45757309846996,28.163201977431694,27.833102080542297,27.707607529766385,50.0,270.0,0.366977778440511,2.214355247456318
2022-02-01 16:00:00-07:00,0.5625302833333333,25.944830333333336,0.717284206686565,15.5,26.022281817844153,66.83482512683203,82.08614192904133,240.19412048674658,0.0,16.964121277276796,25.34586353719074,1.0,16.964121277276796,18.19232742329572,2.857142857142857,-5.297446722222222,0.8859493144999999,23.80217534306087,23.848836789142855,23.848817542152535,23.88403881741333,24.02212791703412,23.937605080781932,23.975660642177388,24.038066738818813,24.157308944066035,24.101165943736202,24.02292213112681,23.96217698114105,10.58646404038251,10.450525742429999,10.284275982006042,10.14852146179659,9.97892367290597,9.845303253783433,9.800861681970398,9.764534450062564,9.777394921688698,9.85930723869532,9.965403965406798,10.163431451634995,17.76753463927465,270.0,0.5974221233601453,1.9048404019111733
2022-02-01 17:00:00-07:00,0.6751599666666667,1.1553538666666665,0.99,16.5,1.1696662043707764,86.52764312030847,88.78532789933494,246.70946253569386,0.0,0.7394463738613429,1.1957146293460013,1.0,0.7394463738613429,0.0005316278664171643,2.857142857142857,-5.580816427777778,1.558795655,1.10462003710858,1.1045322343959942,1.1045322343959942,1.1045322343959942,1.1045322343959942,1.1045322343959942,1.1045322343959942,1.1045322343959942,1.1045322343959942,1.1045322343959942,1.1043691105827627,1.1043691105827627,0.6485825633454875,0.6347190524569257,0.6217466001645826,0.6118724333357534,0.6046319335160274,0.6003706417992445,0.5993295513981372,0.6016011455892147,0.6071444585753054,0.615783828061055,0.6271983997909998,0.6421558267433707,2.4582902589948317,270.0,0.7285539517853483,1.858063146577229
2022-02-02 07:00:00-07:00,0.1905354333333333,12.743828833333334,0.9898033029506008,6.5,12.75599127369949,79.49158774979873,86.34015259073284,115.33104960169777,0.0,8.19853993187139,12.636867021299519,1.0,8.19853993187139,12.48524317061796,2.857142857142857,-13.555873444444444,2.07884184,11.98091218644233,11.952786472516863,11.973658233081297,11.945650912215287,11.945713544968518,11.967658770054774,11.936071935806746,11.93604406977592,11.958974775679732,11.958954616017103,11.930895297080601,11.930945306067441,7.009939432903667,6.865069169602003,6.752513670100469,6.674398522701719,6.624237325552026,6.621064891256212,6.650305788049084,6.714904450176882,6.808251296076519,6.923400321230643,7.060940511164402,7.2055000031422916,7.587799191084027,90.0,0.6839773432131779,1.865899176122273
2022-02-02 08:00:00-07:00,0.5461320166666667,76.40157166666667,0.99,7.5,76.52558571393949,49.54944488012916,76.8749536988131,125.27801892713792,7.77156117237609e-16,48.7844564423191,81.00532701308795,1.0,48.7844564423191,72.25636111286926,2.857142857142857,-12.82145138888889,1.626470775,71.39987279045475,72.0900453670386,72.350514920439,73.2186692788907,73.45897807540887,74.07470579047178,74.31583017666748,74.1438518641949,74.17791546233182,73.81614727422802,73.64069438465908,72.72628947959078,38.6191831782301,38.23771821439097,37.91737410565687,38.13187032348379,38.399372199037906,38.24093526309739,38.891704022859344,39.04019780548076,39.28123036991245,39.014738613776736,39.12063130614472,38.978121213921206,35.75042534134716,90.0,0.4578721547862047,2.045573212440088
2022-02-02 09:00:00-07:00,17.586007116666668,168.56381666666667,0.9853472341482732,8.5,175.0963076730907,43.848643737174896,68.19433778173081,137.29200173866764,0.0,110.99527825381894,195.0115805238851,1.0,110.99527825381894,160.45259078819396,2.5635896602505017,-11.942876444444444,1.6453589433333335,163.87204565436468,165.48092191001376,167.0662474844396,167.4516476711085,169.0532730482926,170.56607950149203,170.90847310773358,172.4278722743355,171.48514223723458,170.251952436795,169.37222313394273,168.50013603944814,94.59287399217243,93.09008155296253,92.28865060386546,91.18227888165306,91.31330175280057,90.91691274389534,91.23679805568389,89.90382385376178,88.64334873441251,88.08910121980792,86.87012089285133,85.6406798171369,50.0,90.0,0.366977778440511,2.214355247456318
2022-02-02 10:00:00-07:00,19.765611666666665,329.08566666666667,0.9136926296452972,9.5,338.5344142830561,50.4075124083535,61.44254838627761,151.3225359099099,0.0,217.48369414041255,362.13359601330563,1.0,217.48369414041255,292.50481336898287,1.7029251911426986,-10.53733478888889,1.7176680683333332,315.9434821693117,318.27091963592073,320.63502231356705,321.42228611752927,323.61305847290635,324.47515791657446,326.7892694759202,325.46505075644114,325.10612672431114,325.52907028844083,324.4465635797045,323.484913851834,164.70047094875636,159.4312026789188,155.8499538849758,152.60600853269483,150.50682169739795,151.06328301876275,149.99538755049716,151.33861859631546,150.5041790635899,150.85504478093708,150.52369673551314,150.36735872560743,41.403161006759824,90.00000120741828,0.41932337603667946,2.107068273213444
2022-02-02 11:00:00-07:00,10.057814333333331,367.27271666666667,0.8949998580388183,10.5,372.6994887275303,55.23349853679356,57.346459319608506,167.34118411853535,0.0,241.95529505645743,373.4622650018633,1.0,241.95529505645743,326.83891422695365,1.2580014023822186,-10.66713538888889,1.9650618533333333,350.30600069523734,350.86670772965863,351.78545505594695,352.361357222828,352.2227334964332,351.68978421129873,352.6279349575591,351.6338870705,351.15014737581316,351.04306413461984,350.756632758268,350.68576725124797,181.17611504430909,173.65383179253135,169.42707190807698,165.4229087555914,163.28644672548805,163.16157281103904,164.0016355883404,165.7109127336051,168.73082162167327,171.9940789922704,175.80499008643287,179.9753455503954,18.878786589046236,90.0,0.5882164431483665,1.9109376347255758
2022-02-02 12:00:00-07:00,4.763154666666667,356.3874333333333,0.8811931537248636,11.5,359.01585718321826,56.24458535465542,56.50775142093955,184.4759078918708,0.0,231.27050232253137,357.6865343871373,1.0,231.27050232253137,314.2694880677755,1.0884790280115535,-10.850037333333336,1.9673486033333332,339.64790943984633,339.5604959692355,339.92240742437593,339.52838239338416,339.5298223614071,339.89853993828734,339.50372269357166,339.5030175554753,339.8101297705059,339.8098098691949,339.4149655342317,339.4148244274884,174.1941981036601,168.40332736190476,163.6188764131173,160.0129515932049,157.44294052442328,156.5652148958008,157.01286989926942,158.7647292912797,161.7130192820651,165.5677955520702,170.39221291602425,175.57640128514353,6.726396460805918,269.999994949007,0.6914358582317476,1.864026063811986
2022-02-02 13:00:00-07:00,15.645242833333333,360.82641666666666,0.8796086218421821,12.5,368.86815598836455,53.1021266982972,59.0690022252934,201.2052235736707,0.0,239.2368313485542,378.9264618572591,1.0,239.2368313485542,312.6804571212844,1.4648140487469492,-10.838448083333333,2.2137877,346.40235784892496,348.6157005953021,349.4429451573206,349.5332225013947,350.247281065571,348.97864611917566,349.9525816865438,349.15716505932454,347.7720906153115,345.37234850948005,344.75746861934056,342.20126090890415,164.67585870532778,163.50059957077,161.51814755353703,160.16826317654053,157.81015455070244,156.31980369643608,156.12068844988346,157.43917774230445,159.6028192632741,162.94591124550095,167.31659277643547,172.4431784831628,31.11649516817559,270.0,0.49161008876724493,2.001024515385997
2022-02-02 14:00:00-07:00,72.83811833333333,297.1741333333333,0.8774268680493439,13.5,328.3984839613469,46.773627897266316,64.61608889765142,216.25961489178923,0.0,195.6159592018465,411.3441356564642,1.0,195.6159592018465,269.4958155827793,2.055081036372882,-11.180482944444444,2.063679303333333,363.9696301671305,364.05162333078783,364.1328469025992,363.4810557584252,363.617833428714,361.74953339770417,361.5308192887835,359.6652648211392,357.48245694162176,357.3045013479685,355.43751862229,353.56286639334496,128.1965239805558,128.40274527267658,128.79018873097317,128.32614817612676,129.34681454180114,131.193624261523,132.21449739521933,135.03672056033207,137.06868660035545,142.34009307796512,147.45878512551025,153.9475066324902,50.0,270.0,0.366977778440511,2.214355247456318
2022-02-02 15:00:00-07:00,90.65071833333332,202.0376,0.7932180972495105,14.5,229.38422278883138,41.667146521392944,72.44205151352665,229.2280572673166,0.0,112.85492779429404,352.6255318457953,1.0,112.85492779429404,172.1847326990111,2.857142857142857,-12.089141166666668,2.28599961,321.14958906333584,321.21231595930675,321.3155631085003,321.0957642219238,321.1868349292189,319.5205155749164,319.0145269172268,317.37006252528977,315.72272470804376,315.13181727980106,313.46081889631205,311.71363214766825,80.18590631994249,81.07617362376776,81.94668284594597,82.22375601985206,82.95078894230251,83.51441403985456,82.86176531602418,82.16737977703262,80.86815985928902,79.65414960571006,77.86136840140178,76.20321883349875,50.0,270.0,0.366977778440511,2.214355247456318
2022-02-02 16:00:00-07:00,17.7908592,87.78822166666667,0.8570582383061368,15.5,90.30796348216509,66.13013122161617,81.85774872723148,240.37804921749336,8.000410114781268e-09,48.3966072584377,119.11715308349679,1.0,48.3966072584377,75.66312735653958,2.857142857142857,-13.310316055555557,2.4352740833333333,109.8590326359533,110.10944650160843,110.26256906611444,110.49886422662958,110.3442417982274,110.26384964623963,109.88921973291289,110.13305376152395,110.0639070446072,109.68614667298147,109.93952400069006,109.63156222680304,34.64448417005628,33.91937759341226,33.443819699578526,33.35100849618055,33.189664859280946,33.31522424344262,33.766606232748686,34.04097510178977,34.62693687614515,35.054574492078494,35.66835079039412,36.117347537951666,18.299149988144208,269.9999987925817,0.5930108146370525,1.9077127213686063
2022-02-02 17:00:00-07:00,0.5185631166666667,5.323191266666667,0.886267531637171,16.5,5.334551463551775,86.41141841646366,88.74471710605211,247.0665589704536,6.378481395887648e-08,3.407092108368562,5.3530466011754765,1.0,3.407092108368562,0.002602362201666289,2.857142857142857,-14.961038277777778,1.58105444,5.041458163164488,5.04145817086852,5.04145817086852,5.0422097494826845,5.0422097494826845,5.0422097494826845,5.0422097494826845,5.0422097494826845,5.0422097494826845,5.0422097494826845,5.0422097494826845,5.0422097494826845,2.6438171640743504,2.587046613888261,2.539965536584364,2.5043480455210423,2.4815132278095873,2.4721752267259673,2.476499605386793,2.494095094198408,2.52395615376234,2.567722145459624,2.6181012396570886,2.6751819849874114,2.533883785746124,269.99998671839904,0.7278948997692833,1.8581206060517417
2022-02-03 07:00:00-07:00,393.0129975,29.339314833333333,0.7571672281808766,6.5,55.676908722421956,78.96140504271585,86.15746865949835,115.09898807148114,1.0197497719949345e-08,15.571951759355851,111.43266270781481,1.0,15.571951759355851,42.6670732459997,2.857142857142857,-19.76708038888889,0.750371895,81.04704716079348,81.16170744019774,81.15539624734775,81.15551952179294,81.25514455666993,81.25512080481454,81.226717242588,81.33984372682136,81.33481906777459,81.33482888707066,81.40573118774583,81.40580882722068,10.273378502380467,10.06290341878283,9.881370677767784,9.772080253401233,9.759478336542177,9.755582848453717,9.800406658680197,9.89784444736545,10.034664824498327,10.204803016971928,10.456277726214243,10.670724011835215,7.958540536251425,90.00000190909591,0.6807717487479084,1.866774341430494
2022-02-03 08:00:00-07:00,824.9933833333333,67.66043333333333,0.8550773081809602,7.5,257.86367524895013,48.79783944378803,76.67047268723778,125.05940660451182,6.217248937900872e-16,30.934929003614414,676.0820299674775,1.0,30.934929003614414,211.0164928127834,2.857142857142857,-11.42199998888889,0.2296056281666666,633.0570323463679,633.5173102965607,633.9898325126276,634.1437398841716,634.5856197318515,634.8499540269106,635.0168495049954,636.7667786258281,638.2197133341182,639.7373051214041,641.1189395926872,642.5669872990874,21.447185680113463,21.12274777415063,21.115345212975935,21.10221116836909,21.376678649890337,21.58648951584017,23.00479623629775,24.246215131331184,25.59331602392746,27.038055217863946,28.399202438731056,29.76783752683758,36.455408027697736,90.0,0.4529015082130695,2.0528233032889647
2022-02-03 09:00:00-07:00,965.59035,71.37161666666665,0.8952807750489821,8.5,433.67940768974313,43.5651366517842,67.96215447183272,137.09528370678504,0.0,158.06454310773964,874.7905669161926,1.0,158.06454310773964,340.8249592183904,2.548296823744518,-7.394126211111111,0.3495688951666666,790.239004609827,790.818592537905,791.1894595752547,790.8968168159148,791.7237128054705,792.4961849672728,792.1140358035672,791.8299723826175,793.7276656328597,799.0569899896127,801.5698592526095,804.0152835283949,215.038095022832,196.89430885700554,179.32637069436905,159.5361052950272,145.10263343643936,128.06389252901772,117.19740284535935,108.63254501798804,102.23455315709862,99.8331575632948,96.82301845449929,95.16997218738904,50.0,90.0,0.366977778440511,2.214355247456318
2022-02-03 10:00:00-07:00,1022.9665,74.87903333333334,0.940480621926117,9.5,567.9915924270508,50.13166139443382,61.181163134895996,151.16539782326663,0.0,313.1953657763458,813.4946400435165,1.0,313.1953657763458,486.986876120803,1.6983390989691172,-7.698561522222222,1.0214966436666666,742.9681147124528,741.148837279225,740.2308300025481,739.2275464767342,737.5078588148583,737.0739026286179,736.6449699707847,737.5534277170792,738.8000233564431,741.0589953820121,742.0255176733435,743.399795663116,270.53562221339706,241.13640802590336,215.47892713301272,194.6205541724446,174.99713981797947,165.5783420533098,158.47914201783738,154.2625702260195,152.2550391829127,154.3389106719149,156.9526724275312,162.39891891436383,41.23736430275529,90.0,0.42041000378179955,2.105157659435119
2022-02-03 11:00:00-07:00,1045.3848333333333,80.67103833333334,0.9511091443222148,10.5,649.0922060097698,54.94023968837145,57.061162065029386,167.2487229733978,0.0,410.1499240595998,704.8229259203748,1.0,410.1499240595998,608.8554709086143,1.25701246356832,-7.487380777777777,1.5353403283333331,664.8349325671155,664.257115886453,664.2027434370368,663.8363164877806,665.1546494263475,665.62858302952,666.9690863559102,666.3791751996843,667.4622511231324,668.4513663595801,667.9884589312782,669.0954290084246,329.4448423603784,298.8060497798521,275.5843568306458,253.97482618134595,240.12637494437743,233.05793308641734,230.28993529927124,232.74033575619083,239.72222834194844,249.96032584230542,262.04307656525015,278.047257899271,18.81260727536961,90.0,0.5887630066613636,1.9105645307923824
2022-02-03 12:00:00-07:00,1045.7825,80.71773166666667,0.9606718289995444,11.5,662.3004355779495,55.95276217143485,56.211966632875395,184.4668170115684,0.0,430.13197778160895,670.8046229893008,1.0,430.13197778160895,636.6748016214318,1.0873158964246397,-5.642813972222223,2.195783335,643.805057910442,643.6257165835805,643.493623396114,643.978174182051,643.7957018253437,643.8001298173676,644.2828742466945,644.1463910560526,643.9008603886351,643.899586567576,644.3827048612179,644.3816855508508,336.8948308909223,311.06999861377227,288.7588409502814,270.95406606709247,257.4387824302034,251.01668505699925,250.14269269448906,254.7749393538344,265.07229019379105,279.38075433548283,298.2481762375803,319.10034600570117,6.638836247702009,269.9999956465915,0.6921947738225883,1.8638482264786655
2022-02-03 13:00:00-07:00,1030.8826666666666,76.06779833333333,0.9695817947260568,12.5,610.4119611673206,52.83404472860561,58.779263569856006,201.276316698411,0.0,363.75850677352446,752.8051915161309,1.0,363.75850677352446,563.5308104185502,1.4607570981744835,-3.9291033722222224,1.2382501166666666,701.2281957226787,700.5194266360995,698.7672102351152,697.4383323929892,696.0927770022555,694.1791243342666,693.1565600444554,692.5027750048996,693.7563816077463,694.1480973358034,695.5010194051439,694.3784966404861,219.89521881771245,212.60464318988497,206.11983683022524,200.06541350130144,195.90856772981167,193.91800239974114,200.2962201299049,210.208846179039,224.74102188021524,245.88591371188963,273.4733632133186,306.18289840054234,30.90786148975457,270.0,0.4931705093256351,1.999148421916273
2022-02-03 14:00:00-07:00,984.1758,67.729335,0.8885650647189985,13.5,493.8428871854591,46.530080660828055,64.34413375723588,216.3898184014025,0.0,232.51582491840904,844.3418209945594,1.0,232.51582491840904,382.7594262499596,2.04226273427802,-2.497415933333333,0.8088899266666666,767.3809115665896,765.2707830080948,763.137015158371,758.1461675923209,756.2393870529651,757.2753091977348,758.7197672939544,759.5444732108389,759.4794605048774,761.3285096835241,762.6070550596978,763.9020042705329,112.22332881904592,110.07754085859374,109.0888983109248,107.58344770140961,109.76156024129412,115.51584827568867,124.52755869921518,139.0838695605334,152.18985064557174,173.7665451396329,195.34697067264875,219.11231574085383,50.0,270.0,0.366977778440511,2.214355247456318
2022-02-03 15:00:00-07:00,882.0398833333334,55.72026,0.3721450510688117,14.5,325.4731538418918,41.38276739620239,72.19198738497292,229.39514788012013,0.0,63.9499103277373,777.2740385776865,1.0,63.9499103277373,117.47201035138488,2.857142857142857,-2.4149564933333334,0.897821495,749.2298481126861,747.094723099214,744.9647109693619,740.6620188974841,738.5112308298836,738.0584626049114,737.8789764970486,737.3756204591248,736.9838333477297,736.7349534150082,736.3390326651828,735.8286002156209,34.61047338399264,33.881338524073044,33.278742024915545,32.50760618671057,32.03682916768698,31.45505059582995,32.10675243288465,32.420889538478576,32.07279604341516,30.797631192382475,28.579845976319362,25.659247739720787,50.0,270.0,0.366977778440511,2.214355247456318
2022-02-03 16:00:00-07:00,589.3085558333333,36.78174666666666,0.3622634783559249,15.5,122.58253430351456,65.41846911804429,81.62822402875126,240.56790827539743,5.440092820663264e-16,17.689133002733207,303.5316732843912,1.0,17.689133002733207,46.92792349640423,2.857142857142857,-6.176202077777778,1.1901386045,276.7824826331695,276.31116928422887,276.31992696088906,275.81678912463894,275.2819702804235,275.2924969583712,274.72361857299256,274.13586868825575,273.5049226887961,273.42822857456815,273.33724383603476,273.255011969157,7.909919094420582,7.382269801190384,7.292498735930935,6.802445232291791,6.716795938738063,6.2796111774993735,6.228026473835405,6.071059234435697,5.854617279830068,5.8932436552603376,5.853987455661477,5.748128378077312,18.8355399656994,270.0,0.5885735851431573,1.9106936771306042
2022-02-03 17:00:00-07:00,0.5679376666666667,4.91706975,0.8528182403569138,16.5,4.931671841044237,85.78730197747765,88.52672143287162,247.26794955100897,0.0,3.148054707088794,4.95548625370866,1.0,3.148054707088794,0.0033037446790009986,2.857142857142857,-9.078430638888888,0.7691389178333333,4.662928264275082,4.662928264275082,4.662928264275082,4.662928264275082,4.662928264275082,4.662234025747228,4.662438054635268,4.662438054635268,4.662438054635268,4.662438054635268,4.662438054635268,4.662438054635268,2.378071707012581,2.3278325559990454,2.283422841559534,2.2467114985619703,2.219385939872201,2.202774533191037,2.197520428747381,2.2062359417423303,2.2263833830949276,2.257951262752616,2.299799110436775,2.350381242760252,2.9706537791542176,270.0,0.7240877684200976,1.858486647520047
2022-02-04 07:00:00-07:00,415.17104881666666,19.28367233333333,0.8107885524595416,6.5,47.204216003109735,78.92201750681804,86.14390835528444,114.70036158858888,7.77156117237609e-16,9.507788976392838,105.29826314790256,1.0,9.507788976392838,38.85218821038113,2.857142857142857,-9.29472982222222,0.6505666641666666,74.45229278402797,74.57108862472747,74.56696246869443,74.56704311153331,74.67019756249356,74.67018191475472,74.62667539989415,74.75798888734774,74.75470380283711,74.75471042196668,74.82811688267226,74.82816761438714,6.747643355213695,6.610035303693162,6.491332483705004,6.419883287201254,6.428909756224987,6.426368644322203,6.4556708705441626,6.5193802689943565,6.608806462117136,6.720059652852776,6.906487767321309,7.046676058766231,7.9610011443134105,90.0,0.6807504827710901,1.8667802884568978
2022-02-04 08:00:00-07:00,827.9618166666667,45.17282166666666,0.8402771434286926,7.5,239.0118104952361,48.01758690993267,76.46048879132758,124.83971755721495,3.108624468950437e-16,21.364977130699106,649.4027169145606,1.0,21.364977130699106,191.81562761822238,2.857142857142857,-3.983879641220056,0.6517019658333333,609.0966277777292,609.4174521459,609.7469631291683,609.8589478740904,610.1632895544502,610.2742160653448,610.4694146278473,612.2089860665589,613.7303581556298,615.2169609441008,616.7393937041786,618.1611691268479,14.497215158610793,14.393064875657824,14.288860992137938,14.39479697076034,14.586414440279375,14.737763884690127,15.969874082280672,17.379688388261393,18.725453620553267,20.155702424918783,21.541340605487676,22.944633561127834,37.198396211459674,90.0,0.4477115906772436,2.06059601586077
2022-02-04 09:00:00-07:00,961.4128,59.51919166666666,0.9283028666298274,8.5,423.95312346588355,43.2785302004413,67.72447970122074,136.8980339008665,0.0,149.98689129608826,855.1133444764149,1.0,149.98689129608826,343.6986290932073,2.532764255419468,1.3337666899427778,0.5803165631666667,771.1108626868881,771.6440694984215,771.9911587578542,771.6761253073577,772.4725806731614,773.1982366094371,772.7971920352484,772.4525441178398,774.2020991180522,779.2086298013066,781.5483569183939,783.8240178254553,213.65510277228262,194.42997995527705,176.0030258621226,155.53335408163014,140.79775052542695,123.63536811976833,112.7992932897847,104.25490767226488,97.94480149636858,95.65846251241891,92.74566637675636,91.20370436497025,50.0,90.0,0.366977778440511,2.214355247456318
2022-02-04 10:00:00-07:00,1021.3898666666666,67.488795,0.9626619786021876,9.5,564.0032936834052,49.85272807808146,60.91434959795611,151.00876618249697,0.0,310.3470319662193,808.5625276516619,1.0,310.3470319662193,493.8724274075408,1.693624653105857,2.4061853322222224,1.065879026666667,739.8640193620702,735.8780770237178,735.0114432857064,735.899971360112,733.8095966826869,733.5479590064481,732.8368077811878,733.5793032180104,734.6301961313216,736.756624934241,737.5671796380676,738.7391569195242,274.48512557657415,244.40722044818378,218.13881934704588,196.70991978657497,176.4976374032157,166.78532349560328,161.8610381294391,156.77749565273743,154.89752398744793,154.527440262262,156.90663092152343,164.3180938985791,41.065766998252414,90.0,0.42153755475493143,2.1031868317312146
2022-02-04 11:00:00-07:00,1045.9528333333333,71.141915,0.9666304795272044,10.5,644.3145897104514,54.64301541069943,56.77070816434502,167.1584482515683,0.0,406.98233975342947,699.6304652445938,1.0,406.98233975342947,613.7042344365683,1.255931654469462,1.7080830576111112,1.6858628733333334,660.291730319694,660.483113079037,659.6802236582553,660.0067926448086,661.2418311615427,661.6255779250635,662.8702707291042,662.2243803383029,663.2944408629744,664.1968929822388,663.7301749366197,664.7816655973032,332.2127521022361,301.03949483764166,277.41471606914956,255.42349601349693,243.44716537990627,233.97186575172066,231.14478344779545,233.49585690701156,240.6078960219153,250.55640158439735,263.1905400433529,278.9041305747846,18.740200548776677,90.00000190909591,0.5893612477017719,1.9101577648418886
2022-02-04 12:00:00-07:00,1047.0875,71.636055,0.975747806518338,11.5,658.4975329779654,55.6559244689653,55.91166947520606,184.46190129949895,0.0,427.7010735484446,666.7425254710397,1.0,427.7010735484446,642.7937307669529,1.08623772137737,2.387151225555556,1.8421440233333333,641.273899965052,641.2750483952784,640.8191560110631,640.8205951279666,641.0539381088148,641.1919340651688,640.7359736317944,640.7315224167849,640.9051683592636,640.4486106172861,640.4506531149243,640.5782415206137,321.60364622424447,299.55892762131754,281.4349503778386,266.9068415870808,256.4447596595845,251.7829552417206,252.70193593815105,259.2714686015101,273.0378266387331,291.1481732639731,313.84059312012494,340.0733670011306,6.557646301532223,270.0,0.6928985967019359,1.8636854000942087
2022-02-04 13:00:00-07:00,1025.245683333333,68.81390333333334,0.9793841635917236,12.5,604.7170390839829,52.56006937111922,58.4859898550601,201.35307562448963,0.0,360.01881361604444,744.879912245757,1.0,360.01881361604444,563.5092102840422,1.4568185851047044,4.57779655,1.1764549583333337,694.5633726581615,693.9509235405673,692.2349942596848,691.0145296725028,688.7682113274269,688.024067903925,687.3480509603004,686.4674739691652,687.7769659487003,688.2068516022655,688.3168505325862,688.7685830724605,219.8478977663679,210.9245660958153,204.86045858621722,198.8382997498498,194.58199179492036,194.78853768501352,199.3058636763155,209.0776588912096,224.07491598570178,245.40553889334745,273.1569127366424,306.10957827987164,30.704139764235915,270.0,0.4946974784654571,1.9973274758007826
2022-02-04 14:00:00-07:00,988.1943833333332,60.03129,0.8811790203652141,13.5,492.1466355190293,46.28131286967567,64.06968512551842,216.52626422837986,0.0,230.5014347814095,840.0992551834505,1.0,230.5014347814095,376.7631336394825,2.029719198790949,7.188507466666667,0.7360833033333333,764.3057729475145,762.3500746217867,760.373196819611,755.7219684636642,753.979440272513,755.0710069643563,756.5291018474301,757.4069280675998,757.3983596781775,759.2623023606358,760.5973309036071,761.949188160036,108.5736060985598,106.57148340187231,105.72659622950803,104.38299197980474,106.70374488286193,112.5986602273945,121.64539970841957,136.22517698076857,149.36672960071013,170.94621660753108,192.5342582544914,216.2835923059254,50.0,270.0,0.366977778440511,2.214355247456318
2022-02-04 15:00:00-07:00,902.7295833333334,48.90110833333333,0.3579921770460039,14.5,328.7543992097192,41.09326788904786,71.9402941871557,229.56841308501322,0.0,67.01528217967319,778.9217549312882,1.0,67.01528217967319,114.30448757389922,2.857142857142857,7.170591644444444,0.6662847633333333,751.7049877020316,749.6121073833675,747.5223880768997,743.3009550884245,741.2162365703958,740.766571897665,740.5854559475285,740.0876570436094,739.6940679823812,739.4534627946094,739.0662976584395,738.5596103080796,34.47756956932697,33.84086368512046,33.34489824716111,32.696369723022364,32.3859746842798,31.98247533678227,32.785233848146035,33.304938344947175,33.095711248299395,31.957120464345046,29.744845458438945,26.72359007100292,50.0,270.0,0.366977778440511,2.214355247456318
2022-02-04 16:00:00-07:00,677.4113265,31.199708333333334,0.2933078955903453,15.5,132.52384442723906,64.69995620562037,81.39767317982037,240.76364715678727,9.676271479259075e-09,14.847161225784829,340.252512412749,1.0,14.847161225784829,41.62673803795796,2.857142857142857,6.215912661111111,0.471398265,308.30780743017885,308.3912936592539,308.5395270868018,308.54029030749996,309.20797268239187,309.85193874414136,309.85390246453045,310.43293384919923,311.0352588186775,311.57497752774617,311.4858108888809,312.0887496589865,4.077820931365237,4.016760291359439,4.225801398820048,4.294240809325395,4.558502734207649,4.576470994007987,4.737513126815505,5.03960748506149,5.2558261972313405,5.573338949992398,5.821765757957818,6.141100261954679,19.37663480433026,269.9999985212207,0.5841117707713221,1.9137848224532201
2022-02-04 17:00:00-07:00,0.3168578166666667,5.041614983333333,0.8557868769415669,16.5,5.0499896259641215,85.669180658703,88.48547981080384,247.6370643394519,0.0,3.227960996314236,5.06198141490252,1.0,3.227960996314236,0.0035611068273997807,2.857142857142857,0.5526166106666666,0.7839067798333333,4.774577418144511,4.774577418144511,4.774577418144511,4.774577418144511,4.773865595139756,4.774075531088483,4.774075531088483,4.774075531088483,4.774075531088483,4.774075531088483,4.774075531088483,4.772954842482192,2.450478179618846,2.3951708519544272,2.3495444790263362,2.3118078788113055,2.2837030111592025,2.266596318544961,2.261506083077907,2.268546015967914,2.2907995197628495,2.323263216342089,2.3663197463600927,2.41838548696214,3.0458753401805576,270.0,0.7234322410924688,1.8585555466153676
2022-02-05 07:00:00-07:00,212.10862183333333,41.489114,0.8464245018648533,6.5,56.467654390218804,78.35988243054807,85.95055575374134,114.46548945098743,2.078877384762762e-08,21.774416081005356,94.79370403048003,1.0,21.774416081005356,48.05875081480496,2.857142857142857,3.964419315,2.338630033333333,73.67772789320239,73.70539018693533,73.77322689780036,73.78995398926057,73.84780679054114,73.85298647773658,73.85285264410805,73.92046346166264,73.9148695532657,73.91498935589902,73.97516363627236,73.95944468841736,15.988105825928248,15.624204015920972,15.40356035967503,15.233122939207739,15.130433971333384,15.132041577231002,15.215106677084156,15.364537439336582,15.615703630361923,15.887496530493987,16.19478361394973,16.527610352515335,8.352870005761865,90.00000400455336,0.6773653850240827,1.8677506948385458
2022-02-05 08:00:00-07:00,78.6421705,159.47518,0.860016560526965,7.5,178.17386525548747,47.20786574560156,76.24508647812783,124.61901600522708,3.108624468950437e-16,79.86706477402635,290.41617402113764,1.0,79.86706477402635,147.03427210255285,2.857142857142857,6.042516244444444,4.204728533333333,264.3606757311246,265.5714551485453,267.15209924153123,267.577557254072,268.6988104421586,269.1279555858624,270.24762896213565,270.1727771397979,270.37777295239823,270.2918590331001,270.22865650647003,270.45086638411084,55.39340854659576,54.59990015790261,54.654120947119964,55.0688834260784,55.34095898875065,56.17732081423303,56.65187761513226,57.408260069679336,57.75566898913844,58.30031000181177,58.0443929316009,58.503336248545274,37.9820690734373,90.0,0.44229258285266543,2.068939468587552
2022-02-05 09:00:00-07:00,102.75524,263.3730333333333,0.8854188451844093,8.5,302.7265657761352,42.9889627653234,67.48140711620098,136.70029925172946,0.0,166.3953080897135,419.29893953460066,1.0,166.3953080897135,249.40216409382003,2.5170151848000666,7.598493116666666,3.2094553666666665,363.5608445384378,365.68547279356585,367.723515114977,368.2071193898943,370.36465592192314,372.41095774857683,372.80307978274845,374.6052768832534,374.3938663493759,374.9670043866204,374.92858170054194,374.8782002550521,148.03142155940512,142.36735453728804,137.65347824988947,132.19157647481128,129.2971001529971,125.3732098323118,123.5089418057778,120.66590392220743,118.39631908076184,117.7432688952866,116.2528779592993,115.0479049001801,50.0,90.0,0.366977778440511,2.214355247456318
2022-02-05 10:00:00-07:00,121.231392,277.23013333333336,0.8954194640907199,9.5,336.6652556899172,49.57079428655198,60.64220859038913,150.85267751529224,0.0,210.39493933510997,385.71042828649473,1.0,210.39493933510997,285.9614607548756,1.6887897514117038,8.1029428,4.5917417,339.6869818452748,339.87021170536616,341.7214497850654,343.6652633281045,343.84012735305055,346.75865366265907,347.2426466669157,348.0408939862841,347.5915676332128,347.22727001098883,347.7097535762002,348.69374104494716,160.5071468102357,151.52518379193614,144.99804364582926,140.94450307050622,138.13817907926045,136.30034484562202,136.12613579925141,134.28808747833045,135.33418616621546,135.2764340322791,135.645927914684,137.52028525514342,40.8885544695355,90.0,0.4227050951453048,2.1011586105975844
2022-02-05 11:00:00-07:00,185.12578663333332,189.5539,0.8887301555574282,10.5,291.7984647960268,54.341931425312524,56.47520505119864,167.07039960080124,0.0,187.43432091455765,303.76095234733685,1.0,187.43432091455765,257.1637997632166,1.2547617908539719,6.3555313,9.71753465,283.5989560792233,284.1208630441411,284.2402344286188,284.7663299772612,285.3534327235946,285.58853372732176,286.1587997905318,286.2617215198876,286.3876322018604,286.8351522725237,286.91694512916433,287.0973473314226,140.09026314649392,132.64708616346988,125.92520227571654,120.48527273836386,117.89193123247144,116.18935859306278,116.14745357646972,117.59459403146155,120.19786904896934,123.40804098130346,127.50822545519478,132.05589746499447,18.661742415626737,90.00000120741828,0.5900097764275777,1.9097187106039455
2022-02-05 12:00:00-07:00,1051.142,95.14797,0.9210289205899704,11.5,688.9029093955519,55.35419735010185,55.606976220112486,184.4612089664707,0.0,447.3493212604939,697.2828696833313,1.0,447.3493212604939,635.1283028879019,1.0852435770160684,8.306720433333332,7.100507433333333,670.3973619924469,670.2621265777278,670.7723523926397,670.7722102371874,670.582736637506,670.5870269758929,670.9648710261805,670.7083294705831,670.7068033883492,670.7052868250073,671.217158904689,671.2161777785685,336.2426921095252,310.7226954459677,288.6374423419659,271.02561055052126,258.61826685359904,251.1309023035946,250.4032393163096,254.95377568356423,265.17868674119165,279.3522354216366,297.0444600141097,318.5315863446895,6.482744218509635,269.99999517032694,0.69354801279901,1.8635369530922437
2022-02-05 13:00:00-07:00,1027.6706666666666,65.33855166666666,0.8936691404592019,12.5,607.0385785082308,52.2803263816967,58.189305698383905,201.435538753454,0.0,361.2012672264396,742.4984990655277,1.0,361.2012672264396,517.1812257952192,1.4529977228915738,8.70899701111111,3.9834076666666665,695.8913935421248,694.3886528226888,693.5172445312104,692.3083247157939,690.1559297160849,689.4147903983973,687.7044135006284,688.0407796690037,689.0545649180875,689.4549262473109,689.7434510315218,689.9275948102223,201.528753668751,194.3270705114261,187.5146482422592,181.87359074310802,179.51450846819677,177.75623353530676,182.18300372236348,191.0969040331877,204.89354929515832,224.54163340638112,249.9100078592193,280.2740437570968,30.5053900945982,270.0,0.4961902908050713,1.995561447133598
2022-02-05 14:00:00-07:00,987.2165833333332,59.432475,0.7622296067569784,13.5,495.40462638790575,46.02742415006319,63.79286831832466,216.6689594307851,0.0,231.85132524351104,831.741722138589,1.0,231.85132524351104,330.561099686293,2.017450040010734,8.05022638888889,5.66060505,764.3521986701684,762.3355838259123,760.2957951611818,755.5966502790308,753.7479865676866,754.6348991156943,755.8716693542278,756.5693127640869,756.4926859374704,758.0816412211493,759.1747708279099,760.2813209522807,96.41070461694824,94.36477050403295,93.33379796733165,91.8779421484055,93.61925261841134,98.48348908764527,106.34882094505838,119.03719217828429,130.4753639654225,149.2677190678837,168.07080763298566,188.7567176503651,50.0,270.0,0.366977778440511,2.214355247456318
2022-02-05 15:00:00-07:00,907.2778333333332,50.90302,0.3166713783464907,14.5,335.97552230940823,40.79875201678829,71.68708842478247,229.74782471933094,0.0,71.83747061708675,785.9986551661483,1.0,71.83747061708675,105.53509645994394,2.857142857142857,7.823083072222221,5.086394183333334,760.7204827116343,758.5691329887941,756.417920514335,752.0611538512418,749.9242042730715,749.4504816446588,749.250544500703,748.7346740977222,748.3053802617737,748.0593149895071,747.6435685831239,747.1118483477005,33.71744247995644,32.95832093349432,32.35712878064788,31.63177644279181,31.25017124193455,30.812004778009275,31.669825635994002,32.32324308145823,32.2660681978891,31.331828507565785,29.31083979462636,26.428826599457675,50.0,270.0,0.366977778440511,2.214355247456318
2022-02-05 16:00:00-07:00,685.2166166666667,33.889635,0.2473604273464377,15.5,139.11754489861465,63.97469519074265,81.16619783992451,240.96520931667249,9.612619907585509e-09,15.488240792651169,357.13645787277386,1.0,15.488240792651169,37.26405364026536,2.857142857142857,6.941402927777777,4.185073871666667,325.7983133468634,325.87675798271385,325.960560631679,326.03355008621736,326.6893618789497,327.3071796556776,327.30762194837337,327.89422034828993,328.45571968511297,328.4066570232352,328.98034295921633,329.4782240617462,3.6458007132875685,3.5828472224344647,3.8889785354177717,3.8693244079663636,3.8723978845254767,4.258456647113788,4.295004677315444,4.737636314281177,4.7894945416807255,5.273008587025052,5.328796468713728,5.84957428650989,19.922382340201956,269.9999985212207,0.5796265782067078,1.9169877696249626
2022-02-05 17:00:00-07:00,0.4428356166666666,5.9969064,0.7377637891677234,16.5,6.008928757075152,85.55124853880625,88.44430994510141,248.01208319513572,3.73376124954791e-08,3.8398017145566103,6.026809864655638,1.0,3.8398017145566103,0.0044461136092291235,2.857142857142857,4.378743355555556,5.0917043,5.679671517016417,5.681004560739465,5.681004560739465,5.681004560739465,5.681004560739465,5.681004560739465,5.681004560739465,5.681004560739465,5.681851260843895,5.6816359732298185,5.6816359732298185,5.6816359732298185,2.4800235768309853,2.4266114668792937,2.382460470676993,2.3496004601143734,2.3268171244996037,2.319277065220742,2.324530339467018,2.3420854890549228,2.3708938043545373,2.4095528911267765,2.4562734411844525,2.5129018694255016,3.120567828800719,269.9999918555185,0.722781369737745,1.8586256641679006
2022-02-06 07:00:00-07:00,390.42633988333336,27.65268883333333,0.7631497026876934,6.5,55.38112665969352,78.29241526184497,85.92737242220429,114.06404707218519,7.534750377917634e-09,14.062020188009546,115.39401292344627,1.0,14.062020188009546,42.83538689520147,2.857142857142857,-2.789026258,0.6310447396666666,84.9416065560234,84.94110119504518,85.07743677279552,85.0609719290374,85.19148941667329,85.15892879351415,85.15885037066053,85.29505091585162,85.24719156229824,85.24726490961162,85.37913502068004,85.31673144138813,9.359347798797861,9.147649787218404,9.042043336072123,8.94282298960444,8.881326097628332,8.88912183794586,8.937531726825663,9.024775490976909,9.201489869790803,9.360076443033833,9.543687603593208,9.737841597739202,8.374765662300323,90.00000147877934,0.6771763415826835,1.8678062819072743
2022-02-06 08:00:00-07:00,550.0632911666667,66.02695666666666,0.7677995632313898,7.5,198.87241725352368,46.36776111909015,76.0243559417756,124.39736107405633,0.0,29.311308986727834,507.97126863862474,1.0,29.311308986727834,148.90555504565202,2.8571428571428577,1.2541757451666666,0.5289111871666666,473.30410204080493,473.7679707024066,474.23378521995414,474.4116155524352,474.9496510031115,475.12514859527846,475.5488040988784,477.1803514099597,478.77722083271857,480.43552398031915,482.081526762125,483.55358031997383,18.397738300393318,18.29171407974579,18.24148024432125,18.24007514994547,18.492461145195243,18.797145858557435,20.21272133605528,21.744935270306087,22.888338072621345,24.396579179390905,24.75065824254484,26.20256601115667,38.809565295213915,90.0,0.4366330450468895,2.0779095120056894
2022-02-06 09:00:00-07:00,930.8120833333334,91.87543166666666,0.8108290459169692,8.5,452.08481468555294,42.696573026745874,67.23303525676914,136.50212088102364,0.0,170.08725651924445,876.7021602877156,1.0,170.08725651924445,327.2762246161592,2.5010725682876576,2.5884260247666666,1.438133661666667,792.9066696707636,793.6949239487133,794.2625094271065,794.0908050984501,795.0965279758316,796.0413173345003,795.73032915356,795.6890161537475,798.0176015334196,804.0362931429005,806.8553133571876,809.6045349940745,200.2071340586281,183.09711535565987,166.8042694770152,148.6337955480769,135.69076288858707,120.6214081992667,111.07366280990229,104.16084877738392,99.2749175043315,98.05254250077192,96.18803422057078,95.55132957820472,50.0,90.0,0.366977778440511,2.214355247456318
2022-02-06 10:00:00-07:00,988.6093166666668,97.942135,0.8353153037794271,9.5,586.7849975877367,49.28593883809504,60.364844747069995,150.69716184418303,0.0,324.2583855278451,824.9864244856199,1.0,324.2583855278451,452.665579107609,1.6838423933365199,3.294369415,1.33812851,755.4644798073658,754.0406845921797,753.1870707266762,752.7367400218022,751.4431006656239,750.9698853756075,752.1768373392405,753.6332030852503,755.1767609089802,756.786302556029,758.4546260113217,761.1466201032046,251.53208410380307,224.65436521070495,198.13663630465018,179.3159379125235,164.0574027743037,155.27107351066164,149.1130170752371,147.24355454056396,143.81703125982767,144.44134947476635,148.68864077192558,154.1562362355227,40.70591861539432,90.0,0.42391164244157464,2.099075886315481
2022-02-06 11:00:00-07:00,969.9080283333332,86.73167166666667,0.8205840100208653,10.5,626.6422155135696,54.037090236234036,56.174762697238506,166.98460996922896,0.0,396.08081709850046,677.0152313673563,1.0,396.08081709850046,508.96373525918455,1.2535059930437116,3.817079933333333,1.296150985,640.7158734787175,640.9351910231326,640.3303660817968,640.6255582163013,641.2840561806954,642.5257912507216,643.8496486758444,643.3346275424215,644.5297590352111,645.5643988485159,644.9540689166894,646.309043100603,274.6174898668587,251.9935028053861,230.28165559857425,212.41697701390305,202.810982029572,195.16800684815797,192.9553894237373,194.7608039938157,201.68016200150026,209.77671801794384,220.1253932552087,232.89334927908521,18.5774181094272,90.0,0.5907071289286204,1.909248809844665
2022-02-06 12:00:00-07:00,1023.9821666666668,73.97076833333334,0.7940922507260787,11.5,656.9321704029967,55.04771040333995,55.298004349297955,184.46478177977053,0.0,426.6692548713507,664.4985141364501,1.0,426.6692548713507,522.3805741964263,1.0843316919105972,3.4487904777777776,1.6771316416666666,640.789755792424,640.7904640275041,640.3280982036667,640.3293454556554,640.3305991780094,640.5665832554107,640.6767394124779,640.2103501015304,640.3873418756725,640.3878195136559,639.9267247120129,640.0551125361911,261.25128670414205,243.37034021808128,228.64602975112317,216.87050082966712,208.37699227081131,204.63185072854645,205.26422214258255,211.52884765911446,221.89641173863566,236.58032277302502,254.98672378993504,276.2275220802496,6.414032362565577,270.0,0.6941438432576197,1.863402267745462
2022-02-06 13:00:00-07:00,862.31295,131.629755,0.7487536405135479,12.5,589.997588212136,51.99494522204651,57.88933558396002,201.52373798548575,0.0,353.2199350158468,711.492844060533,1.0,353.2199350158468,429.1216562798611,1.4492934392763503,3.6926204277777774,1.529809126666667,671.4696717573315,669.2617290748132,667.5071138568097,664.7773253932943,662.6822983721713,660.9982502919769,658.4604435906949,658.5935084389253,659.3935262384823,658.3314088284249,659.2322213575451,659.0190214226593,174.1784934535574,167.52859399921715,160.91887432177714,157.0835942192341,153.68395505419707,151.39425032620125,154.0261829639832,160.6201178191646,170.43756071745102,185.74741913345002,205.30102123475305,228.969001206909,30.311654353727423,270.0,0.497648383029367,1.9938499487686325
2022-02-06 14:00:00-07:00,155.5009508,159.40185000000002,0.6531456301805935,13.5,228.75249667461526,45.7685185166626,63.51380712051135,216.81790436356357,0.0,132.7374776728235,292.31232976367306,1.0,132.7374776728235,146.3847368568759,2.005454150437303,2.2650341222222226,1.3681653438333332,265.67696181622665,265.0181175999622,264.3509351334315,262.59304127013314,261.9213049545122,260.70256903756933,260.4589639020757,259.2402725745983,257.80170149652577,257.591532168036,256.3549013884676,255.10595542962224,69.17336563394993,68.47764107232032,67.91647468085006,66.97239323482091,66.83387122154873,67.29036430409559,67.85742646347558,69.4533076312518,70.71588479800663,73.84479853956665,77.02350773006758,81.00136057943087,50.0,270.0,0.366977778440511,2.214355247456318
2022-02-06 15:00:00-07:00,733.2047166666667,80.429555,0.3092492493574025,14.5,313.8980097607752,40.499326393076274,71.43248379554505,229.9333481556567,0.0,75.96276080480314,703.1754771914029,1.0,75.96276080480314,101.19862502017591,2.857142857142857,4.3708962,0.7783318266666667,679.7659305378869,677.4080027710423,675.0172867582531,670.1988928085171,667.8475660756095,667.1813421509116,666.8958435581312,666.1962791713439,665.5484064503563,665.2294931412655,664.5985429640583,663.8586358041579,36.045669720386876,34.90851990985297,33.94267798715009,32.872847739921895,32.153827111338764,31.448925664128073,32.219192338564454,32.92360897981627,32.97115275522692,32.3115412344733,30.63896755613401,28.140291647708636,50.0,270.0,0.366977778440511,2.214355247456318
2022-02-06 16:00:00-07:00,666.5471333333334,33.607261666666666,0.2066705861650619,15.5,138.63768668482385,63.242771023606984,80.9338958975687,241.17253235653152,5.512139747568601e-09,15.166265468156265,356.68183845464836,1.0,15.166265468156265,31.767982660459815,2.857142857142857,2.693191661111111,0.8043578883333333,327.0741438726463,327.1625923655506,327.24145000571946,327.3238390909442,328.0084249677466,328.0562692610336,328.6793127034865,329.2762071173413,329.88374678647335,329.8365324657361,330.36984464771484,330.9775078907612,3.0634388235210976,3.0848610267243854,3.3288120209276917,3.3151385189255076,3.4182577027331633,3.70971258041025,3.863915625112662,4.1764188951077585,4.377955091988734,4.696639286491694,4.934298041328394,5.25796356787669,20.472748783055437,269.99999914622634,0.5751190808018124,1.920304206999948
2022-02-06 17:00:00-07:00,1.36889155,6.06559015,0.6338143749824368,16.5,6.1079950598633195,84.9222613602529,88.22483299363924,248.2308354429881,3.216318533531191e-08,3.8850465048936083,6.18090456660002,1.0,3.8850465048936083,0.005842454442181294,2.857142857142857,-0.0283475197677777,0.4670081091666666,5.781508104318255,5.781160458587886,5.781160458587886,5.781160458587886,5.781160458587886,5.782508764199085,5.782508764199085,5.782508764199085,5.782508764199085,5.782508764199085,5.782508764199085,5.782508764199085,2.1517511537028713,2.105785141443605,2.0680919314458888,2.0400219831921604,2.0225705209854152,2.0162058762278954,2.020928441719414,2.0372586549165335,2.0629530594299577,2.096972909336335,2.1377390415904105,2.184356549570032,3.5570019338242664,269.99999290802344,0.7189792375257228,1.859069288119983
2022-02-07 07:00:00-07:00,458.2560879333333,19.849368166666668,0.6788350861952457,6.5,54.02006529085064,77.69896413641641,85.72366703882076,113.82666770908293,0.0,9.581130117597622,125.61749195824576,1.0,9.581130117597622,37.357037320685144,2.857142857142857,2.06725457,4.369989983333334,92.11573675062509,92.11136928175998,92.25424506827697,92.2543468370021,92.38009363830086,92.38003060946505,92.3299829717614,92.48547334942735,92.48548874799815,92.42299844087893,92.57860788395328,92.57862572557629,5.736274316350244,5.622023945314708,5.534165478543225,5.465872851454676,5.437409860790909,5.446523313822557,5.528408487081927,5.583306879566517,5.659542674582459,5.754925673163163,5.870795844676066,6.0552137896671026,8.787221984681134,90.0,0.6736172803349342,1.8688803816100301
2022-02-07 08:00:00-07:00,845.9240666666667,40.84211333333334,0.6927577785808483,7.5,248.37654113620474,45.496247659136934,75.79839262461219,124.17480679158122,0.0,19.140146207745794,682.0822362076341,1.0,19.140146207745794,163.91723581829353,2.857142857142857,5.76358445,1.5895153966666666,643.9064446290168,644.2209344913532,644.5315440112317,644.6567022994858,644.9472682203082,645.0723246921149,645.4209677839999,647.0337279758124,648.614984727539,650.1672121493245,651.7820645282653,653.241143340023,11.021986214933122,10.977291014847248,10.861265931560522,10.974100785300468,11.134421565317751,11.332918946660437,12.521898866081681,13.901643308879011,15.244575728608394,15.549298363867479,16.946582709664195,18.364863241927868,39.68459818688354,90.0,0.43071951483141835,2.0875716212185536
2022-02-07 09:00:00-07:00,967.7775166666668,51.543216666666666,0.7242884017485538,8.5,430.00324266184634,42.40149970081747,66.97946708250191,136.30353416603623,0.0,157.76265423396762,844.5784847588393,1.0,157.76265423396762,274.2952827309733,2.4849589819517712,10.324374044444443,0.6144506399999999,775.0742632322906,775.5689269791329,775.8277068865845,775.6133590476405,776.3133820727262,776.9814967642905,776.5887785382898,776.33960857833,778.0822821303966,782.7400108370406,784.9390481730869,787.0816440756735,170.36339887975595,155.01695120941625,140.35456033936137,123.96779041635489,112.22698605788958,98.6581276248191,89.86252219073171,83.38097200643466,78.76366114262292,77.33194608402587,75.40979451815967,74.63644097895829,50.0,90.0,0.366977778440511,2.214355247456318
2022-02-07 10:00:00-07:00,1024.7886666666666,57.555615,0.6771526250024683,9.5,568.6735956738382,48.998238273801185,60.0823660681104,150.5422428189999,0.0,311.9245887524946,790.2194529140203,1.0,311.9245887524946,354.4703563647009,1.6787905975102873,10.1408878,1.492523525,735.1361236159875,733.9177434077257,733.4999870186011,732.7981443616345,731.7247405686047,731.270035535062,731.2075408904542,733.186577764493,734.2456134746936,735.453179123427,736.5020460665451,738.4247549418253,197.3365586355311,175.6608930002555,156.73786474256204,138.90919867605487,126.42918615412968,119.08148911124837,114.10412838018337,112.351090466019,109.55970479212307,111.2141036022611,113.03725488054819,117.3231986663849,40.518056808801106,90.0,0.42515617070142914,2.0969416033510972
2022-02-07 11:00:00-07:00,1052.4005,60.19886333333333,0.5956050450572125,10.5,650.6795370664321,53.72859318286387,55.86949318781141,166.90110583627288,0.0,410.80521068657316,698.8159442792613,1.0,410.80521068657316,384.05644981575034,1.2521674926134816,9.058094027777775,2.12721785,666.3818028895241,666.5391462116706,666.0716245590411,666.275002713647,666.9245840529809,667.8875577677833,668.9470916727679,668.5453252657956,669.5409155159892,670.3864899702256,669.8825920223517,671.0040648448838,206.89105010643354,189.44637789190818,172.6728021153783,158.8349863774628,151.3575924760227,145.38253243811425,143.60558473383534,145.64184696270146,150.2333326724086,156.4538852339449,164.43056954083212,174.2373989416771,18.487420744783996,90.0,0.5914517775749886,1.9087495607391571
2022-02-07 12:00:00-07:00,1054.7861666666663,60.99209666666666,0.4879389278823272,11.5,666.2206962697497,54.73658950367101,54.98487218213499,184.47265540655377,0.0,432.7673683348001,672.9572375242147,1.0,432.7673683348001,326.14342700296453,1.0835008739866803,10.245290866666666,1.8332992433333333,649.6879461973048,649.5710032154258,649.9834111423395,649.8178858540106,649.8210820945973,650.1683807726415,650.1684206745216,649.9560504728518,649.9552709414289,650.3679632726386,650.3676453350844,650.112139663241,173.19076671718116,158.70923259107346,147.1150809817059,137.86401724176122,131.3198796431279,127.36237429121917,126.86615956221269,129.3143204649058,134.37527228008955,142.04918402985533,151.31084491473302,162.566431367764,6.35139933040422,269.99999669334886,0.6946870315932844,1.8632807429116371
2022-02-07 13:00:00-07:00,1032.931833333333,59.203585,0.3717390137012737,12.5,612.886126461185,51.704057801393326,57.586203560657985,201.61769913452474,0.0,364.3240823097161,724.8437485878071,1.0,364.3240823097161,223.67801084496477,1.4457044332063629,11.150301333333337,1.6108075245,688.0011400518076,687.9294543358538,687.670231720831,687.6057476771794,687.6431559176565,687.5876028388335,689.0338164552635,690.6152259806138,692.0351493258214,693.7646708053496,695.0050245820521,696.5785183484259,118.1384720735268,106.73477404239507,96.020517977827,87.50348776186019,82.17854805710965,78.25718406251906,76.18814395959956,77.54254725543288,79.09045144383941,82.15358537749422,85.43915409097721,89.77122437907221,30.12295714433155,269.9999987925817,0.4990713280887208,1.9921924502111266
2022-02-07 14:00:00-07:00,993.9368333333332,54.81136166666667,0.2746136048245925,13.5,502.4499373848032,45.50470389811245,63.23262356116088,216.9730931402102,0.0,234.2566123215074,794.3106353013924,1.0,234.2566123215074,132.52677435846383,1.9937297653342263,11.8123805,1.4606075683333333,762.4850159174767,760.2803739788029,758.0490415198045,753.2958023488835,751.0405988565416,751.0861836467477,751.4037780568724,751.3964605655099,751.0720713326343,751.5151518203559,751.6156045143852,751.7182037361121,44.04465447574882,41.73469730237991,39.79150150361138,37.71943563818478,36.7781075332585,37.05353630028008,39.57953914539763,43.811492522457506,47.72196339541465,54.343087956483174,61.17677663098721,68.85543870896822,50.0,270.0,0.366977778440511,2.214355247456318
2022-02-07 15:00:00-07:00,918.9779333333332,45.974765000000005,0.1379638782125181,14.5,342.48523238897826,40.195099793053465,71.17659104881555,230.12494280703436,0.0,74.08083967000017,783.2802483461531,1.0,74.08083967000017,55.746512704659956,2.857142857142857,12.836057666666669,0.9487149183333332,768.0707460237365,765.9962026565956,763.8916734961359,759.6403421360092,757.5253705628677,757.094622449755,756.8897357299736,756.4299881636863,755.9937365497967,755.7715305364856,755.3435854407305,754.8564040790377,22.050160859694444,20.68219069655948,19.425330473780978,18.146089180991268,17.072633426978953,16.037096269323094,16.498464596475728,16.947325667896248,17.039780184516776,16.739017357279206,15.86587469381984,14.472534236629494,50.0,270.0,0.366977778440511,2.214355247456318
2022-02-07 16:00:00-07:00,724.7696666666667,31.592965,0.088088906417836,15.5,148.7077592404786,62.50425105866985,80.70086141157157,241.38554856130074,5.473488277080457e-09,14.95275773716927,385.9244234297803,1.0,14.95275773716927,17.039492048594774,2.857142857142857,11.625012616666668,0.5693271591666667,356.0594853358005,356.147194961615,356.2351284018364,356.31660678974885,356.39722846406426,357.1293662386011,357.83077073150866,358.4958139838851,359.1304080089121,359.13052729992967,359.72852945757927,360.2947671487302,1.666719469787383,1.6487748502390476,1.7081420591825198,2.029370455434028,2.0339531570580256,2.4717386151386798,2.4866390220476253,2.9672408634548404,2.9886106408051742,3.5055274532928498,3.529488312895091,4.082724796310483,21.027719410594205,269.99999914622634,0.5705902154432223,1.9237359165102292
2022-02-07 17:00:00-07:00,8.58205605,6.184084583333333,0.2007791639641428,16.5,6.456107889525765,84.8040519182188,88.18360562286541,248.61736923599327,3.5411541788341196e-08,3.961171314688772,6.955089764218919,1.0,3.961171314688772,0.006204264178986682,2.857142857142857,7.354236811111111,1.2777271083333333,6.16523858058201,6.165126426260734,6.165126426260734,6.165126426260734,6.165126426260734,6.166501071717754,6.166501071717754,6.166501071717754,6.166501071717754,6.166501071717754,6.166501071717754,6.166501071717754,0.6954921123124761,0.6806407326554291,0.6684673976777981,0.6594069403408814,0.6537803322171968,0.6517346835585016,0.6532676138339208,0.6586310879652967,0.6669251771965407,0.6779002843382244,0.6910481201689067,0.7066247512434622,3.630222834220454,269.9999920365296,0.7183415210706029,1.8591493888037565
2022-02-08 07:00:00-07:00,382.67657583333335,21.860348,0.3682267820557563,6.5,50.61166619353301,77.60422396800374,85.69118398959407,113.42268563367776,0.0,10.91288229761097,112.06443099245921,1.0,10.91288229761097,19.46615759685834,2.857142857142857,6.489719394444445,2.3758534216666667,83.30181206864896,83.29911431096585,83.44779568934499,83.44785797787893,83.57872989465267,83.5786899033365,83.57649174511361,83.68996381739461,83.68997623719083,83.69002353620965,83.78683542004447,83.78684442864692,3.6004039974937148,3.5298207301730997,3.4696740140733273,3.4339612825092094,3.4164055287192183,3.4232279090031814,3.4996794739871997,3.5335870184484675,3.581520788924578,3.640424790770082,3.716029655785711,3.859178322345274,8.82778907622523,90.0,0.673267440107709,1.8689887917211214
2022-02-08 08:00:00-07:00,800.9285166666667,48.11236833333333,0.3168239019582212,7.5,247.73795169613976,44.59216841238687,75.56729658570708,123.95140218977394,0.0,20.717755316780675,665.5764519225576,1.0,20.717755316780675,81.5003395357202,2.857142857142857,8.46802035,1.861765455,637.2370626685932,637.6287819194188,638.0103918895738,638.1847678656464,638.5494029763692,638.7179138193211,639.0686837541032,640.8268427521934,642.5208073938851,644.2707418772297,645.8689968921772,647.4610489560629,6.448330366136337,6.381601295092129,6.480086769173494,6.591030825209353,6.746007479075942,6.794911152958114,8.154208104530221,9.560638602530531,9.79614464971376,11.267877099884396,12.752314734165315,14.266835064000428,40.611610092176036,90.0,0.4245359708297106,2.098003434595876
2022-02-08 09:00:00-07:00,914.6133333333332,63.64262333333333,0.2906191196947104,8.5,425.1087002572522,42.10388130183248,66.72080937297457,136.10456893255918,0.0,162.77726289187555,790.2760282837289,1.0,162.77726289187555,122.87481279898782,2.4686965102345964,8.183240399999999,2.848931933333333,746.134566746562,746.7522837880855,747.2612958142379,747.3758754892101,748.064569945584,748.7370739774975,748.7507444924673,749.0515890051299,751.5180073857629,756.8435960712144,759.4133222266398,761.9328472849735,70.08976871644091,64.28711260798224,58.76528608263699,52.572011307051845,48.22920684117891,43.161465838169896,39.89969220923413,38.94322447757072,38.716313669440716,39.75450577937936,40.64792944834331,41.99582275009573,50.0,90.0,0.366977778440511,2.214355247456318
2022-02-08 10:00:00-07:00,978.7461833333332,68.12746333333332,0.2655627829987357,9.5,560.5318554120713,48.70776683697463,59.794883367590415,150.38793801812386,0.0,308.4417388581552,747.2819554920188,1.0,308.4417388581552,148.5805591485332,1.6736423524949136,8.030369466666667,2.1083524883333333,707.5402434504517,707.471248200105,707.7122596113779,707.6131162253771,707.5938687067282,707.8430678059547,707.9223623307374,709.9556880717962,712.4804230621995,714.4296964382395,716.3374833832324,718.5324533252951,77.81049943271071,69.55467301055153,62.46319594359039,56.67817773369234,50.98717309470404,48.36801958377252,48.39979599537011,48.355274218737705,47.524130610676366,49.513519769522155,51.57254611895404,54.64066130454235,40.32517063601558,90.0,0.426437617364303,2.094758742557274
2022-02-08 11:00:00-07:00,1003.11405,71.89466166666666,0.245267883554332,10.5,639.2057656180117,53.416541038391095,55.55951024578372,166.81990763384124,0.0,403.7488615168907,680.3787705273239,1.0,403.7488615168907,160.02464933295417,1.2507495491983192,8.359962938888888,2.2508142116666665,651.7766270892411,651.9383776509253,651.8429840571541,652.0092288655198,653.055246327277,654.1804606607504,655.1832980239202,655.1470912177973,656.1554756352027,657.1376062370944,656.9528408189468,658.1389731395786,84.27702054911865,77.58553978897964,70.82418684252683,66.1068665192373,62.765583351234405,60.30966908821355,59.845630881800744,60.95660804816243,63.01904484065961,65.82157030861919,69.2819400993477,73.49926376710756,18.391949757907913,90.0,0.592242143156344,1.9082225051551962
2022-02-08 12:00:00-07:00,1015.9298333333334,73.65092666666666,0.2329044848923533,11.5,661.1810747614355,54.420964133615364,54.66769849958305,184.4848599462645,0.0,429.43031925553487,667.4189758822461,1.0,429.43031925553487,155.81812329983453,1.0827491200496207,9.991165394444444,4.466461496666667,645.6238725846338,645.9066069986487,645.9067835372248,645.4466836328727,645.4470460947974,645.4474059991758,645.681024267245,645.2518405586452,645.2503554788748,645.4320361140051,644.9720765209152,644.9726344224018,77.04946185586488,72.05659767519288,67.70366904380644,64.09014017819354,61.7115832309611,60.4863529287693,60.85983079361511,62.5689448190259,65.64040595325581,69.98009602386142,75.42178225011713,82.21423319076251,6.294721632153631,270.0,0.695178628963085,1.8631717966433416
2022-02-08 13:00:00-07:00,1008.0145666666666,70.65088833333333,0.2293354189203339,12.5,615.5165764496022,51.40780081608433,57.28003297900779,201.71744251623383,0.0,372.1416721078216,720.0192759328864,1.0,372.1416721078216,144.30076117192166,1.4422290493703127,10.134352222222224,7.5530256,696.6542716541476,695.0276278496599,693.4954923476794,691.6326527656656,689.9459353734014,688.1230173381709,686.4679666780878,686.2061532585691,686.0698637814056,686.0146995582178,685.9532623388312,685.893741029927,61.96587134679611,58.48391577059817,55.6371550303984,52.94326596618633,51.85392511761891,50.77926718157809,50.809952202361984,53.08429264966963,55.66178041369045,60.81422364252454,67.20871217242131,75.02183200663075,29.939306999890274,270.0,0.5004588273643807,1.9905882929989942
2022-02-08 14:00:00-07:00,973.8645333333334,64.86358166666666,0.2217120279814044,13.5,507.75439868055633,45.235646990520785,62.94943776156467,217.13451423825452,0.0,242.85537127961007,790.7359513171878,1.0,242.85537127961007,114.17913540070789,1.983793159970122,10.27513257777778,7.202845016666667,762.8812037293336,760.3046036126444,757.7875262691341,752.4755254799807,749.6278008223867,749.470683193833,749.6264202211198,749.4304540695277,749.6539339135858,749.6226004186167,749.5321277626277,749.4240778851342,41.59422209342758,39.00643603276833,36.72154953109735,34.81832766449828,32.63347429469096,32.28644496297953,34.20844795830064,37.46434781665799,40.702081484622006,45.93045492006657,51.32846117939917,58.26643555038019,49.77335936947645,270.0,0.36825208513046487,2.211330099471527
2022-02-08 15:00:00-07:00,888.3598999999999,57.03329166666666,0.1237476615650293,14.5,347.4345726067066,39.8861826976641,70.91951794132567,230.32256274628054,0.0,82.0177122938037,777.3534368566677,1.0,82.0177122938037,54.94482781378176,2.857142857142857,10.048174216666666,7.1433721,762.6553224138866,760.3128794137488,757.9360465287631,753.118970574625,750.7109148202237,750.1802502989676,749.9197450254048,749.3517968411652,748.7991499612428,748.5229814455274,747.9732530180748,747.3698611820622,24.01761884498373,22.34718484318704,20.78915476230121,19.220984172474004,17.862134054682624,16.562707464755366,16.977633837082212,17.41008933546861,17.514141381068207,17.280273859795976,16.50207202805825,15.206895008807265,50.0,270.0,0.366977778440511,2.214355247456318
2022-02-08 16:00:00-07:00,657.9484216666666,36.987905,0.0833514627485289,15.5,145.95236143727595,61.75918501169953,80.4671846663104,241.60418552604082,1.0867832315870815e-08,16.945883112664287,372.36605523449987,1.0,16.945883112664287,16.321103341182948,2.857142857142857,8.885890205555556,6.4971902833333335,344.88219616412636,344.98878756233853,345.1883244679384,345.28376815016316,345.3720278660552,346.1116122788262,346.7891502329135,347.49480992138353,348.1644819684272,348.1223797544407,348.8027898088379,349.40439194940234,1.7756142260452463,1.8313385831717788,1.8210922175997446,2.1409697605038907,2.2543712183707054,2.5884908930664103,2.7440766347808156,3.0871367940685346,3.2858076158542335,3.631465601901009,3.8717368797726945,4.220209817038235,21.58729900811613,269.9999982924527,0.5660407818744146,1.9272847904108998
2022-02-08 17:00:00-07:00,17.318601933333333,6.954617516666668,0.1493968509743791,16.5,7.570057505506952,84.17257779751584,87.96348804878029,248.8471771945374,1.4041551613008128e-08,4.456337785946127,8.704265407031391,1.0,4.456337785946127,0.00875205507877996,2.857142857142857,7.820812038888889,4.655207983333333,7.360186763490118,7.360186896690459,7.360186896690459,7.36239129729294,7.362391271893424,7.36239128392144,7.362297298583962,7.362297298583962,7.362297298583962,7.363843223974498,7.363843223974498,7.363843223974498,0.5823440065435458,0.5698879647875078,0.559704616735992,0.5516406309725866,0.5472035734321274,0.5457695959085653,0.5482033759784929,0.5525586610326155,0.5594767669287455,0.5693548618840455,0.5804095242834754,0.5928032873463007,4.06595598381083,269.99999680547154,0.714547613895296,1.859659767923831
2022-02-09 07:00:00-07:00,150.65552211666667,46.37196333333333,0.2975422993584554,6.5,58.25127964902801,76.9801765597007,85.47748424821202,113.18306944158428,7.23484482640217e-09,23.947394109601714,95.0475613028412,1.0,23.947394109601714,17.687091886999887,2.857142857142857,3.603286911111111,1.1761778485,76.99664613422439,77.08435952221818,77.08449287461343,77.15810366209364,77.15807747156838,77.22684183702466,77.22673625609735,77.27177895266826,77.28270855522057,77.28279435758175,77.32792074769482,77.33372168717975,6.216513440409801,6.078889495405278,5.984911459198799,5.9217809188338055,5.914332356554592,5.923115424399932,5.9577409928019485,6.018163762810298,6.103369783790815,6.246862955080301,6.366319904694481,6.497192859481348,9.260269401539706,90.00000147877934,0.6695402664072597,1.8701753171088695
2022-02-09 08:00:00-07:00,234.40180116666667,102.50806833333333,0.2361828958673449,7.5,161.86602623240333,43.654209813083284,75.33117189455916,123.7271915266623,0.0,53.214807259300315,314.88518692080436,1.0,53.214807259300315,46.44116160985914,2.857142857142857,5.4268738,0.9222762096666666,295.0086354683836,296.0519869691098,296.52265013367236,297.5387711538544,298.5156605454827,298.96998823140564,299.90399533353946,300.32489600514293,301.9122859636769,302.8659019156353,304.21619957549757,305.17335025789765,13.762573588374694,13.644806516624115,13.893956470008135,14.253262234985923,14.311905135054975,14.75155691185366,15.62453619092849,16.094751863504698,16.97340940102198,17.866386551193855,18.80061355443667,19.712308889479274,41.595982605242256,90.0,0.4180631110816996,2.109298216123775
2022-02-09 09:00:00-07:00,689.6454666666667,134.911385,0.2345975867165385,8.5,410.3795410127671,41.80385602093384,66.45717217182765,135.9052497657225,0.0,173.1361342796979,707.1348867117665,1.0,173.1361342796979,110.25975331617843,2.452306647053627,7.815546461111111,1.2286497465,659.783448054151,661.0772307273232,662.2840533319788,662.7557426591521,664.0634535832784,665.3384682459665,665.7201053790039,666.725888508573,669.8338955503076,676.302205734667,679.4201566828997,682.483202011205,58.67496879197134,54.96005868065963,51.49845802049875,47.59321853536751,45.00516815077708,41.92103451674954,40.073173230671294,40.662334276469345,41.76568618682329,43.76879632140175,45.66637496815688,47.887997964790046,50.0,90.0,0.366977778440511,2.214355247456318
2022-02-09 10:00:00-07:00,766.3862166666667,140.43075,0.2263668387571031,9.5,529.3722297998862,48.41459560753042,59.5025097899678,150.2342593532643,0.0,300.8616549775939,690.1720250342644,1.0,300.8616549775939,131.00060371496144,1.6684056118790755,10.805867672222224,1.04578832,646.3796416016273,646.3756389030207,647.1425042676908,647.8312414620245,647.8733297450274,648.5912988096636,648.8952717957568,652.3307834647344,655.2611127257442,658.4300370693695,661.2533540812027,664.0289651339652,64.78783133774036,58.9329279484074,53.85619921545847,49.49687918364954,46.2485986852257,43.96607068570625,45.28411295343504,46.56222052825707,48.94149673251619,49.170914296172135,52.005309237939414,56.01010301731892,40.127464676513775,90.00000147877934,0.4277548899602964,2.0925303041318584
2022-02-09 11:00:00-07:00,1011.7741833333332,73.93863333333334,0.2217245911591049,10.5,650.7202189603911,53.10103214103394,55.24492884210446,166.74103025951854,0.0,411.02677518970734,691.7508386290347,1.0,411.02677518970734,147.95466915417143,1.2492555528816638,11.502366166666668,2.69033954,663.5123051854941,663.6783421823178,663.6065472809801,663.7701214336203,664.8510180416561,665.9998174563444,667.0242620091373,666.9892847714843,668.0150756390858,669.0266577851266,668.8357124963568,670.0338132038395,77.64483371457355,71.53408077713016,65.3218465273635,60.99861713154254,57.96249767919901,55.70592871939636,55.62254525270781,56.35345228799687,58.28876161652793,60.91600169215456,64.14869557305035,68.05635966151561,18.291209367097895,90.00000147877934,0.5930766068971733,1.9076692162299653
2022-02-09 12:00:00-07:00,810.0563833333333,132.86601166666665,0.2205989515789636,11.5,605.0320811211617,54.10096064604378,54.34660227211618,184.5014205327954,0.0,392.7913360716575,611.4341765282022,1.0,392.7913360716575,136.2025152078914,1.0820747945001563,11.68642438888889,5.828754533333334,591.3562848200344,591.7444395231995,591.7446099398251,591.1114487114428,591.1117521348617,591.1120519206129,591.4325429014042,590.8261360285776,590.8248991829906,591.0736141453355,590.4405777075057,590.4410461778948,67.32887016264431,63.104897229985895,59.422203937956,56.35672433825219,54.33938695567687,53.22630607783001,53.52722399759055,54.95745547654811,57.53872046163606,61.189007901030905,65.77226051484433,71.49481923379399,6.243865421950255,270.0,0.6956197789887855,1.8630748683960685
2022-02-09 13:00:00-07:00,909.9284833333334,96.79125166666668,0.2264364938960114,12.5,592.7607286153616,51.10630867095905,56.97094634320536,201.82298357267788,0.0,358.8850862407455,692.9858414598202,1.0,358.8850862407455,140.5291184506283,1.4388656383922256,11.514271222222222,6.749488383333333,657.258092500339,657.9119979134357,657.796770948739,657.8874204703699,658.0622652253921,658.3832105437343,660.5027596779206,662.7644914487316,664.8619147485445,666.909228287064,669.0652455674044,670.869037585052,71.39488247714274,64.17611688024147,58.08417962633667,53.360609954339004,51.321563238939696,49.207841017263064,49.58352199836042,51.016655457627515,52.031784868985014,55.03034723093789,58.42813755877308,61.32187038110725,29.760697729467406,269.99999914622634,0.5018107015259774,1.989036706668222
2022-02-09 14:00:00-07:00,883.53545,75.03551833333333,0.2215581668576661,13.5,480.7568475810814,44.96091552963527,62.66436790072784,217.3021511084034,0.0,230.03600082655277,747.0017642016403,1.0,230.03600082655277,110.31400525954004,1.9742006397729401,11.340950888888887,7.353388333333333,706.1190015748989,706.2332244707575,706.3201052327158,706.0079714715721,706.1525534519687,706.3636091308616,706.5009838782437,706.375525364795,709.398624239093,714.9457454861426,718.0628227745852,720.7274982775238,55.10443983044241,49.305709156946044,43.25945918716298,38.998863184973,35.4394295842497,32.96466260298003,30.57304195619266,31.19794075559824,33.300763404250475,35.74180961269574,38.247579948192254,41.04462684070655,49.5362193993334,269.99999914622634,0.3695918196120473,2.208175627480444
2022-02-09 15:00:00-07:00,625.1051316666667,103.41208,0.1447168240241602,14.5,310.4160563903737,39.57268692600759,70.66136930296524,230.52615729868197,0.0,90.23805401567415,641.9803307633113,1.0,90.23805401567415,62.49471839895611,2.857142857142857,10.483705583333334,6.25334055,627.0526780244419,624.412347557289,621.7297663783355,616.2643605228989,613.5351765226175,612.6102623977685,612.16008109784,611.1851870606432,610.2051847483772,609.7363745890614,608.7519375695318,607.7130646548561,30.747047090797118,28.727381739077682,26.828940541941524,24.921351765144287,23.24778551900929,21.654283151984345,21.904306473142462,22.219225964161716,22.235053071007826,21.99301079671886,21.23881748158451,19.990276833924163,50.0,270.0,0.366977778440511,2.214355247456318
2022-02-09 16:00:00-07:00,26.878109616666663,60.82313166666667,0.1926405710754753,15.5,65.3828077401645,61.007605119219456,80.23295232819999,241.82836673737222,1.078689298460986e-08,36.3912892066196,81.60184967522812,1.0,36.3912892066196,13.192932733021154,2.857142857142857,8.535629038888889,3.7947685,76.12790820301628,76.57514231158594,76.79829733575524,76.99399398746326,77.19827264156025,77.20442081355591,77.22246275729385,77.22604333879403,77.04333239031547,77.23098212817852,77.24653196654958,77.26155276381006,6.418768400579163,6.221909819647089,6.156604699825853,6.139359028335541,6.158000030904424,6.205614549159848,6.269278167278427,6.451654205455462,6.451400356089486,6.553919620349457,6.661076954234498,6.771935766998227,22.151512106214394,269.9999982924527,0.5614714440154436,1.930952847310365
2022-02-09 17:00:00-07:00,0.2093782,7.297766283333333,0.1871685839447587,16.5,7.305356388016457,84.05501946653267,87.92253315831032,249.24483860319032,0.0,4.676507314293376,7.309944296299466,1.0,4.676507314293376,0.009507977360497912,2.857142857142857,7.208645616666667,1.8373554933333331,6.907574079363708,6.907574079363708,6.907574079363708,6.905951876249796,6.905951876249796,6.905951876249796,6.906075446996009,6.906075423886885,6.906075458732445,6.903762290488011,6.903762290488011,6.903762290488011,0.7787809538981066,0.762502174979519,0.7479805067538609,0.735065510802589,0.7259754463663066,0.7202498167460017,0.71728053695494,0.7191559621007695,0.7249782155036696,0.7356123734124227,0.7489986324119633,0.7653797157656305,4.1371053418795185,270.0,0.7139283088475646,1.8597485858591218
2022-02-10 07:00:00-07:00,460.1827146833333,22.961108333333332,0.3638915291713465,6.5,60.997794742423395,76.34005337781296,85.25877284288828,112.9425406332046,0.0,11.316473504805863,141.93035870412538,1.0,11.316473504805863,23.15025537250837,2.857142857142857,6.225893038888889,3.6995647166666665,108.51271775856532,108.70705214919528,108.69684780189488,108.88506992944316,108.85523933069551,109.04061507478389,109.04055162047257,109.18000344848551,109.18008413015653,109.11290879985228,109.29884272851817,109.29881405177606,3.685047855034246,3.61394708602225,3.612864505727593,3.571590396547728,3.555640539505703,3.556673082477066,3.5936805982838376,3.698503257966508,3.749026770544042,3.8086118444494343,3.893471450972041,4.053796531047197,9.703517278912027,90.0,0.6657250551458112,1.8714497331538067
2022-02-10 08:00:00-07:00,817.62905,43.364196666666665,0.2480051871675089,7.5,253.73960105344548,42.68087172222231,75.09012608906957,123.5022145488176,0.0,20.339500486564642,683.0700801882288,1.0,20.339500486564642,67.88863447819418,2.857142857142857,8.191039866666666,4.5330493,656.3524269089821,656.5381045953305,656.9330273200069,657.3232036095569,657.4997403067268,657.8744789939419,658.0421757374072,658.3958666167379,661.8801715154542,663.6456217679898,665.4361526511013,667.1020053402497,5.4176494679858935,5.491511575370138,5.588879344730118,5.732462186609477,5.755542787749047,5.9175152032155856,6.102579059810173,7.580660761672645,9.10678221720718,10.65518224690712,12.236109679376776,13.862931925119055,42.64432948414479,90.0,0.41127735899733353,2.1215696861471263
2022-02-10 09:00:00-07:00,770.7062000000001,93.219645,0.2330654752707295,8.5,404.3739651576706,41.50156166462727,66.18866829988838,135.70559634469416,0.0,158.8375735159541,729.1812920216141,1.0,158.8375735159541,101.87321703363037,2.43581021404184,10.033236805555555,4.696408716666666,687.4510531829392,688.1975260179014,688.8643072321836,689.0859220777179,689.8868907238877,690.6707663778457,690.7962019912949,691.2984490523073,694.1443063068626,700.0561698415754,702.9184778387372,705.7250790684972,54.08812039045336,49.75644579833346,45.67636070206772,41.16818424912063,38.136280793331736,34.59398181245068,32.394611832458814,32.65971778969374,33.477784831477635,35.25398471747594,36.91292176785001,38.91620597823618,50.0,90.0,0.366977778440511,2.214355247456318
2022-02-10 10:00:00-07:00,587.8985733333334,204.84595833333333,0.2239450550833891,9.5,505.8279824540653,48.11879662467689,59.20536039509534,150.0812134827978,0.0,294.1692070125425,631.9184362991418,1.0,294.1692070125425,126.86303329039231,1.6630880832116786,11.544441833333334,5.732652150000001,587.6701556961104,588.941165286521,589.53316743786,590.9013307367846,591.6423494969799,592.98286263404,593.5895775312407,596.9109499721754,599.4276349176582,602.1854822930547,604.617428290861,607.4690785696725,64.46926109374988,59.061730627178775,55.07182848488619,51.476707553317006,49.078920310324634,47.48689017118341,48.77958362174024,50.0045236429879,51.42962971670775,51.939007753557966,54.68606990485496,57.762900237598835,39.92514540593396,90.00000120741828,0.429106872174594,2.090259292279383
2022-02-10 11:00:00-07:00,99.4479575,333.3353,0.2151261624502251,10.5,390.4816624282958,52.782164610370145,54.92586487252987,166.6644835760154,0.0,251.88461760211166,392.38999656109274,1.0,251.88461760211166,86.00615143479511,1.2476888402769908,11.8851225,6.2308729666666665,372.270569980367,372.9932034080813,373.7662422861592,374.5269798348684,374.7908194030247,375.1215755339773,374.6661432102661,375.36735676779256,375.6643422281355,375.20437568990246,375.85979242144805,376.1328273512202,47.19884118400875,44.75405442273659,42.93977252031537,42.04542495699258,41.07055192639632,40.67091310807292,41.06667408768994,41.4789508332635,42.653886920202744,43.500837500595985,44.66508925548034,46.18084122869115,18.185407177579943,90.00000147877934,0.5939535213278411,1.907091286976228
2022-02-10 12:00:00-07:00,297.79841000000005,286.08785,0.218776050223529,11.5,461.03809402394575,53.77670568550782,54.021702445985696,184.5223579060297,0.0,298.2357361983047,463.7117795308002,1.0,298.2357361983047,102.39556638751512,1.081475979924995,12.583564111111112,6.976416433333333,445.05483390018503,445.05455370984373,445.33327586548734,445.32794317342103,445.30802545218444,445.5871882259771,445.530739212853,445.5305717433631,445.5303931426749,445.8092022200667,445.704602438069,445.70455282015456,54.841412693236364,51.75986519832105,48.900096004746324,46.8381497343126,45.41091639404704,44.66091502053423,44.57826561795436,45.20928883493075,46.592277560741046,48.46613510185763,50.68256042252912,53.208017926885155,6.198688117931055,269.9999953236892,0.6960117035301939,1.8629894206064475
2022-02-10 13:00:00-07:00,913.3492833333332,125.13017666666666,0.2285448342585435,12.5,627.1250433579222,50.799721146081886,56.659065208491306,201.93433344451523,0.0,380.9042437711085,728.1831901918847,1.0,380.9042437711085,151.32070355783694,1.435612169847303,14.739082,5.15439155,705.0274969763501,703.016681921379,700.6173087795682,698.3431318516016,695.7892021091882,693.5068215315966,691.1333915257704,690.7190607958876,690.7043722375994,690.1607390381386,689.880398930844,689.2874831225116,67.23572549844542,63.53375360806667,60.45423235823839,57.49256415691919,55.989220872569504,54.44247233523655,53.89874438039285,55.77234516497326,58.02422858086485,62.87690451080342,69.17420043789919,76.62456082534374,29.58710972880722,270.0,0.5031268814305763,1.9875368237511672
2022-02-10 14:00:00-07:00,700.0040666666666,182.09968333333333,0.2213612627665196,13.5,506.6520492828448,44.68063899276948,62.37753021192729,217.47598272268155,0.0,259.1418371456161,728.0490414827502,1.0,259.1418371456161,125.76862435212217,1.9648558213967149,15.541943,4.605370933333333,700.236878111702,697.2400990219452,693.8006695697882,688.6439612106832,685.0404949733443,684.6468880243881,683.4456554277731,682.9932721113944,681.4834441755711,680.2812369927226,679.9246745832695,679.0902711881029,56.58561016489593,52.95103661278875,50.03539730170665,47.81240729531768,46.012953871717166,44.642061436204365,46.298328167948256,47.957151370605324,50.66567409488095,54.00393674007184,58.858552108545894,64.25337939151363,49.30240975738162,270.0,0.3709191191937408,2.2050763396551067
2022-02-10 15:00:00-07:00,765.0676,90.17341666666668,0.1411771941671729,14.5,346.7882767453865,39.254725320511994,70.40224712289924,230.7356715751644,0.0,93.43583020288875,740.4533152285092,1.0,93.43583020288875,63.647617842765314,2.857142857142857,14.470383166666666,5.024394225806452,724.7801548667159,722.2097300427389,719.5972751532639,714.2913913910694,711.647063964737,710.9010399294992,710.5284140483182,709.7230714403663,708.9175885004146,708.5359617395393,707.7371889818687,706.8838953385919,29.140471914057702,27.30260991467895,25.60882236552096,23.904837551466887,22.482815952377162,21.160884223620116,21.673073330822852,22.301906007023003,22.573567609341577,22.54824948529218,21.89164268534581,20.57918542761891,50.0,270.0,0.366977778440511,2.214355247456318
2022-02-10 16:00:00-07:00,379.00153666666665,76.39919333333334,0.1346792688434494,15.5,142.22353512244553,60.24952553443751,79.99824761047552,242.05801209398436,0.0,37.96450711789644,300.3181704028347,1.0,37.96450711789644,23.102450433179985,2.857142857142857,12.397504166666666,6.674817352941177,284.1597072711926,283.63266344192454,283.1920362454163,283.0889322225487,282.51594929670034,281.90500109176503,281.2798621512188,280.6142953217283,280.40393034472595,280.17429356737307,279.9463478336425,279.70051255511544,7.527018668234819,7.219597821001017,6.675633124727264,6.597438605678749,6.09433096751719,6.02560912687843,5.567906757101186,5.529601834270334,5.364459809559474,5.150863149813707,5.062058621973525,4.909549120223424,22.720403260832125,270.0,0.5568827312868594,1.9347422488933252
2022-02-10 17:00:00-07:00,9.098021116666668,10.503029933333332,0.1884788110854879,16.5,10.839261284929679,83.93883399563025,87.88206412535882,249.64791037200249,0.0,6.730896983587548,11.44954094521172,1.0,6.730896983587548,0.01414994644611462,2.857142857142857,10.12495187777778,7.484321083333333,10.371324578064991,10.371324578064991,10.368989884516052,10.368989884516052,10.368989884516052,10.369169128096846,10.369168994502017,10.369168950040729,10.365839863349905,10.365839863349905,10.365839863349905,10.365839863349905,1.1286733395287318,1.1051026832990982,1.0840703785270889,1.0664244833866374,1.052210734173013,1.0439123646769308,1.0409548160959696,1.0423148616631366,1.050738003326277,1.0647136757821607,1.0855419860850806,1.1092912712530494,4.206983292924896,270.0,0.7133201246389498,1.8598373137039412
2022-02-11 07:00:00-07:00,0.70769875,16.121318166666665,0.2244839830306331,6.5,16.182565610746792,75.68397366190929,85.03515368427722,112.70115579405268,1.0810710876198489e-08,10.409939619096663,15.961186710735271,1.0,10.409939619096663,3.493339889847108,2.857142857142857,-0.787085386111111,1.6241672216666667,15.188060764435585,15.14077336976482,15.171593963850977,15.158409730153117,15.158375798947699,15.111070935640294,15.14653523154847,15.14504856295967,15.134741300027938,15.134752557364061,15.08747855191077,15.125728546370182,2.003789626199844,1.953745793962228,1.9236499212116462,1.9038992678827722,1.8934250589014505,1.8947259151809646,1.9007084068517928,1.9216595722263425,1.9502877250415145,1.9850248475905856,2.0163331949261436,2.056548523732638,10.157492262734955,90.00000225887273,0.6618227415216797,1.8728161408799133
2022-02-11 08:00:00-07:00,45.22032553333334,95.333655,0.2188562432374747,7.5,107.15621420903139,41.670431081761926,74.84426969677331,123.27650667425077,0.0,57.644022618566495,137.79570747190238,1.0,57.644022618566495,29.365533737581913,2.857142857142857,-0.0354044155388888,1.5265442316666666,125.48807149124147,126.65983801173107,127.80142787701689,128.32813510208095,129.44198235992565,130.52182696191377,131.0108535787475,132.03553808058888,131.5923992225682,131.6785956990629,131.70406167294712,132.26604586737028,14.45876198542838,14.659631540945622,15.002388780799672,15.045675159346233,15.482311151236159,15.949510950547984,16.461598763769977,16.561040102974815,16.65704026616314,16.77506337192446,16.853343669639063,16.91958097814048,43.7649163363446,90.0,0.40414945400567803,2.1349589475036868
2022-02-11 09:00:00-07:00,301.3659204,239.1367,0.2190086773312591,8.5,362.11957776178235,41.197135553039224,65.91541291536396,135.5056236856908,0.0,184.53927628704847,506.18322765297955,1.0,184.53927628704847,95.43791306910164,2.4192272966136397,1.9251107688888889,1.8547253316666668,467.0246035104233,469.53930805086634,471.9816812111087,473.05322877633756,475.51218163164776,477.9089575217274,478.87916738600325,481.0933336932647,482.02558206424635,484.131151031029,485.0873450907998,486.02193170249916,55.093483690076695,53.443051977986286,52.07896690625369,50.52639780851567,49.87762470930384,48.95743204888628,48.74421516562525,48.55195805527103,48.61939254173493,49.21053478073526,49.65456443673052,50.245964307829865,50.0,90.0,0.366977778440511,2.214355247456318
2022-02-11 10:00:00-07:00,25.70670525,187.58056666666667,0.206643860349265,9.5,200.8575721633188,47.820437305194716,58.90355177314266,149.92880211484078,0.0,132.2196565625523,186.92337065952682,1.0,132.2196565625523,48.986967006451884,1.6576974388297654,1.5551875538888889,1.7187109375,168.2156969762975,170.44252310071798,172.63125190856553,173.64212326343196,175.71269506361915,176.82045711732295,178.8153459898534,178.35022598237623,177.89341411380852,177.45387741582476,178.20085344800154,177.8013914525109,29.584182134507497,29.64384707656703,29.16616821558045,29.628912081024655,30.238730036454626,31.01991872809512,30.830605397875782,30.005730900632145,29.79936752860991,30.666707358979515,30.45309123502377,30.247173789472587,39.71842027539165,90.0,0.43049242890468054,2.0879487021656646
2022-02-11 11:00:00-07:00,0.4910792333333333,159.08496,0.2036277784529167,10.5,159.36941594292486,52.46003395149391,54.602434840555134,166.59027278906817,0.0,104.05536197602981,153.60843589194852,1.0,104.05536197602981,32.11481455314128,1.2460528406975946,1.1766961977777777,0.0,145.629945546627,146.103119711959,146.59056911173613,147.02378639614506,146.8755907402121,146.73231898524796,146.56714162322544,146.56916762365506,146.44368176253263,146.2931051032039,146.29415832039524,146.18825102395064,18.5473035930458,17.867698956949663,17.624460466686592,17.595217388973484,17.307452181313227,17.385443153041006,17.440371929089178,17.661118817167356,17.960702320442813,18.171049225379335,18.506553819254744,18.732227353247946,18.07475302160739,90.0,0.5948712192623966,1.906490320435855
2022-02-11 12:00:00-07:00,0.67131955,100.34477666666666,0.2004979203948937,11.5,100.74227167302473,53.44832661264784,53.693117708678756,184.54768885395305,0.0,64.6998959379215,99.75088284236429,1.0,64.6998959379215,19.660316350320173,1.0809503746130646,-0.3238002596111111,3.53991862962963,94.59756462925637,94.59757504280087,94.44598396441475,94.61335221741562,94.61336829923906,94.61337859395563,94.4660992318876,94.63343497132266,94.63748820009145,94.49483750253277,94.66221912341841,94.66224669238753,11.494229797185938,11.253991381918471,11.035786050849572,10.83748097923891,10.704612084561756,10.606941152283467,10.565562903200655,10.583660851372237,10.66085315284263,10.796485792936066,11.007571952986869,11.252603679934563,6.159039761127369,270.0,0.6963556907191732,1.8629149394463504
2022-02-11 13:00:00-07:00,0.7296805833333334,80.58755833333333,0.20006007892342,12.5,80.99194582359517,50.48817565504432,56.34451003209723,202.05149942999242,0.0,53.90067875450393,73.98717943665541,1.0,53.90067875450393,17.440648974825088,1.4324666223096458,-1.8042862033333331,2.9302491333333336,69.81862822873478,69.98106019452325,70.11750906880299,70.28758750707793,70.42969878033908,70.61505403660328,70.7729462848362,70.41125292275997,70.05031933258473,69.20905098095815,68.81862682691829,67.9561870881213,10.477954722971404,10.522663387239234,10.53302440908242,10.728517200444385,10.37911002986242,10.38047551226056,10.615162559060416,10.310470092390625,10.602590646393002,10.394523345207647,10.457506328236992,10.397414983873885,29.418511102403276,270.0,0.50440740026319,1.9860876925189053
2022-02-11 14:00:00-07:00,0.6475842833333334,90.62349666666668,0.4720329981318431,13.5,90.92663014203247,44.39494638878746,62.08903891015542,217.65598402325278,0.0,62.17698716498411,78.30541161527127,1.0,62.17698716498411,46.013805111148656,1.9557541852384452,-2.687377316666667,1.6515942733333333,65.7652570119056,66.95979502918844,68.13768446336394,68.60673409741031,69.7664291128015,70.88051930221538,71.32272036109833,72.42644491301046,72.01924220930287,71.36684267974468,70.97166883989995,70.58134694693065,27.431354291375957,27.56898151696648,27.91068009960804,28.248546137734042,28.823124132825097,29.343858201513243,29.928345359379644,29.666502579548872,29.385778197360782,29.208239326474178,28.870416548896483,28.499738251917712,49.07198610300813,269.99999914622634,0.37223337334722717,2.2020325586819505
2022-02-11 15:00:00-07:00,0.7032419166666667,69.66504,0.9432148401029964,14.5,69.90392148906908,38.9324114344048,70.14225054999197,230.951046921999,0.0,47.80263334312913,65.82182290568115,1.0,47.80263334312913,62.51473455736005,2.857142857142857,-3.0871743666666664,1.518765925,55.90382206978785,56.34989771395636,56.80111694181086,57.47491966314671,57.934805716286796,57.19484314119209,57.00694013787863,56.301065928302236,55.556467391521,55.34986581071346,54.59752331646658,53.83907566995784,36.28072524395247,36.76065635693221,37.192390634765594,37.345485731427424,37.691749097546804,38.00238970663846,37.4995750502939,37.120025327856794,36.584694687571606,36.431731304744176,36.20793975267403,36.276283608385114,50.0,270.0,0.366977778440511,2.214355247456318
2022-02-11 16:00:00-07:00,0.5386240166666667,15.798551666666668,0.99,15.5,15.89427468106708,59.484941131981294,79.76315033959176,242.2930383549051,0.0,10.419454741706458,15.534012920104265,1.0,10.419454741706458,15.202452171790641,2.857142857142857,-3.351451272222222,0.6363594361666666,14.32839803756969,14.427848797283222,14.460635981145613,14.516631200713668,14.450904098939477,14.50726478088471,14.610053063825706,14.67161082656268,14.54592889853071,14.509091361742698,14.437952847025437,14.398546342302794,8.768232382763179,8.668016445135422,8.582276394152004,8.433613992241657,8.396163884380826,8.266848288305113,8.209233149507613,8.132772811482553,8.182022210659067,8.194736018465129,8.30430384911107,8.479616943922665,23.294037674699545,270.0,0.5522750375682539,1.938655319434556
2022-02-11 17:00:00-07:00,0.2663459833333333,1.6800676833333337,0.99,16.5,1.6909345712540735,83.3057465190448,87.66168921821824,249.89368775673967,1.0655855451042443e-08,1.0771047546787935,1.7083625957615014,1.0,1.0771047546787935,0.00275333282620726,2.857142857142857,-3.787899133333333,0.1799712151666666,1.6022025937068631,1.6019653227345394,1.602676319675799,1.6026762844689868,1.6026762863483746,1.6026763886028037,1.602676541608594,1.6032091876933758,1.6032092152489466,1.6032091477485235,1.6032090117022917,1.6030582945363732,0.929497783364348,0.9099680153550889,0.8939739322042304,0.882289305709019,0.8752905308209711,0.8727422170869976,0.8756217300497214,0.8829321172969553,0.8942509390314841,0.9090163086946488,0.927666692851172,0.9478171276490303,4.640211115013206,269.9999974386791,0.7095507698811502,1.8604205090783776
2022-02-12 07:00:00-07:00,469.3451333333333,52.46391266666667,0.99,6.5,94.94693909949518,75.01205403254325,84.80673380167484,112.45896730046042,0.0,32.26975114019966,179.4381096763389,1.0,32.26975114019966,94.14652238968614,2.857142857142857,-5.837662528333333,0.0976221486666666,146.60420634714035,146.67934448865913,146.78096861375747,146.94065016502418,146.91453353651025,147.05733539673247,147.0573583012152,147.0858235721798,147.1867637788784,147.177515808084,147.27746309118078,147.27692671257867,27.511263102341108,26.98121496958114,26.569737220139174,26.30593749349027,26.201578849350398,26.211408077719927,26.395170819485077,26.67071870582412,27.133110942379332,27.587897586910344,28.125903799986578,28.66673074219879,10.622163208146729,90.0,0.6578342215843482,1.8742787377671686
2022-02-12 08:00:00-07:00,298.8796866666667,174.08550166666666,0.99,7.5,253.48643433687297,40.62089727885602,74.59371583275394,123.05009903524503,0.0,86.3535735938551,509.5793869527329,1.0,86.3535735938551,235.08652290418425,2.857142857142857,-1.3377671046666668,0.0999940574999999,459.85472755305506,461.1786085514189,461.5323032557269,462.8015670152021,464.14729008623937,464.52074303676284,465.72324791362314,466.05575969448984,468.08270366138373,469.32829415336664,470.12552020318043,470.9049484726602,67.67343488953462,67.34318030791795,67.59188836752534,67.71095407524828,68.15437050765495,69.32443927746323,70.06428144272326,71.37995744363049,72.29974873535731,73.16904176164252,74.3958900636979,75.1382867799972,44.968281927955275,90.0,0.39664238535035984,2.149644740766237
2022-02-12 09:00:00-07:00,213.95551333333333,295.51961666666665,0.99,8.5,383.77796310571455,40.89071432692923,65.63752313869931,135.30534221350973,0.0,202.89552483649317,569.2430655373124,1.0,202.89552483649317,345.6771478667814,2.4025772004109593,-0.5899113453611111,0.90304103,495.25429951066826,497.29855780880166,499.196587106919,499.459709369417,501.70268661302646,503.8106075080357,503.8570283673626,505.50806495703864,505.5337068951293,506.9212329766769,507.2064066058418,507.4615348987532,205.66518425395142,195.3281126053856,186.27016979103155,176.0708835626933,170.19915259811586,162.73332756190277,158.57148012647144,154.06819330324257,150.66215721686578,149.806793445841,147.86614567289453,146.49049146297824,50.0,90.0,0.366977778440511,2.214355247456318
2022-02-12 10:00:00-07:00,635.73666,227.94693333333333,0.99,9.5,559.1983581396687,47.51958142539456,58.5972016946683,149.77702211751625,0.0,321.2858745988904,741.3771260834653,1.0,321.2858745988904,518.0830017312311,1.6522412436041451,0.2480164854444444,1.7913255966666666,667.1702584914171,666.7918757959804,667.4539889561659,666.7908444122056,666.7787989421295,666.3632128294449,668.7732811481774,670.0214094020687,671.2198955208079,673.2046150581648,675.6839317227511,676.9073036575959,280.128128939697,254.71585669741876,232.82351170187042,213.09170486885895,200.2612543466006,193.44980941606016,189.09433341113274,188.73550487591248,188.51934142686295,190.20668782218726,192.85879965409137,198.10781040394534,39.50749703476575,90.00000120741828,0.43191040983996204,2.085601509885773
2022-02-12 11:00:00-07:00,343.77179666666666,389.7081666666666,0.893324230750103,10.5,590.4361604850393,52.134732951828404,54.2747555385964,166.51839861906953,0.0,377.99931742500814,614.549899932661,1.0,377.99931742500814,520.6525098890622,1.24435105675264,1.280795895,2.5147754166666667,580.7911446479299,581.0355307086049,581.7501215564059,581.9775920474517,582.7236746153222,583.3414117858008,583.4213442568275,583.5151089411856,583.5723465930463,584.0810060081418,584.0671396074345,584.2014914998231,285.95404189200326,267.306318704834,253.65318409736102,241.09703140066767,233.33582115983725,229.83795275489865,229.43668976779165,231.25148206043343,236.56320037258004,243.7141919784848,251.9781073091916,261.90384480973705,17.959458119289014,90.0,0.5958280201732157,1.9058679218348997
2022-02-12 12:00:00-07:00,157.1340383333333,399.63075,0.9067530067051288,11.5,493.40389254935155,53.11594653847027,53.36096621262933,184.57742646568732,0.0,318.580828722755,494.6070225484213,1.0,318.580828722755,446.3118870228981,1.0804961404824274,3.3358170444444446,1.1272985316666668,473.49803639972276,473.4982626142143,473.3011965151252,473.4288617078154,473.4295317468633,473.4301275332598,473.21282098415566,473.3391047430091,473.4279003795019,473.428392257273,473.3186681582408,473.3197413224717,239.79273927617905,230.07406650777958,221.12416396528047,214.22243315627875,209.18961069887678,206.56243671221367,206.6500121554454,209.243978771825,214.40979343863089,222.006090411799,232.70211150547314,244.28003065322747,6.124764042707081,270.0,0.6966530858708112,1.862850934711838
2022-02-12 13:00:00-07:00,207.22108,390.3131,0.9174752391412582,12.5,506.1074889044493,50.17181165221119,56.02739994705221,202.1744852746764,0.0,320.0277233584996,556.8819210435395,1.0,320.0277233584996,450.11434609241496,1.4294267572306687,5.680587555555556,0.894258935,518.0926505101836,518.0141026429965,517.9679182821229,517.6474205390872,516.5740040937179,516.5393022922412,514.3745963537524,513.9131918594228,513.7737925445022,512.2713182980808,510.80231988328353,510.23790070824407,218.216627635053,212.92722503185848,208.89216526586142,204.967836028016,200.75818968703297,198.77005930701705,201.66294575341692,204.22970162022565,211.0398410864997,220.3295956351492,230.96608250943984,246.46029501612193,29.254858513910005,270.0,0.5056523875798431,1.9846882868537934
2022-02-12 14:00:00-07:00,191.02474666666663,283.85945,0.8921225791895996,13.5,374.13126072673003,44.10397386271333,61.799006017526224,217.8421262351959,0.0,218.4780041731682,489.0574728463604,1.0,218.4780041731682,310.32807027017,1.946890743724746,6.082224583333333,1.7858080516666668,437.600352098653,435.87329790298884,435.41068975695043,433.61699989888837,433.32563737869,431.83385982931753,431.90518040727613,430.33968414181084,429.8442764412899,428.53595552888123,427.1450521351033,425.64493578833265,138.656961061049,137.94747140012174,137.5492031798911,137.57177756798905,136.87627452557498,139.17737605971854,141.03090917485443,145.05553767336627,148.63662871546506,156.4522708083735,164.36602990626372,176.09390687520545,48.844992560703666,270.0,0.373534037588264,2.1990444476465103
2022-02-12 15:00:00-07:00,310.79474001666665,176.04313333333332,0.7185018160189944,14.5,282.94511589210174,38.605859223105696,69.88147576877063,231.17222125294074,0.0,118.50352785339173,499.5109317125563,1.0,118.50352785339173,194.4655938857203,2.857142857142857,5.816598277777778,3.6008475166666667,462.77778957721114,461.5059341171758,460.2062624338523,457.3381814024369,456.1850168482305,454.8086165633136,454.2994785018174,452.807057388509,451.2714232961792,450.78468458769504,449.31674164471065,447.73792545144295,81.33227759899223,81.91525539695378,82.79914295171127,83.21623095413726,84.6862352670768,86.40846528036657,88.20138365787454,90.7682216647552,92.18311257422314,93.46057465809463,92.89949773520162,90.6620447898132,50.0,270.0,0.366977778440511,2.214355247456318
2022-02-12 16:00:00-07:00,63.875942833333326,78.51599,0.7682662070352977,15.5,90.12605010195772,58.713828434718096,79.52773688445646,242.53335948756921,0.0,45.12205131468215,129.36316629753188,1.0,45.12205131468215,67.97135327801084,2.857142857142857,4.830482566666666,3.0062574,121.18658802680886,121.15083248788125,121.19144314109266,121.42340431107672,121.24377509723165,121.19849134959424,121.24989786578102,121.21346245646905,121.01791503718215,120.74526305908319,120.22947664986162,120.02468399473136,30.3568427162107,29.910056572013183,29.510710207376146,29.075796144635312,28.68182421519597,28.331648365033825,28.02406460814122,27.85683586476566,27.826692378450915,27.842544996669673,28.188285167743608,28.727869336850073,23.872502304095242,270.0,0.5476486167462411,1.942694569495512
2022-02-12 17:00:00-07:00,64.2633077,12.13535785,0.7145215141706339,16.5,14.801866530056381,83.19141112424832,87.62191562735504,250.3072436914045,0.0,7.780574494121344,19.73348727987008,1.0,7.780574494121344,0.020466661341438493,2.857142857142857,1.503157718922222,2.756087013333333,15.28469147390717,15.284692376219475,15.284693137782565,15.284693561005652,15.284693485301972,15.280846377798461,15.280845565345949,15.280844979240747,15.280844930755421,15.275709501429896,15.276944788354358,15.276946485386494,4.943071934108775,4.83995956451989,4.744678245200529,4.66326336605017,4.604300911102091,4.566185679076118,4.551150582070811,4.564292212479852,4.600718523835933,4.6615813766469865,4.7449512387878165,4.847917799453965,4.707306010697171,270.0,0.7089672034373329,1.860515926729582
2022-02-13 07:00:00-07:00,530.7142833333334,27.526934666666666,0.8124733737059545,6.5,77.7147932661814,74.32440501680234,84.57362304234795,112.21602319336837,1.5543122344752188e-16,13.88996797267767,183.80747743403754,1.0,13.88996797267767,64.01698951607591,2.857142857142857,4.830517533333333,3.1012061333333336,147.26313399302674,147.28281082885346,147.5200673889277,147.52002143489491,147.7443155963108,147.74400464405315,147.93743992429904,147.93778019016725,148.11783584081599,148.1177043892914,148.1174931511029,148.26821981178776,9.860597620462942,9.700733662336688,9.598997333873411,9.508930126219182,9.459561565760218,9.4775559531474,9.605903391462324,9.753247763148586,9.887086542413392,10.052514388724221,10.369916729552779,10.559338935755571,11.097509343101116,90.0,0.6537603453042243,1.8758418251164195
2022-02-13 08:00:00-07:00,844.0391,54.24370166666667,0.8468030884273421,7.5,282.0938795696957,39.52995616369783,74.33857990533781,122.82301837166335,7.286094230377991e-09,23.631333933511034,783.899409825137,1.0,23.631333933511034,217.95647139949432,2.857142857142857,7.481774644444444,2.53150952,729.6212309010238,730.0087077662831,730.2607941645416,730.625849040396,730.7691420122746,731.1330925671548,731.2461116015199,731.596650645903,733.699072081472,737.6958231070918,739.5985088950756,741.4664701372668,16.276531955232908,16.230880253684802,16.319886294588947,16.41414291464328,16.487143756761775,16.699699149572695,16.972895141937308,18.64914004487468,20.44892052071793,22.17811720034882,24.25059553383038,26.0493348669053,46.26819457285499,90.00000085377364,0.3887082403988331,2.165859226657388
2022-02-13 09:00:00-07:00,972.0062833333334,65.94262,0.9221278426117012,8.5,471.2623467788495,40.582433677377175,65.35511775901632,135.10475766905796,0.0,183.57609303207792,907.6887151980302,1.0,183.57609303207792,378.8787530122133,2.385878427415424,9.406309472222222,1.2355711033333334,819.8483066573838,820.1692234559301,820.2033441720754,819.7331346195239,820.546043534827,821.2886567442289,820.4542049192827,820.0022873389237,821.9257569346264,827.248411508532,829.7166761327228,832.1018154524469,233.272223871385,211.63442089596055,190.99935967097036,168.29577609958596,152.637686508502,134.45185138591052,122.65031294202545,114.0563741417944,108.01944296691131,106.33004706801782,103.9271357136137,103.01366599831894,50.0,90.0,0.366977778440511,2.214355247456318
2022-02-13 10:00:00-07:00,1024.551,72.83741333333334,0.9281099539195964,9.5,611.4163761234666,47.21629488762755,58.286428816292144,149.62586543476561,0.0,336.21134851760957,848.7116247059054,1.0,336.21134851760957,520.8864671255913,1.6467266938484768,10.481391183333333,3.2469225733333333,782.6471124349653,780.5213794498551,780.0740374498741,779.0061179561269,777.5597070637964,776.7553032038874,776.4559828109228,778.8006039698852,779.777754500855,780.6846661600457,781.5891484132317,783.5953076714422,282.60430464295695,250.69031630735535,223.40545355596237,201.41081146883397,181.0084069764328,171.00707158843775,167.38855121444092,162.97959073268652,163.6575575560592,162.74267178276855,165.23616003708128,172.53123627339448,39.292583312093434,90.00000147877934,0.4333596514535872,2.083220665517869
2022-02-13 11:00:00-07:00,1049.7733333333333,73.73636,0.8911264668172297,10.5,691.6230715086225,51.80635379778454,53.94294374694934,166.4488572611418,0.0,443.2426492071232,744.1578546277153,1.0,443.2426492071232,608.5631831811496,1.2425868943145533,10.500870422222222,6.9830612,710.7712009399946,710.241458652811,710.2332894682107,709.5860803978876,710.8637487082043,711.2909377293992,712.3355605193052,712.4241034043606,712.8689113652489,713.7570745611462,713.7011338013232,714.159917679508,334.3312909762132,303.3780779694666,280.0788336262096,258.47926080287647,246.58762766396714,237.1962672396263,234.9020302434854,237.02066207735575,244.53459355063936,256.0088853693821,268.77285340489846,284.35548545032,17.839734557545892,90.0,0.5968222339779203,1.9052256926868631
2022-02-13 12:00:00-07:00,1051.4301666666663,71.53651333333333,0.8524172873331873,11.5,703.9311757100497,52.779688917292596,53.025365274290024,184.6115801642919,0.0,457.22628744519153,711.3158772597035,1.0,457.22628744519153,600.5048940513021,1.0801110420824378,11.199868777777777,7.25898445,689.806529158776,689.8044080242787,690.0741929610265,690.0726839760291,689.9549386296026,690.4057470122624,690.1781263574289,690.1767707633973,690.1754032978827,690.6233573263427,690.3462029418611,690.3459152288505,319.7399044036271,295.0468352290439,271.83591449116324,254.81186242662002,242.73783166304236,235.9890157214354,234.4986741818114,238.70435601681123,248.09438472254365,261.4878768215214,279.35312344299643,298.9348271322894,6.095698983043638,269.9999982924527,0.6969052854185744,1.8627969388960592
2022-02-13 13:00:00-07:00,1040.613833333333,67.13781333333333,0.786121256390391,12.5,653.4329935870694,49.85076754657728,55.707852471166554,202.30329126487518,0.0,394.6726941980207,781.0809151802802,1.0,394.6726941980207,492.9291192895934,1.426490264748093,11.664945888888887,7.722651833333333,735.4387045363435,734.9108693305391,734.1175942965887,733.6687973050554,733.6910258207287,733.2952602344069,735.0971768047823,735.814711291605,736.7802036002355,738.7026448183428,739.8063806156979,741.4158319047212,268.9472091351699,243.51050686331587,219.70836423141148,200.14098801583535,186.85949075879336,178.48560520193828,174.33510274938664,173.65107704630557,177.33136565052388,183.55141384420045,189.82051628117952,198.27121228046315,29.09609775878703,269.9999987925817,0.5068620653359796,1.9833375133109152
2022-02-13 14:00:00-07:00,1011.2860333333332,61.10269166666667,0.6411705294315975,13.5,543.5297048405389,43.80785459013226,61.50754109110137,218.0343770103245,0.0,263.6509570417487,868.9991996400986,1.0,263.6509570417487,309.47236981880764,1.9382604497660354,12.07243827777778,7.200307566666667,810.5406437691777,808.4554632324009,806.4196942708277,801.9706304206513,799.1800245881735,800.1914927697859,801.0408955687087,801.7760862927662,802.8482025861341,804.0030409513001,805.1933876249924,806.1671801852303,92.20356166461974,89.5046392348149,87.67625472587066,86.95352829590792,87.61664097038518,90.32719722114179,98.82851308591965,107.31679178294891,119.9195563878091,134.61755832777393,151.98705808228758,174.35909202158177,48.621461936245105,270.0,0.37482063392077697,2.196112015900507
2022-02-13 15:00:00-07:00,729.5219,66.106115,0.3162173168214993,14.5,320.1581736482677,38.27518275960995,69.62001576354304,231.3991292505477,0.0,86.04015063630733,696.8998995912913,1.0,86.04015063630733,103.77941481982894,2.857142857142857,12.020759666666669,6.464635633333333,674.1504018844398,671.7098630535352,669.226662536559,664.2120571108766,661.7969348647395,661.3719130868074,661.1196372293516,660.5490189689478,659.9735123881295,659.7639909822593,659.2522852111981,658.661264338473,36.78375822400933,35.865289512489916,35.26589213511446,34.56484727915638,34.588213878109514,34.8918337837758,36.904456848271465,39.51783385468086,41.3675329669417,42.85611685296851,42.96581998327762,41.43893293390257,50.0,270.0,0.366977778440511,2.214355247456318
2022-02-13 16:00:00-07:00,252.07191666666668,46.965543333333336,0.2988608005788257,15.5,93.80112074431152,57.93614271939252,79.29207995953963,242.7788869017357,0.0,21.6568795724787,209.71919756045924,1.0,21.6568795724787,31.049720202450462,2.857142857142857,10.845331277777778,4.560934666666666,199.7274983443516,199.21176225489953,198.69260574266053,198.1553713204274,197.57891132351062,197.50964536469957,196.88371012235362,196.25087478783038,196.11261856679636,195.9912413101733,195.84391037283794,195.55907068830643,8.470939811415873,7.923987192308427,7.552260921368223,7.297370880095874,6.940786900531283,6.7297071177757815,6.387641523725285,6.235182949177167,5.943927160430224,5.870746061082751,5.634430359722769,5.662871727953267,24.455907469845375,270.0,0.5430035748539419,1.946862724487525
2022-02-13 17:00:00-07:00,78.96822291666668,9.7398482,0.3670820700826019,16.5,13.319879838038393,82.55763380755488,87.40159998593863,250.5630624225324,0.0,4.5316986334101195,21.414901833728813,1.0,4.5316986334101195,5.044197610062992,2.857142857142857,10.133633405555557,4.2708234,14.34137734332344,14.341377640595168,14.3635161179635,14.328959216057715,14.328959335558249,14.328959268250728,14.328959037227312,14.347303703919978,14.312745959567735,14.312746782990054,14.312747272183106,14.291608845183951,1.4976653533188609,1.4652232720198741,1.4376096660181235,1.4142050119600185,1.396169766073778,1.3755779040626497,1.371036620168149,1.3738029393906699,1.384018337264112,1.4015895983981672,1.4285683138867449,1.4594226513401385,5.138719955860379,270.0,0.705216304089374,1.8611620931105701
2022-02-14 07:00:00-07:00,553.6887333333333,24.6094335,0.58741277771951,6.5,79.25611231474892,73.62113155979681,84.33593386626083,111.97236694820452,0.0,11.875759891886748,194.11075897465065,1.0,11.875759891886748,47.72472303088889,2.857142857142857,3.474918327777778,1.9034871383333332,157.01516422084939,157.2918521400719,157.58056351733785,157.56771582969617,157.83748021101582,157.8003819389885,158.07723176981187,158.01649252325558,158.2873811383625,158.20267855847285,158.20248898631434,158.47898751043283,6.224515756665042,6.108093668262901,6.020677788476772,5.998679921914272,6.060480499335761,6.064778674429587,6.104922661116706,6.212493392475709,6.399084621854763,6.501086578580536,6.655910759474607,6.774212120679763,11.583521153331988,90.0,0.6496019114664182,1.8775098160120405
2022-02-14 08:00:00-07:00,869.6018,45.72279,0.537040005059154,7.5,284.2650359282127,38.394902437358375,74.07897940715662,122.59528680409481,0.0,21.458705034565007,784.4375276273709,1.0,21.458705034565007,143.4714486185228,2.857142857142857,7.831821188888889,1.51122674,741.9831646332894,742.1427902289936,742.5413770721777,742.9253745449583,743.3170096782168,743.4654308471844,743.8299026377719,743.9788234230132,746.1994173070007,750.0566957413948,752.0029602509805,753.9745457760417,10.355664426586019,10.334087037143028,10.45125133994107,10.62166745269354,10.775417193989094,11.014945678379359,11.181762134601163,12.94406674082439,14.688338464473391,16.459211943968114,18.253529246393555,20.125953587990857,47.68319650934416,90.0,0.3802831577023419,2.1839134563545417
2022-02-14 09:00:00-07:00,983.3966,55.419225,0.4949675358723883,8.5,469.9575916028097,40.27242800436437,65.06831701181716,134.90387087078534,0.0,185.09298980763293,870.3345874686736,1.0,185.09298980763293,210.502977902583,2.3691486684113805,10.789467672222225,1.1728034283333335,813.750932509144,814.0563781349574,814.2236895680551,814.0421667555304,814.6645945393876,815.203232562291,814.8438276608151,814.7768863993086,816.8469029173533,821.7451627605008,824.0642631621424,826.331905762994,126.56389225223954,114.9419420976371,103.79970312707619,91.58748606992089,83.1755901062814,73.4411107412821,67.04309614386028,63.30543693207377,60.9621226805417,60.979092099461525,60.6696962856997,61.15863423018264,50.0,90.0,0.366977778440511,2.214355247456318
2022-02-14 10:00:00-07:00,1034.7311666666667,60.821358333333336,0.3706433517013959,9.5,609.5840143072239,46.910639603210115,57.97135242927014,149.47531883844715,0.0,339.8863180868921,807.1019990150362,1.0,339.8863180868921,216.06625528601802,1.6411608577905095,11.382575927777776,1.7946579,766.5181745861486,766.0354987073234,765.8702546882387,765.6538281664,765.2145529653816,765.0984428924659,765.0810776559013,766.9239442444666,768.966045574935,770.5087132537473,772.0174749109565,773.9521444439131,114.00009854544349,101.22433586261849,90.41917951829926,81.68136189149827,74.79037046382312,69.74240573643284,69.37179392867807,68.72575519265831,70.10452943956346,71.58391243759937,72.94978458675124,76.20157149396373,39.0738863969777,90.0,0.43483897772611146,2.0808090886147133
2022-02-14 11:00:00-07:00,1051.5596666666668,64.22430166666666,0.2489451165393,10.5,688.1345441809569,51.47498555948032,53.60711594271449,166.3816401666088,0.0,440.9222772536313,729.2139403336328,1.0,440.9222772536313,173.64170855916527,1.2407638162373296,10.374295588888888,2.008561433333333,703.4603575764789,703.609118629037,703.6875409437669,703.6120905347542,704.6471435166912,705.511774979165,706.4988519904239,706.4699235043502,707.3104815067237,708.1761287499392,708.154576170376,708.8571965725279,93.65992670026161,85.11184438085095,78.59279738972475,72.92163836013006,69.60579585173706,66.97670737915024,66.58105415525799,67.36292038137945,69.63140703134245,73.15474691497286,76.73408525835096,81.2350388163326,17.71579502102953,90.00000147877934,0.5978521627800819,1.9045652264390887
2022-02-14 12:00:00-07:00,1044.9633333333334,69.20781000000001,0.2112548639521218,11.5,702.6403077571258,52.439675651466736,52.68643104738933,184.65015558045403,0.0,456.3986338651491,708.6718627841552,1.0,456.3986338651491,150.12273871211613,1.0797927438509123,11.508034666666669,1.6599180183333333,689.5177284118943,689.5177993276568,689.7887552886154,689.3490572838218,689.3493945313594,689.3497288533098,689.3494956086412,689.1332169812571,689.1623641405785,689.1627370606013,688.8975174097353,688.8980409889629,74.16770072390091,69.31581814697176,64.88659941638024,61.56605923989301,59.14921152979904,58.15638759873031,58.478787584780285,60.153230074872845,63.14623088061737,67.3654942870835,73.11564684731282,79.23132120489092,6.071677365241153,270.0,0.697113732985246,1.8627525056988297
2022-02-14 13:00:00-07:00,1013.4440333333332,85.11109833333333,0.2144925453989196,12.5,660.7930157243394,49.52518371204857,55.385983161189564,202.43791418697919,0.0,399.8130074459401,763.6820534920838,1.0,399.8130074459401,146.28571794506993,1.4236546075715821,13.139399166666667,1.6258002383333334,742.3051219598098,740.5632284816226,738.8825351979698,736.9223995929626,735.1875379038754,733.2253601752242,731.3735344045415,731.35984804117,730.8936729969523,730.824963043223,730.8831795941899,730.5439827906783,63.28159760628174,59.94277216694627,56.70307281361469,53.78243421703525,53.1662037793832,51.80302724907123,52.91892710179863,54.07205810953992,56.651368292038775,61.962080330770846,68.31003028463294,76.08940575015367,28.942164144744336,270.0,0.5080367452799062,1.9820342161953255
2022-02-14 14:00:00-07:00,584.0540500000001,247.25936666666664,0.2085842735741563,13.5,528.4977754992315,43.50672551624518,61.214750876938815,218.23270046854967,0.0,283.55258888918735,714.5165196185837,1.0,283.55258888918735,129.12354157850783,1.9298579396191933,12.887591666666667,2.0937644466666665,687.6652538603131,685.1893087802033,681.3625347360021,676.9862876245461,673.3304095773786,672.5949853237479,670.7203727007899,669.8869767037803,667.7079322129853,665.7659541985695,665.4843537483767,663.4562362089249,63.023874949849514,60.40239092046528,56.63566201654994,54.5414389393655,52.86418531528184,51.579140969289064,52.69188631247611,53.71725992234458,55.79653547568126,58.439365248528006,63.2143184694603,67.2934126849763,48.40141580016498,270.0,0.37609275193223274,2.1932351230641247
2022-02-14 15:00:00-07:00,512.3350445,191.91818333333333,0.1697596224525388,14.5,372.53082390517693,37.940495957932555,69.35795999019405,231.63170247906606,0.0,146.0409255277791,655.121832942829,1.0,146.0409255277791,81.14396801627619,2.857142857142857,13.13933361111111,1.4844408883333335,637.2590395783982,635.6672560542071,634.0482032149766,630.6995728173283,629.0865078538599,627.263712369942,626.3647793722098,624.4251325980626,622.4389992689279,621.5179011996316,619.5171391309983,617.4547213158728,42.250657977175464,41.33412353508138,40.56532916164644,39.729339361541285,39.25685365144069,38.926919333474665,39.160150003339105,39.71225575464493,39.93944180005525,40.130848065068385,39.75628462489294,38.74366003452148,50.0,270.0,0.366977778440511,2.214355247456318
2022-02-14 16:00:00-07:00,381.615667,101.64878,0.1545890811119695,15.5,174.0966909966794,57.1518163763916,79.05624833133147,243.02952961473758,7.771561172376095e-17,52.126970541001725,350.78726420022633,1.0,52.126970541001725,31.55038675114136,2.857142857142857,12.804845722222222,0.9659264983333332,335.6670192459728,335.0863287639201,334.49649128593325,333.86412246783607,333.22441846607177,332.5362653633941,331.84231972772807,331.5171589222092,331.19719374439245,330.84978662224415,330.5098894665615,329.7808777861716,11.189569895748514,10.53861429054145,9.904486473041308,9.781092259508736,9.191599982015976,9.094503584458577,8.550128614540766,8.493356388767191,8.037723242750799,8.047715009922072,7.713113192065508,7.821570039507758,25.04438893017655,270.0,0.5383398593121278,1.9511627583680768
2022-02-14 17:00:00-07:00,29.37371005,19.302797533333333,0.1844756948425793,16.5,20.654350131348053,82.44581354080395,87.36275703290171,250.98664824455724,0.0,11.061901361151019,24.184240288177733,1.0,11.061901361151019,3.839134225984671,2.857142857142857,9.620462666666668,0.6601309461666667,20.03390726623072,20.0339076314879,20.028639758882626,20.028359712206445,20.028359884938386,20.028359826314617,20.02835955251087,20.0216838965487,20.021402651412235,20.021403649227558,20.02140424889585,20.011960332437557,1.823514372487055,1.7834219521277483,1.7495916437400196,1.7208855318467555,1.6987676856708274,1.6801669539528556,1.6745889389511948,1.6779687265100947,1.6904817329212312,1.7120178767376806,1.7448860035685447,1.782743726509907,5.202671968411748,270.0,0.7046604885920553,1.8612626862281254
2022-02-15 07:00:00-07:00,0.1433361833333333,38.85889183333334,0.2043756524557499,6.5,38.8736411983234,72.90233110268092,84.09378116377778,111.7280371793293,0.0,23.899482732770455,41.623609107639396,1.0,23.899482732770455,7.667408747138756,2.857142857142857,1.1442196122222223,1.2291817566666663,38.972214241761854,38.936984458166165,38.93186128089336,38.899121688306195,38.869076977290995,38.86453250305054,38.837656245452344,38.837728399316276,38.81325555141757,38.809187045891896,38.809085257656626,38.78745259449112,4.17349493489402,4.083225920025553,4.023697821897706,3.9707395669684242,3.9549945739674306,3.964111776000232,3.9922854147301883,4.020389435999231,4.081588970881109,4.156528501103317,4.234606105946416,4.297683370661167,12.080201240291634,90.0,0.6453596630339371,1.8792872443254458
2022-02-15 08:00:00-07:00,68.24843421666667,138.28447333333332,0.2143585632254679,7.5,157.30798230402803,37.212544150364295,73.81503372067306,122.36692153692093,1.5543122344752188e-16,77.85834860461067,221.51670774103854,1.0,77.85834860461067,44.154488260572414,2.857142857142857,3.527939738888889,1.27852451,202.90182337397135,204.4391518817003,205.19910800864494,206.8107909854277,208.40168806496115,209.1212823476875,210.64807540015556,212.15709776954975,212.26234968858688,211.76172411046315,212.64779525357653,212.7429865341191,20.95862725784778,21.368479610173164,21.85059000722507,22.464584962009294,23.14204195295777,23.82079136685632,24.47202642192009,24.68404796696517,24.84550443615319,24.995693230384603,25.18145358710336,25.930232779538063,49.23925128026158,90.0,0.37127874351727297,2.204240996559984
2022-02-15 09:00:00-07:00,462.89773,215.22786666666667,0.2138997048598571,8.5,412.4864810757389,39.960830018600184,64.77724236024558,134.702677399678,0.0,200.14852398062058,617.3108713426136,1.0,200.14852398062058,105.38509833281336,2.352404802758996,8.180744811111111,1.697700665,573.345747258731,575.4818576625634,577.5614174330078,578.4463852041465,580.5988685645731,582.6689761330305,583.4632134676749,585.3484746159879,587.2646646770884,591.3076978293036,593.2147067395184,595.0896819313925,57.77233232780579,55.18795764152296,52.90201138233407,50.42454377588571,49.119446426629956,47.49965742144215,46.75464233516522,47.110618849453346,47.829997367178855,49.21777211756947,50.47493113523355,51.94195448698611,50.0,90.0,0.366977778440511,2.214355247456318
2022-02-15 10:00:00-07:00,212.5893695,273.26778333333334,0.2035302815420619,9.5,387.01562332136234,46.60267233096505,57.652092198424775,149.32536359759104,0.0,237.27740720270327,429.85812370434024,1.0,237.27740720270327,92.4828269126958,1.6355507022885507,9.718801472222223,1.4458135583333334,394.9622987750331,397.31885290647494,399.71932048120186,400.7455951223095,403.2025660542152,404.19556028558617,406.3871005450163,407.4692145708897,408.5123219382192,409.7392916568821,411.78618330113704,412.76125020804466,48.75782392303449,46.84448724388044,45.135383337901594,43.54080277728892,43.175143250220025,43.38819590226128,43.987924699070724,44.93882017811386,45.01280573588984,46.272075397139055,47.36761271559653,48.765263954594104,38.85161309396516,90.0,0.43634720048361464,2.078369664600807
2022-02-15 11:00:00-07:00,586.5810683333333,203.41253333333333,0.2057150422956715,10.5,554.2357660497989,51.140716636741914,53.26738798181675,166.31673375255514,0.0,356.26867545839883,582.7104545597946,1.0,356.26867545839883,120.90112113681678,1.2388851517369899,10.321168866666666,1.7434917966666668,556.540794242412,556.9279757797648,557.127193563729,557.4678048813093,559.0103145569915,560.1585997478588,561.5886101392548,561.5753541649275,562.8554603811236,564.1135330950614,563.8997654218444,565.1973843410811,63.45487354375475,58.89672858517002,54.92123307241152,51.945008911522976,49.9753933680068,48.917591454067484,49.05030207509625,50.07489514765654,51.33276170910763,53.579915424525396,56.28863024749162,59.24521097919486,17.587852608372337,90.0,0.5989161019419602,1.9038881047338534
2022-02-15 12:00:00-07:00,846.6946433333334,299.5977833333333,0.2074184794870019,11.5,816.8565803856043,52.09602522320183,52.34427815582457,184.693154366093,0.0,529.5371283546492,822.342238062552,1.0,529.5371283546492,171.3952188081391,1.079539084373433,12.414263333333334,2.2211331183333334,796.1756378602427,796.1751056791483,796.5269143433926,796.4927059085767,796.4931536739368,796.7798099929348,796.7800388598355,796.779723345689,796.7793843246621,797.2086882714834,797.0033050485423,797.003222178392,91.22231377736084,85.09953097965968,79.36855239849966,75.19093718400491,72.254988765975,70.64811940463943,70.4009229557985,71.48104005687286,73.85641645177608,77.42277825619435,81.9384111779728,86.86528618133633,6.052527063425316,269.99999758516344,0.6972799163731868,1.8627172082733567
2022-02-15 13:00:00-07:00,118.93561628333332,308.6216166666666,0.2024439558500546,12.5,376.7349795197991,49.19519625202235,55.06190521835816,202.57834725325498,0.0,241.07190555529672,384.72944545352243,1.0,241.07190555529672,82.72348229233097,1.4209173101711547,12.832236444444444,2.150163735,369.05304610920723,368.6384600918611,368.3160117202824,367.84282272934536,367.5068975542742,367.0479339427849,366.6956988286114,365.7453320766925,364.64281089643896,362.4428146907683,361.4199759743535,358.884603299101,44.19392363365048,43.87455824913996,42.81578851976931,41.87482244326636,41.25791544850097,40.65358996500543,40.067299899121934,40.67622055515394,41.17396612676519,42.41572595328567,43.4596653199289,45.61486115365047,28.79298279593232,270.0,0.509176826847697,1.9807771817017068
2022-02-15 14:00:00-07:00,533.2466906666666,228.2502166666667,0.2077203044335853,13.5,487.4182805166865,43.20072375922782,60.92073891344869,218.43705722673837,0.0,264.20298081611736,661.4093247131348,1.0,264.20298081611736,120.62954575324767,1.92167767448673,12.954111166666667,1.8518530566666669,636.6025379547356,633.6536793066301,630.9249481415383,625.1405759986147,622.4078790776166,620.7349000550589,620.116622857164,618.3157848495547,616.3586609350166,615.738787448506,613.999798688597,612.5850813495312,59.66816653592724,55.86046564090026,53.28839341983661,50.62742497734089,48.75264331056203,47.61032378473004,48.20989073112416,49.636304499588825,51.056237340797715,54.081772868065826,57.22075889388486,61.684092692958586,48.18486452431504,270.0,0.37735005006611305,2.190413482315944
2022-02-15 15:00:00-07:00,808.8413516666666,102.69271666666668,0.1472857047415276,14.5,391.297905688724,37.60191226787313,69.09539400410578,231.86986950461628,0.0,115.94061212901498,804.1096092088023,1.0,115.94061212901498,73.16559875234282,2.857142857142857,13.274851055555557,1.7038264749999998,787.1413072687426,784.3767196277909,781.5668624712695,775.8354216799443,773.0010692862691,772.193096118217,771.7579617456255,770.8341148405586,769.8784859190991,769.4608009422615,768.5296761029572,767.5559260186584,33.16111104331779,31.26010666271737,29.571363828020473,27.85642378124581,26.60039202567111,25.557387203295818,26.524418681769525,27.936886544214424,28.978633261617013,29.979417973355655,30.327426447497096,29.848062048249226,50.0,270.0,0.366977778440511,2.214355247456318
2022-02-15 16:00:00-07:00,689.7114166666667,44.91833833333333,0.1067315477443986,15.5,178.6441908157933,56.360756327478356,78.82030648214989,243.2851944266184,7.259137482825133e-09,20.750659040650152,456.6069247915615,1.0,20.750659040650152,24.691637043899323,2.857142857142857,12.550686166666669,1.0630316816666665,432.64189874967633,432.79393588422295,432.9354586155641,433.0722822268603,433.3467896701937,433.4702708026908,434.4856301236803,435.4575221059285,436.3966025356762,437.3130063356609,438.21468181307404,439.0728360959035,2.325873058931743,2.366643488452166,2.8657706619324097,2.972960475357121,2.984476665764046,3.662503708253294,4.203182714235961,4.419109533279678,4.968834889862136,5.232665034895991,6.0484468658988595,6.59565296765496,25.638110293938645,269.9999987925817,0.5336572464112435,1.955597932095559
2022-02-15 17:00:00-07:00,23.531316333333333,10.29982905,0.1423676757667817,16.5,11.472825340214268,81.81187834939159,87.14271821445635,251.2520685294757,0.0,6.27187761637428,13.974047103147024,1.0,6.27187761637428,1.6612967791923308,2.857142857142857,8.99461947222222,1.0234237883333333,11.617726379147287,11.61772652974877,11.617726708143639,11.616186895434403,11.61618758860532,11.613107186087468,11.61310647191399,11.611365794078218,11.611364973515798,11.606959678305213,11.606960088549377,11.605504574821948,0.8029223552400284,0.783362790522019,0.7685412054636024,0.7549802173562843,0.7452805530875332,0.7388853402531141,0.7361300709269607,0.7375895173038725,0.7430137224203454,0.7500505994917958,0.7631359739995365,0.7795050032588388,5.631996168687444,270.0,0.7009306710987298,1.8619701063881373
2022-02-16 07:00:00-07:00,385.92351,32.778092,0.2703134624885797,6.5,74.14095644391932,72.16809226555877,83.84728203923322,111.48306736284621,1.0921547868927228e-08,15.444620900398737,168.9594575604987,1.0,15.444620900398737,21.505952804673584,2.857142857142857,-2.682896367,0.4699952988333333,141.38032591058936,141.6998965032524,141.72787323831517,141.99120846651155,142.26353083575248,142.24489631383383,142.51317109979814,142.4674916508592,142.73544511596552,142.73529054495913,142.6709830179011,142.93584981989304,3.8159214414523728,3.8112513411151188,3.7536133161689214,3.7775590528912977,3.7689789573125165,3.8581372940150693,3.88491391601378,3.9773051570917657,4.029654497715047,4.19643868232185,4.263572759476315,4.388946476528555,12.587565288259537,90.00000241483653,0.6410342818478928,1.8811787752882112
2022-02-16 08:00:00-07:00,435.2001335000001,106.26030666666666,0.2117887960899818,7.5,229.52247703434296,36.47087380018521,73.54686389180605,122.13793458534258,0.0,52.47126682333433,519.0964786172868,1.0,52.47126682333433,61.45778904483391,2.857142857142857,-1.1775382950000002,1.6005241666666667,489.9675125835748,491.05576766194343,492.13226990662554,492.623777112427,493.6687491569475,494.6880051094001,495.15218025153075,496.152254057941,498.06849620565305,501.8818345947526,503.7188814151748,505.51660813529645,14.103088157707262,14.417871347272303,14.81901659469103,15.235262379764137,15.714252356936035,16.192051623277454,16.675017230518026,18.343536785941385,20.03208229232223,21.766161322608674,23.485730229154974,25.223380226247933,50.0,90.0,0.366977778440511,2.214355247456318
2022-02-16 09:00:00-07:00,1.5611682999999998,143.80342666666667,0.1877037415649559,8.5,144.4759691890602,39.647770354518514,64.48201624562043,134.50116732148297,0.0,96.09901610204633,125.77859844579548,1.0,96.09901610204633,38.93369864257973,2.3356628987980437,-1.7019397444444444,1.7637271966666668,108.96859949455171,110.9618730155992,112.92413027708531,113.82692953427296,115.74448035012277,117.61266127814964,118.46517870904614,120.2877473107406,119.845976678603,119.07329638199158,118.6477726656651,118.22790960803785,24.791779965639705,25.21929055412409,25.780912149859624,26.36767742895843,27.107435880383036,27.836800084670692,28.609691416520455,28.286109488674708,27.956965864330197,27.669237610498975,27.316148705263185,26.947412564356565,50.0,90.0,0.366977778440511,2.214355247456318
2022-02-16 10:00:00-07:00,0.56366105,99.68455666666668,0.1880713852877818,9.5,99.98883089782551,46.29244996753938,57.328767878530584,149.17597519652355,0.0,67.38208203637427,87.0911920580756,1.0,67.38208203637427,23.08096760487246,1.6299028612592912,-2.1877121666666666,2.209404636666666,77.90791981108879,78.50780770559425,79.76559845886071,80.9862289014197,81.54197803782475,82.16313805857699,83.30127960948226,83.01641135749466,82.73651781224763,83.11001119142811,82.8507058575193,82.60231641912303,14.111041909506282,14.33408703486098,14.654493345365282,14.642880342019826,15.09576731342033,15.589676657082078,15.510486444157806,15.058448787536397,14.964736392967874,14.838256162590831,15.285592099684333,15.146549378558127,38.62596952015412,90.0,0.4378831201974027,2.0759052406847376
2022-02-16 11:00:00-07:00,0.4848834999999999,93.63258666666668,0.1862783158804527,10.5,93.9249110915711,50.8036294336501,52.923874771967554,166.25411916898236,0.0,61.37709256122229,90.17661837359535,1.0,61.37709256122229,17.2314586582744,1.2369544365633987,-2.2623093222222224,1.5880753483333334,85.56498189381608,85.86952435079955,86.13668972056402,86.41300567054854,86.29684624913627,86.20357037037506,85.82504495815031,86.1009205608901,86.01987488428675,85.64047367108252,85.92725301781026,85.55011476207328,9.83926653759868,9.666104534401962,9.619827310831093,9.43002848459454,9.423961646065099,9.544799001280047,9.505643246570358,9.63063943599574,9.854360788182007,9.891910708278056,10.127493971321956,10.167520421802154,17.456120586439873,90.00000190909591,0.6000123417134479,1.9031958934981974
2022-02-16 12:00:00-07:00,0.8512891333333333,92.47639166666666,0.1844458760728959,11.5,93.00050907208659,51.74885499691071,51.99901933402649,184.74057408178265,0.0,59.71612617043267,92.0972275101527,1.0,59.71612617043267,16.665229683011734,1.079347628045566,-1.9543048611111111,1.5351548549999998,87.37309676665633,87.37307379298147,87.35023677450978,87.34678089133155,87.34679560807103,87.32827423722094,87.3282779885013,87.32827100935245,87.3282583578203,87.17323448064062,87.31369322463934,87.31368372342992,9.556336821121313,9.350685304599056,9.173968957241724,9.060426649949846,8.996094172817804,8.981446242106841,9.015281821110646,9.099857487577045,9.223836433299104,9.367838375681416,9.563405787778278,9.765857626805072,6.038071451047763,269.9999954022882,0.6974053638665677,1.862690637576745
2022-02-16 13:00:00-07:00,0.7837644666666667,71.92588,0.1830684609564288,12.5,72.37838529888543,48.860942500416044,54.73572912068735,202.72458010280533,0.0,48.10463353339536,66.29524377642649,1.0,48.10463353339536,14.287144000626284,1.4182756815789705,-2.0793613444444445,1.75948704,62.74438754470763,62.860712722853734,63.00422537467563,63.12628112904193,63.278423545182164,63.41445886140414,63.579307440368645,63.23741162622986,62.919274248342624,62.21770449838854,61.8436753075022,61.48416393211913,8.565819558459697,8.594765290206961,8.766524301387474,8.764672111906808,8.47384380024863,8.65574833178766,8.396989911955941,8.607472670911974,8.676089658837894,8.688759104722331,8.557243586407262,8.678717171249403,28.6484690583396,270.0,0.5102827942127275,1.979565142636518
2022-02-16 14:00:00-07:00,0.6500271666666666,54.94929833333333,0.2067461797265907,13.5,55.26814599541285,42.88998686241556,60.62560518152364,218.6474044992744,0.0,37.7934001631989,45.08980881260798,1.0,37.7934001631989,15.475195848301503,1.9137139339311855,-2.300943905555556,1.8849292983333328,42.09452783829781,42.29957740368898,42.50761770586454,42.89359392656615,43.11049295012645,42.38961586186825,42.05218306010422,41.30872495422083,40.9502668735777,40.18506521964253,39.40015643132802,38.602044865335586,10.662516417021255,10.837575142043102,11.002011786147703,11.156217008473991,11.281877534476127,11.420283984696564,11.08816441016448,10.763274781494955,10.446464130931938,10.180378352408617,9.933166798809367,9.744075153002145,47.97180743643414,270.0,0.37859225611731007,2.187646665117928
2022-02-16 15:00:00-07:00,0.6002141666666667,57.87703,0.8114256800352582,14.5,58.09376572067264,37.25954437154176,68.83239914962141,232.11355607360673,0.0,39.81304624652391,52.99357845270064,1.0,39.81304624652391,45.613449071602695,2.857142857142857,-2.656012883333333,1.4960949116666666,45.670439992253,46.02635699453317,46.386517247283756,46.94421133146357,47.311893572407925,46.66573994746869,46.47211113145099,45.846327428182626,45.19009518814557,44.979973825758115,44.314708810168824,43.64316810731266,26.860301698838526,27.23202280516596,27.568428003456333,27.7082251529203,27.981979838788252,28.229778474793676,27.820107587824907,27.49704595780041,27.06806984205646,26.913244878783328,26.714629094430595,26.729125888361654,50.0,270.0,0.366977778440511,2.214355247456318
2022-02-16 16:00:00-07:00,0.4366365333333333,9.804275666666666,0.99,15.5,9.890697257357767,55.562842947416144,78.58431434915911,243.54578614291972,5.086849771066476e-09,6.495665807173315,9.672357253609427,1.0,6.495665807173315,9.414239469271399,2.857142857142857,-3.017728705555556,1.2558252883333334,8.882267017773835,8.911086766466378,9.004942143153098,9.030059975905788,9.056533956164573,9.096497900295203,9.054303178898248,9.027182570767646,8.98394855671926,8.960164015448894,8.923072859612079,8.853613146531766,5.234398293885475,5.162724043020825,5.124653451557687,5.061952531724084,5.095287987365877,5.086714022110142,5.162065433506388,5.180900029773771,5.230569467424619,5.3290167217850515,5.349900561925358,5.391494743588784,26.23726547197828,269.99999914622634,0.5289553295697002,1.9601718349256172
2022-02-16 17:00:00-07:00,0.59489185,2.717580633333333,0.99,16.5,2.747626120367987,81.70312237997129,87.10499931974374,251.68521200651492,0.0,1.7441616018883899,2.778943774172313,1.0,1.7441616018883899,2.695656103270006,2.857142857142857,-3.4801280777777777,1.0635454105,2.5954655411445984,2.595465827088043,2.595466171821526,2.600934885210229,2.5967025313857186,2.596702818363884,2.5967015423092845,2.6017819639035444,2.597779827604919,2.5977800689519173,2.6028636207138454,2.5996619699590364,1.5337110976411836,1.5015058471088665,1.4728901904446747,1.4482618088730415,1.428737823613401,1.4163697093185215,1.4110355442720253,1.4132210982226443,1.4249695685422301,1.443569970643782,1.4688669074510914,1.5005259804000195,5.692544529204792,270.0,0.7004048651139162,1.8620743718703485
2022-02-17 06:00:00-07:00,0.7026411333333333,1.6440065833333333,0.99,5.5,1.644182072442437,89.9591142244894,89.98569001310955,105.52384569657875,2.3134203829637683e-06,1.0511349505049101,1.6445078867147218,1.0,1.0511349505049101,9.521182470253287e-08,2.857142857142857,-13.243820833333332,0.627730472,1.5542712694299674,1.5542712694897913,1.5542712694897913,1.5542712694897913,1.5542712694897913,1.5542712694897913,1.5542712694897913,1.5542712694897913,1.5542712694897913,1.5542712694897913,1.5542712694897913,1.5542712694897913,0.9164060902827926,0.8964703902555253,0.8794601921546668,0.8660723511234796,0.856866936438109,0.8522282358792219,0.8523488102856245,0.8572161318200888,0.8666180501033295,0.8801527272690384,0.897249235697798,0.9172078911906493,0.02758190453076741,90.00073413364177,0.7497593024852802,1.8571429730134512
2022-02-17 07:00:00-07:00,502.292005,31.373465,0.7266007605803144,6.5,87.39342636120426,71.41849442741301,83.59655556035315,111.23748574869707,0.0,15.685306493908506,207.01320931799492,1.0,15.685306493908506,64.68914185287531,2.857142857142857,-11.991476961111111,0.7191738516666667,174.42303276262803,174.4798536386788,174.82668747538347,175.1605349548417,175.16013900365056,175.45636713865994,175.7882823294044,175.73822160074278,176.0692628980558,175.98251782298018,175.98296852345587,176.21367192929543,10.050911592382377,9.835329305016002,9.701631012709152,9.68127832961439,9.739423545407611,9.75079427419586,9.829420888052027,10.032280446129834,10.25666150643467,10.415991313647691,10.717350019245938,10.983080747689577,13.105643168485491,90.0,0.6366263824739858,1.883189217899048
2022-02-17 08:00:00-07:00,830.6658333333332,61.24882166666667,0.99,7.5,300.3021833295054,36.12182542934872,73.27459239211382,121.90833270367108,0.0,29.751776916261612,829.6777873640099,1.0,29.751776916261612,263.3789885114319,2.857142857142857,-7.670288416666667,0.5088881878333333,759.7733408963377,760.179458477036,760.5974581828862,760.7255072761346,761.129470206367,761.5128182850017,761.6146742886987,762.0308168100742,764.2797559279652,768.8474646779064,771.00844252824,773.04604313333,22.790651065889985,23.018488027444462,23.420763402316677,23.819245277472856,24.337921815353695,24.789418533959424,25.26177722857329,27.283770861312178,29.298662352239962,31.393013359940028,33.341290052777296,35.23475717986146,50.0,90.0,0.366977778440511,2.214355247456318
2022-02-17 09:00:00-07:00,955.6166,76.39599666666666,0.99,8.5,492.5688909832777,39.33337735718322,64.18276186059977,134.29932512075908,0.0,199.98798541323066,937.7155658827613,1.0,199.98798541323066,423.6309589240001,2.3189382138502292,-3.476416268888889,0.7102310865,844.3968403981003,844.1198665425637,843.6939033823076,842.8728168384216,843.4864689575612,843.8455365005846,842.7782208156964,842.1036149254245,844.1824296314319,849.8360279721069,852.4251218583703,854.957435874393,257.1715508285821,232.1163491576865,208.39504354393995,182.78221486992288,165.65016567980192,145.89898549198278,132.9033628406312,124.07180965556218,118.09677779690551,116.87576582788024,114.96467867170125,114.57178277675094,50.0,90.0,0.366977778440511,2.214355247456318
2022-02-17 10:00:00-07:00,1016.9758833333332,83.51615333333332,0.99,9.5,637.3786013082139,45.98002558238593,57.001499092794695,149.02712327628393,0.0,356.91247717215987,875.0475966239183,1.0,356.91247717215987,581.3068756855837,1.6242237880196218,-2.724073018888889,1.0026459333333333,806.4208688274047,804.6369130599642,803.8670490144788,802.4901790615615,801.2512455240853,800.177778506471,801.3010211449913,802.5285123054066,803.5257045281174,804.4104592177735,806.5926232170943,807.4334663075219,318.82875677526107,283.8399656962315,253.64665784589292,228.93536444244435,206.90447742046936,195.56629538231417,191.71764437855558,187.07231364370315,187.91873963895566,189.03514232488186,192.22373506565634,197.5016605130337,38.3971607979822,90.0,0.4394455275889802,2.073418620780313
2022-02-17 11:00:00-07:00,1042.9348333333332,85.99622500000001,0.99,10.5,719.7866650085585,50.46380727953451,52.57669005467499,166.19377228876718,0.0,461.3376850692059,772.8447413319341,1.0,461.3376850692059,703.8199000339205,1.234974929501882,-1.8297460544444448,1.3248183233333333,739.0129441554207,739.31122500184,738.5071048806997,738.6474717718443,739.2456679035018,740.368711304571,741.4098636754422,740.798789452513,741.8712326171212,742.9797904218833,742.0451799848659,743.2740629098985,386.39199664370517,354.2581432393352,324.2218398474319,302.66907987525286,285.1928522463717,274.82921586614765,273.53011363245565,275.4202992863063,283.586892508221,296.0780258140797,311.2345491903481,328.5320725843749,17.320811965950405,90.00000120741828,0.6011391703922995,1.9024901382790662
2022-02-17 12:00:00-07:00,1052.2696666666666,82.74338333333334,0.9531426848734452,11.5,735.6274318330978,51.398280025492895,51.650765226067456,184.79240828514816,0.0,477.7765417735167,743.4124256508659,1.0,477.7765417735167,701.5076158415936,1.0792158581014901,0.3558178829888889,1.3612597616666666,723.585277575498,723.585610999088,723.8804623418348,723.4020319965988,723.4036026279722,723.40501076508,723.4039080475598,723.1643058428757,723.1622824531609,723.3039282578058,723.0136216456941,723.0160657494253,349.6119148380777,326.81234701612794,306.00308824688204,290.2527097531205,279.4843398110861,274.82677631931756,276.33215974516236,284.19138311821354,298.2362274106636,318.0404851124413,345.0415249905996,373.74726734538524,6.028130070921788,270.0,0.6974916382683487,1.8626724011749425
2022-02-17 13:00:00-07:00,1039.9091666666668,77.636305,0.9354652065999408,12.5,682.8797084254793,48.5225574078608,54.4075624582633,202.87659895760436,0.0,412.7096074566159,816.3487570956514,1.0,412.7096074566159,612.5067782198197,1.4157269886378339,0.8074074761,1.39632688,766.7642601737064,765.9853590786863,766.3367116529585,765.5594273764548,764.6370592838525,764.8119948599389,765.8720064534491,767.5724228639818,768.303009840122,769.4853637281506,771.4997978724698,772.3499150007298,337.6160631015533,302.5340244536796,273.04146070946,248.75858518394506,232.22736662179503,222.88255999883555,216.71926332965512,216.92321466229328,221.5042874519801,229.28531341022787,236.47105562606782,246.67793918593352,28.508529231726325,269.99999914622634,0.5113552107605418,1.9783967855866775
2022-02-17 14:00:00-07:00,994.22695,71.94946666666667,0.8897640613174951,13.5,564.1039242915025,42.57465246287175,60.32944598642266,218.863696292194,0.0,279.9142668667592,906.9561110221637,1.0,279.9142668667592,441.5818326875454,1.9059608448515117,1.9005462344444444,1.0722158350000002,830.2420168248262,828.1675167931788,826.1610927857112,821.5672160502035,820.1230965542883,821.6715785927116,823.1106131158209,823.7529067470815,824.3865228679206,825.941346444356,827.8413776512926,829.3573320889,131.64084954801461,128.50223894379747,126.55960952601644,126.28565729837676,126.59213660319789,133.38631608397304,145.59764301922647,157.45332416394993,175.29586738756407,196.46945127758062,221.26668871584582,253.37531186238922,47.76223331254102,270.0,0.3798191656427871,2.1849341101762687
2022-02-17 15:00:00-07:00,931.10755,58.08569666666666,0.5280569455823416,14.5,398.2934265936395,36.91350400861897,68.56905249885094,232.36268533558976,0.0,109.12157562058499,869.9721493507357,1.0,109.12157562058499,192.82215966339263,2.857142857142857,1.4870567373333332,1.062117236666667,829.8175799442448,827.4993681280682,825.1325360491874,820.397231061464,818.3039604635446,818.1501583405407,817.8987862878353,817.3452707938526,816.7232299454173,816.6408205649025,816.2028738845562,815.6577916101543,57.08719436525906,57.91970691724099,59.47655405021688,60.74036815895131,63.78906508845489,67.59289922420332,72.89310427847917,80.18963268493144,85.98332415158222,91.83762957178372,95.20298400911699,95.4182527445391,50.0,270.0,0.366977778440511,2.214355247456318
2022-02-17 16:00:00-07:00,771.3350666666666,40.26894833333333,0.3685403744478709,15.5,196.0487636745656,54.75792649004349,78.3483273231335,243.81120780556932,5.040000624756699e-09,18.99556068877033,514.7970766700427,1.0,18.99556068877033,75.40728945203385,2.857142857142857,0.5122606337611111,0.9595065933333332,488.1647455325933,488.31244604184445,488.5713723061602,488.68601014985643,488.817576207744,488.9231572782745,490.05074256458914,491.1177196953413,492.16541644350696,493.1597482643587,494.13280433094263,495.0483051039228,6.075610555562118,6.039243446732862,5.982273391870089,6.646532951554516,6.667019562065613,7.433537893161272,7.49838217318663,8.333326715545523,8.993770771845092,9.31710599791293,10.238378097361366,10.888634328027036,26.84208066485621,269.99999914622634,0.5242335123764754,1.9648884246716323
2022-02-17 17:00:00-07:00,134.27906513333332,11.7222728,0.5706017958723438,16.5,18.590439447533548,81.59679065685754,87.06813010651138,252.1229378209283,7.673265786063981e-09,4.945377626388561,34.381224264137366,1.0,4.945377626388561,10.909975627965725,2.857142857142857,-1.8259082522222223,1.0413762416666663,22.558755583244356,22.53951566075447,22.602218880512414,22.602218627703632,22.574669950973554,22.638269894002946,22.638271804599086,22.638271112108765,22.602944964628943,22.666537872070744,22.665910044497462,22.66590958654709,2.4699882738728123,2.4182455225571573,2.3915854303289485,2.3620290738672227,2.3430436818264853,2.339489016609213,2.348219584939376,2.3684396649927857,2.400600436285205,2.440818259924646,2.508439786446166,2.5624658576673975,5.751305356198703,269.9999979086902,0.6998946351407038,1.8621766217110878
2022-02-18 06:00:00-07:00,26.0470597,2.351559933333333,0.8631328288739742,5.5,2.3852826005182854,89.78805698797436,89.9258201476228,105.11026754623437,6.941837719773577e-07,1.503565688104898,2.447906833827307,1.0,1.503565688104898,3.646262456792332e-06,2.857142857142857,1.108646348611111,2.5833820983333333,2.2253262896621573,2.225326307366935,2.225326307366935,2.225326307366935,2.225326307366935,2.225326307366935,2.225326307366935,2.225326307366935,2.225326307366935,2.225326307366935,2.225326307366935,2.225326307366935,1.1428512092915706,1.1179714604450908,1.0967548893091812,1.080067877559609,1.0686053864604066,1.0628412374009777,1.0630098958546956,1.0690896497222435,1.0808127929529923,1.097672118001684,1.1189549654823951,1.143788612885739,0.14269663557187393,90.00022662021892,0.7487547382262122,1.857145958501437
2022-02-18 07:00:00-07:00,614.8728166666666,27.56188833333333,0.7937265015104263,6.5,98.85484421814654,70.65360412586425,83.34172253673289,110.99131565478365,9.24124304088947e-09,13.242344329298488,247.31741101108403,1.0,13.242344329298488,79.57152922848066,2.857142857142857,2.7678219905555554,2.499401353333333,210.08447789245545,210.0855343814963,210.4937574855586,210.86025635239054,210.85140993832482,211.21333536168174,211.16525082018904,211.5259852824428,211.46120240691113,211.82247880878995,211.72155490789015,212.0828723171288,9.277361197969753,9.10759936562641,9.040604545766216,8.97610020786769,9.025396604706964,9.054034428233942,9.219977525477834,9.324184537891036,9.537103357276612,9.811540932833308,9.97467259981389,10.235021286897982,13.634480079021014,90.0000020913098,0.6321365061104607,1.885323538939827
2022-02-18 08:00:00-07:00,889.7119333333334,48.859715,0.8131882084159566,7.5,309.0109166289953,35.76975220190954,72.99834294498034,121.67811771393758,0.0,31.127720234320577,848.9299346847255,1.0,31.127720234320577,223.9129237776389,2.857142857142857,4.490267427777778,3.4449937333333334,788.0453744852003,788.3936135260172,788.7733196271527,788.9226711206634,789.2605302989482,789.605426024369,789.7323689444977,790.0956942211403,792.245162242844,796.5795190586143,798.5379662437844,800.4452075685946,19.090594209988744,19.920521969554358,20.792948574442555,21.71313529722889,22.545383794701365,23.269225400905864,23.947380384403814,25.959094106514904,27.914218885976183,29.805450777909567,31.56076134820877,33.16730063554331,50.0,90.0,0.366977778440511,2.214355247456318
2022-02-18 09:00:00-07:00,989.7389166666668,62.084246666666665,0.8754169946847696,8.5,497.825548585798,39.01777725198596,63.87960303941362,134.097130054618,0.0,201.27894078238515,933.1788868361728,1.0,201.27894078238515,379.0028418043202,2.3022451949499714,5.473714122222222,5.328997183333333,848.8742253729813,848.6690130869781,848.32885329599,847.6183618540827,848.2112299941782,848.5753070813793,847.6423702910289,847.0733405081809,848.9547463179297,854.0529766543128,856.3930967969004,858.6820462012996,230.19988899922123,207.70085983481343,186.38969157663556,163.3829377258932,147.9843686313061,130.23961452499464,118.56241674648238,110.63162410649772,105.27050122114584,104.17383621763686,102.46992080013439,102.13291485723582,50.0,90.0,0.366977778440511,2.214355247456318
2022-02-18 10:00:00-07:00,1013.3121166666666,82.52696166666666,0.8927238789052472,9.5,639.2958236551593,45.66544969060691,56.67040529918055,148.87877199974446,0.0,357.85691813815697,868.092240897991,1.0,357.85691813815697,527.970734893489,1.618519706939411,7.209098333333333,2.673577003333333,804.4001227026553,802.8922650804506,802.2233763909796,800.9768878564187,800.2696979889907,798.9860204169936,798.6513370401433,801.6816571231158,802.5953522322908,803.6089724321072,804.6709899572439,806.7839654004968,288.3240274706117,256.550570275782,229.35000025719663,206.91421919470582,190.06082710464676,176.54612977940008,173.43471897776377,171.6105149593622,170.41904085589388,171.69078269559753,176.366024232311,179.49213264438137,38.16539062040857,90.0,0.44103320621232855,2.0709125592362794
2022-02-18 11:00:00-07:00,1052.5116666666663,71.60794166666666,0.8823611766177627,10.5,716.3230876637984,50.121328094039946,52.22594645650988,166.1356640858976,0.0,458.99499237626424,766.6813659724398,1.0,458.99499237626424,624.5266328451314,1.2329500488913698,8.653757888888888,2.4575668583333337,735.9448633477853,735.4494563554437,735.3529781731161,736.5265158301173,736.0138786209687,737.0286851823179,737.2835692342833,737.407064851079,738.3949659918819,738.8464653127401,738.5695410195954,739.3985220922893,346.0126097188422,313.9333338921782,286.86007210979824,267.6705504639773,251.9033658643216,244.1530092769846,241.33744226903082,243.04183931164147,250.1948231988719,261.4885202599023,275.00316595629954,290.78277619951376,17.182138817509188,90.00000147877934,0.602294879698992,1.901772358463178
2022-02-18 12:00:00-07:00,1051.001166666667,70.28147666666668,0.8591991326611979,11.5,727.4176130610891,51.044410615944535,51.29962452948737,184.84864691083604,0.0,472.50106749163615,734.8177661432733,1.0,472.50106749163615,625.3561478341733,1.0791416230856512,6.620529727777778,2.850372038333333,715.6647574157817,715.6625664241196,715.9261566379012,715.7998894171153,715.8016905236169,716.0192098358259,716.020200864373,716.0189554109647,716.0175469295924,716.1854711495005,716.1842373808759,716.1839409530826,332.9895226394319,307.21147281088406,284.63908047722276,265.1608109903546,252.53313757979765,245.45762747218754,244.08764636311628,248.25091541000995,257.90182604786634,272.0319735290985,290.70499189057193,311.16590956426694,6.0225196947154105,269.9999954022882,0.6975403275633446,1.8626621227536206
2022-02-18 13:00:00-07:00,1024.1486666666667,69.53619499999999,0.8304969918315108,12.5,670.3942532389924,48.18017614749325,54.07751016436846,203.0343869475215,0.0,411.1748002963158,796.3821264678229,1.0,411.1748002963158,534.8124211841534,1.4132683534832227,5.084675105555556,1.886278288333333,757.5110682483613,756.6673132991957,754.7578473663357,753.684515779981,752.1588734609747,751.471487935526,750.2891302870759,750.157937301565,750.9566902499803,751.6782534789785,751.3489664733715,752.0601528472796,221.0111149116399,211.58322067319506,204.76400190878073,197.29062379294066,192.7747739060166,192.25254233357114,199.35696510092254,207.26728151451837,221.7516965624131,242.99649893576202,265.3941025986799,295.7116936370863,28.37306178801212,270.0,0.5123947097452219,1.9772707617950331
2022-02-18 14:00:00-07:00,977.42,69.41529166666668,0.7616849496376396,13.5,557.6472216375819,42.254858145172136,60.03235426447294,219.0858836642355,0.0,281.5917339719547,882.0310362109836,1.0,281.5917339719547,376.97958211558506,1.8984124271194116,5.669532333333334,1.667184386666667,816.8679212242961,814.8898252140986,812.7214210094182,808.1427714935517,806.5955756688525,806.6829562936757,807.7927092433315,808.5613605853765,810.1755000602852,811.4075252825232,813.3437965673622,814.5949229596467,116.92226976944514,113.85802354469428,110.13026917026721,109.3746309069248,111.19166670240233,114.4522872992658,124.58469034925096,134.58531990940395,149.4947081753027,167.34357058143064,191.28051307886068,215.29214193683723,47.556121396498675,270.0,0.3810306371205312,2.182275138974863
2022-02-18 15:00:00-07:00,897.51225,64.32324666666666,0.4551513293883444,14.5,396.09649896931506,36.56390208217773,68.3054272284708,232.61717805847857,0.0,111.4524167040952,856.9877325006669,1.0,111.4524167040952,168.32928305552312,2.857142857142857,4.744634988888889,2.23853641,821.8354345219158,819.4327920468182,816.9779276897997,812.0511938919727,809.8127344123466,809.6583082417453,809.4024360458851,808.8658049782989,808.2701428380863,808.1771411091347,807.7346397539235,807.206140786081,51.830259453425185,52.176355145353,53.16845100359947,53.9172632597165,56.26548072087927,59.315921676741745,64.00854431609005,70.58998666880973,75.90235021205281,81.50156432675416,85.12462484167688,86.29383349651742,50.0,270.0,0.366977778440511,2.214355247456318
2022-02-18 16:00:00-07:00,591.5999800000001,73.48465833333333,0.4029376903186359,15.5,195.3497979263725,53.94582829504767,78.11239668872379,244.08136086483967,7.06040366738019e-09,36.30929587201116,463.1251937838017,1.0,36.30929587201116,82.57822675414407,2.857142857142857,4.924631005555556,1.3091019899999998,437.34432425209724,437.8665151634672,438.13592784387026,438.35838813333334,438.57098654933674,439.06341549864146,440.1900356326293,441.3116956243228,442.3575691079251,443.32280634073504,444.3347320103825,445.3411847269279,12.652395876920416,12.440115509286565,12.460613267323637,13.032635755757314,13.247408191687688,13.908122344226788,14.253059129201137,14.936496008715663,15.941014275080216,16.434738412978387,17.180415337791437,18.20560782134415,27.452815348940227,269.9999987925817,0.5194910105450677,1.9697520621027782
2022-02-18 17:00:00-07:00,107.31876668333332,15.928286750000002,0.5036312505287885,16.5,21.827397831029238,80.96418801307885,86.84897042675453,252.40199523541278,0.0,7.593077630572435,36.32585696490571,1.0,7.593077630572435,11.24938223852421,2.857142857142857,3.693520538888889,0.8660822716666666,25.910239622933553,25.910242660093818,25.94133406207645,25.886131396633733,25.88613607970921,25.88613907773547,25.91059521110951,25.855383193627837,25.85657856431014,25.87393868595513,25.81873992727568,25.818747924673943,3.4449519784517406,3.3754666283594403,3.312297512302572,3.2553324856136836,3.1950420305967753,3.1663769509055686,3.1546659136257746,3.1593224696971234,3.181016912548147,3.219593172663793,3.2805986053042577,3.3505828875149013,6.176582524224666,270.0,0.6962034873931612,1.8629478355674276
2022-02-19 06:00:00-07:00,34.675403583333335,2.4000186,0.6759660517332982,5.5,2.483265586051697,89.60698873483025,89.86244700719135,104.69595632830801,0.0,1.5345958345296573,2.637854389654096,1.0,1.5345958345296573,1.2747448036391858e-05,2.857142857142857,0.225965542945,2.189397741666667,2.2786420723368916,2.2786420723368916,2.2786420723368916,2.2786420723368916,2.2786420723368916,2.2786420723368916,2.2786420723368916,2.2786420723368916,2.2786420723368916,2.2786420723368916,2.2786420723368916,2.2786420723368916,0.9134895051966947,0.8935878980872728,0.8766264158724436,0.8632965389945044,0.8541488537298125,0.8495589140908121,0.8497087682246615,0.8545767743303044,0.8639444243818739,0.8774032735592603,0.8943825162244626,0.9141835663085063,0.2640982136087733,90.0,0.7476953164730099,1.8571534803316023
2022-02-19 07:00:00-07:00,617.0014,26.154288333333334,0.6943191555534252,6.5,100.4616366310429,69.87347671988961,83.08290536220872,110.74457627003734,0.0,12.483368287339022,254.14607674253617,1.0,12.483368287339022,70.9929540866311,2.857142857142857,1.5665549396666667,1.7974089966666666,218.21983094009644,218.26826291997565,218.6630296205993,218.66244079767947,219.04190243890454,219.38312924414026,219.38302962313156,219.70614926751244,219.69643152304633,219.99294221027313,219.9933554579985,220.26218666898845,7.685646529360132,7.627345332493817,7.530476429273195,7.4619547510137485,7.534031226959705,7.652017919763362,7.714747706500944,7.903114137706289,8.113528918610308,8.239334836161332,8.510242569331451,8.750381220683497,14.174137675310204,90.0,0.6275651149868119,1.887586878497359
2022-02-19 08:00:00-07:00,881.9433666666666,44.26389,0.7454567237650064,7.5,306.26360414005194,35.41476506338497,72.71824046313532,121.44728735362584,0.0,31.593223896402915,834.5650313783915,1.0,31.593223896402915,203.91631515933005,2.857142857142857,5.440758022222223,1.098675355,778.6353061820847,778.9749811768022,779.3445468107351,779.4858008843964,779.7783012257779,780.0944151773406,780.2252828556159,780.5425242179748,782.6097667202814,786.7381458104034,788.479042808158,790.3682384807396,17.806099782239798,18.92789013673631,20.01459713702953,21.150064912773516,22.109327778801756,22.866451801051028,23.547908583229574,25.46039247810152,27.207993904488188,28.945694883609605,30.440408536345956,31.8654951153184,50.0,90.0,0.366977778440511,2.214355247456318
2022-02-19 09:00:00-07:00,979.5072333333334,53.90245,0.784446421726474,8.5,489.84435912518353,38.70109481461491,63.57266432177574,133.8945570435129,0.0,201.1095689216081,908.889671787769,1.0,201.1095689216081,334.59839464223694,2.285597480998373,6.624985661111111,1.1995979133333334,834.4717967400109,834.1881355138827,833.7700022172726,833.0668512651021,833.5110503159672,833.7418235937057,832.884063971608,832.3469143085566,834.0651938100094,838.73441034225,840.8866470285222,842.9842819715055,203.6534624474392,183.66574513371452,164.76599937889176,144.29842330864741,130.70564146204347,114.95870010684936,104.53660902033268,97.63448002128939,93.03627320932978,92.22485761833863,90.88174122398539,90.77590926637083,50.0,90.0,0.366977778440511,2.214355247456318
2022-02-19 10:00:00-07:00,1026.253333333333,59.508383333333335,0.7323369105291111,9.5,628.3886319008752,45.3487710813994,56.335606014831846,148.73088094767434,0.0,355.95101473121844,842.8727160650271,1.0,355.95101473121844,426.1019750405488,1.612796601618555,8.703676388888889,1.8219228116666668,789.8216422700173,788.6178818803818,789.60292591531,788.2211675327002,787.624084687035,786.4890209013374,786.3749182049942,787.5988712602336,789.4373500833,790.2761652984037,791.1546961223122,792.877054010763,236.4761902661921,207.3517999145565,185.00716199922869,166.76054549932687,152.96464998947948,144.24623727186426,139.75106821685813,138.56384572445708,137.87161870776578,140.71342931269984,143.02575545933084,145.4089329220165,37.93086068452916,90.0,0.44264493606005323,2.0683897533886566
2022-02-19 11:00:00-07:00,1050.5393333333334,61.38045666666667,0.6280668613502222,10.5,710.008361838519,49.776269895525814,51.871755891852736,166.07976149210958,0.0,448.1167861219371,755.105511030153,1.0,448.1167861219371,442.0088958466157,1.2308830364472363,9.851176527777778,2.1936311833333333,728.5236182176642,728.2061454037821,728.2391370473331,728.7677514982902,728.8538310894112,729.7781685361819,730.1628482320124,730.2389879365667,731.135022525428,731.4928005727171,731.4358477760693,732.1682003505905,234.90569068502276,212.24649126991048,195.48369987097772,180.73873121445232,170.43668436172075,165.8343458118305,164.725165567429,166.72039655249156,172.58262468428404,181.36840207919818,191.0181545928139,202.71808077640168,17.040311296236354,90.0,0.6034777726439029,1.9010440403030744
2022-02-19 12:00:00-07:00,1058.5535,60.894635,0.4738917894426767,11.5,727.8432099320474,50.687358622506665,50.94570457562818,184.90927701559596,0.0,472.82302867366417,734.3451849416131,1.0,472.82302867366417,345.8633326975091,1.0791221919984404,11.550335111111112,1.722125675,716.6266510470646,716.625435892673,716.8653068984136,716.7956212791825,716.7966188254256,716.9933781956439,716.9939289119109,716.9932399109949,716.9924584210853,717.1452971032844,717.1446111041798,717.1444477930903,183.76219954758008,169.45204306626457,156.91805837238314,146.1008319113047,139.0842784980635,135.14902106539373,134.38080567025352,136.68472448583498,142.0343388592276,149.91553500476635,160.27613139590014,171.62863766373465,6.021055848144995,269.9999977411273,0.697553031545964,1.8626594424998952
2022-02-19 13:00:00-07:00,1045.707666666667,58.61551333333333,0.3105849744510705,12.5,677.0161980221959,47.833929763256734,53.74567523995088,203.1979246450049,0.0,414.8392097205034,782.4790142397899,1.0,414.8392097205034,207.87165823316622,1.4108969998676193,12.858557444444443,1.4059433866666666,752.5924491725223,752.5927290959079,752.3585981090054,752.5513782761374,752.3526405585241,752.288985718032,753.9494361120222,755.1031511067259,756.532429804147,757.7726297183174,759.2566919338515,760.4979067355373,112.11362573805611,101.90395403008145,92.09239636642427,84.93384881510002,79.03018089585316,76.60871112678824,74.53988953223745,74.69642553602522,76.56056344779029,79.83670400547909,83.67561650292949,87.63138360555627,28.2419591697785,269.9999987925817,0.5134019803837855,1.9761857024215044
2022-02-19 14:00:00-07:00,1013.3066,54.38968666666666,0.2333467126734531,13.5,565.1051792404785,41.93074152727738,59.73442040609276,219.3139150591816,0.0,283.34113905134984,846.6547302385188,1.0,283.34113905134984,128.31026381610354,1.891062657853723,14.03427311111111,1.1455257966666668,820.4176692802597,818.3682677935615,816.1685969272942,811.5143285015224,809.5770713680673,809.5945942287169,809.8946218996401,809.7307348274315,809.5195980411379,809.8065661826239,810.4617948535316,810.5515204753359,44.64935440628468,42.28585938953821,39.985033886707726,37.934928455214106,37.34272241093457,37.81119080374371,40.223249359838675,44.011635562830314,47.82977996516483,53.53192951234127,60.981197615903575,68.46492119399554,47.35344303078616,270.0,0.3822265832827387,2.1796689788092003
2022-02-19 15:00:00-07:00,945.0265666666668,51.21178666666666,0.1635459873188517,14.5,404.58879464271223,36.210849099370954,68.0415935131583,232.87695281913142,0.0,112.03255358488953,852.605185381988,1.0,112.03255358488953,72.74390556878927,2.857142857142857,14.1551605,1.249801671666667,835.860861547963,833.6172529190375,831.334500945773,826.6875724799312,824.4273875953384,824.0978157238682,823.8503930952023,823.3560654390113,822.820508782164,822.6453417796379,822.1682084466999,821.6596853849386,27.261808591851864,26.04853194463846,25.092352433154524,24.092919894742025,23.72058541988664,23.651186408873766,25.31828214547124,27.760051061348914,29.759972784473486,31.995621508928306,33.58436942788705,34.401719425221835,50.0,270.0,0.366977778440511,2.214355247456318
2022-02-19 16:00:00-07:00,803.7351833333333,38.16542333333334,0.1184974339927443,15.5,206.96458539805894,53.12634216378829,77.87657057194541,244.3561452675929,0.0,17.882678156320782,546.9094337089763,1.0,17.882678156320782,30.371545775251317,2.857142857142857,13.814863,3.21509927,530.9345629056306,529.9795768950837,528.9801138048626,527.9479899613012,526.8726052358876,525.7668818768319,524.6173056128273,524.5001764726832,524.2498057217647,524.1147680286367,523.9847576118641,523.7053617679405,7.4212234981479535,6.4759674542739765,5.568305821898692,4.887538376924874,4.662435193826247,3.8384614041273144,3.814145890032363,3.037382031792965,3.0254564497832486,2.309648745551666,2.3200167981295765,2.280059408983393,28.069761992671605,270.0,0.5147268646324682,1.9747675361499568
2022-02-19 17:00:00-07:00,160.92596623333333,12.145172866666666,0.1055752119623263,16.5,21.090634989787624,80.86151587327927,86.81343192350273,252.84854068385738,1.989154388272071e-08,5.084329311704897,41.51379550871579,1.0,5.084329311704897,2.5936875776280144,2.857142857142857,11.43503138888889,4.596443933333333,27.715702961101382,27.71570662524228,27.791154076009178,27.761953819500043,27.761956007645523,27.83723529492319,27.799364897028518,27.79936444267379,27.79936376877702,27.874811764637524,27.87481118571551,27.82883754810223,0.4994799009157934,0.48931751493635484,0.481640191995712,0.47623002270039855,0.4731896813054141,0.47254179213657815,0.47456028544253326,0.5001454205381344,0.50615545235738,0.5148496971501508,0.5237097234938644,0.5334664455580391,6.231737989757635,269.9999943367063,0.6957249842214516,1.8630518700350607
2022-02-20 06:00:00-07:00,48.15063236666666,3.170790166666667,0.4414284977692779,5.5,3.4991507797864143,88.88357090963117,89.60927152584333,104.44085239252782,0.0,2.0277262456418526,4.108827770319386,1.0,2.0277262456418526,0.00013559845395422554,2.857142857142857,7.225757588888888,3.887473333333333,3.1012190161574744,3.1012190161574744,3.1012190161574744,3.1012190161574744,3.1012190161574744,3.1012190161574744,3.1012190161574744,3.1012190161574744,3.1012190161574744,3.1012190161574744,3.1012190161574744,3.1012190161574744,0.7868046721707987,0.7697606621821752,0.7553421866366462,0.7441292301683194,0.7365740277078399,0.7329766508526616,0.7334651852215631,0.7379916041850357,0.7463424839148807,0.7581437624339195,0.7728905755430857,0.789972584283957,0.7493801731195853,90.0,0.7434606107612355,1.8572283880238551
2022-02-20 07:00:00-07:00,68.14077026666666,64.101495,0.2540915538082442,6.5,72.61793060123763,69.07815213798715,82.82022788558639,110.49728394178783,5.211183246633568e-09,34.08904346455951,109.53525902388213,1.0,34.08904346455951,18.92903858544239,2.857142857142857,5.698477388888889,1.1546356116666667,98.79691847800504,98.92221764014347,99.03630338802296,99.1455485285095,99.131350280813,99.23159820932013,99.32776645336637,99.31234788476837,99.41254232992227,99.39835096671668,99.48172840018242,99.46668719522731,7.520106403354898,7.378588166226448,7.316324972811691,7.269317015571227,7.2479984679416525,7.274762739110395,7.387130407454179,7.475033295932201,7.583325821509891,7.771091404077269,7.912083728027195,8.114616931498123,14.724695286361484,90.00000120741828,0.6229125865003678,1.8899845674508886
2022-02-20 08:00:00-07:00,3.63844175,169.05481666666668,0.2237805369111291,7.5,170.15288879286774,35.056974769545654,72.43441104967968,121.21583662289005,0.0,99.88265027780253,189.540721955645,1.0,99.88265027780253,49.358417286343524,2.857142857142857,5.959367766666667,0.6966009633333333,170.0640605114885,172.16447263786637,174.23458887906713,175.17680454301245,177.1944644258063,179.16031554607434,180.05012239252494,181.97758515828767,181.54696365193098,180.81384261957362,180.38642659106523,179.97148136392315,27.927606116955957,28.502500373041066,29.232675476899477,29.991618271165045,30.898343348795258,31.78375561491352,32.69160422329419,32.43669008071672,32.154097939807535,31.910484924235586,31.56934891050357,31.199593889363232,50.0,90.0,0.366977778440511,2.214355247456318
2022-02-20 09:00:00-07:00,121.67656166666669,259.19295,0.2194418494409224,8.5,313.936488028451,38.38345449366252,63.262071138386574,133.69157807698892,0.0,180.24038058078452,375.46098148617693,1.0,180.24038058078452,86.75052537901831,2.2690079030241703,9.454845633333331,0.538963455,340.5314968555056,343.32700621442825,346.07331706273794,347.2866025484485,350.02884221464524,352.68252101180224,353.8193214844646,356.3680172312537,356.7270372563454,357.6587866612672,358.0290220946534,358.39130509629393,50.71539806650842,49.93589821033305,49.46329949738946,48.94428888276795,49.14535361945119,49.19196517401509,49.647275155821475,49.51842339685569,49.53600122393228,49.88659669349149,50.10433816076142,50.38306893299251,50.0,90.0,0.366977778440511,2.214355247456318
2022-02-20 10:00:00-07:00,593.64965,231.00346666666667,0.2138715588898681,9.5,562.992006672539,45.030038080471634,55.99722123479391,148.58340653868765,0.0,331.0930429032534,685.5226426221591,1.0,331.0930429032534,134.6378914899513,1.6070602000260552,12.563046777777776,1.139357865,642.587220399686,643.0811383559122,644.6646018367317,646.02191014067,646.9223846543725,648.2303896643422,648.8618739161233,651.6329163912361,654.2560393267408,657.6979240606818,660.1569156357467,662.5628639699664,67.29761684124675,62.173123029040624,57.861714066104994,53.41781939992483,51.16627902640953,49.95903263301102,51.48831046114713,52.981552744353884,54.58726669745709,56.98099717777359,59.71675652751248,61.38831803851735,37.693769941968384,90.0,0.44427949856998206,2.065852834444786
2022-02-20 11:00:00-07:00,1069.8921666666668,69.45976999999999,0.2050086465410041,10.5,735.275325507354,49.42870786467573,51.51423024839128,166.02602872854482,0.0,464.1378387774895,774.4748723150179,1.0,464.1378387774895,153.7819162804666,1.228777208817717,13.097079166666669,2.118854466666667,751.4308087784933,751.4116435488219,751.5063890454754,752.4423820089962,752.5227521476296,753.5056652706788,754.3121839765602,755.2501498991662,755.2710430839629,755.9818798344129,755.9624277081658,756.749405360061,80.18262125983519,72.5656178157968,66.9147632525279,62.33694033176342,59.33695325455496,57.320348008536364,57.34372709507749,58.264113765526986,60.00161761534623,63.45668326701887,66.71980597786262,71.1892959468715,16.89553636595384,90.00000147877934,0.6046861739760162,1.9003066288022463
2022-02-20 12:00:00-07:00,1075.0268333333331,61.32324166666667,0.2001240511005745,11.5,743.8334199400981,50.327231969256,50.5891122710985,184.9742838813236,0.0,483.2155608103957,749.8893705225919,1.0,483.2155608103957,150.34804394912663,1.079155342444219,14.574390555555556,2.3851746,732.815575613111,732.8150507022056,733.0560422497782,733.0259678875235,733.026400374349,733.2230152654529,733.2232532077153,733.2229534652357,733.2226158334813,733.3761910493103,733.3758959422117,733.3758254452612,79.40186022229543,73.22279572867473,67.81000643989871,63.13950565968141,60.109261786313844,58.40969931653944,58.077715305184135,59.07362989664373,61.3836468208859,64.85151461880895,69.32671515890699,74.22884712923543,6.023554738982059,269.9999947369858,0.697531344959301,1.862664018276549
2022-02-20 13:00:00-07:00,1056.0226666666667,60.179435,0.2049032367810988,12.5,689.6264759320026,47.483952641606805,53.41215988867406,203.36719081435132,0.0,422.5730867100797,791.6744905999835,1.0,422.5730867100797,143.20574261021895,1.4086099717775193,15.790325777777776,2.5990661716666663,773.186683480789,771.8310450363309,770.3546745156536,769.0242567333154,767.5548827190531,766.2466680090364,764.5728732962248,764.6736628333522,764.5781948869427,764.3967257636832,764.4843814484104,764.3637085506705,61.62502599289091,58.50489643010463,55.49546693848261,52.9515177889417,52.01436881387813,51.12558410617329,52.512079098185644,53.772406203304875,57.72688074972072,62.198214461558564,68.78183212241896,75.59616168332434,28.11511006622016,270.0,0.5143777501536716,1.9751402372434503
2022-02-20 14:00:00-07:00,997.3597,55.47661666666667,0.2087403354087482,13.5,562.63851229723,41.602439891773095,59.43573350866941,219.54773673183564,0.0,276.95461244108304,837.3682030722638,1.0,276.95461244108304,116.525055266525,1.883905570982518,16.471130111111112,2.2216601133333334,802.7239031272992,802.2703100547981,802.19076921352,802.2232113694547,802.2185070683731,802.4365759868938,802.1991727089215,802.2399077450128,804.2565473316591,808.8040869147464,811.2160753686017,813.3165340780158,59.15200186360053,52.3601641827292,46.41660371964412,40.81183924009001,37.59714654141071,34.51442867410829,32.599538175425145,32.62688909250972,34.02263966897408,35.73889910439072,37.87181261653075,40.69082440120397,47.154163787494234,269.99999914622634,0.3834069591984039,2.1771147917342617
2022-02-20 15:00:00-07:00,897.2914666666667,49.772751666666665,0.1529625380877827,14.5,389.1305466432003,35.85445585498737,67.77761985057842,233.1419262114262,0.0,111.41702822237004,814.0506173978595,1.0,111.41702822237004,66.90537589164241,2.857142857142857,15.764732666666667,2.70680351,798.7376052607392,796.5287123300803,794.2825292012634,789.708584479063,787.473159839624,787.1456552798307,786.9128751319724,786.4310178047198,785.913247969787,785.7416500193398,785.2788506461766,784.7861548272746,25.899017772293735,24.62783825914106,23.59636963684425,22.523736853491247,22.035431167356194,21.835943777170964,23.35599235443072,25.62423198348898,27.49556592353502,29.65568642802308,31.284759197749352,32.33521572411442,50.0,270.0,0.366977778440511,2.214355247456318
2022-02-20 16:00:00-07:00,803.8429833333333,37.96087666666666,0.1133115664150028,15.5,210.0139537466894,52.29923550284362,77.6408953152189,244.63545952250394,0.0,17.753226113813465,556.1369703659878,1.0,17.753226113813465,29.823109546176852,2.857142857142857,14.678770277777778,1.875855765,541.0902128278419,540.0880328760461,539.0529011145193,537.9737560730454,536.8630257332969,535.7106215911757,534.5273302627047,534.4007905542512,534.2783169378849,534.0142979434457,533.8820727362178,533.5906986374014,7.342785581942087,6.665005190465897,5.717450039992582,4.8033731217976685,4.581438051351399,3.9053952078783114,3.732289275653208,3.062784870460854,2.292040515322459,2.2908882109320894,2.2299217958504083,2.2537230745365493,28.69324460735299,270.0,0.5099399623994262,1.9799400793378366
2022-02-20 17:00:00-07:00,163.98231341666667,13.202939083333332,0.1057586796165656,16.5,22.942634322803535,80.22965783697083,86.59492510651265,253.1360361024595,6.589148794248822e-09,5.56671835153521,45.708917910961915,1.0,5.56671835153521,2.8475176247026024,2.857142857142857,12.03331717777778,1.2927960399999998,31.38132675465757,31.381076908606836,31.35979395575987,31.44053786756496,31.44054064025424,31.409419756091758,31.490162323127237,31.489972824615855,31.449547445043944,31.449546712846775,31.530288644565292,31.530288383061276,0.5461548272495478,0.5354930889831977,0.5273874248525667,0.5214811720889545,0.5181460816954139,0.5407747137919626,0.5428261628186433,0.547897119494763,0.5546387816629756,0.5632975560560747,0.5740042154055289,0.6157103589663294,6.65461573375642,269.9999980909041,0.6920579973662643,1.863880103727041
2022-02-21 06:00:00-07:00,0.1115804166666666,2.6949208,0.1781560277412059,5.5,2.695818832447141,88.68235951516328,89.53886151240273,104.02522923883522,5.984102102729557e-15,1.7234863849346371,2.6973266581027953,1.0,1.7234863849346371,0.00015994715893557755,2.857142857142857,-0.0655681541299999,1.1466684133333334,2.548139482612698,2.548139482612698,2.548139482612698,2.548139482612698,2.548139482612698,2.548139482612698,2.548139482612698,2.548139482612698,2.548139482612698,2.548139482612698,2.548139482612698,2.548139482612698,0.26990364283549195,0.26405249679096504,0.2591059176222579,0.25526215227046106,0.25267526698979964,0.2514469680549358,0.25161915989385664,0.25317426090612505,0.25603740844474987,0.2600790744470509,0.26512705759333294,0.2709700924284701,0.8828249728490357,90.0,0.7422962035907771,1.857261561146407
2022-02-21 07:00:00-07:00,31.72041953333333,59.59484333333333,0.2053568737446922,6.5,63.70564847141844,68.26765582714897,82.55381524295262,110.24945377186528,8.919150927096497e-09,33.784739415099004,84.3604533043127,1.0,33.784739415099004,13.147998405427975,2.857142857142857,0.6727493404777777,1.0006479566666666,77.53228145125291,77.67756335862879,77.8026102567664,77.81898285938635,77.83555881597893,77.82603666061387,77.84031767700048,77.72158832065514,77.84548445763248,77.85840118576856,77.85831199849494,77.73204268598889,5.978860204563978,5.909475834082112,5.800349222398977,5.754448516759147,5.780385426852832,5.773333026688768,5.821454716970115,5.936821220416766,5.989870795635188,6.094429054663573,6.247515041853976,6.32211909855534,15.286251368399741,90.0000020913098,0.618179205877961,1.8925221477714795
2022-02-21 08:00:00-07:00,93.77379333333332,105.83667166666666,0.2010174440211804,7.5,134.5854864311092,34.69649294649806,72.14698197758179,120.98375945498339,0.0,62.95768800634135,203.46293676064914,1.0,62.95768800634135,38.391712106427775,2.857142857142857,3.4998214833333336,1.2873690583333333,185.33529354631477,186.6266367597179,187.89896220377474,188.48687834671534,189.72416346095287,190.93365182422536,191.48737742044938,192.6698399105992,193.31549733462626,194.63884282557777,195.23815325552337,195.84293375944887,16.406144723271677,16.829042877379905,17.331185428946142,17.850548081327464,18.432661523050413,18.998710641712886,19.561680442856897,20.164276982285582,20.75297584493987,21.37214822698703,21.94599345951333,22.516225533516025,50.0,90.0,0.366977778440511,2.214355247456318
2022-02-21 09:00:00-07:00,230.0716733333333,167.22891666666666,0.2013585917810098,8.5,271.8654542672235,38.06498179901073,62.94795000211984,133.48816397155818,0.0,141.0879468407116,379.7946927687996,1.0,141.0879468407116,72.81457258928181,2.252488479066804,8.253628277777777,1.063159765,346.46747951601844,348.1397028643073,349.7778618689592,350.4856168429864,352.1578806862093,353.7673032593227,354.424797840153,355.9380417444469,357.8118301513746,361.66178183985727,363.4943715587681,365.2973558479028,37.551162348905265,36.22365378042504,35.125851713638035,33.954786338079806,33.50098298900393,32.88121596867793,32.71987308839653,33.699550113396526,34.886921339520455,36.44785012907448,37.94742848349946,39.558645155134315,50.0,90.0,0.366977778440511,2.214355247456318
2022-02-21 10:00:00-07:00,504.76915,213.33158333333333,0.1987888368924726,9.5,498.10685741268605,44.709300044830066,55.65537190594501,148.43630381538077,0.0,293.2206879640513,605.1762058517296,1.0,293.2206879640513,114.59068866841073,1.6013159566096473,9.780078605555556,1.96505996,565.545286872301,566.8651485728426,567.4868125117781,568.7420539015792,569.3002173696029,570.7674004756393,571.351778481415,574.2076960559383,577.5095013692168,580.3210088433723,582.8614197109065,585.3441481243099,55.820815936212455,51.6826727924361,48.20023228937744,45.0590947520987,42.810144227960166,41.861258350665054,43.54889542342117,44.62184837802981,46.949863292326604,49.38196912194656,52.34957163307627,53.591563971512045,37.45431365872125,90.0,0.44593568311065035,2.063304356704353
2022-02-21 11:00:00-07:00,435.3362266666666,346.91463333333337,0.1957979321051976,10.5,619.9733351274776,49.07872095690696,51.15348218582597,165.9744289964375,0.0,395.47862027352636,639.4345504630223,1.0,395.47862027352636,126.87783826567532,1.2266355855879472,10.363500527777775,3.37644045,612.7827300694871,613.327091455239,613.9440744106967,615.0528030786077,615.6020470868218,616.1204365939989,617.2089580208167,618.2525138475667,618.158843413037,619.1155550879421,619.1029745390667,619.9888158488287,66.42819997785068,61.77247681450408,58.394915241035704,55.62404232552012,54.32219307927335,53.3050065625417,53.375114991089866,54.61657494580401,55.895455739695706,58.563415821289254,60.7626051562256,64.03063053924575,16.74801628335214,90.0,0.6059184427224023,1.899561518869262
2022-02-21 12:00:00-07:00,98.596979,274.7865,0.188181102144464,11.5,337.85977035546284,49.96414098514379,50.22995521036266,185.0436524158971,0.0,217.8868266254588,337.4299233543111,1.0,217.8868266254588,63.322387476131155,1.0792385085253984,1.1339640426666666,4.122249266666667,323.5674572106004,323.56732025244025,323.6288358324896,323.61601320024016,323.61611672683114,323.66630782853906,323.6663547073984,323.6662902004776,323.66620715793607,323.5147227224331,323.70534000317826,323.70530657870574,34.91257427136627,33.45190230219397,32.11603063366266,31.17296622260657,30.54137903788476,30.23704236275388,30.262976781869234,30.61810163284616,31.273961398172275,32.19697773187294,33.36367463831118,34.61429096233678,6.029835442040537,269.9999963777452,0.6974768384127317,1.8626755273690176
2022-02-21 13:00:00-07:00,1.75632885,203.52903333333333,0.181685577138928,12.5,204.58413077987453,47.13037499012906,53.07706686072989,203.54216335791813,0.0,134.97863909612343,192.14454714298324,1.0,134.97863909612343,40.015781165198185,1.4064045491806945,-1.602595106111111,3.7130846,178.1396246011254,180.05374776861677,180.92438601285758,182.69876846107385,183.5781249930372,184.36432589309626,184.12469547131516,183.8111725841152,183.58405062318107,183.3075330225033,183.10108473084077,182.83637784908072,23.628233899433617,23.59949805068333,23.305080416715647,22.956218700224607,22.9582900873059,22.88582922346256,23.077007067369813,23.118526824174683,23.450917689679645,23.57776688252639,23.68533275044931,23.728185847760244,27.99240194600509,269.99999914622634,0.5153227649785244,1.974133014926645
2022-02-21 14:00:00-07:00,1.0416466333333334,82.85160166666667,0.1754753754923109,13.5,83.38596251133812,41.270092994247776,59.13638285432088,219.7872932925671,0.0,56.926511381748654,68.33465081358696,1.0,56.926511381748654,20.989861364082554,1.8769352522407923,-3.2439733055555555,3.046548866666667,58.58972271458325,59.79644810127127,60.98104970653406,62.135546533277406,62.683869157978556,63.804912401995566,64.89494457412653,65.40160723585448,65.12180473796121,64.62461557349764,64.35826793012474,64.14567757329739,13.504029545874443,13.4282846565205,13.795239757845215,14.197143123026212,14.657119410131738,15.158486832591334,15.63124294394936,15.463629026035298,15.30655104820892,15.11951218854824,14.919153673378208,14.705028823482424,46.95824586086879,269.99999914622634,0.3845717484679463,2.1746117062574895
2022-02-21 15:00:00-07:00,0.7098710666666667,33.22264166666667,0.1703944945731273,14.5,33.49414217374396,35.49483418501253,67.51357461372008,233.41201312537237,0.0,22.8955078319071,26.824808563586654,1.0,22.8955078319071,8.560280316293305,2.8405950416172057,-4.440917716666666,2.679331671666666,25.151941352336863,25.293545036845764,25.43715564974196,25.70909926066301,25.857910099246826,25.40449970379551,25.189960371717717,24.725730769357448,24.249665152783784,24.02299243533335,23.53471876016521,23.03884875542271,6.151727591022132,6.275888215568784,6.394469510251353,6.499531685506407,6.6077814743350585,6.711653470117355,6.509381743803591,6.310302770439314,6.112472325850502,5.940811808463865,5.777648461280274,5.6435174991824955,50.0,270.0,0.366977778440511,2.214355247456318
2022-02-21 16:00:00-07:00,0.6473238499999999,19.4854075,0.1667014388533101,15.5,19.626557094439637,51.46425503543724,77.4054170741045,244.91920081149584,0.0,12.972189632550258,18.041364098769215,1.0,12.972189632550258,3.5019407913179337,2.857142857142857,-5.803216005555556,3.07859255,17.046698772845474,17.101312822651675,17.15152264523836,17.30628594119086,17.3575147462505,17.32465089273712,17.38224244538659,17.293603019750496,17.204622301934442,17.1037592932479,16.90525541882767,16.80496475555051,2.1011888467940993,2.1280143480017353,2.149755888920433,2.2117503710233968,2.1340944694409583,2.1518216543348037,2.223413594548015,2.1547822099543352,2.2383530752021223,2.1832049209955313,2.194103267711063,2.1716464658478287,29.323616619430197,270.0,0.5051290667738888,1.9852753762468822
2022-02-21 17:00:00-07:00,0.7249679333333333,1.7656513666666669,0.99,16.5,1.8091414358360765,80.1309454730866,86.56082117148557,253.5908993131688,1.45977400812369e-08,1.1345821848497464,1.8773402990861774,1.0,1.1345821848497464,1.778307849432644,2.857142857142857,-7.678646072222222,3.5415960833333333,1.7366704842295668,1.7361903834417431,1.738477290835361,1.7359457000958758,1.735951029753957,1.7382839837066575,1.7357494255136798,1.735746897523461,1.7377543925828618,1.7377530087980428,1.7352173875141534,1.7352171228337978,0.9736644281421282,0.9533185470963053,0.9372947340028287,0.9260279449369753,0.9186531489355938,0.9177215246405172,0.9216351270024637,0.9302370650010513,0.9430806668688984,0.9590084231379193,0.9781265822471867,0.9983977677619992,6.706110296042658,269.9999956465915,0.6916116735473563,1.8639846555776494
2022-02-22 06:00:00-07:00,0.1882662166666666,3.6220662,0.8373518434047539,5.5,3.623823216508645,88.47204866218031,89.46527266723972,103.60897839109619,0.0,2.3165433391374846,3.6267981919383265,1.0,2.3165433391374846,0.00028805256207739956,2.857142857142857,-18.65401855555556,1.499483275,3.4249841379974213,3.4250905172421424,3.4250905172421424,3.4250905172421424,3.4250905172421424,3.4250905172421424,3.4250905172421424,3.4250905172421424,3.4250905172421424,3.4250905172421424,3.4250905172421424,3.4250905172421424,1.7050025263889028,1.6680096869887773,1.6367561127928916,1.612491290885415,1.5961809697591658,1.5884599165477344,1.5895769950441656,1.5994174941048807,1.6174930498953677,1.6429897421349842,1.674804437377884,1.714571438249505,1.021922958500229,90.0,0.741082512659032,1.8573019129531851
2022-02-22 07:00:00-07:00,0.2995000833333333,55.09694666666667,0.8371504218802862,6.5,55.13715949003228,67.44199582409934,82.28379359518802,110.00110129982323,4.662936703425655e-16,33.3884532815355,61.246244008227265,1.0,33.3884532815355,45.19090154925256,2.857142857142857,-18.69514255555556,1.9819798516666665,57.166527643780164,57.27324066483184,57.41320222493506,57.30827213077466,57.2542781069691,57.39557882087342,57.15894450643608,57.10886634560414,57.111537164704316,57.031030416104265,57.02982418163026,56.98500289453339,23.54004927328493,23.023634992402776,22.68385599547146,22.509001494677566,22.496211391748094,22.570700434383898,22.743888576823345,23.018649584034918,23.28701666596755,23.699179312651243,24.109241762826432,24.46210862727729,15.858925325387611,90.0,0.6133651563747343,1.8952053965821425
2022-02-22 08:00:00-07:00,0.5084414333333334,143.20453666666666,0.8429069778907141,7.5,143.3628678349293,34.33343314947763,71.8560815771553,120.75105048131282,0.0,88.86985326605912,161.4285784805386,1.0,88.86985326605912,115.09950918120211,2.857142857142857,-18.50152805555556,1.940718175,137.5705110606104,139.02879055938445,140.47200394674803,140.9233548049509,142.34081678730482,143.70017469931366,144.10991660121775,145.51520739705225,144.80733681455303,143.77864490038954,143.0565641910154,142.36358065035972,61.29862743813214,61.40533876993372,61.98685148567652,62.456897609221656,63.51220769121938,64.30018832471552,65.25095301524026,64.79700683273524,64.25532045387897,64.01312371505276,63.30041968626113,62.500579843033975,50.0,90.0,0.366977778440511,2.214355247456318
2022-02-22 09:00:00-07:00,0.77452635,183.24981666666665,0.8486134395559012,8.5,183.60588828636494,37.7458047240432,62.630428616596895,133.28428623584864,0.0,121.07105125618844,185.71259712554144,1.0,121.07105125618844,148.8126795495213,2.236050404811244,-18.231414388888886,1.8479007683333333,155.3291339180134,157.18307442800702,159.01802434558508,159.54623336937223,161.39563312507389,163.1443397222551,163.62561337802984,165.41205378419863,164.49534022638036,163.23309069400327,162.34909435570532,161.4746700876504,86.94400676400907,86.00261091086685,85.75690431091866,85.33913605297292,86.03416146547839,86.33747484081869,87.10415660103739,86.20928256125153,85.32991677691652,85.00157391421303,84.07007039272641,83.07840871812051,50.0,90.0,0.366977778440511,2.214355247456318
2022-02-22 10:00:00-07:00,13.878397283333332,407.772,0.8526083339737756,9.5,415.6706599276201,44.386608853534455,55.31018032877197,148.28952836418574,0.0,268.1246862955808,436.4485017279464,1.0,268.1246862955808,339.272874451563,1.5955690330663415,-16.940913166666668,1.9838001616666667,388.0283840671242,390.8513963770996,393.9199165229668,394.6848626708572,397.4944890173159,398.29436975671183,400.3132524436868,401.03295764607685,399.8612779721301,398.7267284159683,398.515498075241,397.5076846276547,189.51891170513812,183.12995442857041,177.39695788889443,174.58189120965602,173.5877118951591,172.6632227604109,171.91708054842874,172.80564895991049,172.70643697567527,173.7516964987883,173.93397781123105,174.09267878645542,37.212682348143275,90.0,0.44761229453148416,2.0607467858780972
2022-02-22 11:00:00-07:00,163.90868233333333,491.3551,0.8627737424090854,10.5,594.9731870802575,48.72638672274493,50.789625882763644,165.92492631435925,0.0,381.68855944538774,611.0438430945242,1.0,381.68855944538774,507.95159640105425,1.22446129176757,-15.496009444444445,1.7814663066666665,579.670005144105,580.68342042879,580.9610811470304,581.5957857719233,582.4838867196511,582.5246715916822,582.282715170591,582.8565254240943,583.1517893716771,582.9440088014146,583.5557084339904,582.9331195417005,275.6023881604783,261.3246629846394,248.01459066474354,239.20033635810728,232.8062143520768,229.73952452113994,230.37378803417732,233.51148655446073,238.41696770275746,245.62391553735006,254.09256855617798,262.97602624082225,16.59794700588269,90.00000120741828,0.607172985460164,1.89881004664822
2022-02-22 12:00:00-07:00,131.498756,493.6392,0.860300454582568,11.5,578.396219298095,49.59819529892084,49.86834275830611,185.1173686909526,0.0,373.5274320695673,580.0743200708908,1.0,373.5274320695673,496.69013050949263,1.079369476179078,-14.788509333333334,1.71482088,557.5624092809403,557.5612066567262,557.7182443461874,557.6178618929098,557.6188071134196,557.7482210850194,557.7486674480195,557.7480491445353,557.747306476018,557.6636445286298,557.8467373786011,557.8464812330228,271.4554268629389,258.28485872710036,246.09407033898802,237.414591551851,231.49401493598617,228.49122461145637,228.4474396994828,231.27821000373962,236.90100072906225,244.7942012453229,254.956821804603,265.9883696304122,6.039722085467214,269.9999960875176,0.6973910392987305,1.8626936683877306
2022-02-22 13:00:00-07:00,191.86513266666668,447.2301,0.8483969450684709,12.5,563.3902304045334,46.773331541868316,52.740500782697,203.7228203725258,0.0,358.494277041247,612.6785805720837,1.0,358.494277041247,465.4738232808682,1.4042779201127056,-14.495774944444443,1.8094389466666667,576.1346066612219,575.1289854357697,574.7771605223659,573.6279194666594,573.4823050879916,573.3786642510854,572.1562626352099,571.828411711353,570.5343293408787,568.7206974707387,568.312048433346,566.8193123279062,228.13098522583547,223.09646812629987,217.49763404352373,212.9802009299793,209.44924454886333,207.90951879550113,209.32717579040656,212.08482969954466,218.30062559130658,228.9384523317702,241.5336189915053,257.9838176140471,27.873723556277177,270.0,0.516237769547264,1.973162722493301
2022-02-22 14:00:00-07:00,37.052260833333335,343.25715,0.836242691691336,13.5,362.43105046766937,40.933840172656446,58.83645937880751,220.032528335684,0.0,229.9961576272151,398.05147899014764,1.0,229.9961576272151,286.0988126865003,1.870146025768734,-14.2218255,1.5675011966666663,356.29629576974276,354.58381170155826,355.6710920676619,358.89358830134495,358.37795396310037,357.7364413986976,355.29400109194364,354.53055988792585,351.645971757589,349.0548801877102,346.4257554411391,345.7882831251434,146.92752851604013,146.61363305614228,147.36363460531066,148.20812442865162,149.54524863482612,150.22644776366323,150.6856929314697,150.11927705525926,151.85588608714764,153.84027252063325,157.22031326318015,164.93746389385439,46.765650424915655,270.0,0.3857209492845695,2.172158847957636
2022-02-22 15:00:00-07:00,14.1134215,232.2252,0.8329528557679549,14.5,237.68312211261315,35.1320976372236,67.24952759416719,233.6871271008631,0.0,143.57109125443282,280.7323497988245,1.0,143.57109125443282,187.22052969488067,2.8199568188918707,-14.472467388888887,1.4583224083333337,249.31329630557155,250.21973513879044,251.1333081842712,252.41912967178627,253.42032190741907,251.37870227309492,250.74966488679348,248.67812038168375,246.489164979546,245.85230480465844,243.6846763020397,241.47993981816228,98.60780650225158,100.17316726443892,101.76897296856937,102.6476815850938,104.37827054535565,106.20636575474674,106.05420155276889,106.75429860620947,106.81333216608671,108.04408326494911,108.78063766743695,109.90665527783877,50.0,270.0,0.366977778440511,2.214355247456318
2022-02-22 16:00:00-07:00,1.6888949166666667,94.50098333333334,0.8367163026361621,15.5,94.87601247007844,50.621129170762,77.17018340279381,245.20726517731384,0.0,57.4642896138416,107.30059315658342,1.0,57.4642896138416,76.66820076323009,2.857142857142857,-15.025820222222222,1.5631142416666668,99.42123259234711,99.56913433633423,99.85726274046658,100.00082483074138,100.28515664223141,100.44837635071292,100.7860288371642,100.075289290217,99.65481583833713,99.34834342652536,98.61080965275255,98.28764902707951,40.37195535125127,40.17565783742881,40.04149408496539,39.654287681187,39.09466684921436,38.915248648589134,38.702414857204325,38.38428822587003,38.41448007638224,38.52542512021557,38.6397281695213,39.36623231659802,29.96125869569331,270.0,0.5002928444319626,1.9907795696978732
2022-02-22 17:00:00-07:00,0.8471085666666667,9.979893666666667,0.8433075983163987,16.5,10.033923898204346,79.50008141249603,86.34308143631475,253.8863528153922,1.4327169845075543e-08,6.416448463816136,10.022133805650851,1.0,6.416448463816136,8.361281279189953,2.857142857142857,-15.69724972222222,1.591626715,9.463492576183283,9.457485584764232,9.457465952153871,9.45011180566341,9.450137090324908,9.450145178678245,9.44588074493144,9.44586464004333,9.445847642482642,9.445830114950887,9.440663823735308,9.44067335815846,4.687474897233479,4.589439357963973,4.5026137259310275,4.449862168890119,4.421487855577526,4.417263283237231,4.4352170417384205,4.478313808932876,4.539705511184122,4.615262799362975,4.704710668869991,4.805973316732469,7.126568242610438,269.9999956465915,0.6879691944801011,1.8648683403551842
2022-02-23 06:00:00-07:00,0.2767306833333333,14.63677795,0.8702956798168539,5.5,14.640635297241777,87.7175520052402,89.20132862788812,103.35233839151785,0.0,9.363129215278367,14.645206742197042,1.0,9.363129215278367,0.002592183362800495,2.857142857142857,-19.38299888888889,1.742648575,13.839946621669856,13.839707296506775,13.839707296506775,13.839707296506775,13.839707296506775,13.839707296506775,13.839707296506775,13.839707296506775,13.839707296506775,13.839707296506775,13.839707296506775,13.839707296506775,7.148981925558054,6.994842992830107,6.865609220268015,6.7663919377435695,6.70103827194862,6.6719541198742105,6.679910492172539,6.724171262210313,6.802486483131104,6.911239001549781,7.045649249764882,7.200513845086138,1.525024999763172,90.0,0.7366932176156912,1.857497060787815
2022-02-23 07:00:00-07:00,27.48091068333333,79.06735666666667,0.8630526660767869,6.5,82.88707287209719,66.60115982612412,82.01028979776996,109.75224403107518,0.0,42.08609295071669,116.40660160576778,1.0,42.08609295071669,70.62933781314587,2.857142857142857,-19.25150638888889,1.923529105,106.72607493607404,106.91906318213375,106.8538336902697,106.89001233899356,106.92795146789992,107.04579549787633,106.89852328420093,106.93106939255115,107.05520277457845,106.91078029875347,107.07675916354424,106.88781945819927,30.527821614835894,30.03082310753857,29.57747154506848,29.362966260721617,29.338393424763215,29.44539251691845,29.686786482348797,30.104882357959116,30.53494561914755,31.002915496016808,31.623452736186955,32.08812475612959,16.442859642519647,90.0,0.6084705075955912,1.8980403542168136
2022-02-23 08:00:00-07:00,163.023517,193.97865,0.8684458128779343,7.5,245.5398830036844,33.967911761934246,71.56183903282232,120.5177066456493,0.0,105.61360940950432,426.07650844618973,1.0,105.61360940950432,199.6231326019663,2.857142857142857,-18.55058233333333,1.9235614816666664,379.008439993811,380.6169592897312,382.1886119973829,382.7263972821272,384.2273288484853,385.72914187074525,386.1783702715894,387.7118535933057,388.1259954684265,389.24663567520224,389.48011152128754,389.8212014088709,74.29425730760809,75.36927637797513,76.86120865988877,78.11662617583818,79.75330543128902,80.93591585397273,82.10328667682754,82.48575280254825,82.63290613785024,83.12538570670117,82.96247908238982,82.71859096112149,50.0,90.0,0.366977778440511,2.214355247456318
2022-02-23 09:00:00-07:00,492.5411876666666,216.7689333333333,0.8882152040606072,8.5,445.6494423245846,37.42605499766572,62.30963586730383,133.07991879592356,0.0,218.91635748886014,718.1828451622521,1.0,218.91635748886014,362.043785361624,2.2197040446806504,-16.221762555555554,1.345449948333333,635.8268626263875,636.7061887717732,637.528637020304,637.2004145714689,638.7033022209408,639.9146287390618,639.5482301256558,640.3125316369523,642.3799990676316,647.7215595445929,650.0212802433308,652.2789572135574,209.28230166131007,193.70544074214294,179.58213890566276,164.55542923562285,155.4630266675501,144.7491383987294,137.99208278984023,134.15007298671307,131.95072241603728,132.8213766857817,132.9590637101644,133.85564472579586,50.0,90.0,0.366977778440511,2.214355247456318
2022-02-23 10:00:00-07:00,853.6569833333334,152.89506666666665,0.9075574884515084,9.5,642.9990666624609,44.06202018828631,54.96177041494756,148.1430381161952,0.0,368.8160960032771,853.0693844110522,1.0,368.8160960032771,549.3109894447713,1.5898242809466474,-14.884257277777778,1.5676184199999998,784.6812870519038,784.9844886744561,784.9240901350632,783.3133407672409,783.203780607677,781.829815938233,781.9887950449825,785.8825748044133,787.6506429973613,789.4192629227211,792.4278115825158,794.2282612459763,303.3277802970271,268.60957594527366,241.42816601044353,219.70179148345395,203.8502603240847,192.80933226719844,187.8413024102621,187.66362511145428,187.58780348971865,191.7700954272684,195.7356168532263,201.71924514719092,36.9690607089099,90.0,0.4493081608765249,2.0581824879516386
2022-02-23 11:00:00-07:00,482.0810666666667,389.083,0.8941461373294535,10.5,696.2253448187608,48.37178884334512,50.42277761531169,165.87748726578684,0.0,443.93286519497013,726.9050226740874,1.0,443.93286519497013,617.8080471281535,1.2222571140970822,-14.646403555555557,1.7705933450000002,692.5804275615475,693.3927660495244,692.6464345418767,693.8511338808964,695.1636778934094,695.0189020165767,695.5435681053043,696.6005639222001,696.5155804858799,697.0872931067128,697.3340072121758,697.385229748475,331.957479902651,310.6241720382532,290.6154196851095,277.1962220872582,266.8212940495544,261.42928256542905,261.5513193418678,265.18098371633,271.4747501793279,281.59308632316777,293.5660362304669,306.3948159070573,16.445516725380994,90.0,0.6084482686331054,1.8980534820645292
2022-02-23 12:00:00-07:00,542.7508833333334,371.18896666666666,0.8997408969130534,11.5,723.645867657578,49.22950769783252,49.504386944063405,185.19542141063815,0.0,468.57891456778395,728.9287775938251,1.0,468.57891456778395,651.2153889103703,1.079545912114876,-13.8660905,2.064261405,706.443183607407,706.443506775775,706.5383995024225,706.2497888771961,706.2509936984076,706.2520949730247,706.2513048287398,706.0001258588937,705.9985427638438,706.1299642294298,705.8243523932599,705.8262571018386,337.17894005115187,319.59504259760286,303.482993003864,291.11573424096724,282.51779297437497,278.51983628432157,279.201769802582,284.7027280801558,294.92480483029345,309.57016659616215,329.78819223864247,351.4332612522356,6.053045760637213,270.0,0.6972754151204913,1.8627181628612168
2022-02-23 13:00:00-07:00,712.6108833333333,247.5372166666667,0.9065114550796028,12.5,682.3079826883692,46.4129551330965,52.402569279291995,203.90914116163597,0.0,423.89333411078167,790.3527210393843,1.0,423.89333411078167,601.4646907583767,1.4022275243936106,-12.922506388888888,1.4648001583333332,749.4325908362888,747.1263265741488,745.6023333844059,743.1099995771888,741.9149836897182,739.6761463850773,737.9158145991778,738.4720834053028,737.7323827358949,738.1830026019144,737.8846354705861,737.1184877416913,265.98992955145536,256.65073604081294,248.81304235512238,241.35491807029132,235.7486818887326,234.47217865498502,238.54603697381407,245.58373387086573,259.38001603541886,278.6225212260024,302.86483753066426,332.21118929177,27.758967076505666,270.0,0.5171234901896796,1.9722281015227154
2022-02-23 14:00:00-07:00,331.46719766666666,269.0270333333333,0.8730641385330528,13.5,442.0402765188933,40.59382051500396,58.53605691994907,220.28338506166878,0.0,251.12267070887822,601.746592836081,1.0,251.12267070887822,360.80597284904917,1.8635325112122283,-13.180941666666666,1.5345470283333331,545.7288707770839,544.2212242185688,541.6031555609,538.8233009680778,536.4910289357539,536.7471577769646,535.9033967390744,535.7682704421181,534.3440501476289,533.3006155435919,533.8831393819744,532.9677369059082,150.23877861789737,147.8123206408182,144.50396139789385,143.24525426733447,143.87758952005984,144.37881623461445,148.98950205332636,152.78511263817302,160.67210723608585,170.02196452368776,184.14565532284135,198.81509579526656,46.57633966470509,270.0,0.3868545621383592,2.1697553653733976
2022-02-23 15:00:00-07:00,212.98753233333332,251.3108333333333,0.7812112004923618,14.5,334.581130393518,34.76636195747812,66.98555131760477,233.96718070970124,0.0,162.24829968499054,523.2062987541703,1.0,162.24829968499054,245.22094781450411,2.7998309462531736,-13.376588555555555,1.876591661666667,479.16308938135643,478.68103643552774,478.1795121026883,476.6800322496371,476.3859402532574,474.6620761562715,474.0369141772637,472.03379902164124,469.8891516087615,469.3514915343904,467.33138515940107,465.26179207987377,107.33243864669153,108.77526704732105,110.59742549828107,111.72295949718198,114.54779959016307,117.949242068518,120.64739772334795,125.53446336908809,129.23511416829658,134.7550053652101,139.16671998052502,143.40583276777522,50.0,270.0,0.366977778440511,2.214355247456318
2022-02-23 16:00:00-07:00,47.98107218333334,114.23893,0.8254087928380955,15.5,125.08515397215557,49.769570874689926,76.93524460620533,245.49954776616266,6.7108379180733266e-09,62.923168742205945,180.86395687585943,1.0,62.923168742205945,100.66058007062725,2.857142857142857,-14.269732388888889,1.9311679533333328,166.72389517570315,167.08972682847573,168.11770974220406,168.45488063774704,169.23221918323298,169.72453816916527,169.62625813466178,169.56537177231888,169.67913402996504,169.61571848152238,169.69958523362448,169.62539197873062,42.32338053210911,41.80552862346501,41.44236203606428,41.62259863602128,41.505397180623305,42.118512704874306,42.542917100030955,42.82669447544968,43.54520498121983,44.147471184339665,44.202329947724444,44.62026909158613,30.606577209666312,269.9999987925817,0.4954298898071685,1.9964592706921578
2022-02-23 17:00:00-07:00,0.5966390333333333,15.30650375,0.8553526941331903,16.5,15.344896980973807,79.40562828039874,86.31051448145567,254.34902247373904,1.4419571606437326e-08,9.841747899837431,15.250574585066927,1.0,9.841747899837431,12.976752275446472,2.857142857142857,-15.18232661111111,1.9766949316666669,14.434449027685492,14.426234348630036,14.426205114546402,14.393231707138229,14.415768083214727,14.415779280730082,14.382732306244607,14.409922737000871,14.409896242232682,14.40986832971776,14.37418129513407,14.402504430384742,7.292891069997109,7.125205927838587,7.005659632821676,6.9236664383487225,6.87956411671436,6.868335856657281,6.9010406352179965,6.968130980204351,7.062193231479442,7.181477573671261,7.320634796664841,7.477865544153143,7.174356907679518,269.9999954822545,0.6875554031244886,1.8649721615041384
2022-02-24 06:00:00-07:00,0.4411790499999999,4.8680737333333335,0.99,5.5,4.8748388460094425,87.48895900414178,89.1213825856145,102.93499526838094,3.834620904758254e-08,3.1143207397934525,4.886362640556918,1.0,3.1143207397934525,0.0010399812003382052,2.857142857142857,-16.94591683333333,0.2315752538333333,4.606362995805202,4.606732953834875,4.606732953834875,4.606732953834875,4.60664240162541,4.60664240162541,4.60664240162541,4.60664240162541,4.60664240162541,4.60664240162541,4.60664240162541,4.60664240162541,2.70484050017476,2.6464710262026636,2.5975731529065853,2.5600698722680106,2.5354002615183426,2.5244581848496996,2.527522648809005,2.5442884712168636,2.574043484833237,2.6151243807720186,2.665858184133531,2.728650164967129,1.674956509032752,90.00001471366859,0.7353853288635279,1.857570125646899
2022-02-24 07:00:00-07:00,74.24443033333334,56.577195,0.99,6.5,67.25197057048767,65.74511416282076,81.73343103502145,109.50290259706891,5.440092820663264e-16,31.46844853791712,103.07727791960075,1.0,31.46844853791712,66.18635581116993,2.857142857142857,-16.26436188888889,0.3850492339999999,93.8335186782719,93.92788505202543,94.06515197681975,94.15141981861558,94.15348838949029,94.27880703774176,94.35008714657087,94.35373399796119,94.46737407723313,94.52769890297147,94.52490214492789,94.62388590799864,26.26503147832168,25.694382788526315,25.405092199165303,25.247247642495648,25.191064791758667,25.345600559313148,25.62007402479442,25.92331483110748,26.342584614375344,26.85252517592296,27.28320412035374,27.79794571843977,17.03822226771538,90.0,0.6034952026263023,1.9010333564129631
2022-02-24 08:00:00-07:00,602.7046333333333,96.855725,0.99,7.5,290.4454948949879,33.60004859787361,71.26438410811139,120.28372843651387,0.0,65.99728797263073,706.1554571385639,1.0,65.99728797263073,260.5898816224939,2.857142857142857,-13.867524944444446,1.1429485300000002,638.9438480081706,639.6464701459576,640.2537424518881,640.5865728327435,641.0829962581834,641.7561271137719,641.9411676052849,642.5696795250158,645.125519996941,649.9130503855803,651.9826618555552,654.3028516803538,52.06329700684198,55.760704953072704,59.19115342181259,62.053643716579174,64.0763800048941,65.35697248246308,66.01987049256745,67.5598425022971,68.5526278142832,69.79614396615919,70.31617414951211,70.88272448504652,50.0,90.0,0.366977778440511,2.214355247456318
2022-02-24 09:00:00-07:00,896.7446833333332,98.487025,0.99,8.5,519.6807302219659,37.105868973569024,61.98570168704621,132.87503933006917,0.0,228.6900101472969,942.5047190550283,1.0,228.6900101472969,450.3057848483854,2.2034589293253326,-12.013788772222222,1.118657885,847.7797432315948,847.032704902468,846.2418704513096,844.8942375996575,845.339709143414,845.315996543831,844.0662562123831,843.2689215791471,845.6458718976202,852.0105241152377,854.8718582904302,857.6696814819338,267.4516835281654,241.24215127545975,216.65350718466496,190.81275331187797,174.11187927738325,154.96728864119092,142.3070400426646,134.64806377445245,129.98168190007146,130.08137679890964,129.4834871697325,130.32667342588456,50.0,90.0,0.366977778440511,2.214355247456318
2022-02-24 10:00:00-07:00,987.7542666666668,103.72077833333331,0.9767486882235872,9.5,675.763931631261,43.73559441048367,54.61026775526074,147.99679475672326,0.0,390.45150933340864,905.928608325468,1.0,390.45150933340864,614.6038076471528,1.5840862298173968,-7.868154266666666,0.8692027783333333,838.4364571814966,837.034287907997,836.2111543312833,834.4780997117282,835.3533631658113,833.7869079465197,833.2507808149513,835.3437530424899,837.9588670664288,839.1873607128233,840.3902264784701,842.7952289377579,343.28944622295825,306.8305343534755,274.81381889467747,245.09219773040644,226.33621726856262,213.46288241258657,209.8699185562669,206.4755556680243,207.820433108346,209.94679858951292,215.9696990692172,221.49659894185692,36.7236267330756,90.0,0.45102214010301506,2.0556137203264373
2022-02-24 11:00:00-07:00,1021.7173333333334,104.11268333333334,0.925892368270268,10.5,760.1348793728982,48.015011895227914,50.0530560717777,165.83208239146234,0.0,480.23023228962177,808.5185752936061,1.0,480.23023228962177,697.0811626972969,1.2200258721746147,-7.257629411111111,1.3339756733333334,778.0716611720574,778.4246707508951,777.7454343420302,778.8262929021241,779.5798377639524,779.549078921192,780.5769914820276,781.1154564108123,781.1085343789371,782.2722300711251,781.4310499402192,782.5385519257673,370.8118318170192,339.4737944015962,310.3315661852429,290.1280501400839,273.4938619546322,266.5084450918735,263.4663555077677,266.7437768005156,275.19575087904997,288.6750345125763,304.05949112324305,321.85592710245373,16.290904753684494,90.00000120741828,0.6097428280106006,1.8972930236677743
2022-02-24 12:00:00-07:00,1017.9086666666666,105.900915,0.9344602546637428,11.5,771.8541107044346,48.85819176874381,49.138203021491314,185.27780310317,0.0,501.2225800946618,780.0460363455392,1.0,501.2225800946618,721.7497282661645,1.0797658301009025,-5.8243879000000005,1.954636325,762.5876373597894,762.5879829762307,762.9008630969424,762.3863954039457,762.3880079223756,762.3896011464237,762.3884836528521,762.1259681267865,762.2676779008415,762.2694457015805,761.9509528942377,761.9534595093387,360.4308787214979,337.206512030857,316.0097936329045,300.1020565502093,288.9502844036823,284.16850440893785,285.66569153849184,293.6270664266119,307.89432427039804,328.02930662458056,355.501080367555,384.73055891478793,6.069645903202563,270.0,0.697131361422074,1.8627487560844957
2022-02-24 13:00:00-07:00,1016.1056666666666,97.52094,0.9337927225141652,12.5,722.211890888687,46.04938150326822,52.06338370857279,204.10110706168734,0.0,436.99486058479835,853.3101755736666,1.0,436.99486058479835,649.324725109459,1.4002508717467999,-5.643653866666667,2.114098708333333,811.9981355371388,809.9493460902659,808.7718428790906,806.620737977133,805.9082732792518,804.0968823145668,802.7087882065777,803.756678816413,803.3677742143894,804.3275304905577,804.8975780980373,804.5898037961,266.32432379739095,254.98733496423492,245.72399131870066,236.63831742188412,229.75160010347747,228.51235327513558,233.32986765544953,241.59133110314323,258.13357965841317,281.5099765194358,311.24789900040287,347.4371266080215,27.64802966211321,270.0,0.5179806223921269,1.9713279590643586
2022-02-24 14:00:00-07:00,982.3958666666666,87.01845,0.909937859127056,13.5,604.1835381089488,40.250175354787046,58.23527304336761,220.53980680104763,0.0,306.42067103040523,944.2344147183252,1.0,306.42067103040523,488.23639616716594,1.857089575935254,-4.257938811111111,1.5912233183333333,865.8807330875495,864.1324639430155,862.1264741934423,858.7860115891041,858.1380748066755,857.8468349444086,856.0273490119391,856.2928123977346,857.455687272973,862.0209402917066,864.300795679896,866.3433840351155,271.6736689341774,240.288336486979,209.69722115579427,187.5720329372419,172.117121162554,157.541842258757,148.43627416302795,142.07668903531575,138.9739889899252,142.64467053713003,145.50247358998737,149.6492044155121,46.3902782125625,269.99999914622634,0.3879725808498868,2.1674004478812305
2022-02-24 15:00:00-07:00,710.7590133333334,129.70851666666667,0.7229147557110928,14.5,410.59854101320036,34.39774530281108,66.72172191514699,234.2520859105216,0.0,145.59656366514542,820.3596982533703,1.0,145.59656366514542,274.2309717617997,2.780201683550429,-3.222178298888889,1.0349417383333332,767.5195110223414,764.6718525163517,761.7617640027728,755.6797356370163,753.1166865680962,752.674266032586,752.3813621848595,751.2922921019222,750.0747797924157,749.9918866517685,749.0515937093506,748.0695560651073,91.33412536830856,92.12171826820045,93.81078565332773,94.99732009763643,98.92774952105329,104.10788748144903,111.14440353899911,122.17020252707472,131.32579417216007,143.01183140067118,152.90428295048196,161.9572082186739,50.0,270.0,0.366977778440511,2.214355247456318
2022-02-24 16:00:00-07:00,507.090325,121.04995333333332,0.6202996872409445,15.5,237.70031092987787,48.90928026727663,76.70065463611019,245.795943095228,6.638493000094717e-09,61.37027968823138,515.797495942949,1.0,61.37027968823138,146.7175628831012,2.857142857142857,-4.50041066111111,1.730242105,486.928402496313,487.8589696175854,488.2161539461902,488.59124048410627,489.563375582624,489.90759913676044,490.22128938323584,491.8801334113414,492.7775095201884,493.7573458584667,494.58412915047734,495.4950482208915,31.77151545854657,31.22174436071324,31.232984889155603,31.19547136975224,31.964278040729525,32.21764099337897,33.21143820189442,33.94077205433587,34.671399157052804,35.83210426267224,36.9510568040625,37.92644617380715,31.260004135003335,269.9999987925817,0.4905387388900344,2.002321579955102
2022-02-24 17:00:00-07:00,143.8915712,19.34457283333333,0.5955306062028219,16.5,28.682934969316502,79.31411250982376,86.27896869779102,254.81536743716177,0.0,9.252890208128747,51.968473896677466,1.0,9.252890208128747,17.416532736923827,2.857142857142857,-6.672203738888888,1.8085266316666664,38.406206054234836,38.44399489996259,38.37177651637348,38.371795089764866,38.37181246500058,38.39955812283428,38.327345595381765,38.32733913814191,38.34855269383774,38.276289808416564,38.27630810523077,38.21379703639924,4.984297376155633,4.881074362996805,4.789971467725237,4.709927168133302,4.619420026501436,4.575471515740255,4.553999052175589,4.5609749640306845,4.5898138113681695,4.641451870586935,4.718034614620456,4.808262472503059,7.2202785171902555,270.0,0.68715781910989,1.865072576767571
2022-02-25 06:00:00-07:00,48.77312358333334,5.10344915,0.8213820704696859,5.5,5.921815744254499,87.25217914489389,89.03858623485108,102.51715194597028,0.0,3.265151293955163,7.44033812214452,1.0,3.265151293955163,0.001301346472351314,2.857142857142857,-14.936682833333332,0.8758023316666665,5.404895650663405,5.404895650663405,5.404895650663405,5.405283494329177,5.405283494329177,5.405283494329177,5.405283494329177,5.405283494329177,5.4052047264690675,5.4052047264690675,5.4052047264690675,5.4052047264690675,2.3527718622430633,2.3019555624500647,2.2594220822541766,2.2268317541026352,2.2055605857369693,2.1961002445779756,2.1988122794857454,2.2134177460715283,2.239181039548828,2.277707567211702,2.322336793064342,2.373347183488629,1.8299398870348849,90.0,0.7340334767371873,1.8576528469178464
2022-02-25 07:00:00-07:00,568.2171833333334,43.83717166666667,0.7920185933993905,6.5,128.28260412000373,64.8738001416722,81.45334443557952,109.25310133381726,1.0103029524088914e-15,20.31200799844152,313.0936983170219,1.0,20.31200799844152,102.55947203728635,2.857142857142857,-11.335083072222224,0.6097331228333333,282.76648333004357,282.86780992727654,282.93246182824674,283.0258016048826,283.57221430386954,284.029260050945,284.54455749379696,284.5448255415562,285.0058221544284,285.4570963767203,285.3931641649067,285.8587636553022,13.92124416102138,13.76980786479663,13.5794418666753,13.648531939302211,13.782433246402853,13.83046796243252,14.12348315155473,14.451928904645953,14.651194397228837,15.050030050655485,15.44791899294907,15.849072435716776,17.64520920777075,90.0,0.5984390444044361,1.904191070872514
2022-02-25 08:00:00-07:00,836.4473999999999,70.75864833333334,0.8568422728746249,7.5,343.5782675345584,33.229967058510546,70.9638467961674,120.04912051422423,0.0,60.7758326014257,868.7792996998996,1.0,60.7758326014257,263.36121914088915,2.857142857142857,-5.8228492166666665,0.5462344816666665,800.2614223764006,800.7993771205838,801.2275809800798,801.555255374674,801.886568679996,802.4364512599878,802.600283039667,803.0769392504789,805.6614047398522,810.2820993655616,812.4103213030643,814.7503015567179,43.270009990046766,47.74136040686644,51.64897497191025,54.78042368730272,56.67450343668598,57.69487627863861,57.961722412638366,59.12463815964924,59.67378584201991,60.50025479031064,60.70307512263552,60.95763699715992,50.0,90.0,0.366977778440511,2.214355247456318
2022-02-25 09:00:00-07:00,937.7688166666668,91.63982833333333,0.8927414208394543,8.5,536.8192042651025,36.78538795803996,61.658756771433055,132.66962996491327,0.0,234.08679187980238,964.8425448047383,1.0,234.08679187980238,419.9858930742429,2.1873237634941356,-5.076863577777777,1.280881725,875.3818310758526,874.6695195421427,873.9150329575833,872.6559872771396,873.0704295440719,873.0436993273648,871.8774732588815,871.1116698515709,873.4785945050678,879.7056350378609,882.5275898990991,885.2879171579248,249.37439525745648,224.60253866050766,201.33014816271088,176.8829471078392,161.040181666311,142.9051484775621,130.8920361846107,123.7330212811477,119.41210516244996,119.57873054888242,119.12139461691775,120.03503325418959,50.0,90.0,0.366977778440511,2.214355247456318
2022-02-25 10:00:00-07:00,977.8473333333332,117.48375,0.9056479463495972,9.5,688.7103975500428,43.40739684788121,54.255799430868755,147.8507644944363,0.0,398.8001618661215,912.5146098984557,1.0,398.8001618661215,584.1244419363506,1.5783590832705607,-5.299265955555556,1.6530876183333334,846.4162988758113,845.3228555979935,844.9764566904298,843.094541824097,842.8543709346521,842.6430601246366,842.1855264348801,844.8405855503795,846.2489988235894,848.9099211245399,850.3387558396688,852.9235404941519,324.41940972779474,290.44353360401396,260.5486803347768,236.22316614800013,218.7128890477055,203.42620259305733,200.3968876805081,199.64237932187712,199.29028471365888,203.51104875026627,207.62924276045158,213.16731186387975,36.47655109861733,90.0,0.45275312497153786,2.0530426263611123
2022-02-25 11:00:00-07:00,995.4942666666668,135.34723333333332,0.9126399524199738,10.5,779.4800195325444,47.65614708322921,49.680582291930186,165.78868698797194,0.0,492.5555000928208,829.1176880007162,1.0,492.5555000928208,706.4328420705888,1.2177700504622988,-3.855165533333333,1.616740295,797.0769902996016,796.6702195596542,796.7931866366889,798.2584658718889,799.2146587666341,799.1826956269417,800.4888881055272,801.3023658171486,801.2345092944576,802.4422249514539,801.8126168789694,802.8456096767721,378.7121630202622,343.6953156585988,317.90447303333247,294.25354668509897,277.47028808407026,270.54543753360787,267.5248048251156,270.8802712631073,280.2161563506466,293.19868263040576,308.35500912131135,326.892568313303,16.13428092767394,90.0,0.6110552738663612,1.8965297964786831
2022-02-25 12:00:00-07:00,983.9873833333334,197.23006666666663,0.9232031362464918,11.5,845.7609195880747,48.48436470052573,48.769909541332495,185.36451084028238,0.0,548.9839118685355,855.1984956587675,1.0,548.9839118685355,782.1315404551397,1.080027165869177,-0.8580590076222222,1.3191705483333331,835.3762038971372,835.3765806726751,835.8060510824366,835.0905239623364,835.0922320827378,835.0939113108603,835.4414817914945,834.7223770025847,834.8758233511348,834.8776649088793,834.4265736828379,834.4292315274444,392.4250224143929,367.89371456341104,345.495283109306,328.66391100007047,316.77537144918546,311.40478865685907,313.1457749922495,321.45528035278767,336.42049763580684,357.5813642629826,386.49756214270104,417.29519226344877,6.089370929002605,270.0,0.6969601961978233,1.862785216829018
2022-02-25 13:00:00-07:00,875.5539,178.60561666666666,0.9117316639937784,12.5,720.978984459802,45.68274680063154,51.72305932510821,204.29870195936658,0.0,438.2859324804278,847.5368600782954,1.0,438.2859324804278,638.7762147075384,1.398345656226723,-1.2361601052777778,1.4701300266666666,794.1280777001846,793.3929361005457,794.3716740488727,793.5672568188612,793.0379945945299,793.2263087102172,795.7224242073954,798.2086252604792,799.4874829690644,802.3017838377958,804.1603058683473,806.8396762846896,339.4218033425246,305.5761805300694,277.9106829425535,256.5896983873971,244.2018002750494,236.67733256953872,230.20095303796992,231.62930807539394,239.2265896125915,248.22767406680782,257.03138184246694,268.94707327313193,27.540814141625297,269.99999914622634,0.5188098248257662,1.970461171524152
2022-02-25 14:00:00-07:00,184.049665,260.00376666666665,0.8524385474708818,13.5,357.7143900318835,39.90304865988052,57.93420924909994,220.8017373854891,0.0,211.44926072268635,452.88731521264185,1.0,211.44926072268635,287.97080203146334,1.850812325532888,-2.284008040166667,1.7662576133333334,409.2203250873906,408.5626115378776,407.89257846373357,405.89524200309495,404.53368683799,403.1397094827946,403.10763649639335,401.36581413528154,400.9698013551741,399.4528726092859,398.09929658607604,397.91670628568454,130.01341272380566,127.73251223328182,126.76536638640408,126.22259066068743,125.71409759251658,127.21255455999743,128.49189866233718,131.59072423319893,135.79837566201545,142.80948861677342,150.1712931666822,159.4979432564345,46.207433760896826,270.0,0.3890749884136224,2.1650933328705744
2022-02-25 15:00:00-07:00,3.4330996166666665,179.25626666666668,0.8146104110015162,14.5,180.62751288524066,34.02636807604231,66.45811935688013,234.54175436934642,0.0,115.18793506217047,192.96538572840078,1.0,115.18793506217047,140.84716973624904,2.7610542089874297,-3.7604484833333336,2.0043636366666666,169.75728277143745,170.5747529095503,171.4001571560847,172.60071050660213,173.47409731069308,171.7351501661583,171.20654314939836,169.47603513556786,167.65536333264268,167.0982479739451,165.2739329869606,163.43038837474313,77.78735859657095,78.90398831393114,79.98964593942773,80.51247635496746,81.58960414400042,82.68624193598443,82.104483685454,82.0427399176276,81.5637591028238,82.00287900908491,82.19867681992346,82.90922569256408,50.0,270.0,0.366977778440511,2.214355247456318
2022-02-25 16:00:00-07:00,0.7603842333333333,86.80985833333332,0.8072352810626228,15.5,86.98779914827516,48.03994191062165,76.46647134431227,246.09634536332197,0.0,54.22357229940492,93.86035936677501,1.0,54.22357229940492,67.84159540288675,2.857142857142857,-4.5051151,1.9009459633333332,86.44898063507037,86.74221393046417,86.9035754280749,87.20666215560672,87.35990102383587,87.8297427853353,87.58489883548899,87.15778183842198,86.88080375924392,86.14471902411819,85.86322894128764,84.8848988204291,36.31973140246173,36.56767858819682,36.39329385737608,36.273487809426165,35.935097965858056,35.48957180481569,35.30665822756284,35.324583947968335,35.21604503844829,35.019957347959284,35.32501779043499,35.73478776040545,31.921999138235464,270.0,0.4856178676401342,2.0083741298941433
2022-02-25 17:00:00-07:00,0.70280595,23.506452666666668,0.80536818099111,16.5,23.55470993714085,78.68621575945474,86.06276071430537,255.1219048509187,5.171007462129577e-09,14.749303739499593,24.113260412259258,1.0,14.749303739499593,18.746657055206217,2.857142857142857,-5.248057127777778,1.4671697849999998,22.502896859915573,22.448742521515808,22.44873202404739,22.485488673477956,22.437930760264972,22.47619739700062,22.423419303116994,22.423378154040332,22.423335642257857,22.463129631382586,22.415521286815583,22.415596606227698,10.261010665880836,10.048950490661804,9.884230037551669,9.75533270835274,9.696664721384382,9.69210417236155,9.734839979043144,9.829662448921065,9.966191112695281,10.139195202490578,10.336118592263025,10.540876461404308,7.6363650098657185,269.9999982924527,0.6835572613351057,1.8660114582280443
2022-02-26 06:00:00-07:00,95.28661646666666,4.984260483333333,0.7238304074179152,5.5,7.038074069159542,86.46931789278905,88.76494760586951,102.2593232252626,2.535462084836799e-08,3.189804308254483,10.850204979627346,1.0,3.189804308254483,0.002094600936288802,2.857142857142857,-10.077005866666669,1.3883708666666663,6.506779067104068,6.507483338625231,6.507483338625231,6.507483338625231,6.507483338625231,6.507483338625231,6.507483338625231,6.507483338625231,6.507483338625231,6.507483338625231,6.507862124383686,6.507862124383686,2.0254354374299415,1.9815658194393961,1.9422971497404176,1.9150289983233175,1.8975118710039436,1.890313413116437,1.8935638871108296,1.9069826788277426,1.9298259527008048,1.9610028156146406,1.9991280928905366,2.045846359287484,2.3492770464311072,90.0000102807961,0.7295044342838383,1.8579833467823252
2022-02-26 07:00:00-07:00,696.9465166666666,34.38972833333333,0.7653874362849826,6.5,141.37140076177644,63.9871312455615,81.17015668057228,109.00286811520942,0.0,15.760850075079192,364.2421585459203,1.0,15.760850075079192,109.01997753490262,2.857142857142857,-5.61955225,1.6810359933333332,331.1578221961954,331.2394576423413,331.29235324192473,331.36903693601846,331.94465460787666,332.5085679294624,333.04479346357573,333.02453052081137,333.52505414519436,334.06037570453555,333.9760547645186,334.53175933097884,10.3865062602463,10.430426019749797,10.292695063550044,10.332865225396361,10.541189436854705,10.578536250883985,11.028468325846417,11.144779952380551,11.448592616106096,11.828888459017673,12.174317044820995,12.560650711697622,18.26404732256722,90.0,0.593301681634031,1.9075205384892202
2022-02-26 08:00:00-07:00,926.6134,53.82872166666667,0.8160009650607342,7.5,360.69280908160385,32.85779373032626,70.66035689773108,119.81389156052138,0.0,60.47661477027871,918.1469511881526,1.0,60.47661477027871,260.6884390589897,2.857142857142857,-2.506430853888889,1.6187017083333333,851.4482907187435,851.9003837805873,852.220365206764,852.5301771318406,852.7627976144076,853.2404119459608,853.380397862141,853.771705923504,856.1112374269412,860.2409977996722,862.1563445882663,864.2945603526107,42.15266205748365,47.34422717240472,51.740307905505,55.18009328657797,57.06282499171016,57.89986971547809,57.90591722916574,58.56508030694916,58.56628989157421,58.84627216316324,58.52685651868782,58.26980600955065,50.0,90.0,0.366977778440511,2.214355247456318
2022-02-26 09:00:00-07:00,1015.80735,65.540655,0.8765918152369662,8.5,552.9052253113192,36.464757838481425,61.32893212076282,132.463677162873,0.0,238.0006260662219,992.8925845378076,1.0,238.0006260662219,419.8268960494499,2.171306445766629,-1.4751980456111111,2.116522795,907.4883504832833,906.4779001055566,905.4860793490615,903.9911501439121,904.2377157669126,903.9409359387867,902.6506875243307,901.6547954501523,903.5264211766139,908.6091235441935,910.8798256102283,913.0773700295292,245.54400762668243,219.22830390357413,194.83487277416026,169.70822434998925,153.8108514097667,135.72915056427607,123.99362669859708,116.75385442638408,112.48485339724336,112.62690806100376,112.22725829980332,113.16201282252342,50.0,90.0,0.366977778440511,2.214355247456318
2022-02-26 10:00:00-07:00,1048.3081666666667,74.30617833333334,0.901099733669718,9.5,691.9878020242423,43.077497365732015,53.89849352471757,147.70491800599913,0.0,398.92837290417856,915.0595977018997,1.0,398.92837290417856,579.1453961951078,1.5726467241019024,0.5002509318333334,1.5693393516666667,855.8697576622511,854.3533562582205,853.7907087170786,851.7854250624681,851.4031895532448,849.6651997551809,850.7301443466029,852.3738094264257,853.0340425188626,854.9575387409564,855.6615486107037,858.5140290286972,323.49310428139665,288.94780572222567,258.231448278371,233.23188218199863,215.24364397822163,202.2280955524216,195.27342424409315,194.17503989579967,193.18674071810983,196.7768366365659,200.3602395357508,207.04015733617067,36.22799692624621,90.0,0.45450004549649303,2.0504712340187377
2022-02-26 11:00:00-07:00,1070.5746666666666,77.05686333333333,0.8990740338207833,10.5,775.0992749162747,47.2952866447821,49.30547915744669,165.7472811496823,0.0,489.2698584827346,822.4671990825536,1.0,489.2698584827346,689.6230345169535,1.2154921287889535,1.82793944,1.5269324516666667,794.891283731531,794.439355139335,794.5026307583573,795.4723080373259,795.9824869054987,795.9713203431983,796.2348571928708,797.0784270338816,797.1965571629174,798.0643215468573,797.4512344626952,798.1493459211732,370.21300112836315,335.11228087230114,308.8937801288312,285.12206927766096,270.3021096980003,260.72442120756983,257.5648742048795,261.7799379968656,269.7638068914681,282.7434269041105,297.93790707163015,316.19962345215475,15.975805624983026,90.0,0.6123842910842001,1.8957648531098923
2022-02-26 12:00:00-07:00,1072.5946666666666,77.40121833333333,0.8888307637460638,11.5,789.530142982773,48.108144732837054,48.39962783703111,185.45554635453234,0.0,512.8518783471079,797.7321561347273,1.0,512.8518783471079,701.9534955372111,1.080328093960829,2.581765682222222,1.55256245,781.1098743720701,781.107380891263,781.3804134867285,781.3786364709752,781.2410141200176,781.6964535527704,781.4674455618991,781.4658493847917,781.4642404664601,781.9163486426896,781.6369397859856,781.6366027005158,373.8240184158407,344.8504318581725,317.61892832864487,297.6441077128762,283.47516367374,275.5550675520451,273.7995404828019,278.7314849357298,289.7231524812394,305.4216966911945,326.3684051808218,349.330986550114,6.112078012913754,269.9999963777452,0.6967631617507358,1.8628273356845595
2022-02-26 13:00:00-07:00,1053.2065,75.98159333333334,0.8719775503434565,12.5,733.3182893426297,45.31318948468399,51.38171475787956,204.50191242094786,0.0,442.7816365024109,863.2676028435937,1.0,442.7816365024109,614.9874951455857,1.396509644939127,3.9504012833333335,1.25563704,824.9805971161468,823.1625134737608,822.1104430095866,820.3272516704416,819.831799401504,818.3166811575156,817.1447992746041,816.9978343440404,817.6652906754426,818.6812330638479,818.3474498656664,819.0783983272026,249.61173746963456,239.36206089449794,229.89715643083164,221.07051677464986,214.2905875082088,215.7713424117622,220.76340537307632,229.4181457022486,245.82007866823747,268.8594326582226,294.13403757902165,328.9493546043754,27.43722874681263,270.0,0.5196117208713036,1.9696266807491694
2022-02-26 14:00:00-07:00,1016.2483666666668,70.91255833333334,0.8300738012388885,13.5,614.9518165381942,39.55258101764982,57.632970442642865,221.0691213294207,0.0,309.6183625906644,952.2921974611832,1.0,309.6183625906644,453.0480008045691,1.8446962608049136,4.5988200388888885,1.095837341666667,881.0656840619944,879.2311263489596,877.3805346263972,871.9289812469033,870.8428004317417,872.3193561739746,873.7671481402043,873.9813250978739,875.0753214891779,876.0471370740466,877.8824553879451,879.8880251355682,136.49329953953725,130.98393218661974,128.37193503458104,127.46440052331414,128.52188870167907,134.63464701393048,146.01868791253028,156.86370520167594,171.72979754621227,196.25294326074092,221.75806247792008,251.41186728262568,46.02777673174774,270.0,0.39016175850349266,2.1628333009456195
2022-02-26 15:00:00-07:00,929.65165,63.74827833333333,0.6102049159777626,14.5,438.9816250618795,33.652352336465476,66.1948269295725,234.8360977251733,0.0,139.7591337315483,915.8576093691956,1.0,139.7591337315483,241.45966862142066,2.7423745307530267,4.3576486,1.2273130666666667,867.9905703511803,865.5445567223952,863.0416610305124,857.9271445111206,855.8046251502433,855.8347340036495,855.7337371508264,855.0734652248382,854.314770445726,854.3917847698274,853.9256576849439,853.4158248895938,70.23816723504183,71.44647557077039,73.59728047489969,75.35275339410039,79.87273176343537,85.71285628477175,93.27232653233537,105.02430479806881,114.87838795556611,127.32598428649442,138.04670940252598,148.12400181326677,50.0,270.0,0.366977778440511,2.214355247456318
2022-02-26 16:00:00-07:00,747.8362500000001,50.30697666666666,0.4682339561761776,15.5,228.27571747041088,47.161220534831095,76.23275597269743,246.4006487865202,4.662936703425655e-16,22.237676731563596,603.539201780186,1.0,22.237676731563596,108.3288440631176,2.857142857142857,1.0213204468666666,2.630573183333333,586.5092909864024,585.2224002686561,583.9280804358864,582.5588045082828,579.8655582481645,578.4482971955049,578.1051285750628,577.967342025002,577.8219748258508,577.4452180285156,577.2923551447212,576.9321720584692,16.01144907333517,14.776381869426771,13.539838477343945,12.592983246232818,11.361912821819844,11.05621624550689,10.1247702650559,9.034211537414913,8.893448639996873,8.896655957147727,8.86263994525564,9.006733326639253,32.59305456432646,270.0,0.4806656708189516,2.0146251561428254
2022-02-26 17:00:00-07:00,189.1055527,18.517194333333336,0.4595582966413872,16.5,31.60008789878372,78.59950696862528,86.03293595081189,255.59527297757958,0.0,8.267513082663914,63.66775078864281,1.0,8.267513082663914,15.09147677971425,2.857142857142857,-1.4514253189055557,1.1544304316666667,46.90207939708456,46.90205483104283,46.78865057163159,46.8386607267947,46.838674676751026,46.838687921019,46.72693887296917,46.76437201311945,46.650953860368645,46.67521660238809,46.675219008305746,46.57458072741449,3.546901938817083,3.4281476915735873,3.3624190955520668,3.3064661868953507,3.262827156891297,3.231961887876837,3.179248417827584,3.1806729113387058,3.1966558358759096,3.237440019692747,3.29010864680866,3.357928786273197,7.678459865435621,270.0,0.683193190239241,1.8661093558532393
2022-02-27 06:00:00-07:00,110.85120703333334,5.642731133333333,0.7030519743021452,5.5,8.203156868257851,86.21607866069881,88.67647236402456,101.84066997606125,0.0,3.611568174795019,12.955517995261946,1.0,3.611568174795019,0.0027154008936645315,2.857142857142857,-6.358261188888889,0.5023966006666666,7.701162077629462,7.701162077629462,7.701958771911677,7.701958771911677,7.701958771911677,7.701958771911677,7.701958771911677,7.701958771911677,7.701958771911677,7.701958771911677,7.701958771911677,7.701958771911677,2.223193565420224,2.1754610938199366,2.1358710496332614,2.105916855454307,2.0867088132608846,2.078849458818701,2.0824790540151152,2.097270707846834,2.1223813645238163,2.1566093427171342,2.2015844512817617,2.249605778052121,2.5139730003237504,90.0,0.7280684855935041,1.8581053029421402
2022-02-27 07:00:00-07:00,702.8431333333334,34.49337166666667,0.735008863230701,6.5,145.8475561893318,63.084989836249896,80.8839936606533,108.75223344476296,5.860747186516579e-09,15.635494819927336,377.70914201227714,1.0,15.635494819927336,108.04024484544627,2.857142857142857,1.4600783383333331,1.028461312,345.5302241402907,345.59028511092055,345.66985866447953,345.7275074184135,346.36470226216557,346.9492705883214,346.96057113881733,347.52501836828424,348.0460346813454,348.55456989389575,348.5388527641087,349.0153161274735,9.910454817864396,9.930678521463662,9.925274905927242,9.851143259271828,10.189460387295968,10.250462265980035,10.337305690555903,10.825747536382556,10.972971021183902,11.530149090303436,11.684173698313431,12.283624842264787,18.894997218521446,90.00000147877934,0.5880825952438538,1.9110292190696407
2022-02-27 08:00:00-07:00,927.2649,53.18267,0.7883467950757762,7.5,364.9356918252463,32.483657469512345,70.35404359285555,119.5780533501432,0.0,63.915638488951565,919.581172331579,1.0,63.915638488951565,255.1140082260454,2.857142857142857,4.9765337,1.2827820383333337,854.2752747029647,854.7497468537654,855.023749880949,855.3227503526743,855.5751911763203,856.0814709829676,856.2092650105727,856.619161665083,858.814582025485,862.9336142797342,864.9278671212212,867.0607006109427,46.04671598420786,51.76519839077141,56.46145044919376,59.76930428585486,61.229034886770364,61.4771723161424,60.788191797527446,60.77848890679537,60.23393101188341,60.042178744224465,59.35571950145337,58.817228747952036,50.0,90.0,0.366977778440511,2.214355247456318
2022-02-27 09:00:00-07:00,1013.7735166666666,63.90557666666667,0.8309953709549966,8.5,555.449082543108,36.14412803976308,60.996358491663585,132.25717077679633,0.0,243.87358962962165,988.305757964629,1.0,243.87358962962165,400.4481167356539,2.155414104440168,9.2828736,0.5912536083333334,907.4857787681773,906.4200052307989,905.3945266994895,903.8308481651317,904.0310962284656,903.6395860082367,902.3371939489568,901.3574379271123,903.1970630099624,908.1877641053957,910.3993861246257,912.5382473646279,234.56701635723672,209.5703908475271,186.39917511645208,162.481944677938,147.45094387380612,130.36405446959722,119.31489082381535,112.4085119478203,108.58271705281943,108.92746683132192,108.7300452277284,109.87209784703363,50.0,90.0,0.366977778440511,2.214355247456318
2022-02-27 10:00:00-07:00,1054.0095,70.12862666666666,0.7826917442146463,9.5,696.5083460877906,42.745969275935806,53.53847841880497,147.5592295169952,0.0,401.21640094810454,910.3155882592764,1.0,401.21640094810454,508.2615445520851,1.566952730151788,11.377782572222223,0.8555469166666666,855.5677534147355,856.134773003744,855.3931526076626,853.9002880443142,853.3791536179341,852.1393136448345,851.5881346786388,854.436314874911,855.2875902033152,856.0884936072359,857.9722914469619,860.7771489978485,286.4567942369694,252.45980002114774,225.3637324762536,203.4962917385122,187.79194403724455,176.08408368025997,172.5148692901666,169.54860399788876,170.6921596338946,172.22731554856287,177.149207047998,181.2231950910544,35.978119992325496,90.0,0.4562618682457151,2.047901459404204
2022-02-27 11:00:00-07:00,1071.4525,71.77049666666667,0.6539403477840068,10.5,775.7240148316997,46.932526526662386,48.927870520329456,165.7078489830228,0.0,496.93861640329123,818.5888628087887,1.0,496.93861640329123,503.5320372571092,1.2131943541025576,11.285284755555557,1.4025833416666666,794.4319277291983,794.1216528712733,794.1944571156458,794.6361925038481,795.737691609742,795.7174416023972,796.1466493060664,796.9494558680816,797.0325205172578,797.4444310574725,797.4185504648739,798.1025375199321,271.45277801760454,246.20319164746255,227.3046618639901,210.59993459986035,200.15151800889265,193.7576801712472,193.0847553662219,195.81447167237891,202.08113474855733,212.42437801525853,224.16292726795908,238.02380034431923,15.815630460315486,90.0,0.6137286335714435,1.894999178284665
2022-02-27 12:00:00-07:00,1075.2365,70.24570166666668,0.457037466347244,11.5,789.3360154871538,47.729652271111746,48.02748100565124,185.5509154953853,0.0,512.7605674520436,796.540217887941,1.0,512.7605674520436,361.7919217450235,1.080666707977369,12.712350666666667,1.2587116166666663,781.390523294291,781.3892319862817,781.6466350954964,781.6457125407528,781.5750295064597,782.0040506132511,781.7864767831611,781.7856482698295,781.7848139851213,782.2121294482961,781.9482105010094,781.9480366891929,192.19716881940653,177.2384449815768,163.18203742098711,152.86955657629497,145.55315510676792,141.46370344226276,140.5540442916399,143.09938871257611,148.82537095062378,156.91934362719957,167.72465211938007,179.57069262790944,6.137632026145411,269.99999716835316,0.6965414338624162,1.8628749220136718
2022-02-27 13:00:00-07:00,1061.6128333333334,67.10986666666666,0.276047376984602,12.5,734.6359522810677,44.94084522779943,51.03947088469205,204.7107273775295,0.0,443.22069984652177,839.7511616610485,1.0,443.22069984652177,201.9965384392235,1.3947408389154319,13.852487666666669,1.175910355,812.1819399613543,812.1964792267554,812.4331639516321,812.2211972727482,812.3077081004107,812.3929084886279,813.8669941987415,815.4041947336029,816.5836474265872,818.1214690725628,819.4782274097086,820.9982147746142,104.86687477870511,93.77458044115727,85.75295490750678,79.00167695237158,73.86999994466116,71.68730998978313,70.24694965839417,70.92792460125024,73.31559366447519,76.38074600120623,80.01156716636828,84.1743124043291,27.337185945698952,269.99999914622634,0.5203869071478209,1.96882348306424
2022-02-27 14:00:00-07:00,1032.842666666667,61.84833833333333,0.2044788739814537,13.5,619.3511832166718,39.19891520316598,57.331663748064564,221.34190374837164,0.0,316.46328380703983,899.5678717557828,1.0,316.46328380703983,126.01331070123624,1.8387370216914265,14.471666944444443,1.1558432783333332,876.2400582386653,874.0150949906867,871.48851739136,867.0464953322299,864.7256271929183,864.9203987808907,864.9249854129282,864.8790764457278,864.717010147133,864.5667914973111,864.9269394703615,864.9579331872512,44.90004590417973,42.25577816680804,39.49870075882748,37.630886051538944,36.946934970560385,36.35154333994561,38.971022238704556,41.48916747033313,45.86999920267219,50.9668507331488,57.34828921153831,65.53281142706751,45.851279080323884,270.0,0.39123286230304694,2.1606196603755548
2022-02-27 15:00:00-07:00,967.4637333333334,54.19287166666666,0.1678061991217291,14.5,448.7455652958678,33.275820906838085,65.93193003809205,235.1350277203882,0.0,143.9509035552967,903.5634783581002,1.0,143.9509035552967,80.99805342489707,2.7241493368707603,14.628520166666668,1.0952174833333332,886.2796780888038,883.9452574254183,881.5695248097728,876.720905180987,874.3834401980288,874.0568873865121,873.8671835843045,873.329739155242,872.7573455610188,872.59550626541,872.0997137682941,871.5795067860315,30.162192096006258,28.928087412053472,27.994069321407476,26.983593929782533,26.785772295448965,27.005203550235702,29.03832407377094,32.30611153181977,35.02589681957285,38.527897943004845,41.552375524941546,44.4833334768213,50.0,270.0,0.366977778440511,2.214355247456318
2022-02-27 16:00:00-07:00,682.6132,50.921573333333335,0.1439691265287018,15.5,216.06560069867007,46.27275508975938,75.99957196508919,246.7087478718163,6.4172281076886525e-09,22.452088895190148,562.3540074974734,1.0,22.452088895190148,38.773666829548894,2.857142857142857,14.002137388888888,0.9768838733333334,542.0245158171128,542.4233109572756,542.8074979625322,542.9859243563125,543.1760903328202,543.5269798139179,543.6911827886373,545.1866534169949,546.6535783367774,549.4370607589444,550.8232474794852,552.1583945827468,3.6136468295281445,3.679575293649201,3.6671614646241415,3.7814544906791587,3.8023953000410233,4.868423756707519,5.986230238968019,6.229316440940962,7.201122535483166,8.408780222063198,9.654706367370016,10.939269719343931,33.27370347032301,269.9999987925817,0.475680421407976,2.021083603737707
2022-02-27 17:00:00-07:00,163.19098493333334,27.76683333333333,0.1291984556058019,16.5,39.66791965231177,77.97351248665305,85.81785789711276,255.90853617394959,0.0,13.64903017787975,71.27199778847194,1.0,13.64903017787975,5.6565874531521505,2.857142857142857,10.676295761111112,1.22090555,55.22167137624153,55.22166038611927,55.16681730629093,55.16681337776997,55.16756352586417,55.10187051065634,55.10188216304953,55.101887083790146,55.02481201382622,55.02573696801738,54.936880085212266,54.93689989743073,1.7168409235131803,1.6856856506623852,1.6493182708131764,1.5849666804068467,1.5630065239983142,1.5484534645673935,1.5405825928350718,1.5409028831781173,1.5152294537006294,1.5315577855051727,1.5576043675466986,1.5890790383760105,8.091937222726747,270.0,0.6796190437882004,1.8670993813243197
2022-02-28 06:00:00-07:00,0.07380545,5.7370493,0.1939611266136776,5.5,5.738871239565233,85.95553698799716,88.5854695996762,101.42167688431316,1.2987637563263938e-08,3.6723267927334238,5.739109993976111,1.0,3.6723267927334238,0.003144836225425473,2.857142857142857,6.013249327777777,4.64051465,5.424309892216276,5.424309892493179,5.424309892493179,5.424255761134193,5.425065772149444,5.425065772149444,5.425065772149444,5.425065772149444,5.425065772149444,5.425065772149444,5.425065772149444,5.425065772149444,0.6238086923024303,0.6104073024958606,0.599302374710704,0.590909397568533,0.5855372599224367,0.5833499244475743,0.5843844931774579,0.5885434263674655,0.5961776513101404,0.6063469839521409,0.6181974015074717,0.6316142290031788,2.683167770022236,90.00000566329368,0.7265935015111716,1.8582391864548524
2022-02-28 07:00:00-07:00,75.94543468333333,68.048835,0.2152138033087491,6.5,80.45926035664931,62.167225223247044,80.59498033938847,108.50122902500891,0.0,37.397031894412024,122.81973730502219,1.0,37.397031894412024,18.458443915083194,2.857142857142857,6.971299594444444,5.3824333,113.96163787816607,114.17205961470466,114.35761155177201,114.55314522913137,114.72163052983943,114.89761842271129,115.05227467306352,115.21027777544222,115.20873927669084,115.34611336844179,115.48753472988042,115.4869737680533,7.161980339068435,7.04908837273747,6.96750685252,7.01504355878934,7.032675308452421,7.069368190446698,7.236089571291946,7.3276584409020975,7.544616716870551,7.657876618840814,7.889434417747741,8.013106384081219,19.53835592908778,90.0,0.5827810881413702,1.9147250400005542
2022-02-28 08:00:00-07:00,746.224,60.62930333333334,0.2180476776500444,7.5,315.30169553998445,32.107688244030186,70.04503518459316,119.34161926782168,0.0,60.74083522615022,748.9320489118188,1.0,60.74083522615022,75.76990015334921,2.857142857142857,9.394356894444446,5.5440895,717.9913300360556,718.5291266337424,719.0072733780881,719.279519601372,719.7430945273682,720.2602934321769,720.4808825451269,720.9630396342499,723.4099099480306,728.196494785606,730.5316777326977,732.8712910788562,14.72387755000762,16.31709348425604,17.63314645732151,18.571624434566058,19.03040260594303,19.187192041916333,19.11255153498607,20.65952039375956,22.124137071164395,23.717064441371917,25.219303870232217,26.80781756747909,50.0,90.0,0.366977778440511,2.214355247456318
2022-02-28 09:00:00-07:00,1009.5482666666668,60.38933833333333,0.2049860735294467,8.5,555.0411470898566,35.82365008095029,60.66116596454512,132.050102495178,0.0,243.06338168569857,921.5542827229009,1.0,243.06338168569857,113.88539707872224,2.1396531547710467,12.305771833333331,3.58084125,884.4958226447576,884.6682770548657,884.8434722197679,884.6693381507112,885.1362199110285,885.4481851436888,885.328046417867,885.4800022911359,887.9282315339017,893.0680282718478,895.5274893749303,897.9403771590972,60.371574712742984,54.32916807669276,48.74003372446671,42.98154645818071,39.41283075525566,35.35140736590455,32.77591755375451,32.74682739554621,33.51373221820769,35.331937925338124,37.06257189810543,39.15720301491281,50.0,90.0,0.366977778440511,2.214355247456318
2022-02-28 10:00:00-07:00,1054.571,62.812556666666666,0.1912695857298642,9.5,694.8808664840706,42.41288788589875,53.17588212311874,147.4136752126904,0.0,399.81008089917714,867.0027378694085,1.0,399.81008089917714,134.22616337577972,1.5612804016935746,14.0232255,2.3392448616666663,837.8882644234217,838.0309873054777,838.0216481683337,838.3404841120326,838.3651916239544,838.3768623553758,838.3720482094722,840.5957758192028,842.4249220733806,844.032729491224,845.8646325453801,849.2830414314659,70.91585515854001,63.58115353677021,56.881525915017626,51.551178386526246,47.05914824608329,45.47165634554442,44.39112533883434,44.863656799150576,46.341554814881086,47.638878176966344,50.08057569231726,52.4794580317867,35.72706946777658,90.0,0.45803759191715654,2.0453351157004214
2022-02-28 11:00:00-07:00,1072.4376666666667,64.08362833333334,0.1859011438511646,10.5,774.0308631568568,46.56796338093303,48.54788025143397,165.67037713241487,0.0,495.7943979655227,809.1651048337515,1.0,495.7943979655227,146.5766819280874,1.2108788693280867,14.649213444444444,1.85671157,790.3748639781488,790.5119566288982,790.5949380764451,791.2955042857182,792.236062224796,792.2169947811611,792.9465261960377,793.7193671638478,793.6024891149704,794.3725400652572,794.1688528872816,795.029441198816,77.59673407876457,71.08483889831908,65.1980963872815,61.09502430448463,57.58351386927001,56.020508259908915,55.89974569155833,56.672453921373055,58.659758396704696,61.82729062757124,65.17550022440453,69.1889664266146,15.653899611080101,90.0,0.6150871133755598,1.8942336962711561
2022-02-28 12:00:00-07:00,1069.3948333333333,64.900645,0.1876883329415471,11.5,785.2571579032499,47.34900649208923,47.65359269149361,185.65062704613385,0.0,510.1354030850384,791.8059307923705,1.0,510.1354030850384,148.92755923893472,1.0810413469281894,15.7310235,1.720962915,778.4033609468386,778.4034322230412,778.654094379925,778.2480998125382,778.2484433684799,778.2487848117388,778.4561992030383,778.0495120643869,778.078360886826,778.240460402932,777.8346142620302,777.8351453492238,73.4869054519101,68.63570389346718,64.40901776153751,60.896701985192514,58.485979972427174,57.44234291276591,57.814974319410375,59.49015615192682,62.48819619594584,66.71354832748771,72.47169136129426,78.60126936515492,6.165903786730561,270.0,0.6962961369281966,1.8629277997409588
2022-02-28 13:00:00-07:00,1046.636,64.42089,0.1931924801672455,12.5,727.3903025780505,44.565851507453026,50.69644941265526,204.92513729302235,0.0,438.76089523059187,827.4539171793635,1.0,438.76089523059187,142.89263033310797,1.393037209746736,17.24945616666667,1.69550586,802.900134262353,803.0096124545539,802.9913261654832,803.1257992084331,803.2836652790156,803.3834244492507,804.8726219690534,806.1838288778118,807.6350833706528,808.9214906105665,810.3711378158332,811.7515810006015,72.80286631140582,66.02907529873332,59.56304520242874,55.221368894799404,51.56178862629331,50.43555474413715,49.503681054329206,50.22498685939577,52.21913619279983,54.14006537713326,57.24138405129988,60.510490602289714,27.24060062088636,269.9999987925817,0.5211359672031587,1.9680506133526725
2022-02-28 14:00:00-07:00,1023.8568333333332,59.168326666666665,0.2001190123591685,13.5,616.3450934914846,38.84219256261015,57.03039697430206,221.62002989943036,0.0,314.63072434646904,892.7016486970753,1.0,314.63072434646904,122.63444777271555,1.8329304203954302,17.31281338888889,4.779541,870.2371866247963,867.7982292566418,865.6342090840637,863.564154196416,859.0905095058108,859.2841314419671,859.3005538374015,859.2456253343992,859.1096810590396,859.2202678101683,859.3151409688018,859.3655246146348,43.488178083607565,40.91564395446783,38.68703431079746,36.4172985690307,35.777689603303834,35.21183311712337,37.77144655422698,40.22145362240382,44.52083651041131,49.490489654516225,55.5759534186218,63.708658639053276,45.6779125404382,270.0,0.392288278894072,2.1584517248578257
2022-02-28 15:00:00-07:00,963.5534333333331,52.04093,0.1727578663422751,14.5,449.0242033067734,32.896896486121314,65.66951463067446,235.43845603675294,0.0,139.26968538915352,901.1144462018992,1.0,139.26968538915352,82.29326166014138,2.706365815416273,16.490515666666667,5.158348616666667,883.6298413902049,881.3539388284636,879.0376844862493,874.2929865333332,872.0248926823258,871.7270150635641,871.5481235663128,871.0344946133558,870.482226846015,870.3339647901237,869.8587228965428,869.3640981991856,29.35637725736232,28.148685567531,27.241149020894483,26.267555946932553,26.1121874791967,26.40702860026141,28.49611629601408,31.88094383772885,34.72665719146676,38.44145765306949,41.69420744125012,44.87886428327796,50.0,270.0,0.366977778440511,2.214355247456318
2022-02-28 16:00:00-07:00,829.8923833333333,40.67698166666666,0.1442931842183188,15.5,244.7192912254077,45.37414958947586,75.76698339286513,247.0205374429402,4.662936703425655e-16,18.88618554379641,654.8562924676846,1.0,18.88618554379641,42.05568179508007,2.857142857142857,16.410233777777776,2.6683365266666663,643.8717640155977,642.5900338434847,641.2790800938081,638.5233055171933,637.0992239712958,635.6379645750442,635.4855436258462,635.3425753629614,635.0317196683416,634.8793996665071,634.5502550925099,634.2098291818476,10.31167772642357,9.051542396540102,7.828412801780864,6.641794221504165,5.490983230958108,4.380076681797275,4.349450472227984,3.2943803930486557,3.1816653872783767,3.1781040194101773,3.099457209508568,3.129424682182274,33.96453024301049,270.0,0.47066021550083853,2.027759267249828
2022-02-28 17:00:00-07:00,264.74984621666664,17.6945935,0.0905508844291519,16.5,37.13092241659473,77.89205718572839,85.7899035841958,256.38840974137355,3.108624468950437e-16,7.677606085971834,81.9127297397421,1.0,7.677606085971834,4.01850654304394,2.857142857142857,14.3461855,3.4937121666666666,60.585140168439416,60.64866593721991,60.522121138781586,60.52240978871061,60.52241486624676,60.44691335435023,60.44691802051659,60.44692011523628,60.35835531380444,60.35871998297455,60.256610183328604,60.256618012565596,0.7857694038851452,0.7734735280176946,0.7542329091559674,0.6998608614893007,0.6908204464078368,0.6850764968667019,0.6819602496549522,0.6817459064216397,0.6787689974225345,0.6518135572691641,0.6612067517362916,0.6742125177219079,8.130078495802417,270.0,0.6792895279922135,1.8671933045929587
2022-03-01 06:00:00-07:00,131.2465593833333,6.000814233333333,0.4396644279481039,5.5,9.454671871782114,85.6879761513741,88.49204189090958,101.00240059657187,1.1148268783739442e-08,3.8416025805387535,15.86525070813095,1.0,3.8416025805387535,0.0037285336557785916,2.857142857142857,11.373799944444444,5.946964833333333,9.213789227753155,9.213789701578849,9.213789701578849,9.213789701578849,9.213789701578849,9.213661342475405,9.214508594324796,9.214508594324796,9.214508594324796,9.214508594324796,9.214508594324796,9.214508594324796,1.478835997489344,1.4470312100653082,1.420701250135334,1.400824919455518,1.3881237357000198,1.382983475677754,1.3857167358075904,1.3965655252411346,1.4137640868618817,1.4368948957524479,1.4648978735393516,1.4965862318318324,2.856684612885726,90.00000505099301,0.7250810511349892,1.8583855372949114
2022-03-01 07:00:00-07:00,706.5316333333334,31.721761666666666,0.2589631193613688,6.5,150.7254436826073,61.233650056719306,80.30324099627674,108.24988619888695,7.771561172376095e-17,14.9259616725016,392.46124213863726,1.0,14.9259616725016,42.07905844614294,2.857142857142857,12.520088166666666,2.99444475,364.46180726698043,364.5402524164807,364.62456600007084,364.69787607879715,365.44411312176067,365.4807254809225,366.16019710023113,366.8047986958636,367.4083040102799,367.408890964175,367.9849283874482,368.51953501947565,3.691775715174197,3.6938912255936054,3.954970297126888,3.9435760886293245,4.04612153352466,4.36496372122373,4.3974979643399825,4.876387689500417,4.928190701175147,5.449537261147261,5.505550555073035,6.067078234583313,20.194459035433425,90.0,0.5773962812350226,1.9186164456476864
2022-03-01 08:00:00-07:00,910.1231333333332,46.569225,0.205947242199451,7.5,361.82485679243905,31.730016137207688,69.73345922710617,119.10460266145179,0.0,67.44265717323222,863.2641688902473,1.0,67.44265717323222,78.34897262685115,2.857142857142857,13.14961,1.711924815,833.1928012961013,833.6727977081783,834.0781114117204,834.3155672174685,834.7137071952407,835.1793247264445,835.3693023412484,835.7967110146603,837.9457506126231,842.2073258513457,844.3111227522359,846.4067136505037,16.2967517515299,18.19112813120015,19.638675623918175,20.50183566570701,20.770853525882305,20.633711664133283,20.27850036600303,21.315824679788992,22.297331292676603,23.470868776347068,24.56276484376602,25.747910014485743,50.0,90.0,0.366977778440511,2.214355247456318
2022-03-01 09:00:00-07:00,990.1810833333332,54.71591166666667,0.2009927522913577,8.5,544.9571403488588,35.503476145155624,60.323483885450656,131.8424640630733,0.0,242.94233694659619,901.0073286008048,1.0,242.94233694659619,108.90969080162859,2.124029381279273,14.782616722222222,2.4853723333333333,866.3493321091016,866.4531607321852,866.5614854299382,866.3461386657281,866.7503451392416,866.9884640532933,866.8379966233686,866.939231141343,869.2166867456959,874.0205757427927,876.3105761278681,878.559567514159,58.09420816992293,52.24511507960382,46.84732904531107,41.295057535686944,37.8368041945161,33.92952895539925,31.469243862463482,31.356178918261797,32.05207636794749,33.77722796407588,35.419134176037325,37.396721943919474,50.0,90.0,0.366977778440511,2.214355247456318
2022-03-01 10:00:00-07:00,1030.2916666666667,59.82289,0.1937270007414576,9.5,682.581160505602,42.07832842355849,52.81083195279458,147.26823132691086,0.0,392.5946903908858,849.367579706717,1.0,392.5946903908858,133.15194843894346,1.555632824413512,16.628184722222223,2.0090175166666664,821.7013056085605,821.5913354569758,821.7755440240395,821.5456517802326,822.0758574105041,821.862807004986,821.8336422229087,823.8433127767238,825.7387952319889,827.2782602570076,828.7953598715725,832.3321407457859,67.98187503272904,60.53242079856826,54.104740133231445,49.040324641791614,45.51102366634417,43.67666830244746,42.92176304380008,44.204256913594854,45.173164967615996,47.321904332832226,49.56515702306196,52.416659195724584,35.47498920462166,90.00000120741828,0.4598262389515055,2.042773927482666
2022-03-01 11:00:00-07:00,1051.0245,60.285338333333335,0.1901136854851196,10.5,761.2971529222104,46.20169376966934,48.16563158197038,165.6348528807673,0.0,487.6121419326833,795.2002935135072,1.0,487.6121419326833,147.15468461029374,1.2085477189221177,17.91831888888889,2.11410045,777.3723391567573,777.5043370115318,777.4319769618328,778.2769104882605,779.1402140278597,778.9891529738262,779.7375577039205,780.5524878902122,780.317331309431,781.1726997083911,780.9761396863158,781.8005887643416,78.00123977706573,71.44765048177368,65.4934005144156,61.18132848814651,57.806033912144414,56.550703604089385,55.84729072719615,56.835461998826624,58.94836720367745,61.70494541805584,65.39616072227228,69.43540926314316,15.490751645992578,90.0,0.6164585855339819,1.8934692804117834
2022-03-01 12:00:00-07:00,1047.430833333333,62.088235000000005,0.1911937941571131,11.5,772.707945921686,46.96632516250619,47.278086085866654,185.7546910589703,0.0,501.99279477592216,779.1959735022637,1.0,501.99279477592216,149.2211399520529,1.0814504686197326,18.77898627777778,1.9263750133333333,765.9217285765371,765.9211932754198,766.3140923083063,766.1567533386385,766.1278641733044,766.5215971108291,766.3204573359343,766.3201125966084,766.3197658907193,766.7128106002729,766.4698931654638,766.4698214037227,78.77442607352911,72.62158129523547,66.84350681639316,62.60385290699616,59.59578410111855,57.91608204620425,57.5413920207845,58.59115749778875,61.007272063767154,64.52854898438217,68.76804484579588,73.63468245122401,6.196767940203454,269.9999979086902,0.6960283623031154,1.8629858024994448
2022-03-01 13:00:00-07:00,1029.20905,60.919718333333336,0.1958911750519763,12.5,717.6157129970396,44.188344040340574,50.35277159841862,205.14513284705097,0.0,432.7547749545064,815.838307440479,1.0,432.7547749545064,142.52312915702703,1.3913967950984758,20.350879888888887,1.21750683,800.7102507554108,799.3879830920423,797.994324533687,796.7727230075175,795.3804924141673,794.1324401446778,792.4937650736655,792.6170658976972,792.6375117831315,792.3555900763,792.3802344828715,792.478853426062,60.353582882745286,56.92177057580074,53.86370881324152,52.23671270876859,49.97391756956524,49.10448988767025,50.23780347083202,51.4266165630598,55.093258767383425,59.48849718161269,65.97504389020686,72.76196583181854,27.14738802247517,270.0,0.5218594870538096,1.9673071276901697
2022-03-01 14:00:00-07:00,999.18895,57.20052166666667,0.2018243914580584,13.5,605.3512463445682,38.48255347605116,56.72927715541416,221.90344425381335,0.0,308.8883902371505,874.6597328726406,1.0,308.8883902371505,121.21468118671496,1.8272723516435747,20.509192833333334,1.4103273216666667,852.8259172743972,850.5203267817626,848.3395625233143,846.3366534210804,842.2028138092855,842.1739728969684,842.4404965366876,842.1421461275654,842.0317537744668,842.1374818294704,842.2409790509777,842.3133971549869,42.74811367622733,40.22721727107655,38.0459175490129,35.84650695074654,35.23667006561883,35.291024506104684,37.25150603041547,40.37346836514064,43.954397273011736,48.87584622396161,55.78892144535009,62.972877531156676,45.50764674391315,270.0,0.39332800662310036,2.1563287901021084
2022-03-01 15:00:00-07:00,935.7286666666666,50.63686,0.1766174065359491,14.5,440.0488980591859,32.51570112446157,65.40766565972939,235.746293697155,0.0,140.42281792091583,879.0892684541129,1.0,140.42281792091583,82.02832854962273,2.689011484131472,20.37970511111111,1.4435752616666666,861.8443713305446,859.6122036809594,857.3367721587396,852.6758493539211,850.4500937733203,850.1654539324286,850.0052985055308,849.5066723041591,848.9675515372177,848.8260830436645,848.3678078131142,847.8844956134293,29.264351374826628,28.08917965955057,27.21593675546516,26.270385440759085,26.15549998629111,26.489349861106845,28.581081647141758,32.01790485430557,34.89095784572614,38.68275316054785,42.01197698914,45.328691332122304,50.0,270.0,0.366977778440511,2.214355247456318
2022-03-01 16:00:00-07:00,785.59295,40.88355333333333,0.1490045320015074,15.5,237.11496809805658,44.464959293005634,75.53505338893744,247.33591224297118,3.108624468950437e-16,18.963873412931715,633.1765691132197,1.0,18.963873412931715,42.24319353154121,2.857142857142857,19.835798277777776,1.5023665183333332,623.0193143606018,621.6997142690111,618.9676836194524,617.5721499015489,616.1395162564685,614.5064284011207,614.3605049222741,614.214711058542,613.8967849185385,613.7293907081166,613.392961141233,613.2278388803668,10.432588421326882,9.16372645007498,7.933227849865663,6.96132829839783,5.762854944340603,4.602523921182306,4.4306590144403755,3.4683150658241733,3.350686564632013,3.250219592179725,3.2612398276458348,3.201188871691538,34.66618293354792,270.0,0.4656029104286031,2.0346629596540033
2022-03-01 17:00:00-07:00,260.6730511833333,17.615686166666666,0.0895841744767241,16.5,37.722547689052234,77.2684103931495,85.5761297443424,256.70791117471225,8.915094249952477e-09,7.538257207830389,84.71221995160667,1.0,7.538257207830389,4.0801994578764,2.857142857142857,16.449493333333333,2.9968694,63.422927561518115,63.411671343306715,63.54032035868363,63.51504001352709,63.6436872623527,63.64331711360711,63.60430817718162,63.73294712820491,63.73294584209539,63.68073419946416,63.809386443598754,63.809102576656436,0.6569799229643254,0.6789038391186093,0.6697875990096106,0.6635087485936128,0.6605411991062438,0.6670549688817563,0.6708415195785391,0.7214176780570707,0.7292728893510345,0.7403863957424185,0.7578784677193228,0.7713901294138845,8.540833964409927,269.99999669334886,0.6757428837975622,1.868232586808288
2022-03-02 06:00:00-07:00,107.48854355,6.088096233333333,0.3967126313668838,5.5,9.450931132131544,84.87164579233769,88.20717924177318,100.7436065121401,1.261108748179521e-08,3.898976708027903,15.69085327321406,1.0,3.898976708027903,0.005342999221318439,2.857142857142857,10.834382055555556,4.975064583333333,9.688352954227959,9.68835354976664,9.68835354976664,9.68835354976664,9.689706858201587,9.689706858201587,9.689706858201587,9.689706858201587,9.689706858201587,9.689706858201587,9.689706858201587,9.690566433351291,1.354561523989193,1.3231252047560766,1.299443277753188,1.2817884084813653,1.2707844638356807,1.266741845062117,1.2696737825772004,1.279277639932266,1.2961359127160854,1.3175601773891032,1.3432546369303275,1.372144838507599,3.395225271792928,90.00000585317723,0.7203884073372568,1.8588980904048076
2022-03-02 07:00:00-07:00,699.6103833333333,34.333945,0.2556512255738616,6.5,155.7129902721952,60.284041218814465,80.00889990921138,107.99823465021052,7.771561172376094e-17,16.194738176320936,403.44556972336886,1.0,16.194738176320936,43.13859336283942,2.857142857142857,12.477416,3.780162191666667,376.33986958479056,376.42780701520354,376.6055609165376,376.6933276513543,376.7677898809395,377.4687731249985,378.2175390763073,378.9216807886652,379.5992893105498,379.5331727219484,380.2331136600346,380.83722088932063,4.004665271064444,3.9383934003678216,4.220583791255016,4.30774157102144,4.311330637260584,4.789501162121401,4.824221520572724,5.191108868106515,5.422756133536545,5.792646196915515,6.064250358442671,6.691013222597773,20.863682123951996,90.0,0.5719271166204332,1.9227124462402856
2022-03-02 08:00:00-07:00,623.1192833333333,171.55821166666666,0.2041018642976793,7.5,390.5995819669601,31.350770827943865,69.41944311814163,118.86701543246427,0.0,123.44981467855501,777.2886416511075,1.0,123.44981467855501,95.38474042548268,2.857142857142857,16.792681833333333,1.14529244,737.1225713998991,738.9284162060894,740.6486317446156,741.4767156226914,743.1622822854126,744.8649587980478,745.6241856369471,747.269373427412,749.4038430679628,753.7219129567443,755.813251789032,757.8907796478761,31.822596385762015,33.81085855942753,35.47405488168537,36.60537649495388,37.33939993518081,37.69683243611085,37.91677666924433,39.07437922617783,40.19359871085298,41.524782812873994,42.75490983111184,44.06381966711163,50.0,90.0,0.366977778440511,2.214355247456318
2022-03-02 09:00:00-07:00,426.5681666666667,280.42426666666665,0.1986504066884839,8.5,493.8151045234662,35.18375801579855,59.983441305848835,131.63424568463444,0.0,260.21245001220547,679.9118450032763,1.0,260.21245001220547,120.74960309018898,2.108548039710863,17.2679725,1.9314289266666669,630.6134332056417,633.1337275699334,635.6196454102386,636.6036255166197,639.2054961510748,641.6482568553216,642.610339821938,644.9231327626154,647.1862879836915,651.9383890512913,654.1665939228847,656.3566755281424,64.7862414100415,61.95684601424233,59.56380429913586,57.11646746640997,56.07205005461555,54.75528457290416,54.32123126851914,55.12843476140479,56.418364721439765,58.37678489947695,60.22332990619169,62.26385556923416,50.0,90.0,0.366977778440511,2.214355247456318
2022-03-02 10:00:00-07:00,946.4753,161.5995266666667,0.1955727749863513,9.5,738.5179556843293,41.74236860949802,52.443454727357086,147.12287231563428,0.0,428.9165665999942,909.3195215572533,1.0,428.9165665999942,155.11238903636274,1.5500127936283805,17.9807565,2.5309859500000003,869.3676504612614,870.011098352013,870.1984150651672,870.6871565485886,870.9240163963943,871.2729853037156,871.8732820161007,875.11625243187,878.1522193236109,881.3384360456023,887.2269606789589,890.2610421366866,75.83710355922155,68.12603407024389,61.624691562545884,56.30587002093631,52.99141214493347,52.71134933098936,51.5713736515495,53.60633589183665,56.37584518114234,59.344503355885855,63.192914005116265,67.00502885259306,35.22201941140536,90.0,0.46162684422320865,2.0402195485579337
2022-03-02 11:00:00-07:00,901.20475,170.26403333333334,0.1923345765436342,10.5,775.8402989570242,45.83381353134158,47.781246974491204,165.6012621736936,0.0,497.380101187199,811.2063666918526,1.0,497.380101187199,156.09347500053607,1.2062028791768142,18.532277,2.48039015,787.6863118188104,787.9343443411193,787.9664590774587,789.5934242286822,791.1738513930333,791.0309865058883,792.4601776498391,793.9986595140945,793.6635197926993,795.2441146502237,794.9067556328943,796.3456097456899,81.05023643789663,74.82985358495863,69.18109329161416,64.95990506401193,61.82281174815578,60.83763452401316,60.19306831505641,61.41827982697331,63.783680868787684,66.52561661701041,70.51535644497295,74.77427304152064,15.326321584845124,90.0,0.6178419309187596,1.8927067632999979
2022-03-02 12:00:00-07:00,714.9726499999999,261.73485,0.1929430433782011,11.5,750.2470389722863,46.58172613741754,46.901083429549544,185.86311694432897,0.0,486.5741228248232,756.6564760878907,1.0,486.5741228248232,147.50386788694732,1.081892373423473,19.19872883333333,2.460946186666667,739.315677887182,739.3151999643408,739.910507780881,739.7306872891802,739.7319182650537,740.2983361934703,740.0408932970422,740.0405920660304,740.0402836256541,740.6357241523522,740.635541986853,740.3049655249997,77.87418248845523,72.07671448793866,67.44609047105787,63.76938439695488,61.181799370927585,59.7645345493512,59.497631924075144,60.6719586200365,62.752059599029266,65.89844474759737,69.66296253829228,73.97410228844511,6.230100824947868,269.9999956465915,0.6957391867799507,1.863048768741364
2022-03-02 13:00:00-07:00,877.7111166666667,170.82961666666668,0.1968657913603479,12.5,734.9110197550258,43.80845565531941,50.008557420884614,205.37070326225313,0.0,446.0013284457078,832.7245459698586,1.0,446.0013284457078,154.86672301783926,1.3898177113336536,19.69904111111111,2.5998998116666665,816.1057685368967,813.9051566289166,811.4127147403286,809.0611827536159,806.4791011262586,804.0095368313833,801.0946375554915,801.0284136755681,800.849415313495,800.1344642911972,799.9428664427757,799.8230372031462,69.96146044945034,65.53107105495498,61.489100077702744,59.82752658892481,56.61698096479578,54.81835616607513,55.83974639058434,56.10019660523276,59.605465456328524,63.047164195767635,69.34727305720516,76.70002299597802,27.057461890934494,270.0,0.5225580695005527,1.966592087673346
2022-03-02 14:00:00-07:00,665.5720833333332,223.49603333333332,0.1997941551493678,13.5,591.5430764351688,38.12013769071259,56.42840949529002,222.19208917197693,0.0,320.1689866932374,797.1045806927593,1.0,320.1689866932374,134.9060682233474,1.8217587358058693,19.89794561111111,2.165429733333333,772.8973616359573,769.9209146409149,766.8916914910515,763.1493223601636,757.569781677252,756.207235072768,755.4166609473916,753.7550979544055,753.1701656750013,751.9970147511111,750.5946530986897,749.1412705009275,61.351003908334484,57.98619460448856,54.903002333696094,51.44943115876306,49.28538485909957,48.10020645312508,49.658358303610555,51.504941790278146,53.77459538384917,57.82165923258972,62.19497431270762,67.43629370581282,45.340447623763595,270.0,0.39435207293349106,2.1542501143341264
2022-03-02 15:00:00-07:00,649.0324,250.5729,0.1848956814988632,14.5,523.3612681574299,32.13235624559693,65.14646590342947,236.0584500462689,0.0,222.2307984168655,865.0665105549735,1.0,222.2307984168655,116.27289234527917,2.672074059181461,19.828897611111117,2.271126311666667,841.709191939537,839.8243612584909,837.9019127932738,833.8581464310303,831.9791913228817,829.7043575126895,828.612856471982,826.1026375143571,823.5028948599719,822.3736835769405,819.7915631222037,817.1537312209608,57.050160558676346,56.05087230111317,55.301400159763986,54.425486709346025,54.31697504389153,54.59456164851021,55.53534404238906,57.68703801162249,59.3383026666164,61.93614538431635,64.15949787569826,66.51428220505362,50.0,270.0,0.366977778440511,2.214355247456318
2022-03-02 16:00:00-07:00,157.93536403333334,103.72917333333334,0.182362202440804,15.5,143.79628035688927,43.544683624600275,75.3038429177508,247.65476611000457,6.217248937900872e-16,56.98268310562094,248.10661122189452,1.0,56.98268310562094,31.770568629966895,2.857142857142857,18.28715888888889,1.5825176316666665,241.16737163860103,240.7098389402317,240.3041625320766,239.888386814198,239.4204383545123,238.9787466071179,238.0707640711463,237.58839148969525,236.6221595104287,236.1573503112966,235.1373441220362,234.64547504043304,14.549138062479116,14.084365311513462,13.63385102511446,13.174339379829258,12.718918874867537,12.568721570069199,12.152767928307844,11.752586557668844,11.685126478304259,11.374015381386343,11.138092241720749,11.248995357108356,35.37938650680322,270.0,0.46050606318992454,2.0418067042581614
2022-03-02 17:00:00-07:00,11.776238583333331,29.420925,0.1747802712131398,16.5,30.334593708886747,77.19264519472493,85.5501900486706,257.19377489102,7.985965580554759e-09,17.613410824137684,34.91720707662513,1.0,17.613410824137684,5.223587883761209,2.857142857142857,15.296497944444445,1.1712342433333334,31.31421228443093,31.355426960472073,31.316014566474795,31.35709605810468,31.317673368530265,31.315985624907466,31.356781554449263,31.317321972760425,31.317317849671202,31.35796235654179,31.318563173796775,31.317267727545595,2.6585677716836225,2.6060607037760177,2.5644632657222894,2.5334630961876843,2.519891510778633,2.5183773671091254,2.5328657802438705,2.5604066594000336,2.596117842809203,2.6435244612908244,2.6918826992057983,2.7497784446683746,8.574906968596606,269.99999692167535,0.6754488513450074,1.8683210810189266
2022-03-03 06:00:00-07:00,102.9652871,11.94197075,0.2880380955780621,5.5,15.339724263345863,84.58995128035865,88.10895214578412,100.32394696606526,1.942856441284451e-08,7.649023631016641,21.638205301960333,1.0,7.649023631016641,0.011633008314735174,2.857142857142857,7.574740711111111,1.2053713773333332,15.421087143879216,15.420777038067122,15.420777038067122,15.420777038067122,15.420777038067122,15.423431590348567,15.423431590348567,15.423431590348567,15.423431590348567,15.423431590348567,15.423431590348567,15.423431590348567,1.9260526029819094,1.8849211016806833,1.8511962171959992,1.8260851477543074,1.8104781694272023,1.8047911741420024,1.8090224950301803,1.8237707442427533,1.8467569540578943,1.8771859915304971,1.9136468708794376,1.9561747941404526,3.5771056714534724,90.0000093915101,0.7188041392016675,1.8590911184658463
2022-03-03 07:00:00-07:00,392.6027516666666,77.50906,0.2222856958603219,6.5,147.62584349959855,59.31813885016525,79.71208234437901,107.74630155497493,0.0,38.281161562824884,315.2335961167189,1.0,38.281161562824884,36.119212853178404,2.857142857142857,10.309059233333333,1.2376861083333333,294.75790105129846,295.2301752577978,295.4363055331638,295.65156722738755,295.83817812866727,296.46723292941,296.89680462427236,297.49396945137863,298.049434108769,298.14314466025286,298.5900006244597,299.0864371522013,7.788919184205563,7.776592466701644,7.7139414059436895,7.893912188728496,8.050475919653355,8.313821881890272,8.570565832017792,8.886348530663243,9.199434706796978,9.52816516007053,9.88716526062399,10.224820973549662,21.546441903652553,90.0,0.5663723653251753,1.9270226675249151
2022-03-03 08:00:00-07:00,781.4862166666667,133.49944166666668,0.210834496611102,7.5,412.2455787024859,30.970081588436532,69.10311502939577,118.62886707022083,0.0,115.22352876565903,872.0397215433582,1.0,115.22352876565903,101.53529745699026,2.857142857142857,15.141396111111112,1.679080465,829.5056417784837,830.91334280713,832.2236895511688,832.868743196565,834.1630968130986,835.493630262835,836.0808213035714,837.3596449976217,840.18212718381,845.8744319143423,848.6513583112564,851.4092113085985,30.44218694210601,32.7510926010257,34.51682640195357,35.53625183165169,35.994226763992906,35.95490314232893,35.77758993201161,37.23525390840351,38.670070635718375,40.379797820915755,41.998988622338736,43.74304689934054,50.0,90.0,0.366977778440511,2.214355247456318
2022-03-03 09:00:00-07:00,657.9816666666667,196.29746666666668,0.2056049175617353,8.5,528.8505506830099,34.86464648996959,59.64116780140177,131.42543485197092,0.0,258.4038528087375,795.6892199731226,1.0,258.4038528087375,125.29696007555262,2.0932139634190463,16.76528438888889,1.8130719933333332,747.3386778370552,748.7750773012804,750.1979638627174,750.6215380687769,752.2604087285462,753.7126559189735,754.1609529259325,755.4918970746553,758.6270742665847,765.0828101993002,768.1509749291334,771.1728031966912,63.51070731056767,58.95296224141582,54.962675824794715,50.984955793509826,48.83979202254893,46.38300530533216,45.11361116029207,46.271208315993526,48.13937758336778,50.8361025514411,53.440917574273385,56.32605067217459,50.0,90.0,0.366977778440511,2.214355247456318
2022-03-03 10:00:00-07:00,626.7919166666667,253.9746,0.1991238083688559,9.5,639.2290547043928,41.40508125813512,52.073877405700536,146.97756938328803,0.0,379.16841961668337,758.9922316865709,1.0,379.16841961668337,141.66657807083354,1.5444231030866917,17.393166833333332,1.78530238,717.4380968098689,719.3379505656716,719.9522649798424,721.3261331193272,721.9652844742064,723.2538941157959,724.0868417501061,726.9825285945494,729.7250563083323,732.5984340780657,737.9120680489492,740.3324773465828,70.20082599707015,64.63391887108166,59.20409903754368,55.17443883232154,53.035498013136404,53.2029729386081,52.580285459533755,54.48931361365405,57.074346944433174,59.79986372723629,63.19876628739336,65.57154206050959,34.96829841953121,90.0,0.4634384428780523,2.037673580159651
2022-03-03 11:00:00-07:00,898.3901000000001,172.33748333333332,0.1953048866777688,10.5,780.4956093708145,45.46441713938345,47.39484847480252,165.56958787067506,0.0,500.3530053632016,815.414469280744,1.0,500.3530053632016,159.2529063996501,1.2038463204251573,18.26980933333333,2.0181412666666665,792.1924492103618,792.4441217381683,792.4745319546895,794.1127170791042,795.5429434139674,797.1237336605398,796.9950970029968,798.1928000143862,798.2002466224361,799.4574487772087,799.4556569813758,800.4641656642704,83.49726990318848,76.43030345978872,71.25246466113558,66.3401011784416,63.222639418149534,62.09968728807626,61.444635606731175,62.4078919227668,65.09536252845182,67.87172763038095,71.97299487824277,76.33259547497046,15.160742842538054,90.0000020913098,0.6192360399857478,1.8919469459178022
2022-03-03 12:00:00-07:00,943.6796,122.50825,0.1958465100423309,11.5,771.8230975569819,46.19532657560745,46.52270601772904,185.97591162332677,0.0,501.2670927800522,779.4247389436796,1.0,501.2670927800522,153.86411515571112,1.0823653342571822,19.39729355555556,1.9952705266666664,766.4554289696225,766.8524431105918,766.8526293122732,766.211052656769,766.2114056308499,766.2117558222817,766.5411838303417,765.9299236686079,765.9284777926198,766.1862663724161,765.5448302994167,765.5453742512345,75.81125057401084,70.92058303423615,66.6587008300137,63.11670670119251,60.78823375209273,59.537825582556444,59.90168408265065,61.57404396142173,64.5808100647526,68.82749007273361,74.15357344511528,80.79881563003295,6.2657786643184075,270.0,0.6954296882293376,1.8631165374244048
2022-03-03 13:00:00-07:00,753.7389333333334,181.5815,0.2000590643655125,12.5,669.4539824947569,43.426319822263956,49.66392524970175,205.60183455049508,0.0,407.16198371683464,756.9377295430518,1.0,407.16198371683464,145.1697610535807,1.3882980021735465,20.07301533333333,2.0125505116666664,724.7658653718795,724.9386713855953,725.6020518062003,725.9646919785148,726.1907357930563,726.306364772564,729.2660452917113,731.8018020343728,734.4356179179231,736.8390254187016,739.368996848001,741.6183596829516,71.25666142828508,64.62439984157871,58.909745488530696,55.9874268020596,52.83209279464964,52.805876768266785,51.91129775364585,53.769175109637175,56.92646412058453,58.686480919202,62.398252521561865,66.68452923846074,26.970733027298305,269.9999987925817,0.5232323450440471,1.9659045485726345
2022-03-03 14:00:00-07:00,576.7318166666666,213.8324,0.2036652995760493,13.5,535.2686398864666,37.75508501113215,56.1278967866054,222.48590341170356,0.0,290.6525039599132,718.6554647029916,1.0,290.6525039599132,126.3581924110436,1.816385480281428,20.18852983333333,1.9549514166666664,696.2541942291682,693.239523518604,690.1712065162835,686.4368167215592,680.7242104451079,679.9631122114813,678.6783126577892,677.0977580141868,676.5452242792096,675.0371723877959,673.677424950344,673.654673818978,58.68224135629844,54.13796403606269,51.09898429939475,48.45343318655963,46.201359625732714,44.85321237471542,46.15937408892851,47.90760958493213,49.95940277514222,53.61545294838447,57.580122880022486,62.337283924753024,45.17627630197961,270.0,0.39536054137741505,2.1522149051140564
2022-03-03 15:00:00-07:00,544.4500166666667,175.97725,0.1909780322521073,14.5,407.0531384628101,31.746983110355675,64.88599524392673,236.37483152664007,0.0,166.71243296680356,705.0433441775031,1.0,166.71243296680356,96.23700434699552,2.6555413728787687,20.442441944444443,2.029601063333333,686.073826432779,683.4487939448691,680.778013368769,675.2407896166826,672.5640379567737,671.119071357949,670.4319539652327,668.7927696160504,667.094677011256,666.3795433396492,664.7104730278525,662.9973195957574,46.40144446945294,44.59438729404913,43.029599501990795,41.38200525114711,40.42048438613411,39.81893104920264,40.88371543082807,42.99793081988779,44.6764500817603,47.17894916046113,49.34005494291704,51.60695538558703,50.0,270.0,0.366977778440511,2.214355247456318
2022-03-03 16:00:00-07:00,214.5891333333333,126.47716333333332,0.1791263740481658,15.5,181.75129934502027,42.612754151357,75.07340998487504,247.976990925034,0.0,63.99938701522713,339.3538141037928,1.0,63.99938701522713,41.305947478740315,2.857142857142857,19.31416405555556,1.873421606666667,330.8205742752192,329.4436368230979,328.54731325464024,327.5840955746933,326.6414286609862,325.6744595150486,324.58476169439797,324.07916535442087,323.557380226698,322.4445476283297,321.2806164164616,320.72132812345694,18.76524984823586,17.8389029906369,16.93954397761554,16.055125848369375,15.166697517723305,14.28396478028275,13.814896728221271,13.371861504221188,12.953070675085534,12.931049394381679,12.647560610734933,12.447692043723745,36.10495683842996,270.0,0.455366871550383,2.04920394950196
2022-03-03 17:00:00-07:00,20.132220816666667,29.831438,0.1770155732664058,16.5,31.46777601560204,76.57176170186281,85.33788142999813,257.5190259054715,0.0,17.933884200062046,37.499810382455316,1.0,17.933884200062046,5.491554801767241,2.857142857142857,16.178038611111113,1.9461464083333333,33.46983278638882,33.46983177293033,33.46865098430294,33.46861170105697,33.468593227851535,33.46895595579041,33.46899730591403,33.469031883511555,33.46747216898326,33.46742508833334,33.46768841716582,33.46774418502718,2.8356978366398473,2.7793940886404034,2.7254790059768084,2.67912613455271,2.639992597460413,2.6132963156751856,2.5978172667057393,2.5980660692133464,2.61187211496744,2.640068082870674,2.686706282470475,2.7424759695667387,8.982857059722704,270.0,0.6719305295255098,1.8694077554484148
2022-03-04 06:00:00-07:00,78.92368348333333,12.939414533333332,0.2596998786884072,5.5,15.681943196026547,84.30210412127488,88.00862109641152,99.90416205724318,1.0158736437666259e-08,8.289133123125769,20.761264129920022,1.0,8.289133123125769,0.013946803644517888,2.857142857142857,6.81014095,1.297456781666667,15.689831167518799,15.6939329879193,15.6939329879193,15.69362905117707,15.69362905117707,15.69362905117707,15.696505322865313,15.696505322865313,15.696505322865313,15.696505322865313,15.696505322865313,15.696505322865313,1.8819459080382672,1.8417231772022529,1.8087793200329192,1.7842853454344878,1.7691051328823242,1.7636167467574435,1.7681554188400608,1.7822385548847497,1.804665030044386,1.8359630509314784,1.8714594022947961,1.9143166294538105,3.7628011337358775,90.00000512264188,0.7171869644179572,1.8592985713028438
2022-03-04 07:00:00-07:00,345.11772163333336,64.38182666666667,0.2419545799056593,6.5,127.79022759254225,58.335646104675014,79.4129155485576,107.49411115622388,8.548717289613699e-16,30.771790798989198,280.4699386189463,1.0,30.771790798989198,34.24100115822368,2.857142857142857,9.865382433333334,2.3271427833333336,262.70306175152297,263.0768920174619,263.26599036822,263.42755461447837,263.6002401453334,264.242958975077,264.8711183847795,265.4567441610855,265.97045539684405,266.015599108237,266.558166523381,267.06984496480464,6.632255390507891,6.793061556146424,6.721016892940809,7.0587775576314975,7.078623514605782,7.51330107240493,7.578205869522825,7.8336180177848425,8.18033371189832,8.729808131360514,8.840322908263929,9.422775659308593,22.24319772650627,90.0,0.5607306336997411,1.9315574057008016
2022-03-04 08:00:00-07:00,1.0544690666666667,113.82833333333332,0.195646144168659,7.5,114.20991939904552,30.588077571076422,68.78460486668335,118.39016411934455,0.0,75.24097971975608,101.44991737356526,1.0,75.24097971975608,31.572818824629596,2.857142857142857,10.588611627777777,1.57954935,88.1268132771198,89.7249206546147,91.29744720901729,92.02092911224194,93.55504227009673,95.05099715017778,95.73503048517404,97.19860633115958,96.813907268028,96.1355425522223,95.76514884415573,95.39982747209822,19.77935782425991,20.236805845661156,20.786664914646373,21.34480696326491,21.992248105985084,22.626734803428935,23.274948889019523,23.005422627903517,22.721468156028052,22.462272807909017,22.14690922954682,21.814894366657498,50.0,90.0,0.366977778440511,2.214355247456318
2022-03-04 09:00:00-07:00,0.3480875333333333,156.93384999999998,0.1965335006030326,8.5,157.11158037038223,34.546291121277015,59.29679436756539,131.21601561119388,0.0,105.5087670732587,134.09322466666976,1.0,105.5087670732587,43.77205499152966,2.078031655661488,12.5481465,1.2686315566666666,115.56459808808927,117.74080017522047,119.8843566904878,120.86436804138276,122.96040311482005,124.99973980731298,125.927568587742,127.92154071057521,127.45354153611396,126.64160473915871,126.18925935587288,125.7429795090849,27.642261637801678,28.10681012736372,28.7291555685449,29.384912743381804,30.217463668613213,31.039156306149234,31.906291134831672,31.58130792211177,31.252115404059918,30.968067049577794,30.607672907690258,30.227684578642194,50.0,90.0,0.366977778440511,2.214355247456318
2022-03-04 10:00:00-07:00,0.1625286166666666,156.59568333333334,0.1962601040432577,9.5,156.69641020241897,41.06654126601082,51.70222785064974,146.8322894468746,0.0,104.48751269291314,141.72651484873933,1.0,104.48751269291314,35.43759622607473,1.5388663399003883,14.22104061111111,1.82478312,128.8804137050434,129.72983577901232,131.49062875306643,132.37428625921612,134.0394923604459,134.78608042896727,135.54061768569846,135.2863670896738,135.77045051314255,135.44949181889513,134.1409949826155,133.83754286426648,21.152286509576225,21.320501556777344,21.153727695969344,21.619388119172367,22.176706647502524,21.5560715491731,22.255786512836366,22.264929641554616,22.22317314231715,21.68718504057772,21.587340426204253,21.493148569851137,34.71396418142085,90.0,0.46526005987881786,2.035137585870743
2022-03-04 11:00:00-07:00,0.2616329833333333,162.61603333333332,0.1952479684404905,10.5,162.7944446956355,45.09360011237184,47.00655825718644,165.53980838696728,0.0,105.8835028459326,158.20074180923856,1.0,105.8835028459326,31.153922669135653,1.2014798932948891,14.93848111111111,2.258294375,150.86751268476877,151.24694104941508,151.24587584038366,151.12819257161783,150.99302083294168,150.8928927052339,150.89181078099418,150.77104548836246,150.77206534416564,150.68739385128578,150.66469911565073,150.58504064504731,17.755189314274496,17.19559902949767,16.998523545950412,16.81887064803983,16.768192086678145,16.736634973743755,16.877254798797598,17.092298715284976,17.283905485321913,17.60873318948293,17.9642043300578,18.230555247723515,14.994148757788388,90.0000020913098,0.6206397999584847,1.891190604399029
2022-03-04 12:00:00-07:00,27.573670633333336,323.4906166666667,0.1975440149469172,11.5,342.59530812985497,45.80724084685602,46.14307445497888,186.09307799420873,0.0,220.54002579324052,340.4833579657909,1.0,220.54002579324052,66.43861784385894,1.082867920066249,16.432192555555556,1.3337529783333333,325.5024753249789,325.5023521834425,325.10323249505984,325.4697362610225,325.4700154876723,325.05728616945703,325.0572899661835,325.4298166659966,325.4297394814294,325.0306669736955,325.0306150144846,325.40884990738874,37.40828958502063,36.1127072824516,35.13131263541621,34.39468765783167,33.92421411328158,33.71092354324235,33.80982197442971,34.14609195589154,34.7461161251104,35.58884798912586,36.54809748708106,37.62279683030999,6.303676279249891,269.9999964798011,0.6951009567210167,1.8631889446357384
2022-03-04 13:00:00-07:00,482.54358916666666,290.12927666666667,0.2011466627038285,12.5,604.6739011967388,43.042071648064,49.31899180705563,205.83850799421023,0.0,373.17660805747715,665.8121090146233,1.0,373.17660805747715,133.96062252587964,1.3868356103171946,17.870388,1.9582185866666668,649.6433851478594,647.6794229578538,645.4565064125134,643.3549615912516,641.0337272306815,638.8124584537823,636.2117162029176,635.7305088034343,634.9425087030885,634.4077519626819,632.9782590166715,632.3887591059428,65.39150066126784,61.72564639400672,58.4782501239884,56.211724639744055,54.15091422956438,52.38066545316357,52.92034166190975,52.65091662828358,54.995039643490315,57.04760098484618,61.490406663902725,66.4817292049573,26.887108399523786,270.0,0.5238829786813015,1.9652435519072062
2022-03-04 14:00:00-07:00,883.81183,112.5107,0.2082788465873311,13.5,608.9314062867276,37.387536024729584,55.82783915311684,222.78482080909737,0.0,320.6824701194548,865.011070117056,1.0,320.6824701194548,134.9516318818622,1.8111484584694568,18.58935961111111,2.271353756666667,841.7664113312633,838.6208620594756,835.4212644916544,832.3422809236233,825.3261301144995,825.3721647726866,825.0752768905054,824.8383231021396,824.4201820851913,823.9062172030383,824.0911969810958,823.8141326011425,53.25589821210923,49.681073597152015,46.01255246803484,43.394526451810776,41.75866879587563,40.250861844161506,42.64956303666246,44.86759564330541,49.33202439022572,54.051335482547536,59.94559580962003,66.81264061131813,45.015088473249286,270.0,0.3963535156667311,2.1502223124740265
2022-03-04 15:00:00-07:00,456.5026548333333,118.08251666666666,0.1895309099417232,14.5,313.70301617210447,31.359703404366012,64.6263302841266,236.69534057828895,0.0,124.56038259431512,563.0358514076582,1.0,124.56038259431512,73.92404907758147,2.6394013321859657,17.107887666666667,1.82833572,548.560257601317,546.1288149292341,543.6566971873914,538.555664910319,536.0660950107148,535.1791162611078,534.7626538455286,533.7206301422578,532.643756664208,532.2044448922271,531.1579606420804,530.0765106490494,34.71385658366679,32.96587615878847,31.421731959544598,29.81880330409716,28.788772323560504,28.062551571731877,29.081179805937868,30.94051520026839,32.446467470843274,34.628522071635814,36.52017187080141,38.491934775818805,50.0,270.0,0.366977778440511,2.214355247456318
2022-03-04 16:00:00-07:00,380.2136897333333,82.88601166666668,0.1875272511152734,15.5,182.29335089097663,41.66852452371331,74.84380919593585,248.30247565712534,1.5543122344752188e-16,38.46277758506053,418.5350487362535,1.0,38.46277758506053,42.51502778037087,2.857142857142857,16.802731333333334,1.6404684233333335,409.64891565676186,408.4025982484355,406.92476971008836,405.6117252615528,404.23803829229297,402.86193414532283,402.5605732634792,401.91627555396906,401.60139724766645,400.88715464644986,400.1781853766146,399.8390832765412,15.143654269221638,13.930180668456876,12.753809419122284,11.926388418741118,10.760455797340581,9.624338224822246,8.523201236361,8.253938478264912,8.206550619875355,7.987050880232023,7.834094429230179,7.907386724746066,36.84381597136703,270.0,0.45018211551390475,2.0568698133827104
2022-03-04 17:00:00-07:00,31.90685853333333,25.599408200000003,0.1739575885923317,16.5,28.2059959254891,76.50205856099718,85.31407657320747,258.01035706034816,0.0,14.85564077199425,37.2348432084389,1.0,14.85564077199425,5.032966755987835,2.857142857142857,14.752077777777778,0.8322526983333333,32.33130238129126,32.33130248370942,32.31155159379989,32.31151948893025,32.31150312203562,32.28975820103718,32.289791946124026,32.26313775911647,32.263140920001966,32.26310299841815,32.2344545708345,32.20340565431814,2.3662860185145793,2.3174199783224902,2.2578113922530116,2.2200980360986557,2.189349237216132,2.166431367870276,2.153827253367862,2.1412222183589433,2.152445724895046,2.175389488600233,2.2133041590769755,2.2587009750267875,9.012794609536872,270.0,0.6716724900459544,1.869489474251068
2022-03-05 06:00:00-07:00,0.1121907333333333,7.7658507,0.1472402335929919,5.5,7.769949468246265,84.00840002895502,87.9062941487176,99.48430071126448,1.4309074620275573e-08,4.9756716633255875,7.768327772323579,1.0,4.9756716633255875,0.00923367140030384,2.857142857142857,1.0813941061111112,0.7517074650000001,7.3413717389430575,7.341371739865087,7.343833276523405,7.343833276523405,7.343729838418567,7.343729838418567,7.343729838418567,7.343729838418567,7.3454560909044115,7.3454560909044115,7.3454560909044115,7.3454560909044115,0.6408581581809933,0.6271577155824131,0.6159493429042561,0.6076288312771202,0.602172180050044,0.6005806096811649,0.6022708486525391,0.6070637723447686,0.6156781159434762,0.625734641061727,0.6387583765548329,0.6524175089478483,3.95213663021436,90.00000754032467,0.7155384444824695,1.8595208822619664
2022-03-05 07:00:00-07:00,0.2900728333333333,40.90602166666667,0.148363872416028,6.5,40.96081579903641,57.336227350084314,79.11152946411688,107.2416845783016,3.134134297813518e-09,26.964271709535048,38.42514959281741,1.0,26.964271709535048,6.197600364317388,2.857142857142857,1.2016913777777778,1.6720116483333334,36.152706836535806,36.49807017503873,36.65911949235873,36.821986482157186,36.97068053919262,36.89374555540321,36.80974672586327,36.7394105949635,36.89271610065797,36.6630934706403,36.59791872196034,36.529037282391734,3.780030782479942,3.67588827638,3.641723064325289,3.6383025557007125,3.5950768469718652,3.623505142170129,3.6091651520013803,3.6609013687816803,3.6559674949224528,3.7156729675167295,3.7172822338849754,3.7163276604331226,22.95445424288133,90.00000085377364,0.555000362876948,1.936327693232362
2022-03-05 08:00:00-07:00,0.4229395666666666,37.344035,0.1453931565539772,7.5,37.499289780556225,30.204888068631888,68.46404496157523,118.15090991897961,0.0,25.684380228831397,29.708135379104196,1.0,25.684380228831397,8.842902333416275,2.857142857142857,0.4209383858888888,3.0438345166666667,25.512161414674868,26.074392632798013,26.627905896612358,26.887401839724905,27.426828798499812,27.953236512236877,28.19891470285191,28.712295720727635,28.550527818343454,28.252284838970063,28.096233539196035,27.942384590896452,5.89806557432501,6.057216112374589,6.244997228068965,6.443909724132527,6.665939357223195,6.8922581007498565,7.119392443184885,7.007768124933065,6.891501040319284,6.775214917307937,6.6481727734464195,6.515400358133048,50.0,90.0,0.366977778440511,2.214355247456318
2022-03-05 09:00:00-07:00,0.48252615,36.67984833333333,0.1426807770753365,8.5,36.92872524096882,34.22884005778009,58.950454065694814,131.0059681587976,0.0,25.30962471790373,29.262365016253742,1.0,25.30962471790373,8.672921511081633,2.0630053530493804,-0.4776490823333333,2.699086413333333,25.088666338603204,25.641249944723636,26.185281627910605,26.440486236694174,26.970753997717733,27.488175579781313,27.729829573956817,28.23433527846983,28.085966046545266,27.81335648668224,27.670178647467804,27.529015551827992,5.759945023982192,5.914170995378066,6.0965701734817,6.29038457707332,6.507222281194364,6.728629718180735,6.951101391127989,6.849961662828834,6.744769079240981,6.639598016014327,6.524480046981971,6.404021536626013,50.0,90.0,0.366977778440511,2.214355247456318
2022-03-05 10:00:00-07:00,0.6187924,57.274930000000005,0.1439118221836247,9.5,57.66158399872297,40.72682219476737,51.32863539201766,146.68699448663637,0.0,38.6561464550629,51.03243083296019,1.0,38.6561464550629,10.180706824698685,1.5333450308822862,-1.939781561111111,3.27720225,46.388487354952375,46.7243632650973,47.40698601532406,48.0590359091608,48.39180817221422,48.68816838978582,49.292402827395904,49.14528871495278,49.020144191802814,48.87732120445206,48.31825685804286,48.183037027026316,6.3603924219108725,6.480346248530041,6.456173597733875,6.656896595589365,6.693852622445538,6.633192707056221,6.886390934777316,6.8485876340537155,6.6175160594151095,6.5609916919626174,6.494109710338459,6.419345583586821,34.459155235172425,90.0,0.4670907032107475,2.032613100759958
2022-03-05 11:00:00-07:00,0.9749935666666668,100.26148,0.143382068595692,10.5,100.93118188076853,44.72145594204701,46.616499033831204,165.51189678021504,0.0,65.66585862457912,97.75411108242716,1.0,65.66585862457912,14.10192533679748,1.1991055468068956,-2.0838290444444443,2.409767363333333,93.15481630910323,93.40373446695683,93.64975549338475,93.30540038783866,93.22745972959129,93.15461187520411,93.14246821125747,93.07390407050147,93.34217958995326,93.01235816591287,93.27542426154665,92.94464948096116,8.14881109394998,7.9047374946559525,7.8274855571860105,7.772297221019912,7.752033537360057,7.693729425904379,7.799203314343445,7.902464955467409,7.942280418254674,8.113294203073025,8.277087652369158,8.374065983840199,14.82667351987025,90.0000020913098,0.6220520870405815,1.8904384937114531
2022-03-05 12:00:00-07:00,1.0873545833333331,124.79700833333332,0.1437633753594345,11.5,125.55558664495692,45.417586418521914,45.7623088552091,186.21461386438565,0.0,80.66776791496123,124.32075936969922,1.0,80.66776791496123,17.435428994459627,1.083398238770606,-2.9002836444444444,2.8024403333333336,118.04694090512133,117.86584953158159,117.86586178015344,118.06364561786998,118.0636615562165,117.88715095190892,117.88715191775644,118.08858410246053,118.0885308896319,117.91689861035115,118.11469411321306,117.94828446217119,10.26922986852857,10.031649377687113,9.832392790386836,9.650153057200722,9.516483653802084,9.443354651786303,9.405121900252338,9.424860398225096,9.49826561692464,9.625413106872092,9.803675504572707,10.048227576882056,6.343666374514383,270.0,0.6947541006659202,1.8632658212741966
2022-03-05 13:00:00-07:00,1.0246313,84.92831,0.1415490489367955,12.5,85.6008811832979,42.6558433884056,48.97387215521202,206.08069908569462,0.0,56.72806127409797,79.02674051573551,1.0,56.72806127409797,13.286317955855473,1.3854285647635447,-2.908109655555556,1.7188200100000002,75.06224181591752,75.19256461770163,75.30726900587915,75.44725509970829,75.57481250284881,75.72882382299355,75.86108854407045,75.5089291233008,75.11944256668387,74.74239701409734,73.9327246160726,73.49677374188951,7.991468650358866,8.172654995521606,8.169740201348239,7.872646727012121,8.045192622665228,8.058903997320279,7.969535315737734,8.011220699327213,7.975390036454217,8.083983544866403,8.139594091114365,8.053400964662588,26.806490724582503,270.0,0.5245106730262812,1.9646081218615028
2022-03-05 14:00:00-07:00,0.8499778666666666,82.85384166666667,0.1441946245654614,13.5,83.33492796715471,37.0176325659032,55.528333889010206,223.08876938993512,0.0,56.73744760662715,68.94090456793,1.0,56.73744760662715,18.047634690565264,1.806043501453003,-2.670439255555556,1.620708115,65.55738119440389,65.2364292278187,65.47916132955005,65.68492065456682,66.15709635613104,65.6560182217796,64.58110845272223,64.0549749965182,62.926743461717855,61.78040460682313,61.22573160507725,60.04018215006138,12.839313060382711,13.021767768888063,13.184157564147812,13.343590347749688,13.493335465369935,13.629532082106678,13.159741242093633,12.688399134627993,12.269194308822028,12.232739376791859,11.871277647621133,11.595149141561068,44.8568341625103,270.0,0.39733114145134957,2.148271426741005
2022-03-05 15:00:00-07:00,0.6232428166666666,44.26357,0.1409728818050289,14.5,44.53318268191304,30.970639635820955,64.36754411669814,237.01987493342367,0.0,30.491239263298112,35.335823346837955,1.0,30.491239263298112,10.384762880744795,2.623641903249418,-2.5530049444444445,1.0469615113333333,33.25598330758647,33.42855201077232,33.60358382502178,33.937486365995234,34.11893362571921,33.50975097624174,33.21763966192917,32.59271498789212,31.95238148151766,31.64387229906787,30.986811306822325,30.31939839048825,7.682019031999102,7.829850577034527,7.971274058309713,8.100993369381868,8.230473233817065,8.354925008453801,8.08676060227785,7.819823576586402,7.558500464009724,7.324156430068956,7.103463999741787,6.916245585480087,50.0,270.0,0.366977778440511,2.214355247456318
2022-03-05 16:00:00-07:00,0.8233727,35.095758333333336,0.1443769900344316,15.5,35.3142008965726,40.711258648001,74.61509150075385,248.63110577048113,5.958839675043674e-09,23.665254003958644,30.862151441777723,1.0,23.665254003958644,6.470603220227988,2.8571428571428568,-2.523482405555556,1.8134079116666664,27.88874643881379,28.338350022850516,28.55191977536667,28.982947199417637,29.184023654117322,29.608910060632986,29.801088762372856,29.673456037748952,29.75481197740629,29.648318401502202,29.531474901174512,29.418758692647042,4.107077669912846,4.1978444603529415,4.314793058825848,4.323536542780391,4.476306834864242,4.642427777053236,4.5895556537550055,4.404760568855116,4.343834678593414,4.275149668887285,4.2024183627093255,4.34910031159111,37.59700958785836,269.9999987925817,0.4449480942684797,2.0648213698422344
2022-03-05 17:00:00-07:00,0.5898308666666666,6.820545983333333,0.14100080505248,16.5,6.868962603490898,76.43606370029524,85.29154384124145,258.50416147836097,4.8574205421791175e-09,4.396853773487562,6.827700597266435,1.0,4.396853773487562,0.9100507994302608,2.857142857142857,-2.837878661111111,1.816454495,6.481528443573363,6.475030659307909,6.468856778785842,6.4688657833330545,6.468864850167017,6.463772349239183,6.4637642390631465,6.459018322027853,6.459022535820751,6.459030254935595,6.45527418300684,6.455273946027514,0.5303126729906237,0.5194211197222298,0.510403668507861,0.5048989785322086,0.5022077663992549,0.499508215981619,0.5025279606429549,0.5081313142551506,0.5155083379705071,0.5245453657321202,0.5317932849309894,0.5436490109703763,9.040720244424413,269.9999979086902,0.6714318110569534,1.8695659443179173
2022-03-06 06:00:00-07:00,0.5203019166666667,6.729829766666667,0.99,5.5,6.751508077419408,83.16315512803537,87.61208767408039,99.22528705605612,1.1791883974550353e-08,4.314008104951205,6.7813600974197845,1.0,4.314008104951205,0.01040767923441579,2.857142857142857,-7.395309261111111,1.117227181,6.386501346742491,6.389349384248893,6.389349384248893,6.389349269369342,6.389349224217688,6.389349551495651,6.391483279646859,6.391483784862759,6.391483989530096,6.391483828259143,6.390879532382799,6.390879532382799,3.7229781731357745,3.643932408586875,3.5807132587667696,3.533833621306196,3.50570525848141,3.4967902470167562,3.506925928146126,3.5362052685163636,3.5816114143181434,3.6408021458426583,3.711387941317721,3.7952026480910748,4.5075443250695875,90.00000638905694,0.7107048187726319,1.8602358630209215
2022-03-06 07:00:00-07:00,0.5885240833333333,84.28178666666666,0.99,6.5,84.3960170760684,56.319505160323935,78.80805701522806,106.98903973619012,8.548717289613699e-16,50.70613737382324,96.42871528808494,1.0,50.70613737382324,80.98253299017419,2.857142857142857,-6.840609411111111,1.3237375666666666,89.22393694334622,89.90104942723335,90.11387638815145,90.41717600741444,90.61010488445186,90.3655459378981,90.23457133356817,90.022620689575,90.3312440787048,90.21651222866822,89.68818282986712,89.59404241550487,41.25146365744181,40.24777634554459,40.032848226676506,39.83931383406474,39.64049929519153,40.00945483212414,40.21144666838382,40.840675840507984,41.28640963256359,41.90766574861238,42.46799788387844,42.755866262681046,23.68076569474811,90.0,0.5491798178553904,1.941345380746671
2022-03-06 08:00:00-07:00,0.8027831166666667,164.28198333333333,0.99,7.5,164.5808711302182,29.820642553364376,68.14157034365802,117.91110447346392,0.0,104.06677366970233,183.1980818046868,1.0,104.06677366970233,152.1700900619919,2.857142857142857,-6.263850877777778,1.5258118866666666,153.9661199741824,155.54279377001137,157.08938699346535,157.4909430355733,159.0333588502853,160.50100099410326,160.86675784144285,162.40166539028493,161.48520711537728,160.2328548699021,159.3626435218241,158.50098220636517,84.1874855737417,84.45525295844871,85.11396663772456,85.3601870880237,86.31369192719052,86.77217563276716,87.53437571086573,86.58427851365514,85.57453852079068,85.08508095563523,83.9576091292265,82.76388911569163,50.0,90.0,0.366977778440511,2.214355247456318
2022-03-06 09:00:00-07:00,0.8361976166666667,198.53641666666667,0.99,8.5,198.9720552483271,33.9124398105125,58.60228227143933,130.79526862727414,0.0,132.10376845506624,203.52873151791073,1.0,132.10376845506624,184.5725542944027,2.048139058025774,-6.231443472222223,1.584797281666667,168.6567621437656,170.503712964469,172.33953580717778,172.7468950317616,174.6240698355051,176.36256276024528,176.73902230849316,178.56148920014024,177.49069395965466,176.0600198982595,175.01707728213805,173.98584511906668,106.76267664439732,105.40443716210497,104.95552617087603,104.33065489595043,105.13505074424367,105.45528527872344,106.36338418808997,105.35183331190753,104.40087288207138,104.13931024311513,103.10016417340235,101.98095379846764,50.0,90.0,0.366977778440511,2.214355247456318
2022-03-06 10:00:00-07:00,1.3449745333333332,349.3149,0.99,9.5,350.16217281922076,40.38599698319174,50.95323102440083,146.54164118284143,0.0,229.2836258933872,358.3011082528601,1.0,229.2836258933872,331.8055701624953,1.5278616294252418,-6.099680022222222,2.329573596666667,318.573840146643,321.1831281335993,322.01087344551445,324.3620016198914,325.2543761637058,328.3299280273808,329.0688877974072,328.11224013743714,327.9049457258018,325.00959473676414,323.94760345950124,323.66851426507475,184.38459468266993,178.23231172214378,174.67627198696698,173.02257015113307,172.02033538123843,171.4330116403578,173.35169376298907,173.1331189602558,174.75683850771452,175.3864646534818,176.8007165576071,177.23869044913226,34.204011077895935,90.0,0.4689293612479775,2.0301016343938816
2022-03-06 11:00:00-07:00,2.6290680166666665,440.4440166666666,0.99,10.5,442.2628868295002,44.348078356967086,46.22479416016252,165.4858202311766,0.0,286.68965803332674,442.1199702356287,1.0,286.68965803332674,431.45675421463534,1.1967251963698624,-5.041774527777778,1.73638921,419.3860455683898,420.3459436859465,420.27566065119015,420.7060781652158,419.81339776562197,419.79174753667496,420.2856243474736,419.352399467404,420.21883251188217,419.0225101711875,419.90759625007377,418.98832743141963,239.75862001533207,231.48850291036086,224.1668617645361,220.1332341022811,216.92268760633021,216.2855534778728,217.22257302735937,219.68178123179922,223.5659046759958,228.54276444777832,234.3450855987304,240.0467565410205,14.658452503231095,90.0000020913098,0.6234717636015319,1.8896913484998796
2022-03-06 12:00:00-07:00,2.004254833333333,359.2443333333333,0.99,11.5,360.6521118761536,45.0264779472911,45.38052882465457,186.34051138412443,0.0,232.11446439963746,359.19630989204387,1.0,232.11446439963746,354.86996679497423,1.083954739545758,-6.202375144444445,2.9639323,342.2744042362437,341.87213247316174,342.2932819792326,342.2936737529237,342.29407590749236,341.8969115333785,341.97061482172757,342.39040156422686,342.38895635577734,341.9966953238423,342.4182275241697,342.0324636043497,199.44867636233073,193.70638004627926,188.81746425580155,184.57312720240643,181.48447281847578,179.60984786912667,179.0720628173384,180.14849088668927,182.47351807054633,186.15367707179172,191.08309334027334,197.66557077399244,6.3856193502371825,270.0,0.6943902484005063,1.8633469917317707
2022-03-06 13:00:00-07:00,2.10606355,363.1696,0.99,12.5,364.56157387606623,42.26776963440812,48.62867956766102,206.32837700795014,0.0,238.27868942703367,367.5327164405847,1.0,238.27868942703367,349.58274958843384,1.3840747754869247,-5.781512266666667,2.072806425,336.0226112839348,339.05501325389474,339.7853198460967,340.4842498369601,341.9018953241081,342.4864459328873,342.4172493845326,341.54848883926644,341.3114313502703,340.5909246696574,340.5028055479327,339.83643699007666,193.55738645406598,187.61613547669847,182.79831529531717,179.45315200919075,178.17184493540086,177.98465303414872,179.16493031365908,180.72511876450844,182.64456798497602,186.68233225140446,189.76118332672215,191.25906204576094,26.728778443317722,269.99999914622634,0.5251161683800476,1.963997264809941
2022-03-06 14:00:00-07:00,2.01934665,316.66151666666667,0.99,13.5,317.8131320077811,36.645517797191424,55.22947526825313,223.39767099952522,0.0,207.20687370493636,336.1732275034753,1.0,207.20687370493636,295.649628012549,1.8010663982618578,-5.894684266666667,2.3842824966666667,296.41134043049817,295.8239794771231,295.9902354049241,297.2588241207896,298.97699931696843,298.47432520032953,297.97935352724284,295.45007663480845,292.85059764621997,292.24139166444667,289.8618373459001,287.3782348257189,156.39774763933755,157.18506620412154,157.90964824847902,157.68491917543727,158.77236111850914,160.0909656790913,158.74882608313683,157.52797810165737,158.76135103941095,159.73965332252195,163.26992763476628,168.6910948998724,44.70145774714644,270.0,0.3982936064552622,2.1463612796107605
2022-03-06 15:00:00-07:00,0.5299844166666666,192.09491666666665,0.99,14.5,192.32633404077055,30.579915210941756,64.10970612857528,237.34832738923316,0.0,124.04586391015822,207.66034542550028,1.0,124.04586391015822,177.91774635154664,2.6082511106453166,-6.355881283333334,2.419858,178.9031337514669,179.87573145349876,180.85735193224787,182.21713114104256,183.25359280838467,181.5081916694337,181.10869015163615,179.3943910904611,177.57861126612187,177.13304233713097,175.32592462343126,173.49744300111365,96.85944519768307,98.16524896203521,99.42776256425608,99.93944340541407,101.18043915444812,102.46369462841378,101.86263780719949,101.9609045408113,101.50719875904153,102.36173817524958,102.9132246627765,104.25801803563213,50.0,270.0,0.366977778440511,2.214355247456318
2022-03-06 16:00:00-07:00,0.36466345,114.508375,0.99,15.5,114.60651805506855,39.7401194606324,74.38730402051642,248.96276307730756,0.0,70.22373516313397,130.59537487017693,1.0,70.22373516313397,107.747257302708,2.857142857142857,-6.816375266666666,2.0095239133333336,118.01675776324004,118.48976676708233,118.71587503306861,119.25121457004049,119.18867263136447,119.75362391035151,119.11161084709572,118.11871396981796,117.83589805601906,116.82062129680749,116.47497454188323,115.476717292246,56.63001472725838,56.910666968209505,56.19225918140464,56.31978650335838,56.096230106318714,55.98516208807389,55.99982605273846,55.197161484515405,54.825677997584286,54.474100412541326,54.843627231367265,55.28695439513708,38.36572772892069,270.0,0.43966055400437254,2.0730779918182414
2022-03-06 17:00:00-07:00,0.4117748833333333,26.798608833333333,0.99,16.5,26.833911799305735,75.82092588170728,85.08178575975609,258.83711175418665,7.45650132740805e-09,16.938078009940877,27.53709779063541,1.0,16.938078009940877,26.222711123727805,2.857142857142857,-7.651160672222222,1.8769297283333333,25.824764824817848,25.757768642127346,25.80635791336413,25.739914611013685,25.778947495894748,25.71198908108881,25.76396146003085,25.697180617917045,25.69746570556467,25.742854271398027,25.676155804956785,25.67607622900303,14.395120645766704,14.105510044391709,13.884276772934726,13.708657103912351,13.642604543052268,13.65523856679888,13.72190732494952,13.866700475546045,14.061377804997656,14.306163097058068,14.575083127142703,14.871121165974591,9.443707014595903,269.99999669334886,0.6679607486083252,1.8706955727305707
2022-03-07 06:00:00-07:00,46.58617241666666,12.7898643,0.7517021008812799,5.5,14.817144155702595,82.85772415625527,87.50588500027034,98.80540746891722,0.0,8.200184039971502,18.56055301318184,1.0,8.200184039971502,0.02153952903074925,2.857142857142857,-11.696219388888888,0.6880499533333333,15.074696591947767,15.074694711709936,15.073325055470736,15.078737448179142,15.078737499552238,15.078738146460557,15.078739046692126,15.08279367675013,15.08279376472985,15.082793299487838,15.082792457823539,15.082791458852926,5.37506234854367,5.260897312555371,5.168458193768038,5.1009720404373216,5.060580045019703,5.045986923551018,5.062656175653152,5.104917217488591,5.170295718027885,5.260542029639111,5.3660565788489425,5.480394616496288,4.703922757920993,90.0,0.7089966283710126,1.8605110825840583
2022-03-07 07:00:00-07:00,70.67718063333334,113.92600833333331,0.99,6.5,128.0135878878094,55.28505344500456,78.50263400212214,106.7361912969185,4.317405769794321e-09,60.12883954619948,196.84143547181264,1.0,60.12883954619948,123.6480696709114,2.857142857142857,-10.308640583333332,0.8881556433333333,183.03238522712093,183.69531251202181,184.11634218583902,184.32844874882804,184.7259989616549,184.6548516487265,184.73553485434627,184.96589817970778,185.03543043917864,184.9673845924874,184.69303913928968,184.65319640236655,48.64304545231599,47.908272056131295,47.36816302046019,47.33495703441061,47.24367265917753,47.704814438699685,48.07632062641036,48.841041541471654,49.34112821467521,50.272325915768874,50.90691109939304,51.50614549644855,24.42274196088748,90.00000120741828,0.543267066129681,1.9466232383462707
2022-03-07 08:00:00-07:00,612.2493333333333,134.50164833333332,0.931723761736966,7.5,365.6630633566091,29.435470499487312,67.81731863074364,117.67074441174366,0.0,113.36246988685515,784.2379855041205,1.0,113.36246988685515,306.68568621353216,2.857142857142857,-4.776802746111112,0.5286834446666666,710.4528976255652,711.5335124407322,712.345491036205,712.5841407474304,713.5596200673964,714.6061845338689,714.8931857941258,715.7328851102462,717.4304622155139,721.6442532584857,723.74219019871,725.7891872338055,120.44167555718916,127.1021925118238,129.7555978164473,128.25395815352238,125.16171714363291,119.58892552068185,114.89679469846442,110.60999161088408,106.6898200858213,104.52797245951702,101.793147238508,99.70206727468413,50.0,90.0,0.366977778440511,2.214355247456318
2022-03-07 09:00:00-07:00,972.22885,87.67971666666668,0.8303447731772583,8.5,599.2452048279565,33.59723495391356,58.252416560261246,130.58388901903078,0.0,282.47546370765986,1012.6751955188054,1.0,282.47546370765986,434.7331841856135,2.033436546515312,-2.149065237333333,0.6315972033333334,929.0934091064304,927.7009387826645,926.3259667068357,924.2665284002674,924.4094367276869,923.5441773125333,921.9405610832914,920.8352665797283,923.0024411477752,928.6723174397466,931.0955759033668,933.4919187835196,248.8570040945701,221.9955451031425,197.6115829208023,173.23251685571125,158.44046249657714,142.0070627384645,131.8459787159909,125.35027967251096,122.8989281663499,124.61617185998585,125.74542160551304,128.1827950677955,50.0,90.0,0.366977778440511,2.214355247456318
2022-03-07 10:00:00-07:00,1015.73905,96.95712166666668,0.9127285910685272,9.5,742.0043930451054,40.044137195858966,50.57614727751807,146.3961807863381,0.0,435.45289427772286,947.9844025853758,1.0,435.45289427772286,636.442969908814,1.5224185379225323,-2.051172774,1.0661599733333331,888.9578826278831,889.8534283423484,888.7321484867921,887.5004399519046,886.9542388777882,885.55305271843,885.668339047484,887.3576108050478,888.8851628110225,893.2834010971028,894.0150978104701,895.9712900788198,351.43554183464903,314.16687108086387,281.4471238716078,252.04489062667514,234.48691956519866,223.03157072890386,217.42860738907493,219.1260774827394,219.6011078418865,225.0991585185244,230.6695880235248,238.71660908926978,33.94867204895241,90.00000120741828,0.4707750036400139,2.027604668973643
2022-03-07 11:00:00-07:00,1029.3611666666666,103.71518333333331,0.9203667688453828,10.5,820.9431744069168,43.97356089061865,45.83156746935281,165.46153987111143,0.0,526.0025997761143,862.4775019317603,1.0,526.0025997761143,749.8441705873731,1.194340742785558,-2.9498973444444445,1.4319479616666666,837.4575509582257,837.7848318937541,838.9238834611045,838.2156278842131,839.2308626652152,839.7400112737042,839.6314749925448,840.5961237957538,840.3806850107468,840.9345773668144,840.7902298444652,841.7788403192123,407.8622201250835,374.59554459442114,342.4000428357157,320.32034063624207,301.76138818130016,293.37676782514535,289.6615957418719,293.8524553165958,302.86127569660215,316.6264120041929,334.7858913508225,354.80085021590827,14.489622115867377,90.00000120741828,0.6248976794685955,1.8889498817548764
2022-03-07 12:00:00-07:00,1023.7753333333332,108.35888333333334,0.9063446712162592,11.5,832.304487025421,44.63403148012545,44.99785325668605,186.47075690562878,0.0,540.5381565377266,841.7877372966655,1.0,540.5381565377266,754.5853411647512,1.0845356388067804,-1.6392500803333334,1.261329675,828.0084084538048,828.0094640738273,827.5060005341088,827.5078020147538,827.5096132870469,827.7604536627421,827.9198476387983,827.4106448028674,827.5934430881651,827.5940138485008,827.0924131146913,827.2231645947282,377.9761889977746,352.21984092821486,331.0084767853098,314.03803155116253,301.796166485164,296.38384302691117,297.3233687302175,306.333307687211,321.2502096180981,342.3896384922383,368.8923236880983,399.4859397721658,6.429403518156142,270.0,0.6940105462606414,1.8634322733812305
2022-03-07 13:00:00-07:00,674.5244716666667,195.6155833333333,0.8790777620303291,12.5,644.4745296883548,41.87798630837821,48.283525301770815,206.58150456902035,0.0,398.1015701200375,748.9391478074424,1.0,398.1015701200375,555.3117426335231,1.3827720725174684,-2.231334911111112,1.239325855,716.8645035346261,714.2521716615621,712.2535734863546,709.669500429173,708.0875914774753,705.5048314231728,702.7539304238853,703.5139846849648,702.8514378145941,703.5883025052417,703.9202850767898,703.1406915242266,242.83354334663534,233.51127348505076,223.31536758012854,214.93902575468067,208.63905885192818,206.51042682638092,211.28140279378155,217.70409944607655,227.7833673593587,245.44866525569392,268.85007076513733,296.9619698769967,26.653865993367013,270.0,0.5257002404739362,1.9634099711493969
2022-03-07 14:00:00-07:00,3.0712029333333333,254.61318333333327,0.8144363420652098,13.5,256.37776584261286,36.27133597664803,54.931354339179286,223.71144137485499,0.0,169.08565266067757,257.2727375889013,1.0,169.08565266067757,200.66288849883995,1.7962129029086138,-2.9685030500000003,1.2093578633333335,229.7105065960883,230.62657640542784,229.39959243399886,230.38992035228526,233.29546101688393,231.1831575809006,230.52229749349442,228.19339870479482,227.37225961082996,225.03652121907425,222.7380488964639,220.35391268436825,110.15795527232989,110.84572484129328,111.457389330395,112.08015519072175,112.12739395421437,112.93860899234475,111.56430519126862,110.96330784710955,110.46099911584334,110.4558027431834,113.12758404583111,115.10895816041925,44.54889819972142,270.0,0.399241139213952,2.1444908478702422
2022-03-07 15:00:00-07:00,0.8481498833333333,163.71169999999998,0.7944615646525869,14.5,164.08546059491658,30.187654248287632,63.85288184976358,237.68058598009068,0.0,107.56105830882265,165.5905675088686,1.0,107.56105830882265,125.82793927449357,2.5932170485267383,-3.654943344444445,1.5426379756666668,145.040063834506,145.81911768804412,146.60625334098836,147.7590770107899,148.5807327903234,146.91441455084674,146.41132972132152,144.7641211417263,143.03672726148042,142.48971245470693,140.7508135082637,138.99081397114685,71.08690328922512,72.03149913590208,72.92852098823117,73.31331698777481,74.15396221891626,74.99747145467956,74.26901820960657,73.95174580066798,73.2906776691109,73.48543778366808,73.50775117241322,74.09033342568152,50.0,270.0,0.366977778440511,2.214355247456318
2022-03-07 16:00:00-07:00,93.07224851666666,139.29682,0.7434380861150033,15.5,164.70030470903677,38.754149059621085,74.16048995252724,249.2973259469066,5.80250228940219e-09,76.6824383601155,258.07675759602904,1.0,76.6824383601155,118.62054561029629,2.8571428571428568,-3.892329133333333,1.2407796233333337,236.67833830551803,237.89233933071836,238.3508395082855,239.571248074917,239.97363976459187,241.16124013110834,241.59440598013896,242.16792659796698,242.306329679545,242.20152763037237,242.12371723254307,242.29287499554133,46.897126441839774,46.25566546279769,46.412114185887674,46.84419206465177,47.051665794459915,47.621503389352185,48.219664269433686,48.563233628679086,49.00883074842797,49.19421570480068,49.94149930855511,50.016746038602676,39.15132977267079,269.9999987925817,0.4343146031543316,2.08166176719058
2022-03-07 17:00:00-07:00,206.77581396666668,49.875454833333336,0.6362740256351541,16.5,67.67605027153193,75.7613504143232,85.06149720427337,259.3355572302624,0.0,25.69286022311385,119.30744081730414,1.0,25.69286022311385,43.28705230520445,2.857142857142857,-3.8202764166666663,1.0733304783333333,97.87237650317095,97.87245783702417,97.82387362765924,97.81682476845981,97.81654130479355,97.76802235651249,97.74285984228393,97.69452552647556,97.67001420021283,97.62118043087636,97.57502946306138,97.52672799390527,14.695515254545754,14.407122538708258,14.133550375337368,13.895100078577402,13.65959321218651,13.51842050039533,13.442489629218223,13.430043323305739,13.494340386483682,13.630324485526039,13.845997697537877,14.128323177601885,9.46752638049753,270.0,0.6677557096337923,1.8707638697304958
2022-03-08 06:00:00-07:00,202.43885195,10.996250916666666,0.7302612295015986,5.5,20.186405306956427,82.54738192266694,87.39803853618253,98.38557798531394,7.294610462417732e-09,4.955014231111632,39.15648457722683,1.0,4.955014231111632,15.022161987987324,2.857142857142857,-5.3373020277777785,5.5550385166666665,24.04164945080038,24.041649751691594,24.041648689411172,24.040845730240182,24.071933525376497,24.071934001660686,24.071934537880704,24.07193482303395,24.03387291454711,24.09521870701228,24.095218124408873,24.09521749819524,3.1716665199249587,3.1046044678525955,3.0503768884311753,3.0108657981310714,2.9849616417762954,2.978848993116937,2.9886765395712556,3.0134920331932817,3.0538778139871767,3.1209325958822487,3.181223722619052,3.24796977988159,4.903409229057559,90.00000435340849,0.7072618961025244,1.860802645216733
2022-03-08 07:00:00-07:00,757.8663,42.277795,0.7588748890012199,6.5,197.31803643779008,54.232392220409174,78.19539875038069,106.48315072094799,4.662936703425655e-16,18.62601848966595,522.221128757584,1.0,18.62601848966595,148.93739209524355,2.857142857142857,-4.0114883,4.244892383333333,493.88201894090304,494.10718301143515,494.23890527051077,494.31972909968897,494.40779379068715,494.5206859459823,495.495997637406,496.4690324267001,497.36641711160485,498.2605436760918,499.08924024851063,500.0207283700104,11.652344781702329,11.492867376490791,11.930775025540168,11.883646525716316,12.523248237052282,12.590935125654596,13.374424079756345,13.509847213831375,14.362171370720459,14.760102677354169,15.461146006874134,16.360109270891872,25.181056236586805,90.0,0.5372599478075795,1.952175078284038
2022-03-08 08:00:00-07:00,940.7037,59.65391666666667,0.8005480088709623,7.5,419.7756330252124,29.049501111244854,67.49142968950375,117.42982305037908,0.0,106.77233516027484,975.0378190523692,1.0,106.77233516027484,296.5025710279245,2.857142857142857,-1.983009558888889,3.4052398333333334,903.2029897168079,903.7793167825618,904.0707657158919,904.152333497011,904.668058688514,905.2671399982238,905.4817872689364,905.6674237531425,907.530664454347,911.9857669725344,914.3251508733767,916.6108942533634,122.28691749747776,128.75959210338206,129.61434025018445,125.51850745556666,119.65732054945855,111.04173930932592,104.00667611424215,97.83621243791256,92.35709783408406,89.05380328324681,85.30978489502567,82.4607429672726,50.0,90.0,0.366977778440511,2.214355247456318
2022-03-08 09:00:00-07:00,1008.34495,71.59702,0.8432276900900089,8.5,607.4152395479085,33.28336784325217,57.900996379097535,130.3717972933352,0.0,283.64615539452325,1029.3965800222816,1.0,283.64615539452325,443.5138540827519,2.018901361368654,-0.3290189691666666,2.0368644666666667,946.8221299864937,945.2035554091224,943.604840283162,941.3917135621316,941.3896370966302,940.33545857767,938.6050051916968,937.2942495281155,939.1370670999452,944.2066375732779,946.337802899636,948.4471376846337,255.42022299838567,227.2053064605428,201.54452641756998,175.8979429225238,160.26069972631512,142.92246643135655,132.1540156359092,124.95339856271404,121.99857239496747,123.384766156258,124.18872920402255,126.36659461037769,50.0,90.0,0.366977778440511,2.214355247456318
2022-03-08 10:00:00-07:00,1034.887,80.21107833333333,0.833443508413134,9.5,742.6867279931997,39.70131564111534,50.19751790663972,146.25055920152607,0.0,434.8975746559657,942.6283310137829,1.0,434.8975746559657,581.9641108278242,1.5170180135456817,0.4259957847222221,1.80755854,889.5595007812508,888.8826950254766,889.248334596086,888.187651254318,887.5488976397903,886.3176620576222,886.3243570912065,888.0484325941095,889.4652331535169,893.3413704286246,894.0058500883569,894.7182675419061,320.744230437414,286.33737971364263,256.0511186074731,232.30649294187825,215.54191552008015,201.84950189733806,197.8312443350125,198.01247452609877,198.52427791295983,203.57874821407563,208.31656776692074,216.2628286543207,33.69327890048092,90.00000120741828,0.47262658450520906,2.02512365453572
2022-03-08 11:00:00-07:00,1005.9968666666666,120.44771166666666,0.7827305674298451,10.5,826.3494851974264,43.59799558173594,45.436942979759124,165.4390108746859,0.0,529.551457278362,865.1078944437859,1.0,529.551457278362,643.2432474056232,1.1919541358982808,1.7234786533333333,1.769583205,841.36451315063,841.6696809104028,842.0913122928404,842.1309046915997,843.1719692035734,843.7872124174119,843.698905780582,844.5573083339924,844.0294165405932,844.9108027142601,844.991305783111,846.0126686779291,349.4360220987507,321.29683813919223,296.5662065892516,275.1081729182007,261.4850671420576,252.48156795145238,249.44653736766546,253.0039652101627,260.77755170496636,272.169819212749,288.0039621993428,305.04682693222435,14.320319344108196,90.00000225887273,0.6263286758022644,1.8882147822659268
2022-03-08 12:00:00-07:00,826.3489166666666,172.57388333333336,0.6954243190225433,11.5,760.8099898022175,44.24036174467822,44.61440006354691,186.6053311561451,0.0,493.99252033027994,770.3174678062508,1.0,493.99252033027994,531.233397683652,1.0851392491433307,1.9587775955555555,1.47944579,756.4097378054893,756.2024026051186,756.9495494779894,756.9493973816702,756.659205956959,756.6627566419672,757.2995831445434,756.917979393607,756.9167162808584,756.915461223352,757.6639605495374,757.6631589287655,280.65653269414787,259.5213278207559,241.2345512305777,226.6554567445295,216.38769421432656,210.1985152226819,209.6972253098598,213.47813247118413,221.96251968630156,233.71608457503848,248.38348235748975,266.1939694780298,6.474885599572924,269.99999517032694,0.6936161542141671,1.863521476667579
2022-03-08 13:00:00-07:00,1009.16395,91.232505,0.5540357440711505,12.5,767.2993461139872,41.486627052901035,47.93851837589417,206.84003845208258,0.0,470.77553225675797,880.9988041676238,1.0,470.77553225675797,414.7111741635232,1.3815183397264823,3.090326216666667,1.3839040983333333,855.4570723784154,853.7139628330962,852.4329230594542,850.7862500125256,849.7592998116704,848.0697462113986,846.5636793283101,846.9913180380444,846.5590379718011,847.213537009106,847.5165952453117,847.1487777987974,175.33333126359514,168.06134260258742,160.30713101195263,153.89313440139776,149.25270521325612,149.3830601679423,152.17596820133232,157.8059002878636,168.3250913531553,180.8581144347888,199.86388802215114,222.48346716088162,26.58164432167483,270.0,0.5262636963326808,1.962845218945629
2022-03-08 14:00:00-07:00,1017.7105666666666,72.98123333333334,0.391310182626529,13.5,662.0285751215534,35.895232072586076,54.63405877335215,224.0299904883864,0.0,345.0277804772101,953.8746673607709,1.0,345.0277804772101,241.94344724589016,1.7914787468463096,3.3840997,1.44162281,917.5553266760039,914.856682002708,912.7181445748922,910.737752606988,906.4291927157831,906.7575907499461,907.4099249564075,907.1035646699703,907.720875078667,907.7084632790959,908.3096881637481,908.9344280916497,79.62104601338267,76.29292270555257,73.65028937602013,72.41997495564809,71.88477174561642,73.86320024186452,78.13579010137792,84.66314976655578,92.60593234338137,104.65876631369032,117.58890101613474,132.58001719803752,44.399089517678085,270.0,0.4001740065995474,2.1426590593100823
2022-03-08 15:00:00-07:00,963.1729666666666,66.32658166666667,0.2790730248762035,14.5,494.63033697787444,29.7939812815025,63.59713288925277,238.01653437643503,0.0,173.7586163407524,956.7679019709276,1.0,173.7586163407524,135.38673406679217,2.5785279020907668,4.083117588888888,1.646430635,930.1451102563713,927.5418472378568,924.8887290816092,919.4037226764246,916.8947812707787,916.602110898424,916.5137214455644,915.8345009764391,915.1225487467485,915.0035235959307,914.4372900408692,913.7992039968364,44.4999566132114,43.458711513294126,42.953075285090705,42.26742102043716,43.02403078477231,44.59101500286966,48.34679244197123,54.342919511587034,59.40990762263286,66.3943068270228,72.58641881839927,78.97012634166877,50.0,270.0,0.366977778440511,2.214355247456318
2022-03-08 16:00:00-07:00,787.9891166666667,53.509728333333335,0.229129718305028,15.5,271.5722559209318,37.752256502925206,73.934688584717,249.6346697106005,0.0,22.685756113756433,726.4976593410945,1.0,22.685756113756433,68.35569748233945,2.857142857142857,3.391323933333333,3.9552723666666663,713.5836688003194,711.8542320663804,710.0973069488336,708.281743426497,706.4524835407086,704.3828266902439,704.1998832773861,703.7943891050509,703.5791668627194,703.1553252139432,702.9554307464101,702.5191361011166,13.88595701348244,12.261400883794142,10.661468678702658,10.364823384733022,9.07021797779391,7.550787663927266,6.057306654658844,5.8879939015758,5.726504396006684,5.716117021500452,5.598647528556054,5.540333054117433,39.955374900734796,270.0,0.4289046113460748,2.09059800813483
2022-03-08 17:00:00-07:00,375.2547327333333,24.09851216666667,0.1890806678288759,16.5,57.76001291708481,75.14969718404365,84.8534749623576,259.6729518765055,6.414215617470058e-09,11.754453900142554,132.21879312664342,1.0,11.754453900142554,12.040750549452843,2.857142857142857,1.9862458472222224,3.7486308833333335,104.55516567430398,104.76261039974219,104.76266724381819,104.95097705634086,104.95095157454469,105.1185605146735,105.11706771986867,105.26469243621962,105.26473699956496,105.26475947710603,105.39277452065907,105.39155498531235,2.0657290114132216,2.0836974462984013,2.0517515940280693,2.032930296849314,2.0244297923557557,2.025949343234358,2.1274158939187955,2.147614548217944,2.174986174304422,2.208858985611455,2.2622459638720898,2.3944313304697147,9.867736295558942,269.99999692167535,0.6643128248827739,1.8719368725479
2022-03-09 06:00:00-07:00,0.2171415833333333,6.285255033333333,0.3433467251734463,5.5,6.295526704418517,82.23245390690433,87.2886671408459,97.96583676585328,8.48227666460542e-09,4.031383376740565,6.257339100962389,1.0,4.031383376740565,2.120647670105486,2.857142857142857,-8.527095522222222,2.4531527,5.92259184881826,5.920289111873386,5.920288704747418,5.920288017074683,5.908933664582716,5.918176037725787,5.91817623288439,5.918176297066862,5.9181762067394175,5.906821210211506,5.916823184229873,5.916822937281652,1.2050921650692012,1.1794216143540808,1.1569541441535482,1.1423262080040082,1.1338189339287377,1.1315114203459968,1.1352864667023084,1.1442101850420063,1.1592172406896408,1.1786907151929418,1.2016803303961001,1.2286761793625443,5.105817454595916,90.0000053318147,0.7055022859102904,1.861110822636355
2022-03-09 07:00:00-07:00,0.3121465,70.28011666666666,0.4514600954371461,6.5,70.34562032384727,53.16097662844694,77.88649165342795,106.2299264101191,0.0,44.2994373766442,72.76299071532873,1.0,44.2994373766442,31.307879596479534,2.857142857142857,-9.3003266,3.027683183333333,67.733318552562,68.32827847408456,68.58505733519837,68.88850228650313,69.13365982862832,69.36055066427403,69.24146842880744,69.06807592274292,68.94605558902732,68.78701486618328,68.68389324472581,68.58398337131628,17.1165392202067,16.81881877488468,16.63929477504608,16.494037940407466,16.54255055592554,16.55780363181467,16.744396245721106,16.842537828551905,16.971384524131427,17.235417177038332,17.387034314997646,17.452367313618236,25.956454272225898,90.0,0.5311560389500161,1.9580159012307277
2022-03-09 08:00:00-07:00,0.3835093666666667,181.81206666666668,0.4772066007496997,7.5,181.96090435333565,28.662863066312646,67.16404519945796,117.18833057965851,0.0,114.61267412800947,187.87874580212878,1.0,114.61267412800947,91.4542238945013,2.857142857142857,-9.375801877777777,2.899263435,163.04957464704748,165.18908356034112,167.29299482322045,168.13765581477543,170.2074915993609,172.2086091968163,173.00718873884577,174.99260495634098,174.33120202337335,173.32707346659907,172.69964824699994,172.07914889782697,53.193416226819565,53.67949417832515,54.326931864343614,54.780021250565845,55.61125236114756,56.22022043021606,57.01641029518421,56.32872844933924,55.62630153242696,55.18650545860997,54.44419600996449,53.67675277311397,50.0,90.0,0.366977778440511,2.214355247456318
2022-03-09 09:00:00-07:00,0.89893165,303.2955166666667,0.421689993043498,8.5,303.77787482004453,32.97097840570407,57.54816264915975,130.1589575853975,0.0,196.25251839171924,299.3048677836887,1.0,196.25251839171924,138.0154511347444,2.0045368012409113,-8.831052949999998,2.809335975,260.06864125435925,263.3883120088955,266.6642366755872,267.950657661375,271.22970363114473,274.35030660984336,275.57605607158496,278.6749157796593,277.8961311272137,276.7879310075916,276.03524825279635,275.2924563939777,81.77845831285046,81.03338245817555,80.9291006088582,80.83120086991781,81.77767269076068,82.49961566810018,83.66965434696174,82.85315066892747,82.18288486572716,81.94450634887673,81.29496526943684,80.62422805555555,50.0,90.0,0.366977778440511,2.214355247456318
2022-03-09 10:00:00-07:00,12.296055916666669,391.0747666666667,0.3763710493864854,9.5,399.00848527390065,39.35760294361817,49.81747754115132,146.10471722305675,0.0,259.6656795084533,392.296644643692,1.0,259.6656795084533,153.61782808725445,1.5116622718147243,-8.856180966666667,3.4994514166666666,359.0722305319372,362.54900084645203,364.0183583880695,367.25173788652484,369.0643768414294,370.37615268925714,373.34706523486034,373.2237115222214,372.7286313856453,370.35734820399,370.15321590677394,369.64469368195347,86.79910770658825,84.81232910332375,82.66482851234173,82.35835793802626,82.78374447761806,81.33155852340887,81.12183003117008,83.00347908200031,82.67857212020188,83.03953054308018,83.66653229688485,83.97753726954083,33.43797224050874,90.0,0.4744830466282266,2.022660003143481
2022-03-09 11:00:00-07:00,10.83489895,373.9100666666666,0.4250227762632367,10.5,381.56600685491134,43.22147519356518,45.041044591875135,165.41818274075493,0.0,247.2988043188462,377.0647812373326,1.0,247.2988043188462,159.9394191730661,1.189567224135444,-9.083411927777778,3.7182177166666666,360.2555908574145,361.0379179279807,360.79436865387,360.78635753327524,360.70048071052616,360.5000131333075,360.4985887988022,360.41810000310323,360.29689818628054,360.2358800777513,360.2438670968845,360.18253756897883,89.68296472826411,86.28963331610386,84.08846910897019,82.34587154746212,81.68490446395879,81.12158299571075,81.63056221348191,82.67225732133892,83.87270847117435,85.6770188672059,87.93396630171019,89.90216314125718,14.15068114555717,90.00000241483653,0.6277635902842509,1.8874867116153748
2022-03-09 12:00:00-07:00,2.0204061666666666,299.39713333333333,0.4302753507978064,11.5,300.84483919562325,43.84558468574549,44.23028593807532,186.74420959557955,0.0,193.56347686296598,298.80737016746286,1.0,193.56347686296598,128.02032756991312,1.0857636453785324,-9.753523111111113,4.163636583333333,284.60342523697693,284.94546823580754,284.5630522945836,284.5631765498924,284.9125522918388,284.91290932003824,284.50395257892575,284.50382772228545,284.85880617584553,284.85867394536456,284.4763936706735,284.47629430650017,71.59589175029132,69.57540439346538,67.92568103107457,66.70680222554985,65.87214711861968,65.62719628793471,65.82863315789294,66.49917319859664,67.62319258790887,69.04439925828514,70.72020412812212,72.69393471652155,6.5219313720826895,269.99999692167535,0.6932082402064157,1.8636144055733053
2022-03-09 13:00:00-07:00,8.867387333333333,322.19978333333336,0.4652641606639138,12.5,328.1797962817806,41.09382674233002,47.593765409770654,207.10392961746322,0.0,214.73645061890653,320.341893107034,1.0,214.73645061890653,151.5594659566572,1.380311377084665,-10.508435422222222,3.3171050766666665,302.1840378162124,302.34287768458097,302.7309312742059,304.12074562143135,304.58757212757513,304.80779037993545,305.2327777592268,304.3673572167905,301.8592817865751,300.86792710604277,299.52467989540617,297.05279265779336,84.31038304642053,83.45289057342877,82.80256082277589,80.74475437522773,80.58976597840649,80.00138949993787,78.83029414968532,79.57937938692741,79.42512981573198,81.05594967651429,82.32455771373205,84.95595384763247,26.512001532109107,270.0,0.5268073690675137,1.9623019785562006
2022-03-09 14:00:00-07:00,19.108114683333334,218.5730333333333,0.596946302619683,13.5,229.71320040824537,35.51735135236624,54.33767280148366,224.35322301034617,0.0,151.07446730137997,224.3115211759353,1.0,151.07446730137997,136.5114619123287,1.7868596548394269,-10.807545461111111,2.6612776966666667,204.5085532635033,204.7913175319215,205.5062944534106,204.96673254348656,207.46320045306402,206.7143547601503,204.61377943903523,201.856494436241,200.94952976167093,198.64943743456746,196.9350172314256,196.09405179986607,77.08951622479692,77.1727823704765,76.72914824280079,77.20595182354973,77.33145039550863,78.87848014355187,78.14621304388342,77.07071455093936,76.53865994481549,76.8307018471811,77.2751751062737,79.23970731274586,44.251961282559094,270.0,0.401092510475601,2.1408648000902026
2022-03-09 15:00:00-07:00,0.8052339666666666,97.12093333333334,0.7207046918616105,14.5,97.48220633457353,29.399020957406083,63.34251697217971,238.35605237258483,0.0,66.28022947925142,89.33487387167534,1.0,66.28022947925142,69.38178272918357,2.5641719764270148,-11.18711761111111,2.16943699,78.0486199371516,78.55786068027201,79.07303973033042,79.86380049105333,80.39173010084127,79.29329565715513,78.93321772150136,77.85576714544963,76.73021980063189,76.3413853881586,75.19950167152814,74.04508719534472,41.024924833722,41.56328539913678,42.054581457189464,42.26082085152317,42.67161765233659,43.05200568040455,42.42418576253015,41.94161845037656,41.30155113596544,41.08082276743063,40.79630248662788,40.83165133287515,50.0,270.0,0.366977778440511,2.214355247456318
2022-03-09 16:00:00-07:00,0.4859315833333333,41.29483833333334,0.7471718575454183,15.5,41.4311422732027,36.73318985073814,73.70993541082265,249.9746671274748,9.325873406851305e-16,27.9816877369589,38.26457204147092,1.0,27.9816877369589,30.046423997018174,2.857142857142857,-11.840092611111112,1.8337880816666667,34.49211872380618,34.69427130859434,34.552819804007896,34.77842593038178,35.017968480196956,35.00550300549423,34.747441049215475,34.57192093167979,34.148638437483235,33.689018402774124,33.528831220664976,33.07393616981012,17.44760258717743,17.60468880978995,17.64661283099629,17.754414073795633,17.554307521413552,17.528706046481407,17.635663462914746,17.4113929591899,17.1768180490173,16.999917162825614,17.178336879686984,17.254043201639725,40.77965991141539,270.0,0.4234240857852945,2.0999158838915624
2022-03-09 17:00:00-07:00,0.8144789,31.798401833333333,0.8105623858503984,16.5,31.871718042304565,75.09667693584872,84.83546705059398,260.1754668827233,4.473188499584247e-09,19.760902892747723,33.75825796407515,1.0,19.760902892747723,25.458124624208565,2.857142857142857,-12.5778465,2.032686276666667,31.41005178045752,31.37403449048739,31.374446801255253,31.353742920349376,31.353555765931645,31.334633166841343,31.32387857807543,31.30764479592665,31.30796594354799,31.30812230071873,31.293860989750037,31.28507091234512,13.746359172700055,13.466499033229079,13.226863035171904,13.091039240927426,13.029589723383237,13.03006879597968,13.100038704507265,13.233384923932961,13.430231946501186,13.66070227182833,13.917300709906742,14.189635964798546,9.88754075822552,269.9999977411273,0.664142560263383,1.8719961674729926
2022-03-10 06:00:00-07:00,2.3638914,17.776212383333334,0.99,5.5,17.892598986959957,81.91327027624621,87.17789138076073,97.54621950793847,6.805239225789469e-09,11.192714649484746,18.182986845661084,1.0,11.192714649484746,17.584391117809375,2.857142857142857,-16.123627777777777,0.3993552996666666,16.889660482513033,16.861027980767002,16.884711838399067,16.88470660146032,16.856083929846292,16.85609752643706,16.878381935124757,16.878382020331934,16.878380845486646,16.849750143449977,16.849748015535415,16.875471626879246,9.65224195142277,9.428545817273525,9.265910895967286,9.149147401560251,9.081372377968773,9.063141295487002,9.09045353313367,9.16981238981489,9.289942751899995,9.445764634164002,9.63889110811929,9.84213894142799,5.310959668088574,90.0000045177455,0.7037194748704666,1.8614358460321898
2022-03-10 07:00:00-07:00,0.5848667666666666,108.0657,0.99,6.5,108.1915302734547,52.0701884902956,77.57605471128096,105.97652391286772,5.079846351071579e-09,63.11629834167301,129.89041581471903,1.0,63.11629834167301,103.38493411372677,2.857142857142857,-14.951611222222224,0.9460892233333332,119.70946529754826,120.67969119940658,120.93751039414249,121.20229546912914,121.64312555795729,121.87181066723424,121.7389224938692,121.40718132834871,121.2498095992629,120.96486954301173,120.84605096142725,120.57400463654395,50.84835294005486,50.111981194734746,49.55607085241919,49.23357400305706,49.36758122569983,49.57716365447221,50.106186795649286,50.552465487668044,50.92800903197533,51.89918465889986,52.497637032987505,52.60311978356709,26.74976520166055,90.00000147877934,0.5249526091988586,1.9641620692339608
2022-03-10 08:00:00-07:00,0.6513446166666667,247.5166333333333,0.99,7.5,247.77285629711164,28.27568430080741,66.83530822282941,116.94625430275073,0.0,148.3554327543014,303.7932303238602,1.0,148.3554327543014,227.4580530823711,2.857142857142857,-13.811236944444444,0.9727228333333332,259.3946103220154,261.5561154505059,263.6677145630114,264.2006481221648,266.3338926554868,268.35476283000514,268.8669988020806,270.9137201166535,269.76340345994527,268.32034217509107,267.27141039898413,266.2304587973588,126.9080447993293,127.14166178509994,127.40372599623899,126.76673557256564,127.13830624909522,126.65799672418439,126.90806469737578,124.90843510048387,122.94727454451414,121.9401145667895,120.03232234215868,118.13610357113775,50.0,90.0,0.366977778440511,2.214355247456318
2022-03-10 09:00:00-07:00,1.10465025,354.6009,0.99,8.5,355.1993944125271,32.66015975191412,57.19405737555915,129.94533048994327,0.0,226.20029144194612,396.7949127280077,1.0,226.20029144194612,326.0857329457911,1.990727203525895,-12.076305611111112,0.8997372116666666,335.5341113905738,338.17941770898017,340.80742861079455,341.1918496276387,344.0477411229639,346.5684119089898,346.95864289962964,349.6008561162222,348.1763816911261,346.5234013147253,345.15427151836496,343.8028061945853,187.19095208970853,182.27378455038019,179.08402350848462,175.7434129796427,175.57296899407714,174.58412837647887,175.08552157469362,172.97965641755772,171.41717515045175,171.2983725397057,169.92549499413894,168.5462461606064,49.9429966327001,90.0,0.3672977215026658,2.2135934308112075
2022-03-10 10:00:00-07:00,27.985947483333334,440.3473166666666,0.99,9.5,458.5464351750692,39.0130669346486,49.43616134912741,145.95859084301645,0.0,296.4427303474773,480.68550405953414,1.0,296.4427303474773,434.2896673893201,1.5063534960104885,-10.385471,0.9175842,431.4012813893354,434.4735068342716,437.2404732827747,438.000247666482,438.8994784317405,442.5126928410534,443.16208671076436,442.2297958994478,440.3444373315382,439.1941584436104,438.9952954414331,437.86922417358005,240.88330434665377,231.80701663858494,224.17044343463485,220.3116078653566,217.57530412600238,216.07693824312761,216.3599774793403,217.339343305641,219.6611690522643,221.9462738735312,223.12443555469503,224.3021205319162,33.18289196654608,90.00000120741828,0.4763433258175295,2.020215083256988
2022-03-10 11:00:00-07:00,294.9896366666666,479.1943,0.99,10.5,689.0754950292892,42.844090856004,44.64399581729253,165.3989996192547,0.0,439.8377177792969,707.535663167736,1.0,439.8377177792969,676.7836055514465,1.1871818848283349,-9.315581116666667,1.052650146666667,679.0516347725286,679.2373943185779,679.9874462902421,680.5641245733227,680.0712195052337,680.7948118723932,680.7962868560307,680.8690711359786,680.827097383386,681.3946130352502,681.4521952398095,681.5298474918202,364.6211031707602,341.02720371119824,323.1734074271018,308.30955099366236,299.6257986334079,294.67106676569773,295.3722894935526,298.8404273389744,307.17941145502556,317.31722125435834,330.4176776113096,345.1205538485102,13.980843852103545,90.00000225887273,0.6292012622526086,1.8867663014519502
2022-03-10 12:00:00-07:00,58.394906500000005,456.66625,0.864338238209905,11.5,498.78117203519497,43.44981357770693,43.84562615517928,186.88736280824574,0.0,321.9047702750462,499.91626237383315,1.0,321.9047702750462,430.15519369378836,1.0864071295836584,-8.666404222222221,1.1308169983333334,480.83411662796107,480.8345888744667,480.9471945239253,480.9477918447442,480.720575824472,480.8111395283149,480.9235766200561,480.9218257345891,480.66478647709425,480.7767278819324,480.77764807520384,480.49593307559655,233.7947249850154,224.60746923999008,216.9193356345474,210.57767919638687,205.8020241937244,203.2785703615072,202.9689726557635,204.90310273247957,209.765935853427,216.41955867162596,225.03123274606094,235.24874494804791,6.570406309676021,270.0,0.6927879745672869,1.8637108581698292
2022-03-10 13:00:00-07:00,48.70228466666666,434.5654333333333,0.8559771831384279,12.5,467.624973391444,40.69971873072449,47.24937050871144,207.3731237229751,0.0,300.7414791990129,491.22654605654503,1.0,300.7414791990129,392.39473226101126,1.379149004364521,-7.849432277777778,0.9563262916666666,453.9762026236675,454.6131255986045,456.1007098000907,456.66127265157115,458.71137838914876,459.8462413787962,460.1335297683204,460.8517244377409,460.8958859071731,461.6021988140458,460.6875413083296,461.4504625342771,213.97604397076648,203.08909830281135,196.56494449784824,189.84746531304987,186.83506327465378,184.89544207866743,185.8452987988444,186.9727442803623,189.76810444981965,194.81220996005686,198.91377496143582,203.67865348960117,26.44482353745897,269.9999987925817,0.5273321126191635,1.9617792172079866
2022-03-10 14:00:00-07:00,95.952845,385.0234333333333,0.8527905880947918,13.5,441.3658057163094,35.13783900201936,54.042277194557975,224.68103877767555,0.0,272.06889713860227,522.830272399126,1.0,272.06889713860227,356.6638850722311,1.7823513607639536,-7.096667833333333,1.219018695,472.91406915560873,472.8280963161777,472.79158299155233,472.99051377667035,472.28015923746796,470.7738435469416,468.64947435989995,467.8328494983719,465.49604444238696,462.9603125907695,462.77204649263007,462.1319384093033,170.78039313953317,168.49930689952112,166.51015172311088,166.6150969918017,167.5765394908035,167.9865101210386,169.96700527844666,172.1614321168255,177.27636250117192,182.45854365524667,189.9969573660939,199.717413888055,44.10743924008598,270.0,0.40199698415296387,2.139106922216568
2022-03-10 15:00:00-07:00,373.87181,211.90186666666665,0.8122552680922009,14.5,381.1179467509898,29.002897764499465,63.0890880144357,238.69901636291237,0.0,178.18680244287134,635.4040854760015,1.0,178.18680244287134,287.2624473835363,2.5501377245995234,-7.140726066666667,1.5680346500000002,583.8525031593948,582.2348654458499,580.5738136246188,576.6986399876574,575.3417200925312,574.102845696417,573.8864868086064,572.1169733859052,570.2532191345886,569.9523563767937,568.3156826249395,566.5521749940808,113.21503378065005,113.89569006497277,115.25443649119936,115.88791092860454,118.98554018490066,123.22075458503257,128.22941214671084,136.76476638219478,143.66762594791888,154.05373997987016,163.14791371002926,173.00998986597634,50.0,270.0,0.366977778440511,2.214355247456318
2022-03-10 16:00:00-07:00,814.8144833333333,62.202983333333336,0.6978893054675555,15.5,293.8101145977657,35.69551389227714,73.48626227859954,250.3171888329858,4.662936703425655e-16,27.57048048962341,795.2466102017228,1.0,27.57048048962341,194.7851395719188,2.857142857142857,-6.6307128833333335,1.3617946533333334,764.7530804714763,762.8137453280543,760.7843481292431,758.8202354578111,754.9524587097328,754.451947847584,754.2918957914163,754.1155398190659,753.6820387524225,753.2197835272016,753.0570857145012,752.5965767270235,25.632847269345408,23.83033884242998,21.96819174604116,20.214504930074696,18.492502207561753,18.145875178444147,16.37703542209119,16.325958705829734,16.09513634996638,15.90625261568019,15.903817097566202,16.112847568765027,41.62626719050247,270.0,0.4178655149368717,2.109649221499448
2022-03-10 17:00:00-07:00,411.7503836166667,26.2911385,0.7426019733483752,16.5,64.83109353608188,74.48864173790693,84.62923668344429,260.51675580398035,3.997388271067875e-09,13.06257402604914,149.05382795525892,1.0,13.06257402604914,49.07857447003629,2.857142857142857,-7.916778705555555,0.924092805,119.42867210515217,119.65662466103518,119.64925378317601,119.86966897483104,119.83972500323499,120.06756721180614,120.01594386622195,120.00979388714202,120.16539364121982,120.16541717376444,120.39338637400859,120.30001058681636,8.525988197505034,8.3660427940489,8.241129305855722,8.159337228724976,8.112043186486861,8.191398901702518,8.262822464893558,8.350122861230219,8.467446810106647,8.6932704827192,8.881273874737394,9.047546825442016,10.285097360402936,269.9999979086902,0.6607268497767214,1.8732113460116975
2022-03-11 06:00:00-07:00,266.72553781666664,13.35984725,0.7074454887419341,5.5,27.900684884110593,81.03910585052238,86.87490795249545,97.28769060820962,1.7566968959719017e-09,6.136477542077748,58.33428395028683,1.0,6.136477542077748,20.122082498546202,2.857142857142857,-12.628253444444445,1.364639241,38.069820205498395,38.04457600670226,38.12568453453345,38.125684669624306,38.12568979502028,38.17220989908819,38.1722121709484,38.17221034201131,38.17220593527041,38.20868557384362,38.20868063729202,38.20772019013816,3.7954457851485977,3.7347542111940295,3.671222262786346,3.6213278111186677,3.596573938531359,3.5911599781394,3.6046249381089903,3.6366674206843883,3.6851517363054143,3.7468862343830533,3.8454517341973227,3.9282159341240592,5.883767121962622,90.00000120741828,0.6987446418602301,1.8624109570572835
2022-03-11 07:00:00-07:00,786.9045666666666,44.26892,0.7757701172936905,6.5,217.74610216937052,50.95932508452808,77.2642311231959,105.72294610109043,3.8857805861880464e-16,19.228517893156592,581.9929153782679,1.0,19.228517893156592,166.68652298261642,2.857142857142857,-8.612016105555556,1.2221932283333332,553.2217895033668,553.3280254281653,553.6169966472278,553.7140188132884,553.8039340952598,553.9361718943924,555.0726474842967,556.2590292109436,557.2658272083369,558.3315784485796,559.3186414212789,560.3018621981754,12.272475128825212,12.048251219669352,11.996706010403516,12.570466199943079,12.763492924885426,13.42735882952137,13.702887232649942,14.462856374988668,15.448113621383643,15.870014156569884,16.61801153394644,17.650338762753936,27.56191415072775,90.0,0.5186465737544264,1.970631509974793
2022-03-11 08:00:00-07:00,950.1412833333331,62.18212833333334,0.8323956426839542,7.5,440.9685225456493,27.88809180687414,66.50536282549876,116.70357883767855,0.0,115.89122614394529,1000.6571478613885,1.0,115.89122614394529,322.57762478336235,2.857142857142857,-5.013142811111111,1.4503878,923.758826039983,924.3061877993298,924.6573694656375,924.6207895309394,925.3018422362402,925.8961979395964,926.1321911819706,926.0938330856105,927.943708807889,932.6774867550317,935.084382855409,937.433377239451,155.18666592505718,156.61033512308262,152.1209407004563,142.9528188155175,133.41653576002443,121.19026755720003,112.09356154569299,104.22103336570214,97.54059702330356,93.81122532293932,89.5802785558368,86.55140463380833,50.0,90.0,0.366977778440511,2.214355247456318
2022-03-11 09:00:00-07:00,1013.7771666666666,81.904175,0.8735189411090631,8.5,636.4363425001981,32.34946844660862,56.838823306624924,129.73087328917677,0.0,304.01931726938653,1061.0076736209667,1.0,304.01931726938653,482.58593006386826,1.9786951953495535,-2.6593863022222224,1.5589499383333334,975.478386076136,973.6128952000533,971.6703985939018,967.665827824677,967.2601971473151,966.0211710911333,964.4965846007465,962.7355084340568,964.9566159494894,969.994582844553,973.5389712895569,975.8353553176063,273.60387710218816,238.37879121093795,210.64828272280343,187.48518098097705,167.92644027115904,154.02152124253882,140.52754170648677,133.33088271635515,133.67002959388043,134.0236656710855,135.7850431940063,138.87257543338097,49.647689536075596,90.00000085377364,0.368961250286763,2.209657038867358
2022-03-11 10:00:00-07:00,1024.6921166666666,102.0258,0.8751280317611886,9.5,773.5591446035693,38.66777926369859,49.05370474427193,145.81211147714873,0.0,453.90369055812425,971.9635099620019,1.0,453.90369055812425,639.1717561081498,1.5010936217718713,-0.7398897889277778,1.7521410716666668,915.1886801707484,916.2894141746563,914.9768845732334,914.1523678007861,913.3975998879662,913.757768737205,912.2553656560376,913.9411422251417,919.1949922108334,920.1437096923821,920.9290840779539,922.8199163684642,354.55880485498267,316.9804153336579,284.2150245817593,258.78332981701914,236.67456294745185,224.9789582766339,220.2404089206236,219.74384281871497,220.79377426405813,226.16832705955758,231.82242618069785,240.0840840794795,32.928176817403376,90.0,0.47820635448598225,2.0177902155000242
2022-03-11 11:00:00-07:00,406.80328333333335,424.9553833333333,0.8288314247071301,10.5,716.369581117804,42.46593299468446,44.2459195307584,165.38140055246276,0.0,460.8384291363225,738.6790777504584,1.0,460.8384291363225,591.9914006681676,1.1847999558875317,0.6146530696666667,1.5443328733333332,710.5770261760943,710.7196142172579,711.9016015378381,712.9606417834461,712.4493962024967,713.5365459255872,713.8724319221762,714.021876939424,714.2332347019051,714.8485576302685,715.0702377769348,715.3229217197983,318.023705313455,298.1886421096838,279.3781916838911,267.1233607986372,257.5873113253043,254.12085025532042,253.9784718660388,257.4451388125816,265.7531254131754,275.6080360731765,288.0846112771806,302.492638436585,13.810942697195792,90.0000017075473,0.6306405368144651,1.8860541515179572
2022-03-11 12:00:00-07:00,1000.3372833333334,125.74678333333333,0.7475467456427644,11.5,851.839940893321,43.053160391812696,43.46053437713538,187.03475679955645,0.0,553.174924635558,861.4757884565156,1.0,553.174924635558,637.3935445565318,1.087068037165064,1.2114862694444446,5.410735388333333,847.9532884633164,847.7738286287083,847.6506843263661,848.1573197338205,847.9786194778665,847.9830116280493,848.4881251623392,848.3515433573629,848.1049435408396,848.1036427570834,848.6089943040796,848.6079824526573,337.36518972908436,311.6871850938602,289.5027640032086,271.8047958458806,258.3724365906781,252.00840157743215,251.1508111668911,255.76596788852788,266.02611036750733,280.2707512194977,299.0477957224599,319.8183784082144,6.620176086702134,269.9999964798011,0.6923565256030512,1.8638106270014039
2022-03-11 13:00:00-07:00,1041.1028833333337,86.36873333333332,0.5847656060443904,12.5,797.6549151794468,40.304437126368406,46.90543513251411,207.64756145820758,0.0,489.1059644481144,915.5431738364113,1.0,489.1059644481144,453.6509020479202,1.3780289752072774,1.4641269,7.119762649999999,882.1423938568438,881.3918515887447,881.8350263678622,881.2758309700324,881.008094520459,880.9931269913694,882.3462064484735,883.9986928904547,884.9059789564549,886.3982106447639,887.6302558739595,889.3307920741815,243.83689309078852,218.9227056529722,200.39259573220923,183.9413702212653,172.286121359855,165.8284111708675,162.71527428814386,163.35364578449472,168.33874261697062,174.28378888159847,182.3618142195281,191.39347190254648,26.379994587773815,269.9999987925817,0.5278387974546915,1.9612759025483206
2022-03-11 14:00:00-07:00,1018.2629333333332,89.56685666666667,0.4385395849484077,13.5,691.7049456096717,34.75683979728776,53.74794920901708,225.0133331792177,0.0,368.23854035750765,990.2559151035471,1.0,368.23854035750765,283.14910961393457,1.7779496193048034,1.6444857222222222,6.8102239,949.1008268694493,946.7822664585375,944.5455993388508,942.6335806571233,936.9212339897248,937.6059922866149,937.9213871501819,937.9007776102889,938.268708174043,938.5569205791996,939.1725585961954,939.8696490185157,95.56327099270646,91.8223265369768,88.88013002603826,86.63966137670964,87.31777413326323,88.27391098116634,94.63105816394973,100.3034137269404,111.589147111469,123.46300515578264,138.28904320550586,155.30396136681483,43.96544576888028,270.0,0.40288778948016646,2.1373842495304585
2022-03-11 15:00:00-07:00,961.1253333333332,63.41463666666667,0.3540574541719575,14.5,502.1924605971093,28.60573578707836,62.83689614785924,239.04529974467636,0.0,175.365034459855,967.6718920349155,1.0,175.365034459855,167.3555668489574,2.5364137667196553,1.5840135744444443,5.5308771666666665,935.1522570756756,932.6279286061031,930.0518344161786,924.6943313419517,922.3252366963361,922.1576547980512,922.1686128643629,921.4971325279728,920.7870142651808,920.7497121774518,920.2352162929611,919.6292697225502,50.327078112275345,49.60442875833316,49.536378819897834,49.22775327625331,50.769319512458424,53.36121714328991,58.19822215429197,65.92093566750225,72.55122042474444,81.78662417587796,90.10194859020926,98.77485003138466,50.0,270.0,0.366977778440511,2.214355247456318
2022-03-11 16:00:00-07:00,840.9406833333334,49.408775,0.3086916417593039,15.5,291.5722242490256,34.63757431527036,73.2636974748174,250.66210371782046,0.0,22.929447611663957,787.9825888199906,1.0,22.929447611663957,92.82507170577209,2.857142857142857,1.6241988344444445,4.31235885,771.443796761024,769.6156586947673,767.7497371142866,765.6748041842563,761.8780362187755,761.4868440517139,761.3053554571181,761.1168950447644,760.6985618491867,760.265851422426,760.0727145693784,759.6293522156844,16.38814516863265,14.617379814675413,12.857322834910526,11.154413269355604,9.488557173343482,7.8396767377158145,7.62060353570176,7.43669951800715,7.263232627618632,7.269906245551295,7.14881731214813,7.081464965977043,42.497626896729365,270.0,0.41222016492989977,2.1198375390553883
2022-03-11 17:00:00-07:00,361.6551972,24.72251783333333,0.2885836156267874,16.5,59.86423235757097,73.88142978873366,84.42382147434488,260.85977995974827,5.448761345737158e-09,10.944003435388527,140.6469247872588,1.0,10.944003435388527,18.326170931213603,2.857142857142857,-0.0209345140777777,2.9374618100000003,114.01450460944912,114.02299318167921,114.22272455728266,114.41438719253564,114.41180405298904,114.58420458088379,114.58421407907355,114.53828543504812,114.737944815652,114.73582017763616,114.87099344597718,114.87093770071644,2.876009298948213,2.846591459383842,2.801132996226247,2.8340661913415692,2.8238479399201575,2.8262179940627608,2.8673803059357366,2.8962652555512296,3.0099777802390557,3.056717855624076,3.132843976953604,3.279997168369177,10.682146435836614,269.99999704244135,0.6573197895940389,1.8744722539413434
2022-03-12 06:00:00-07:00,263.85300851666665,22.60417431666667,0.427030078778239,5.5,37.50978129837546,80.71148713201438,86.76151778242748,96.86839022299819,0.0,11.411934663359192,69.7248302894504,1.0,11.411934663359192,16.444907665436975,2.857142857142857,3.774949511111111,5.6345264833333335,48.38023497067239,48.380224848223435,48.44253408659845,48.44253523208202,48.44101214544162,48.53400413477493,48.491656954018964,48.49165360630643,48.491647891503334,48.58462776536008,48.53135537393648,48.531351295278,4.279990737260818,4.190900888473227,4.113253542580302,4.064046260733025,4.03635986630176,4.030387350125558,4.045448624361533,4.081932507928672,4.165308279933133,4.234661982026376,4.318990396577245,4.407590309894056,6.094195337848496,90.0,0.69691833302496,1.862794152449879
2022-03-12 07:00:00-07:00,615.2909833333334,130.71867833333334,0.3476025207365935,6.5,269.63997442129073,49.82758370258823,76.9511649770062,105.46919324177709,4.036342910269012e-09,67.39410328904887,583.8523357954301,1.0,67.39410328904887,96.37753603786561,2.857142857142857,5.571841983333333,5.5752318,558.2178132299275,558.6897870928282,559.7321981988782,560.1692623629624,560.5798312781862,561.0635100199621,562.29762256728,563.0369997983188,563.8278741251947,564.1748085831341,564.9363469709957,565.6064695015142,20.486028184854593,20.397506083970473,20.236377672885524,20.508042470075075,20.821218631252876,21.521310288861752,21.989720402578254,22.47662747842592,23.11525260563619,24.04178902190037,24.509948613850593,25.380405972699847,28.393936929928515,90.00000120741828,0.5122344392378118,1.9774439583929675
2022-03-12 08:00:00-07:00,470.0168833333333,226.4080833333333,0.2846011576291209,7.5,416.27366028892595,27.500211410312442,66.17435378582041,116.46028619823589,0.0,167.7866059498268,723.9029006102736,1.0,167.7866059498268,130.8069640092379,2.857142857142857,7.429679866666666,4.00659675,677.3203411094152,679.5968913014898,681.8017946639914,682.7449564844984,684.972577487752,687.1195129242959,688.0772769210853,690.0369298574794,691.7549318026663,695.4952798654447,697.276232500799,699.0245517742811,66.8803715126659,67.29378533025519,66.67033608388412,65.10190070491431,63.746611561668665,61.779495244221465,60.623787614611416,60.01350015739999,59.69540656670781,60.149634300134835,60.398696398325455,60.91984158271735,50.0,90.0,0.366977778440511,2.214355247456318
2022-03-12 09:00:00-07:00,901.91085,97.005295,0.2440083003050501,8.5,595.0315798533462,32.038191447210195,56.48260366775066,129.5155400333773,0.0,284.66573138839294,922.7755487505228,1.0,284.66573138839294,146.64252853831795,1.9668523097755233,8.57936416111111,3.8175927333333335,879.650586865713,879.3465042616028,878.8688918168946,878.883490981917,879.3989607952624,879.2707436801752,879.3829128196351,879.1771396999249,882.7061833803848,889.2215950479331,892.5952958304586,896.0603130386024,74.577523637947,66.41182247802496,58.38726542647759,52.54994123926252,47.66172366661402,44.279652069260564,40.98872603881094,42.037446143231215,43.77827875835187,46.16634980453225,49.52379284144094,53.32990025486993,49.35259660565516,90.0,0.37063368372978284,2.2057406831226425
2022-03-12 10:00:00-07:00,1031.5391666666667,105.78446833333334,0.207034673887882,9.5,787.0044256764716,38.32180602539869,48.67024314273798,145.6652060130042,0.0,469.13693497896315,943.5294873857554,1.0,469.13693497896315,166.7238592713523,1.4958846312681038,10.937603616666667,2.7081236333333334,912.6119693439612,913.1278518025382,913.3709954723336,913.7887480182649,913.7576654971141,913.7751809065791,914.2959157203346,916.4979912535279,920.81723145899,923.0867176766997,924.9528391298234,927.0403492221185,87.33190637971248,78.36913239102527,70.7633135176227,64.73705500781017,60.523713508761254,59.04950101426067,58.327644103714476,58.6611647325549,61.00519101805368,63.43898905569833,66.32555037223105,69.69152157014759,32.67396410873797,90.0,0.48007106395293925,2.0153866703892303
2022-03-12 11:00:00-07:00,824.455345,167.64475,0.1831403315122238,10.5,762.2361487075254,42.08709073672633,43.84693773777803,165.36531950449447,0.0,488.4511987966413,791.0353658124717,1.0,488.4511987966413,146.0989526127784,1.182423260469006,11.456586166666666,6.058757016666666,772.493303320914,772.5131351021074,774.0831523826196,775.4170250091134,775.3451221144379,776.7791341740242,776.5124672643476,777.9207212581032,777.6363142732389,779.0475147396735,778.5936185757052,780.0174737981885,75.02675191544853,69.02080776729507,63.67194899013902,59.86481615899171,57.16028654602751,55.77958252182482,55.93720803728741,56.862999158744934,59.143509942512615,62.39281645218815,65.92336219518171,70.13853697911703,13.641111565867464,90.00000190909591,0.6320802670942399,1.885350828792276
2022-03-12 12:00:00-07:00,1056.3681666666666,112.39785,0.1786897648736544,11.5,884.0313601791847,42.65573821838199,43.07512243170401,187.18635309034903,0.0,574.1625186658583,892.4435452097924,1.0,574.1625186658583,160.11959457243876,1.0877444433971595,10.890917055555557,9.237944766666669,880.5390710807532,880.4945435005602,880.368881335209,880.8681010920893,880.8696265321602,880.683702183083,881.1823519385665,881.1484730985234,880.9025685023729,880.9022657055142,881.4010650389396,881.4008105434765,83.79435366804859,77.36199660264084,71.80781151979673,67.37347566043137,64.01118124198847,62.522946264732525,62.30507318479359,63.500537482568674,66.02440743203934,69.58702962576724,74.28829395403265,79.62625728958214,6.67110685041019,269.9999982924527,0.6919150571983914,1.863913499099643
2022-03-12 13:00:00-07:00,942.58405,145.18151666666665,0.1851010055324659,12.5,793.272626030617,39.90811386787738,46.56205789852843,207.92717870149642,0.0,487.5494046099766,893.6588449719826,1.0,487.5494046099766,155.49836509420817,1.3769490810506522,11.977249444444444,6.855259966666666,880.0609423745414,877.6640096367961,875.6091632119281,873.3639637297738,871.2282684447837,868.7837122924354,866.374622570845,866.1433016869975,865.9883181848352,865.6605111308442,865.2572944457073,865.2255559752094,70.40299715090727,66.03027563166678,62.43316261961956,60.12694847894903,57.14990256291135,55.85177720840721,56.4827671521937,57.37813453085921,60.718730407775084,64.68199562064531,71.0676396838559,77.87883739217182,26.317397573363852,270.0,0.5283283080199571,1.9607910044093337
2022-03-12 14:00:00-07:00,267.88938966666666,213.37856666666667,0.1876538700439113,13.5,372.8952544928007,34.374497833226336,53.45476244153953,225.34999740535946,0.0,216.482421515154,461.12745165751784,1.0,216.482421515154,88.07647662016663,1.7736502113656676,11.970032166666666,7.255726800000001,446.47919716788965,443.7067679051268,441.61510406486036,439.53975640330236,434.8604928674772,434.1935091613921,433.506598893279,431.74002151400015,430.03883395312613,429.2369681653322,427.51900610913356,425.7726851253014,45.883240273188584,43.61593169558529,41.49237823211229,39.48723515452153,37.98032397232671,36.773179567218946,36.76664215391512,36.89409514337492,38.59346785397974,39.795143794627705,41.54762080539794,44.1533605993107,43.82590015945439,270.0,0.40376531507820773,2.1356955812949066
2022-03-12 15:00:00-07:00,6.255269183333334,224.75675,0.1828850807404815,14.5,227.63678162598978,28.20765848005475,62.585987638179006,239.39477321139904,0.0,144.7031831052399,220.20137183607753,1.0,144.7031831052399,59.01705077981319,2.522988895558196,11.097254111111113,9.030473416666666,208.81989020150456,209.31189743682035,209.80999462956925,210.6908328152021,211.21549006582558,208.57753557348553,207.34037405411135,204.62336260207576,201.83581768322523,200.52515053254177,197.67482814733557,194.77650301402883,39.70613941393778,40.17124775563996,40.62944857330944,40.993906111725536,41.453848394932066,41.92911517865787,40.916877512339916,40.0266872313033,39.10086341545298,38.434808285122045,37.78288685619156,37.325758324884696,50.0,270.0,0.366977778440511,2.214355247456318
2022-03-12 16:00:00-07:00,277.045308,130.54453333333333,0.1801718831901399,15.5,211.34928074742888,33.55745464958725,73.04226569083988,251.00927921225826,3.824005986118043e-09,66.37404145786472,418.29134537983373,1.0,66.37404145786472,49.9651457268819,2.857142857142857,11.322957722222222,4.385587316666667,395.7964180968159,396.4365906254758,397.7687176252448,399.07763188303306,399.6882197420969,400.9474477362544,401.52598297545677,402.72152432732275,404.6095774794936,406.37285363000467,407.5890310588625,408.7256367490288,14.86610895963788,15.174130250131254,15.158967055014855,15.59865368163707,16.096007843862086,16.632471218363015,17.209702467419966,18.288050701106393,19.406618412834092,20.523629926187485,21.654558683307638,22.82032513624827,43.39659894521447,269.99999914622634,0.4064778097954149,2.130527402209383
2022-03-12 17:00:00-07:00,464.3066392666667,45.52196333333333,0.1685570935103193,16.5,92.28801950647426,73.27501638835362,84.21923184913396,261.2044077698498,4.281420255535573e-09,24.99387607122909,192.72967935844923,1.0,24.99387607122909,16.816130256470764,2.857142857142857,11.383597555555555,3.627817483333333,160.43601314225236,160.4905996746736,160.7265241797434,160.7265084907685,160.94406335336618,160.9439462743287,161.13658889497802,161.13671667944737,161.31117352486893,161.31112574405364,161.3082482105663,161.46172972285592,3.8146198713970043,3.7366824478193283,3.776437039189493,3.7428239395802843,3.7276755315687375,3.734429126406907,3.8357236336847,3.9088614248352522,3.962994431568346,4.024784383427032,4.227395845335562,4.303121956001732,11.07876881212409,269.99999758516344,0.6539208343676396,1.875778920712769
2022-03-13 06:00:00-07:00,295.11694040000003,13.321453816666669,0.3794844140406195,5.5,30.581579130156552,80.38063149844804,86.64710202871827,96.4493016068053,3.2953181852357322e-09,6.007828058054259,66.73242809365811,1.0,6.007828058054259,12.048761253559443,2.857142857142857,1.168709689461111,1.1208323466666668,44.43863227259161,44.438628850622955,44.534489392271205,44.49692068714717,44.496930333625876,44.59207594976058,44.592075856868036,44.54357474646861,44.54357179739246,44.63943462445728,44.6394322196991,44.58071758851065,2.022837602449197,1.9777237273561745,1.9451286436447035,1.9221659093757542,1.9092629107748107,1.9058138708850356,1.913678316329276,1.9580056114207527,1.9835184350119388,2.0178195757038795,2.0553703283652798,2.096764931020755,6.306802780882371,90.00000256132094,0.695073837889675,1.8631949375498227
2022-03-13 07:00:00-07:00,785.6136333333333,37.57329333333333,0.2221737994561201,6.5,219.1440382124259,48.674049717819265,76.6370010540993,105.21526292933146,6.217248937900872e-16,17.39358565587709,585.1055071408628,1.0,17.39358565587709,53.31905345765124,2.857142857142857,7.152603333333333,1.1911165883333332,564.4523882706449,564.5837568551642,564.8461127581138,564.9818513474257,565.0975337416013,565.2137001339228,566.5442258399225,567.7026148390703,568.8373283383694,569.9224423981805,571.0437372097683,572.0894481998816,3.6571729413851575,3.672943127679915,3.659986000807624,3.726438541328177,4.439902334485072,4.583738064413824,5.312891136901095,6.2090817630081965,6.454599820000316,7.206400523359864,8.179738649751087,9.190517902754047,29.2469972924898,90.0,0.5057122420939486,1.9846212440300715
2022-03-13 08:00:00-07:00,937.3055833333332,49.704211666666666,0.1971382424030986,7.5,433.2941917841012,27.112167511338434,65.84242641136842,116.2163557127127,0.0,118.18759027492487,926.9655894591085,1.0,118.18759027492487,88.1150712370224,2.857142857142857,11.0250031,1.1983592616666667,895.6609568848378,896.1477016414228,896.5888444703793,896.7504368249631,897.259133675099,897.7353928887206,897.9701299744864,898.252482575189,900.4319078097442,904.9583367484454,907.1982238462207,909.3971650132619,42.220264563188564,41.7402902617257,40.06676546494446,37.4472960019593,34.9516157358055,31.854725546802126,29.663730691663016,29.110963889406253,28.916902832155465,29.502095815006275,30.00181454856979,30.832869790444565,50.0,90.0,0.366977778440511,2.214355247456318
2022-03-13 09:00:00-07:00,1005.0266,57.086173333333335,0.1910586840014759,8.5,617.2629157271823,31.726374392532982,56.12554198096786,129.2992814326733,0.0,297.41683187420347,951.5676885357088,1.0,297.41683187420347,116.31659609411456,1.9551995168273906,11.883322722222225,1.702039138333333,918.8822293181926,918.8748385697213,918.80685736613,918.4641314564855,918.7976401088913,918.8964328513882,918.6520366749148,918.6753235813935,920.855830877195,925.5627362709254,927.7819272249176,929.9713538239489,60.12323639769722,53.4690647419982,47.60237314187399,41.89379433188174,38.51684410355898,35.020313506526186,32.87994356341263,32.73640950022496,33.856740601991184,35.974266819465456,37.996915265458256,40.34679644807995,49.05785693171827,90.00000085377364,0.3723141601158451,2.2018462636800176
2022-03-13 10:00:00-07:00,1035.7361666666666,61.65537666666667,0.1851217697632071,9.5,750.8486418650609,37.975214211653245,48.28591177397471,145.51779663168298,0.0,445.70493484618106,900.3910428703364,1.0,445.70493484618106,139.89915534753322,1.4907283463093308,13.321771444444444,1.4742433866666669,876.7642232463234,877.0013016698588,876.9752299389077,877.2659082761127,877.1308009406341,877.2507646523832,877.0728364294583,878.933319614511,882.1796690736743,883.8847532681312,885.2345348318221,886.5518468411051,73.81981617440445,66.0540433544267,59.32007911726434,54.007058878133215,50.18648977917546,48.49159561876563,48.32895509128006,47.969345907897676,49.78855964953944,51.690990347740765,54.02615062473621,56.71898227311642,32.42038967748478,90.00000120741828,0.48193638525285987,2.0130056681772324
2022-03-13 11:00:00-07:00,1045.0191666666667,65.55249833333333,0.1826167609384834,10.5,824.2455560027992,41.70765295797587,43.44717135176249,165.35068513206045,0.0,527.8403273896399,852.0651833641074,1.0,527.8403273896399,152.8318474810389,1.1800535335684912,14.120026611111111,1.8425010383333336,838.4663791099509,838.566984832493,839.3139157949814,839.9445019408278,839.8995060672848,840.661179400961,840.4719166946884,841.0631473373543,841.0540574884619,841.7866083176291,841.5087436409235,842.2631971250709,79.93015471038844,73.23095849252341,67.0732154454464,62.78258283292638,59.93117846503009,57.947778952774094,57.85715895606229,58.85161674918669,61.162679181893786,64.4795790670104,68.31423748009878,72.89418108257773,13.471482987584611,90.0,0.6335193144360982,1.88465686775162
2022-03-13 12:00:00-07:00,1044.7255,67.59283333333333,0.1840441599454465,11.5,835.5066754311674,42.25765632202337,42.68950004741722,187.3421085560936,0.0,542.8138116609917,843.4300804918875,1.0,542.8138116609917,155.34624772419124,1.088434714191088,15.13548311111111,2.1458511716666666,833.6486905655443,833.605320066121,833.4952698238061,833.8913896322761,833.8928930582351,833.7370671709524,834.1324291979428,834.1316813441086,833.8973280851841,833.897051439863,834.292656250354,834.2924010179009,81.39132094108983,75.00008960142432,69.4791063695701,65.06789635023594,61.832281020053095,60.20181517182138,59.976154218108185,61.15522337063874,63.64772996978502,67.17446206380072,71.83255108412277,77.07449896686157,6.723065229728635,269.9999959054454,0.6914647287078484,1.8640192555408124
2022-03-13 13:00:00-07:00,462.44432208333336,173.953115,0.184135359833751,12.5,493.91814653605854,39.51087853342584,46.21933429915599,208.2119064762505,0.0,305.77569916558286,552.1206362340507,1.0,305.77569916558286,101.56659955230899,1.375907148008288,15.207685944444444,2.3735379350000003,542.3829034236749,540.3290604981144,538.4368905209147,536.3950641677276,534.3972654430561,532.1783283684387,529.9654273357035,529.6372629182436,529.3585515220691,528.7614292932053,528.3088095825333,528.0788306021161,48.857472584092534,45.65297372036205,43.13528829170396,41.52246762661751,39.16817303597772,37.9674790545201,38.08779884720041,38.14962634638283,39.86424095198525,41.69039945724806,45.21379185886435,49.098304090305135,26.25691408353067,270.0,0.5288015421043752,1.9603234946743666
2022-03-13 14:00:00-07:00,64.93251701666667,274.7334666666667,0.1859340027997531,13.5,313.66333808118486,33.990956309456024,53.16278657133291,225.69091854899244,0.0,197.62485978031384,325.30917723324507,1.0,197.62485978031384,75.509094817943,1.7694489428246887,14.876387444444443,2.42532065,312.0524874630669,311.6603202548927,309.9206471612631,309.3607185366931,309.7835646019329,307.2172187929059,306.0058527984273,303.25567725715104,301.98203328443003,299.1443217674466,296.29556598983396,293.3819859061639,45.634335938863586,45.04113675868789,44.47908129989432,44.03323180375036,43.55870310323534,43.31728168147224,42.39349001852541,41.714453316552465,41.25150813978529,41.93979673626773,42.24058695602579,42.69471845060174,43.68871868167837,270.0,0.40462997588048455,2.1340396931622663
2022-03-13 15:00:00-07:00,4.9868459000000005,154.92033166666667,0.1837037909420429,14.5,157.23562143577664,27.80878846095316,62.33640467036244,239.7473049258883,0.0,103.49206706168177,140.23584675885064,1.0,103.49206706168177,41.70505691475891,2.509852067813379,14.318870944444445,2.357890466666667,132.20803436729884,132.643905840787,133.08554573051254,133.88645903482802,134.34675264365063,132.38625220967572,131.46597148372447,129.45361978739683,127.38912712094219,126.41515648965293,124.30118906362016,122.15306072242679,28.815670028933326,29.207111863168933,29.584152160026832,29.89320283288853,30.249289604270032,30.6022454418263,29.785521271870596,29.02365074832963,28.248360903310882,27.633744184540866,27.041555257935254,26.59039813079655,50.0,270.0,0.366977778440511,2.214355247456318
2022-03-13 16:00:00-07:00,0.1608717833333333,51.56778666666666,0.1794800948784136,15.5,51.6152987692693,32.4529222014298,72.82198784284647,251.35858146777943,0.0,35.132732310777904,42.855192640917906,1.0,35.132732310777904,12.456583686567807,2.857142857142857,12.819301611111111,5.11538895,40.439579135783205,40.59147732655179,40.77611644741658,40.622530324538985,41.327219400627904,40.68575998048611,40.376187210433436,39.70295858127309,39.37455566951376,38.6768602000356,37.96459834823823,37.622872191718834,8.684486455067614,8.820673425262873,8.959528972431173,9.089116881830599,9.200364541774599,9.316708473117263,9.00959319778662,8.719239204340166,8.448408975249734,8.209040660774985,7.995174706120861,8.044790341508415,44.326582825316,270.0,0.400626369252629,2.1417742356940277
2022-03-13 17:00:00-07:00,0.5933236166666667,17.558654999999998,0.1675282984007088,16.5,17.620514831056408,72.6693673110415,84.01547498299655,261.5505071461644,0.0,11.361661382320102,17.297119363335085,1.0,11.361661382320102,2.805624458418062,2.857142857142857,11.516136111111113,3.564769983333333,16.387480793039188,16.44354696290989,16.44359637534147,16.400486316138828,16.456531071093483,16.41644902753329,16.472415203367603,16.432508028672697,16.48860338419798,16.45210326263398,16.508050726895746,16.527395190264556,1.6667908974211703,1.6327863567431615,1.611198634956111,1.583994928115651,1.5607152682380232,1.5506538201203557,1.5397788926426472,1.5378642040974824,1.5428690170302606,1.5596167839859194,1.5924035984364495,1.624176819458165,11.475052320168915,270.0,0.6505293812270236,1.877131436799357
2022-03-14 06:00:00-07:00,247.0039973833333,14.458783083333334,0.2818011224997799,5.5,29.40124322206816,80.04688110518498,86.53178505679553,96.03045055633932,0.0,6.636227926817147,61.694221487991314,1.0,6.636227926817147,8.78182946197795,2.857142857142857,0.6867838836701666,0.9285645448333334,42.26010105796833,42.23311708257542,42.333984654212585,42.33398782372548,42.29478716268545,42.29479329564822,42.39506592934433,42.39506380107275,42.34429256155854,42.3442901925693,42.44516008368501,42.445158267618524,1.6656895260206057,1.6318255980764265,1.6054913845278767,1.5867003250933154,1.5750918381562846,1.5735084613085124,1.6087291828235044,1.6228692089044252,1.6450072316847741,1.672035915874444,1.702718262819353,1.7387750946272351,6.52139931588661,90.0,0.69321285322725,1.863613350864538
2022-03-14 07:00:00-07:00,757.2641833333333,41.60732666666667,0.221689772313071,6.5,220.67534312326643,47.49767564700355,76.3218847244893,104.96114988042183,7.771561172376095e-17,19.33734022336899,584.564072367247,1.0,19.33734022336899,54.1719730031261,2.857142857142857,3.759772661111112,1.5119608833333331,564.0167288018146,564.1655171736332,564.4633782130709,564.6026015192657,564.7493618727927,564.8817150934071,566.3302122427175,567.6146401634544,568.8481407797028,570.053700316876,571.2055300481254,572.4254979353999,4.118917099363149,4.073606444174384,4.1285682836076365,4.125854964507861,5.003823982466918,5.039338704905132,5.977867543603783,6.97612745143769,7.034260142146949,8.080906215820374,9.156335875232697,10.27195071342071,30.122407527276156,90.0,0.49907547667368396,1.9921876361204944
2022-03-14 08:00:00-07:00,916.5663,55.61821333333333,0.1988667795614903,7.5,435.57047377786046,26.724082770765435,65.50972643078069,115.97176379218358,0.0,120.46234290785468,919.6082464791346,1.0,120.46234290785468,90.6484516155771,2.857142857142857,4.68855865,1.9934168116666664,886.7477975944207,887.2858027113,887.7847854237943,887.952218592523,888.53118143747,889.0586734471042,889.3239214463531,889.6395683140695,891.9921858279093,896.8872979756014,899.294224601322,901.6585933154322,44.29066725499885,43.17761162388534,41.05250778356646,38.07563792310216,35.4093757302818,32.16001424957407,29.92783353145298,29.50527223503337,29.46958759266709,30.2489243242627,30.95851242362941,31.995227774779146,50.0,90.0,0.366977778440511,2.214355247456318
2022-03-14 09:00:00-07:00,986.2478833333332,63.66583666666667,0.1934977920281626,8.5,618.4779715185455,31.414066614707494,55.767781943396216,129.0820445687632,0.0,298.83294972903127,946.4231350478203,1.0,298.83294972903127,119.42678897607827,1.9437374326019392,6.241472577777778,1.7654082283333332,912.3617148822239,912.4130741855998,912.3890329772255,912.361534681556,912.4603441576429,912.6369387570697,912.6801917864791,912.4863251677743,915.0493868914001,919.8861676913235,922.2764720015059,924.7016769094288,62.095184279616326,54.49272609356576,48.60103251516227,43.638770687042204,39.47496785105048,36.65551940066995,33.86323024434093,33.83483071096916,35.6080440337737,37.3875444020521,39.57939819406258,42.104764998709086,48.76360856807243,90.0,0.37400180482839857,2.1979756333590945
2022-03-14 10:00:00-07:00,1023.6198333333334,67.68945166666667,0.1869870638447084,9.5,753.9402274811724,37.62807137086318,47.90084552231224,145.36980041121717,0.0,447.7851926605166,901.2933816635064,1.0,447.7851926605166,142.5642969954055,1.4856264406204822,7.942369027777778,1.8147237266666667,877.2748627503385,877.3218218778838,877.3155252681119,877.3388653842084,877.7080025543758,877.6731013807954,877.513306135208,881.2161560185962,882.9076884741307,884.4877076472152,886.1833992093318,887.5947133751446,74.89103219323609,67.06233788715278,60.17959675203821,54.92455998903522,51.0490996248061,49.415343569790664,49.28705457654456,49.39819152385872,50.61660120743511,52.89167632628554,55.34579949543052,58.45969298773074,32.16758799619613,90.0,0.4838012487059027,2.010648380351748
2022-03-14 11:00:00-07:00,1040.828,69.63166833333334,0.1839396214865128,10.5,830.2657597806437,41.327705460358146,43.046739957420726,165.337420321839,0.0,531.7061166318871,857.6662696065903,1.0,531.7061166318871,155.15138310913653,1.1776925783026897,8.834123361111113,2.21177081,844.1167981681477,844.220444838854,844.8943109978147,845.6518970198948,845.606196535118,846.1917000108792,846.2024742378725,846.8157632612778,847.5727726405497,847.2645406686166,847.2764716560584,847.7961566879343,81.81242384689591,74.35669581272369,68.54292335336756,63.76831911042286,60.88832343785771,58.86625845097721,58.764723348216855,59.794262379889574,62.1339842448837,65.22177451828352,69.38291015558741,74.06092942727966,13.302188319060173,90.0,0.6349565469981595,1.8839727714509196
2022-03-14 12:00:00-07:00,1039.088166666667,71.95378166666666,0.1853292438372689,11.5,840.4496287521388,41.85902473297121,42.30377452959652,187.5019750651814,0.0,546.0114808768735,848.5694817453825,1.0,546.0114808768735,157.4151553237008,1.089136953976661,10.24386117222222,2.0107444416666667,839.5458117098158,839.5460710107403,839.1368185890004,839.3451909727233,839.3782282741182,839.3789921315135,838.970077718192,839.130610569266,839.1291014345595,838.719220871905,838.8322271400988,838.8761499915378,78.1096404729939,72.81101717722002,68.10107163963441,64.53380880374453,62.014988181563524,60.816398996025065,61.04108385582409,62.68593807974078,65.60962169938517,70.4096361308003,75.99080118823576,82.45459061432487,6.775918147128208,270.0,0.6910066965558871,1.864127670655257
2022-03-14 13:00:00-07:00,1024.871666666667,72.349735,0.1900682979663172,12.5,785.8618540717259,39.112860433141364,45.87735632645858,208.50167076114792,0.0,481.45548266674564,884.9970613854083,1.0,481.45548266674564,151.7902088942656,1.374900950995846,11.209363055555556,2.118447716666666,864.1296995547306,864.0010294203199,864.212223918151,864.3094438820455,864.3368089805479,864.4410249759735,865.8958947880591,867.4359662031455,868.6910995932537,870.0828792656532,871.328548587334,872.8783744871948,78.56392464788827,71.4073308441722,64.59366471655873,59.84623037629826,56.175940637994245,54.61605291752719,53.75052150959342,54.517166287601036,56.833935106278346,58.90342284274262,62.18630719319528,65.92180416589107,26.19842427027244,269.99999914622634,0.5292594117402397,1.9598723456587563
2022-03-14 14:00:00-07:00,993.0553833333332,68.83020166666667,0.1977979573068013,13.5,668.2349337781759,33.606357338171975,52.87208698778988,226.03597960347682,0.0,347.61266341715157,932.5034619125231,1.0,347.61266341715157,132.423711970724,1.7653416377893578,11.482215388888887,1.8493773433333331,912.0611676428279,909.9099953174873,907.6557562184682,905.2696525887698,900.8434045567981,900.77447943093,900.9218074310152,900.5251941118618,900.7453487810571,900.4603479962358,900.457147687598,900.5186476134967,47.05396030594955,44.16352272222926,41.608025499612296,39.987462055740735,38.563486994889054,38.37400226591721,40.2404872396918,43.12873177237417,47.0051481327177,52.19365621878483,59.559871768540866,67.17137028863175,43.553814469015705,270.0,0.4054822138225753,2.13241533591186
2022-03-14 15:00:00-07:00,933.0209833333332,61.37586833333333,0.1982339127345381,14.5,498.1342298071929,27.409247290604103,62.088185012406804,240.10276062485087,0.0,182.67520396903402,935.0104814889172,1.0,182.67520396903402,101.88862547278043,2.496992384270312,12.101886722222222,1.6508716466666666,915.2101089429406,912.6960104859896,910.1361808422554,904.8541455369069,902.3602216268795,902.0414679671372,901.9633947835886,901.3396301190405,900.6971267268768,900.5516852663578,900.0373265904975,899.4408990854631,35.6578088331572,34.13829516233165,33.01439661128607,31.778769021828058,31.572911989728432,31.990555070405026,34.61739209362349,38.750190027278165,42.31829238605079,47.352345398536094,51.85422268854318,56.576489094830535,50.0,270.0,0.366977778440511,2.214355247456318
2022-03-14 16:00:00-07:00,796.91275,51.190005,0.193920181297677,15.5,289.46119041029795,31.321352187949262,72.60288076912938,251.70987548984832,3.1086244689504366e-16,20.706932427746697,785.064645318623,1.0,20.706932427746697,62.88355461220888,2.8571428571428577,11.922968,1.44872642,772.8103361218944,770.9068109475863,768.9681077642441,766.8588389733724,762.9322525090165,762.5509240043119,762.3458215123277,761.94631685004,761.7511510842327,761.3384730001915,760.9415325168341,760.5101104289611,14.738056201613583,12.891033400366192,10.81028713962364,9.06993250001619,7.358120673060506,5.693465336526732,5.658796317852238,5.483071095245904,5.317412844871445,5.1733010299916895,5.043521868242128,4.9442826741093056,45.29166710592462,270.0,0.3946514164319725,2.1536447856282397
2022-03-14 17:00:00-07:00,417.4927836,29.03808,0.1622131522234099,16.5,74.03608561687034,72.06443767066672,83.81255451304939,261.89794561713524,1.3947194935058707e-09,13.089606159473286,175.2073984535599,1.0,13.089606159473286,13.404803521881435,2.857142857142857,10.428371138888888,1.1303082116666665,146.62658981550774,146.9070772631612,147.16753502713843,147.16749596357127,147.40558636998853,147.4035865293939,147.61998750854383,147.6200336102626,147.81467115436243,147.81291071085732,147.74376581765375,147.98619963830578,2.0629082907569845,2.027472421598071,1.9983703320019581,2.094121993108783,2.0878282061445192,2.0918852588856196,2.104627994824709,2.256489120427934,2.2838536775095486,2.315599463839498,2.3899624086939797,2.540789211676979,11.871092455001632,269.99999914622634,0.6471447648824656,1.8785299600095389
2022-03-14 18:00:00-07:00,0.1498789999999999,1.3042292166666667,0.99,17.5,1.3044148701237779,89.79722341227888,89.9290283344253,267.05765919488994,1.290308573253475e-07,0.8339099892100706,1.3047579251462154,1.0,0.8339099892100706,1.7299151734070758e-06,2.857142857142857,7.523052244444444,0.6928980466666667,1.2330495657890475,1.2330495658063902,1.2330495658063902,1.2330495658063902,1.2330495658063902,1.2330495658063902,1.2330495658063902,1.2330495658063902,1.2330495658063902,1.2330495658063902,1.2330495658063902,1.2330495658063902,0.7270168357036909,0.7111907916080349,0.6976942159409749,0.6870783388861332,0.6797855235470268,0.6761174761524636,0.6762236946245836,0.680090714542386,0.6875484654127731,0.6982746224537797,0.7118157629875612,0.7276168442152811,0.1319788821965668,269.9997787161009,0.7488482679997912,1.8571455101195768
2022-03-15 06:00:00-07:00,171.58676685,32.1420315,0.2779532010279429,5.5,42.869152409568024,79.71058064242727,86.41569199089912,95.6118597531123,5.403768203680423e-09,16.44131143102193,69.93305414472113,1.0,16.44131143102193,12.271061080166701,2.857142857142857,2.582933561111111,0.711275985,52.74837232328558,52.746420910212535,52.74533123157714,52.806778787274425,52.80680054344108,52.795743654177706,52.85717815580655,52.8571675740737,52.85570062722745,52.83518375268569,52.896614309655035,52.89661384459403,3.998933346868439,3.9161545385816847,3.8512335295194,3.8010854611491127,3.800019636426361,3.7962487346522504,3.812194651452068,3.848415912856975,3.900650595217371,3.9656658366523794,4.044868989648912,4.158943884661238,6.7377939841977605,90.00000482967307,0.6913370818548039,1.8640493831240414
2022-03-15 07:00:00-07:00,361.5289516666666,136.849775,0.2086443430861281,6.5,224.27504266949487,46.29726180411137,76.00596186420874,104.70684562147012,0.0,68.23459167931937,448.9865909719372,1.0,68.23459167931937,52.765174818400105,2.857142857142857,7.279720005555555,0.7103834751666667,428.8632750748326,430.0000370903872,430.51474017121893,431.57934488855585,432.1132352763186,432.5905015215793,433.90416019217383,434.7422959245771,435.51072784927464,436.25229349363826,437.0101159284011,437.70015876364073,13.834026863631319,13.923228414815524,13.845575481118097,14.1419362370481,14.748246777819075,14.864946994590762,15.554891331468506,16.328189547774997,16.520466093959506,17.310817161321037,18.114478475182246,18.90573091634927,31.021653522591876,90.0,0.49231900835007425,2.0001702635500145
2022-03-15 08:00:00-07:00,233.3341005,228.09043333333327,0.1967496652600443,7.5,326.0501460538756,26.33607772020688,65.1763998995687,115.72648358137614,0.0,154.2139027113009,489.0912260594697,1.0,154.2139027113009,82.49021888962534,2.8494255821015013,10.472987183333334,0.6679832333333332,454.22009490073987,456.68433794328206,459.09857327748136,460.182085414982,462.5749557288688,464.8933567600537,465.9584689353238,468.1454427195447,469.1411312079407,471.30687159600205,472.3156571774567,473.3065066640085,45.74721625558491,45.712871802200205,45.49726736130704,45.008352104494925,44.82987759575835,44.416346508294545,44.45496513832599,44.42755721087488,44.54989912416344,45.04316989663746,45.43709474410938,45.94624507513783,50.0,90.0,0.366977778440511,2.214355247456318
2022-03-15 09:00:00-07:00,739.31545,206.11828333333327,0.1955910462834627,8.5,625.8333761405285,31.10131107452055,55.409467303724384,128.86377247824362,0.0,320.49517002268107,900.8969170907884,1.0,320.49517002268107,141.48970916416098,1.9324665804131316,13.651694166666664,1.967897536666667,849.2037229375386,849.6004397224166,850.4215111379947,851.688961801071,853.2764223418556,853.7951720952179,855.0437971174628,855.4503791301303,860.1080215559675,867.7089839835522,872.1512641785957,875.8662029086785,70.11094064045965,64.53130141960816,58.99453363812833,54.5318157350497,51.363780628291444,49.46892691724769,47.528283070280516,49.53023690711018,52.099983646442915,55.22183546954295,59.64681575714864,63.90585461071849,48.46998861022512,90.0,0.37569573035294207,2.1941305986619675
2022-03-15 10:00:00-07:00,891.4885166666667,143.81576666666666,0.1896444525207868,9.5,745.9225331172477,37.28043943786808,47.51517874355751,145.22112879337746,0.0,445.5795409536298,886.7473491113684,1.0,445.5795409536298,151.08013336048973,1.480580625300572,15.25814088888889,2.358708595,853.8573467061622,854.8332910605293,854.7819715325567,855.3751944007142,855.4126935470998,855.8433736239994,855.8528175012092,861.6716919290269,864.6645853027858,867.2768647905566,869.959836359319,872.3200521525481,76.90962842443942,69.43583834193424,62.786484150864275,57.791927088511436,53.887779784758976,52.67257170164077,53.44407257627359,53.38264084126809,56.172042886921865,58.98474452541578,62.7001792639224,65.69503921427115,31.915692342970775,90.0,0.48566458307155785,2.008315931657416
2022-03-15 11:00:00-07:00,1038.577,90.70988333333334,0.1863296011901942,10.5,854.6416751861102,40.947333649121134,42.645761523953865,165.32544158871235,0.0,547.4034505382004,882.2364727718763,1.0,547.4034505382004,162.30789652065985,1.17534209074298,17.34767272222222,2.065101701666667,867.605211190575,867.7342838408356,868.534098358254,869.3805707158176,869.3658498372191,870.0536984246494,870.9443190425804,870.781843787911,871.6509885835746,871.3183629032185,871.3263471641468,871.9280285921875,85.45527719403698,77.77468165164235,71.77944410346528,66.86008890799526,63.92025973978632,61.83152301237711,61.72079035954992,62.838744059730345,65.31799695214809,68.4809282777118,72.81791281939294,77.70928750149864,13.133358003939442,90.0,0.6363908376910035,1.8832990129061171
2022-03-15 12:00:00-07:00,1048.4801666666667,74.61849833333333,0.1872603569091553,11.5,854.7937609905732,41.459948869125974,41.918050360999565,187.66589901426806,0.0,555.3270577894453,863.1654867655332,1.0,555.3270577894453,161.75890455408302,1.0898495666498034,18.305154833333333,2.7381331666666666,853.5340370179373,853.5328281436615,853.374524765282,853.7914716682417,853.7930100327958,853.630224182185,854.0459700545417,854.045177485213,854.0112523118287,853.7997291027639,854.2159192012434,854.2156515704194,84.73215679336907,78.09153102541786,72.36007354300558,67.43082578020335,64.43046827184787,62.74423458238772,62.51632788825884,63.75320622179934,66.33799317030875,70.0026572120938,74.99688719550618,80.27365629097012,6.82953253210819,269.9999979086902,0.6905421166905286,1.864238511070473
2022-03-15 13:00:00-07:00,1038.258,67.87734166666667,0.1917940374584576,12.5,795.1338133712575,38.71418772143309,45.53621200884515,208.79639225592567,0.0,486.9693376022295,895.1508795200587,1.0,486.9693376022295,154.30487828227103,1.37392823317691,19.0701345,2.56923027,874.9500866973221,874.79839949129,874.9831653806814,875.064832041706,875.0791477342262,875.1721488340057,876.5482557178062,878.0237124258949,879.2077717849207,880.5318353355956,881.7140942770508,883.2033179421276,80.13068902495179,72.80269348085311,65.80820977779808,60.889399255219075,57.112749075620776,55.44521830911639,54.53940926804051,55.265995621351784,57.55138088388761,59.66586906604112,62.95868472650944,66.70017104907387,26.141806604930537,269.99999914622634,0.5297028449529874,1.9594365277050114
2022-03-15 14:00:00-07:00,1009.9913333333334,63.557595,0.199332846217464,13.5,677.2438242138958,33.220841715494046,52.58272433605493,226.38505946866505,0.0,351.6421593738793,944.3420347199506,1.0,351.6421593738793,133.82115425768976,1.7613241293856063,19.490227333333333,2.05511229,923.9792135421549,921.9537691831691,919.6585819969999,917.599427062949,913.4252857491726,913.4091928072514,913.5744521139454,913.2247889221234,913.4844375085527,913.2514786329201,913.2969670980443,913.6960464085621,47.06397385832087,43.874841606430294,41.42019240526677,39.94155237918451,38.6472848362643,38.61034791259633,40.53942763241322,43.53433490355866,47.54854880506334,53.62738898695056,60.460955619242505,68.28510568974593,43.421097312451565,270.0,0.4063224991120731,2.130821233112761
2022-03-15 15:00:00-07:00,944.0570333333332,59.48465,0.2007454485048694,14.5,504.998788907868,27.009155204349778,61.84136160022144,240.46100374393086,0.0,184.55189169278944,945.6828618604018,1.0,184.55189169278944,103.56540409567678,2.484399064805132,19.88428738888889,1.8599506733333333,925.5963463183944,923.1320437907509,920.6225422278932,915.4432552538939,913.0072103425448,912.712819600208,912.6485739795887,912.0406393156901,911.4142719442698,911.281508697486,910.7881479171292,910.210772842024,35.66810621145731,34.223884833149555,33.18551987006909,32.03057117341796,31.934504682671037,32.479027172590406,35.201794705528314,39.47660257755397,43.169193764762106,48.37092616872821,53.02344209772382,57.90100287743961,50.0,270.0,0.366977778440511,2.214355247456318
2022-03-15 16:00:00-07:00,734.9312833333333,57.06846666666667,0.1976411001547536,15.5,279.4734767023093,30.1596355254028,72.38495684674568,252.06302529045607,3.108624468950437e-16,23.852690365422895,748.1917779286538,1.0,23.852690365422895,63.47776803467412,2.857142857142857,19.516970333333333,1.16353896,735.8035632078684,733.7371837196708,731.6333817720223,727.2980326174016,725.0652830271123,724.619558898377,724.4075341695291,723.9436224944257,723.4629336275233,723.2391818207911,722.7791487998405,722.2791957660992,16.6375481831625,14.630438002049408,12.357110475844136,10.449994644276833,8.591008341351818,6.772431857570806,6.563849185884794,6.362139307607921,6.333613856176749,6.16417947217701,6.010059651600132,5.891335533059724,46.29683699969215,270.0,0.3885354975981956,2.166220535884046
2022-03-15 17:00:00-07:00,463.4492528166667,39.858815,0.1800181797386298,16.5,91.43484499766211,71.46017112064062,83.6104701768155,262.24659047742335,0.0,19.89783569467027,205.47079885597995,1.0,19.89783569467027,18.047609649984093,2.857142857142857,18.48484683333333,0.925652805,175.97277956198135,175.77831129688656,175.7812254128439,175.83913332417535,175.5631286390417,175.59661548588798,175.323743798947,175.33266464905566,175.05673670174178,174.7648571823734,174.7276711757857,174.45142341425532,3.9227964927210546,3.8071565290568246,3.6332965857095165,3.5779272383981944,3.533333240709836,3.4430958549646964,3.32868228954769,3.322974418078242,3.330404095440197,3.3059203104963317,3.2791854919368704,3.3449976734162776,12.266993217617934,270.0,0.643766251276662,1.8799747229260548
2022-03-15 18:00:00-07:00,0.14664975,2.287114483333333,0.1571056230865161,17.5,2.2873132255706707,89.77814739779822,89.9223517605992,267.56633437039727,0.0,1.462360433000849,2.2876786898397374,1.0,1.462360433000849,3.6282166132712e-06,2.857142857142857,14.80051,2.4575790900000003,2.1622863202975027,2.1622863202975027,2.1622863202975027,2.1622863202975027,2.1622863202975027,2.1622863202975027,2.1622863202975027,2.1622863202975027,2.1622863202975027,2.1622863202975027,2.1622863202975027,2.1622863202975027,0.20248435785593916,0.19808820736524518,0.19432060585687994,0.1913360570563014,0.18926072028901972,0.1881843976529357,0.18815449543086307,0.18917486816026194,0.19120402577335938,0.1941580981999346,0.1979140692951895,0.20231856667058432,0.14433454252856742,270.0,0.7487404448364342,1.8571460301063112
2022-03-16 06:00:00-07:00,0.0,18.99440948333333,0.1742194222686869,5.5,18.99440948333333,78.81570193455319,86.10731424513064,95.35437655775537,0.0,12.198951829309921,18.768039473344622,1.0,12.198951829309921,3.179207542946943,2.857142857142857,8.059453133333333,3.3890697333333337,17.828958481003575,17.789009320474605,17.81948880458586,17.7795664737279,17.810553994876894,17.810555712162724,17.770612117125186,17.803818474852843,17.803811781966996,17.803804528931593,17.763865790795,17.79767732081747,1.8384096808153225,1.7938924074164369,1.7643714278514127,1.7430182938296936,1.7319186617080662,1.7299956258988403,1.7383251212575985,1.7552896832582021,1.7767641575056419,1.8061333875807273,1.8436803826291055,1.8819486315977494,7.32402674446849,90.0,0.6862597279074976,1.8653017857739131
2022-03-16 07:00:00-07:00,0.0370772333333333,74.09741833333334,0.1869943042237484,6.5,74.10658303347728,45.071428854694624,75.68937872756007,104.45233814630046,4.662936703425655e-16,47.721095879157424,71.93035008374933,1.0,47.721095879157424,15.347254139624493,2.857142857142857,9.31878185,2.321764325423729,66.2991622023236,67.11098777666889,67.48380248995723,68.24442968972153,68.59600650196822,68.97103387761538,69.30187720988263,68.95807587431301,68.80792892438616,68.63072038641697,68.48595816212628,68.31790946559978,9.051308763386237,9.142491673977196,9.097231084460297,9.321026341659984,9.3613021864776,9.296499721549614,9.2506033088685,9.361648157804435,9.343993511563761,9.299132054283051,9.240953972765283,9.157569535776629,31.94642579751795,90.0,0.4854369657407342,2.0085996327788167
2022-03-16 08:00:00-07:00,0.3397150666666667,118.97638333333332,0.1888437807518183,7.5,119.12079842833934,25.948270316712122,64.84259306007003,115.48048458234894,0.0,79.68661595858542,102.02086309291538,1.0,79.68661595858542,32.48806648472167,2.82058148221503,7.996445366666666,1.5471584,88.03382987668243,89.72571916124969,91.39156282607388,92.15864112494651,93.78429503588545,95.36842547282227,96.09506456362246,97.64215583707063,97.2469483198979,96.5499345455119,96.16904218604515,95.79325806889682,20.744913188975474,21.169661992247665,21.696363118613334,22.241780432586545,22.894986907874674,23.54055577198999,24.213253459455533,23.930001087939083,23.636447285657127,23.37123076062579,23.050663826707932,22.714474023826497,50.0,90.0,0.366977778440511,2.214355247456318
2022-03-16 09:00:00-07:00,1.2598414166666667,210.76106666666664,0.1900835125951176,8.5,211.48276778301351,30.78815107015511,55.05074168952736,128.64440371697958,0.0,140.87754321297157,186.39829498342863,1.0,140.87754321297157,55.81542054888606,1.9213872330157105,8.464888505555555,1.4702108116666668,162.6241644364888,165.22175841526231,167.95903539271148,169.20220376076634,171.88871376549133,174.48899319054766,175.667550181539,178.18538468852265,177.66804721258083,176.79505760187556,176.30365450795426,175.95629690777068,35.16702182316264,34.76170139084993,35.44344551129078,36.19561379709917,37.1821587034475,38.198956816978104,39.274841528466766,38.92398947183578,38.58865626096563,38.32002957256039,37.96187214883552,38.55426735775365,48.17713322375014,90.0,0.37739503657281714,2.190312920114149
2022-03-16 10:00:00-07:00,31.83972848333333,302.87305000000003,0.1905352096175037,9.5,324.5351912038201,36.93238081800168,47.129045032546976,145.07168703988594,0.0,209.77083939698286,324.1729576686332,1.0,209.77083939698286,71.27476927956445,1.4755924570870693,9.220210433333332,2.49128405,298.44792598405934,301.0941751913464,303.73154211076667,304.8897478673374,305.99502513965945,308.29674935936566,309.44414664074407,309.2518116576697,309.7961027494459,310.1863940424127,310.5494513459184,311.0146784776259,39.217140034790326,37.81925762017281,37.45593116815298,37.486819724942755,37.08274526079431,37.280782519319814,36.952255899106916,37.93387925189496,38.75008203873666,39.57208840932359,39.56930153431687,40.34347283829555,31.66483491922816,90.0,0.4875253150770256,2.006009401627013
2022-03-16 11:00:00-07:00,49.924764333333336,388.8138666666666,0.1901367972357364,10.5,425.7723909975124,40.56661974606985,42.24435207029866,165.31465848818678,0.0,274.92377123518435,425.75313094843096,1.0,274.92377123518435,82.18937425011183,1.1730038072124978,9.99783417222222,2.904893533333333,408.8999698253252,408.8395793624781,409.2057400324179,409.5397181886049,409.4787136533961,409.792597750272,410.0807267868305,410.07934330622425,410.28430808009915,410.28162808004174,410.2833790337081,410.5191423551614,44.76249513454952,42.73736706635854,41.23741328308259,40.154671760108414,39.525494362742926,39.27059073111999,39.40455115163577,39.85134173159059,40.90257271526324,41.99139033709592,43.285693388135016,44.882239354984115,12.965121774030155,90.00000256132094,0.63782106260782,1.8826360362215024
2022-03-16 12:00:00-07:00,132.16718733333337,430.4508,0.189806152077553,11.5,529.3885878181991,41.06053438341465,41.53242876475388,187.83382092826673,0.0,341.93459202092026,529.7261731918877,1.0,341.93459202092026,100.56724827987259,1.0905706854756803,9.875054294444444,2.60022163,511.948454106281,511.94794319669074,511.92031358634665,512.0783152706287,512.0789216099207,512.3332914538912,512.2106974774194,512.2103766058855,512.2100380358761,512.4185933778444,512.2961281237347,512.2960708040341,54.76328642548644,52.22048081748901,50.074487076497746,48.33309675794805,47.25380769511212,46.74185433256939,46.80005613374029,47.43999102207009,48.581434408472596,50.2198418399677,52.20220319823875,54.35138534564245,6.883775097083351,269.9999977411273,0.6900721464969608,1.864351534911406
2022-03-16 13:00:00-07:00,49.296273166666666,351.0192833333333,0.189516098178108,12.5,385.75757495198513,38.31498574266208,45.19598493263486,209.09598625048048,0.0,248.93812209225536,387.7432755272076,1.0,248.93812209225536,79.90075997462873,1.372986748971796,10.154508777777778,1.6410814733333334,373.804096451922,373.31037959005437,372.8992935188689,372.38341364162443,371.8538246085233,371.40810358374813,370.9244557856522,369.82833900632943,368.78128990980684,367.6080705332739,365.23989034181216,364.0979809358954,44.35650596942156,43.137821043361726,41.953555681791876,41.13640288097376,40.16124087736728,40.11089004504483,39.31752296550616,39.189831996887236,39.71133850015646,40.99768074786885,41.80877872172809,43.59993283688099,26.086937693217806,270.0,0.5301327870682833,1.9590150072737216
2022-03-16 14:00:00-07:00,1.55077685,224.72278333333333,0.1883902951501408,13.5,225.67123765017757,32.83454805695073,52.294754063316226,226.73803304787234,0.0,149.79892062984422,202.55127254505084,1.0,149.79892062984422,55.171232469217166,1.7573922663735426,10.353150055555554,1.2408953316666669,179.78926350009402,182.58457338279655,183.8582534589332,186.57991246679651,189.22637663225956,190.45537564278843,192.97850953035226,194.12459680075114,191.95606698757922,192.81124030758076,192.49296197889907,192.0518445405273,33.84692148899466,34.22291580373971,33.96722514319435,34.68000505986512,35.58555704841878,36.672674131149954,37.75042323282807,37.55666678486227,37.301900356232174,37.04325865480652,36.84700206789434,36.56292069507518,43.29047348929067,269.99999914622634,0.40715133129231307,2.1292560792292403
2022-03-16 15:00:00-07:00,0.4409983666666666,74.39479166666666,0.1830758734611147,14.5,74.60456850400342,26.608630804897484,61.59596213961527,240.82189562341176,0.0,51.182702146419054,59.66367533649319,1.0,51.182702146419054,20.228717423189202,2.4720614270384345,9.776124438888887,1.0855675516666667,55.77157395402847,56.03594761523263,56.3039968985642,56.799920165726846,57.077052782700186,56.06525749348863,55.58951777911726,54.5546498391234,53.49306851676378,52.99012659417502,51.901441217794236,50.79593986792597,14.429464981764008,14.657269761155147,14.872609650062598,15.054302806236922,15.246685419531753,15.429505604734912,14.972923665044222,14.52465370411811,14.076976512543467,13.693686916495349,13.328691308537783,13.03390163652106,50.0,270.0,0.366977778440511,2.214355247456318
2022-03-16 16:00:00-07:00,0.8625437833333333,68.97739166666666,0.1811316587882919,15.5,69.24152267975086,28.964050002707044,72.16822364245118,252.41789411563113,7.77156117237609e-16,46.76460155175782,58.103082364171286,1.0,46.76460155175782,17.7026270394414,2.857142857142857,7.649920344444444,1.5122742500000002,54.77381078592915,55.013252977311616,54.77983955241516,55.66466448354383,55.91771220782522,55.02683044438238,54.60297148408812,53.68020738319309,52.72668996886251,52.27924379058661,51.35996123951128,50.36774028278505,12.521874943415375,12.724227646612876,12.574913418782513,12.732302082562418,12.896407199935982,13.052333149898173,12.646679202795632,12.24732673095215,11.864509800598547,11.830016831859403,11.537083577159569,11.287089284916727,47.34826920756307,270.0,0.38225717281247906,2.1796025615083345
2022-03-16 17:00:00-07:00,0.087676,24.64141133333333,0.1787623790705283,16.5,24.651474551360522,70.85649804214688,83.40921749069925,262.5963090022877,3.825234281351942e-09,15.976214142989056,23.986208980957002,1.0,15.976214142989056,4.214973069362194,2.857142857142857,7.124247694444445,0.8308675083333333,22.916642118270588,22.887606200244587,22.94286080921316,22.85740692382046,22.832370955325892,22.832494519676136,22.809836839637928,22.807097493203894,22.786316893637167,22.78621206256077,22.849831328310906,22.76542916715505,2.4317357555405312,2.3884690413787646,2.3499429834699694,2.330278385267494,2.3063629776994095,2.314198149960618,2.332499251955228,2.3444770287219305,2.3815357331765035,2.4228041189348772,2.469967824759343,2.50480514080719,12.662867913450581,269.9999974386791,0.6403930317179942,1.8814660407655746
2022-03-16 18:00:00-07:00,0.3545442333333333,0.34655325,0.99,17.5,0.3482584794554215,89.21262672421486,89.72442697299577,267.9157260883429,1.4876457710880172e-08,0.22160483882509402,0.3514184122060891,1.0,0.22160483882509402,6.921963066840771e-06,2.857142857142857,5.752979616666667,1.4412271233333334,0.3280224820718353,0.32802152043645705,0.32802152043645705,0.32802152043645705,0.32802152043645705,0.32802152043645705,0.32802152043645705,0.32802152043645705,0.32802152043645705,0.32802152043645705,0.32802152043645705,0.32802152043645705,0.19284952374521405,0.18867782687163653,0.18514442834380898,0.18239269289107832,0.18053483693966293,0.1796459994924183,0.17975963756346225,0.18086635511780053,0.1829149696599262,0.185815372164666,0.18944410518174729,0.19365326853856207,0.5121390731209079,269.99996396913366,0.7455308029861027,1.8571828053846864
2022-03-17 06:00:00-07:00,0.5678501166666667,7.762507733333333,0.99,5.5,7.8022186005025675,78.47440979802478,85.98992121645186,94.93630203039949,3.108624468950437e-16,4.993589860599051,7.786521845899265,1.0,4.993589860599051,7.635082565104071,2.857142857142857,-1.277627677777778,0.0987643293333332,7.360555396377361,7.34266968589402,7.355623164557297,7.33780838489009,7.337847387409935,7.351532954431158,7.3315387151782945,7.331521882772854,7.345880501352059,7.345865483571612,7.32801782409239,7.328047336459281,4.270156755072979,4.181900950584515,4.113316401086868,4.065330870146571,4.0351187729963005,4.0331561557948135,4.050692139768589,4.090054686924741,4.146966046743384,4.217129784320163,4.300952870057513,4.389170036578549,7.5439168572522215,90.0,0.6843569549507078,1.8657983345138036
2022-03-17 07:00:00-07:00,0.5717743833333333,61.35735833333333,0.99,6.5,61.501752796298284,43.81858514143498,75.37228175567532,104.19761170273615,7.77156117237609e-16,40.54513744882868,60.73792167430816,1.0,40.54513744882868,58.32989153436174,2.857142857142857,-1.26036265,0.0983162646666666,53.908221406353135,54.28669090997309,54.837907384767796,55.0130132495351,55.5454610542656,55.86002029847603,56.02606896338651,56.070232205889305,55.479633295819205,55.20244421850557,54.93263951947025,54.79608411328647,32.30851162334823,31.732157662421262,31.63118207124634,31.783994317619165,31.90234192876471,31.864187858952704,32.04429231876708,32.453700005143595,32.61377098755082,32.82366176827995,32.820847780393436,32.75108465631646,32.8986583551161,90.0,0.47842260541913145,2.0175102738001973
2022-03-17 08:00:00-07:00,0.8510347166666666,117.0353,0.99,7.5,117.40156657225823,25.560775559505657,64.50845214688295,115.23373243030939,0.0,78.59564860868826,117.06261027572774,1.0,78.59564860868826,109.28805128365896,2.792361549961702,-1.0498067366666666,0.0987635421666666,96.362671152861,97.56442227835413,98.7568032989345,99.06060662265097,100.24762558097026,101.3682491509455,101.64749593987858,102.81677867674046,102.09094093167309,101.07106320015794,100.36567938679329,99.66782682204214,63.47610904789006,63.149317525647305,63.300977653738066,63.302750412786025,64.0013064246995,64.404190472075,65.09064544311614,64.47565792388997,63.82400721777532,63.549740078389284,62.794950027399395,61.97480883566812,50.0,90.0,0.366977778440511,2.214355247456318
2022-03-17 09:00:00-07:00,0.8148317333333334,230.32461666666669,0.99,8.5,230.79556916523865,30.47462674433343,54.691748406018945,128.42387209770294,0.0,153.1017081609404,236.14161940739848,1.0,153.1017081609404,214.67884551242904,1.910499504427677,-0.9129180738888888,0.4216412701666666,196.93176803993185,199.03121783265922,201.0891896411221,203.04290845680742,203.6966033439495,205.68849864914372,207.55516304046537,208.07673064687535,206.91166465005963,205.44198362735378,204.3596659593913,203.28833905887296,122.646053409863,120.77091295168422,120.00188139873951,119.18085207387043,119.9502644319752,121.24618954826681,121.54844027305805,120.50210376702425,120.38472623872507,119.48757447941063,118.52479568303445,117.46755334652222,47.88517756896153,90.0,0.3790988116840659,2.186524311303785
2022-03-17 10:00:00-07:00,3.3525712666666667,457.8024833333333,0.99,9.5,460.09992448433076,36.58395487600503,46.74257699539925,144.92137388710182,0.0,299.0036657257551,475.7667484902393,1.0,299.0036657257551,437.91190963680623,1.4706634413183197,-0.149762529111111,2.2569181633333333,429.76667282859415,430.87324426739775,433.5815972299366,435.69200403301187,438.29158544987513,439.17891826688583,440.79627037238697,437.971243999483,437.0950030512123,437.0788463064306,436.04439490122036,435.89024733043647,242.04238997265506,232.38276630266674,226.5025587312588,222.17928965277625,219.5636925333517,220.1451130395732,219.60641999264894,223.05580453590488,225.09292884158563,227.00787204338775,228.79486682398604,231.47380281051602,31.415146831576997,90.0,0.4893823699509737,2.003729824883263
2022-03-17 11:00:00-07:00,9.099101,503.35855,0.99,10.5,510.1371975757384,40.185645843410875,41.84262537808891,165.30497324693206,0.0,329.7534495920954,510.37151140268884,1.0,329.7534495920954,499.0673336286784,1.1706793090422039,0.5743974472666667,2.564236936666666,487.10348587299575,487.5496335382745,486.73654494596076,486.71778909513466,487.16733720219634,486.3546555756449,486.379149666488,486.37325283150136,486.04528658921896,486.0290793184551,486.861957464067,486.0528363341866,276.11055982914803,266.3259360373806,257.36128604692647,251.84769726821173,247.91952208059905,246.97590511537908,247.90769578580162,250.95244464875148,255.7221540060881,261.7573299413191,268.8609667571373,276.7182896932392,12.797608668853242,90.0,0.6392461009969953,1.881984257005152
2022-03-17 12:00:00-07:00,14.3433207,475.5850833333333,0.99,11.5,486.38594528044143,40.66088312276442,41.14700736553263,188.00567527156159,0.0,313.46617660883,485.2123392103093,1.0,313.46617660883,478.69917836638103,1.0912985831592852,1.1255527003333334,1.9872706633333328,464.1102937484232,464.10830577994085,463.9763918695995,463.96834742956673,463.97058768870994,463.9718435116335,463.9632683217001,463.9620405731255,463.9607180341243,464.32409573861827,463.8549435210421,463.8549380547949,264.8477560865782,255.68815704056573,248.1093027908938,241.82711089830426,238.28816514365266,236.85185423621076,237.40293564016943,240.2246582491253,244.7977232385112,251.0645879119915,258.3406666758924,266.4734956300256,6.938512326118464,269.99999627848695,0.6895979448683094,1.864466491481081
2022-03-17 13:00:00-07:00,77.16471093333332,483.34468333333336,0.99,12.5,538.0446185864796,37.915376781884085,44.856753907059236,209.40036266314326,0.0,344.6109939264921,572.6732124658407,1.0,344.6109939264921,519.7031955388358,1.372074261845821,1.9567679438888887,1.4652908383333334,538.2605676632597,537.3599464886895,536.4089220398405,536.3909234809169,535.6082734046053,535.5241154480998,535.2907006145354,534.1086702465915,533.4586131223442,532.1854764426679,530.0231596315663,529.6079005332299,265.0691393610226,258.46403766318605,252.60515271783584,246.89480812332897,242.28999617026557,240.81374458978058,240.00364087025733,242.34332808576644,247.9628156769064,256.9137720413828,269.62436294578316,285.3053840222112,26.033692311784616,270.0,0.5305502002947367,1.9586067467737307
2022-03-17 14:00:00-07:00,0.5928029,146.42989166666666,0.867936987752057,13.5,146.79479050274654,32.44761546112412,52.0082261475738,227.09477147348503,0.0,98.89742965394346,140.41105125464523,1.0,98.89742965394346,122.5231411664448,1.7535418404422696,0.5183587433333333,1.4101542983333333,124.04918312839331,124.28080383515436,124.91474837288071,125.58756046178885,126.62782621714608,126.21826916588655,124.85483014918883,123.88182856475478,122.40857513778373,120.89159230797192,120.96702914140882,119.47467503510903,70.12941883306297,70.63215016034212,70.02464059481412,70.38830152769862,70.70151953909954,71.2587120446918,70.44198686348227,69.34559209825828,69.05876000241003,68.56812519534392,68.56784919112292,69.7549074870414,43.16184582673797,270.0,0.4079692388241573,2.127718540549357
2022-03-17 15:00:00-07:00,78.96595816666667,262.9749166666667,0.8305870119594693,14.5,300.8333362547573,26.207790820340115,61.352008909956545,241.18529579167645,0.0,172.5917439930033,393.2037599137896,1.0,172.5917439930033,236.17388460684805,2.459968882075659,0.9611962151111112,1.4850662716666667,353.1499889324657,353.22930953318,353.2969865591831,352.78320039175753,352.98663864482444,350.9568061384631,350.4809750734354,348.25276688483905,345.91857699408354,345.32070567046856,343.1017118173007,340.78661397616077,114.39619220039762,115.37921807612884,116.57115105213175,116.97389614909707,118.76923725299619,121.01150992114214,122.23040079167252,125.1005574630441,127.06195996504093,131.33991798025673,134.9601948173705,139.51029383796927,50.0,270.0,0.366977778440511,2.214355247456318
2022-03-17 16:00:00-07:00,7.389046383333333,147.57402,0.8238528343268889,15.5,149.86316352138803,27.730088708717723,71.95268377173153,252.77434471294566,0.0,89.37601812412363,177.99005057090153,1.0,89.37601812412363,117.74066888784796,2.857142857142857,0.8817588922222223,1.2351714333333337,159.56713797283265,160.2312943899463,159.9856359572458,161.47131196329047,161.24644933349782,160.75061408506633,159.38720607304407,158.93347061067965,157.44903885966357,156.01072038022312,155.01248912297598,154.53635123968755,61.79819124095305,62.093695248579984,62.03968248698257,62.55606289102188,62.99935684932388,63.044047051503796,62.43938604151824,61.315405146444505,60.731879294070026,60.63336525213013,60.60097770792754,60.69634978989866,48.4537628011792,270.0,0.37578962583874465,2.193918623960464
2022-03-17 17:00:00-07:00,0.4050580333333333,48.539768333333335,0.8374354159675966,16.5,48.58766712322497,70.253335595359,83.20878764516786,262.9469686843153,3.645150035183095e-09,29.374243988639925,53.897434372374974,1.0,29.374243988639925,39.966903678639376,2.857142857142857,-0.0134063541555555,1.5465764666666668,50.31261068030926,50.31471574259436,50.23959215552482,50.196864753185864,50.19596797470278,50.13234091100891,49.98040046449103,50.097730605349824,49.92057143873055,50.04097313909895,50.04188860230977,50.014293508997014,20.915971160010656,20.449833565158904,20.160925756446414,19.948676401252587,19.883533530099534,19.906738308497527,20.075871914035655,20.30359629491285,20.58437305345501,20.927417908070645,21.31092521888065,21.693585135088277,13.058839551974826,269.9999974386791,0.637024220521915,1.883004318224867
2022-03-17 18:00:00-07:00,0.3391923666666667,1.517937766666667,0.99,17.5,1.5196006202856966,89.19744141186264,89.71911255878834,268.4258871191141,0.0,0.9706540875735735,1.5226572947257218,1.0,0.9706540875735735,3.1481757629352774e-05,2.857142857142857,-0.4137616461111111,1.5753758066666668,1.4354586612199107,1.4354586612199107,1.4354586612199107,1.4354586612199107,1.4354586612199107,1.4354586612199107,1.4354586612199107,1.4354586612199107,1.4354586612199107,1.4354586612199107,1.4354586612199107,1.4354628735929225,0.8482174164299671,0.8297844455345627,0.8138928508920207,0.8011900837705268,0.7922173088919681,0.7873691819109775,0.786870375674721,0.7907623104464218,0.798898826382132,0.8109511105432352,0.8264278892986219,0.8447014849824415,0.5218680868460276,270.0,0.7454459047813758,1.8571843375696906
2022-03-18 06:00:00-07:00,391.5948021833333,20.769380833333333,0.6693884303449091,5.5,48.957332711035626,78.13162025886704,85.87213963960315,94.51852963711734,0.0,10.298921449468322,108.57553382209255,1.0,10.298921449468322,33.40833252657857,2.857142857142857,-2.617594094444444,1.876313505,79.23844343815301,79.36064877903888,79.36064809816064,79.33125136284721,79.47003078570876,79.47002513088216,79.56314654733599,79.5601821437618,79.56015584466914,79.49915848084729,79.63792093345316,79.63796666187707,6.049189645608695,5.926129425251544,5.830593916675272,5.756129373634036,5.725752525876233,5.769173648397005,5.795255518811922,5.852389722414472,5.931426751587534,6.032283545468609,6.149910451189014,6.335694283905407,7.765042711707433,90.0,0.6824444638203729,1.8663123983226146
2022-03-18 07:00:00-07:00,819.80365,54.996316666666665,0.7604552983920864,6.5,266.41940137609544,42.53688575055175,75.0548173751731,103.94264692864203,0.0,24.188814979534158,716.387273696071,1.0,24.188814979534158,196.51337241296372,2.857142857142857,0.8049543445,3.3472231333333338,682.7147757584976,682.9393019718558,683.2995204806045,683.4238254726561,683.7694887434267,683.8867726458147,684.0865863166233,685.6654062068343,687.3063354619818,690.2705342730563,691.6766024691535,693.1028515810546,15.130484834073815,14.87821258439389,14.866678796539837,14.855475588218496,14.977423549536839,16.226072853191965,16.373286376351288,17.760513590175993,19.126704822282015,20.56091241125575,21.95050948905094,23.038887068184568,33.880577662837695,90.0,0.4712681418610474,2.0269415532209547
2022-03-18 08:00:00-07:00,901.3883166666668,88.80106,0.8369407336860848,7.5,481.47976651474454,25.173705377307133,64.17412321488139,114.98618904828623,0.0,151.45099155990775,1024.2010940921095,1.0,151.45099155990775,356.7655641148529,2.7647561633168967,3.1699711833333333,2.8042774,939.5055315423341,940.0612353229325,940.5638477525856,940.3542103615182,941.2945897479483,942.0758103809469,942.2088315067994,941.9927472615796,944.3004136056499,950.265470054846,953.1736853761436,956.010791336262,217.38441576536422,203.54741258310247,188.20800341210847,170.1750205879901,155.71191186990234,138.50368640467195,127.28048544682898,117.99479853591637,110.60515735723064,107.22715040381709,103.24920170498959,100.64815812597536,50.0,90.0,0.366977778440511,2.214355247456318
2022-03-18 09:00:00-07:00,980.8628,110.44652666666668,0.8623732885167351,8.5,682.3666645042072,30.160775809423573,54.33263029786886,128.202106860244,0.0,345.1358885586804,1090.883234064903,1.0,345.1358885586804,520.6400537804676,1.89980334226262,5.447849422222222,1.7132510083333334,1005.8371914498532,1003.6220000908048,1001.3314562956106,999.5441331551144,999.1240420962845,996.1407438535358,996.2321067188502,994.3974042723086,996.337220649226,1002.3634241993727,1005.0189186842399,1007.7455522022944,297.91499591304733,260.497643456053,231.70990967051804,207.08193162464218,186.4943430058969,172.91778344636515,158.693981453708,154.3594386592668,151.4164420736813,152.30499728029181,155.13926695284917,161.3639529630763,47.594255619847345,90.0,0.38080613376412026,2.1827664366363173
2022-03-18 10:00:00-07:00,965.3778333333332,146.07246666666666,0.8485959048117263,9.5,812.353705326293,36.23521865022342,46.35590615514736,144.7700816732211,0.0,484.7055121130667,997.1526257110798,1.0,484.7055121130667,659.463767896694,1.4657950121432466,5.30856305,2.025886116666667,941.6750191579549,941.6229608751305,939.7965564239937,939.8226404971821,939.8076234261526,939.2741422241695,940.8046538567594,943.7301183464272,945.9843389846308,949.1700779027732,950.5514308818897,951.9297991002477,352.8673826153173,315.32265579824326,287.8162765376264,263.2966074035022,243.88301944518312,232.74279078326296,228.7622730795297,231.8604835607585,236.1689184437889,241.9528061746001,251.43688931251924,260.8202175900627,31.16675788823297,90.0,0.49123467335081716,2.0014781898247733
2022-03-18 11:00:00-07:00,960.6791666666668,151.97098333333332,0.8179919730339668,10.5,872.1356664896928,39.80448820118267,41.440692932246485,165.29628083737444,0.0,558.7181110279843,906.3342876121403,1.0,558.7181110279843,711.9529165166301,1.168370358307102,6.920255272222222,1.7643907983333331,884.731976450692,886.1130288116418,886.2178527978192,886.8756583865347,887.9764303400656,887.994558398294,889.1290361588849,888.6717288086948,889.6018796755523,889.5642153539276,889.1995443150182,890.0799976270099,380.061502110535,349.491621102356,320.234987059852,299.9026359806541,283.89458554053175,276.41342040649107,274.28913117315295,279.12443429472614,288.45345236031494,302.90097410608433,320.4572314756282,341.5912571190319,12.630946782129353,90.0,0.640664837562216,1.8813440617865536
2022-03-18 12:00:00-07:00,957.3247333333333,154.23186666666666,0.7859255374578477,11.5,879.33797531055,40.26109538972891,40.761880167694905,188.18139060755703,0.0,571.0903236182928,891.3149610542982,1.0,571.0903236182928,692.3355962040323,1.0920314384041405,8.269775516666666,1.341262005,878.0212585226363,878.7005581429285,878.6955931478116,879.0111041310904,879.0174526745249,879.0213309453435,879.434233676774,879.4307770041595,879.4272941074624,879.2840724972503,879.6209149123238,879.6200958435383,365.8974051505927,337.8454417218482,311.80339680983565,293.0901025504694,280.01456811599314,272.98570616274424,271.86307430690493,277.45616960255285,288.4067619615884,305.02270933726606,324.6210767056004,346.8357388261067,6.9936108278849485,269.9999979086902,0.6891206691240093,1.8645831217675164
2022-03-18 13:00:00-07:00,706.2544999999999,283.92635,0.7461646360950652,12.5,787.5020241499428,37.51548189927889,44.518593010243265,209.70942628511773,0.0,488.1224188461839,893.0469492912282,1.0,488.1224188461839,576.8637566799773,1.3711884877672027,9.870670966666667,1.4173274916666665,860.7718845363378,858.3889839031599,855.9101340126292,854.4709040432278,852.123142412444,850.3702592254348,847.5372125128631,847.9919111504336,847.9623099827542,847.5905172180529,847.5969827797176,847.4498833082432,257.1605028506403,247.05675343927686,236.4585905675244,228.8209408534233,222.45671956589572,220.47835802879158,223.58589263187145,229.91619695308114,242.6677401578102,260.1206961859505,283.93074788609937,311.90759518275485,25.981943865622835,270.0,0.5309560600133203,1.9582107076340929
2022-03-18 14:00:00-07:00,96.45020833333334,411.5728333333333,0.6990568182086442,13.5,471.3200158115244,32.060177555991636,51.72318523737868,227.45514240734414,0.0,289.56845214720084,545.7082792289956,1.0,289.56845214720084,318.91226392790423,1.7497687430374933,8.355489438888888,4.168708816666667,502.2495926204126,501.0536833642701,500.84607474094594,500.7783057386573,499.6900093423433,499.1293468842953,495.5347887746841,494.4739861978908,491.8824437622525,490.9373945429809,488.3666111593891,485.7945908105903,152.53934808104933,151.20209905420822,150.07340198644593,148.8646566853295,149.2205207373031,149.09803302430672,151.43210539184886,151.90054815136722,156.12674196863603,160.4350984112127,166.90282224536534,176.57171993933127,43.03511420044736,270.0,0.4087767758875485,2.1262072612760154
2022-03-18 15:00:00-07:00,529.65615,268.83046666666667,0.6499931689186388,14.5,524.7269123256691,25.806750105100633,61.109518993621876,241.55106224498968,0.0,240.96544111396017,857.5095389211356,1.0,240.96544111396017,319.01291469966003,2.448110961107986,8.378240972222223,5.9362428666666665,799.7338344510879,797.9087526012027,796.0297651925162,791.6970060258352,790.0976508687286,788.4732794546054,788.1879939024498,785.8710281316622,783.4562008337438,782.9446300508674,780.869856517977,778.5853670096072,121.42599729511456,121.68045206789603,122.70251960037214,122.97385315492762,125.99168945936493,130.38025413075738,135.98774629621454,145.46746694188107,153.3895901943318,165.75853564728493,176.85313006724385,189.0691256212813,50.0,270.0,0.366977778440511,2.214355247456318
2022-03-18 16:00:00-07:00,131.0665833,143.62950166666667,0.603727112974282,15.5,184.70015248861915,26.45222253972758,71.73833518963639,253.13223955042113,3.493745258659844e-09,77.46617239180422,318.13603706896515,1.0,77.46617239180422,111.90930579475534,2.857142857142857,7.478451222222222,5.86598285,286.7728473277301,288.2041435998886,289.6185821427547,290.68943171258223,291.2323578878378,292.5771872632574,293.88674701005374,294.4289689038079,295.79353903616595,296.3848325237483,297.19040420112935,298.45770127451044,41.51372045204294,41.390710844343,41.28868942434888,41.90364236110405,42.46463253953397,43.33075298243244,43.88376437020275,44.46670351992621,45.25008432051694,46.4304318417093,46.94905885369145,47.43308747439647,49.62339156239987,269.99999914622634,0.3690985773234,2.2093339155468272
2022-03-18 17:00:00-07:00,228.20357725,41.678381666666674,0.5107615204812911,16.5,69.4531590092447,69.65058786239483,83.00916783330476,263.2984373962688,1.6332792203113551e-09,20.114146547046033,142.1089789401446,1.0,20.114146547046033,36.56024706064368,2.857142857142857,6.651623900000001,4.238108016666667,123.96407378762576,124.0366067527827,124.30646460976166,124.51108254090414,124.54282233725976,124.76165821333231,124.76270710553933,124.97297703356709,124.97247651438917,125.19051919499557,125.15455242208085,125.37287765407483,8.991990961190945,8.826124042847285,8.748131168581269,8.684368244921474,8.717778200030715,8.730037643450775,8.873366961041647,8.975225780771654,9.153779998438496,9.401677369741384,9.56259343374835,9.782561675182526,13.455040399342282,269.9999987925817,0.633658859933541,1.8845900531717072
2022-03-18 18:00:00-07:00,0.1031187833333333,2.0783845,0.5465749439400482,17.5,2.0792440709042737,88.63529246197524,89.52239200480962,268.7764680801513,8.597379001410835e-09,1.329194204130054,2.080715806393695,1.0,1.329194204130054,0.00012460914569100112,2.857142857142857,6.217085,3.8713573666666665,1.9652574055996987,1.9652574056333991,1.9652574056333991,1.9652574056333991,1.9652574056333991,1.9652574056333991,1.9652574056333991,1.9652574056333991,1.9652574056333991,1.9652574056333991,1.9652574056333991,1.9652574056333991,0.6385948829429915,0.6247502427632305,0.6130461869738817,0.6039517353522029,0.5978313439513843,0.5949255435842445,0.5953333262877597,0.5990130065188739,0.6057873303444148,0.615349737858085,0.6272927955629115,0.641116591929423,0.8873018581310388,269.9999645195668,0.7422571400576824,1.857262768092348
2022-03-19 06:00:00-07:00,286.91645266666666,27.053728166666662,0.6224755970224903,5.5,48.29622135788762,77.78768438309847,85.75409539842407,94.10106859908637,0.0,13.447119544152859,97.26075129909778,1.0,13.447119544152859,30.69338618415307,2.857142857142857,0.9163113442111112,1.5713748683333333,73.33637232933803,73.45872185912785,73.45424351331866,73.4543315947794,73.5605775418048,73.56055926170119,73.56050658857308,73.65099008215697,73.64742414707844,73.64743359033496,73.72304308891593,73.72309774518828,7.32263390652197,7.173213848150897,7.044607367051334,6.96703602106595,6.9740702221405675,6.9664412000331914,7.0035531164258416,7.072701522751056,7.170144088241282,7.290976451460884,7.489743491566031,7.642314274091491,7.987211825365983,90.0,0.6805239630658042,1.8668437502222899
2022-03-19 07:00:00-07:00,724.70405,65.77919833333334,0.6313078769278513,6.5,256.5560109911623,41.22418124795429,74.73713185480726,103.68742155296258,4.662936703425655e-16,27.7197421447222,675.19501637094,1.0,27.7197421447222,159.10518136794457,2.857142857142857,4.833571816666667,1.3033705066666668,644.4257755764448,644.9486187174566,645.3842099897688,645.5426188751545,645.720747164651,646.1089205005876,646.3464765035054,647.9411475542199,649.4929470073192,651.1699853116902,654.036639036821,655.4285390356703,14.585157576921455,14.487170615594863,14.508563360492198,14.436571153393038,14.656255501993837,15.92935364565365,16.07630984072568,17.427578222203724,18.86170042939842,20.306626847795904,21.715533577605633,22.738765489092074,34.89476494000131,90.0,0.46396453271341886,2.0369387082771078
2022-03-19 08:00:00-07:00,808.8512666666667,137.75785499999998,0.6338434219003486,7.5,494.3668098266122,24.787168997494295,63.839752062674336,114.73781341473705,0.0,172.4926576224755,987.5415974952898,1.0,172.4926576224755,289.51473999170696,2.7377556511820322,8.615258011111111,1.147854625,912.0028370732326,913.0365886899467,914.0181300486262,914.1077984000093,915.3950271503554,916.5575840174133,916.826189817931,917.2558497359578,920.0858786146641,926.746502918746,929.9578764596728,933.0997384789739,174.32575903174853,163.54464249670812,152.19363628290523,138.97086579432616,128.68020485702888,116.29951062831985,108.46157611937599,102.69808378101999,98.34867203176603,97.0475061483055,95.22903306509161,94.41395531409617,50.0,90.0,0.366977778440511,2.214355247456318
2022-03-19 09:00:00-07:00,797.0184666666667,180.0799,0.5675486525507466,8.5,648.8534439178288,29.846634177381983,53.97352978293673,127.97903350029583,0.0,336.5445922030314,975.9957999375852,1.0,336.5445922030314,345.112107286571,1.8892985330897274,8.627853016666666,1.7203576699999998,905.3742945060189,905.1555169153476,903.3617080216562,902.5656290131767,903.1301567802008,903.5729166901514,902.7403964394014,902.7222780106986,905.7399026540829,913.8994336470596,917.8211425208794,921.2304459224888,190.1451701779858,171.03130882602764,152.0322922185671,137.63665488418758,128.11013009224246,118.62463807000908,112.67971376183496,110.00095950081439,109.94402895197582,113.66602209935495,117.77359085245034,122.01956340654678,47.30449990974087,90.0,0.3825160728245313,2.1790409082658617
2022-03-19 10:00:00-07:00,860.5780333333333,181.54703333333333,0.4335177915060392,9.5,779.6878556804893,35.88622745688657,45.96916313317107,144.6176971489171,0.0,466.11049659445695,930.606097589745,1.0,466.11049659445695,335.96760422358284,1.4609885292378233,10.754198494444443,1.5105384383333331,887.6751278007514,888.9153507809782,888.7241180589308,888.7707829689925,888.3292571529241,888.9638684634954,891.9451405955825,895.1235751276176,897.9040282483566,900.6118664281854,903.5061175115202,905.7400404289065,176.33987788741814,158.22195173681652,142.85306131644813,131.25298859577762,124.64679248594761,119.18605162284811,117.20984005190276,119.61381430643137,122.36330980717489,127.45400595983894,132.83612690746236,138.16597463585325,30.919796221057506,90.0,0.4930811546246742,1.99925543587825
2022-03-19 11:00:00-07:00,840.71985,213.65451666666667,0.278436316553817,10.5,847.7814930942882,39.4232235446803,41.03866425932661,165.28846968557252,0.0,543.3068309871596,875.0826807243268,1.0,543.3068309871596,241.58703262119622,1.1660785518878352,11.59484788888889,1.2888675333333337,855.9930233691881,857.579898611425,857.6784247201655,858.8840721425127,860.2158812081032,860.0639406929513,861.3281135257103,861.0621282409226,862.4399795221964,862.0502120497172,862.0381912162284,863.3163830236974,126.840155601095,117.20993080853353,108.60518860823167,101.40952262202391,96.8335985617196,93.77231401703956,93.77171053597685,95.30334929987629,98.33709670689367,103.43581903919203,109.14355397344409,116.2067934527068,12.465262681002422,90.0,0.6420761675618466,1.8807158063257234
2022-03-19 12:00:00-07:00,936.1614333333332,161.21163333333334,0.1983037360463643,11.5,874.3764712366426,39.86126863993227,40.37713804492851,188.36089018923437,0.0,567.8389391681916,884.4890773218542,1.0,567.8389391681916,176.61170282188175,1.0927675270714314,12.999708666666669,1.2160574416666667,874.6114900147526,874.6115125158925,874.3055412723631,874.3060616196485,874.3069409078652,874.3078141055032,873.8881441056991,873.8872862005074,873.8857125039087,873.4276656573905,873.4289295421386,872.8391696017362,87.99285703138571,82.12639917498996,77.22667227669815,72.86950878100734,70.13276842610769,68.72772339627389,68.99703360210806,70.74815972813714,74.01033081543794,78.71707981785387,85.0389997640407,92.05151644422675,7.048938145330699,270.0,0.6886414679775481,1.8647011600179333
2022-03-19 13:00:00-07:00,929.2044166666668,136.26715,0.1844812309960008,12.5,802.6319704369484,37.11541975407316,44.18157221165635,210.0230772119185,0.0,492.72674196921264,902.6880606936876,1.0,492.72674196921264,156.07010951123044,1.3703271629991662,13.924592222222223,1.3809510433333334,890.8101518299567,888.7047017578831,886.512705747238,884.5165467689422,882.2262238650164,880.0096444714577,877.4692372438468,877.4830733174275,877.3614083786664,877.1750036217846,877.0535412127504,876.8008361363784,70.18719440979832,66.00251519023017,61.81075402388,59.77466695496231,56.866023335476854,55.2481830275598,56.24666524203426,57.032277061812586,60.71023149276465,64.63355957827905,71.33694188808197,79.15093483271923,25.931565390837697,270.0,0.5313513467867217,1.95782585753033
2022-03-19 14:00:00-07:00,822.2983833333333,160.77401666666668,0.1921690116935049,13.5,673.3441138371954,31.67236855099009,51.439671386708156,227.81901034461737,0.0,362.21580806701553,918.9670671889561,1.0,362.21580806701553,142.22366634998784,1.746068850244526,14.946463944444444,1.2319386283333331,897.8212277503238,893.871569106603,890.3558595265008,886.854698586428,879.2585505335129,878.875049630207,878.7420680610787,877.8959141939977,877.3564670809664,877.1170738771472,876.5458604616858,876.0589919959748,58.000810700547596,53.83030575603342,50.021997085115245,46.78956420780207,44.54678497342197,43.02324361059226,44.4427390798589,46.5849559915054,50.7167478576778,55.191806057074885,60.964250082814814,68.98782794511705,42.910176613345676,270.0,0.4095745154360951,2.1247208764256467
2022-03-19 15:00:00-07:00,740.1969833333334,145.5131,0.1955290005229627,14.5,505.85254640917844,25.405622034985143,60.86850509427744,241.91905162478884,0.0,205.21370581033398,888.5721614225336,1.0,205.21370581033398,114.87987425656576,2.4364773807198796,15.27429861111111,1.1204276283333334,867.0011537162623,863.4295118826108,859.7904058041056,852.2748253358383,848.6190112157282,847.673293193065,847.3350577324445,846.095202758673,844.8270976396042,844.3804488205787,843.2348048459572,842.0016688199095,48.5763220026452,45.833441457387636,43.44632680219101,40.94884858604077,39.426934964304635,38.47144787725174,40.483628498020096,43.84348094621349,46.6959477987217,51.04791404648339,54.98062272476256,59.189201348422735,50.0,270.0,0.366977778440511,2.214355247456318
2022-03-19 16:00:00-07:00,222.799855,117.87752,0.1911644862816444,15.5,188.48011903508143,25.801749941826404,71.52517206420612,253.49144088682064,0.0,61.71546571703431,367.9958103384737,1.0,61.71546571703431,49.936718093852264,2.857142857142857,13.727322555555556,0.7252630416666667,358.2353701605097,356.96143689674153,355.66098356895066,352.93961891906855,351.58194183166967,350.3825524515656,349.8205224981492,348.59545743456215,347.3393202405707,346.7447908962531,345.4536162285926,344.14529288486295,25.00333149052362,23.759331443313773,22.525066989740566,21.270920779592412,20.054395710167917,18.85052357369769,18.291778668471807,17.7395852758937,17.18872360960741,16.709948502570395,16.252035332789486,15.88470476934787,50.0,270.0,0.366977778440511,2.214355247456318
2022-03-19 17:00:00-07:00,23.506255733333333,57.52670666666666,0.1772717112862287,16.5,60.468612125029345,69.04814850976221,82.81034216072194,263.6505833889827,6.994405055138481e-16,32.59114793738328,78.4794872218867,1.0,32.59114793738328,10.745966225045494,2.857142857142857,11.344142483333334,0.6109251899999999,72.2687223573198,72.37513309761786,72.26399314414007,72.36473300579976,72.25319711424235,72.36074946516216,72.2479236388584,72.23460165353421,72.24174299576903,72.22823213480851,72.21334337647596,72.09700284047463,5.2685410473664165,5.165708395050564,5.068502746713606,4.982363876314428,4.903815965635618,4.845463606600312,4.80564612310334,4.763475031853754,4.800975099799498,4.836016856639432,4.9111696681205,4.978899529643762,13.851610357872909,270.0,0.6302959350161881,1.8862238351305138
2022-03-19 18:00:00-07:00,0.1524089666666666,1.325223466666667,0.99,17.5,1.3265047834855797,88.62360725358482,89.51830320495934,269.2875399038385,0.0,0.8475255913309593,1.32880357531337,1.0,0.8475255913309593,8.079571768474802e-05,2.857142857142857,7.9654041,1.1264568316666663,1.2533752926682555,1.2533752926682555,1.2533752926682555,1.2533752926682555,1.2533752926682555,1.2533752926682555,1.2533752926682555,1.2533752926682555,1.2533752926682555,1.2533752926682555,1.2533752926682555,1.2533752926682555,0.7404257612173009,0.7244635132973961,0.7106720120427731,0.6996291988190805,0.691805674767567,0.6875556029319989,0.6870839527758658,0.6904390258866835,0.6975068001547755,0.7080097071814909,0.7215269789576386,0.7375170264250093,0.8947651179337396,270.0,0.7421920187050173,1.8572647937209275
2022-03-20 06:00:00-07:00,1.9350839333333332,27.3844775,0.1813010855259531,5.5,27.5317258527139,77.4429540537772,85.6359142135861,93.68392644328219,2.733305307945643e-09,17.021057263786258,28.817765658122227,1.0,17.021057263786258,4.804772219525491,2.857142857142857,3.477559922222222,2.057935265,26.75359713550959,26.75356228436047,26.73924666343067,26.737627718797828,26.72521854674586,26.725207875153988,26.725186504959506,26.71457270002129,26.714551457154293,26.71327335736463,26.652676383033267,26.70447449399017,2.659601077004307,2.5998678697898723,2.5581498044326,2.525983028947691,2.5081910895262114,2.5067407353079294,2.5205706153441985,2.545964390133349,2.5832074261772733,2.6224073210342325,2.6733372196204237,2.727742735788663,8.210231504844192,90.00000372151304,0.6785971604081301,1.8673921117564893
2022-03-20 07:00:00-07:00,417.479011,75.03891333333333,0.2008065193140221,6.5,187.17134079028838,39.87795270124347,74.41937124925019,103.43191174053982,0.0,34.104110761411384,445.26313620366096,1.0,34.104110761411384,44.73722579124848,2.857142857142857,6.222230105555555,1.5861074524999998,427.69269939092953,428.34711468246877,428.6384900302873,429.2276003659175,429.5030823067373,430.0603761310617,430.3219529685577,431.66091536605495,432.9401985107458,434.1889150175866,435.58544902271626,437.79937965044695,7.1977958630591985,7.29196719862312,7.244524998262938,7.431353640529163,7.657782033825424,7.708072716632196,8.74081913159334,9.81102938198757,10.914175558176272,12.031054355588557,13.185596923818428,13.96804842001545,35.94423639285818,90.0,0.45650120433626806,2.0475541790008296
2022-03-20 08:00:00-07:00,431.5234516666667,185.33758333333333,0.1937528815403077,7.5,377.84543769180834,24.401273873324264,63.50548428596637,114.48856301670929,0.0,154.55759810371782,650.6218763448237,1.0,154.55759810371782,93.90637154292159,2.711350310900447,10.59918532777778,1.0763467633333332,608.8790077678742,610.6514340423289,612.3888517886794,613.1378604487726,614.8941095120992,616.5883632283857,617.3235752577314,618.8394439065355,621.6556383981281,627.4501968791018,630.2464672358433,632.9964961267107,48.84042212477812,46.999322719140096,45.20868135191792,43.118148119464955,41.724853538982046,39.95299212058899,39.09639494981772,39.99209500255899,41.2138875750458,43.049917266968876,44.814861236543244,46.79679236665419,50.0,90.0,0.366977778440511,2.214355247456318
2022-03-20 09:00:00-07:00,451.949008,247.5151833333333,0.1914404306146777,8.5,515.617625681453,29.532237202094898,53.61458908098009,127.75457535054443,0.0,277.02892200047467,696.9785893442959,1.0,277.02892200047467,121.61212263322388,1.8789847050774058,13.534275333333332,0.9403268816666668,648.6378731360847,650.4194682708863,652.1224292168301,653.8587867452816,654.6569399527909,656.4625726340396,657.0689776623794,658.694861697313,662.078339764431,669.1516848190387,672.7750334582676,676.0802659412725,58.74164918364,54.82052691737695,50.98782116311843,47.9876740932126,46.60486170461003,45.35237183996056,44.859312275340976,46.67914622476146,49.43157641529905,52.39640495272575,55.651851701651225,59.13141591374246,47.01604120053856,90.0,0.3842276933808804,2.1753492821935803
2022-03-20 10:00:00-07:00,603.6213176666666,199.58645,0.188631829177415,9.5,622.0500265810332,35.53703608691114,45.58247813297493,144.46410307611717,0.0,373.97828098913277,726.8139990946961,1.0,373.97828098913277,131.82370573562076,1.4562452709654192,14.837251777777777,1.4341762216666667,693.8104152199261,694.1819364417489,695.0806767568313,695.4258647940787,695.596501876224,696.5965507669166,699.7523011542467,702.8381673194394,706.1333224018392,709.1316928946471,712.1508696728459,714.8577373786417,62.98772191816453,57.14474931068466,52.07368145407591,48.44285411566622,47.44340236025112,46.07042819444383,47.442716748805616,49.19458303720025,50.60082023489252,54.10954206280086,56.99988641651439,61.10984251475433,30.674387714004812,90.0,0.49492075157343757,1.997062449222435
2022-03-20 11:00:00-07:00,574.5997855,316.8738333333333,0.1873691280386028,10.5,752.9116971403339,39.04192710679469,40.63664770525282,165.2814230658721,0.0,483.13093129047525,772.4187006824814,1.0,483.13093129047525,147.05474314375857,1.1638054896764827,16.342576333333334,2.191987925,752.9120213659357,754.0315239255633,754.1793509129045,755.4185416327466,756.5263027755452,756.5483582876285,757.5900558622864,757.5111172616332,758.6224845750769,758.4320208959443,758.3535263504742,759.1863210260178,77.16497330471229,71.22913255404768,66.87796876768091,63.065212546696756,60.63298048447938,59.03872544930213,59.27024369726204,60.27275431814401,62.02011367352637,64.59713266677748,68.28533007769204,72.16849048419073,12.300680506249407,90.00000085377364,0.6434790046484211,1.8800998129543038
2022-03-20 12:00:00-07:00,315.4477248333333,374.11216666666667,0.1879072595750484,11.5,615.7843748587067,39.4614988808876,39.992869781758806,188.54409299527742,0.0,398.7473550510919,620.5983288290192,1.0,398.7473550510919,118.16404301357215,1.0935051859961324,16.251447555555554,3.5968322833333333,604.835213099352,605.333868905423,605.3331791932347,605.7282611123607,605.729102188414,605.7294900483655,606.0843348005795,606.0838529570561,606.0833643738866,606.0830449313821,606.3480136422838,606.3481251016199,62.43092730533481,58.7135646356477,55.45147807889662,53.01282437792282,51.354007508720336,50.508046770290996,50.46257476390184,51.30278801144575,52.84376083602378,55.32586752687015,58.00517727898886,61.197612332039796,7.1043640184499655,269.99999692167535,0.6881614705884591,1.8648203364264966
2022-03-20 13:00:00-07:00,539.6913628333333,349.2145,0.1885416481553181,12.5,738.443810684779,36.71530770674224,43.84575859836214,210.3412114278775,0.0,460.3309964547682,806.7621372173821,1.0,460.3309964547682,151.3638351243407,1.3694880565414556,17.491758333333333,3.3307643,790.900800627325,788.9585310159945,786.7513027147061,784.7122021159115,782.3904708471196,780.1414476428137,777.5777066121523,777.0222991725786,776.3358985696526,775.5382438391161,774.8177633732014,773.2665892292176,73.90787020341159,70.05074076274043,66.16227878590912,64.35540108153859,61.501554536600715,59.67094129002958,60.2277716270988,60.32525368158976,63.03532342878172,65.66952071702293,70.87642117147485,76.62169063166378,25.882431087496435,270.0,0.531737034197412,1.9574511816027123
2022-03-20 14:00:00-07:00,30.013021166666665,290.841,0.1883963367188951,13.5,309.6645280428145,31.2843208247599,51.1577213999296,228.18623688601966,0.0,201.19391898533044,294.2112693584389,1.0,201.19391898533044,73.20684746943415,1.742438140148811,16.711561222222223,3.0313573000000003,281.2408262216224,280.07858546781335,280.55905611100275,281.0654679953973,283.3463173274275,280.3544042900544,278.91755415697446,275.729250584564,274.23083444374043,270.92110093131197,267.5763752165663,264.1508217788044,45.83186949338772,46.048888828311846,46.25228792642235,46.51177456337458,46.686205691176895,46.99414376533254,45.69549375011312,44.62712993316486,44.82412099617006,44.08908530084959,43.665622360931515,43.77477312199544,42.78693084444093,270.0,0.41036303852209166,2.1232580313069396
2022-03-20 15:00:00-07:00,4.048991316666667,196.34846666666667,0.1863656339452727,14.5,198.33434742014737,25.004519301361167,60.62897695370237,242.28911927355912,0.0,129.14113242117713,181.8921290231231,1.0,129.14113242117713,52.70663196941018,2.425058144382442,15.831664722222223,2.5535349666666667,171.788761496311,172.27521621781847,172.7676315023989,173.64739677457058,174.16167209686,171.76255449529302,170.64113058063464,168.1751183867539,165.6454226328791,164.45560892966637,161.86867856244845,159.23859438808114,35.94827071128026,36.387016461042776,36.81231208337757,37.15097891114912,37.56124921058313,37.97473881688988,37.00391632656643,36.116394499085914,35.205067373652476,34.51705602419992,33.85135870435818,33.364476097658994,50.0,270.0,0.366977778440511,2.214355247456318
2022-03-20 16:00:00-07:00,6.607755766666667,127.591,0.1873490609406383,15.5,129.70809183071535,25.44781474723148,71.31318622913281,253.8518106802123,0.0,80.41868206864488,130.05669472632928,1.0,80.41868206864488,34.363459624330446,2.857142857142857,14.935752444444445,3.02847815,123.40047725676678,123.77707605564032,124.1580016679751,124.8530932193818,125.24648097098054,123.65884373492693,122.91378898762943,121.29073553901566,119.62560811221923,118.83777247266283,117.13004358125653,115.3961793879281,23.089011105462554,23.410232269083565,23.711365940793122,23.957918238232523,24.22232918696516,24.47154252065094,23.749937706690353,23.040991861278886,22.33213517263952,21.725532079188746,21.147587053275274,20.68198491004747,50.0,270.0,0.366977778440511,2.214355247456318
2022-03-20 17:00:00-07:00,1.2690883,42.69600333333334,0.1788088560950859,16.5,42.859186292388635,68.44590501339457,82.61229311897985,264.0032751159981,1.5543122344752188e-16,26.718072263735166,44.827497015876254,1.0,26.718072263735166,7.392237551338657,2.857142857142857,13.591112666666668,2.2997338216666665,42.28173710830133,42.31221595572598,42.3120040970331,42.345256073790914,42.35058059715375,42.387524047651574,42.276717666352695,42.433019883300744,42.47581536271574,42.37158037515272,42.529073343624205,42.42708639808184,4.199082538464768,4.158967240687841,4.072712451999151,4.001123005159436,3.977990427392238,3.916998141222054,3.8830319749050464,3.911267137805009,3.902461010030669,3.935921661709631,3.9892887775094032,4.11564858177049,14.24869416827799,270.0,0.6269343984188425,1.8879063375926128
2022-03-20 18:00:00-07:00,0.0993663333333333,0.5851608833333334,0.99,17.5,0.586335506427904,88.06448531564737,89.3226829338525,269.6387584352402,1.7827503552695723e-09,0.3742830127179921,0.5884464041665217,1.0,0.3742830127179921,7.054466033429229e-05,2.857142857142857,12.58959411111111,3.711470183333333,0.5538153253711405,0.553815325384262,0.553815325384262,0.553815325384262,0.553815325384262,0.553815325384262,0.5538325114237688,0.5538325114237688,0.5538325114237688,0.5538325114237688,0.5538325114237688,0.5538325114237688,0.32568371017194875,0.31860776568335314,0.31263638436828106,0.308007260265477,0.3049022969489295,0.3034399390437052,0.3037330110351812,0.30574078270576405,0.30930543739762817,0.314265540142107,0.3204038903010153,0.32746604788275685,1.2582225995333884,269.9999750791677,0.7390208189537403,1.8573839710437068
2022-03-21 06:00:00-07:00,0.1646217166666666,6.84018975,0.99,5.5,6.8536052982937345,76.53580434026924,85.32560068363699,93.42766521312387,2.2537527399890623e-15,4.408018479736737,6.785566321303156,1.0,4.408018479736737,6.692765452110487,2.857142857142857,-0.7308813272222222,1.6997486816666667,6.428086532309359,6.425156441320137,6.419407097819001,6.419475113846346,6.414381810708848,6.414338983927166,6.4251876908970065,6.407493372978649,6.407505198945333,6.421443809512804,6.40382854721676,6.4038395407085,3.7560565291968118,3.6793915737936147,3.62043580521346,3.5742880776251846,3.5551923338902847,3.5552405719502986,3.571191174757493,3.6079978784779243,3.6587107610134986,3.722666841837852,3.7937801572986465,3.8685594897625317,8.805877507663743,90.0,0.6734563951075334,1.8689301744675821
2022-03-21 07:00:00-07:00,0.1777079,20.532587666666664,0.518957087536524,6.5,20.58126736864797,38.495227812278095,74.10168138211759,103.17609394489507,1.5543122344752188e-16,13.833250869533686,18.637129296402,1.0,13.833250869533686,10.633421963027498,2.857142857142857,-0.7564777699999999,1.975546866666667,16.658529655143116,16.75361953840487,16.987369192633352,17.081446620700568,17.300350989196033,17.391247362652265,17.602733359558737,17.53174780805765,17.43115166257361,17.33284562453351,17.26522667582391,17.17406385883006,6.158823115912563,6.14691534088103,6.107675650912609,6.181217322388323,6.290351970107438,6.331986582596096,6.3151256975505605,6.326883430702826,6.298058720556429,6.281126135350663,6.23195076028032,6.199146027803635,37.03254835555147,90.0,0.4488656941679371,2.058849352594457
2022-03-21 08:00:00-07:00,0.31214585,72.07857833333333,0.6156996479511189,7.5,72.21945662668737,24.0161270341318,63.171465389101144,114.23839585272049,0.0,49.5609270371544,63.263459827884354,1.0,49.5609270371544,45.228987585914325,2.685530420922902,-1.2994256544444445,2.1258035733333336,52.508705557803005,53.41811666123879,54.31713983926745,54.64910183923097,55.532139894666614,56.3810143051447,56.6905249755712,57.550013135924885,57.16441849755992,56.562490889041385,56.18540769312904,55.812883458843885,26.828488349671677,26.901716868856834,27.18136723005225,27.43045789087152,27.93498719862296,28.34943296778424,28.840518338064783,28.5860887083873,28.306580852167464,28.144856798435665,27.804709414463606,27.430451304840744,50.0,90.0,0.366977778440511,2.214355247456318
2022-03-21 09:00:00-07:00,0.5678466166666667,212.4874,0.7506634382328733,8.5,212.82710934458132,29.217621369206206,53.255950551232466,127.52865576200804,0.0,141.90028632796734,206.4994069718934,1.0,141.90028632796734,155.67281541962075,1.868861327440122,-1.4883017944444443,1.4993763283333337,175.56463499581562,177.76474135086406,178.469058291966,180.5664817972168,182.7975802400292,183.50574217267376,185.50327007585526,186.1804931565663,186.5762604371957,184.0406264624252,183.20113631622513,183.70769917430042,89.63059723404389,88.00668620893761,87.82890655618398,88.25153687832449,88.57141401488397,89.88165912263969,90.56312903677434,90.4149308043018,89.78700169738967,89.17962747081275,89.04774623361199,88.3093344199586,46.72900805574712,90.0,0.38594005767194006,2.1716930533144816
2022-03-21 10:00:00-07:00,0.6218501,195.03095,0.7684714236502584,9.5,195.46915779929952,35.18770042025066,45.195981610459626,144.30918046820966,0.0,129.4003134616706,189.03250183482564,1.0,129.4003134616706,146.30956687359944,1.4515664244093864,-0.9872127612222222,0.887095465,170.4185076316628,172.17257258838134,172.76320510039776,173.79880800412863,175.30521681029845,175.93406943714248,175.65065192554192,175.10576602127892,174.92093261034978,174.41381209368777,173.9067638320082,173.68288132119008,81.72717220468148,79.77131294683555,79.14176001760065,79.12803973110239,78.33328211253027,79.30037250783299,79.16355822859823,79.87471830073014,81.21714830386372,81.5887008372083,82.2826428388279,82.51975055710354,30.430655252558907,90.0,0.4967524166256601,1.994900057195982
2022-03-21 11:00:00-07:00,1.7843314833333332,346.76095,0.7272442390645034,10.5,348.1231165053269,38.66067522216847,40.23475150056232,165.2750210887032,0.0,225.1087593290134,345.06991892989635,1.0,225.1087593290134,249.93390068392722,1.1615526932386122,0.4726860908888888,0.8907599616666667,329.2315705819871,329.1542566334598,328.9850581215873,328.9029492403409,328.8244701429586,328.6714236995826,328.6170832408792,328.6203388848223,327.8870044557105,328.5531500610145,328.41731778930614,328.36923586030696,139.38482979124083,134.86183561709288,131.77034699939995,129.0519925222963,127.95897778582287,127.74938734624965,128.28495682942383,129.80942052472903,131.93079755981805,134.71939152888444,137.94834265518324,141.27967392849618,12.137320798420738,90.0000017075473,0.6448722910746522,1.8794963672169591
2022-03-21 12:00:00-07:00,1.5727745000000002,346.76585,0.5341413656421187,11.5,347.97753322785553,39.06188382604675,39.60916349129086,188.73091514666987,0.0,224.09265443599887,345.73004944867955,1.0,224.09265443599887,184.095589822758,1.0942426528622566,0.6008941117222222,2.131615585,329.9869091593108,329.9474137202312,329.94683775756334,329.4317682373699,329.8648369944662,329.86508258945105,329.3993372744092,329.83669863958664,329.83623577003726,329.8358079220665,329.77559716242723,329.77584833151514,102.75110562681726,99.74024825667003,97.05232930979666,95.27140705270321,94.1929467799649,93.74098719924073,94.11625616223444,95.15776947568035,96.81751255217345,98.89266979209533,101.3851814028738,104.2631102301587,7.159761979899817,269.9999954822545,0.6876817727434067,1.8649403807266862
2022-03-21 13:00:00-07:00,7.749519666666667,436.2301833333333,0.1927744176998268,12.5,441.8504417468884,36.31526226022868,43.51121801580912,210.663721544316,0.0,287.65431831745263,430.68886765264403,1.0,287.65431831745263,89.81447562906025,1.3686690183939003,1.6598965577777778,2.45612293,404.40736567474505,407.81693893289474,409.3101961310025,410.8834993539452,412.2971823377769,413.62445808832433,413.5381466647773,413.3004405143664,413.1877945550484,412.9607875209722,412.8869167275718,412.69490265454925,50.905152167967614,50.01911692848371,48.79079525811321,47.881146875286746,47.5547492884295,47.39940067468509,46.87456046880886,48.07837266870493,48.64823184948482,49.557232246205366,50.35140100490557,50.3244053117552,25.834418224931373,269.9999987925817,0.5321140737425484,1.9570856964270895
2022-03-21 14:00:00-07:00,1.1067346833333334,325.4313333333333,0.1591096960069118,13.5,326.12966328922533,30.89616562782518,50.87737058765004,228.55668101688752,0.0,213.32083186533052,304.00017491699253,1.0,213.32083186533052,69.82304741202626,1.7388727465420684,2.33335205,1.853369195,273.55066127001396,275.3171279633052,279.01231600081985,282.6571248052776,284.332696216273,287.83906696211443,289.4452997073812,292.7479777822133,290.3764113336015,289.9133826845243,291.2281827096225,290.81267417948044,42.056159097524066,42.4104265024801,42.96389115394865,43.9152434417118,43.81071685674624,45.06271361736617,46.501406610014705,46.26897821813595,46.12199906601704,45.915911728255274,45.74756697759286,45.62737504673723,42.665276474918116,269.99999914622634,0.4111429210837202,2.1218174052011305
2022-03-21 15:00:00-07:00,0.4210243,208.44951666666665,0.1704302274260318,14.5,208.65753605932989,24.603554931284574,60.390943159917576,242.6611192334575,0.0,135.99246246772603,190.99241841870406,1.0,135.99246246772603,52.77486047010896,2.4138436636726723,2.6944868166666667,1.7655567986666665,180.76674587175657,181.25185882608486,181.7431117940465,182.62505643120977,183.1380239143777,180.60584735010323,179.41312237571915,176.80923678275258,174.13868465486124,172.8742398203705,170.14255628196173,167.3656811264138,36.51447169642569,36.94288430602294,37.3585383441308,37.69823892814123,38.099120931466786,38.50415679074473,37.48000566179873,36.531223389629766,35.56767860847738,34.81533554438894,34.09325023233453,33.54417015297713,50.0,270.0,0.366977778440511,2.214355247456318
2022-03-21 16:00:00-07:00,0.0390838833333333,107.50489666666668,0.1702687198980947,15.5,107.51755508835946,25.095587715354377,71.10236901432195,254.21321042777936,0.0,69.83802304500814,97.78382731971475,1.0,69.83802304500814,27.43162371896511,2.857142857142857,2.8972683666666668,1.1277132583333334,92.42668424126151,92.76581951571171,93.1092689999389,93.74499898144194,94.09991070974141,92.71464959748846,92.05927436650751,90.64137203591557,89.18744647376352,88.49478067042386,87.003276699646,85.48874953306466,19.214669628463668,19.50303912847568,19.774897086047666,20.00713552835858,20.248643269477785,20.47752828845584,19.85380704714435,19.237428498447624,18.62589644212908,18.092579139261716,17.58677024547147,17.170632676547815,50.0,270.0,0.366977778440511,2.214355247456318
2022-03-21 17:00:00-07:00,0.0,32.294443333333334,0.1630131724307119,16.5,32.294443333333334,67.84374411205332,82.41500342637815,264.35638099772274,0.0,20.960264929250137,31.347717088955296,1.0,20.960264929250137,5.057121587365021,2.857142857142857,2.841339611111111,1.64140096,29.754692753098187,29.875238720311017,29.782567711566116,29.906540359044726,29.816499438993063,29.93720232643017,29.85421192205773,29.889738213118115,30.009980023924705,29.932874168537015,29.973978491553193,29.88896010673139,2.9981996578294825,2.9733835638824133,2.9153611701836217,2.8575912163747974,2.8456109926114443,2.809026859966161,2.7757781365451297,2.7962182341210946,2.802916466059532,2.8098760006733507,2.852336429741465,2.9390112818398197,14.646437789913012,270.0,0.6235732018865113,1.8896383047633427
2022-03-21 18:00:00-07:00,0.196466,1.454789,0.99,17.5,1.457121790195435,88.05586591362126,89.31966765971372,270.15017025879655,0.0,0.930520293206728,1.4612771700725227,1.0,0.930520293206728,0.0001769435058766886,2.857142857142857,2.7053120055555557,1.8855205,1.3766005161606905,1.3766005161606905,1.3766005161606905,1.3766005161606905,1.3766005161606905,1.3765577893449719,1.3765577893449719,1.3765577893449719,1.3765577893449719,1.3765577893449719,1.3765577893449719,1.3765577893449719,0.8141234194914213,0.796568040037427,0.7813085779886714,0.7689778994563924,0.7601158066167776,0.7551239525711915,0.7542518045527572,0.7580297639376493,0.7657485051071533,0.7772567864280318,0.792102530606914,0.8096948916289862,1.2638060535735713,270.0,0.7389721059258649,1.8573861156256226
2022-03-22 06:00:00-07:00,0.2876319166666666,20.733669000000003,0.1710630540716212,5.5,20.757700173490598,76.18960814234713,85.20744520434732,93.01109420991997,0.0,13.365728295539402,20.43335419896343,1.0,13.365728295539402,3.394885997357903,2.857142857142857,-2.239838925,2.95921905,19.44797068049983,19.432471725498875,19.417239689942,19.417273022638582,19.417269815458454,19.405124977865952,19.40509508819411,19.393347599804013,19.39336274659195,19.393391200299913,19.384446322671327,19.384445733328896,1.9616541920668578,1.92148712610226,1.8879305816554213,1.867628886296477,1.8577010397109373,1.8509213447876145,1.862061013936816,1.882321466582043,1.9095241039804607,1.9428633721551685,1.9734922947321172,2.0167012807832365,9.030578285120995,90.0,0.6715192180696511,1.8695381449880375
2022-03-22 07:00:00-07:00,0.07049015,77.16513833333333,0.1780145168732381,6.5,77.18482311502117,37.0724700972867,73.78420774745562,102.9199469610171,3.5038810841011536e-09,50.56288194510405,71.3455741373904,1.0,50.56288194510405,16.771224387535277,2.857142857142857,0.4561689732777777,3.7988202,64.33385059667613,65.29689050161593,65.74987394473331,66.67736610026591,67.5683635352203,67.98747833876901,68.39833491099826,68.64275293244165,68.4113188159793,68.18547233647669,67.96769867989074,67.79231311868634,10.241333916953979,10.157750947174552,10.40101039838191,10.69953390025566,11.046852524455428,11.10780346647611,11.044509183064495,10.976659449870509,10.874167699225762,10.757923684419577,10.640992585105304,10.965239003152671,38.16393785041913,90.00000120741828,0.4410431739898179,2.0708968914000394
2022-03-22 08:00:00-07:00,0.3090924333333333,133.64028333333334,0.1764795863000804,7.5,133.78138724840144,23.631836548190023,62.83784081675508,113.98727265469262,0.0,89.3264008879501,115.02267042993005,1.0,89.3264008879501,35.09406685333032,2.6602862427106735,1.1581493905555555,4.094829316666667,99.44401614525859,101.33718033551247,103.201123102959,104.06338448694311,105.88214118452441,107.6551181957685,108.47113587063234,110.20063888657293,109.78176861546845,109.04289524397089,108.63959315667137,108.24166713287985,22.507777209323923,22.96302835276664,23.534223742610255,24.130553597799107,24.845901540197648,25.555905600075445,26.2991171972609,25.997381891213248,25.687031164723525,25.405240444189474,25.06919073614469,24.717506460125943,50.0,90.0,0.366977778440511,2.214355247456318
2022-03-22 09:00:00-07:00,0.6178358166666666,255.11815,0.1744579296895221,8.5,255.4908527908868,28.902825481940184,52.8977569554892,127.30120055251545,0.0,168.82953243906937,230.1853508492945,1.0,168.82953243906937,62.050145951706654,1.8589277184300044,2.224240188888889,3.9516329666666663,202.7863883847905,206.01802525414215,209.18268745217924,210.44832978113098,213.5602283178017,216.57101596884925,218.10857826869565,220.9872903718194,220.46313929644805,218.06471676271485,219.11562539921707,218.63702545865542,38.144619207555785,38.61937583923618,39.244660147655644,40.180188794931254,41.26970958976929,42.43880639541675,42.55435767499172,42.22867980943741,41.918455071029946,42.80436623547464,42.48709351846265,42.14930557275668,46.443526265563776,90.00000085377364,0.3876522298571898,2.168073648797184
2022-03-22 10:00:00-07:00,4.2341482,365.38035,0.1752751960112677,9.5,368.3842670488011,34.83827911505229,44.80980489885041,144.1528111449935,0.0,240.74973069214937,352.8101775176685,1.0,240.74973069214937,71.76817430887901,1.4469530727672586,3.5522494833333336,4.385772366666667,326.8810056818513,330.22245337592574,331.72332007539,334.84865295366023,336.39041897570553,337.8000051244767,337.57781460439753,338.73603185116974,338.44394993178867,338.2752228998502,337.9804020466803,336.28581584045946,41.78272460615459,40.82124758504681,40.9134841822398,40.47168972595435,40.088357124855015,40.984296774134684,40.129725676333,40.34851049049501,40.924910765671584,41.22166172248904,41.51909916761879,41.735095408796184,30.18871781355505,90.0,0.4985751242978935,1.9927690216337521
2022-03-22 11:00:00-07:00,99.30746783333332,414.9372166666666,0.1757351149378424,10.5,491.1967887912979,38.279546244832865,39.83308482648913,165.2691430034149,0.0,316.5918008023676,492.24482994402933,1.0,316.5918008023676,87.45178211649936,1.159321622689809,3.800296205555556,4.801857883333333,474.54436839689697,474.86415085225474,475.4230336608918,475.2157543038547,475.531604678831,475.4779729958913,475.7721821472373,475.7747525543965,476.0339833413319,475.98691899794125,475.98454635483796,476.21670244948996,47.64649639501704,45.29540005607625,43.50233335684663,42.276910392747794,41.31374517977177,40.93269141569677,40.958174288147305,41.64946359074368,42.518939121419315,43.72408956893806,45.14373368267073,47.01242164956224,11.975299178563704,90.00000269986933,0.646255009174867,1.8789057143626557
2022-03-22 12:00:00-07:00,233.55553933333331,426.8145666666667,0.1773671121317894,11.5,607.739862366542,38.66252231909438,39.22610807599719,188.92127156408233,0.0,393.16496385181927,610.46268379973,1.0,393.16496385181927,109.05778864960108,1.0949782696595203,4.228912594444444,4.6096757,594.2921563765856,594.2499992744962,594.1176921270246,594.1180169869541,594.118417532102,594.009977465559,593.8777451877779,593.877518331313,593.7495251151729,593.61595732775,593.6165524782713,593.2777487166295,57.605451536625885,54.87384537225574,52.569259189062564,50.68197552481038,49.12933559599347,48.37467828064326,48.30207328268757,49.05034546447061,50.42605285961175,52.474910461473144,55.11071686374128,58.40390405974617,7.21501106870136,270.0,0.6872034220283615,1.865061026253788
2022-03-22 13:00:00-07:00,257.49226806666667,312.5196666666667,0.1789675421019954,12.5,500.2910676096489,35.91540262501724,43.17801676961062,210.99049767626036,0.0,314.868434366778,537.1332851305627,1.0,314.868434366778,101.24778961652831,1.367867929103003,4.753410194444444,4.956442050000001,524.6161634683881,523.0426760711197,521.2831492457734,519.6118023871143,518.3733303448623,516.6124903896075,514.6369839701158,513.2317795686929,512.3665525862241,511.70016784615484,510.9413668586776,509.1474052388745,51.510536485164835,49.64204593362991,46.910405535426676,45.09011684146795,43.67384234424839,43.041899936711445,42.575750449566925,42.209331446111584,43.37262535648389,44.43713999270212,47.33728274632149,50.40068780357724,25.787409125707082,270.0,0.5324833790882927,1.956728464483227
2022-03-22 14:00:00-07:00,158.34276205,271.89528333333334,0.1800856639781299,13.5,372.4031390976652,30.508036615770763,50.59865458399602,228.9301994779747,0.0,224.57357356324243,421.74893096843624,1.0,224.57357356324243,86.04642949749466,1.7353689479727679,4.385676733333333,4.556442683333333,407.1700461035276,405.82195940680475,403.3459928283996,401.78570609203894,399.9885386223581,397.7539337069094,396.6952912575355,394.25409810489475,393.19060526269976,390.68150600024836,388.1787547904011,387.0727792048348,48.31004245742529,46.54315931747663,45.008804164568105,43.758598560686075,42.48633071318781,41.57053475649426,40.947945539719555,40.72518350746838,40.84525267024118,42.10674463932931,43.3196478208461,44.708926773480144,42.54511697003677,270.0,0.41191472023550246,2.1203977353902626
2022-03-22 15:00:00-07:00,7.954707983333334,170.53963333333334,0.1777637194071025,14.5,174.4984069979176,24.202843241282704,60.15441301290593,243.0349043291079,0.0,114.50156265857723,157.0689752595455,1.0,114.50156265857723,45.25188282422225,2.4028248764116005,3.133563644444445,4.36018515,148.3420200853348,148.7966081169066,149.25706741921283,150.09018996545626,150.57017460936333,148.42413999583053,147.41637408012951,145.21170546403036,142.95017090444128,141.8819540621878,139.56824488478645,137.21662483295992,31.265077277257575,31.668445630816354,32.05827742466232,32.37805421394502,32.74958224123692,33.12125745670996,32.23979371120034,31.41955204804845,30.585461118479643,29.93213578757026,29.304413853907104,28.828029722738354,50.0,270.0,0.366977778440511,2.214355247456318
2022-03-22 16:00:00-07:00,0.0722351166666666,115.45625666666666,0.1766455180246558,15.5,115.47990197070023,24.745185870412314,70.89271312176304,254.57550109227438,0.0,74.377487562494,107.19319685550728,1.0,74.377487562494,29.98248855337401,2.857142857142857,2.858031261111111,3.23969222,101.36508593519966,101.7211244221142,102.08197099289649,102.74545041889499,103.11768453211539,101.64703823812917,100.95328232557787,99.44864424275843,97.9055835306165,97.17223410667873,95.5893197853882,93.98213126200034,20.787332208592492,21.0912851600361,21.376876404660525,21.617055070822083,21.86914498223224,22.107331827235644,21.441684513086635,20.785112248963244,20.131466071058398,19.564609643305648,19.02611783888168,18.585797273517734,50.0,270.0,0.366977778440511,2.214355247456318
2022-03-22 17:00:00-07:00,0.19594235,44.94278333333333,0.1734205821549354,16.5,44.969313221126136,67.24155728039936,82.21845789946661,264.7097692838083,1.826816505838896e-09,28.131285074890144,46.749180889834534,1.0,28.131285074890144,7.536055898991322,2.857142857142857,2.75469765,2.7390817866666666,44.32632902506742,44.43286687537769,44.432615518548374,44.38071193755369,44.32620797779669,44.28146112386906,44.281203371724075,44.23322161773433,44.23349035722458,44.19548112196454,44.19548512732071,44.15486434288206,4.191361673418801,4.129721460251181,4.026881314297454,3.9955149260301086,3.990864274972818,3.977110728394145,4.012930944438349,4.0654276097304205,4.096021856982012,4.170612861138685,4.2495714630838295,4.292028293700666,15.044984614825701,269.9999982924527,0.6202113288747263,1.8914205350491085
2022-03-22 18:00:00-07:00,0.13888755,3.322023,0.1524105864682424,17.5,3.3241438562049925,87.49942213956396,89.12504157092552,270.50147716194147,0.0,2.1251939842627445,3.3274140309491504,1.0,2.1251939842627445,0.0006685542488749504,2.857142857142857,1.7818621055555557,2.161206598333333,3.1419682973910583,3.1419682973910583,3.1419682973910583,3.1419682973910583,3.1419682973910583,3.1419682973910583,3.1419682973910583,3.1419682973910583,3.1419682973910583,3.141977810319526,3.141977810319526,3.141977810319526,0.286286898301148,0.28015866538941014,0.2748246092200854,0.2704182808579583,0.26730579643393154,0.26554519159463535,0.2652251168593393,0.26637681060116575,0.2689704226837136,0.27291161590349594,0.2780485732957945,0.28417887785859275,1.6256816957911033,270.0,0.7358151543527247,1.8575453578383363
2022-03-23 06:00:00-07:00,467.92117141666665,25.4858755,0.2581253810621825,5.5,67.10337146063665,75.27867860595994,84.89729883031752,92.75530843819041,1.2426458957483359e-09,12.735719856510535,156.09372509650763,1.0,12.735719856510535,18.38290400624898,2.857142857142857,1.4894357566666665,2.5498958833333334,122.86573516335179,123.06637329633969,123.05688094759122,123.25761473417148,123.22707709734183,123.42553568486935,123.37462663389782,123.57531756481124,123.57538033840731,123.5046900070025,123.70359797988743,123.70357699543499,2.9831936787590214,2.926437982307126,2.9403716610784287,2.9079201774574397,2.895139244902914,2.897812300479106,2.930320369976079,3.033191254139918,3.074184547273472,3.1218949621773753,3.1946083055529737,3.2522930938857812,9.630031480254452,90.00000225887273,0.6663572340791362,1.8712343670503788
2022-03-23 07:00:00-07:00,818.80675,51.02723833333334,0.1997506162397551,6.5,284.0317546714936,35.60543134854115,73.46709523184427,102.66345379140826,3.4533357831750147e-09,20.95720270576928,766.1294688151347,1.0,20.95720270576928,63.07611978182937,2.857142857142857,4.213035133333333,1.997529915,744.1761465459267,744.3654978888899,744.7633877013777,745.1516183484595,745.3267895788254,745.6981817715222,745.8680698202128,747.7244494477751,749.6384306883072,751.365941969952,753.057687666935,754.728640491545,4.677919023366135,4.638952363503334,4.7444361830111585,4.873354192729314,5.0136863063227315,5.048424781525594,6.464345011867562,7.913577878866221,9.404131068522208,9.687455776368695,11.248919083948401,12.854702242974081,39.34351435988377,90.00000120741828,0.433015801279067,2.083783903587012
2022-03-23 08:00:00-07:00,948.7595333333334,64.75429,0.1898770374392823,7.5,502.77283451749315,23.248512748088597,62.50475577470986,113.7351589323476,0.0,171.21326617798667,984.3792735337023,1.0,171.21326617798667,100.01907539779762,2.635608008480569,5.752949644444445,2.2358827333333333,948.8670942876204,949.4850159826588,950.057904581274,950.2394916124789,950.9063626768957,951.5418158838384,951.7153875708399,952.0830199339534,954.6626253303274,960.0790888199302,962.7175527065062,965.3098723313207,56.371291694609624,52.199616223827014,48.08623106179295,43.39212008589688,39.907074218896824,35.74466593017351,33.18374665014964,32.67311335071113,32.71669521199131,33.801973869296795,34.78072544956549,36.12683756062969,50.0,90.0,0.366977778440511,2.214355247456318
2022-03-23 09:00:00-07:00,1000.8638666666668,76.520205,0.1839690323541857,8.5,685.2509302497339,28.587894674914256,52.540151481667465,127.07214029593081,0.0,344.3746764083103,996.4128245239888,1.0,344.3746764083103,127.86062899342733,1.8491829823181327,7.8245760055555555,5.277385066666667,962.5815792378044,962.213332555937,962.2653182135098,962.5131832505954,962.4960217567784,962.9127343250832,962.7186827095396,962.8863005353619,965.2885120307783,970.8139509940106,973.3064627478127,975.7591751538747,64.75925541273277,57.561461081843795,51.40270796775494,45.33175479316122,41.82699675401252,38.64270403113061,36.667691717444335,36.89549096052216,38.416419957898874,40.46819942833234,42.981511081678654,46.30946157678196,46.15971812399127,90.00000085377364,0.3893632812205665,2.164492419857198
2022-03-23 10:00:00-07:00,1034.7050000000002,79.70295166666666,0.1786762796714759,9.5,818.667077037879,34.48883439461177,44.4240805594619,143.99488019005332,0.0,494.0739930616115,954.5124544617445,1.0,494.0739930616115,148.88030648154196,1.442406198113996,8.580651938888888,6.68427825,932.0842796450512,932.1434478709372,932.1966130775577,932.251295632412,932.3867584595578,932.6512338903249,934.2561903394459,936.0361529082076,937.6823398014151,939.5131438339126,941.0042303707561,942.5953859507176,77.7461214644099,69.53321907030401,62.79721362375068,57.36938902743091,54.55219747877476,52.14232383185355,51.99706221294499,53.01548435845696,54.14451116140653,56.85468893821659,59.73175739851178,63.2714710938647,29.94868945976548,90.00000120741828,0.5003878794685697,1.990670031755234
2022-03-23 11:00:00-07:00,1055.996666666667,77.75447666666668,0.1762872537710917,10.5,893.386902117139,37.89862275836515,39.4317585851587,165.26366948707755,0.0,580.5977729164738,916.7111550446215,1.0,580.5977729164738,159.871478825378,1.157113599963506,9.51239401111111,6.7786304,905.4106215003081,906.0550231365442,906.7662461567445,906.7605537609738,907.2927577640971,907.2845583359622,907.8745879553227,907.8847352941455,908.3165402615163,908.3122184783969,908.0943052728151,908.7636875090715,85.53029244637217,78.67130089836947,72.1344046934095,67.54958061687564,64.19333809463123,62.46641859035342,61.94448103976973,63.21247743410634,65.65840828982193,68.99141386052496,73.23718870521638,78.30892748090223,11.81472503333273,90.0,0.6476261928439899,1.8783280562568385
2022-03-23 12:00:00-07:00,1066.1768333333334,74.26125499999999,0.1781274407017673,11.5,904.6624520574218,38.26351334122687,38.84379438511286,189.1150776725896,0.0,587.7652577448217,914.3411678400976,1.0,587.7652577448217,162.8139880404292,1.0957106710658269,10.413172688888888,6.405171116666667,905.9492870455368,906.2889916243037,906.2876942455733,906.7386212935362,906.5376226428244,906.5380028002343,906.9860094853836,906.778814076864,906.7780546944108,906.7774252682507,907.2255540084982,906.9421317951306,85.22877855908018,78.08976072115895,72.37842601627617,67.85688319188307,64.72972553492839,62.889063114845136,62.7932330638126,64.13998901338574,66.99830158398217,70.77368736178595,75.44622174804726,80.99893747230223,7.2699974092425705,269.99999730013064,0.686727404181031,1.8651820139270994
2022-03-23 13:00:00-07:00,1056.1913333333332,71.21888666666668,0.1830038191378633,12.5,845.5988228484035,35.515845565805385,42.84622302221541,211.32142842048347,0.0,517.7890616358918,947.9780933903395,1.0,517.7890616358918,156.55745240114805,1.367082911170297,11.176384555555556,5.0355629833333335,928.9510294537158,929.2252786003659,929.2476958027027,929.0925593325601,929.5131762698934,929.3934679500404,930.904315446136,932.1458499726652,933.4926783104587,934.6223189412252,935.9797780822269,937.112701222022,82.12739287165834,73.8336525806655,66.61665838185407,61.723851428444085,58.4022645961935,56.68890930821395,56.27318353349958,56.376379468129734,57.90283216875716,60.36621824083705,64.02885318962409,67.18671726564705,25.74129291412126,269.9999987925817,0.5328458121531601,1.9563786067408349
2022-03-23 14:00:00-07:00,1032.8148333333334,65.96710166666666,0.1906922866474498,13.5,725.39620609293,30.120064427296715,50.32161086394597,229.30664729161396,0.0,383.1638499581727,994.8013202037259,1.0,383.1638499581727,137.2367164448504,1.7319233452191172,11.592209444444444,4.708012733333334,975.3878998080487,973.3924188056184,971.5199699077087,969.1722832680289,965.0373239663611,965.265409598653,965.1138188298263,965.0254961383716,965.0791735582037,964.8655456246504,965.0916190762027,965.2102093688259,48.59830333594517,45.770326332830784,42.88891702542543,41.580292073355956,40.8653187364243,40.30426157022815,42.84104080025518,45.28143702634616,49.51034416130326,55.93056048591343,62.76263899809103,70.67309150536713,42.42636147755813,270.0,0.41267896224983996,2.1189978375399203
2022-03-23 15:00:00-07:00,976.66485,59.41153666666666,0.1977744728293367,14.5,548.9333463050564,23.802500457407074,59.91939809364627,243.41032643922492,0.0,209.5149690671539,998.5236956308272,1.0,209.5149690671539,109.29489896279608,2.391993338723106,11.870527,3.8833295,977.7841552980991,975.3445503741,972.8559693132759,967.7107700102722,965.2837898114152,965.0241033413996,965.0386095147838,964.4567590526036,963.849730861207,963.7606006967596,963.3415082488605,962.8417022405939,36.807340706124094,35.280421699944306,34.16832643081479,32.928953385352784,32.81469981832151,33.38938401553157,36.270406392151,40.774882249793784,44.6532807672289,50.313709213891904,55.461654045485716,60.857300386014515,50.0,270.0,0.366977778440511,2.214355247456318
2022-03-23 16:00:00-07:00,860.6455666666666,49.25472166666667,0.2017800406134192,15.5,333.93425171746264,24.396729103671944,70.68421420693991,254.9385432424337,0.0,31.58833858593288,879.9674513717358,1.0,31.58833858593288,73.15909165451635,2.857142857142857,11.529051333333332,3.66102505,864.887367211196,862.7290607248156,860.5718640533464,856.0368801399818,853.735271946139,853.2960339082773,853.0842062915123,852.6339493511581,852.1805496713491,851.9568762201989,851.4801586687031,850.9982848692176,19.189882137806435,17.199788713874597,15.212343465933516,13.2133534490289,11.225743539175447,9.242470855113709,8.929216548666052,8.595732841748363,8.232127397287519,7.835273484356318,7.460278554467917,7.093793501020359,50.0,270.0,0.366977778440511,2.214355247456318
2022-03-23 17:00:00-07:00,612.955232,29.2705,0.1533588281129073,16.5,114.33747288348587,66.63924577917147,82.02264502904853,265.06330815065894,1.7057527583511334e-09,13.137636974678948,291.40362464484565,1.0,13.137636974678948,19.811544016817972,2.857142857142857,10.683801905555557,2.397979083333333,260.66124993878543,260.7176403566921,260.76734395661225,261.212198217337,261.6330269021003,261.6261545429062,262.01400371108696,262.43448640017385,262.37109461015143,262.7917720466242,262.7022268632965,263.1226731639987,2.1259169401105633,2.0946306950504088,2.1983766462498635,2.1885350407367805,2.276901855159368,2.412961484179932,2.427932938695611,2.5690415094493866,2.7226636617296474,2.754357903673091,2.9337587715409827,3.0945743648972184,15.444472175313043,269.9999982924527,0.6168478226690453,1.8932538642146757
2022-03-23 18:00:00-07:00,0.3000206666666666,3.1274101,0.1248412380160538,17.5,3.132002408477472,87.49346939521533,89.1229598529872,271.0126597919096,0.0,2.000698359417707,3.1398984390676317,1.0,2.000698359417707,0.0006325386561153342,2.857142857142857,8.374032805555554,2.6460636500000003,2.9596147308638154,2.9596147308638154,2.9596147308638154,2.9596073951867936,2.9596073951867936,2.9596073951867936,2.9596073951867936,2.9596073951867936,2.9596073951867936,2.9596073951867936,2.9596073951867936,2.9596073951867936,0.21914192957197542,0.21441457848842208,0.21045333053851792,0.20741425376742978,0.2054143729589429,0.20452640686489917,0.20477334478149464,0.20613104194605567,0.20853114876461182,0.21194387368201648,0.21605684406669,0.2207821135832027,1.6297451411431996,269.9999804003619,0.7357797084110183,1.8575473723448828
2022-03-24 06:00:00-07:00,471.4626984333333,23.427926333333332,0.2698058185018095,5.5,67.89948959717725,74.36517918649196,84.58742623709499,92.4997471267423,0.0,11.11564477288784,163.1697439924791,1.0,11.11564477288784,19.438833356902457,2.857142857142857,9.154212161111111,4.601934583333334,130.61707081038992,130.84008196136523,130.82870030288439,131.0493880982582,131.01667920474736,131.2396642254006,131.18609979497737,131.18419587928946,131.3335024955967,131.3335127288007,131.55653489580826,131.46289941512003,2.763392765066204,2.733416469476484,2.694813615054495,2.669528948730661,2.6559813176677824,2.723902023229936,2.76576711459404,2.7927522306905086,2.8305148706655534,2.9560704304066268,3.0343248134129164,3.08589620301275,10.232259483356541,90.0,0.6611805759959712,1.8730471099320636
2022-03-24 07:00:00-07:00,809.5324999999999,52.343035,0.2105984617976286,6.5,286.99328386800414,34.088946561519045,73.1504876220954,102.40660302385493,3.4034736024661686e-09,21.5230365177307,774.1023822023999,1.0,21.5230365177307,66.67490036670306,2.857142857142857,11.222895216666666,5.238189533333334,751.0646019072816,751.4856883879214,751.8958699907632,752.088047315184,752.4801146702606,752.6649778499011,753.0407568166249,754.9696687520448,756.8408482012218,758.7612463265352,760.524476091173,762.2690662380382,5.075600105332823,5.033463832554058,5.147067894814611,5.2747695759348066,5.430609773444458,5.468750579575912,6.950033659823268,8.475899884184088,8.725706813845665,10.32846666732177,11.960174123558705,13.628119265420775,40.577527211614004,90.00000120741828,0.42476181866335416,2.0976163588537426
2022-03-24 08:00:00-07:00,608.3094833333333,204.79356166666668,0.195865688945468,7.5,488.760577445024,22.86626897074735,62.172354804643945,113.48202650414191,0.0,201.29132180712992,842.1203867301052,1.0,201.29132180712992,114.64681881263405,2.6114858988930343,13.505219333333336,5.764080666666667,795.1410636747431,797.1077789652073,799.0158076074482,799.8238351358103,801.7692868569586,803.6548703333316,804.4127581658565,806.0537129817791,808.9142950895362,814.8953420350405,817.7691763911812,820.5942259125447,62.369193550951756,59.27588411974196,56.379379689023565,53.07353636495279,50.912190938921846,48.23750380201992,46.839778030197,47.250241813089964,48.13803735315678,49.86527198339671,51.47657927282949,53.387641669361166,50.0,90.0,0.366977778440511,2.214355247456318
2022-03-24 09:00:00-07:00,711.3170666666666,207.1846,0.1905150031096374,8.5,643.3198710324201,28.2728782935782,52.18327745711388,126.84141209817159,0.0,342.4050074325993,896.1197879895415,1.0,342.4050074325993,141.35480540993467,1.8396260656048162,14.487024555555555,5.975742566666667,847.211883829968,848.3550769286448,848.5890028330958,849.8426236341146,851.099749819347,851.6479212387076,852.7068889182112,853.0313315963894,857.6274159056752,865.0755094365326,869.2904892870598,873.5285731373407,68.94491153611388,62.2565326567557,56.837008078343544,52.92806659200194,49.63976667384292,47.99564480825977,46.24312384091312,48.55163330797649,50.954939763262914,54.39102969728733,58.633857678413655,62.78817208543591,45.877701621937256,90.0,0.3910722960181688,2.160950632784294
2022-03-24 10:00:00-07:00,131.07065716666665,372.254,0.186496702015427,9.5,466.47643489193933,34.1394354650319,44.03894234473338,143.8352779349377,0.0,296.0392753576447,491.8451222087523,1.0,296.0392753576447,99.39757779182251,1.4379265966531996,14.143609166666666,6.0664259,460.6232507751929,463.39297975593115,464.4634776132416,465.6056389193084,467.86180347950324,469.0881755424858,470.42476973866746,471.8826006384676,473.1910393214219,474.46066714845847,475.8208011328277,476.95989561073634,51.39492868302655,49.18637052134795,46.99005634584909,46.007983937633824,45.862093945550555,45.39606010563369,46.23113229971419,46.82146399392949,48.21920585323517,50.100506472747185,52.08127580245223,53.10014245767252,29.710678367202892,90.00000085377364,0.5021897255009313,1.9886036977431298
2022-03-24 11:00:00-07:00,842.5686966666667,142.35523333333333,0.1813891201768399,10.5,796.8681653428023,37.51798871036091,39.03088570146625,165.25848458039343,0.0,517.8088183920635,819.1830156917717,1.0,517.8088183920635,149.46402899951505,1.1549299964629984,15.511067,5.325736066666667,805.5623694743409,806.6616280667707,807.7942598590237,807.7112850000763,808.7163443697751,808.5365048928064,809.6462115288458,809.3928096858094,810.4123984958475,810.4085994711927,810.0471568132212,811.1417669063894,78.99908810276752,72.84426905339058,66.97803925747898,62.931839610231386,60.38774080309449,58.522024156477784,58.210986619859156,59.288302737204326,61.68412073623221,64.70044065718064,68.62217069492895,72.78956411833735,11.655700394603274,90.00000283164684,0.6489849373852244,1.8777635493668905
2022-03-24 12:00:00-07:00,973.5429833333332,117.61636666666666,0.1814096486352293,11.5,879.9174848913195,37.86496185320211,38.46231584654412,189.31225094018822,0.0,571.5196708964268,889.6451002661036,1.0,571.5196708964268,161.8255301122846,1.0964383054588602,16.969404055555554,5.60445935,881.3563755894398,881.6790123860046,881.1443947894965,881.1450548859572,881.1457635694629,881.3818634868674,880.8473746046824,880.8471138455151,881.0653036959751,880.5278073750287,880.6426495552367,880.108460224794,80.67952042624003,75.54615294776715,70.75139046712518,67.07765733612499,64.25447856154112,62.933150939858564,63.00903728010734,64.77778044735476,67.79831807662158,72.17222945630039,77.70519562260405,84.6015651513263,7.324615430289863,270.0,0.6862546325724206,1.8653030956258612
2022-03-24 13:00:00-07:00,952.377,120.49028333333334,0.1854445962828114,12.5,822.4775958083807,35.11671346991192,42.515907643459116,211.6564018528352,0.0,505.1378618790876,919.0732170512663,1.0,505.1378618790876,157.52796148255123,1.3663121022710452,17.545582111111113,6.5011545,907.5220284404289,906.0400501523166,904.3212690693333,902.869097719596,901.1479710024067,899.5064927026613,897.5874001882431,897.5874314047751,896.9248053219571,896.9472792160323,896.7940936536527,896.5706471361361,69.64437371681987,66.19194081051576,62.27941682504872,59.74573661748252,58.044069025093854,57.780516790093046,57.92092183594005,59.21522289714346,63.068149404944634,67.64752411098767,73.58337172271013,81.44026559221346,25.69596678854128,270.0,0.5332021729194194,1.9560353115676608
2022-03-24 14:00:00-07:00,932.9448333333332,108.01005833333332,0.1921357050080823,13.5,707.1179735266245,29.73238245713938,50.04627971326499,229.6858784249708,0.0,382.0208592676102,967.9021043654134,1.0,382.0208592676102,141.9654932550437,1.7285327580701697,17.592437388888886,6.989624366666666,947.8928928668189,944.9610757553037,942.1361086849951,938.7708468726066,932.653279142649,932.8117416577405,932.5250111060918,932.3768454249439,932.2828195146376,931.9241366210721,932.075613622789,932.0341143850063,54.65954544578032,50.891612534617735,47.199903538017246,44.90654332216567,43.23279780394537,41.7207174036738,43.997817606936565,46.22390124314892,50.18204673352633,56.333420524521,62.82609155288735,70.33068663496111,42.30892608733407,270.0,0.413436133907782,2.1176166194986217
2022-03-24 15:00:00-07:00,877.18865,93.06599833333333,0.1990720756976275,14.5,535.8180944477382,23.40264486804064,59.68591329373854,243.7872369727948,0.0,213.85389803024373,962.0091140844481,1.0,213.85389803024373,114.17373608140878,2.381341276249878,17.495049222222224,6.292592566666667,940.6887996764731,937.4879728353558,934.2308617057713,927.4969543260511,924.2579600617585,923.8191450719631,923.7477904008289,923.02156797945,922.2467662600259,922.0826304846655,921.4992517018145,920.8453676202148,42.69887592948432,40.38418809904625,38.46477909060035,36.44151038732328,35.51073895515469,35.24513800355117,37.92736931925914,42.106488060157524,45.70252476863575,51.01270257890607,55.85579132053763,60.92775050684742,50.0,270.0,0.366977778440511,2.214355247456318
2022-03-24 16:00:00-07:00,754.7884833333334,72.90873,0.2027825757336052,15.5,325.1494852211332,24.050340884200924,70.4768719292311,255.302197434038,0.0,42.937410531603554,825.6566106055886,1.0,42.937410531603554,76.21990681132607,2.857142857142857,16.672974722222225,6.743515283333333,810.3155931115816,807.7718958811615,805.2381074835716,799.8921049609504,797.1810949120535,796.5620904061257,796.2648020652995,795.6304381860923,794.9898729841186,794.6753741796193,793.9985456372392,793.320636370071,24.408306778576662,22.069009689050343,19.742938793539732,17.386605421257837,15.057115506593709,12.716410087764501,12.300394755652327,11.85954119425138,11.37437819359002,10.850645486187062,10.355494363647429,9.870159789470835,50.0,270.0,0.366977778440511,2.214355247456318
2022-03-24 17:00:00-07:00,442.6191821666667,44.99556666666667,0.1579591482519449,16.5,107.9151477041386,66.03672371565575,81.82755802363101,265.4168660550381,1.1204999582283026e-09,21.38664222242009,249.37299725826284,1.0,21.38664222242009,19.62422618174806,2.857142857142857,15.165111666666666,6.1296535,224.38989435110716,224.48109125665184,224.57210856594787,225.07223144419106,225.5475779813924,225.5727835525752,225.987093052742,226.40117895437285,226.40150223391745,226.78108837387936,226.78094587900057,227.13406154668883,3.33754726986888,3.279204654873105,3.372454137849663,3.457842408794339,3.456433136761227,3.4702440754063946,3.756739249544037,3.795165167469943,3.9673883892016524,4.1838420065623225,4.239766530291253,4.613901150400063,15.845029849889222,269.9999987925817,0.6134818057933316,1.8951391510157958
2022-03-24 18:00:00-07:00,0.4012179666666666,4.323779066666666,0.1578540333753116,17.5,4.3312766544297405,86.93942987190168,88.92924749884892,271.3635071784495,0.0,2.766554720952769,4.343896416767233,1.0,2.766554720952769,0.0013043231045260452,2.857142857142857,13.079936611111112,3.8935697666666655,4.093132867115212,4.093132867115212,4.093132867115212,4.093132867115212,4.093132867115212,4.093461458676315,4.093461458676315,4.093461458676315,4.093461458676315,4.093461458676315,4.093461458676315,4.093448632551352,0.38312564318319453,0.37495889688693623,0.3680330625992701,0.36273150335119714,0.35925485505715093,0.3577239791884523,0.35817290167128213,0.3607953839421625,0.36512019971639914,0.3710365637330337,0.3782866286086992,0.3865672921728881,1.9903817470018619,269.99999041641456,0.7326341358547896,1.857746185620503
2022-03-25 06:00:00-07:00,0.8067149333333333,34.736327,0.1761700508493615,5.5,34.816758373655,73.44928904256331,84.27796933929424,92.24440958658755,0.0,21.599472675966773,36.687028772051214,1.0,21.599472675966773,5.8864521669435135,2.857142857142857,3.24036725,1.2053726133333331,34.3794904343008,34.375958300665935,34.348401305623014,34.414875812386825,34.323147237590035,34.389022180045025,34.29742010138238,34.36901036283861,34.27742612343965,34.27485575811111,34.25704822028009,34.25697419951983,3.2579811666654703,3.193371183028054,3.1285339408244246,3.096197928652634,3.0840399447189566,3.088028147734682,3.097328580820352,3.1292647579705597,3.175937481343582,3.233726155576502,3.2882846156485606,3.3457386064001104,10.837258603119235,90.0,0.6559899790598431,1.8749776654101604
2022-03-25 07:00:00-07:00,161.05931026666667,125.43806666666666,0.1958099901291018,6.5,172.97187724498636,32.51665095765938,72.83452697629396,102.1493895604752,0.0,68.25346426326998,299.1591037066004,1.0,68.25346426326998,42.60514716954437,2.8571428571428577,4.153082955555556,1.37994945,281.61356232626497,282.25365587568496,283.5892585296508,284.905281304369,285.50742228777256,286.7689653301117,287.4115770252369,288.5986834496953,289.21937797059826,289.79825134670244,290.3717684804594,291.5548793450823,15.706836668188561,15.549344666100847,15.932748281760526,16.39350141389775,16.891914754721206,17.428560955539133,17.601255685319643,18.148350356876907,18.750693910188662,19.335706790073015,19.92174601409511,20.53451409794685,41.87374756346594,90.0,0.4162542759044717,2.112525393882825
2022-03-25 08:00:00-07:00,276.4654727,182.08821666666665,0.1908159361581841,7.5,312.5587324762548,22.4852217416351,61.84078117089059,113.2278543551617,0.0,144.78814855827784,485.36178425919474,1.0,144.78814855827784,78.80191154999433,2.5879100189799464,5.062043777777777,1.283094663333333,450.11340016512145,452.0029049014648,453.8491303484568,454.6645216095136,456.50778890396293,458.2990953841775,459.06712573776167,460.7160733459469,462.69199989324716,466.7930188680331,468.75242299536967,470.679320971753,42.18088228548357,40.85296712175136,39.68203588739256,38.31849951738586,37.58719497432167,36.596120000649144,36.25851553882806,36.94744779160402,37.88251163738832,39.26385975582086,40.57072722334334,42.03113134749178,50.0,90.0,0.366977778440511,2.214355247456318
2022-03-25 09:00:00-07:00,893.4467166666667,111.01301666666669,0.1912912017033894,8.5,663.1936332852354,27.957830258680218,51.82727780550612,126.6089606645271,0.0,341.2109423144915,955.0183343962057,1.0,341.2109423144915,134.35696446894084,1.8302557453513033,7.614463855555555,1.946772395,916.1676785956998,916.358618503718,916.5057425494784,916.5105328440178,916.8767250839193,917.4115164418159,917.2529419530413,917.5115740237928,924.0056357829119,927.2214634027782,930.6339679915076,934.0997419186117,66.66593852199219,59.370012066350725,52.44164373342337,47.5423987091815,44.02304512015979,40.955433314962896,39.07879377224345,40.02508439502118,41.66300289651638,44.9504674751977,48.22391020367849,51.86190255045127,45.59758968166816,90.0,0.3927783772152224,2.15744946081841
2022-03-25 10:00:00-07:00,943.4968333333333,111.80653333333332,0.1843488590281793,9.5,794.4408955846844,33.79015478900937,43.654524804173725,143.67390124222084,0.0,480.71652582117804,919.4530122604274,1.0,480.71652582117804,151.5029844878965,1.433514978629402,8.819099594444445,1.7524165349999998,894.3860799363238,894.8771913427399,895.1148027013023,895.5666167058786,895.5358519016334,895.9009306234269,897.8372101103888,899.6879989276384,901.8207526750624,903.6952778256649,905.7177073045959,907.3504476062355,78.06490002812345,70.17905904469875,63.53137600977559,58.33490164948086,55.60097151163966,53.53712235875281,53.67626144283009,54.92455777383443,56.37921738642294,59.05882187373296,61.95757410909105,65.40276881947011,29.47478603399338,90.0,0.5039797510726589,1.9865705462628727
2022-03-25 11:00:00-07:00,960.8534666666668,114.021,0.1814167702813144,10.5,864.6275951490323,37.13773575139971,38.63058095267852,165.2534770227405,0.0,561.8336166001336,886.1324709588446,1.0,561.8336166001336,159.93874482452296,1.1527718590153346,11.187377094444445,1.823205895,873.9087795664161,874.7313437419803,875.5246966818487,875.4010461258762,876.1707983756846,876.0716835398144,876.8551903310073,876.625951573261,877.3989342795105,877.168173422511,877.1630563789472,877.9328204609478,85.38190308135906,78.70470736155517,72.98588120482341,67.85775981750776,64.75584605152747,62.95084935917171,62.5964524835475,63.69664638498747,65.88699075808908,69.45306724947673,73.53164860563813,78.18172986995792,11.498319181774697,90.00000269986933,0.6503304062778252,1.8772123043234106
2022-03-25 12:00:00-07:00,939.69395,129.65363333333332,0.1826434746065164,11.5,869.3161748820382,37.466972828137735,38.0817685292498,189.51271203033963,0.0,564.5867230133877,878.9924984487741,1.0,564.5867230133877,161.0160680436577,1.0971599747213185,12.6263505,2.0718144300000003,870.6440498519424,870.9299801903223,870.3959239387525,870.3966211418425,870.3972920600681,870.6287346783106,870.0948143533349,870.1397406139764,870.3072311465307,869.7701697669244,869.8786176711407,869.3450615539732,80.35437998498232,75.28823813858138,70.53524684956723,66.91416644634891,64.29548830391835,62.80392801155652,62.87070290711121,64.61124513211585,67.59133656164825,71.91086515091618,77.37695293379568,84.3224370981309,7.378768554351724,270.0,0.6857859422827892,1.8654240365258625
2022-03-25 13:00:00-07:00,926.3945666666666,126.87571666666666,0.1869460906369252,12.5,813.2926741022998,34.71812623336584,42.18714443854812,211.99530637277434,0.0,498.7718009598462,913.6355867461579,1.0,498.7718009598462,159.1450070874498,1.3655539096599894,13.64792511111111,2.2816451050000004,902.8735975149478,901.0186462621989,898.9153563394483,896.9485287307232,894.8234423561714,892.756388687823,890.404356437359,890.4630510561867,889.9265118019633,890.0162428952146,889.9275691743396,889.7785323162643,70.50303923603552,66.74837469268284,62.47510428268967,59.89764598818677,57.92910977289856,57.66451362210132,57.55366017754712,58.61597594887426,62.53431883355513,67.1975138533071,72.94177940620158,80.92497703887317,25.651336654915447,270.0,0.5335531942622993,1.9556978387730266
2022-03-25 14:00:00-07:00,868.7951666666667,121.92451666666666,0.193712120913551,13.5,683.0110997807885,29.3451236152397,49.77270456944303,230.0677464838857,0.0,370.5775056531045,929.6671506221398,1.0,370.5775056531045,140.8615475454652,1.7251943006751804,15.081191055555555,1.5215774066666663,909.8298925776021,906.7120435617308,903.3909410977537,900.3227389374152,893.6166194201414,893.7076861882754,893.2886103752811,893.0819469954122,892.8560811174816,892.7730759618497,892.434660000156,892.243064641729,55.78763225491294,51.87086637313474,48.48865941778538,45.553867382552035,43.66047586777884,41.928800672138294,44.026882221416436,46.10271016692708,50.623037136105026,55.50573356803696,61.90563212004286,69.04908956609846,42.192734431332624,270.0,0.4141866780486582,2.1162530872040235
2022-03-25 15:00:00-07:00,803.1272166666666,127.50233333333334,0.2012490512992353,14.5,535.6759211265759,23.003396539164868,59.453977223090654,244.16548746725107,0.0,219.25712875527577,942.7735667972543,1.0,219.25712875527577,119.4815525413392,2.3708615905147914,16.4649755,1.7285232283333334,920.6018754731377,917.083472429109,913.5040686195555,906.0991993492678,902.5196858928309,901.8427121279293,901.6573147160464,900.6949277462694,899.6784424407429,899.3959092966163,898.5594491003009,897.650175697167,47.533034143928525,44.89158678005687,42.639885476616485,40.2844176938059,39.00608442672905,38.38161047910268,40.88210826047752,44.8447667970138,48.237928666287225,53.32072437675671,57.95208335523345,62.82591182142459,50.0,270.0,0.366977778440511,2.214355247456318
2022-03-25 16:00:00-07:00,678.6744,117.70568333333334,0.2042599527325388,15.5,346.8104311120688,23.70614837790815,70.27069037987522,255.66632474666034,0.0,68.72671227028755,814.1395560917884,1.0,68.72671227028755,85.95062973486287,2.857142857142857,16.74278922222222,1.562419378333333,797.1615364415057,794.489768325769,791.8403438382024,786.1988621860532,783.3491435651102,782.2670048586962,781.7524703178425,780.6441931497371,779.5177545877701,778.9673750830858,777.7938918207157,776.6112896567938,33.093166785493516,30.64713865497005,28.217055359010313,25.72505579855927,23.275162159660283,20.7943585548656,20.151104551909928,19.47421455403748,18.73854407879288,17.980259844827714,17.257933967479442,16.565865111464646,50.0,270.0,0.366977778440511,2.214355247456318
2022-03-25 17:00:00-07:00,427.330695,69.90277666666665,0.1728333736830734,16.5,132.0836033912051,65.43391968412922,81.63319522999912,265.7703122565133,0.0,35.29311404551911,277.67192912929545,1.0,35.29311404551911,24.85906548988116,2.857142857142857,16.789740000000002,1.7569643133333337,254.81649033802202,254.5409360824499,254.51699924606368,254.24941621933684,254.1932991258194,253.9337006581449,253.58730305273022,253.48445697938615,253.2254210881551,252.83093950306588,252.69124912802116,252.53149229769204,6.7575199263126855,6.5707469260929425,6.317568462619148,6.221757365094545,5.91925498329157,5.84982612753711,5.714290728348339,5.574808347435396,5.581457511138692,5.51946057938787,5.500170411617312,5.606482895636676,16.246777791133816,270.0,0.6101124889214778,1.8970772672079688
2022-03-25 18:00:00-07:00,0.7564591333333334,7.35510935,0.1932767037073283,17.5,7.369261881958781,86.93584797688182,88.92799541055611,271.8738949556227,0.0,4.706147774981213,7.393320063535205,1.0,4.706147774981213,0.002225081842531566,2.857142857142857,13.613856833333331,0.9469392433333332,6.964396149254323,6.96442286366446,6.96442286366446,6.96442286366446,6.96442286366446,6.96442286366446,6.96442286366446,6.963863901972354,6.963863901972354,6.963863901972354,6.963863901972354,6.963863901972354,0.8050780095245473,0.7878319054015881,0.7727320195070562,0.7604096868597898,0.7514019767342229,0.7459516720715944,0.7450163709522396,0.7482045429769746,0.7554454165120079,0.7664873693156351,0.7809125810472896,0.7979665075524511,1.9932144295356113,270.0,0.7326094309717549,1.8577479039659386
2022-03-26 06:00:00-07:00,362.6115966666667,88.79836333333333,0.2319323523406623,5.5,126.89628247673986,72.53117942596141,83.96906756829658,91.98930078047533,0.0,50.63440576687211,216.09111377026616,1.0,50.63440576687211,29.264604769975712,2.857142857142857,10.117905933333333,1.3146843650000002,187.45072692927073,187.4791197148886,187.35433611390607,187.49430295255632,187.36860401910747,187.51716461047937,187.39225030296257,187.52962898125506,187.40424881522557,187.54819975982912,187.5478997751975,187.42236404453956,10.121522151909547,9.925528688444224,9.758302121125231,9.651790304106646,9.620844437439311,9.660336792345865,9.727417652254026,9.820658355853734,9.964460765622178,10.170622222338467,10.339181546804006,10.54435755715693,11.445031312504481,90.0,0.6507861409214989,1.8770273329993992
2022-03-26 07:00:00-07:00,495.7678066666667,170.10156666666666,0.2091194544596641,6.5,319.0221060416161,30.880571592278052,72.51935299595294,101.89181469659701,1.5543122344752188e-16,84.28682713213074,676.9540482256691,1.0,84.28682713213074,77.8496556782968,2.8571428571428577,16.063602444444445,1.32895019,647.5896236730791,649.289370298154,650.0619378724492,651.7112334323238,653.319345875989,654.0594852963244,655.5901264793894,656.2850714453239,658.1761439253871,660.1767584366112,661.4909830175484,662.6972184787904,20.57285333644678,20.93691580943068,20.90748182875035,21.455058458375817,22.09180682042357,22.81293838402332,23.52671655677629,24.733541142602842,25.924315330516208,27.130236356669613,28.38676629967376,29.612373245046985,43.242030397662106,90.0,0.4074591648225193,2.128676588230112
2022-03-26 08:00:00-07:00,686.4966333333334,147.62923333333336,0.2022373503869967,7.5,475.0899585779126,22.105490479508948,61.51017621546311,112.9726287931228,0.0,183.9114106488705,860.9060666107705,1.0,183.9114106488705,112.77454541724849,2.564870385176228,18.662250888888888,2.3652466233333334,814.741402210374,816.0437786547318,817.2876336258807,817.7759269733888,819.0879645075433,820.3581000534042,820.8050822725717,821.8152526353633,825.4021668516556,832.8209374574019,836.4134477872308,839.9456807413109,59.332674660241004,55.61168172655709,52.06323049207378,48.038582823712815,45.25293495221214,41.892742589941875,39.930017233505914,40.69106449354739,41.98523390937722,44.218284932733674,46.351965797982295,48.84481206096117,50.0,90.0,0.366977778440511,2.214355247456318
2022-03-26 09:00:00-07:00,655.4736183333333,228.13145,0.1943518355834289,8.5,636.4213766561169,27.642810809179966,51.472294398751856,126.3747386099318,0.0,341.3621063409299,867.7323977896532,1.0,341.3621063409299,140.91329007657282,1.821070585074641,20.152652666666665,2.10424925,820.3113508362324,821.6338249397946,822.4824177127482,823.9576260736294,824.4776280605461,826.0459756322797,826.7816179489041,828.0352987369374,834.3817780472677,838.4068124496514,841.7805750929011,845.0956385226611,69.72104818665167,63.99522932605165,59.18686742080639,54.72491810073536,52.16761569016661,50.06662030899045,48.356882323977885,49.704330583280175,52.10708073555484,55.00350981473282,59.24785632762891,62.97272513339396,45.3194895963057,90.00000147877934,0.39448065109104646,2.1539899788827914
2022-03-26 10:00:00-07:00,550.8013,255.2281,0.1889301446573192,9.5,656.2776718821558,33.441069503100316,43.2709626765152,143.51065400031433,0.0,402.15216774554705,746.7179437694836,1.0,402.15216774554705,137.7191977219488,1.4291719146750808,21.35148838888889,1.8816112183333331,714.2600011990088,714.7767906746678,715.8284014229891,716.5539393974823,716.9077591851351,717.3435753104403,720.9358534302033,723.5891804816736,726.4275278921103,729.0123534291005,731.5633458147869,733.9725746633792,67.87362861666124,62.12552840392356,57.78714528908886,54.08689634086229,52.711934954413465,51.4950879796976,51.70884085458153,53.9405980116798,55.52397842893943,58.24297014867651,61.69754199971726,65.67142644277259,29.241106820851265,90.0,0.5057570945402239,1.984571019108723
2022-03-26 11:00:00-07:00,603.6652333333333,250.03151666666665,0.1854682617376821,10.5,724.2242088443306,36.757957127752476,38.23096045113854,165.24854085595146,0.0,470.41585768932885,743.3451881014337,1.0,470.41585768932885,140.63087605313657,1.150640233223664,22.152230444444445,5.600570766666666,727.0127463225924,728.381864515101,729.6707822581038,729.5643159434169,730.6988461424028,730.6923212708363,731.7220671249013,731.661504907247,732.9358866657002,732.5709012560714,732.5670707644781,733.837178336275,73.90869018184388,68.56367201672887,64.09633592774773,60.0111085953785,57.551148798658616,56.55020033312321,56.101480527047215,57.195357407368626,58.95381403876984,62.12127109364121,65.543795210075,69.32026180556498,11.342666920574302,90.00000085377364,0.6516618338759371,1.8766743873115093
2022-03-26 12:00:00-07:00,714.5620333333334,229.17883333333333,0.185040476231512,11.5,794.5399638922593,37.069654261074255,37.70225073613389,189.71638540999064,0.0,515.8273361819774,805.1848798708878,1.0,515.8273361819774,151.2470981458347,1.0978745166504569,23.095560222222225,7.09825385,793.6862189043921,794.5900938598537,794.3849623053926,795.2921477211643,795.2946518615098,794.9455672199545,795.8497714000212,795.8489959400434,795.442137854594,795.4414674590931,796.3458122285081,796.3475998512216,77.99427271277811,72.24185786510265,67.3299410186625,63.46265714473791,60.569259762356026,59.247741177071696,59.20712621467533,60.73548820659824,63.073861544355715,66.34535421560922,70.64670909781533,75.20960127941639,7.43236928864206,269.9999964798011,0.68532208936252,1.8655446161690843
2022-03-26 13:00:00-07:00,821.1360833333333,277.2522,0.1873679105536763,12.5,888.8158672893242,34.32020650000829,41.8600098327055,212.33803125040464,0.0,549.4360455279957,984.2530542388474,1.0,549.4360455279957,177.78376312963542,1.3648068306288883,23.761167222222223,7.870746783333333,969.4457434157077,967.2332067218047,964.7359403780542,962.6982877792232,960.1635725684243,957.6901291338747,954.8935545787112,954.6130845275486,953.9204612915073,953.0132696777583,952.5345829033708,951.9565169883398,82.41138374507906,78.49341651032881,73.75805588832677,71.11606947634516,68.647407307006,68.01361479703081,67.71281643236674,68.39414698267625,72.21691976612722,76.59794779987085,82.27564594330036,90.0964567646271,25.607317108284978,270.0,0.5338995419130256,1.9553655187391916
2022-03-26 14:00:00-07:00,251.2999811,353.27138333333335,0.1895283043849596,13.5,516.474557946544,28.95842036846169,49.500931783052174,230.45210527305258,0.0,308.8809239575778,597.8665464587204,1.0,308.8809239575778,117.45989935226157,1.7219053586107758,23.0322675,7.292314399999999,578.2285652988114,576.7760474328052,575.1138215833952,573.6883150421654,570.4750089569937,569.3317211639489,568.10261537639,564.8946953652246,562.078855835394,560.7141745022802,557.7473387257643,555.1372719733484,62.84766943777105,59.712997104838074,58.038388533529975,56.48652076153187,55.42625695400915,55.987160332636186,55.154758855758544,54.893645172252874,55.890147321548966,57.06824336387515,59.91504426430589,62.42887049485122,42.077717616330084,270.0,0.41493099342496936,2.1149063427276147
2022-03-26 15:00:00-07:00,285.64692575000004,264.72968333333336,0.1931618217064481,14.5,410.89202671192584,22.604876742993397,59.22361202463282,244.5449301443304,0.0,205.59284496114944,589.7106824360917,1.0,205.59284496114944,104.21736469845783,2.360547823212612,22.93586138888889,5.1657077,570.3799161638373,568.1010623024133,565.7834619167687,560.8991870595208,558.5393508029241,556.2545753593505,555.2465329554287,552.7831247379542,550.2394124227391,549.1328096825708,546.6210575490084,544.045289982015,56.02709026753186,54.11068902933285,52.36298530052405,50.5188730781474,49.222349657284624,48.238158847021275,48.49269262881071,49.47931270252746,50.21300889461591,51.92530892831757,53.49667077987,55.35235560837163,50.0,270.0,0.366977778440511,2.214355247456318
2022-03-26 16:00:00-07:00,442.49150191666666,164.59931666666668,0.2001707559889987,15.5,315.46358749134623,23.364282065882957,70.06567792307365,256.03078733073636,0.0,92.0069046793677,641.6172421903129,1.0,92.0069046793677,78.10411074800504,2.857142857142857,22.756326277777777,5.262281983333334,626.262253258092,624.7542052849212,623.2818247010488,620.0501319872833,618.4419666243621,616.8291873210819,616.0685672056106,614.4167585847797,612.7320171817173,611.9205570288348,610.1803731278782,608.417401100724,35.192808322445366,33.82428034301144,32.4603632505713,31.009738242681635,29.611000102370614,28.166051650778915,27.34151747572481,26.485517286304677,25.583538118275133,24.7220536401229,23.887490816438945,23.139120867068026,50.0,270.0,0.366977778440511,2.214355247456318
2022-03-26 17:00:00-07:00,341.548522,106.13232666666666,0.178779303882305,16.5,156.97271878774885,64.83077639965083,81.4395599695548,266.12351736627795,5.440092820663264e-16,52.473027520150964,298.48219106607223,1.0,52.473027520150964,29.556023780031506,2.857142857142857,21.799835833333336,5.602563316666666,275.80949644283385,275.74743625109636,275.60896898118216,275.3795376225777,275.3918933077534,275.1443368850017,275.0717266018205,274.82316509760767,274.61532425770014,274.3333924592222,274.09820307585386,273.8485497995279,9.403325703317508,9.231279841020468,9.083877046171276,8.767892273770757,8.642704341666539,8.409439732354892,8.309038365354962,8.269615779473957,8.154873443336028,8.184318239660799,8.290498115354671,8.33549853810871,16.649827040963043,270.0,0.6067391697063196,1.899069092751899
2022-03-26 18:00:00-07:00,0.3226999333333333,6.187805999999999,0.1776116820674691,17.5,6.1949292336211235,86.38405980908519,88.7351581698504,272.22374154512045,0.0,3.9600522907365727,6.205549737785421,1.0,3.9600522907365727,0.0026083477295189717,2.857142857142857,19.22509555555556,1.9605449416666665,5.856212070759106,5.856212070759106,5.855741819897073,5.855741819897073,5.855741819897073,5.855741819897073,5.855741819897073,5.855741819897073,5.855741819897073,5.855741819897073,5.855741819897073,5.854868166777125,0.6234768800947346,0.6091837965133129,0.5975704016139153,0.5880733506391131,0.581114680323872,0.5770267147022485,0.5760362060384122,0.5782287331756994,0.5835646229435644,0.591871103243614,0.6037998148450947,0.6171640287004578,2.3528727811966337,270.0,0.729473081992353,1.8579859212471845
2022-03-27 06:00:00-07:00,25.811706766666664,38.32325933333333,0.189127688195954,5.5,41.17321574422328,71.61101247182404,83.66085741964272,91.73443085439283,2.9677493786980233e-10,23.07553226335993,50.80098701299743,1.0,23.07553226335993,7.729854725162473,2.857142857142857,2.417504927777778,0.4179645618333333,46.45952613875906,46.464224753955456,46.459650054344515,46.463718754738565,46.46735369662757,46.46328729330297,46.46695395678174,46.46702200531869,46.47006887698,46.46643532655054,46.466340453310835,46.46918768648536,3.761360297928373,3.6810256534327426,3.6278391911180172,3.594773158546018,3.58101846630169,3.5891752979238256,3.6146680339607116,3.6565687467152292,3.711647091733421,3.7790844127287864,3.861659829681864,3.9250467788377943,12.05558696363862,90.00000085377364,0.6455697161525334,1.8791974275496972
2022-03-27 07:00:00-07:00,0.0702281833333333,128.61296333333334,0.1911720006516145,6.5,128.63442580430728,29.170528651989734,72.20510254601064,101.63388565230593,0.0,79.55662737752642,131.54872203382575,1.0,79.55662737752642,31.99501957805799,2.857142857142857,3.3622163,0.7386202656666666,118.10219974997985,119.74760919005932,121.35392491224344,122.09499958083282,123.66458621132976,125.18179279570256,125.8764596260557,126.56027784059003,125.91070588174792,125.56401504503135,125.29807961653775,125.74885669614513,18.861330219247318,19.194458751989348,19.178195289252955,19.7527145223253,20.336717454190016,21.0258717376218,21.722248630958106,21.530967953170702,21.328959798421625,21.14049569749137,20.902176324985238,20.64237957334379,44.69517190344175,90.0,0.398332598022131,2.146284113407828
2022-03-27 08:00:00-07:00,3.117101716666667,248.3913333333333,0.1925266687978058,7.5,249.89392957602396,21.72719687965328,61.180678830266956,112.71634300741158,0.0,158.19232458951222,244.97632422905195,1.0,158.19232458951222,66.73902509244957,2.542356931801463,5.3322855944444445,1.1894582333333332,216.89780251649773,220.04154957551287,223.13357045072843,224.54877888422862,227.57358395533134,230.52104968523292,231.8573988770047,234.71926090941622,234.1745621577769,233.27888830291607,232.76406823905,232.2553599686139,42.03990851787554,42.49714454918973,43.17160852841286,43.85044135397173,44.8300549473756,45.75398342853191,46.830744545085224,46.30765398475192,45.804343320941996,45.42124576975255,44.92699293986532,44.427388084291316,50.0,90.0,0.366977778440511,2.214355247456318
2022-03-27 09:00:00-07:00,3.404995233333333,335.55856666666665,0.1931220042057345,8.5,337.6959236581783,27.327888570814867,51.11846746952738,126.13870609427101,0.0,220.38633633104678,318.0254261980409,1.0,220.38633633104678,84.58925582195086,1.8120688895855255,8.033140011111112,1.2968884016666666,284.00860161973185,285.8152437359407,289.65828033712495,293.44111255032277,297.17088565516667,298.8808517104564,302.41321691293655,304.0144831213124,303.3875877077338,302.88120006571296,302.40242790144697,301.93118743833617,50.941576679842676,51.168044962079826,51.76359535421544,52.68712506246239,52.37843607305293,53.78291327620826,55.1073442237245,54.88246574344251,54.575174830201554,54.32292148761181,54.084238943221514,53.95032537934245,45.043502798853545,90.0,0.3961782698935725,2.1505731626201037
2022-03-27 10:00:00-07:00,2.9281390000000003,381.52316666666667,0.1946667274922005,9.5,383.6685579418016,33.09226185360814,42.88839024933144,143.34544685877955,0.0,250.9440297044106,369.003796791702,1.0,250.9440297044106,80.89452160140797,1.424897808551235,10.478760744444443,1.2739663733333333,343.56907786798917,346.8689269949664,348.34104812670074,349.83012511322704,352.93200090379156,354.2923514537203,354.1116139357774,353.78095426360795,353.49297493514234,353.3527678131731,353.0783142681586,352.9266745300549,46.826383167292946,45.50745396667882,45.44946037502568,44.87704074704017,44.4737498182301,45.4431003605671,44.64021819951336,44.89801290546563,45.4802035908016,45.97467689592509,46.41279672607461,46.74101118479033,29.009727929711726,90.0,0.5075209449787004,1.982605475721165
2022-03-27 11:00:00-07:00,134.558111,493.55685,0.1926315093864244,10.5,599.832335396824,36.37874834771957,37.83214096138105,165.24357525715538,0.0,388.84159812592225,602.4139861752315,1.0,388.84159812592225,116.78180126450351,1.1485360834967173,12.782615944444444,1.916292275,582.4452107608504,582.9041018800117,583.2621889771572,583.2610404065888,583.6401131660413,583.6363086691479,583.92334979064,583.9279136114153,584.2349253298657,584.2330616029392,584.2307385677486,584.4483348056456,63.91726584378069,60.73896077275748,58.1198816459412,56.11782272488407,54.679204915697,54.092347689428145,54.267307367145044,54.98255869925216,56.23336976698889,57.945232921528245,60.26513849203917,62.62339193929805,11.188820994995062,90.00000147877934,0.6529785235361039,1.8761498233148577
2022-03-27 12:00:00-07:00,540.8030166666666,460.0543,0.1904506716169582,11.5,890.1122332778082,36.673117007215886,37.32386229595343,189.9231993195801,0.0,576.8798966987781,897.3929094087626,1.0,576.8798966987781,171.9982061035154,1.0985807601995377,16.220106611111113,2.2562039166666663,880.8285885457603,880.826756350086,880.3976711651956,880.3983991982118,880.4542292657799,880.4550310612229,880.026384962211,880.0554016825178,880.0528896761527,879.6210837382115,879.525651455559,879.0973655066498,88.50238105461975,83.87144494554299,79.49411066129112,76.14116575981573,73.71582168754034,72.16666248394365,72.11875798161405,73.3619114916235,76.18764281297992,80.01494266928788,84.89867124724944,90.65306981967326,7.485338729003034,270.0,0.6848637551746534,1.8656646282138454
2022-03-27 13:00:00-07:00,633.318555,348.05608333333333,0.192690472522572,12.5,822.1302628453611,33.923076397338455,41.5345821586206,212.68446673437208,0.0,510.9225798534844,900.9189059176948,1.0,510.9225798534844,170.00285732378018,1.3640695217153644,19.4589525,2.050685163333333,885.1598678992119,883.1181194270359,881.1771775398265,879.1399204049376,876.7908497112207,874.5058054756926,871.9153696449814,871.4480456936069,870.5831654634106,869.2805897657022,868.6037121747208,867.8124109682981,80.76821007102858,77.27594441004439,72.89809046270946,70.31948921339459,68.11199875029311,67.32557990047101,67.03421139517198,67.51166258532014,70.84881128809894,75.29900580952157,79.68664691465965,86.54403816807702,25.56383081141917,270.0,0.5342418191806455,1.95503774705973
2022-03-27 14:00:00-07:00,568.9174666666667,309.5782,0.197068077750555,13.5,681.0874519155071,28.572404179632812,49.231009935994365,230.83880908729347,0.0,387.39606343690264,863.0160562698907,1.0,387.39606343690264,153.57987385765318,1.7186635634478233,20.323156333333333,1.8251871983333328,839.6582553991848,836.2889433160492,833.3000956649818,830.2660692843723,823.6338640842848,822.9819947249238,821.7996042129944,819.6795556381771,819.0265361516663,816.9212309634316,814.8799843080494,812.9210561048967,70.88473072720423,67.17784458291746,63.93194635697085,61.4162721409948,58.94008734171182,59.36150740548212,58.73350694832512,59.712784891939606,62.81445760270723,66.22190959293135,70.77982052993762,76.95067807930864,41.96381358592976,270.0,0.41566943828909414,2.113575575705407
2022-03-27 15:00:00-07:00,273.4623301666667,236.43495,0.1995354866954759,14.5,377.2995604537282,22.207207279814643,58.99484272774734,244.92541829209932,0.0,190.04282498221397,544.1978012546946,1.0,190.04282498221397,98.15927672290044,2.3503940885341787,19.497682333333334,1.6374267483333331,526.0959525256812,523.8612903667058,521.5897774944779,516.8089021726165,514.4954899894702,512.4469151772698,511.55221899163536,509.34610004030276,507.0609784701649,506.0801596114311,503.8355896661099,501.5373226536436,52.445997039235884,50.548570616349615,48.82290526000828,46.99685693207738,45.70759377008403,44.710973925068195,45.02577419060299,46.021039563010255,46.77564375226396,48.469898110215475,50.027860691981346,51.85332745253596,50.0,270.0,0.366977778440511,2.214355247456318
2022-03-27 16:00:00-07:00,207.58294758333332,161.46573,0.1955942365235595,15.5,232.93341767493303,23.024875013178104,69.8618465585508,256.39544881515366,0.0,92.35867218893497,399.55737422016057,1.0,92.35867218893497,59.98241924450601,2.857142857142857,19.90727088888889,0.9843727516666668,387.9322602357058,387.15580616596935,386.40061544539054,384.69321563769955,383.861805491583,382.17198359478186,381.3766241390292,379.6461249664893,377.87935643443217,377.0331494117541,375.2132253462697,373.3663603584086,31.95632006375309,31.250858654223414,30.536655132451745,29.748070434736583,28.996816091435896,28.210445978132938,27.390266727551435,26.5517403367629,25.68217486597907,24.880356763919483,24.102429849822823,23.42642825312263,50.0,270.0,0.366977778440511,2.214355247456318
2022-03-27 17:00:00-07:00,158.6349955,69.98594666666666,0.1840361339134477,16.5,94.12717945353536,64.227249026621,81.24665988934626,266.4763537663985,1.0103029524088914e-15,36.09610173310355,166.27819819253705,1.0,36.09610173310355,18.977046771937086,2.857142857142857,18.61637066666667,1.3201857433333333,154.57908538473734,154.36192506575716,154.3625133777232,154.13809292207588,153.88675172505108,153.8859711705632,153.62811296041954,153.3431691549563,153.34273664306554,153.0505897685078,152.888984583458,152.72956616888558,7.047959023977136,6.752608893689598,6.649954803147803,6.3717216110952615,6.282115913533273,6.207841872471935,5.995551971171021,5.962507353844828,5.965967049770601,5.86158911996867,5.923167523502599,6.03754699762893,17.054280673205568,270.0,0.603361222998066,1.9011155163635736
2022-03-27 18:00:00-07:00,3.156004283333333,5.503245016666667,0.1845629996676775,17.5,5.572936815334246,86.38267746596688,88.73467518961459,272.7327799586919,0.0,3.5219529022374956,5.70004108702528,1.0,3.5219529022374956,0.002323347904807216,2.857142857142857,15.151762055555556,1.1610639316666669,5.26364142871394,5.264418429023685,5.264418429023685,5.264418429023685,5.264418429023685,5.264418429023685,5.264418429023685,5.264418429023685,5.264418429023685,5.264418429023685,5.264836655728444,5.264836655728444,0.5703620900976986,0.5580110615194603,0.546985229091655,0.5393086522668754,0.5343774962086426,0.5323513654256257,0.5332669221299196,0.5370450260806127,0.5434760515726067,0.5522528604492026,0.562985393411827,0.5761913439993519,2.354679437776192,269.99998989801395,0.7294573292414704,1.8579872162578015
2022-03-28 06:00:00-07:00,74.13475691666666,54.447815,0.2166266109929175,5.5,63.02845296078058,70.68894086117888,83.35347226045755,91.47981430271363,0.0,29.47791739170962,95.22065649796612,1.0,29.47791739170962,14.003835678066707,2.857142857142857,11.195408166666668,1.4068300016666666,85.0006107763243,85.09185519819073,85.18322050319841,85.17602806973534,85.2463229324265,85.24660125015225,85.31784382737663,85.31171751769614,85.3759641707008,85.37573007105324,85.44073101422732,85.42889828682827,5.544823893401965,5.471786270673404,5.384582684171461,5.340658378309379,5.320773779419779,5.372144204645111,5.411769630230952,5.473390772591989,5.597532148502358,5.691468492160833,5.795386475871325,5.906418582736307,12.668942033674028,90.0,0.6403413149271497,1.8814892858623673
2022-03-28 07:00:00-07:00,19.47724536666667,108.954215,0.2031086109191404,6.5,115.00795021689999,27.373214082677816,71.89190942857041,101.37561472024231,0.0,69.75128813894857,121.43697954635866,1.0,69.75128813894857,30.078014452312477,2.857142857142857,13.096392944444444,1.23090701,109.15936607299288,110.52624846058855,111.95896415018328,113.35436313377686,114.01448393140775,115.36886107466269,115.98657372211362,117.28768152281492,117.01753259015389,116.41206813874226,116.0834288212899,115.75980246707023,17.461662148213886,17.80315810910158,18.25051758577194,18.74247161681448,18.825684805308875,19.41392449664455,20.023783900720634,19.8267983110351,19.650959991411415,19.42690464931386,19.184061217789885,19.406604159883628,46.25027770189732,90.0,0.3888163431573215,2.165633302531353
2022-03-28 08:00:00-07:00,41.2792135,241.94911666666667,0.2001098500663616,7.5,262.05460088119196,21.350464151396523,60.85242516357509,112.4589961973244,0.0,154.17871731403002,298.86039872886124,1.0,154.17871731403002,72.17424003136207,2.520359540755498,16.505682444444446,1.8512015616666664,267.64189058982186,270.4478365463058,273.20187144520554,274.45037402235,277.15655569819603,279.7924276816288,280.9664900841003,283.5015538109753,283.8293194760143,284.6616351152692,284.99674881112855,285.3247390773064,42.5104642250871,42.4690026032603,42.647848455076996,42.785567512867466,43.33068785268753,43.77681247001251,44.496438860729015,44.494950542579176,44.575191923293765,44.868074401948924,45.05485219416957,45.279293616959656,50.0,90.0,0.366977778440511,2.214355247456318
2022-03-28 09:00:00-07:00,266.3581183333333,371.3792666666667,0.1995216902080291,8.5,539.8480938699931,27.013129658056528,50.7659352187602,125.90082994523374,0.0,317.2590093226606,642.1364628722165,1.0,317.2590093226606,128.78992557664267,1.8032489255623358,20.251853611111112,1.2929347016666666,595.5656401367871,598.7138019403984,601.7789921833912,603.1805813860697,606.2595880949325,607.7020122484469,610.5865055548459,611.808823234103,615.070359834606,616.8098776250577,618.3100609137728,621.2263545192039,70.10734502982355,66.70497636509475,64.58021162587848,62.13505726007256,61.02439357426634,61.16232776830691,61.15208372349864,62.04257927557155,62.936302017717324,64.59157968044317,66.24871809060944,68.0614630206633,44.769725021471,90.0,0.3978704120927367,2.1471998923343847
2022-03-28 10:00:00-07:00,185.33302,448.1987666666666,0.1957344784357322,9.5,584.8254331740577,32.743816697673246,42.50694083788424,143.17819635368315,0.0,368.95047275180946,619.8223336796218,1.0,368.95047275180946,126.16879310985104,1.4206929516284879,20.817202166666668,2.3823681,585.132881166998,588.1884436662526,589.3682764564708,591.9801156036954,593.3007945441836,594.4051170347269,595.7706311265099,597.258407431315,598.5401852146441,600.0060192578005,601.226813481097,602.5470812973058,66.89834643380428,62.88246272827299,60.42364407655146,57.93255311166373,57.215699312439874,56.63144429575144,57.11963504452446,58.48763212309043,59.379055925309494,61.4112261075252,63.72471831705883,65.00204261011523,28.780729829896764,90.0,0.5092705397695482,1.980674199455304
2022-03-28 11:00:00-07:00,265.82648916666665,408.5343833333333,0.193726993569489,10.5,619.6143107573162,36.000208088753844,37.4342392261912,165.2384836814083,0.0,398.05033579996706,629.3742930070537,1.0,398.05033579996706,124.35305647200144,1.1464602002625128,21.462551666666663,2.622533816666667,611.2292776119684,611.5903638310733,612.4672212690016,612.4663411962599,613.3162673036512,613.3116236985941,614.0205629033065,614.0261299836872,614.7121448615095,614.709929331058,614.6561759737922,615.2554827806252,64.84753220533527,60.62934792400462,57.71953536494539,55.21063452781211,53.408478471759715,52.66306294228091,52.94370829467065,53.940132083221314,55.4737811919683,57.58279178983024,60.702044878810725,63.628438635511436,11.036851393091654,90.00000241483653,0.6542798414921903,1.8756386009009605
2022-03-28 12:00:00-07:00,428.4658616666667,337.01685,0.1910096992674595,11.5,679.4446114408258,36.277469226809096,36.94670373557009,190.13308509464534,0.0,440.5514611426195,687.5281751978391,1.0,440.5514611426195,133.63379684966583,1.0992779099426886,22.5131425,2.8685553833333333,673.7482458700006,674.4908541361744,674.4033222104389,675.1488268953237,675.1508232637142,674.9304075112623,675.6732892623803,675.672649690097,675.3960239850021,675.3954234492013,676.1388426827975,676.1403199627409,69.41492898407468,64.83346342722601,60.93997370789794,57.89189669264552,55.62912004944925,54.624961552215275,54.648075607246724,55.96190024670259,57.871918333902386,60.521873836601685,63.99032571197647,67.65288763671032,7.537605561284941,269.99999556366197,0.6844115550832472,1.8657838789852939
2022-03-28 13:00:00-07:00,862.8259999999999,212.73117833333333,0.1924398071917098,12.5,861.8257882621568,33.526856834191,41.210940726556636,213.03450367042046,0.0,530.3314305766479,963.5850874157469,1.0,530.3314305766479,176.58416177231572,1.36334078156912,23.775292611111112,2.4883343,934.0169142927097,934.0771908859891,934.5915927177747,935.0395660412386,935.519548782084,935.5940156626365,938.5277733544702,941.1529524473044,943.8210160174915,946.1567880482345,948.8416558161219,951.182956412467,88.83251634251639,80.52071357837796,75.52481316791466,69.9148386146986,65.83554195135913,65.05601006762278,65.43067924566459,65.89829419848941,68.53194461744808,71.10466391577522,75.27578564373998,80.22533344570031,25.52080740860198,269.9999985212207,0.5345805753557061,1.9547139757656677
2022-03-28 14:00:00-07:00,946.0419166666668,97.979985,0.1981542425817895,13.5,719.1004078035946,28.18720506629017,48.96298888778001,231.22771264919942,0.0,389.4571743022037,971.6262092928017,1.0,389.4571743022037,145.86738801213482,1.715466756454872,23.93255733333333,2.1928142,951.8179011865884,948.9666183291691,946.6102558204807,944.2141145307886,939.2156483566465,939.0044289669709,938.5725713876009,938.011084353911,938.2238852550947,937.7803449278787,937.4431681603403,937.6987892671391,55.123591202377824,51.3757357451891,48.65284946648812,46.8638464341052,45.14942396993289,46.689547072407194,46.61455527384149,49.69332727089499,53.87266363806636,59.20858890194834,65.92066190888731,74.88712763939492,41.8509660662053,270.0,0.41640233675233956,2.1122600500498203
2022-03-28 15:00:00-07:00,235.65604516666664,169.55378333333334,0.1987687556918553,14.5,291.74360760275187,21.810509864594973,58.76769629781979,245.30680636684596,0.0,145.02503783546845,426.95945797612535,1.0,145.02503783546845,76.09551011531846,2.3403949850036883,23.14717988888889,1.7554784533333332,412.975785421091,411.0414863613022,409.07554007697024,404.95516463826254,402.949648331769,401.45002112263023,400.798823561882,399.17629593892855,397.49438535711977,396.77808753349973,395.13210566579716,393.44548386198267,40.32897819439679,38.67380661334986,37.159504055909146,35.57274236182757,34.414043826624784,33.492301237941355,33.80543487406006,34.659981369903065,35.32311221166987,36.72591593389108,38.017863862403686,39.51271480364478,50.0,270.0,0.366977778440511,2.214355247456318
2022-03-28 16:00:00-07:00,15.54514705,151.8786166666667,0.1939482472128164,15.5,157.28216029388153,22.688061962208227,69.65921097083562,256.76017447730754,0.0,95.10771789560935,165.71655203372737,1.0,95.10771789560935,42.01107665061046,2.857142857142857,22.24475705555556,1.8963694116666665,157.6253401911179,158.0414701082101,158.4697406185911,159.23159088070815,159.66558785413025,157.81847642428755,156.95317276733084,155.06457908307317,153.12904001440046,152.2128191383033,150.22619523371725,148.2089956253656,27.715392532350037,28.08667418104575,28.4330913660428,28.706062192726616,29.00235143042312,29.272728508210673,28.422406574803176,27.580742225856213,26.729845387139175,25.99372056722944,25.28676314267328,24.70981388579942,50.0,270.0,0.366977778440511,2.214355247456318
2022-03-28 17:00:00-07:00,0.3082183166666666,46.11578,0.184402321845521,16.5,46.16370634471254,63.62330224934662,81.05450600024528,266.8286958062516,9.525677904050898e-10,29.337284368599228,46.64268944390547,1.0,29.337284368599228,8.303307282131444,2.857142857142857,20.89275405555556,1.4284342099999998,44.23858258250681,44.38472323940163,44.513090895746046,44.6456911320597,44.57589303730718,44.51776883163366,44.32114984843412,44.45605604711997,44.40540155171473,44.20835938590638,44.35012260074757,44.15415051893791,4.646017414418729,4.565373684990132,4.543869689805997,4.448668545179478,4.446766068661596,4.5028656598060595,4.4782231338015,4.5376077093362985,4.640852104780872,4.652042561718149,4.7597407435060655,4.77187614000645,17.460235639653646,269.9999985212207,0.5999780852793796,1.9032174405539943
2022-03-28 18:00:00-07:00,0.1674131499999999,3.336535766666666,0.1675147060031494,17.5,3.3407933654327633,85.8331039809201,88.54271457399334,273.08109900036135,0.0,2.1357825848308276,3.346829729919124,1.0,2.1357825848308276,0.0018705980500633502,2.857142857142857,18.1760505,1.8206418166666665,3.157864911006586,3.157864911006586,3.157864911006586,3.1578377214020152,3.1583088051564774,3.1583088051564774,3.1583088051564774,3.1583088051564774,3.1583088051564774,3.1583088051564774,3.1583088051564774,3.1583088051564774,0.3133488530490368,0.3066164831973669,0.3010386947828333,0.29682393804334595,0.2941270230040592,0.29302993616169715,0.29355114393388065,0.2956410091470392,0.2994812401086226,0.3046188127057213,0.31056758716538163,0.3173020164274038,2.7135407237123164,269.9999934978536,0.7263287413761257,1.858264142753244
2022-03-29 05:00:00-07:00,0.4552171333333333,0.2257324166666666,0.99,4.5,0.22597600523571645,89.91240222630643,89.96934079016746,85.48294682674475,0.0,0.14432836775791522,0.22642832793823883,1.0,0.14432836775791522,5.606972911119099e-08,2.857142857142857,9.27297695,0.5770805301666666,0.2134172904990135,0.2134172904990135,0.2134172904990135,0.2134172904990135,0.2134172904990135,0.2134172904990135,0.2134172904990135,0.2134172904990135,0.2134172904990135,0.2134172904990135,0.2134172904990135,0.2134172904990135,0.12582878886358587,0.12309097265806533,0.12075527105141882,0.11891728309588122,0.11765381009672041,0.11701747554367693,0.11703455752434766,0.11770314253884638,0.11899403325950995,0.12085191107831088,0.1231982889325198,0.125937104977667,0.057115968410962455,90.0,0.749501569230433,1.8571433540094446
2022-03-29 06:00:00-07:00,0.2739337166666666,4.968053666666666,0.1440767383276297,5.5,5.001214542073994,69.76510823483278,83.04704243498166,91.22546896290305,2.972391332183526e-10,3.2244275612896884,4.903807684897372,1.0,3.2244275612896884,0.67523631127293,2.857142857142857,10.157127083333334,1.67835616,4.6858374278112125,4.697353642819337,4.6891689966936765,4.669502911782112,4.682082154917844,4.675112359690231,4.675124727879467,4.669172789530801,4.6495067224337365,4.663312237761735,4.663333920942451,4.658495643178885,0.39474979601569066,0.3864128488566271,0.3809723641426859,0.3784200925154769,0.37303634205703246,0.37406991335292716,0.37728457981647723,0.3823488968989649,0.3841171724887123,0.39086345110189513,0.39850922175184095,0.4023009070952717,13.285119809457019,90.00000120741828,0.635101506607876,1.8839042713557541
2022-03-29 07:00:00-07:00,0.0554846666666666,57.30936333333333,0.1680917174840986,6.5,57.32689547928734,25.470714251773874,71.57990446013008,101.11701822617363,0.0,39.25463618234891,46.191108699196434,1.0,39.25463618234891,14.198830685322662,2.8571428571428577,8.253322505555555,2.1519758266666664,39.59419875276208,40.437799681321984,41.26728824732058,42.07676363075788,42.45981067017589,43.24558065293986,43.608143227193175,44.369013289720726,44.14593321330878,43.741779207386294,43.527857178109926,43.31707913820736,9.109988838855122,9.326966080224956,9.594223883555188,9.883201803439192,10.211078932420552,10.551768742037007,10.894916364009761,10.752169934576573,10.614148713537022,10.45593639630547,10.288309338329004,10.110975403117921,47.931072713378434,90.0,0.3788303408076477,2.187118725950456
2022-03-29 08:00:00-07:00,0.0092473666666666,113.727685,0.1859617672597497,7.5,113.73223503187599,20.97541627702438,60.525548626815535,112.20059247253164,0.0,77.14399861130066,94.11658033304539,1.0,77.14399861130066,31.013688777890454,2.4988680933097727,8.371007772222221,0.9807359833333332,80.59111917301652,82.2371319022907,83.85776121656411,84.60511891749469,86.18620012972161,87.72736092074369,88.43394041991152,89.93952449095516,89.56189690531372,88.89519723107333,88.53049425120949,88.17070375732938,19.828354563917816,20.24013479035385,20.75891069159069,21.301639415993606,21.949751391599644,22.59488478359153,23.260921426083996,23.00510028796686,22.73851457670119,22.49465712374157,22.199047614128983,21.887095343819876,50.0,90.0,0.366977778440511,2.214355247456318
2022-03-29 09:00:00-07:00,1.0728797333333333,209.19681666666665,0.1926730328055125,8.5,209.88048190208613,26.698607119374902,50.41483370051915,125.66108248740596,0.0,140.11328256687432,185.80668800902893,1.0,140.11328256687432,53.249323344017434,1.7946087404809727,10.106338005555555,1.1350887866666668,162.97299945406297,165.6750438515299,168.31226178243426,170.90199969119365,172.11082842327212,174.61521027197224,175.7504522217959,178.12845235948933,176.02775935343305,175.56312019651642,176.5279399324535,176.08917385762018,32.94289453072411,33.362838953584756,33.06355298364639,33.87188511426384,34.77947335059766,35.774882958694036,36.869215674718866,36.59766778932668,36.39301776076701,36.123435857966015,35.84095550087065,35.533767586905405,44.49824683354704,90.0,0.39955628022067446,2.1438709615315705
2022-03-29 10:00:00-07:00,8.318091833333334,338.8899166666667,0.1952535002917549,9.5,345.05913590715375,32.39582093021469,42.12674650051128,143.0088236234492,0.0,225.91130673365166,330.6288014236432,1.0,225.91130673365166,72.57778249745428,1.4165575311302496,11.083298833333334,1.79152492,308.5311812391993,309.9605958638573,312.9580086004173,314.28201297808477,315.5418355135404,316.9227984359694,316.5868114721161,316.37272293454106,316.0624566921829,315.77581338909386,315.60540448123766,315.3208412623426,41.61042556869603,41.191691418100326,40.44809495737674,40.71963814133187,40.36465110618025,39.55792260044543,40.5315305614771,40.01121358299466,41.31594533681298,41.73454424178757,41.353975780373496,41.67528521877437,28.554187087413062,90.0,0.5110051590237082,1.9787774070328998
2022-03-29 11:00:00-07:00,3.709724983333333,245.13446166666665,0.1935684250720873,10.5,248.09572293735425,35.62243619283516,37.03737144846641,165.23317248284937,0.0,160.23251742332036,244.26592688568073,1.0,160.23251742332036,46.94396213532391,1.1444132830989786,10.341440938888889,3.138698,233.33026000813965,233.3014048377409,233.22610833074992,233.65278736506542,233.15549361432625,233.56368967212683,233.06753794607891,233.06869028399547,233.01332327443066,233.01298989134642,232.94254132827297,232.94186132564943,26.517129600240935,25.837978328568603,25.204797393249436,24.843347917835924,24.63469037143252,24.632641814225003,24.716004759166164,25.021926259782166,25.43532740019078,25.961422461003288,26.509891540020433,27.124226232507976,10.886821837458896,90.00000085377364,0.6555652073987298,1.8751406780284623
2022-03-29 12:00:00-07:00,0.1903585166666666,141.84318,0.1542531438466935,11.5,141.99606081632632,35.882822897318086,36.57087550577778,190.34597594660937,0.0,91.3784851217136,140.31899795061304,1.0,91.3784851217136,21.20583395902829,1.09996493845029,7.91792651111111,2.2676898016666667,133.5348445424191,133.29505625114118,133.50043747094708,133.26086633195646,133.26098368758895,133.47144628172506,133.22564167854182,133.22559097767498,133.4408414971816,133.44080434686654,133.20113361058307,133.20122681646586,12.147186334615487,11.875768162201176,11.662754946727475,11.51260724001319,11.416939204309111,11.405207401060292,11.443881053234062,11.566564416699594,11.734733403226839,11.944074235793096,12.201339946265383,12.466272088262901,7.589104729375741,269.99999758516344,0.6839660500199546,1.8659021851564161
2022-03-29 13:00:00-07:00,0.7857760666666667,199.5327,0.1495417599267419,12.5,200.12672884802032,33.13166964497023,40.889164860465584,213.3880326529019,0.0,131.776254134226,188.56690923146002,1.0,131.776254134226,32.31432858605048,1.3626194536387697,7.628855544444445,3.1235348000000003,176.4872322765999,177.33535626588179,178.2232814967888,179.8523391831059,180.66475279169072,181.38382717153888,181.15034073726133,180.96960401934754,180.74362352543957,180.5741534204625,179.6044454496552,179.4047081256996,19.06063131023216,19.112750151313644,18.377765429644946,18.278560159710466,18.148818900042443,18.24492593885766,18.279919513754415,18.871347088819114,18.59696531744219,19.273474901216023,19.055422419126394,19.159610137521703,25.478182159701497,269.9999985212207,0.5349163163443763,1.9543937025597524
2022-03-29 14:00:00-07:00,0.5519702,148.69744666666665,0.1433946563686284,13.5,149.06177021933365,27.802951385901665,48.696918731726036,231.61867066480627,0.0,100.31383409732891,128.92217738995012,1.0,100.31383409732891,30.28234856234123,1.7123129470243157,7.618918444444445,2.34495081,122.91247828844763,123.16232364469948,122.57723204910816,122.91657933591186,124.44532848105088,122.65518951090037,121.80856876283441,119.98601114345519,119.10262260155639,117.20147739970244,115.26642424056122,114.32547996862498,20.856308786377692,21.049891063392224,21.240018341324937,21.416630310487747,21.571465601673943,20.83049169222644,20.935787724710217,20.82883083416034,20.155779990704193,19.535218937208526,19.039424850673054,19.199430798080652,41.739123282489864,270.0,0.41712998672473156,2.1109590881901346
2022-03-29 15:00:00-07:00,0.5683708500000001,23.584199666666667,0.1170811697489182,14.5,23.88081560110931,21.414905712649304,58.542200569162866,245.6889497742167,0.0,16.312776595707614,18.960067002118507,1.0,16.312776595707614,5.068534642736391,2.330545500368885,6.322442333333333,3.2141962333333334,17.91846987331171,18.010658197601522,18.104176006501007,18.284740196850255,18.38179140892696,18.055070730368378,17.89676226037409,17.561025936320018,17.21721657373753,17.050077232839858,16.697224362714337,16.33874154219544,3.842026930645422,3.9202510602258154,3.9954677313010944,4.067020645840102,4.136617481215646,4.203874110539305,4.062300844376388,3.9203138000583286,3.782904826441591,3.656732702494288,3.5386876704270693,3.436044632468583,50.0,270.0,0.366977778440511,2.214355247456318
2022-03-29 16:00:00-07:00,0.1880896,14.0330075,0.1067514137197924,15.5,14.099007647374155,22.353978420800917,69.45778745012977,257.1248311234894,0.0,9.645702874394772,11.06421817056126,1.0,9.645702874394772,2.8374722547066282,2.857142857142857,5.551107833333333,2.1997493559322034,10.470657330711305,10.53296037841735,10.59618111528123,10.719642326927644,10.785271576443678,10.590257493910986,10.495303668904814,10.294822036951194,10.089590139102503,9.989374526183289,9.778664548359105,9.564584471444526,2.1837702099218244,2.237120915640669,2.2885760913631175,2.3384137148353252,2.386233247304572,2.4324561668863036,2.347826079178508,2.2623066014020523,2.1800296680478515,2.1031494996254687,2.0314015428402565,1.968114759254512,50.0,270.0,0.366977778440511,2.214355247456318
2022-03-29 17:00:00-07:00,0.5144567833333333,8.503020666666666,0.1121018283618198,16.5,8.584713191336283,63.01890714921174,80.8631115808716,267.18041971549576,0.0,5.560628136209246,8.325097641217182,1.0,5.560628136209246,0.9147398643159144,2.857142857142857,4.069119672222223,2.713302751666667,7.915018780837746,7.928295117429199,7.92828284921097,7.9417730148701065,7.957071492470562,7.957009915127252,7.972233957050113,7.989515590327196,8.0066012703303,8.007628321179324,7.981410105330397,7.954974407196294,0.5434277434645405,0.5458204804148445,0.535541220267551,0.5381122328445446,0.5285685009619372,0.516433569301533,0.5257966335013939,0.5226302082301922,0.5317529289246508,0.5346287145702757,0.5400515602343405,0.54352841396539,17.867784968354194,270.0,0.5965892363371255,1.9053757898572243
2022-03-29 18:00:00-07:00,0.1425505,0.9131971166666666,0.99,17.5,0.9168217689575046,85.83384937409566,88.5429748504387,273.5882509530325,0.0,0.5845558967035444,0.9230409429405523,1.0,0.5845558967035444,0.000512321409304183,2.857142857142857,3.285995366666667,1.7709471516666668,0.8668032047727426,0.8668032047727426,0.8668032047727426,0.8667592248814552,0.8668881587087444,0.8668881587087444,0.8668881587087444,0.8668881587087444,0.8668881587087444,0.8668881587087444,0.8668881587087444,0.8668881587087444,0.5066661292947923,0.49577629768124054,0.48675408513624685,0.4799366522268486,0.47557439424206194,0.4737999061866725,0.4746430456899301,0.4780234981354551,0.4841752564261267,0.4921767276961718,0.5017988353731317,0.5126917119886585,2.7144572804591345,269.9999877460429,0.7263207518812136,1.8582649002161284
2022-03-30 05:00:00-07:00,2.239371816666667,0.7468549,0.99,4.5,0.7525305111185849,89.58509872146655,89.85478565507722,85.07238388388375,0.0,0.47754728468731605,0.7630667631163988,1.0,0.47754728468731605,4.1672593160531675e-06,2.857142857142857,-2.299205166666667,1.4151057733333334,0.7067801849838458,0.7067801849838458,0.7067801849838458,0.7067801849838458,0.7067801849838458,0.7067801849838458,0.7067801849838458,0.7067801849838458,0.7067801849838458,0.7067801849838458,0.7067801849838458,0.7067801849838458,0.4163283291744522,0.4072576777134548,0.39952730892847643,0.39345234152289926,0.38928358164042004,0.38719212075500364,0.3872607848538934,0.38947962447108214,0.3937488982416841,0.39988241892850784,0.4076200337859608,0.41664319593769295,0.27068744271277867,90.00009393450303,0.747637815227714,1.8571540170389258
2022-03-30 06:00:00-07:00,0.0692690333333333,18.9422115,0.3218345853940608,5.5,18.95096313994902,68.839650652618,82.74169566927097,90.97141502565147,0.0,12.306935517117706,18.397051108540648,1.0,12.306935517117706,5.905225997072754,2.857142857142857,-2.550256883333333,1.835434673333333,17.548549013058018,17.5901874780006,17.56367196742527,17.538732254336743,17.533851137822516,17.51128951360814,17.511293280022294,17.485706638602103,17.536512423697708,17.46643245894197,17.46665950129113,17.445412833581635,3.3565325886456487,3.2877564369054806,3.24320805284683,3.219243292285973,3.1911160179668783,3.200724620952579,3.229481454992651,3.2669357355756516,3.302809027189637,3.3590332513160264,3.4226884727755316,3.4696945821995246,13.904149482829046,90.0,0.6298508283950855,1.8864437759386916
2022-03-30 07:00:00-07:00,84.80453478333334,170.1899283333333,0.3521897719558527,6.5,197.42251878517465,23.437994725270823,71.26921584888164,100.85811550342248,2.2121441074410312e-09,93.06051208798634,296.9065708548957,1.0,93.06051208798634,77.37754893102178,2.8571428571428577,-1.6383284155555555,1.3776158766666666,271.11282651460357,273.0079199398318,274.8765867947424,276.70670212829464,277.2940946960534,279.0722559414096,279.83251431993074,281.5903783789895,281.8890298265572,282.25853413750247,282.3509062346478,283.37281018482275,34.25572014842429,34.485113783767794,35.1013104466372,35.71901627394833,35.893535058514274,36.69062220949152,37.548109026813094,37.740965931285004,38.78050406351139,38.93729190493365,39.06662198609289,39.16753583105476,49.77209225342376,90.00000085377364,0.36825922641047515,2.2113132146541554
2022-03-30 08:00:00-07:00,865.5314999999999,102.65012666666668,0.2307870457350941,7.5,532.7943823787054,20.6021774349056,60.200180202366305,111.94113975107757,0.0,201.02091575942254,982.9258372765839,1.0,201.02091575942254,129.48828142667094,2.477872537985483,1.0064989429444444,1.69201243,937.3771814921475,938.2494389557346,939.0207615091821,939.2606760246872,940.1829189840744,941.0780831541717,941.2330821644173,941.7597200489387,945.0870596382392,952.0970581237976,955.4899035789404,958.8229459840572,70.98695179849868,65.33145454055773,59.960803634456454,53.94899690309981,49.72440179106071,44.81410642873403,41.72269800980184,41.5000238565108,42.031707018414984,43.81791673893397,45.46105989191222,47.58318068124674,50.0,90.0,0.366977778440511,2.214355247456318
2022-03-30 09:00:00-07:00,700.2178483333333,239.340695,0.1860115494254387,8.5,688.8204550062331,26.384394725599147,50.06529701294847,125.41944031673253,0.0,373.82048634123885,925.6109080622842,1.0,373.82048634123885,145.45704304716546,1.7861463076631297,2.122914977222222,2.19876531,878.7228187864656,879.0743475240911,879.9683784528804,881.5424287470953,882.9315797957289,883.6535101315569,885.3311232540249,885.7356486731418,892.1547585816998,896.1782267006757,899.5596525965076,903.201380902563,72.91009289186944,66.41449041210511,61.358148216303526,56.74601458001231,53.92085678343857,52.371356533774446,49.99113222896243,51.792410619936476,53.736862533546706,56.496772684134804,60.83514299543966,65.02400624255847,44.229154489198685,90.0,0.40123509665594015,2.1405870890538448
2022-03-30 10:00:00-07:00,578.8299523333334,315.79655,0.1768074463700626,9.5,747.6507754439175,32.048362248344304,41.74793804799756,142.83725297984103,0.0,464.90608634205483,838.1658347151331,1.0,464.90608634205483,146.48030631954333,1.4124916646851589,3.875565922222222,1.7882338283333332,803.7409228423177,804.3781724153716,805.7806592547454,806.6097541154506,807.14809576998,808.6394392397481,811.3986009406851,814.0081998149094,816.746459916528,819.2734229778567,821.6363358602974,824.0312861246545,73.44839701395804,67.63705458607957,63.14286913245982,59.317470799518375,57.72454061202142,57.980674215556036,57.68277395751996,58.78725230261551,60.563639648288344,63.4139610267595,67.0032011578376,71.09812481883318,28.33016947511676,90.00000085377364,0.5127241177352383,1.9769152599943038
2022-03-30 11:00:00-07:00,983.7433166666668,134.61165,0.1744584511856512,10.5,923.9513683558646,35.245531625355135,36.64165303252093,165.2275492408411,0.0,591.7725820401207,943.6669144240653,1.0,591.7725820401207,164.09960397309078,1.1423960399796256,4.823354822222223,2.2653888866666665,932.7106176526855,932.6694613058312,933.3803149498863,934.0686810796956,933.9814477615234,934.5943766201383,934.5920394553909,934.453319567781,935.1594553214103,935.0866574591048,935.5682329682329,935.5644247450373,85.0550984999461,78.30445857669133,72.010308193256,67.68483577352967,64.64518935459209,62.77252123243802,62.66264943614825,63.761020884020084,66.41138286479259,69.87011433187541,74.14564135560175,79.35683454633082,10.738791145080224,90.00000085377364,0.6568340828646904,1.874655988254857
2022-03-30 12:00:00-07:00,673.0164646666667,255.96386666666663,0.1786761386698354,11.5,799.0858799544368,35.489286928664505,36.196477399645715,190.5618053441246,0.0,511.773252582541,809.9590900759165,1.0,511.773252582541,147.11741692340533,1.1006410992495521,6.512816811111111,2.642790973333333,800.8615328366369,800.8597460222816,799.9698946020607,800.3593875302219,800.360023018917,800.3607973525967,799.5122302632125,799.801899222204,798.9099918618132,799.0931152014557,799.0941877297793,798.25595361073,71.45783453932233,66.8148156152423,63.00874196982866,59.89665862492324,57.83610866864753,56.84060493364306,56.729400115483635,58.14053251417676,60.72564427941377,64.8715694496451,69.67605114331991,75.27861216297812,7.63977594601258,270.0,0.683527759402767,1.8660193709314092
2022-03-30 13:00:00-07:00,576.1703716666667,304.2912833333333,0.1839889753133905,12.5,741.9615435305197,32.73763426370713,40.56933306238452,213.74494279413273,0.0,460.42820932479725,816.5439236159103,1.0,460.42820932479725,149.16067065528716,1.3619044940786904,7.764844572222222,5.6156858666666665,803.4010402956592,801.2077892251773,798.9936989954415,796.6050401957946,794.2906876360397,791.632378487036,789.0902870278654,788.7069625966183,787.9831912338252,787.6010226198492,786.1206920556199,785.691423891458,71.19294860626344,66.99485149092008,63.83749874225,61.33135130115367,59.140927211772336,58.42924048625741,57.36216696243199,59.26101472933932,60.55402176892756,64.88501483160402,68.46008826288039,74.47988856306073,25.43589449662926,270.0,0.5352495159436959,1.9540764595893152
2022-03-30 14:00:00-07:00,482.95996156666666,232.11728333333332,0.1887246085726327,13.5,552.559950386529,27.41976989871714,48.43284883848368,232.0115370428165,0.0,311.22173588230845,711.7550155238614,1.0,311.22173588230845,123.4744530058021,1.7092002718215031,7.434269177777778,5.013487188333333,693.7854829911784,690.3330762637956,686.5772037421237,683.2537341141399,676.8864988294204,675.4118738182244,674.8503986492805,674.2053407300369,672.9854997204955,671.5449025466204,671.0148705690275,669.7197066789973,57.379436545317056,53.61675902220923,49.976700870966496,47.208387716533245,44.87549643251125,44.9358168039253,43.1309874873103,45.094664745402014,47.24174117714917,50.12333055384902,54.53893291158947,59.54914114134446,41.62823665702222,270.0,0.4178526680813391,2.1096720553069197
2022-03-30 15:00:00-07:00,309.38879638333333,214.93275,0.1910721033109836,14.5,377.4233260030734,21.020515409547503,58.318383239070776,246.07170434195922,0.0,188.0473285294345,552.8594705188478,1.0,188.0473285294345,93.31301730874154,2.3208409221433133,7.443961588888889,4.898477266666666,535.6691403315646,533.4779172708229,531.2510525927983,526.5754026683792,524.3117383370854,522.4497302636368,521.6420660738492,519.6314886761157,517.5454969290349,516.6615128788335,514.6265329060469,512.5444797326536,49.01662753497727,47.15696084814913,45.46672022841838,43.695531626117464,42.45061800164497,41.514124891875795,41.93899147967241,43.04489925455491,43.898534834859205,45.70236528711386,47.35681800864018,49.26723360652033,50.0,270.0,0.366977778440511,2.214355247456318
2022-03-30 16:00:00-07:00,0.5925378333333333,97.89663166666668,0.1827165246319349,15.5,98.10648907892293,22.022759884707384,69.25759285705112,257.4892866737026,0.0,65.21800508006113,84.8673082034381,1.0,65.21800508006113,26.22333929626969,2.857142857142857,6.234763066666667,4.323297616666666,79.80984466883879,80.1368399216374,80.46921843719386,81.0814418877284,81.42383668206281,80.13837171607992,79.53364727575175,78.21879136033297,76.87057510888414,76.23096293438292,74.8478572381465,73.44325255311804,18.405113626395842,18.68908361168812,18.957138891205197,19.181678102072794,19.419106070722965,19.64287697959828,19.060357373400144,18.485770163262956,17.911062149678198,17.41470144958359,16.94102979291692,16.555220706192536,50.0,270.0,0.366977778440511,2.214355247456318
2022-03-30 17:00:00-07:00,2.5365024333333333,38.20413666666666,0.1814660092174616,16.5,38.615246923920076,62.41403769210912,80.67249112799625,267.53140323203337,7.429001630564392e-10,24.94820058250086,37.800038048560786,1.0,24.94820058250086,6.8504412879415,2.857142857142857,5.900332422222222,3.0859681666666665,35.89964770446327,36.029326441116154,36.143759971182895,36.262589640978206,36.19736662850984,36.142826612540226,35.95798053003358,36.085377507725504,36.037274447484506,35.852088151597165,35.98570506142928,35.80815694048611,3.9745847376187227,3.8386194504980913,3.792217686734804,3.810231282236583,3.7416599280044025,3.7616667514662354,3.7659282819008837,3.815932397269888,3.909195669454075,3.90651747821087,4.000632260840833,4.000952145617361,18.27701994025819,269.9999985212207,0.5931941813343857,1.9075915204946345
2022-03-30 18:00:00-07:00,17.359945816666666,4.714577366666666,0.1806549480364666,17.5,5.213857726219005,85.2865307006911,88.35191866925493,273.9345331469033,0.0,3.018627625103138,6.137703811172058,1.0,3.018627625103138,0.0033888913149486594,2.857142857142857,5.774764988888889,2.496018755,5.005073782594667,5.005073782594667,5.005073782594667,5.005073782594667,5.004449576969094,5.004449576969094,5.004449576969094,5.004449576969094,5.004449576969094,5.004449576969094,5.004449576969094,5.003401584776955,0.4842696397785208,0.4732807691121998,0.4642785960309783,0.45683169545327695,0.4512844573385185,0.44790652606070247,0.4468993826055307,0.4483552151974196,0.45237231177353115,0.4587796401410337,0.4672791451325431,0.4775586862804054,3.0726478950037053,270.0,0.7231989394391124,1.8585804842230447
2022-03-31 05:00:00-07:00,28.19833548333333,2.7774591,0.359640819347139,4.5,2.999185202064684,88.71268602670483,89.54947338015852,84.82213603031687,0.0,1.7762455086327966,3.410812938742656,1.0,1.7762455086327966,0.00014931796613553566,2.857142857142857,1.6008678455555556,0.8248191878333333,2.7056700533213425,2.7056700533213425,2.7056700533213425,2.7056700533213425,2.7056700533213425,2.7056700533213425,2.7056700533213425,2.7056700533213425,2.7056700533213425,2.7056700533213425,2.7056700533213425,2.7056700533213425,0.5615202190203437,0.5493499591959708,0.5390590564592416,0.531060407053832,0.5256751655058239,0.5231159594398074,0.5234711300663861,0.5267049305888408,0.5326626091614145,0.5410755547130558,0.5515849264907767,0.5637523469933897,0.8402166110829835,90.0,0.7426679896500686,1.8572503796749475
2022-03-31 06:00:00-07:00,531.2909000000001,33.420375,0.2292908980567868,5.5,103.34177163966004,67.9126986072297,82.43755770992887,90.71767421780767,0.0,16.04860901764084,251.55025256470805,1.0,16.04860901764084,25.840623877108907,2.857142857142857,5.813431416666666,2.4150414833333333,222.07419611784564,222.1394352549507,222.6010507276963,222.62697628830728,223.0280492215505,223.43087816386455,223.3983676678986,223.79898324720747,223.74168994503518,224.13878216621544,224.0523078171902,224.45310352336162,3.4932065106616004,3.542764384277572,3.4956483074329587,3.567098012786977,3.558462024870224,3.679149119505775,3.822639754878872,3.860266115216536,4.01638381390684,4.216936618165849,4.277799421433094,4.4458049217134095,14.526064755597636,90.0,0.6245897981032478,1.8891092187599425
2022-03-31 07:00:00-07:00,828.5872,55.42043,0.2051405485493612,6.5,325.7293298694467,22.857178007491445,70.95996981515061,100.59892803981973,0.0,28.007222072674633,879.6675690099019,1.0,28.007222072674633,72.85547787188122,2.857142857142857,8.844999966666666,2.3359303833333334,850.693889413587,851.1616856144369,851.6341432169986,851.854919333022,852.3040464464859,852.7445486191908,852.949033747076,853.3855504024295,855.7239280355602,860.3414984138095,862.5883758936484,864.7594737093088,6.589933868128756,6.840762866823977,7.136953880573305,7.448151811080479,7.740044213546257,8.043509168302936,8.326631420640712,10.35243908049754,12.398359116747752,14.45913578889919,16.525375714333745,18.604328795960452,50.0,90.0,0.366977778440511,2.214355247456318
2022-03-31 08:00:00-07:00,938.03335,67.16411833333333,0.2019241558805085,7.5,537.9314530857604,20.23087166548516,59.876449008721906,111.68064882337683,0.0,202.2173336375508,996.3749723066288,1.0,202.2173336375508,111.20892482373506,2.4573629669977737,11.48344338888889,1.927536705,959.0100237698482,959.642308411025,960.175300323034,960.3217309719307,961.0137993655213,961.6907136585492,961.7445125488894,962.0824724543237,964.6930782519961,970.2432297203036,972.9312253901734,975.5684995575581,62.27655480184773,57.09555116277692,52.15656484766677,46.619649073922155,42.73056472958423,38.19887109606725,35.28490552784214,34.75312046553284,34.88511079868472,36.150861357616286,37.30602310907804,38.87785281919608,50.0,90.0,0.366977778440511,2.214355247456318
2022-03-31 09:00:00-07:00,992.5058666666666,78.90799166666667,0.1940448753141166,8.5,720.6199725055908,26.07056730828217,49.717457760189646,125.17588322257876,0.0,381.94375511618784,1010.7283379161115,1.0,381.94375511618784,140.27571198054846,1.7778595469883225,12.810391833333334,2.107515761666667,978.0133147970299,977.9927808540128,978.0043847449723,978.0206911290936,978.1350666785931,978.2895993139094,978.4181939662109,978.2368312814197,983.5513611861824,985.7392969086577,988.0553615336395,990.3862763957918,73.03730114119027,65.1781935047233,58.3367959295965,52.87283786829367,47.60840159595534,45.0434225922818,42.17589607280284,42.78556054818366,43.569230341671286,45.73024148493517,48.26494687197408,51.20104428701583,43.96253096947008,90.0,0.40290609801399846,2.137348933289281
2022-03-31 10:00:00-07:00,984.8917333333334,99.42664833333332,0.1885324737676429,9.5,838.5384375338238,31.701530047216508,41.37064534215859,142.66341055476983,0.0,514.4046350912428,959.2928760735268,1.0,514.4046350912428,161.45427507634338,1.408495388269916,13.83784861111111,2.4008570116666665,937.0948974231585,937.3790122246231,937.3525444340871,937.626037579389,937.8671726233864,937.8186911443497,939.8265290796592,941.4207050830071,943.1918973251284,944.8012402404786,946.5699960013783,948.1609346683907,84.87439941481999,77.3747005350146,70.10070326899402,65.26162090153156,60.90434293447622,59.62879260168959,58.11344904356578,59.21907631070628,60.32865772595388,63.219210006161276,66.68004295809145,70.26653409639869,28.108743226309965,90.00000120741828,0.5144267566967339,1.9750878769073161
2022-03-31 11:00:00-07:00,1034.165,83.67039333333334,0.1860166528147712,10.5,917.6970753860354,34.86959435622538,36.2471986155587,165.22152102191944,0.0,587.5866775315969,937.2032793202105,1.0,587.5866775315969,172.84789595076091,1.1404090801423903,14.718443166666669,2.37198696,928.1734153015493,928.1856936423208,928.8171445278228,929.3976415766248,929.3052509174489,929.8196242614304,929.8151332022599,929.6692352210407,930.2237235328344,930.0106217515475,930.6252474684584,930.621518849704,89.77355761747218,82.54010983025691,76.17159402952146,70.67934770746,67.52437607377502,65.47019231357362,65.31401117066179,66.45460837451128,69.24562677919879,72.96933358646427,77.59442646265127,82.88228483863504,10.59281464650133,90.0000017075473,0.658085959432454,1.874184446737722
2022-03-31 12:00:00-07:00,1021.9127166666666,85.93489833333334,0.18723394731694,11.5,914.5249502917251,35.0969696865896,35.82360823435346,190.78050520227893,0.0,585.4442719869189,925.3766351932795,1.0,585.4442719869189,173.02637999321695,1.101305688448853,14.91619861111111,2.5992301666666666,917.9727990289432,918.322678880504,918.3212671502724,918.2162472689173,918.6847446124849,918.5231647343239,918.9393428541615,918.938352249134,918.9375454084574,918.7251573991555,919.1912682102335,919.1935401564652,89.31442372385524,82.12564475673022,75.94508503430518,70.59833068942162,67.23236750665508,65.38165092493483,65.25090699305346,66.47068731497778,69.06041437077218,72.99661676438863,77.80634039103167,83.71722016807765,7.689562239148604,269.9999964798011,0.6830971737386027,1.8661352651674228
2022-03-31 13:00:00-07:00,991.38935,103.915,0.1917739305673025,12.5,860.5585215566775,32.34486787957833,40.25152240271999,214.10512024927124,0.0,527.7901143034499,960.7094106933832,1.0,527.7901143034499,168.4266266300727,1.3611949457183403,15.96207,2.629735338333333,950.0804466101526,948.7178720690868,947.1005032419096,945.5771246541058,944.1917027005859,942.444354211177,940.8997140544867,940.9614651143901,940.6282164000615,940.7352822417943,940.1216230199378,940.230610294258,73.46229817326696,69.34424381076018,65.97561517985712,63.3675297678123,61.36123696098624,61.156563553712424,61.1975612346968,64.02867399842717,67.20758697593045,73.32711388851934,79.14538814681592,87.78420549883305,25.393886677260536,270.0,0.5355806263775327,1.9537618030680028
2022-03-31 14:00:00-07:00,187.93769276666663,247.30773333333332,0.194209553357955,13.5,372.6456270241446,27.037786096487014,48.17082709478303,232.40616386387697,0.0,224.08398903987515,426.82127144651673,1.0,224.08398903987515,88.43872640934023,1.7061269588119492,15.491038444444444,1.48617303,412.5262362388231,411.2397636642238,409.96965320320624,407.6290470886289,405.62559670274766,404.75937201546435,402.665846218203,401.64662160356806,399.54757018083194,397.2857012909384,396.28537570829195,394.0432170125463,47.57824462193974,45.95254851605426,44.33845202981882,43.13502342627762,42.12158236833462,41.47568665751854,40.85175585474268,40.65090428523051,41.81020704127488,42.90565024818951,44.22179500532088,45.997970323689295,41.51825963866277,270.0,0.41857065006422234,2.1083983453068162
2022-03-31 15:00:00-07:00,0.71013645,175.20258333333334,0.1950067136955643,14.5,175.57788589301595,20.6274590747057,58.09627103768236,246.45492554934674,0.0,116.70160050328992,153.81715322124685,1.0,116.70160050328992,48.5432332631533,2.3112767619999266,14.911223222222224,1.0618191716666667,144.58702624799352,145.0568788823661,145.53298885494743,146.3840304227418,146.87834563444306,144.6778547556673,143.65264947509175,141.3981007352439,139.08329909777606,137.99754458452935,135.62976978650147,133.2248176562527,33.37267771739237,33.784871055469495,34.178417499932436,34.488209474282,34.854755744822086,35.216657990812685,34.28607626275827,33.41381549494686,32.52366551745251,31.83110090483673,31.165746794309896,30.6688769601096,50.0,270.0,0.366977778440511,2.214355247456318
2022-03-31 16:00:00-07:00,0.3746965,115.12864666666664,0.1944853369897309,15.5,115.26256777360271,21.694541269994406,69.05864376343045,257.85340952010705,0.0,75.3734302983916,103.9344102640122,1.0,75.3734302983916,31.748707948142407,2.857142857142857,13.92418688888889,1.2947429700000002,97.85941881310396,98.22615727176078,98.59953330799891,99.27986915638736,99.66332041038751,98.18751523375174,97.49705218563513,95.9885662552064,94.44177618962951,93.7109812514265,92.12421303106059,90.51270528492851,21.877555867617765,22.200542928168353,22.50472382506505,22.75184491057547,23.01846322007595,23.26779104237439,22.594259299097253,21.930934306897317,21.262429598893018,20.68934014671474,20.13922284358481,19.694731306021417,50.0,270.0,0.366977778440511,2.214355247456318
2022-03-31 17:00:00-07:00,0.6536062833333334,56.16427166666666,0.1901471238416125,16.5,56.272342914447485,61.80866833776744,80.48265948190304,267.8815250075588,8.239008135608517e-10,35.10023938991005,58.78107045724163,1.0,35.10023938991005,10.513351484923648,2.857142857142857,13.222072111111112,1.2362055416666666,55.597666834898185,55.7879248704657,55.95655195200722,56.13208714891423,56.05382799077464,55.967189965306154,55.898367811763954,56.06525996572623,55.820821133335144,55.75849847899272,55.749370396247244,55.69170787159031,5.842086980870753,5.635283831619113,5.631868640119849,5.596355344838046,5.511789723063003,5.58732406772193,5.646498827543951,5.6671930118930085,5.762430720393994,5.764007702866501,5.901746037907374,5.909057377903005,18.688031964292914,269.9999980909041,0.5897924356161288,1.9098656298979755
2022-03-31 18:00:00-07:00,0.1676761333333333,4.026822116666667,0.1630007039546786,17.5,4.0316416473397325,85.28938652024861,88.35291524101682,274.4392778035485,0.0,2.578275121096905,4.037697439841799,1.0,2.578275121096905,0.0028947554720730583,2.857142857142857,11.829517888888889,0.4569059516666666,3.8118824665291706,3.8118824665291706,3.8118824665291706,3.8118824665291706,3.8113458598921524,3.8113458598921524,3.8113458598921524,3.8113458598921524,3.8113458598921524,3.8113458598921524,3.8113458598921524,3.810450747179137,0.37326092488222745,0.3647840722147573,0.3578465295449686,0.35210755615577904,0.3478325586518211,0.3452293397244783,0.3444531713125363,0.34557510449759943,0.3486385534686938,0.353576381046531,0.3601265562457202,0.3680485285703939,3.072770198916642,270.0,0.7231978736705728,1.8585805986447275
2022-04-01 05:00:00-07:00,0.0496396833333333,1.60001245,0.1697210307865272,4.5,1.600500287070149,88.39099474691699,89.436913105106,84.41310002602734,0.0,1.0233217452761862,1.601271703153404,1.0,1.0233217452761862,0.0001345657584662376,2.857142857142857,5.466095766666667,0.5796836630000001,1.5128387562998948,1.5128387562998948,1.512885748294678,1.512885748294678,1.512885748294678,1.512885748294678,1.512885748294678,1.512885748294678,1.512885748294678,1.512885748294678,1.512885748294678,1.512885748294678,0.15266467070412656,0.14935192561663324,0.14655352651273867,0.14438128123865368,0.14292150575629134,0.14223093343630644,0.14233149184561977,0.14321288022275858,0.14483104965835186,0.1471133512603925,0.1501978499912317,0.15352234593665381,1.0509119989587137,90.00002699869329,0.7408295769471965,1.8573110646076676
2022-04-01 06:00:00-07:00,23.78502783333333,67.69432166666667,0.1899109940715062,5.5,70.94915339234655,66.98437963040048,82.13475308674677,90.46426921979076,0.0,37.54104464825269,94.19379968533953,1.0,37.54104464825269,13.576920176034585,2.857142857142857,5.473938611111112,0.8556722325,87.04946016518785,87.21087613832555,87.35082541411751,87.37243112674474,87.38401108680296,87.25637249234987,87.40312171371338,87.4117513444605,87.41220559074955,87.42911736094752,87.42907917388935,87.43599202713433,6.177317336662753,6.093676854498888,5.979391455831401,5.932779273023161,5.926124666088372,5.954333869817828,6.004761808937515,6.082551948675221,6.18084601296484,6.288908311380136,6.452166569736133,6.528432069832016,15.150902145982226,90.0,0.6193189293462379,1.8919020420655286
2022-04-01 07:00:00-07:00,227.55183033333333,228.28851666666665,0.2066707939515308,6.5,303.67647352694854,22.481773524062472,70.65229133509474,100.33947886978837,0.0,112.61402455445695,542.3748784013744,1.0,112.61402455445695,78.56250468484406,2.857142857142857,8.17284436111111,1.7423302,509.99257024929204,512.3428744971703,514.6612578346782,515.7254420288233,517.983842173126,520.1858612689114,521.1905212969683,523.3484507755259,524.082286048434,525.6389903300394,526.3344757055021,527.0071081259466,29.98023958724237,30.663955708735603,31.508814310744615,32.39477563712723,33.418862792778626,34.432527257904376,35.46172349513804,36.20399810757861,36.939143410929,37.71405427977394,38.41584535110503,39.09426706326029,50.0,90.0,0.366977778440511,2.214355247456318
2022-04-01 08:00:00-07:00,15.995731766666667,244.48706666666664,0.1986667427575041,7.5,252.59240473330155,19.86162276190385,59.55448299932495,111.41913267357394,0.0,159.77396823973217,247.9993023345533,1.0,159.77396823973217,68.34067313937857,2.4373296901605426,7.286006961111111,2.67126345,219.8290430498463,222.95819138410795,226.0334243313629,227.43753506248657,230.45153134826867,233.3888244805101,234.70831427535973,237.55731237291266,237.0006985632437,236.08407322962796,235.55635183783974,235.03425963703822,42.87254514628055,43.24953052834545,43.85970466433541,44.474435511870915,45.430780633095466,46.33028171757934,47.39015414563092,46.857222294592596,46.34908176588576,45.97351443530849,45.47791889175452,44.97816705744849,50.0,90.0,0.366977778440511,2.214355247456318
2022-04-01 09:00:00-07:00,530.2138873833334,215.04166666666663,0.1968930090398197,8.5,560.2917679989289,25.75720031230111,49.37144767384304,124.93039336709558,0.0,309.76679832268405,747.566630149416,1.0,309.76679832268405,128.0357269510991,1.7697463651274776,6.999682288888889,2.901060833333333,704.2447878515388,705.4045902237801,706.5757146123859,707.924971534558,708.3060524783953,709.6955490362586,710.0914651725658,711.192372456662,717.6156663088497,721.2129275117722,725.0353291330962,728.3058815010781,63.09438903337936,58.08197030829003,53.17167628520907,49.431923274662765,46.98808155780577,45.21979500482357,44.24555397994671,45.81911990470531,48.37237234416333,51.08827280119703,54.48839765707302,58.179010271871796,43.69845706639482,90.0,0.4045685290761211,2.134157106535377
2022-04-01 10:00:00-07:00,814.6676833333333,236.80453333333332,0.1916798864370746,9.5,851.6886982636961,31.355413919764782,40.99499778629645,142.4872231725397,0.0,525.2529720805412,968.5138964826951,1.0,525.2529720805412,175.30760738733744,1.4045687125057587,9.739388411111111,2.2464529216666667,935.9756848121685,936.2226699938732,936.4638025745458,937.2110619955924,937.7244494313736,937.8955454830995,941.2233535272397,944.070807311177,946.816481997015,949.8335681590831,952.5054072175478,955.2849363741694,89.59020929629995,81.20443091529573,74.39550706334053,70.1769406908746,66.38242680412768,66.10141284766564,64.70192661492027,66.76566958192461,67.97477195282005,71.86900013285067,76.35569793330984,81.2600793791102,27.88997226772614,90.0,0.5161124334327989,1.9732953449434438
2022-04-01 11:00:00-07:00,1039.2684,83.06043,0.1877120069393972,10.5,925.3987949730407,34.49472483994149,35.8541223185017,165.21499276786835,0.0,592.506788719505,944.5536802513876,1.0,592.506788719505,175.77661770603075,1.138452957483724,12.09494288888889,4.285351035000001,935.745075517804,935.7560783494853,936.341761383297,936.8690030106505,936.7668704216909,937.3735514393676,937.21347524698,937.2223062267551,937.77017607418,937.5607993463891,938.1696487217828,938.166193722345,91.3436790398184,83.98613722839042,77.50067175669855,71.90379977509866,68.66434252646204,66.82949869702934,66.41151519896856,67.5997116535921,70.17318106554431,74.06477815463897,78.91383412747582,84.31531867189923,10.44894550124026,90.0,0.6593203474033146,1.8737259555086734
2022-04-01 12:00:00-07:00,1043.889,84.16699833333334,0.1881519791240755,11.5,934.5169092408041,34.705981766108316,35.45236576021905,191.00200407318658,0.0,598.2372327651448,945.6747783921821,1.0,598.2372327651448,177.57207333181498,1.1019578325222563,12.9860985,5.377114933333333,939.5917939476964,939.589470963795,939.1302919425527,939.3396851662267,939.3405230899859,939.3902684640786,939.0928721818514,939.0935452342987,938.632190575662,938.7357483623211,938.7371132719746,938.395722052138,85.89747920937651,79.83261580406617,74.89507306285962,70.84660159657206,68.18345238056672,66.84047200623681,67.21312326829491,68.96635517716793,72.42799680191379,77.92620304059919,84.28598381254496,91.68248355986209,7.738408670516424,270.0,0.6826747657285094,1.8662496987644397
2022-04-01 13:00:00-07:00,1025.847,86.99009166666666,0.1933343670730525,12.5,873.572759100811,31.953488951369046,39.93580813419798,214.4684466874123,0.0,535.232125743942,975.8226991796507,1.0,535.232125743942,171.0261872878836,1.3604898300395676,13.048503777777777,4.53470075,965.530955571852,963.9835671836114,962.7977561898796,961.4074789299386,960.1656597553209,958.5578502485993,957.1695569489691,957.0329590729792,956.9828327875749,957.1394097993867,956.6101839654991,956.776237002739,73.86172573630986,69.77070853881781,66.38355218855982,63.759821429853226,61.517245098355346,61.656759693445736,61.84687414956886,64.79520051047358,68.2263067077114,74.56150129735089,81.56396116549273,89.6385866444528,25.352102653844618,270.0,0.5359100871670751,1.9534493046081707
2022-04-01 14:00:00-07:00,999.6321333333332,83.03162666666667,0.2013924444495242,13.5,753.0705119059002,26.657124686671402,47.910899364358755,232.8024002768915,0.0,406.0370442285806,1014.9315014910335,1.0,406.0370442285806,151.7768686182236,1.7030912987409965,13.83542861111111,6.058332633333333,994.9046566222394,992.7574911745527,990.7080446834689,988.4242122538825,983.5071519994037,983.7127824061413,983.3931894052932,983.2819911757662,983.3090092402155,983.3448957092651,983.1321949198432,983.1586721070327,55.141411628710976,51.96172870171323,49.53207473156763,47.45842350590482,46.600755537234186,47.73362504156107,48.45445579904451,51.13289190768848,55.96792826020284,62.803198326619196,70.1691289293788,78.60007663109563,41.40914676404174,270.0,0.4192841972555571,2.1071373696560025
2022-04-01 15:00:00-07:00,936.2760333333332,78.80563833333333,0.2114734690379586,14.5,576.6751130018184,20.235856719710476,57.87588912045741,246.83846767465752,0.0,233.91000023954828,1009.6675968351373,1.0,233.91000023954828,124.49217078168898,2.3018486983549753,13.555902,6.0172321,986.614313421467,983.7717516092613,980.8814734966486,974.885949849948,972.0285376911272,971.6577978534496,971.6498643836958,971.0011411090717,970.2770064866316,970.1927764111326,969.7129251794821,969.1859277187862,43.60867950939305,41.579861243162874,39.968899303767294,38.240316757882,37.723195280849474,37.96019980308524,40.99351115574387,45.70723889958539,49.7859573743768,55.97724210677855,61.7151006729244,67.79115683330727,50.0,270.0,0.366977778440511,2.214355247456318
2022-04-01 16:00:00-07:00,821.8972833333333,69.11085,0.2202699815682421,15.5,365.5137100796194,21.36945652411293,68.86095580411256,258.21706778925835,0.0,60.64446841040041,899.9866639594063,1.0,60.64446841040041,87.48480163168372,2.857142857142857,13.493197333333336,4.1189221,882.7203893716961,880.1739131877731,877.6797560195539,872.447335724504,869.7229058131074,869.1804363991831,868.9161177363492,868.3375039203263,867.8112623696052,867.4905484254571,866.9166550921627,866.3049916245143,28.713461862784744,26.781467430877413,24.901890231095297,22.88238901095595,20.926900897062342,18.834199459825797,18.51709601834511,17.974549732417692,17.238977566426037,16.164904656946295,14.938300365027983,13.582035943464598,50.0,270.0,0.366977778440511,2.214355247456318
2022-04-01 17:00:00-07:00,380.36872000000005,44.223325,0.1732941807146255,16.5,108.35309048738686,61.202771646360084,80.29363116303895,268.23066391835965,4.3567301969308737e-10,19.53363333729788,257.0000353379213,1.0,19.53363333729788,22.167540016129085,2.857142857142857,12.508401333333332,3.1197566666666665,238.12208210317232,238.22075423766188,238.32182916345394,238.41286425764673,239.06353756642642,239.6756895662277,239.67623298948456,240.26152106337088,240.80767761853122,241.39465842500925,241.32703650051485,241.8076666711035,3.2888310780430663,3.5508239875375516,3.5179310253604252,3.5059645947537366,3.858928577556926,3.87539371233778,3.9078204543160604,4.328892454965733,4.37784016964826,4.84257374092647,4.894297889528019,5.395914930411437,19.100914058108234,269.9999987925817,0.5863835129934045,1.9121991653185866
2022-04-01 18:00:00-07:00,14.371847866666666,6.2436527,0.182287875044015,17.5,6.70440924585997,84.7443952951311,88.162802020132,274.7830260348328,0.0,3.998705872901146,7.554506409995948,1.0,3.998705872901146,0.005593574973750642,2.857142857142857,10.906897222222222,1.6641133866666666,6.449038403348922,6.449038403348922,6.449038403348922,6.449038403348922,6.45042629006095,6.45042629006095,6.45042629006095,6.45042629006095,6.45042629006095,6.45042629006095,6.45042629006095,6.451307828147506,0.6387009579152495,0.6239287525157823,0.6127691321818326,0.604451634392129,0.5992701455116582,0.5973696557867917,0.5987550436280683,0.6032816142692501,0.6112942549318678,0.6213850551324278,0.6334842298612692,0.6470885842970239,3.430389807391659,269.99999556366197,0.7200820830960988,1.85893462586417
2022-04-02 05:00:00-07:00,18.808305583333333,3.959704816666666,0.2624387379136304,4.5,4.181130950518943,88.0724053136837,89.32545353609154,84.00490720359727,0.0,2.5327245063066792,4.591872236195855,1.0,2.5327245063066792,0.00047867166817825156,2.857142857142857,0.2847536583888889,0.9193748683333332,3.858633919187665,3.858633919187665,3.858633919187665,3.858633919187665,3.858633919187665,3.858633919187665,3.858633919187665,3.8587502148002946,3.8587502148002946,3.8587502148002946,3.8587502148002946,3.8587502148002946,0.5842328700217916,0.5715397234122751,0.560828086601108,0.5525243212307366,0.5469546949478402,0.544236616766162,0.5448656167529217,0.5484672672972363,0.5548616098347502,0.5637589913746426,0.5747698338372373,0.5874376453878052,1.2599419284510984,90.00001486154838,0.7390058186010834,1.8573846304192805
2022-04-02 06:00:00-07:00,368.2700333333333,49.03635,0.2269428685382046,5.5,101.34978163424597,66.0548207569019,81.83340583632815,90.21122329051747,5.152203108328315e-11,24.097586639811293,222.89426394266184,1.0,24.097586639811293,25.517202209533178,2.857142857142857,1.2570017373944444,1.0474757883333334,200.5432655713896,200.53468358196469,200.63710567009218,201.14190598790452,201.62501702148586,201.66017587116636,202.0684808742309,202.48905778574158,202.48958369138072,202.87270926781684,202.81514394035824,203.2310359124441,5.109508083070123,5.024395226223019,5.083853395308888,5.158542304413713,5.156071906968093,5.301640161327346,5.481370526320124,5.540452172476372,5.73642266650072,5.98740420366774,6.074429804813143,6.482939419213408,15.778699307348264,90.00000120741828,0.6140387464377282,1.8948237052399646
2022-04-02 07:00:00-07:00,642.9359166666667,95.40998,0.2137136961587405,6.5,311.6513674987068,22.10844487539567,70.34630484645437,100.07979218137369,0.0,48.687365452616135,768.2992573630598,1.0,48.687365452616135,79.07069372884769,2.857142857142857,5.358921027777778,0.8651732616666667,734.2134780834227,735.0911852460051,735.9576214725149,736.3575080218275,737.1924712072137,738.0132521636507,738.3915553382295,739.1944471440761,741.9652968757425,747.4412755249448,750.053322775238,752.6557033122222,12.2594522309938,12.698429906255491,13.179718452380252,13.686060536533553,14.197346542379579,14.678581206738118,15.147887581726325,17.53857959482252,19.94232390179073,22.378702469582837,24.79853891666132,27.228140637441975,50.0,90.0,0.366977778440511,2.214355247456318
2022-04-02 08:00:00-07:00,856.3068666666666,101.58290333333332,0.2101159814354213,7.5,539.6069126674347,19.49455427000909,59.23440962998088,111.15660603588954,0.0,207.43675026029788,976.7815849698532,1.0,207.43675026029788,121.37853814568774,2.4177632952421853,7.341403277777777,1.4711514233333332,933.0145362563279,933.8217045362563,934.531853852634,934.7574980760743,935.6361974247329,936.4972182888988,936.6067315613037,937.1201088722869,940.5041290186194,947.5388648165053,950.9493426181472,954.2929305721443,64.68171251520248,59.29993963788029,54.21402123025288,48.59892739276372,44.7927569514119,40.35986544959793,37.58402408890252,37.79050487919407,38.680272248622856,40.74572679179794,42.674984004487364,45.030141128389786,50.0,90.0,0.366977778440511,2.214355247456318
2022-04-02 09:00:00-07:00,954.14805,92.13573833333334,0.2000810393818852,8.5,717.7687637460901,25.444369540730193,49.027398218904814,124.68295473149476,0.0,375.01095232592706,995.6753499161721,1.0,375.01095232592706,145.6695076782804,1.7618046888777021,8.962074694444444,1.7680838916666666,961.426115577037,961.1022912267729,961.2472569365835,961.6807619316983,961.499183635809,962.0471892932402,961.9569589320772,962.1478185588637,967.1919789288802,969.7883384638421,972.5566219514205,975.0258849107021,73.51558014671213,65.40104043473464,58.273776487965165,52.00051062996809,47.89052656719425,44.847871465424205,42.92101165964635,43.28429566931303,44.970064996456564,46.852603928311474,49.756135777380095,53.43545314413679,43.43701233235002,90.0,0.4062216373753872,2.1310121873839214
2022-04-02 10:00:00-07:00,989.3482666666666,105.47021833333334,0.1931025725233815,9.5,856.416535826785,31.010101896411417,40.621124831455624,142.30861751656877,0.0,525.4510810371296,975.5300802411773,1.0,525.4510810371296,168.6397892809427,1.4007116834674669,11.192472105555556,1.7078169216666663,953.1631558358814,953.4534503423397,953.7409053889476,953.7052594401462,954.000039838173,953.9317582736817,955.7386258765323,957.6056917174118,959.1532520225657,961.0029706606038,962.5681958340932,964.2980880848894,89.70178990817674,80.76489605153844,73.32318936488525,67.99794520398126,63.690979249726475,62.04192417401228,60.72587791377348,61.77870258203632,64.01314350749045,66.35528312341195,69.61694719021159,73.08860263248579,27.673919255935047,90.0,0.5177805145215035,1.971537729415827
2022-04-02 11:00:00-07:00,936.1488166666668,167.86253333333335,0.1913637336873202,10.5,930.3510897635836,34.12102216588551,35.46253805907405,165.20786594154174,0.0,595.8219833465017,950.6659242109317,1.0,595.8219833465017,182.4182699703038,1.1365282924102171,12.95579477777778,2.14705488,938.9102872221143,939.9377375838301,939.8785676809356,940.8277955542605,940.6544416508776,941.6842649836498,941.4143435050618,941.3479011758845,942.034537429293,942.0354607347914,943.0673144295481,942.6178970884625,94.81598221096525,86.7979650686468,80.30094936983986,75.1689398141775,71.2669928079187,69.73731131071757,69.38807380404309,70.57986403895237,73.19628071032231,77.26123712674631,82.22284655144038,87.44974569094725,10.30723576999342,90.0,0.660536766713001,1.873280407631065
2022-04-02 12:00:00-07:00,760.0508166666666,223.9566333333333,0.192544923863929,11.5,845.9228062538466,34.31643048629036,35.08284667119964,191.22622553923918,0.0,541.6788291471685,858.1775252914513,1.0,541.6788291471685,167.2816843187411,1.102596909536517,14.542137666666669,2.2012778333333336,850.249290764619,850.2472302380165,849.3203243774038,849.744474569661,849.7452375689843,849.7912323147565,849.1908322792211,849.1916151533384,848.2630320349604,848.4793658556617,848.4804505792616,847.7248083548302,81.05948069219272,75.42500514627686,70.9995021104262,67.366841185519,64.96835369304932,63.74339729629575,64.04041546871471,65.40705047740042,68.45399752128571,73.32769188871339,78.9794517612741,85.5621544597834,7.78626132598333,270.0,0.6822609990157575,1.8663625025825605
2022-04-02 13:00:00-07:00,860.3513666666666,185.20193333333333,0.1961156142568136,12.5,847.9009094211144,31.563614299973786,39.62226344183423,214.83479793580244,0.0,520.7486385197396,949.7684337711456,1.0,520.7486385197396,175.98712517884996,1.3597882237396361,16.076881944444445,2.0765345083333333,922.6986690368255,922.6494162148807,923.3879219278306,923.3399787171132,923.4858627357938,923.7193297892119,926.3358730614301,929.1269277462602,931.5086190230072,933.9920019028085,936.2205563933771,938.9438466460994,88.66408851484535,80.91931793155167,74.94738377204963,68.89595083868252,66.4254051675381,63.626712352019545,64.334312378534,64.23835667606596,67.31551506448591,70.1272595073257,74.11473868830336,79.07040611664243,25.310487213103162,269.9999982924527,0.53623833187954,1.9531385446700498
2022-04-02 14:00:00-07:00,873.0561666666667,142.24898333333334,0.2035528718515843,13.5,730.3549851293712,26.277909264515188,47.65310911028954,233.20009153230325,0.0,397.3105117432058,977.9645789424274,1.0,397.3105117432058,157.47908531122582,1.7000916392186893,17.165746000000002,1.8326505766666663,938.028418325095,938.3382849646124,938.8739195953233,938.9915566881293,939.2739153446371,939.5229250323697,940.135204226019,943.4486043385705,947.0370900236701,950.5553397419349,953.6595388596024,956.8218601868278,78.26124603733905,70.35737926865464,63.48659486286693,57.716552448090816,52.55460919703564,50.153948428102986,50.48069641839199,49.57845470381197,51.43174103295025,54.46507272025939,57.8334750219977,61.953216980504145,41.30085296636425,269.9999987925817,0.41999357399467774,2.105888549214593
2022-04-02 15:00:00-07:00,878.5976833333333,94.909255,0.2137912253126552,14.5,564.9438312409715,19.845828635580304,57.65726063392607,247.2221830462165,0.0,234.64944421777201,987.8867767638405,1.0,234.64944421777201,126.01560517286839,2.2925525351206284,18.071370166666668,1.6301560316666666,964.7701570630279,961.5249331053592,958.2233921615295,951.3861406807915,948.1065984811834,947.7404984733643,947.7406508217182,947.1206054396001,946.4223609300566,946.3603754677662,945.9131222422204,945.4149078143453,45.769013394150676,43.30670699788545,41.26929885635818,39.119034857702545,38.17388485907352,37.98482859732558,40.97848445042913,45.610340852633094,49.59124111376149,55.698252756938494,61.33784166179311,67.32769315875808,50.0,270.0,0.366977778440511,2.214355247456318
2022-04-02 16:00:00-07:00,662.6088966666666,86.67609999999999,0.2201455855501378,15.5,327.7515883729375,21.04763831681797,68.66454321944208,258.5801287010472,0.0,62.02930264219629,780.8253089462452,1.0,62.02930264219629,82.26467136988082,2.857142857142857,18.20035755555556,1.381342955,764.7958947232337,762.1824045692857,759.5883567463461,754.2167082028702,751.4249363145008,750.7585917800568,750.4432761739548,749.7416317501477,749.0796591095624,748.7102194447608,748.0090376922993,747.2717718412391,29.823313845288123,27.78427885186471,25.791434511495382,23.693813793402775,21.68683652886506,19.56831539452543,19.27201622809406,18.787863552629943,18.110874053320995,17.13813860945626,15.997847668694071,14.73559161797025,50.0,270.0,0.366977778440511,2.214355247456318
2022-04-02 17:00:00-07:00,296.30946966666664,59.78861666666667,0.1885590978938028,16.5,110.70522487671043,60.59631676999213,80.1054199076912,268.57869847135163,7.771561172376095e-17,28.58559856802628,236.94747161840473,1.0,28.58559856802628,23.79240329804243,2.857142857142857,17.712795222222223,0.6726435866666666,223.74125924103777,223.3196079634623,223.31335493995851,222.86641275717963,222.44543241950925,221.96331913823252,221.8841617014223,221.347803390781,220.79538109310647,220.64602827941383,220.50256393052024,220.34160056373406,6.845707376116649,6.582928862427026,6.314080422403047,6.058406764362901,5.820755141869091,5.57987137798609,5.3973078564281876,5.371475018865771,5.181411948781846,5.1000330332307655,4.975392352368481,5.050920929358093,19.515761944043575,270.0,0.5829669173906203,1.914593231257815
2022-04-02 18:00:00-07:00,0.4894138333333334,7.3200176,0.1808275953966227,17.5,7.335693257048536,84.7493611031226,88.16453363980432,275.2848505857595,0.0,4.688054504143674,7.358249566299184,1.0,4.688054504143674,0.006555607211892671,2.857142857142857,14.230047222222222,1.0419288883333333,6.935753370880511,6.935753370880511,6.935753370880511,6.935753370880511,6.937380520186694,6.937380520186694,6.937380520186694,6.937380520186694,6.937380520186694,6.937380520186694,6.937380520186694,6.938414029675244,0.742816441437705,0.7256371905234252,0.7126585308130443,0.7029852262246555,0.6969590677727684,0.6947487072228195,0.6963598422180999,0.7016242354874915,0.7109442186468773,0.7226799371334369,0.7367514696319919,0.7525735435369596,3.4297975641593914,269.99999396290866,0.7200872421344916,1.8589340074187537
2022-04-03 05:00:00-07:00,1.1486951833333334,2.9205507833333333,0.1920192083571056,4.5,2.936284339360978,87.7572152827586,89.2152012481979,83.59759829813255,0.0,1.868223693040645,2.965025082102772,1.0,1.868223693040645,0.00047871473736067657,2.857142857142857,7.316568822222222,1.0263369203333332,2.7703977130830695,2.7703977130830695,2.7703977130830695,2.7703977130830695,2.7703977130830695,2.7703977130830695,2.7703977130830695,2.7703977130830695,2.7703977130830695,2.7703977130830695,2.7703977130830695,2.77048348898261,0.31530749745961834,0.3079602595015154,0.3022710108659532,0.2979014868296225,0.29502173593533215,0.293738555841806,0.29408632693369147,0.29603385101066093,0.2994822795902418,0.304273022019751,0.3101957935869848,0.31700406668991266,1.4671413735401346,90.00002002276682,0.7371981753318441,1.8574706843078506
2022-04-03 06:00:00-07:00,7.5225779,59.669581666666666,0.2001583047442193,5.5,60.777121074547836,65.12415047956272,81.5336400179869,89.95856002916639,0.0,36.19105413268346,68.55892300957136,1.0,36.19105413268346,11.859533841748279,2.857142857142857,6.877117094444444,2.789364208333333,64.69947154679735,64.86329028519333,65.00469838667198,64.78081860635763,64.71608452298642,64.8669097035704,64.80851654809193,64.57520355203157,64.74592037900443,64.52187035603451,64.69534712142394,64.46237140266973,6.196499668272937,6.124957499222931,6.041373454321735,5.933144861494257,5.92397305107457,5.992592141050946,5.970441352918064,6.080618184586262,6.175423626603456,6.21185922457886,6.350263155582234,6.387696820754871,16.409493703664218,90.0000017075473,0.6087497960870057,1.89787567873105
2022-04-03 07:00:00-07:00,57.571289416666666,137.69338333333332,0.2000096098794879,6.5,157.34413457128898,21.73734309846237,70.0421347466676,99.81989306783743,0.0,82.89130194783846,206.36592448434897,1.0,82.89130194783846,43.20057019823754,2.857142857142857,6.346491072222222,1.680630326666667,187.70076067225887,189.4394341193361,191.15318795428638,191.94148777099576,193.61025040806413,195.23783805901985,195.98239781789619,197.57532563277624,197.6711249445131,197.9402215325197,198.0163328019902,198.09981628717267,21.75170756924391,22.263782372121277,22.887966200129284,23.54110037809875,24.29262976495541,25.03173626227863,25.7806748211985,25.94752704602143,26.09634739531188,26.273269722584526,26.386462736467834,26.48406436246204,50.0,90.0,0.366977778440511,2.214355247456318
2022-04-03 08:00:00-07:00,3.9846240166666655,196.29345,0.1956642732893123,7.5,198.35066702201212,19.129789456285586,58.91635632645523,110.89308511700506,0.0,129.7722253104851,180.54189317588987,1.0,129.7722253104851,54.39387258430958,2.39865468560187,6.465750222222223,1.5489064433333333,157.63981688309494,160.27878042391856,162.8751157983219,164.064684016088,166.60430319090506,169.0787880318105,170.19996033102052,172.6098233806531,172.0876709105735,171.19896786970003,170.69845985539166,170.20414740865345,34.32102560300934,34.80557110286242,35.47643522500626,36.16830157328852,37.094112398809216,37.991439281310114,38.97415873656095,38.55819194167571,38.145024662001994,37.80797536456566,37.37652653243912,36.930216031141484,50.0,90.0,0.366977778440511,2.214355247456318
2022-04-03 09:00:00-07:00,29.39336366666667,288.80515,0.1986258927534992,8.5,308.210429551776,25.132150976493303,48.68544101465597,124.43355277312254,0.0,200.64975505193033,292.21681399403417,1.0,200.64975505193033,76.15386026162935,1.7540324878527533,6.955519966666667,2.066930995,262.77211107837354,266.18682811321713,267.48898077511393,270.8406668703775,274.0865279792198,275.8112620430148,278.9038353410516,280.2904605340432,279.4103836767997,278.8998948968567,278.4176570180135,278.1299370333413,46.04939113549275,45.07890933720532,45.48426792073953,46.216818722289744,46.99634641348875,48.23528767829597,49.45020634388403,48.07462892675041,47.79604639345732,47.53674994397273,48.574793316993336,48.340468172613114,43.178275750173945,90.0,0.40786466939362054,2.1279147294602687
2022-04-03 10:00:00-07:00,164.2460455,434.78993333333335,0.1958154898740129,9.5,560.1494109261338,30.66568346070382,40.24915632953034,142.12751956777868,0.0,353.37083581227085,589.9047719230834,1.0,353.37083581227085,120.8706168020544,1.396924317187107,7.508657572222222,2.8011606833333333,557.6938890374497,560.290902460723,561.6446795829182,562.7478709362559,563.8409076816612,566.2589255124799,567.6512694752168,569.1071487442673,570.3393443674507,570.7525124844381,571.998979909142,573.3534280723743,62.740127735297875,59.02152793934663,56.749747219799886,55.05220032250915,54.33389385505844,53.90643900431567,54.51001943505919,54.85932588301929,56.87183685449414,59.02293185449717,60.499978934902664,62.850249087295715,27.460646303181644,90.00000120741828,0.519430370214897,1.9698150804543089
2022-04-03 11:00:00-07:00,115.22375216666666,477.6855833333333,0.1967694314386439,10.5,571.9875834574827,33.748586584757305,35.07255975885106,165.20003752081936,0.0,367.9119737299129,573.6452853403642,1.0,367.9119737299129,113.47043852155629,1.134635639986804,7.568849061111111,2.8243129833333334,554.8742366588973,554.7289570286081,555.1904647239385,555.5261188231859,555.5241181379724,555.3796269200001,555.8166957358659,555.7719268823186,556.0365604987604,556.0375510717216,555.8940740424298,556.2618621640014,61.48888412906197,58.3137353686093,55.876645664500465,54.01611268808853,52.67378681478791,52.33758055763828,52.373224590328284,53.06947943231544,54.30793059802097,56.00287914367561,58.287792443693,60.512628411174305,10.167737140814745,90.0,0.6617347407500448,1.8728476900114968
2022-04-03 12:00:00-07:00,49.1457685,449.50081666666665,0.1980817883326343,11.5,489.89831985509636,33.92842470424077,34.71514657826138,191.45308699731657,0.0,314.6341127369378,489.98642660704206,1.0,314.6341127369378,97.41530903565237,1.103222184091046,8.595698977777777,2.770495443333333,472.4367866934637,472.67584556423014,472.6421768325603,472.97043217096933,472.8525129064771,472.852231667731,473.0291479734359,473.0020861899736,473.00175554788103,473.26855028455066,473.15022467034214,473.150969181363,52.81588874953477,50.557074358192196,48.6721388606869,47.10128885254554,46.17602515471247,45.845272935593925,45.92846608796708,46.53249041805699,47.53831809228737,48.977390590062825,50.76520406655025,52.733905058397944,7.833066646254998,269.9999974386791,0.6818563339862412,1.8664735060832713
2022-04-03 13:00:00-07:00,53.01483383333333,412.5654666666667,0.1990435456432998,12.5,453.584053319792,31.175363622042145,39.31095922536363,215.20404300272088,0.0,291.7394913012246,458.71841799137496,1.0,291.7394913012246,97.64077719231575,1.359089133396922,9.095246883333331,2.532150328333333,442.3509573616804,442.7619301066962,442.23508720505026,441.57747965221046,441.0267224973286,440.2856260677873,439.66472830280424,438.4732792339974,437.335257903876,436.2262331172165,433.4823087903925,432.2592091866873,53.25025152243675,51.66377840074388,50.847430096765315,49.11700976593244,47.94760368757979,47.55582293547998,46.966657909079075,47.32298896941747,47.67955418633046,49.020387135749964,50.541194361471796,52.58258154590966,25.268985406000564,270.0,0.5365657926073744,1.9528291082377955
2022-04-03 14:00:00-07:00,36.401181,361.9103333333333,0.2001946597371598,13.5,386.55058849511954,25.900265791906893,47.39749710370005,233.59907834828138,0.0,250.21182847828166,375.42533526967634,1.0,250.21182847828166,93.15473588718059,1.6971263108154608,10.45916035,1.1948229183333334,340.01191258494464,343.97292236430894,347.8590877484553,349.66704050695967,353.36983263745753,357.0574530395185,358.71450335754594,358.1743434577427,359.5268361766582,359.26062909421637,358.7951258307164,358.3610063466041,55.0077998418159,54.78129029272095,55.00891339175489,54.3871066696081,55.06013752709544,56.35433390648076,56.25378990255426,55.9928899289444,57.395854192978256,57.35973239746259,57.227107676363616,57.14343352208437,41.19333312049105,269.9999987925817,0.4206990472926681,2.104651308895188
2022-04-03 15:00:00-07:00,3.221778766666666,202.2975833333333,0.1982267201289311,14.5,204.03146905927278,19.457495643642783,57.440406404920274,247.60592158284734,0.0,134.21746100442942,183.88729495132569,1.0,134.21746100442942,56.48590730984242,2.2833841744837473,9.969198333333331,1.855185575,173.1810971387311,173.68367792830114,174.19274840657425,175.09245500018966,175.6227000224407,173.14140917137527,171.98915173592715,169.44540679587791,166.83269196802988,165.6119559010762,162.94263065874858,160.23087165858416,38.33286677274274,38.77811291910551,39.20644897041924,39.53631309449579,39.94476259893345,40.355656295360326,39.33758399119394,38.40321329382138,37.43953801809893,36.7255201434023,36.03584698042585,35.54271561709825,50.0,270.0,0.366977778440511,2.214355247456318
2022-04-03 16:00:00-07:00,0.2578813666666666,109.36073666666668,0.1972790962904529,15.5,109.45537855632888,20.72921770684805,68.46941853630403,258.94245818261436,0.0,72.32134567725593,96.48553110592316,1.0,72.32134567725593,30.505377591184896,2.857142857142857,9.951011372222222,0.9594204316666668,90.66532523022829,91.02279751072362,91.38614139733065,92.04984149428631,92.42377280258668,91.0086311282137,90.34761021851489,88.90144833285635,87.41836506541506,86.71876800191444,85.19772310256607,83.6529120871871,21.09536170609847,21.412043921987742,21.710446652850113,21.953155561963484,22.216291475892643,22.46269059320786,21.81838422000628,21.184794213056765,20.544437929664138,19.996394028593723,19.468623848403922,19.04246712442834,50.0,270.0,0.366977778440511,2.214355247456318
2022-04-03 17:00:00-07:00,0.5362637666666666,68.75084833333334,0.197916088779123,16.5,68.84472493497005,59.98926828519795,79.91803834602214,268.9255064482081,1.8752271953950838e-10,42.00350508125664,74.65120367785978,1.0,42.00350508125664,13.488898138126345,2.857142857142857,9.687905394444444,1.011388985,70.73237514777847,70.94996917827966,71.17734089432865,71.37928382728543,71.28546412043491,71.18189871354649,71.18284828422479,71.0837353195924,71.00369040336496,71.23084062826433,70.91720237934943,70.8465799061044,7.30394723666511,7.169543299228075,7.04794659736572,7.007590856392424,7.016647693879588,6.9981117109209094,7.076893483569064,7.107417723470388,7.222538258306229,7.267993673640516,7.391813644116196,7.44424764898127,19.932674871721726,269.99999914622634,0.5795421369014977,1.9170489960675021
2022-04-03 18:00:00-07:00,0.5388811833333332,6.864696183333334,0.184328088361731,17.5,6.883734070825044,84.2067725337181,87.97540224243197,275.62557054226863,0.0,4.397687499979354,6.911595793433079,1.0,4.397687499979354,0.00749433564691129,2.857142857142857,8.486383427777778,1.22038929,6.509119247459939,6.511295145755729,6.511295145755729,6.511180695115306,6.511180695115306,6.511180695115306,6.511180695115306,6.512706632106478,6.512706632106478,6.512706632106478,6.512706632106478,6.512706632106478,0.7089073829570013,0.6937593419958885,0.6813544372373049,0.6721330695514272,0.6664202161843733,0.6642541336590954,0.666109586668539,0.6714128651298032,0.6798561883216889,0.691892330189885,0.7052528001882734,0.7214436727027616,3.7869375770710767,269.9999942727123,0.7169767911912304,1.8593263055062903
2022-04-04 05:00:00-07:00,3.11230435,3.8370146166666665,0.2004247782410149,4.5,3.8855604064112264,87.44572317248003,89.10626296377353,83.19121362079915,0.0,2.454703807402986,3.974899711399234,1.0,2.454703807402986,0.000817156977826022,2.857142857142857,2.093053283333333,0.6082169191666666,3.6595123948529675,3.6598039940774942,3.6598039940774942,3.6598039940774942,3.6597895446371296,3.6597895446371296,3.6597895446371296,3.6597895446371296,3.6597895446371296,3.6597895446371296,3.6597895446371296,3.6597895446371296,0.4316343197315615,0.4223204225929376,0.4145177737822965,0.40853326149422453,0.404596566671975,0.4028503578455112,0.4033392058887129,0.4060144791930923,0.41084375509732884,0.4173992963311031,0.42549524470449307,0.43553765916681686,1.6723429284552764,90.00000999316431,0.7354081269268449,1.8575687933732596
2022-04-04 06:00:00-07:00,271.0586216666667,50.72896333333333,0.2278719527951046,5.5,92.03074284819893,64.19249982311123,81.23557993041436,89.7063032138927,0.0,24.231922734816585,195.45666061169732,1.0,24.231922734816585,23.098091537066036,2.857142857142857,4.275210583333333,0.755184908,178.46062456897974,178.5657805502326,178.67411949770263,179.0906955483693,179.09105992467272,179.49181024695366,179.8601500858395,179.86079724491344,180.2138754633687,180.53470344162142,180.53420983231868,180.83913663862575,5.121389052737113,5.024924800102649,4.973754922903958,5.145741670538291,5.141233355118018,5.168753752805157,5.439838227715197,5.499792031534094,5.57430965736024,5.9098060814443105,5.993150025707266,6.352543236172597,17.043321850202187,90.00000147877934,0.6034526541802916,1.901059439373887
2022-04-04 07:00:00-07:00,746.0385,88.31511166666665,0.2204808913640681,6.5,346.6550713537606,21.368621317032638,69.73990558904151,99.55980736887399,0.0,53.891615685554726,861.0917853768599,1.0,53.891615685554726,85.96993048112861,2.857142857142857,8.12899355,1.2839603633333332,826.4542375302065,827.2203029366063,827.9778029548241,828.3518742541378,829.0661200390891,829.7886048684846,830.1271548638107,830.823862109404,833.5703094255988,838.9728994773857,841.4879637981082,844.0668702861764,12.731299603214113,13.504619929660654,14.26626380656412,15.023187164730079,15.686838142680992,16.25969044878836,16.73592217288999,19.087739213522436,21.359706892192413,23.67376344760491,25.905387514104177,28.151620312057613,50.0,90.0,0.366977778440511,2.214355247456318
2022-04-04 08:00:00-07:00,921.1912666666668,81.96589999999999,0.2137357774934461,7.5,561.9092382553858,18.767451166174546,58.60045065393025,110.62858743803265,0.0,223.91152251794807,1008.3276327869517,1.0,223.91152251794807,123.65038029632743,2.379995091651768,9.2600571,1.830719525,967.1436897881583,967.8031497750854,968.384313438361,968.532129888029,969.3313569618158,970.077403404906,970.1224487292221,970.5464360633252,973.4536476762476,979.5858106671624,982.5438918566194,985.4491859440194,68.16605647126028,62.41799228200125,56.92635419762501,50.90536481616916,46.818374723866896,42.07144671287125,39.01453054114739,38.68594936378996,39.09578547973059,40.7275328869749,42.22906452155345,44.16485977545684,50.0,90.0,0.366977778440511,2.214355247456318
2022-04-04 09:00:00-07:00,987.29335,84.52683333333333,0.2038916008507807,8.5,740.7160642387893,24.820620612824992,48.34570797194093,124.18217425997267,0.0,392.79187096568603,1021.733819876605,1.0,392.79187096568603,150.99299181383356,1.74642778502803,12.796337166666666,1.368008665,988.3340329452925,988.3048203539444,988.3948306217933,988.4022394029159,988.4735202365893,988.9374050420512,988.8346512190433,989.0186462731806,994.0063178523382,996.2038502262117,998.4584825497908,1001.1746130227888,77.95702523064921,68.1466652737694,60.86358489409407,55.14335313812955,49.84151546001832,47.15398947799349,45.14232151636937,45.24800350519624,46.19512708092012,48.31068027914592,51.10192608486288,54.30001256724298,42.922326044605775,90.0,0.40949686893670767,2.1248652656897407
2022-04-04 10:00:00-07:00,1015.5518333333332,88.30590833333333,0.1959328851169262,9.5,867.6380621455431,30.32224976370753,39.87922263144606,141.94385432730138,0.0,523.5253015161205,985.7291481784861,1.0,523.5253015161205,171.8204016668777,1.3932065994283347,15.038376444444443,2.700416235,965.2359379491813,965.3896601192283,965.3765012825023,965.5497226606207,965.7584121152411,965.8886371998304,967.4912139797349,968.8860613615537,970.4571100843198,971.8361738029807,973.4188338351032,975.0973186495856,88.22010699430533,79.94880861878978,72.14929863563829,66.7952466970684,62.38287363328133,60.90409880982424,59.77385166773286,60.525591729732746,62.79553654314721,65.11454255140598,68.71284873369268,72.50469577668022,27.25021531795492,90.0,0.5210613719767058,1.968127436356892
2022-04-04 11:00:00-07:00,1012.3443333333332,96.697315,0.1921128658925716,10.5,929.1480489194123,33.377517523596744,34.68430135899398,165.19139937537045,0.0,594.9265596253522,947.002809454027,1.0,594.9265596253522,180.70072082304284,1.1327756024161646,16.674249111111113,2.494828235,938.2895961944021,938.889522015973,938.8121253190609,939.3656256421069,939.3608301413541,939.8437649690406,939.7649780512781,939.7671440323344,940.2035657281051,940.2081253425416,940.577411792082,940.5739740338383,94.66601538101192,87.10703205334742,79.84322654618678,74.59976452350001,70.5685018576167,68.70549386279134,68.60939457910074,69.63589128041475,72.24185738838442,76.05030261782807,81.10628712207682,86.6254590249209,10.030501282946203,90.00000283164684,0.6629137933546231,1.8724276848983776
2022-04-04 12:00:00-07:00,1009.0618333333332,100.08148833333333,0.1930856571637689,11.5,933.175565959578,33.5420737540123,34.34935987599272,191.6824989027367,0.0,597.412474440607,944.7342530796006,1.0,597.412474440607,182.09966907881036,1.1038328860773428,17.314798777777778,2.431480015,937.2864791133021,937.7176253701201,937.6547696379009,937.5501911659312,938.0382846396284,938.0369591090333,938.3560238523899,938.3051623499439,938.3042837558222,938.0863873712694,938.5730924905608,938.575415236738,94.01188813599339,86.47497520902431,79.99528208395502,74.40665712280682,70.89194366958638,69.13113096999079,68.77470289519644,70.15134433113286,72.8684566652276,76.99500169195844,82.21221533100876,88.1864070792028,7.878771090935403,269.99999692167535,0.6814612306841713,1.8665825367167428
2022-04-04 13:00:00-07:00,895.0920833333333,171.51093333333333,0.1983257822938466,12.5,867.1088229615817,30.788852201108696,39.00196386985653,215.57604358791215,0.0,532.8411228667414,967.6704183084319,1.0,532.8411228667414,179.93482220980673,1.3583916858536602,18.61626488888889,2.39772926,956.5134733500347,954.1254131515942,952.1608149130336,949.9392485928087,947.8400483114793,945.3270830038211,943.0186035120718,942.7546101922804,942.5852166014004,942.6095259041376,942.1547431892683,941.825595437959,80.48564019854744,75.90238328135842,71.76549221493507,68.91182860926553,66.01529345545002,66.1051966331676,65.60370009632479,68.48098574242137,71.24861044265943,77.45356219228337,83.81281849344124,91.76675236978964,25.227542266602544,270.0,0.5368929021767161,1.95252058269382
2022-04-04 14:00:00-07:00,103.58712176666668,282.0166,0.2029233375770542,13.5,352.4720874384511,25.524318639561137,47.14410119398115,233.9991967094433,0.0,217.75016209074462,389.73470893996944,1.0,217.75016209074462,89.90173802915673,1.6941936962316533,18.283970277777776,3.741311418333333,374.6853700726547,373.2907110295025,371.8951698585515,370.2840924348857,367.6500785175248,366.17132999324326,365.1089490947876,362.69792014834877,361.67688080782546,358.9460857713193,356.4200178581515,354.1503003070333,51.01850762331772,48.280291859816174,46.78097372204315,46.39201953234552,45.376419394984126,44.33856498449208,43.23266739029743,42.770404192115826,43.12598993955895,44.38167610528448,45.26849721267419,46.59972734143717,41.08654182070867,270.0,0.42140088824876837,2.1034250750617876
2022-04-04 15:00:00-07:00,0.2826556166666666,112.045145,0.2002826075683209,14.5,112.19815675517407,19.070979141358233,57.225344729652385,247.98953069702122,0.0,76.4027352040291,92.15289928778502,1.0,76.4027352040291,32.032149062851886,2.274339601808137,16.91530788888889,4.214756133333333,86.07819155410611,86.43384594602415,86.79433305148297,87.44699594047532,87.81951036819406,86.33208421157134,85.63906462564647,84.118753236271,82.55818968944243,81.82505047294784,80.22601524613228,78.60240313169638,22.408770525434374,22.716206340736232,23.005715488290555,23.236956854026705,23.495008857823635,23.741061427747987,23.073921634832562,22.42883061238219,21.777100441786672,21.24002563160205,20.725971771439113,20.32553168367814,50.0,270.0,0.366977778440511,2.214355247456318
2022-04-04 16:00:00-07:00,4.21664185,66.167815,0.1978176007379249,15.5,67.728573474855,20.414323754669695,68.27559236746134,259.3039207991945,0.0,45.646497630391856,56.81820542427211,1.0,45.646497630391856,18.946545021093286,2.857142857142857,16.474074666666667,4.1410237,53.204257128696746,53.4549078917435,53.709340392100174,54.179331602170926,54.44196423201175,53.54576221549731,53.1272884370605,52.211589327172916,51.27219705839955,50.82948023572558,49.866166466856626,48.88793638091534,13.23229360763439,13.453586784404521,13.662860230275204,13.836925250578831,14.02347911291831,14.199803206785198,13.791677330889502,13.391365585354166,12.987669530353772,12.644461118044537,12.314914029649756,12.050807255663225,50.0,270.0,0.366977778440511,2.214355247456318
2022-04-04 17:00:00-07:00,279.17811235000005,45.76929499999999,0.1967238188364359,16.5,95.5359501058094,59.38158546466721,79.73149780966085,269.27096484759915,1.2739213016186571e-10,21.08419004196972,215.18109294596778,1.0,21.08419004196972,21.48733254681389,2.857142857142857,16.817356888888888,6.433142416666667,201.08092851987794,201.20396351887055,201.313997717104,201.42002271363936,201.95516893145106,202.04077541000655,202.52041654867878,202.9826759935715,203.40186066698087,203.41396006700043,203.82722673012324,204.24671802241724,3.8967820830326465,3.909852840861786,4.06072394768645,4.042694421496522,4.146558441231066,4.359997079613099,4.514320701082927,4.755655842563033,4.812737443345979,5.20492424419641,5.434141464833771,5.690392224786876,20.351756187601975,269.99999914622634,0.5761086400590154,1.9195676976214993
2022-04-04 18:00:00-07:00,0.4341035333333333,4.088243033333333,0.1810174524850435,17.5,4.103560622916976,84.21384391647061,87.97786613218096,276.12396211153305,0.0,2.619022999778845,4.127547240145352,1.0,2.619022999778845,0.004460323945087751,2.857142857142857,15.46240538888889,5.434345166666666,3.881551560644728,3.882847408386774,3.882847408386774,3.882780472024896,3.882780472024896,3.882780472024896,3.882780472024896,3.8836892378474253,3.8836892378474253,3.8836892378474253,3.8836892378474253,3.8836892378474253,0.41461306993139546,0.4057538025129629,0.3984987916578243,0.3931056193665153,0.3897643595245716,0.3884989674769643,0.3895840628780738,0.3926856786894607,0.39762379721029284,0.4046726509948827,0.4124866888157878,0.4219582980744403,3.785707313522218,269.9999920365296,0.7169875038319747,1.8593248875777544
2022-04-05 05:00:00-07:00,9.89770215,4.08497485,0.2399575932533006,4.5,4.290910384804909,86.5919368608886,88.80779515181169,82.94499657746707,0.0,2.6141066783914595,4.671811417174974,1.0,2.6141066783914595,0.0015506767126939585,2.857142857142857,14.136695111111113,5.8671494,4.0365002607647105,4.0365002607647105,4.0365002607647105,4.0365002607647105,4.0365002607647105,4.0365002607647105,4.0365002607647105,4.0365002607647105,4.03681070406959,4.03681070406959,4.03681070406959,4.03681070406959,0.5503738972152468,0.5384627411527511,0.5285151111690038,0.5209119531907392,0.5156326927804479,0.5136680813519102,0.5145413354736996,0.5181810624519719,0.524389031566151,0.5328680461488804,0.5432449863133446,0.5550778049446718,2.2327854767643163,90.0,0.7305202022409447,1.8579020703866993
2022-04-05 06:00:00-07:00,377.0210925666667,60.30504666666666,0.2282495305644918,5.5,119.67828545657123,63.26000258482471,80.93935003960443,89.4544767145681,0.0,29.315250708154373,260.12876961289317,1.0,29.315250708154373,29.610980522275725,2.857142857142857,14.121151444444443,5.584221066666667,239.24819183262946,239.39410964126438,239.5198188869362,239.65253612525834,240.10721338479817,240.44373515757277,240.87264300348994,240.92790554873847,241.26606125617982,241.64244571335053,241.64523809773937,241.98532712487264,6.132568743004409,6.124824016750962,6.051264669104926,6.139522363380908,6.262701663330153,6.289019818995659,6.471348025827967,6.687537003419041,6.777744268983393,7.004696327545294,7.270133548423889,7.499055995016269,17.680219129774486,90.00000147877934,0.598147927644489,1.9043764678924038
2022-04-05 07:00:00-07:00,795.4051833333334,97.44636333333332,0.2209457771301305,6.5,376.7865279858653,21.002434745807623,69.43974199900154,99.29956159190205,0.0,63.39102681622738,920.4369740219283,1.0,63.39102681622738,93.2572728945988,2.857142857142857,15.201307666666668,6.03422855,883.2947085502187,884.1669952965502,885.02437209743,885.4547561952846,886.2599346970234,887.0839533839097,887.4702530449965,888.2607844813572,891.1232955837991,896.7344359082235,899.3487141099747,902.0332355262788,14.900502337207987,15.86629979130552,16.811829512343305,17.726048387245662,18.51253818578227,19.18195572437917,19.714224279897184,22.148354007150008,24.478297767279333,26.842400513900902,29.11082717038856,31.383076805944103,50.0,90.0,0.366977778440511,2.214355247456318
2022-04-05 08:00:00-07:00,162.89079551666666,233.80093333333332,0.2070104177418824,7.5,319.42730612237165,18.40766159439107,58.28682021340792,110.3631317857899,0.0,171.36958364758155,420.27888753187415,1.0,171.36958364758155,86.56665232178699,2.361776060985969,15.353817166666666,4.432603416666667,383.55078906543116,386.06716117732435,388.5289157607354,389.62225671670194,392.0867634961034,394.47718717703367,395.4849766666975,397.7418651675109,399.02916435688053,401.77054446776594,403.03947067684635,404.2863637576682,47.95001943803712,46.89853559950101,46.101911993933435,45.21950931291794,45.058915753924374,44.7205111211059,44.8858891749311,45.33607194222383,45.98607036584157,47.02006200808354,47.94985971554944,48.98039570133078,50.0,90.0,0.366977778440511,2.214355247456318
2022-04-05 09:00:00-07:00,483.7384399333333,179.06865000000002,0.2001096906787134,8.5,502.7005704098557,24.509854295693508,48.008331170672896,123.92880727695025,0.0,275.8803736271495,668.8785366902198,1.0,275.8803736271495,115.83056256648175,1.7389886570791466,9.348816388888888,3.8148347516666665,631.6232130426797,631.8074048359953,632.7197276087361,633.7445582656244,633.9681808544061,635.0353731537068,635.353814119576,636.1683603676295,642.5314003542552,645.6289468619952,649.0334075096349,652.0798678414571,55.20537799461545,50.40116925865034,45.76988686319138,42.72759710105559,40.034976920127754,38.43343711466638,37.650303672541376,39.26401272534145,41.74424280026816,44.24968396308713,47.531318873592376,51.35404099866519,42.6692416694228,90.0,0.4111174775390429,2.1218643086444016
2022-04-05 10:00:00-07:00,262.54873561666665,332.57706666666667,0.2012831378293707,9.5,535.1327347325785,29.979888462100366,39.51145446199193,141.7575458054399,0.0,333.2240759115189,580.4752447305437,1.0,333.2240759115189,120.07105788989367,1.3895586097426693,8.220339083333334,2.773984883333333,551.0149788440118,551.778356766886,552.5576320493359,554.3685060131724,555.086604455134,555.7221957888232,558.0044800142028,559.9585543361455,562.0046295449483,563.8593771243479,565.815639297749,567.5392160898766,59.863264596557265,55.987718204145466,52.46643083763963,50.99467586525422,49.193370120284364,49.62944708093082,49.28582691948242,50.92833004684601,53.39465233092726,54.56308099798005,57.51155800401035,60.65051911433732,27.042688013205083,90.0,0.5226728925693968,1.9664748241985173
2022-04-05 11:00:00-07:00,183.27866276666663,376.35185,0.2000270695253049,10.5,527.7618681671079,33.00791620244644,34.29787667388267,165.18183803218812,0.0,339.08568551047176,532.281488246409,1.0,339.08568551047176,107.77291356796644,1.130948673185577,10.03448815,2.096886575,516.3847089867808,516.9003246109185,516.9037811128223,517.4203218112308,517.4183943345813,517.8738350452456,517.8276083746299,518.2310569825572,518.2338790079514,518.2362814892787,518.5845916565728,518.5467667672453,57.367503069654866,54.450864851752954,51.568636559467436,49.54379697858059,48.18480506998865,47.445077559123746,47.705824513751516,48.310593361557075,49.553496633829475,51.28324630631984,53.386382541611304,56.062826272206,9.89557986516228,90.0,0.6640734486919517,1.8720202702932704
2022-04-05 12:00:00-07:00,94.11862381666668,339.59545,0.2010285645564359,11.5,417.6365692254328,33.15748591821632,33.98557953703569,191.91436448172982,0.0,268.2185118369104,417.60102336578376,1.0,268.2185118369104,84.01699919835299,1.104428307175462,9.9851598,2.1074789833333334,403.24386109631325,403.40495411338924,403.3759007071925,403.37694742804297,403.5182815048179,403.5179334088351,403.78270037404764,403.6365810216903,403.6134752669792,403.61330999829715,403.7138789761218,403.7145297573769,45.60501634685202,43.60185995900539,41.79043633881669,40.53067862282779,39.76127714891803,39.3867944437316,39.45407590705798,39.98035581484859,40.90438929533012,42.128059801025735,43.67598207236739,45.40934974436796,7.923321115281272,269.99999669334886,0.6810761490240397,1.8666894200411557
2022-04-05 13:00:00-07:00,642.7393557833333,206.4085333333333,0.2004532950131491,12.5,708.054532543541,30.4041980458485,38.695343029736236,215.95065402959838,0.0,435.99650495370895,791.70122020198,1.0,435.99650495370895,153.58156611513303,1.357694932503109,10.534093061111111,5.065012566666667,781.9999619148055,779.2303432104738,776.8991488925673,774.3196130736213,771.8114264462686,768.9286937987022,766.1874409454094,765.8989388291048,765.6904481515171,765.6348339364754,765.1836555907366,764.7515442874839,70.74973626676014,66.34425077180315,62.502067279624626,59.992389702856514,57.02045021318479,57.06419514010657,56.04644468155382,58.34456955866822,60.0123623334629,64.99633657911832,69.61410261460921,76.02715695671601,25.18610278323003,270.0,0.5372200943700501,1.9522125575946332
2022-04-05 14:00:00-07:00,172.3071793833333,257.0719,0.2014604431069492,13.5,374.8203429470042,25.150189470676285,46.89295615020818,234.40027802477184,0.0,227.82303856418903,426.05417724607116,1.0,227.82303856418903,91.6453870324253,1.6912922433768145,10.93225225,6.18187705,393.0525047009311,394.03721121935996,396.3613483554851,398.65460268211206,399.8084665456321,402.031229269753,403.0055712564215,405.5144473768662,406.8636257961525,408.2043492248946,409.71667062436495,411.03540817365604,47.83025931704081,46.03880757059722,43.98896183136944,43.15787193216226,42.71755111509911,42.684681310800926,43.62032767083924,44.49191081124871,44.51611182725156,45.75615037773234,47.19278225709501,49.03480251463057,40.980433356966685,269.9999985212207,0.42209937217580296,2.102209275236482
2022-04-05 15:00:00-07:00,168.61368243333334,203.94618333333332,0.2050397885600502,14.5,295.7499321968225,18.68640099200205,57.01209126979566,248.37285549513362,0.0,161.21764326325317,385.41691814183855,1.0,161.21764326325317,79.27205696146552,2.265414881144081,7.98782285,9.275516016666668,370.8388069041173,369.6321090927049,368.404767281158,365.7623938694584,364.51551067582375,362.50639606127265,361.61640789912485,359.50520380683236,357.31904453173416,356.36612451256366,354.1962363000202,351.98480906731015,44.66747474451774,43.605030661438114,42.63320485008561,41.57230781841647,40.86613417484333,40.342210840877975,40.22003151783368,40.53416681149534,40.68957624261338,41.56212561246637,42.37499477408171,43.450336443718555,50.0,270.0,0.366977778440511,2.214355247456318
2022-04-05 16:00:00-07:00,172.27550183333332,130.80166666666668,0.2096239620051671,15.5,195.10554318204845,20.103083130096614,68.08307334196769,259.66437994727585,0.0,83.41965997109035,319.6615944719665,1.0,83.41965997109035,53.31402188893021,2.857142857142857,6.019166577777778,11.739577233333334,309.54759597280923,308.7945381846353,308.0418827116294,306.4243691296141,305.6279555226232,304.1986804146941,303.53511312473796,302.0683757171103,300.5825169604618,299.86903937985625,298.34433341746126,296.7821207093024,29.27256596971651,28.707525524357145,28.15109261524555,27.52291400822939,26.95548666182734,26.352061357430728,25.763856199399726,25.12153242827608,24.389424096019003,23.620495376073485,22.775305121487342,21.959420331613195,50.0,270.0,0.366977778440511,2.214355247456318
2022-04-05 17:00:00-07:00,8.542375416666665,72.936735,0.1929885694400166,16.5,74.48674346649162,58.77322180370505,79.54580827123566,269.6149500630102,3.108624468950437e-16,44.39939382650322,83.78085436276132,1.0,44.39939382650322,14.304833609360665,2.857142857142857,4.684554877777777,13.169052933333337,79.56974534816001,79.64833970329069,79.97948133321668,79.74512238703858,79.83139595636057,79.94090544652805,80.27149009010228,80.365977237547,80.1554481041265,79.91474934203339,79.68233076833523,79.15289666928373,7.674737975753176,7.689505571827371,7.492793986855513,7.520437696738671,7.33180651508982,7.375096525537356,7.294625845599616,7.313707612876286,7.30269531495598,7.254280822913788,7.4675540765579695,7.601758488273573,20.773113639018703,270.0,0.5726658743924331,1.9221506477742452
2022-04-05 18:00:00-07:00,0.1957664999999999,7.333992616666666,0.1608953035541589,17.5,7.3408910058468315,84.22169644776818,87.98060225695627,276.6204143658086,0.0,4.698319561892229,7.345707022331854,1.0,4.698319561892229,0.007995257338187838,2.857142857142857,3.2997528333333337,11.5611805,6.940719312377201,6.940719312377201,6.940719312377201,6.940719312377201,6.940719312377201,6.939089056597794,6.939089056597794,6.939089056597794,6.939089056597794,6.939195787028723,6.939195787028723,6.936871136146913,0.6730618139210521,0.6579345919528322,0.6454747200970535,0.634130712077609,0.6262567565254529,0.6213112105461684,0.6195811359791441,0.6215819728486425,0.6269098260148152,0.6355093903666231,0.647077570559311,0.6612036243477907,3.7842351358764494,270.0,0.7170003229834935,1.8593231914380641
2022-04-06 05:00:00-07:00,82.70292601666667,7.692616933333332,0.2963364490284525,4.5,9.566065310604753,86.28910109465762,88.7019822308483,82.54050505486663,0.0,4.923333446434973,13.041857938966295,1.0,4.923333446434973,0.0034687055040175914,2.857142857142857,-1.1270826127777778,6.721053933333334,8.976358887101235,8.976358887101235,8.977445003696417,8.977445003696417,8.977445003696417,8.977445003696417,8.977445003696417,8.977445003696417,8.977445003696417,8.977445003696417,8.977445003696417,8.9780296147434,1.2799903589682946,1.25022393848356,1.2274746470422624,1.2102536760361715,1.1992011533507383,1.1946690338956132,1.1967390829956408,1.2052287526157193,1.2196599085297097,1.239343749403758,1.265280351384494,1.2929261198763873,2.4335081482206884,90.0,0.7287700194728628,1.8580446879386145
2022-04-06 06:00:00-07:00,605.8053166666667,54.93494333333333,0.2307388309456191,5.5,153.40846016647046,62.32679498748822,80.64507472050705,89.20310449572099,2.331468351712828e-16,26.681184516468882,365.39460329958956,1.0,26.681184516468882,38.46973004501001,2.857142857142857,-0.2720703699333333,6.741615566666667,337.65145280702063,337.79006617611907,337.9096811202139,338.03699765890997,338.6712277194273,339.2812747799433,339.8252309356669,339.84859034500926,340.3896438218212,340.93313475870286,340.8872587722316,341.4410828013043,5.665073922109101,5.794284923859263,5.729330284679819,5.816555563234091,6.035357478160563,6.060398954325939,6.262628256502913,6.546887387164253,6.810746649263546,7.118488617007586,7.422163698609441,7.734017394482246,18.32022000050084,90.0,0.5928362530200286,1.9078282483113793
2022-04-06 07:00:00-07:00,789.4255166666667,63.46292166666667,0.2131422147291245,6.5,344.54330263119977,20.638940562386892,69.14176840760932,99.03918293398937,0.0,49.9078027811348,865.607344938967,1.0,49.9078027811348,80.33733730549096,2.857142857142857,0.6759310545555555,7.0293793,834.1919516088961,834.7384450828365,835.259933157798,835.5495033800022,836.0209726018448,836.5351948302256,836.7759957731106,837.259937713598,839.8540292482969,844.8809927491949,847.2640603206635,849.6942253366028,10.877267118849911,11.863369218490607,12.781689427640957,13.61842046445916,14.246769783348908,14.745274697705572,15.075400298628546,17.17717821002755,19.181655416670647,21.2190708791328,23.163151448731007,25.13748063208848,50.0,90.0,0.366977778440511,2.214355247456318
2022-04-06 08:00:00-07:00,998.2137333333334,60.18285333333333,0.2087075733218393,7.5,589.5161101180871,18.050542045348386,57.975592369537495,110.09673828301862,0.0,229.621002788846,1057.3607834124107,1.0,229.621002788846,121.17775592774638,2.343989436410681,1.9931788666666668,9.7029977,1020.362168213411,1020.7572208562214,1021.0957466127579,1021.1192016550709,1021.7041361729838,1022.2196224876247,1022.1548408430497,1022.3650934565673,1024.785357265577,1029.9177783778148,1032.3905319348178,1034.8204633573062,67.30040247839224,60.95922778382613,54.93713515915661,48.466732468441,44.12046640731385,39.14893983595134,35.92917557052544,35.20141353267608,35.21909513684624,36.50221834042653,37.638664443487905,39.21797483726755,50.0,90.0,0.366977778440511,2.214355247456318
2022-04-06 09:00:00-07:00,1047.6483333333333,65.68515666666666,0.1988873272577484,8.5,771.1246838107949,24.199927612376584,47.67344258983342,123.67344138958636,0.0,406.78142080275626,1058.780502795743,1.0,406.78142080275626,149.86893873664002,1.731713228880469,3.3963915,9.689695133333334,1029.4024985818262,1029.1973216373326,1028.9120382786905,1029.0789003696495,1028.949930623567,1029.0156680360667,1029.1196109241596,1028.83484077265,1032.809802393691,1035.0850998311469,1036.8598086404584,1038.7785790052635,78.04678226067358,69.2194845421924,61.58792361712344,54.43483100123625,49.698100452925985,46.951225528352566,44.097457851286826,44.454187524891445,44.97581873643559,46.152384253810794,49.07247515357955,51.92846055669893,42.41910059492689,90.0,0.41272573615506997,2.118912348567492
2022-04-06 10:00:00-07:00,1064.844833333333,69.81143666666667,0.1927133430110578,9.5,895.6412081896096,29.638688758753606,39.14598267600618,141.5685172457599,0.0,539.6547347767577,1014.2462011292394,1.0,539.6547347767577,172.7065711789089,1.3859803893867313,4.624072583333333,7.65275895,996.0886544763391,996.2187617920326,996.347281553586,996.1730295400757,996.4066770126441,996.2133584280734,997.8509736843681,999.0026485990155,1000.3525312463327,1001.4736267192155,1002.8450056215955,1003.9382259259213,90.20818626951647,80.76136598899465,72.71380680815133,67.02341424564536,62.50250190317307,60.707703049242745,59.33083868992695,60.09444223818672,62.27861673056231,64.90803839502846,68.14371577690937,71.68147120014706,26.83812569939239,90.00000085377364,0.5242643078131273,1.964857258754284
2022-04-06 11:00:00-07:00,1000.1434383333332,94.57644166666668,0.1900121106154809,10.5,924.5773067756028,32.63988002690424,33.91339917927443,165.1712347483133,0.0,591.9807668751646,941.4483506403077,1.0,591.9807668751646,177.79421410891962,1.129155539188597,5.4930602833333335,7.009053066666667,933.2596717024113,933.7616216020353,933.7278401502807,934.3119593088272,934.2080147483904,934.7069514464796,934.7026468621251,935.1220906411805,935.1284058044447,935.1349048870217,935.436699042004,935.4341417169389,93.09463471560402,85.58552101831854,78.59490681587855,73.42261709592202,69.77569763320587,67.57550779374745,67.26270488917142,68.50635616129848,71.03959052178556,74.6599229342708,79.49926348946555,85.26758462003129,9.763024353289902,90.00000295755866,0.6652132330230276,1.8716253197127157
2022-04-06 12:00:00-07:00,468.0219386666667,241.34788333333333,0.1906723727638511,11.5,631.0652398703695,32.77476977227163,33.623896908222704,192.1485797619262,0.0,404.2554613788377,640.6070251134801,1.0,404.2554613788377,124.53388650810648,1.1050076934151394,5.743732583333334,5.3948284,632.8322741771661,632.8308593080761,632.3678731249669,632.3684293011884,632.4016367274265,631.5887865255048,631.8510377905952,631.8520794447852,631.2014460914664,631.1991214671905,631.2408556932664,630.494866916079,60.830932394165416,57.13345459914917,53.664600310851384,51.161792723639365,49.38000931425336,48.49160210962859,48.657320231865334,49.791469392565496,51.62812589948492,54.709333472869886,58.98403656375607,63.60416938883614,7.966663350969479,270.0,0.6807015472402587,1.8667939803421494
2022-04-06 13:00:00-07:00,973.0905833333333,138.47063666666665,0.196553019993746,12.5,901.1686128894113,30.02151800660625,38.391159475767864,216.32772153836567,0.0,561.7765405028022,1001.3015734944369,1.0,561.7765405028022,180.84014944082145,1.3569979495256348,6.677174316666666,7.116047933333333,990.1584318804399,988.4970454807071,987.151238421061,985.5623486816006,984.1339891148898,982.3021690211464,980.7230297663539,980.4652405800398,980.3166342260092,980.0899438978423,979.9146382511465,979.6263886485397,81.4905624157724,77.23367271206394,72.81520267041273,70.2818636756792,67.71124446422652,67.65472167276234,67.48941861414364,70.33035972350423,73.56710041231665,79.86569636838759,86.82134853621722,94.95374975256084,25.14461205749667,270.0,0.5375478026670861,1.951904625850306
2022-04-06 14:00:00-07:00,1042.7376666666669,77.69357,0.2063650028896782,13.5,793.5623323745964,24.77800501037616,46.644093604330095,234.8021495066045,0.0,434.44190916278154,1062.8866798755403,1.0,434.44190916278154,161.56405411566314,1.6884203239033964,7.221297416666667,7.813722766666667,1031.9847877137026,1031.8599628169186,1031.742944442522,1031.939771350545,1031.5475094064757,1032.2943747878614,1032.2993133408572,1034.5247922278088,1036.489822033386,1038.4441370392794,1040.7040163495947,1042.6694584768165,85.74591380492234,75.47250023234949,67.36972475559561,60.93446144940786,55.74380529101249,51.97031346313297,51.8072993972425,51.34981269640773,50.993937598054195,52.395125863434615,55.088880644271185,58.238335920727145,40.87496185719145,269.9999987925817,0.42279477763331286,2.1010033397098193
2022-04-06 15:00:00-07:00,982.9117666666666,67.35809333333333,0.2184373044446208,14.5,605.5549679630542,18.303883358000554,56.8006590649157,248.75573914143158,0.0,248.16843348364316,1051.2301716380755,1.0,248.16843348364316,130.37099229945653,2.2566061594271702,6.79012335,8.422083966666667,1027.2052161989627,1024.629480890237,1022.0077794992446,1016.5557508519067,1013.9829403769818,1013.7731900660615,1013.8682712121183,1013.400242583109,1012.8380590533411,1012.8890518178033,1012.6174592572174,1012.3057708038616,42.82344369337925,40.92935114380985,39.454384899820965,37.85830664611739,37.56078864972611,38.04471627553925,41.347700263614215,46.41770765608408,50.84209920448191,57.71202146794374,64.19383177766707,71.15382339677848,50.0,270.0,0.366977778440511,2.214355247456318
2022-04-06 16:00:00-07:00,886.46555,59.836655,0.2299214419596816,15.5,393.4630702232956,19.795619762847394,67.8918681454953,260.02369816895146,0.0,69.50031309344654,947.3406057100473,1.0,69.50031309344654,94.80695147679265,2.857142857142857,6.4188489833333335,7.697138616666667,928.6990826971296,926.2580285710944,923.8335309863922,918.8651177534912,916.301297001529,915.7706315874515,915.5266066689061,914.9518377149896,914.4478336809373,914.1392336931185,913.616577948395,913.0237871882371,30.328134280030067,28.791491229824846,27.331179716537257,25.75728173669026,24.313077263056854,22.732081760307047,22.78196474785713,22.53036199080053,21.913394653227346,20.710957424583675,19.08777815968726,17.14894126571783,50.0,270.0,0.366977778440511,2.214355247456318
2022-04-06 17:00:00-07:00,627.2124356666667,40.19871,0.1918797951786857,16.5,155.99513488812747,58.16412500875508,79.36097839568706,269.95733816877214,7.473599516971342e-12,18.096739256373475,398.600424231262,1.0,18.096739256373475,33.79233383250617,2.857142857142857,5.645048366666667,5.61955195,375.6116659926144,375.71282633479126,375.8195050627117,375.91386091743027,376.0109968941397,376.80861940893874,377.57616547480706,378.29976857639497,379.04221630365697,378.9949006865713,379.6456005679358,380.38707080852174,3.491197516331166,3.446058272620352,3.492844285210115,3.8307252476428078,3.8398806797071807,4.32757881804171,4.358274154848895,4.905739483552339,4.952316677455875,5.542257682516378,5.595252475599822,6.22785777638702,21.196859449456365,269.99999914622634,0.5692132669382594,1.9247992356194128
2022-04-06 18:00:00-07:00,4.349123466666667,7.406320283333333,0.165386691488044,17.5,7.5738090878664135,83.68288350844654,87.792940271474,276.9556018882561,0.0,4.74608495998083,7.875193684431031,1.0,4.74608495998083,0.009666029075639286,2.857142857142857,4.124978766666667,3.931086733333333,7.22410560483994,7.22410560483994,7.22410560483994,7.22410560483994,7.226453150063181,7.226453171138872,7.226342356204203,7.226342356204203,7.226342356204203,7.2279886895286465,7.2279886895286465,7.2279886895286465,0.686475540185536,0.671785246301979,0.6597809287135963,0.6502627423434367,0.645042015608832,0.6433606263547753,0.6461339836697305,0.6512685934233526,0.6600962571570375,0.6710264637878566,0.6840485929247939,0.6986462346739059,4.1406683944805325,269.9999974386791,0.7138972964389035,1.8597530741681576
2022-04-07 05:00:00-07:00,48.3224492,5.529771416666667,0.2352363172714783,4.5,6.712236099478691,85.99088711847659,88.59781529879602,82.13704844487359,0.0,3.5395303142234593,8.905325877780752,1.0,3.5395303142234593,0.002916097450370461,2.857142857142857,1.3672912,5.358549633333333,6.371752172602428,6.371752172602428,6.371688896033967,6.372469641592371,6.372469641592371,6.372469641592371,6.372469641592371,6.372469641592371,6.372469641592371,6.372469641592371,6.372469641592371,6.372469641592371,0.7291585065144177,0.7134969818017652,0.7005155346473164,0.6907010022126733,0.6844155054265556,0.6818523622911887,0.6830556178799624,0.6879140089803495,0.6961462478903138,0.7082558240746855,0.7225028090324104,0.7382052127697777,2.631716103739506,90.0,0.7270420191271947,1.8581975511040452
2022-04-07 06:00:00-07:00,649.1147666666667,34.999138333333335,0.2296053648416633,5.5,143.7775364918189,61.39301516882757,80.3528779370645,88.95221069166496,6.994405055138481e-16,15.581041394050889,370.0746818843875,1.0,15.581041394050889,35.96327771637742,2.857142857142857,2.2857065166666666,4.015817366666666,343.7583661935256,343.8352127395599,343.91569390719275,343.98681174748964,344.64366264261787,345.2612485734113,345.2691339552856,345.85270010154613,346.4037592122784,346.92753581515075,346.92797568478494,347.4129675387992,3.4071263839816046,3.6682678857480173,3.6390433583502007,3.619284233863486,3.9749147847795356,3.99410338899437,4.024849719761507,4.450711944381831,4.5006823508078115,4.971376997268455,5.02396730725165,5.531662345564385,18.963358350552607,90.0,0.5875182938416892,1.9114162683998224
2022-04-07 07:00:00-07:00,877.9981833333334,52.571041666666666,0.2168382792341815,6.5,369.4179040270189,20.278297755455537,68.84610873295757,98.77869937386714,0.0,53.89318524767963,925.6050565527393,1.0,53.89318524767963,84.52408636218865,2.857142857142857,2.6121908166666667,3.152946766666666,894.3525881533494,894.8682263727998,895.3522963315446,895.6321559602712,896.0670203322372,896.5542877655308,896.7802215136977,897.2338269846985,899.6589032254894,904.3212697326176,906.5291423261186,908.7953389937343,11.633458396963528,12.841951404094598,13.940884857462537,14.916730458538265,15.60223309311863,16.121117751918202,16.428561738576697,18.321705575447666,20.091873729341067,21.898717358457816,23.57793131643592,25.297963742576314,50.0,90.0,0.366977778440511,2.214355247456318
2022-04-07 08:00:00-07:00,967.2385,64.41026666666667,0.2118091862101432,7.5,581.7287451868805,17.69621273111762,57.66689393051493,109.82942854010639,0.0,232.9826228816959,1035.1099269530282,1.0,232.9826228816959,122.33084582105448,2.326627331506584,4.047528216666667,3.114237383333333,997.4856566657057,997.8709246820529,998.2100414184195,998.226074233383,998.8202917044212,999.3408339076333,999.2822355187942,999.5197854511424,1002.0427287375694,1007.3862719319685,1009.9603231472823,1012.4913071754851,67.74167620494087,61.4503012521965,55.4955045093627,49.07203605137064,44.810913506331076,39.897242305567104,36.71054828312888,36.11093839028953,36.28120098031864,37.68782683746199,38.972306344341504,40.68138478394085,50.0,90.0,0.366977778440511,2.214355247456318
2022-04-07 09:00:00-07:00,1011.1322333333334,72.63897666666666,0.2018934355202712,8.5,757.8138989105925,23.89091583332354,47.34117379811448,123.41606791310475,0.0,407.64806440072084,1035.4763896117329,1.0,407.64806440072084,150.86879615714605,1.7245996663156729,5.249951833333333,3.2997327833333334,1005.3884585288757,1005.2273734267908,1005.2544190074341,1005.1741983903296,1005.0760888093428,1005.1510542724725,1005.3037652881618,1005.0337253972034,1009.4430643773276,1011.364124337194,1013.6016842761243,1015.6493012029773,78.28301035239268,69.65870186398129,62.012071450899384,56.041914136369755,50.50106354986191,47.858726468766434,46.915113227227735,45.77061307391762,46.51301503790861,48.45855504850251,50.90687993176838,53.96481608534925,42.171980026206924,90.0,0.41432088732944927,2.116009850681232
2022-04-07 10:00:00-07:00,1031.073666666667,78.92011833333332,0.194895762640153,9.5,882.6673291676913,29.2987399043953,38.7829379953723,141.37669148525634,0.0,540.5830419347889,997.5265339477088,1.0,540.5830419347889,172.9843045157423,1.382471972446129,6.3183683,3.27283083,978.7673255049492,979.1189930000219,979.0935893747289,978.924466488586,979.1892893818601,979.1881313279342,980.6209688078266,982.0865994990777,983.2501673527986,984.687179310384,985.9359970046797,987.3408676852707,90.4694629335627,81.15029878920473,73.36354398855748,67.765517180365,64.3247287499923,62.424913655939534,61.356350629429194,61.85883202158656,64.19278615136494,66.98876510370964,70.77808535340127,74.20832279719679,26.636589005079983,90.00000120741828,0.5258349989241806,1.9632747409362707
2022-04-07 11:00:00-07:00,1043.3376666666668,79.74445333333333,0.1916711885478062,10.5,949.4574283910387,32.27350988225382,33.530981811526885,165.1594657208202,0.0,616.9595991329994,966.2384085822113,1.0,616.9595991329994,183.73360847237302,1.1273966603428573,7.343095966666667,3.295522688333333,958.6862886476124,959.2096029569391,959.1732680708959,959.7103694453498,959.6098276514954,960.0572319538918,959.9052087422382,960.4322055378373,960.4386740553041,960.2468671341876,960.7113600894922,960.7087729226855,97.07373704680992,89.36114175354767,82.770584947758,76.9649453808127,73.31983810888428,71.49969429364229,71.15969812821115,72.67487591542303,75.57544259112764,79.58376901971789,84.81914699103936,90.47162156803495,9.632885740184571,90.0,0.6663326770591624,1.8712427018088325
2022-04-07 12:00:00-07:00,1044.568166666667,79.675925,0.1933971932269064,11.5,953.089835918312,32.39403174401256,33.2644015454929,192.3850337298852,0.0,610.1222609773915,965.0848621834524,1.0,610.1222609773915,185.90094235081023,1.1055704012893068,8.874707449999999,2.9900438133333336,958.634664067684,958.6316106531482,958.947384188803,958.9512868008608,959.2838345389168,959.2820069145245,959.2799966192291,959.558752094804,959.5078421420727,959.5070018220865,959.7439231751774,959.7462745199814,96.02344837631705,88.2312808169309,80.99533572544301,75.75720901839965,72.2628454819354,70.06969462332597,69.92828278658625,71.34360180305985,74.2559052568426,78.39626648809386,83.99983625014285,89.87864057159331,8.008744860498886,269.9999987925817,0.6803378797024295,1.8668960414536637
2022-04-07 13:00:00-07:00,1025.5633333333333,82.03816166666667,0.19851050204371,12.5,889.2061188398447,29.640927916723303,38.089473001983265,216.70708652816754,0.0,553.0508807453543,991.4903016529579,1.0,553.0508807453543,177.75480803913032,1.3562998312307413,9.748164966666668,2.6230578966666664,973.7356058574306,973.7198769242749,973.7579272030365,973.8438215213662,973.8602804984342,973.9869438623366,975.2549028630164,976.7920291388543,977.9350082423567,979.2483231542809,980.3286498169933,981.6298239694241,95.1548565192424,85.73435621007059,78.36766523755199,71.86720937467295,68.28178958222537,65.31134709251525,65.20299715122196,65.21125727099164,67.55229537466603,70.10917760824353,74.35659450962102,78.42603051906352,25.103015535613967,269.99999914622634,0.5378764584139475,1.9515963854364289
2022-04-07 14:00:00-07:00,996.2084,79.55958166666666,0.2076581062450336,13.5,766.5953118932347,24.407887864132405,46.3975420582523,235.204634599787,0.0,420.0110897122091,1024.7497767780258,1.0,420.0110897122091,157.84045127597255,1.685576400116352,10.736732666666668,2.5667817333333334,1005.0921860716774,1003.1705796844956,1000.8065451982103,998.8103938571724,996.804643461537,994.5281305783423,994.0767825356379,994.0450613909313,994.1199351240148,993.9006372809217,993.9906020411916,994.0804980288887,57.27504702908703,54.12386319007157,51.43827774947822,49.990144806589846,50.94938711231793,50.445964018468445,50.73479842314845,54.38135117726525,59.40877444671013,65.63509633182524,74.57584561413425,83.42052028653586,40.770081490521726,270.0,0.4234873850511975,2.099806703828373
2022-04-07 15:00:00-07:00,946.7639,72.74792833333332,0.2203129425645479,14.5,594.0465622305295,17.923548552636525,56.591058604319755,249.13802324417347,0.0,244.6677209431726,1025.3558126192097,1.0,244.6677209431726,130.41486956447753,2.2479096736568667,11.224093333333334,2.079371855,1001.3803220897039,998.6848996448061,995.9417952226295,990.2397755699071,987.5373934321374,987.2772140205262,987.345801227288,986.8309532926797,986.2221216395574,986.2459580349481,985.921115960983,985.5560244933107,43.772288044173706,41.753019054315565,40.147581712882825,38.42337991909733,37.97896340533803,38.304498975186,41.5230739839179,46.477976963629985,50.79820844080293,57.52509570667844,63.871476562388395,70.69230423333683,50.0,270.0,0.366977778440511,2.214355247456318
2022-04-07 16:00:00-07:00,858.9935499999999,60.169455,0.2337175800430647,15.5,386.09236127785425,19.492054538323316,67.70198162283545,260.38173748403597,0.0,72.17457074111807,923.2726405055162,1.0,72.17457074111807,94.70264800232643,2.857142857142857,10.9802245,1.8398278183333332,904.7434781522409,902.2937616562948,899.8599118943154,894.8705724986654,892.3168473306927,891.7816227573062,891.5391584902414,890.9601323103287,890.4549415706659,890.1467187899024,889.6250769178811,889.026024155425,31.127316843239974,29.64715071559958,28.271077046887072,26.764850749203966,25.417374252071877,23.949574414847735,24.095197791998007,23.93352611940159,23.36979671819523,22.164817754652745,20.456097946422105,18.373775870350947,50.0,270.0,0.366977778440511,2.214355247456318
2022-04-07 17:00:00-07:00,660.4856,40.498665,0.2003987327139255,16.5,164.521577488116,57.55423713587237,79.17701564596827,270.29800521597605,6.217248937900872e-16,18.156375044158803,423.05600958796947,1.0,18.156375044158803,36.84389759279219,2.857142857142857,10.586809333333331,1.4559910533333331,404.60871498882227,403.95154085687375,403.20158677143945,403.25037818800655,402.5180322016134,401.7429262775531,401.0003780300775,400.1871404336047,400.0976530167877,399.995578380512,399.7863803874191,399.67285846699934,6.39777636929261,5.986592660896063,5.7027110230961915,5.297279285798477,5.057541136091248,4.657799098123356,4.468034469757336,4.0907257774490775,3.9685357489020507,3.6268787282810964,3.653597714401018,3.628781614180036,21.62311028752565,270.0,0.5657502256798169,1.9275149301463377
2022-04-07 18:00:00-07:00,90.54222346666668,8.845126933333335,0.2365353907959844,17.5,12.326551628949801,83.69278072769288,87.79638583285055,277.4478484494734,0.0,5.6680847352142445,18.78052203474306,1.0,5.6680847352142445,0.011532740102281518,2.857142857142857,8.8001974,2.2651229633333334,13.083739306792317,13.083739306792317,13.083739306792317,13.083739306792317,13.08654288751665,13.086542923178882,13.086353647828027,13.086353647828027,13.086353647828027,13.088319810061389,13.088319810061389,13.088319810061389,1.1720557496266524,1.1469644301290547,1.1264605567174384,1.1101237255533953,1.1012060595292135,1.0983337600073748,1.1025833335800914,1.1113533963919364,1.126318747602409,1.1449884729499027,1.167231143108572,1.1921650074955286,4.138679295986703,269.99999190039205,0.7139146093110259,1.8597505680633315
2022-04-08 05:00:00-07:00,107.15249915,6.614697466666667,0.3249735814569109,4.5,9.428219868186643,85.69759901926398,88.49540151203897,81.73466345582119,0.0,4.234515109019196,14.649307331984337,1.0,4.234515109019196,0.00402566419149654,2.857142857142857,-1.7401371616666663,0.8450031536666667,9.132308529801303,9.132308529801303,9.132308529801303,9.132308529801303,9.132203950760402,9.13313787646513,9.13313787646513,9.13313787646513,9.13313787646513,9.13313787646513,9.13313787646513,9.13313787646513,1.2049429187495817,1.1790339933969354,1.1575816680973925,1.1413840801406856,1.1310306485032584,1.126836170123491,1.128862415362551,1.137580525597387,1.1520493402134753,1.170901599276328,1.1937302347716425,1.219565076915969,2.827230499955651,90.0,0.7253377706277112,1.8583600490361325
2022-04-08 06:00:00-07:00,644.7820333333333,36.42869333333333,0.2299724617723632,5.5,147.69694438872745,60.4588026846023,80.06288294976365,88.70181967969108,0.0,16.261688798822032,379.61226585730003,1.0,16.261688798822032,37.10817720787019,2.857142857142857,1.3994360847833331,1.06651867,354.23822918167104,354.3296655260774,354.40985695959307,354.4948905799485,355.1994907414208,355.87762724755,355.8907653382695,356.4936369762522,357.12480219317,357.0626503321582,357.60349265526816,358.23507479655177,3.608975709721831,3.5566675931055958,3.785237035075352,3.864369164173535,4.139431429702093,4.288634508857186,4.3209589403079915,4.630123146836116,4.848409734672989,5.167482979424742,5.423204944241089,5.747290169928161,19.609667815337808,90.0,0.5821947383823085,1.9151420202569909
2022-04-08 07:00:00-07:00,874.2821833333333,53.74384666666666,0.2223534983179891,6.5,373.41836135185645,19.920666996210898,68.55288608731993,98.51813975957612,0.0,58.06406293333735,925.9416809233677,1.0,58.06406293333735,87.22895260373531,2.857142857142857,8.601530933333333,0.76188653,894.0202391611705,894.5453670826021,895.0318391396264,895.3148504692117,895.7623225180436,896.2680902402072,896.4939600100644,896.9634138605273,899.4254280275613,904.1082852145928,906.3676184916429,908.6648493122034,13.164575094863846,14.617842142761512,15.892848813241613,16.9568477296986,17.629715111369507,18.067868852154437,18.27057828899394,20.0457131851009,21.670178588564873,23.382012707187265,24.9638564360601,26.590480235962815,50.0,90.0,0.366977778440511,2.214355247456318
2022-04-08 08:00:00-07:00,968.591,63.04747999999999,0.2160942000613309,7.5,585.4534435963694,17.34479258197249,57.360850858739354,109.56122579148946,0.0,234.1035028695183,1036.786962139358,1.0,234.1035028695183,124.67432071470577,2.309682110072239,10.67734555,1.5438954683333332,999.0553377805842,999.420249508558,999.7381602572704,999.7400390581699,1000.3212523994506,1000.8273736922832,1000.7532295960601,1000.9688949361547,1003.4452297858621,1008.7080184037569,1011.2418613475207,1013.7331110246745,69.38938061684809,62.90629870244261,56.7680527862574,50.14684969897042,45.749612091614814,40.68055876833033,37.38862641653955,36.67003441772537,36.74180748047194,38.083828889970505,39.29858736264204,40.94852765701392,50.0,90.0,0.366977778440511,2.214355247456318
2022-04-08 09:00:00-07:00,1016.3891,69.38485666666666,0.204890360337569,8.5,762.4093241041,23.582893275871847,47.01165567763835,123.1566801535648,0.0,409.77662746362864,1038.7058825365598,1.0,409.77662746362864,153.1477344699247,1.717646180330195,11.631616333333334,1.90547084,1008.7194629657378,1008.548890778791,1008.588738760886,1008.7640469825379,1008.3777261304242,1008.6987481847128,1009.0191672327808,1008.9614840982382,1012.9702416137816,1014.8102599724476,1016.6214350974313,1018.9334337022265,80.78502139502379,70.69017040668832,63.01185369507787,56.874877954474464,52.03864339871893,48.43179355686257,47.8940718366819,45.99952771367124,47.18409412228883,48.43818797257371,50.74476190113323,53.71998647438704,41.92795617015725,90.00000085377364,0.41590217708979504,2.113157253178207
2022-04-08 10:00:00-07:00,1038.8225,73.90080666666667,0.1974738108019041,9.5,887.7663011985653,28.960130501709806,38.42245077579896,141.1819912761929,0.0,543.5358573713178,1001.7631127177009,1.0,543.5358573713178,175.67041083435151,1.3790333969817192,13.029715333333334,2.241649731666667,983.9038877930643,983.7238119923728,983.9854646802596,983.7871518472746,983.9483241153538,984.0248089940928,985.3657067604958,986.7777075627664,987.8843875353685,989.1855181683835,990.4186048781949,991.7650421822831,92.08070116674149,82.57411901344697,75.5386860792834,69.68326298514036,65.29771688506591,63.26503190962339,62.16410715643595,62.82714032904642,64.91341663256746,67.73725302573364,71.22747253457243,75.29984934852129,26.438137656815222,90.0,0.5273843544089393,1.9617272567916566
2022-04-08 11:00:00-07:00,1049.3681666666666,75.114335,0.1940748097080881,10.5,953.6818840995725,31.908902511121724,33.150736785647425,165.14640225483097,0.0,619.7129933062329,970.0813107456893,1.0,619.7129933062329,186.68294904174826,1.1256726851938494,14.929581,2.180097166666666,962.8917992872198,963.3947635922641,963.3579381560746,963.875743424029,963.6982435455642,964.203432790409,964.0560743351637,964.561221152012,964.567638080119,964.317653354905,964.8273105723115,964.8247331280138,98.70149466699381,90.8465017118354,83.98609564997511,78.20383959529954,74.4744858921873,72.60279960158462,72.25273601681663,73.60562740559546,76.72272034831641,80.82064483744631,86.15196766355015,91.93819501051165,9.50521432852933,90.0,0.6674313178654179,1.8708722802106275
2022-04-08 12:00:00-07:00,1045.2605,77.51833666666667,0.1954515002711638,11.5,955.0686502362063,32.01537957569172,32.90718105571732,192.6236084304441,0.0,611.3855056448708,967.1778243273195,1.0,611.3855056448708,188.1854815400416,1.1061156556802036,16.299701666666667,2.583471605,961.9849424439861,961.9825744509271,961.7506668295362,961.7512716402822,961.8028252476693,961.5301520481253,961.5322031698033,961.534089701654,961.2087704469266,961.267555850543,960.8979142876516,960.9010262700467,90.97449600504355,85.01788259618003,79.51088894205294,75.15181199865178,72.20219905449198,70.76844086616326,70.90747835255951,73.12642890450091,76.67314017781598,81.98180432014281,89.32002227539164,97.2216236821671,8.049513333635776,270.0,0.6799855952336374,1.8669954274633938
2022-04-08 13:00:00-07:00,1029.1898333333334,77.3397,0.2003874925246325,12.5,890.6655421084755,29.262543687884484,37.79034032412228,217.08858288970976,0.0,553.8451666004681,992.9728661331561,1.0,553.8451666004681,179.24225039463994,1.3555996603063303,17.338518833333335,2.608632811666667,975.7724867068564,975.7252799686252,975.7513565246877,975.8256967068181,975.8283370237025,975.9438447676516,977.1473595737507,978.631085193578,979.7163108544819,980.9775135445957,982.0019076998997,983.2559577969364,96.1536077609271,86.60714997145773,79.08893215475113,72.49969848427043,68.81084053849919,65.79023307249585,65.62938258732217,65.63299124236914,67.93829942234647,70.5286529457169,74.7838880931261,78.85037368949935,25.061259174965002,269.9999987925817,0.5382064895022567,1.9512874406197958
2022-04-08 14:00:00-07:00,986.1497,77.92939833333334,0.2094782213018962,13.5,761.0657575545496,24.039958882573664,46.15332687217161,235.6075533632071,0.0,416.877839935818,1016.1882802593854,1.0,416.877839935818,157.7989937019789,1.6827589790181832,18.3239265,2.2597750333333333,996.7064661142732,994.4909910253267,992.5017505377501,990.5394954709421,988.5709543849612,986.6035137912975,985.8804930391767,985.8680653089474,985.953088150054,985.7495381486654,985.8375967998644,985.9426664532409,57.05065243361886,53.92098352406753,51.28161636801413,49.86176249214522,50.821903201742906,50.35112922924559,51.440568922127795,54.31671214921255,59.37231488869913,65.62134056344911,74.4213466861709,83.44094046265432,40.665746614821074,270.0,0.4241774757118085,2.0986188096230154
2022-04-08 15:00:00-07:00,921.5147166666668,77.87247166666666,0.2222929683043907,14.5,588.054652774259,17.54551891653126,56.383297870831385,249.51954819927033,0.0,248.68358326052928,1009.4572050963452,1.0,248.68358326052928,131.35110624652276,2.2393217548950837,18.41688105555556,2.074546785,985.4628035242152,982.6716891740532,979.8358726454132,973.9288330670269,971.1276213573775,970.8423988401707,970.9021139515525,970.3774673969233,969.7400319260041,969.7833988635832,969.4410349188158,969.0689221832176,45.32315137344747,43.16993762771566,41.414363666513125,39.5654977677016,38.962916340968675,39.14341647954552,42.32167654357326,47.168615401993605,51.41642917447843,58.03070750854938,64.30408009683117,71.02026103154655,50.0,270.0,0.366977778440511,2.214355247456318
2022-04-08 16:00:00-07:00,848.6558,61.93654833333333,0.2361881695425964,15.5,386.5194531283095,19.192504965901236,67.513416836803,260.738359676817,0.0,72.78386376091201,928.0541514496801,1.0,72.78386376091201,94.65099919610583,2.857142857142857,18.986391333333334,4.24286195,909.5608451953469,907.1381755573748,904.7329819600799,899.8060614808106,897.3022257929584,896.8355882406845,896.6269812819696,896.1155733144301,895.6862996171718,895.4114339050188,894.9712066662701,894.4467538857177,30.78606696652321,29.44084838227664,28.203327948572653,26.831972397390395,25.652977661505826,24.36985017753352,24.67068444549846,24.65549117439137,24.19160989710258,23.00168850020979,21.205432118974144,18.930374433962868,50.0,270.0,0.366977778440511,2.214355247456318
2022-04-08 17:00:00-07:00,646.3766333333333,42.539501666666666,0.2037345851828319,16.5,165.941237557826,56.94349451437033,78.99392633579893,270.63682748330143,1.5543122344752188e-16,19.285689483781773,424.1204271973809,1.0,19.285689483781773,37.89043169146699,2.857142857142857,18.358959833333333,3.6210666,406.4768719809664,405.7932488625918,405.0710534123672,405.07879248304573,404.31718009319775,403.5264787826313,402.6902298225838,401.82380456905423,401.7156284006922,401.6123895995321,401.49408804967715,401.38350772337463,7.028750336205669,6.328003235994802,6.268035290376711,5.611499043235244,5.163170978201732,4.9485199723197395,4.913068256428839,4.364106839535221,4.35942376744111,3.879302177038722,3.915983347319799,3.9754891062695528,22.05198737527099,270.0,0.5622761399142153,1.9302992838156365
2022-04-08 18:00:00-07:00,92.4122386,9.35964655,0.2114749936841411,17.5,13.213717867679954,83.15650465785798,87.60977455522334,277.7787615788649,0.0,5.999722937798384,20.356885855504558,1.0,5.999722937798384,0.014393322114955715,2.857142857142857,16.245412555555554,2.361085483333333,14.379137652646797,14.379137652646797,14.37931717951256,14.379317224270759,14.379317161025432,14.379317010046893,14.376350118218035,14.376350023369492,14.376350038181501,14.37635007154742,14.37635007154742,14.372389112037077,1.1299998824075117,1.1048035062424644,1.0838309701967221,1.0662446464297763,1.0527533591816614,1.044054780992704,1.0408265121762856,1.0434772303287236,1.051836398544253,1.0657656687525756,1.0836047355407177,1.1070865002888786,4.494850644005836,270.0,0.710815250378111,1.8602184760645932
2022-04-09 05:00:00-07:00,0.1554616,5.869491633333333,0.1895052324186522,4.5,5.8743624111692565,84.86415959482706,88.20456825697846,81.49219765063827,0.0,3.7589268258339787,5.878310037612395,1.0,3.7589268258339787,0.0050980890723078594,2.857142857142857,10.175492594444444,1.1498426883333333,5.5521143666417805,5.5521143666417805,5.5521143666417805,5.553419081980009,5.553419081980009,5.553419081980009,5.553419081980009,5.553419081980009,5.553419081980009,5.553419081980009,5.553419081980009,5.554247792459615,0.6241560286809977,0.6097209385313647,0.5988144871229694,0.590682687282226,0.5856130911262143,0.5837491130497657,0.5850976022628877,0.589520057993972,0.5967510797376225,0.6072183114245782,0.6190570724193236,0.6323658932757145,3.377688598067108,90.0,0.7205411764555791,1.8588800105631025
2022-04-09 06:00:00-07:00,1.8189448333333331,69.97416666666666,0.2088803552341719,5.5,70.29704850412226,59.52429828810848,79.77521209470656,88.45195605889536,0.0,42.73162629224848,76.69970576841307,1.0,42.73162629224848,14.544938337990692,2.857142857142857,12.99804922222222,2.911178045,72.51265406896718,72.74232266799049,72.9837769812717,73.1977634629671,73.09808956695736,73.30778574536178,73.21947626208392,73.13353114535305,73.03724405691497,73.0385879796134,72.96311401310935,72.62818346504562,7.786574387257813,7.751693248704292,7.5210912182072756,7.494577531595855,7.584035097545444,7.4873717191321,7.564728269546882,7.6036224547835705,7.725496544490541,7.777497126694916,7.9096635602600855,7.969781714414766,20.25918195864081,90.0,0.5768662985651738,1.9190070003982673
2022-04-09 07:00:00-07:00,2.5044803,143.14018333333334,0.2120051873934557,6.5,144.06774088358443,19.566210546842928,68.26222255897022,98.25753378729826,0.0,91.60733662683892,138.60773206148136,1.0,91.60733662683892,41.345963893483805,2.857142857142857,14.599919944444444,1.604373955,121.88554066373236,123.81718759664206,125.71861867265164,126.58922477000381,128.44312662976643,130.2515818323622,131.07305885668956,132.8440283150623,132.40402365602742,131.63218187090652,131.20214574514193,130.78044614149815,24.952467465594818,25.503921333867055,26.186498021611392,26.88641404823746,27.704680377327733,28.503404946697167,29.3148757935526,29.024196760672528,28.70829884865501,28.42616082202858,28.062710638324273,27.675746654596697,50.0,90.0,0.366977778440511,2.214355247456318
2022-04-09 08:00:00-07:00,166.68658599999998,216.46771666666663,0.2134469931343819,7.5,307.1111839486471,16.996399006255853,57.05758804760364,109.29215490673,0.0,167.9402531266792,401.62260971871217,1.0,167.9402531266792,84.61451001945147,2.2931463723637733,16.740182333333333,1.642720966666667,366.4800607056502,368.80524601584193,371.0834713203835,372.0834670045106,374.3791835477367,376.5984305889798,377.52726840063747,379.6343244450575,380.90511066237707,383.6202650277369,384.8776588946781,386.1135467977514,46.91273321080778,45.79820786480741,44.94196072181255,43.984896056458474,43.77860086531577,43.378626074338705,43.46258102654016,43.913379506408766,44.56910271803668,45.6133603964812,46.552561779619644,47.59702875884204,50.0,90.0,0.366977778440511,2.214355247456318
2022-04-09 09:00:00-07:00,571.6099166666667,218.76275,0.2089375075288299,8.5,610.8920851350737,23.27593601130541,46.68501819806039,122.89527350075576,0.0,340.4420573183081,799.2451270626391,1.0,340.4420573183081,142.99526016953808,1.7108509772598117,20.14741533333333,1.6651612116666668,756.764007046831,757.7863742569454,758.1627041696877,759.3940098891534,759.619236663536,760.9089272538044,761.3486479729736,762.6594977735947,769.0814926661888,772.3635660968797,776.0061741960936,779.4967507199468,70.5792611581345,64.1613006629382,58.29483216256956,54.371268129190554,51.38237114336754,48.81374058876031,50.288461047934696,49.464003642227105,52.065921991847496,54.736010360057236,58.51716615332096,62.432280992046415,41.68710410545079,90.0,0.4174688561976204,2.1103549665032695
2022-04-09 10:00:00-07:00,384.83856,411.2986833333333,0.2054500039489092,9.5,714.2880691643529,28.622946398847425,38.06465079935612,140.98433943482138,0.0,447.7374916842218,773.4123129694999,1.0,447.7374916842218,158.54379414691869,1.3756647487882894,22.1402755,2.5734464933333334,740.0755823649347,740.9027875354784,742.0646708799892,743.8779935264015,744.7151673195847,745.6416025638533,747.776647867352,749.9859719488122,751.8822913434877,753.9134644352259,755.7358763974182,757.1803228271749,81.0647658105263,75.72231981727262,71.17520907687455,67.98334940161355,66.00235832009102,65.29534452782637,65.51672746775813,66.56124174789001,69.34084328310479,71.85527053784391,74.70364878675095,78.54083063878112,26.242830378023775,90.00000085377364,0.5289117710386457,1.9602147774960401
2022-04-09 11:00:00-07:00,277.05378666666667,431.11715,0.2039420039591222,10.5,664.0705970783703,31.546155831914067,32.77277540774244,165.13191070105677,0.0,430.4956449674432,672.4360719468071,1.0,430.4956449674432,139.1428853085734,1.1239841424300414,22.522902833333333,4.587577016666667,655.5584273119113,656.3663941990246,656.3694185310978,657.0972201368907,657.0368721649584,657.6434035564148,657.6683931748469,658.2749162514613,658.2209017727191,658.177514283266,658.7873407732873,658.7859689687921,73.6472625505208,69.2494700369561,65.46210693682767,62.75461616939428,60.51849130138289,59.64529253736392,59.58594544707269,60.50232154801134,62.58117045073482,65.09437077344685,68.12350867378768,71.65193340918806,9.380059668494122,90.0,0.668508699432673,1.870513913858006
2022-04-09 12:00:00-07:00,293.21895516666666,424.6156666666666,0.2038040095327465,11.5,671.7700551709227,31.638918584863575,32.552320885654815,192.86417885025494,0.0,430.7834171518496,678.5061577075458,1.0,430.7834171518496,140.03718610783997,1.1066427874123725,23.168191666666665,2.9556842166666666,664.9138014884045,664.9124378580934,664.5185662927581,664.5186918524323,664.5564034307808,664.0874851574979,664.0887120337017,664.0897613364758,663.5366916599208,663.580778254857,662.945826245335,662.9477192094606,71.08129985984793,67.57846843709505,64.29479037230271,61.490690200378204,59.66764439154513,58.71602685325687,58.66317377205152,59.80145908167898,61.5632647889812,64.50838042821931,68.64330090378125,73.13977025942455,8.088917115702206,270.0,0.6796451368833991,1.8670919630250964
2022-04-09 13:00:00-07:00,282.5993767666667,367.9817833333333,0.2065077867455245,12.5,592.201512866661,28.886480040494423,37.493814895762505,217.47203813447774,0.0,375.69277872332873,635.6845888019442,1.0,375.69277872332873,133.75581997540155,1.354896535374057,23.09789105555556,3.66880454,622.0683256080683,620.2628632910479,618.5671140306038,616.6525561024362,614.8267881322918,612.6879459375494,610.6929420474845,609.8643627668511,609.1150233907815,608.252525856974,607.4454293010587,605.7488741037052,68.09157163645634,64.74631098584098,61.31126221360357,59.72770544934361,57.32386487066004,57.031625747912415,55.884939340418434,57.1344663686509,57.89055481540629,61.01400723250201,63.91381177225407,68.73128938249468,25.01928945534064,270.0,0.5385383202757564,1.9509774020339097
2022-04-09 14:00:00-07:00,392.0997888333333,311.0343166666667,0.2108701351046263,13.5,583.8452023338513,23.6743392243652,45.911470148323936,236.01072275709717,0.0,341.2184866868023,710.618123528004,1.0,341.2184866868023,140.73203986115524,1.6799665723002724,23.09781727777778,4.285592996666667,666.3483341814633,668.4774453162211,670.7269051407384,671.6725413800791,673.6663002449741,674.6264794494484,676.7592896193931,679.5839329944768,682.0417862119011,685.4665240329679,687.8081629135022,690.4096969092398,72.54966245662878,67.33849921043614,63.62923227011699,60.25527026791922,58.25713892079238,56.76376399175689,57.566216920414455,59.16711120232962,59.5511722658225,61.99632561620837,64.47768650983244,67.54675388997228,40.561911770602016,269.9999987925817,0.42486533174362434,2.09743910567702
2022-04-09 15:00:00-07:00,607.2368483333333,228.79736666666668,0.2199760304693571,14.5,566.799731216597,17.169916702639245,56.177382264616206,249.90015345963658,0.0,266.06211210640896,887.949819677337,1.0,266.06211210640896,142.36139320481584,2.2308388235038836,23.340042333333333,4.602999533333334,862.1265298150685,858.8159071656609,855.4526723252072,848.4089709188625,845.0210881447443,843.4479083963957,842.8714500606335,841.083045613009,839.1690721478118,838.5436007393547,836.8260960702455,835.0632872189678,63.44516722523821,60.65969245825782,58.19217129859353,55.6143586377654,54.06776378434014,53.14719824231908,55.02174993418012,58.225789362827285,60.949716572818225,65.64153262021183,70.08487200475892,74.98671477760688,50.0,270.0,0.366977778440511,2.214355247456318
2022-04-09 16:00:00-07:00,744.0935850000001,118.51328166666669,0.2351240837924178,15.5,405.3498623151819,18.89708474423838,67.32617499980148,261.09342652253486,0.0,97.44406510479402,905.7903596795961,1.0,97.44406510479402,106.96027867546141,2.857142857142857,22.60781011111111,3.6623134833333335,885.2746397956104,882.313972686726,879.3350526001844,873.2516771068427,870.1948668583996,869.1834810945531,868.7297796265118,867.6659083252138,866.6640818452015,866.1421981220612,865.1188151635802,864.0019119700031,41.65551950340144,39.75140145130195,37.95696268155936,36.04942668857621,34.389399120548745,32.67138423584882,32.82918388146612,32.74888648048553,32.19670891172864,31.019325466480968,29.18021817334362,26.88202760482895,50.0,270.0,0.366977778440511,2.214355247456318
2022-04-09 17:00:00-07:00,526.8815542333333,46.90520166666667,0.2048992925734242,16.5,149.13801407790453,56.33182724419131,78.81171555228778,270.9736816743657,0.0,19.993268821500838,373.74283071374475,1.0,19.993268821500838,34.54583876198282,2.857142857142857,21.518532444444443,2.6424490666666665,358.9659599062001,358.2247978628013,357.5560800722583,357.5851192035272,356.84419738271146,356.0599850007352,355.24180583277877,354.5087334340417,354.3963077210558,354.16804516795474,354.05109717157313,353.92205546453255,6.972698060384995,6.542943330682257,6.248341738260974,5.629590807155736,5.210156956428664,4.996892637126095,4.591593557215943,4.564753063911878,4.4352845562024745,4.079957435660576,4.030994388396361,3.714851507444832,22.483616926882508,270.0,0.5587903780328194,1.9331539384492014
2022-04-09 18:00:00-07:00,0.3491334666666666,6.854022383333334,0.1586219836413099,17.5,6.868557834837953,83.16841984559963,87.61391880201123,278.2662941797096,0.0,4.393557188973748,6.8850234563472315,1.0,4.393557188973748,0.010528766316285913,2.857142857142857,17.802040611111114,1.294791165,6.492605745074264,6.495506335924393,6.495506335924393,6.495506317686615,6.495506309394638,6.4955063612697534,6.497678969944888,6.497679052957939,6.497679087953774,6.497679063700619,6.497580453919685,6.497580453919685,0.6083410829737993,0.5954432911075691,0.5858640745679504,0.5782128507458953,0.5736210833301831,0.5721648769870195,0.5739887359720894,0.5787666773307009,0.5861773216717214,0.5958372412901325,0.607357247195375,0.6212651897310535,4.492419786787554,269.99999758516344,0.7108363984006086,1.8602151520212389
2022-04-10 05:00:00-07:00,0.1745668666666666,7.486961616666666,0.145774810580831,4.5,7.49273057391414,84.58201838557542,88.10618645572133,81.0919717831631,0.0,4.7954821656435405,7.496190828446057,1.0,4.7954821656435405,0.00725350330764114,2.857142857142857,2.2272349444444446,1.2022051616666665,7.081951121733336,7.081852421743283,7.081852421743283,7.081852421743283,7.081852421743283,7.083516680637958,7.083516680637958,7.083516680637958,7.083516680637958,7.083516680637958,7.083516680637958,7.083516680637958,0.6115774210129588,0.5985273193958811,0.5878265726273321,0.5798583817226087,0.5749052630526494,0.573099651502059,0.57444131988533,0.579198100358119,0.5864920111325684,0.5961484508760676,0.6077194010125243,0.6216887259386837,3.5673397456631974,90.0,0.7188891973959914,1.8590804984471003
2022-04-10 06:00:00-07:00,0.2011756833333333,78.067875,0.1752662866175314,5.5,78.10457092570067,58.589643992294796,79.48998665798628,88.20264447998444,4.662936703425655e-16,46.969949813924636,86.60483848318552,1.0,46.969949813924636,13.69175390348803,2.857142857142857,2.9285774722222224,1.452629575,81.89046970902095,82.15531171701826,82.43190547071389,82.93326257241849,82.93128189967554,82.81244372344116,82.71343940278302,82.60183092773191,82.5131514398783,82.49943522653713,82.41418715916615,82.33324445855789,7.36528176210122,7.237830648887966,7.006260689376567,7.076410110603225,7.088129450925238,7.066604669519972,7.140694373667592,7.16782765290081,7.280631456473086,7.315501909556187,7.441613962884304,7.484118534566516,20.911934255850277,90.0,0.5715337105237683,1.923012708778967
2022-04-10 07:00:00-07:00,514.5535599666666,185.40125666666663,0.1987792236134289,6.5,378.3708972620322,19.215092209946068,67.97423908474059,97.99691182182771,0.0,116.16681488636466,755.6482016193693,1.0,116.16681488636466,93.52613622775124,2.857142857142857,4.921845861111111,1.8345615233333332,715.5890277353503,717.5080090293764,719.3643406451047,720.2595239434041,722.0641354246656,723.8713921366576,724.6896843829613,726.440335008393,728.7627084744804,733.3244509224743,735.5151678612791,737.7049410385039,28.59759319722018,30.096867584629987,31.536356981016084,32.79010390368486,33.823772735201814,34.65794501793258,35.33591798555687,37.06077472063346,38.705859588227206,40.45266984531414,42.1028803926628,43.786573960267766,50.0,90.0,0.366977778440511,2.214355247456318
2022-04-10 08:00:00-07:00,883.8326666666667,99.99692333333334,0.206322905645119,7.5,584.5031274390889,16.65114755975055,56.757229185303025,109.02224221479175,0.0,243.05239613443757,1014.6929214572555,1.0,243.05239613443757,126.8311265430764,2.2770129492415045,6.444899933333334,1.9855171316666669,971.4594620214214,971.9986814784177,972.486426745581,972.5683805407585,973.3051884490881,973.963137945828,973.9821103719507,974.3857800813328,977.7714564736773,984.8161294735557,988.2189486047209,991.5639551117488,67.45773432769182,61.50055589751311,55.89379369465174,49.82228273649022,45.87047565056041,41.27072953571087,38.303468006986236,38.59130400880421,39.63460701332506,41.88050351149645,44.01605704492238,46.576864816504276,50.0,90.0,0.366977778440511,2.214355247456318
2022-04-10 09:00:00-07:00,983.7864166666666,90.55935,0.2033256162480316,8.5,769.4776191070882,22.97011589281864,46.36139026309659,122.63184529043377,0.0,415.29413410662477,1036.6612467851871,1.0,415.29413410662477,156.77867847055,1.7042123554626538,9.24310245,3.616422208333333,1004.062107707593,1004.0676084650639,1004.3145595097769,1004.2930340149989,1004.2980463401462,1004.4278715394327,1004.7815174775862,1004.5831742428502,1009.6462215707442,1012.0177811531992,1014.133955844155,1016.3545337420583,81.2216206861006,72.56008086136467,64.99736591995543,57.98355094186524,53.021561499541995,50.28439206067889,49.5485607048894,48.398428747555975,49.28901039108188,51.430356905516966,53.94436390295044,57.22114610126711,41.44949779874655,90.0,0.41902018045470835,2.107603374383567
2022-04-10 10:00:00-07:00,1022.6868333333332,94.83451666666666,0.2010040309182256,9.5,903.9028751639311,28.287275416990216,37.70966710671754,140.78365870550067,0.0,553.9406605285637,1015.6841212055261,1.0,553.9406605285637,183.29461356131847,1.372366045313675,11.339860944444444,5.371059833333334,996.1766815079283,996.0151493790615,996.2846642756969,996.4026456676326,996.4429535221834,996.5783583432388,998.0818987055793,999.476762826786,1001.0187931312917,1002.2502337182272,1003.7778627144799,1005.242877505092,96.65590643058113,86.88240598864964,78.50427952922597,72.72766116778763,68.10254841131437,66.21634871593204,65.16417217027859,65.95920893332274,68.58065580617635,71.09132555443107,74.94032912917744,79.292118763844,26.05072496372372,90.00000085377364,0.5304166534474295,1.9587372607293583
2022-04-10 11:00:00-07:00,1034.5467166666667,99.19408333333334,0.1978059297815694,10.5,972.7177793271013,31.185366171724755,32.39720787026898,165.1158520814349,0.0,632.0153818936027,988.7125241911549,1.0,632.0153818936027,194.34113169403648,1.1223315826567986,11.077299777777776,8.212529,980.8545891115546,981.3835100925913,981.387785142129,981.7906079453406,981.7880451012221,982.2036752342716,982.1998510794921,982.768182675539,982.4983405380467,982.50301248333,983.0789936947455,982.813962478165,103.46168558860754,94.64175891931467,87.58498543333351,81.97567678188445,77.80203312728543,75.88368022101895,75.62011457454334,76.89643129366759,79.81574692164453,84.36119427604298,89.6352682810007,95.8879113284499,9.257470680916716,90.0,0.6695643716505294,1.8701674578708676
2022-04-10 12:00:00-07:00,1033.683266666667,102.74841666666666,0.1988662232261095,11.5,977.445055445568,31.26475324576233,32.19990403435228,193.10661253523244,0.0,625.7574665961411,990.1095589039447,1.0,625.7574665961411,196.19810933060018,1.1071511091082629,11.170329,8.38555095,983.0821973973707,983.0789463706104,983.5017511390864,983.4404321183926,983.8114034575239,983.8093937257519,983.8072479353474,984.1189801865709,984.1166273062161,984.065179819157,984.3298307992845,984.332243624214,101.34821597506037,93.19170753066123,85.61845148720494,80.28824229253198,76.51482813995588,74.24306179168246,74.11683040387581,75.60405430361537,78.65165159620298,83.17971141351455,88.85973089550242,95.01097352090358,8.126905042772847,269.9999977411273,0.6793169433695803,1.8671854732007385
2022-04-10 13:00:00-07:00,1023.5878333333332,102.37801333333331,0.2034702453434369,12.5,917.6969230569692,28.51284880427189,37.199946603052865,217.85727335108115,0.0,571.1487659821828,1021.3904361326953,1.0,571.1487659821828,188.65630972654475,1.3541896029443259,11.170596166666666,7.38755995,1011.0098411458501,1009.5764814744954,1008.3841469405671,1006.9288162205045,1005.6548903009365,1003.953093118448,1002.7621736782137,1002.3797454386618,1002.3314495899988,1002.1989288413154,1002.1186192892033,1002.3169220915262,83.94754393226329,79.36333175956308,74.80027760547391,72.09790844076682,69.59888881603965,70.13426889834001,69.60281928723207,72.71919857624597,76.41973437300767,83.21377494113557,90.89463108596587,100.7603880322803,24.977053181861955,270.0,0.5388723730863842,1.9506658852261403
2022-04-10 14:00:00-07:00,958.0179166666666,109.799625,0.2120322106749988,13.5,779.2290858197028,23.31115033756472,45.67199047397626,236.41395681173051,0.0,429.2164240166775,1031.330249539211,1.0,429.2164240166775,166.91493419933158,1.6771976896612308,11.255801,7.628605583333334,996.7053506028275,996.8381046063231,997.2965297678031,997.2990287871654,997.4560249800645,997.5483331409258,998.1018699302988,1000.897955958534,1003.2588068674988,1005.8189216071783,1008.0641829164119,1010.6405871014273,87.26861430842054,78.13282572833499,70.35190559968021,63.05094181304977,58.00412937725813,54.9377850831871,54.353652480602555,55.15189616776091,54.30849418724179,56.62747143667947,59.05820982878712,62.58019826103941,40.45853148226243,269.9999987925817,0.4255512373972855,2.096267044817173
2022-04-10 15:00:00-07:00,837.7515166666667,137.09841666666668,0.2235662213541584,14.5,605.8865464514423,16.796863971252897,55.97331437190614,250.2796777144776,0.0,261.666923183445,1021.4159787091786,1.0,261.666923183445,143.78680642061326,2.222457373978795,10.933498277777778,7.930715666666667,995.3687233171125,991.6460684104967,987.8644654546108,980.0075185382815,976.2198221228737,975.6611236892463,975.5951168096606,974.7914221390639,973.8672917058241,973.7775994479954,973.141695366473,972.4715917069907,54.314177871762354,51.26787458802366,48.6324421768626,45.90730411494076,44.452827520261174,43.7964526406349,46.850920965923734,51.5797417630339,55.70653760286258,62.225042569788705,68.40602467793197,75.05335920260144,50.0,270.0,0.366977778440511,2.214355247456318
2022-04-10 16:00:00-07:00,525.1758,125.21476666666668,0.2316089423147952,15.5,329.2332977308143,18.60590319140324,67.1402552451806,261.4467999406328,0.0,90.106921142562,698.0115381583464,1.0,90.106921142562,88.39616772382789,2.857142857142857,10.32780195,6.883214916666666,681.1665322961289,678.8268843810479,676.4713459405908,671.6392848943797,669.2187495136126,668.1287310209592,667.6355280845029,666.4999206600594,665.400867452553,664.8480363173215,663.7240961099842,662.5253804992224,37.32229159415677,35.764838276419894,34.287620932751764,32.714437365618146,31.335745099763766,29.914416340487655,29.87333857370283,29.660837168270806,29.096222097357266,28.096852846979225,26.612242836897163,24.816245913206064,50.0,270.0,0.366977778440511,2.214355247456318
2022-04-10 17:00:00-07:00,130.04737956666665,69.34893333333333,0.2098023362627296,16.5,94.986138756657,55.71915809330215,78.63038691327316,271.3084450447587,4.662936703425655e-16,36.100222639410255,169.69242661472003,1.0,36.100222639410255,22.695347940265602,2.857142857142857,9.2774556,5.73934505,162.7316420700368,162.38384048506268,162.0038171162687,161.7512947509449,161.61947155784634,161.19896791643498,160.77954538985017,160.32202995945914,160.1280721100904,159.9105303939424,159.69978550740345,159.24401523895415,9.009565943717053,8.568333872189589,8.140557890722052,8.0342209389601,7.644360609104962,7.55241925162823,7.206006009393731,7.15780229513488,7.01705676142397,6.897935659882699,6.96777117153684,6.842222756423946,22.91813102331826,270.0,0.5552922819307231,1.936080634436367
2022-04-10 18:00:00-07:00,0.0899446166666666,9.377963583333331,0.1888924864832179,17.5,9.381999232194195,82.63471501659248,87.4283808381769,278.59244376212087,0.0,6.013500181907718,9.308621964670607,1.0,6.013500181907718,1.718532224347003,2.857142857142857,8.208680627777778,5.49274395,8.812078103256498,8.812078297112441,8.812078473027707,8.826289811374535,8.813932679514899,8.813932581701627,8.813932412927604,8.81393227136211,8.828143465017998,8.81665975137518,8.816660084493446,8.816660441120264,1.0063656102081673,0.9853796513552309,0.9664408864602998,0.9510512387663257,0.939021766692013,0.9312327920102326,0.9281517162333831,0.9300779045910177,0.938044394591302,0.9504569582569581,0.9674833694716058,0.9885319656647026,4.848419274040543,270.0,0.7077400373467437,1.8607210678256116
2022-04-11 05:00:00-07:00,74.26315435,9.286478483333331,0.2679790758852511,4.5,11.865421769658575,84.30572866450885,88.00988413581612,80.69291796551784,0.0,5.948977791502887,16.644926501547516,1.0,5.948977791502887,0.009961405433008528,2.857142857142857,-1.2189546450777775,1.0158915666666666,12.030781775962584,12.033725305022884,12.033500220529874,12.033500220529874,12.033500220529874,12.033500220529874,12.035564489749802,12.035564489749802,12.035564489749802,12.035564489749802,12.035564489749802,12.035564489749802,1.393667687755818,1.3638814689835435,1.339484117248319,1.3213432399013874,1.3100988010161674,1.3060318824748163,1.3093852763478147,1.3198146448961623,1.336424007074524,1.3583795172502,1.385859410745133,1.4175941096206655,3.753752568240263,90.00000269986933,0.7172657582340495,1.8592882196008786
2022-04-11 06:00:00-07:00,554.7453499999999,50.07452166666667,0.2357102491199476,5.5,153.95375071139367,57.65498349526233,79.2073268550319,87.95390933104858,1.5543122344752188e-16,22.139930991527255,381.28607884731855,1.0,22.139930991527255,40.03138603625461,2.857142857142857,1.546355588,0.9803042406666668,359.3812647298488,359.51948422836364,359.77288400879814,359.89734015896147,360.00456382127675,360.8001590448987,361.4989298775435,362.2565061922601,362.9697486702091,362.9458177628149,363.6551946633629,364.29463878097255,4.959119301716163,4.967040063008282,4.9286803892648186,5.244248422392709,5.374679008259288,5.741314198529113,5.952774230911254,6.351549542467916,6.616051506331276,7.022767932492144,7.331289059941107,7.746054802861773,21.567957842425944,90.0,0.5661977370620999,1.92716064626158
2022-04-11 07:00:00-07:00,801.88845,72.674785,0.2250843814146606,6.5,377.0980107407436,18.867477341444935,67.68905543090176,97.7363045584648,0.0,72.76352760427338,898.4826977415275,1.0,72.76352760427338,91.93038742430396,2.857142857142857,4.357657038888889,1.010987563,863.6088930716161,864.2543032304666,864.8264210157598,865.153390146624,865.708026725664,866.3291613413362,866.5928402107311,867.1713646728637,869.9371349320228,875.3467664736612,877.9850154022251,880.6323591860388,18.086248727248055,20.045640422970987,21.663156448729943,22.814133560318368,23.37388973144501,23.560279895970393,23.461574839833155,25.15790057488388,26.748439949780963,28.493849710118717,30.122561570702786,31.85364351324372,50.0,90.0,0.366977778440511,2.214355247456318
2022-04-11 08:00:00-07:00,907.34955,88.42786166666666,0.2188980073069844,7.5,589.7571026381764,16.30915152632226,56.45989671875323,108.75151514649345,0.0,242.62061645340575,1026.3428907000407,1.0,242.62061645340575,131.35766054483094,2.261274904046838,6.14422695,2.12422876,984.3982637549028,984.748474673212,985.0590651952193,985.0309468758963,985.6223910985,986.1212580863587,986.0491806144917,986.2965428531372,989.4550306092743,996.0454503673234,999.2243740074102,1002.3491880778439,69.68434915824798,62.94240199805272,56.668178527412685,50.01793048451838,45.74455127996068,40.84430222300479,37.65947262265025,37.74559541679064,38.60059252049438,40.72765534106306,42.745865281351776,45.18089588284102,50.0,90.0,0.366977778440511,2.214355247456318
2022-04-11 09:00:00-07:00,949.09265,110.32677,0.2087269871347509,8.5,769.1344073542328,22.66550588805637,46.040899637200354,122.36639444913067,0.0,423.8848561763383,1028.6449260859285,1.0,423.8848561763383,162.7003297535215,1.69772861612873,9.225303511111113,1.953865665,993.7904995364993,993.9283223847817,994.3227187443842,994.3478738773525,994.4697106013678,994.6519483182741,995.1357426700918,997.5823204461407,1000.3088923543962,1003.0418824717552,1005.3442299226783,1007.7244200115978,84.11182983783148,75.4653048352426,67.95083186160092,61.68573631779838,56.0098118144842,53.39661217574462,52.936441546825,51.945044967563064,53.11356455895283,55.53826513174057,58.18744890748045,61.73949529784568,41.21521026359243,90.0,0.42055541006257313,2.10490283650859
2022-04-11 10:00:00-07:00,717.9748183333334,267.62205,0.2048363102801761,9.5,838.3140828351657,27.953202774759433,37.35762787883835,140.57987135157595,0.0,517.5142622470785,935.4180563346256,1.0,517.5142622470785,183.22840847846524,1.3691373401448503,11.111183577777778,2.824974328333333,904.4297457390461,905.198334667115,905.5600632535743,906.0025234224161,906.3516018808298,906.5437041968213,909.6514559053596,912.3845160802706,915.1974625513399,917.6643399726191,920.3430794456659,922.7061824257906,92.46795619771537,84.19245315445897,76.90260528803103,72.88094125840418,68.94776703911084,68.37027209814855,68.82243119353139,69.45874548239406,72.93722243910955,75.24787069867826,80.16379056729139,85.04896490200149,25.861878520514026,90.0,0.5318984124202919,1.9572946532879827
2022-04-11 11:00:00-07:00,121.47564766666666,402.3898,0.2102186169385893,10.5,505.3798576752636,30.82662845344292,32.02414304553861,165.0980813736236,0.0,327.17387125060327,508.9142472866849,1.0,327.17387125060327,108.35480381594523,1.1207155546821086,12.005963833333334,2.773522283333333,492.8563589088866,493.3965206961188,493.6394534422834,493.8388847153185,493.83829744653565,494.26210286263904,494.2605733003853,494.50038192902923,494.5928756559183,494.59462361425153,494.83748061900445,494.90987306803163,58.377922170772834,55.184952412898866,52.7002208013213,50.774877293392386,49.529753643961726,48.990389479243696,49.07007616214785,49.724794587129914,50.956584587499954,52.94943042647369,55.01919574739643,57.45552749112352,9.13749597081953,90.0,0.6705978876357008,1.8698327649183581
2022-04-11 12:00:00-07:00,169.7450031,450.51948333333337,0.2089996438231939,11.5,594.7063912878282,30.892987104563943,31.85001069803105,193.35076890289494,0.0,381.6586932860644,598.2888497307971,1.0,381.6586932860644,126.0760311851631,1.1076399019618768,12.65452922222222,3.2664212016666667,581.6089938755581,581.6074129404549,582.0497697767587,582.0093655300635,582.394591344383,582.3937358217539,582.3927136720673,582.7191539540372,582.7180275667977,582.6851118150752,582.8985984363468,582.9607017425129,66.89901728944078,63.01350298739564,60.01916081283517,57.85657519034431,56.31479677295754,55.467588072788146,55.5764900327097,56.40248598318573,57.92704749765618,60.20992097577682,62.88181304662364,65.7348120511918,8.163426077912275,269.9999959054454,0.6790014522388486,1.8672757828024538
2022-04-11 13:00:00-07:00,260.74229916666667,445.50415,0.2083516024548681,12.5,653.9917698446726,28.141762021740693,36.90878135504638,218.24410298576865,0.0,416.7524295319435,689.0311314416255,1.0,416.7524295319435,145.0341168342603,1.3534779707849327,13.8074095,2.995532666666667,672.2752299294042,671.0051074608814,669.8944088209493,668.5680947503593,667.3786491080856,666.9134777207053,665.6622243955451,664.5957284215874,662.443474793257,661.2844291679077,660.1924828542619,659.2126182523475,74.63087637930225,71.56817044812333,68.48895521987754,66.7728874418605,64.97071391314446,64.61444564410617,63.863373400868845,64.71191837223158,65.85102069437573,68.97266135785691,72.33028708104595,77.2540324971532,24.93449710785578,270.0,0.5392090712800185,1.9503525079013853
2022-04-11 14:00:00-07:00,208.186853,342.4459666666667,0.2109209356661639,13.5,488.5346748492175,22.950510669918778,45.434902538073345,236.81706667607097,0.0,295.3811095196674,556.7433228767632,1.0,295.3811095196674,120.81827977304404,1.6744508810280232,15.46446227777778,2.196086791666666,538.1286186766586,536.439503316091,534.9810596929805,533.5062917818808,530.3754548866812,528.8268114143702,526.1620132622959,524.9213202202744,522.2931561312347,521.0370668318488,518.180498045959,515.3747633922623,63.338270155066084,61.320020521958895,59.684439732766094,58.015329554595674,57.21325037831894,56.06451312746094,55.4335026279282,55.334869173726524,57.493763794556905,58.858913127522854,60.903118529129074,64.44839062666398,40.35555988578336,270.0,0.42623548149028917,2.0951020798765088
2022-04-11 15:00:00-07:00,26.514889316666665,270.59886666666665,0.2120924385318588,14.5,285.5135072395929,16.426482509528032,55.77109360016885,250.65795898195702,0.0,181.71443222119535,279.85698865185736,1.0,181.71443222119535,79.87197950003547,2.2141739513803675,15.024739722222222,2.364078896666667,264.8947693465244,265.4462146962263,266.0043445566997,266.9493164571311,267.5373972468975,264.422715015349,262.99643837351323,259.79755679622605,256.50255592101166,254.99457037844613,251.6465129172235,248.24612337212045,51.61422034959282,52.11477243763463,52.61049536998011,52.961952648510646,53.48371669329703,54.048031620974804,52.916221652808666,51.97697743845695,50.9650012321531,50.40733582598452,49.868532140440344,49.6127365278886,50.0,270.0,0.366977778440511,2.214355247456318
2022-04-11 16:00:00-07:00,128.12003461666666,212.7681333333333,0.2188859561356308,15.5,262.9198833651466,18.319064550708724,66.955654257273,261.7983420723515,0.0,128.24337666737054,378.36109423888934,1.0,128.24337666737054,72.46909245017298,2.857142857142857,15.592645555555556,1.9278015133333333,364.63904083622225,364.39702744497913,364.1575587696015,363.54960007711463,363.31302647712334,361.08198182185583,360.05345759048765,357.7687969037466,355.4469046794465,354.3489846239098,351.971995200199,349.5359933688399,41.623557770824995,41.62068118455431,41.62264827539217,41.50673986795227,41.50418151720077,41.46642435679936,40.64381798538603,39.790836103649134,38.77887245042925,37.74497560918605,36.526768626864055,35.31618937341995,50.0,270.0,0.366977778440511,2.214355247456318
2022-04-11 17:00:00-07:00,1.09582505,91.35882333333332,0.2121589754083715,16.5,91.57823380017076,55.105400848058956,78.44994218068325,271.6409954564609,0.0,54.33894000461775,103.67489365214973,1.0,54.33894000461775,19.60892109505395,2.857142857142857,14.713654388888887,1.80361566,98.58015150629294,99.02631129341934,99.13138374282686,99.26594116145694,98.93282780087681,99.07442591560144,99.20150624327734,99.35749184777369,99.02575213967802,98.71587489046888,98.35828989052541,98.02690587209474,10.514954435913271,10.45649418915541,10.512746726785387,10.223688443756574,10.308935406347711,10.038129180763873,10.15607533946301,9.942574668674766,10.153881170144329,10.036976640264053,10.144377380901988,10.513315237386555,23.355668901718083,270.0,0.5517811583035565,1.9390812234896035
2022-04-11 18:00:00-07:00,0.10957335,11.237458733333334,0.2000676528730494,17.5,11.24236586300356,82.64861041544343,87.43320902003518,279.0747617908765,0.0,7.205858000035413,11.156440739698189,1.0,7.205858000035413,2.186320119512497,2.857142857142857,14.921878333333334,2.7853024283333334,10.566044120424614,10.566043668042974,10.566043245284881,10.579603624031408,10.5629084941208,10.562908673308355,10.562908887460468,10.56290901217723,10.577495857553505,10.560800545264348,10.5608003224871,10.560800076628768,1.2547995378089916,1.2280854854118672,1.206475848736558,1.190721588714152,1.180591701934491,1.1781465830807263,1.1820567699710351,1.1919422978203538,1.207210173277999,1.2269027046106151,1.2509400701152686,1.277577029330321,4.8456219473147435,269.9999977411273,0.7077643613292042,1.8607169425339085
2022-04-12 05:00:00-07:00,51.307997416666666,8.996254666666665,0.2273652481506851,4.5,10.862261308077859,84.0355916299552,87.91576569928347,80.29506772283578,0.0,5.763931109892866,14.317088768892848,1.0,5.763931109892866,0.010613487385548036,2.857142857142857,11.924526055555557,2.8468956183333334,10.935181525383031,10.935181525383031,10.938033062388444,10.938033062388444,10.937848031084346,10.937848031084346,10.937848031084346,10.937848031084346,10.939847787142188,10.939847787142188,10.939847787142188,10.939847787142188,1.1457772593680702,1.1212713444235134,1.1012211286829066,1.086334920466836,1.0764688527585122,1.073618308024071,1.0766396555692948,1.0852132595899877,1.0999980372805853,1.1179917178247631,1.1411492382342607,1.1655877880731047,3.936740401082139,90.0,0.7156724836650454,1.8595023976139275
2022-04-12 06:00:00-07:00,554.3393333333333,51.55194333333333,0.2420318587567993,5.5,158.0147494161601,56.720462944994885,78.92735189749551,87.70577430814392,0.0,22.788443889323432,391.3728754607183,1.0,22.788443889323432,42.151511035936295,2.857142857142857,11.757501155555556,3.9850027166666666,369.91976405519614,370.19661190613124,370.3366486013467,370.45630631480327,370.5841758948161,371.4234857903273,372.2364942690278,373.0022805991967,373.7615520543512,373.7323738317429,374.43457817339356,375.19232521444445,4.9145139571638055,5.221142601470124,5.1678633372974225,5.621766147586337,5.636569880809262,6.17845101135868,6.226618814633446,6.464480186671693,6.908941618880974,7.568210793850803,7.650248971026852,8.350217116384192,22.2272850484616,90.00000085377364,0.5608591717847944,1.931452310357235
2022-04-12 07:00:00-07:00,47.451017,129.48488833333332,0.2133187530934027,6.5,147.7149003928348,18.523532920363124,67.40679025647364,97.47574256399146,0.0,83.07760147620094,178.72359884380415,1.0,83.07760147620094,42.61076249836971,2.857142857142857,7.169612261111111,7.896246416666667,160.78506459014693,162.464475899844,164.1121745748734,164.87078860941818,166.47804780857783,168.0516207922229,168.76432869106463,170.30325730271176,170.36956980906405,170.5829776418012,170.64296051159067,170.70608668250426,22.567922274700706,23.18538791718598,23.880945878156105,24.5468188873881,25.265694751780053,25.937592716654503,26.60084826502332,26.663447232500715,26.7052420730205,26.79477136191902,26.811613467334954,26.820956488963382,50.0,90.0,0.366977778440511,2.214355247456318
2022-04-12 08:00:00-07:00,18.70237333333333,151.8563166666667,0.2064570842396308,7.5,162.26966367884052,15.970521420535059,56.165711889966296,108.48000174076493,0.0,106.23597041273374,147.49042112278897,1.0,106.23597041273374,45.569455244591325,2.2459255392213193,6.274709616666667,8.873240583333335,128.98566746768446,131.1085684361867,133.19856023569838,134.15001666775487,136.19732683839615,138.18948140635547,139.08765377041948,141.03148246561892,140.56866924280132,139.77599576025202,139.33163639115307,138.89300645073342,28.704556734216872,29.048603387945946,29.556796844887106,30.084093420321278,30.827225569353896,31.543222761324813,32.333472603788174,31.96733388273881,31.60378540846441,31.309989608688177,30.93238441772333,30.540590742350442,50.0,90.0,0.366977778440511,2.214355247456318
2022-04-12 09:00:00-07:00,2.7627331500000003,204.98008666666664,0.2071642191032404,8.5,206.90880461439764,22.362175805549207,45.72367293452676,122.09892096634377,0.0,138.05448101385048,185.62211175076104,1.0,138.05448101385048,52.723350614088545,1.6913981338926702,6.934052872222223,5.0625075,165.43671634892908,166.6154291515775,169.10886765873445,171.56373557410575,172.81172903943437,175.1621071646772,176.22540333034362,176.94946029029532,176.497136283887,176.06685110793734,175.78034002000442,175.3834051409495,31.736673839203686,32.040310339952896,31.81800741906845,32.51359450855798,33.32564214019125,34.230478057856374,34.174307773419805,34.00875879943957,34.19990348055839,34.01068542893733,33.80488700157483,33.650788213151536,40.98431382370345,90.00000147877934,0.42207380826429436,2.1022536923677433
2022-04-12 10:00:00-07:00,144.5602385,417.4494,0.2094654183858469,9.5,532.8871885140603,27.620811239405597,37.00866035412065,140.37289853192442,0.0,338.6628576563766,557.7335487791092,1.0,338.6628576563766,121.59648911157757,1.3659787149604805,9.437608972222222,4.4084728,528.708571419105,529.9375427382203,531.0138065747568,531.9810076162016,534.3128895026725,535.1894709588769,536.7052974936562,537.989495386151,539.3537020226519,539.6431013541971,540.9938395758841,542.1466023774847,63.299193110713205,60.165030844870785,57.37437583350023,56.049259607394376,54.594425324800476,54.709103103317396,54.87443954145895,55.92588176977334,56.88884606392196,59.00043338215091,61.57718089165781,63.27562916026195,25.676347820482402,90.0,0.5333564622612544,1.9558868944862082
2022-04-12 11:00:00-07:00,477.8326073333334,331.224,0.203089659521755,10.5,737.9721099834652,30.47003525606805,31.65368827113148,165.07844654812084,0.0,478.90226919210386,750.3507374979386,1.0,478.90226919210386,154.7716349548321,1.1191366433780425,11.0679607,3.622037533333333,737.4395646305913,737.4501538661334,738.3017729156734,738.3063536681448,738.3057184034978,739.1062414248881,739.1037458406645,739.7470481459693,739.7476034511209,739.7507899659579,740.3476381961359,740.3470182729664,81.5777338952511,75.94912237737753,70.649580624314,66.81747631743657,64.14058331742905,62.965626527513855,62.86144914549626,63.8400124034451,65.91809304450675,68.89786751977135,73.1965961725303,77.62260666525586,9.02018425570086,90.00000372151304,0.6716088000637039,1.8695096868360928
2022-04-12 12:00:00-07:00,446.3805561666667,374.92035,0.2049152796886597,11.5,755.511276789064,30.523722379944942,31.502717859771238,193.59649835246597,0.0,484.18348393508245,765.6466640457088,1.0,484.18348393508245,159.04805737197287,1.1081084193950637,11.878341666666667,4.489037583333333,754.4312499917469,754.7975161935238,753.9446752298558,753.9853345762491,753.9870680212344,753.4097899444648,753.4113292086296,753.4127400804379,752.7321411768236,752.7816378377662,751.9997643583863,752.0021079785281,78.87522369426308,74.54778794157691,70.51404348127295,67.07548739126334,64.8741714152543,63.75574033933441,63.750881128871264,65.2339011667264,67.75144658724682,71.22210809973613,75.98009751027247,82.07318585885,8.19842882839122,270.0,0.6786991040541996,1.8673627154198054
2022-04-12 13:00:00-07:00,343.43557400000003,372.73355,0.208807917832768,12.5,648.3768479016431,27.773329042089376,36.62036059179554,218.6323345133759,0.0,410.53375019394355,697.7595625299116,1.0,410.53375019394355,146.32768757467954,1.35276076503298,12.196799611111112,4.906387733333333,668.2902476525956,668.954793198327,669.7572273368554,670.6187484421364,672.2198256718298,673.020085886547,674.9331758767726,676.8350134061304,678.1839641841677,680.1182965694685,681.8121502956983,683.6418108650882,75.731121693395,70.22595354621669,66.72557626780869,63.12873610723967,61.90425019679836,60.9480174544634,61.97604436467297,62.22068949879725,64.45689328915839,66.23246759735896,69.93800701349882,73.661187173038,24.89156743485857,269.9999987925817,0.5395488431627685,1.9500368862973976
2022-04-12 14:00:00-07:00,934.336441,136.61131666666668,0.2135477850027955,13.5,794.9742296118158,22.592535549984564,45.20021665913659,237.21986061068543,0.0,437.7033671957856,1053.7698853230506,1.0,437.7033671957856,175.2968329495808,1.6717247207980899,13.577328944444444,4.599680983333333,1031.8955957042492,1028.9788721202078,1026.0240268503198,1023.0056700172254,1019.2481828301677,1016.0853669002099,1015.9041013519609,1015.4560394943777,1015.6974506312557,1015.318691661658,1014.8517837272644,1015.1750567373151,67.40165503122297,62.68538356911363,59.632106457748826,57.276712796539805,57.49675596820893,56.88037427493502,56.1919788020134,59.10762891085019,65.57995419738492,72.09960154139114,80.10730029561564,89.26973214674204,40.25295024539178,270.0,0.42691836061603894,2.093943658262323
2022-04-12 15:00:00-07:00,936.2384333333332,104.35151333333332,0.2265505625163241,14.5,633.6900981616163,16.05889376504698,55.57071571956375,251.0348346629541,0.0,274.3647527150812,1075.724768913364,1.0,274.3647527150812,146.45334892976396,2.2059851227074616,12.7194575,4.379796516666667,1049.2307287906135,1045.8371204075813,1042.386084070499,1035.2021268200142,1031.7794691345416,1031.4723331830037,1031.5463135923098,1030.9944541323637,1030.297713854254,1030.3851888975323,1030.026538978314,1029.645079824076,52.143916662868456,49.40588258149742,47.1281658022665,44.729494538813285,43.71323065735065,43.60315864065225,47.03020145921859,52.299064158757794,56.89807081582121,64.08541793349693,70.93898854721606,78.24426331045268,50.0,270.0,0.366977778440511,2.214355247456318
2022-04-12 16:00:00-07:00,847.7068999999999,92.02549,0.2409004877593733,15.5,426.3485196482897,18.036667195623625,66.7723658083114,262.1479153292472,0.0,95.23937796802012,979.7920005088732,1.0,95.23937796802012,108.55452659334702,2.857142857142857,9.603449233333333,7.472230816666666,958.8641416704805,956.1040386025747,953.3330124408495,947.6999660131082,944.910886203434,944.2014637344294,943.8852993861974,943.1287506724248,942.4476925204057,942.0808517251061,941.4052843424048,940.6155181022634,38.57297210882426,37.15549011556923,35.898423970437776,34.535140983582096,33.50845722393872,32.440123201588,33.13757022060428,33.64066994999332,33.47585365912387,32.48917169686568,30.481405874795275,27.670920139846178,50.0,270.0,0.366977778440511,2.214355247456318
2022-04-12 17:00:00-07:00,639.1313666666666,127.50665666666669,0.2233032489310509,16.5,257.4378965221652,54.49045827430365,78.27038078510382,271.9712114085604,0.0,67.04917394458195,546.0412986632491,1.0,67.04917394458195,60.39777406897941,2.857142857142857,6.732329894444445,7.12003795,526.0880984179856,525.6196361065879,525.161405929045,524.9748686798234,524.6853873300713,524.1451317557761,523.6246622409537,523.0439629136122,522.6710341259804,522.2540142757189,521.401715856392,520.9411209355208,16.33609194180752,16.024901655113013,15.411756696713402,15.201233134425127,14.638297555744762,14.465142320853158,13.964040750258278,13.871826625693753,13.51467994268995,13.521181573726663,13.349057888131474,13.565241560061336,23.796378557027495,270.0,0.5482562677445798,1.942157684594901
2022-04-12 18:00:00-07:00,84.57233096666667,31.65199965,0.220863213080093,17.5,35.71145172881272,82.11748920666176,87.24875884578415,279.3956663746048,1.165734175856413e-15,16.469629049956616,46.73024526238768,1.0,16.469629049956616,8.012385658705304,2.857142857142857,3.6832630388888887,5.9491006,35.910267289511665,35.910267940596476,35.91629449313101,35.89621640933576,35.89621671649234,35.89621661117922,35.896216122780245,35.898338379643064,35.878258164895435,35.878259944020805,35.87826101297376,35.85434225822502,3.256160690786598,3.1849216180492124,3.124616096352431,3.073445755244763,3.0340190869556345,2.9980269480111477,2.9880838746635816,2.9941085790817548,3.016413833161795,3.054803219471877,3.1135266908098496,3.1810090915502336,5.201544437381683,270.0,0.7046702876279567,1.861260901936784
2022-04-13 05:00:00-07:00,30.967506716666666,13.861405166666666,0.196592419671989,4.5,15.139591033633081,83.2274195378813,87.63444095202817,80.05679010165079,2.3314683517128283e-16,8.885274203144093,17.492240334935637,1.0,8.885274203144093,0.02112445195456517,2.857142857142857,-9.544592288888888,2.4037615100000003,14.911097247389662,14.916963330508121,14.916963330508121,14.916963286437218,14.916963263214273,14.916963388711622,14.921357261590728,14.921357471018911,14.921357563642824,14.921357508834893,14.921110344494211,14.921110344494211,1.524304676386241,1.4919790489398272,1.4675432637636519,1.448361560726893,1.4368470926837948,1.4331927718860882,1.4376642421683408,1.4496401463459576,1.4682213957387455,1.4924339150572319,1.5213132470098218,1.5560543806813838,4.474582952293629,90.0,0.7109915778205472,1.8601908161718392
2022-04-13 06:00:00-07:00,443.6404333333333,91.349755,0.2266355594904391,5.5,178.65763161219127,55.786231635691955,78.6501800515301,87.45826192982258,0.0,45.35144177240212,384.18823563760816,1.0,45.35144177240212,44.24229442549699,2.857142857142857,-7.544088011111111,1.4328642733333334,363.71757873141615,364.28788582862865,364.55096250186824,364.8241067598914,365.0659681626281,365.8033602655326,366.4842524520489,367.16175829140303,367.30587718639,367.7855183860137,368.3984345848445,368.96272790267426,9.208902811452996,9.441495557309384,9.345496134284106,9.574891514994583,9.765214147870646,9.82931431765164,10.371339278447973,10.494779227135654,11.100844711735752,11.243478318357113,11.905861471063709,12.589797660863125,22.889946927970126,90.0,0.5555188431546847,1.9358891903776
2022-04-13 07:00:00-07:00,864.1340666666667,70.30299166666667,0.219639266831695,6.5,406.1752985431705,18.183427612699198,67.12756116924702,97.21525575470912,0.0,78.81343107363045,958.1570318287006,1.0,78.81343107363045,94.96136078595312,2.857142857142857,-4.054481378888889,1.0739951683333333,923.0467304612852,923.667917243434,924.200289121473,924.5037199473835,925.0264037524236,925.6270533657181,925.8731483002185,926.4282141919834,929.1196167977463,934.4577922504886,937.0892187434351,939.708678924525,20.19419412773337,22.439008134629358,24.163603680141154,25.199247625472672,25.54177400105652,25.403662808283876,25.010258524606712,26.368306948261814,27.66256169630296,29.188794139401278,30.616802333615134,32.156404649376405,50.0,90.0,0.366977778440511,2.214355247456318
2022-04-13 08:00:00-07:00,693.5398483333333,246.4625,0.2123720034738408,7.5,635.5405852466387,15.635364411516083,55.87479476855225,108.20773007206311,0.0,297.0334648763479,996.3744864215976,1.0,297.0334648763479,152.36682674140792,2.230958402043139,0.3694703396111111,4.6486151,940.8507500206465,942.7740698248186,944.6478028346924,945.332971447448,947.4212172940759,949.3727775325947,950.0044658819297,951.7198137559582,955.0640640063705,962.0552367279937,965.387293289452,968.6670157084651,81.30440805148018,75.95365942902765,71.09820033604589,65.97286411781542,62.99011584288743,59.486097094384796,57.4321918341285,58.137776608878525,59.522120377038384,62.02326429197234,64.40374902114546,67.12677920056835,50.0,90.0,0.366977778440511,2.214355247456318
2022-04-13 09:00:00-07:00,893.5423166666666,179.3188166666667,0.2058573163223277,8.5,806.6130563911545,22.060197213275433,45.40983559226673,121.82942528171577,0.0,446.04432677087004,1072.2869191141622,1.0,446.04432677087004,176.04272031701623,1.6852192789699552,1.7735058700000002,4.78328395,1028.7740839885905,1029.1099922457358,1029.2165985924232,1029.8499961386265,1030.1722834916814,1030.3895933899857,1031.0454085000983,1035.1722476392165,1038.7974812736034,1042.3844124144407,1046.3951465692455,1049.8092549935973,88.60235259479737,79.82361652708481,70.84440626251225,64.74550930704171,59.862617062135776,56.37468436015279,57.24277900711414,59.06960920050105,58.34868296670265,61.180129246130036,65.29013344063117,69.8921199503385,40.75688037135999,90.0,0.42357463997569006,2.0996562649631683
2022-04-13 10:00:00-07:00,227.1604955333333,245.20738333333333,0.2078958083232259,9.5,427.42702465265904,27.29018252575663,36.662890714486906,140.16265959587733,0.0,268.0772481225799,462.6073160103188,1.0,268.0772481225799,98.40802611797575,1.3628902429838097,1.576228317222222,5.824517316666667,440.2349189854226,440.7284414056107,441.4378192635882,442.52951817295695,443.18279829722565,443.6090899080245,445.4210397999026,447.04674886014743,448.69874808898,450.1614093695405,451.45525090793205,452.90165985173905,49.22708603470435,45.93044986383199,43.96750626534883,41.94941306419767,41.08241689496431,40.546322183991634,40.976179260661155,41.62799320777018,42.99141949498403,44.54750891932024,46.55726619507527,49.19703060720105,25.4941896440111,90.0,0.5347902182184766,1.954513919371529
2022-04-13 11:00:00-07:00,656.818971,243.10015,0.1993131440313675,10.5,804.408584109684,30.115678909227977,31.285949090376366,165.05678752327776,0.0,522.4003030900361,819.1813790424369,1.0,522.4003030900361,165.41385184171858,1.1175953380156851,1.911087236111111,6.228354049999999,809.0196028268488,809.0148554074981,809.8902631082926,809.8954824374273,810.7234215843237,810.7205273832202,810.6626307979452,811.3787932994178,811.3785352332005,811.3821340183614,811.9978731409205,811.9981704910404,86.92417507549378,80.42858034667424,74.29408264860515,69.83275977375267,66.68983833270498,64.85567435613382,65.03120253908047,66.107848999739,68.42286441580289,71.80809927132795,76.66283815384442,81.48335558172762,8.90558478860498,90.00000269986933,0.6725966575369208,1.8691980761443578
2022-04-13 12:00:00-07:00,373.2719300833333,404.3055333333333,0.2033672133359333,11.5,723.7303266423135,30.157056837692895,31.15809882460082,193.84364137654165,0.0,464.02024221564204,731.5289356260937,1.0,464.02024221564204,150.34896792922632,1.10855604710916,2.489836661111111,6.402372033333333,716.5640138217753,716.561882330737,717.197196752415,717.1498846067245,717.7273085811312,717.7016281691945,717.7002298232968,718.1691154046788,718.1675325877447,718.1289838369054,718.7066076942508,718.5246025346395,78.35597833443185,72.92162362376386,68.69196331793867,65.60282510873394,63.37896999857985,62.0954322930345,62.14073116674906,63.19718955570144,65.18295296611451,68.26551953689876,71.8897433278807,75.78202962235332,8.23186107031488,269.9999987925817,0.678410346517179,1.8674460924432656
2022-04-13 13:00:00-07:00,2.939823,236.84909833333333,0.2052727068002126,12.5,239.21732972292617,27.407659317545225,36.33472075139502,219.02176819173837,0.0,157.28494761464165,227.74958279639267,1.0,157.28494761464165,51.15369724374697,1.3520370507279211,0.5712270269316666,5.25100755,216.9741929747571,217.1133883113128,217.33470663621392,217.50100094825737,218.56246513705335,218.79879476360927,217.91813205222223,218.18641408524473,216.41526742136332,215.45859996869123,214.5391530069942,213.6146132777295,30.020127206240907,29.729092986350278,29.385870154358543,28.893763469478223,28.68798367138519,27.953504896230672,28.24238952755939,27.72625361368753,28.26210420864446,28.482295417260186,29.086937957601407,29.7404533407309,24.848209317587088,270.0,0.5398921259379964,1.9497186316404846
2022-04-13 14:00:00-07:00,55.62405938333333,317.41648333333336,0.2052362195482669,13.5,356.77063634400037,22.237340129031917,44.967938284125935,237.62214406463227,0.0,227.05952788386614,367.8012516681512,1.0,227.05952788386614,89.12341454327233,1.6690177440166845,1.1885222949999998,5.816914483333333,335.1784095080503,336.5676348937739,339.66283942633913,342.684440377011,343.98343566855465,346.89076375618174,348.20799850437163,348.7074919901021,350.654460637028,351.33523263006475,351.8180767387097,352.3025883964714,49.10838394286805,48.330726170204315,47.97928457391377,47.05556349084494,47.18160900180033,47.99587285470417,48.54249099472684,48.980390944010665,49.66982786842266,50.855976677483454,51.545901521112555,52.53171027971114,40.150654463918734,269.9999987925817,0.4276001824260533,2.0927912165263516
2022-04-13 15:00:00-07:00,0.5377513833333333,172.03216666666668,0.2059821668646601,14.5,172.3377403743442,15.694218747976617,55.37217238321427,251.4101416680921,0.0,115.38459601848123,148.84109758673884,1.0,115.38459601848123,49.43422040785026,2.1978874487566196,1.1317340566666665,4.180818133333333,139.5219553788143,139.99063398359462,140.46551592636308,141.30797179127697,141.80025258741344,139.62540545231974,138.61757276733593,136.39291349132426,134.1071713219634,133.04136215687697,130.70395527335978,128.33062733291084,33.85784047534987,34.264919925478274,34.650980256587694,34.94636134803644,35.30100960779173,35.64904052169694,34.713521754952524,33.83388322587465,32.934040845285814,32.23854627217299,31.57171407046404,31.08018243561567,50.0,270.0,0.366977778440511,2.214355247456318
2022-04-13 16:00:00-07:00,67.20506063333333,214.00606666666667,0.2110952600413145,15.5,240.7067697938965,17.75880277669112,66.59038028214923,262.4953825097748,0.0,126.33149378664453,319.14097937755656,1.0,126.33149378664453,67.12818967760703,2.857142857142857,1.1191540416666668,3.73661405,306.4776602204936,306.227392357185,305.97311005529207,305.34357849367717,305.0998004335747,302.84654463727077,301.80291669623625,299.498481108671,297.1464999111321,296.0394550835079,293.6344076324793,291.17374194340414,40.59487740464541,40.52084523264569,40.45660331836943,40.29146917370595,40.233386474057134,40.16190492093895,39.335058567956615,38.519465399677294,37.57021684350714,36.642521032973484,35.55538176140211,34.47446229278763,50.0,270.0,0.366977778440511,2.214355247456318
2022-04-13 17:00:00-07:00,0.4301846166666667,77.46332166666666,0.2028884287506994,16.5,77.55208851731287,53.87421993610907,78.09169933988882,272.2989721309568,0.0,47.843141844740195,82.31824065926956,1.0,47.843141844740195,15.999845496150597,2.857142857142857,0.7331721127777777,2.4019439133333336,78.15070332810856,78.58611410751949,78.68926656680095,78.79919571033369,78.93469413951019,78.63285844462546,78.77924501028954,78.9075109512785,78.62819936065199,78.34614694501536,78.02167918336664,77.71998593811806,8.928334838158413,8.900485310601125,8.9772342254449,8.717293824855902,8.691248696619509,8.578612045027414,8.5692361661133,8.50729574413716,8.569359604151575,8.5894926609743,8.900082545550879,8.868366819996076,24.240418491613557,270.0,0.5447168130319081,1.945312142265971
2022-04-13 18:00:00-07:00,0.1443833166666666,13.359125333333331,0.1921932204938394,17.5,13.366041885244519,82.13330008721367,87.25424677348549,279.8722780640322,0.0,8.56940732463831,13.257747728942448,1.0,8.56940732463831,2.492105751824486,2.857142857142857,0.0148168218555555,2.9040784000000004,12.56816384728137,12.564097322020338,12.56409683800987,12.564096031857844,12.541612723578014,12.560542580323597,12.560542801870806,12.560542850560118,12.560542712407466,12.538058445883857,12.55815341699053,12.55815312219512,1.4333659998773618,1.4028118529130722,1.37625102968245,1.3588681950160433,1.3487678312957627,1.3460388014938858,1.3505399420635378,1.3607127141079869,1.3785628333498536,1.4017304636185903,1.4290362360348503,1.4613430090369428,5.1984661950677715,269.99999758516344,0.7046970398032075,1.861256032654436
2022-04-14 05:00:00-07:00,135.10331885,11.877288366666669,0.2608976247993025,4.5,17.663840347661548,82.97092190293475,87.54523826222973,79.66132614230469,0.0,7.614696865369007,28.390745000952222,1.0,7.614696865369007,0.019548966969816832,2.857142857142857,-2.2098739833333334,1.2932240266666668,19.675621149409462,19.675179095609213,19.680205509594156,19.68020544324351,19.68020544878926,19.68020564199603,19.680205928115825,19.683970879012747,19.683970926688673,19.683970797074146,19.68397054080438,19.683689751006114,1.7329722084344126,1.6977062173164663,1.667908953262713,1.6461425985997007,1.6331067570519142,1.6286201557726294,1.6339862191744554,1.6476061872897032,1.6686914140916478,1.6961990594986802,1.7312869001441666,1.770584104561409,4.650241863597517,90.00000661330222,0.7094635226154384,1.8604346872129605
2022-04-14 06:00:00-07:00,626.2343999999999,49.45074833333333,0.232033595367684,5.5,175.63037174563158,54.852442670735726,78.37592859303395,87.21139308208446,0.0,21.129498329139263,447.0357342279873,1.0,21.129498329139263,44.73421333236,2.857142857142857,0.4982557868888889,1.5273699966666667,425.5496797180418,425.836909637734,425.96306373960704,426.08228347288673,426.2114857020512,427.1261843845703,428.0154345704674,428.8599171095123,428.8745417134798,429.6542535234553,430.4464289230668,431.1901549515056,4.425811140844701,4.769625965542493,4.832583617385693,4.819922511743792,5.242753624713627,5.407805104625579,5.870409375880458,6.099808235972339,6.575794906947344,6.85416656016914,7.589800553280611,8.07144359796108,23.555973009167005,90.00000147877934,0.5501776166533221,1.9404727635679588
2022-04-14 07:00:00-07:00,822.10195,75.66351666666667,0.2218891510508708,6.5,398.8448126035919,17.847331765776488,66.85148467414676,96.95487291433598,0.0,83.49644098021034,926.0707647155652,1.0,83.49644098021034,95.5998774373558,2.857142857142857,3.943978761111111,2.8189218083333336,890.0923408626287,890.7731789109358,891.3602614975557,891.6842703782087,892.2681384641039,892.923130858266,893.1954477676587,893.8058867188286,896.59478716096,902.1652261604335,904.9073283902328,907.6339948710852,22.124278878106256,24.466075805835015,26.21349798512473,27.17159039400507,27.439691458906463,27.173596309397357,26.693534390041222,28.041166978513026,29.339636023728406,30.904563210920017,32.3800965370312,33.979502258931156,50.0,90.0,0.366977778440511,2.214355247456318
2022-04-14 08:00:00-07:00,922.9864666666668,92.31912833333332,0.2174327173334368,7.5,613.945296839893,15.303783721358895,55.58726417005193,107.93472774051526,0.0,258.26339308729223,1050.7126229875548,1.0,258.26339308729223,135.72098040854894,2.2163672817606783,6.935591127777778,3.763858466666667,1007.8275625518447,1008.1517390182723,1008.4461343681845,1008.3755989302342,1008.9752408819089,1009.4603031187293,1009.3743849278096,1009.6137500287915,1012.8440318918623,1019.6005940721127,1022.8526587554647,1026.0537588673585,72.25100352102602,65.32077265036665,58.841022094039914,52.009759209219126,47.60970238047936,42.59370003967303,39.294907414651654,39.394984436579435,40.30761022582832,42.507189473550994,44.61956041952391,47.147627623701744,50.0,90.0,0.366977778440511,2.214355247456318
2022-04-14 09:00:00-07:00,857.5754333333333,165.33593666666667,0.2080845324744035,8.5,770.6792313242902,21.759633268650077,45.09951173980015,121.55790776162479,0.0,425.3220851799632,1024.7272741188171,1.0,425.3220851799632,169.64099801311474,1.6791905717978373,8.724445361111112,3.880305573333333,983.4211583084041,983.6493546061243,984.1822403650431,984.2379955308189,984.4737748211037,984.6154430314108,985.2308308288889,989.2101327891243,992.7435649477159,996.4159956831782,999.76213038317,1003.4130000847882,85.11475471141357,76.3082616115839,68.84283624998291,61.847868913956724,57.03383778535863,54.091116956048786,54.49421394734747,56.26670396714423,55.545732361080084,58.83579973034834,62.2717946653713,66.7687749262592,40.5329814782797,90.0,0.42505717135505444,2.0971108627841417
2022-04-14 10:00:00-07:00,957.3673666666668,142.58305,0.2018197521740129,9.5,913.9502057194578,26.961394981332152,36.32044388914713,139.9490715109007,0.0,561.3586001134697,1016.7443092201339,1.0,561.3586001134697,187.53286441990403,1.359872034757829,10.231011344444443,4.232633933333333,995.4647685824885,995.4041279419462,996.2111695837989,996.1521421277683,996.3084950752384,996.562084002702,998.0938953241161,999.8689232140689,1001.2413635932991,1002.7785047304205,1004.0854263294281,1005.6904523850103,98.32205472581474,89.73792892269198,82.33030539465717,75.6229814775919,72.04249941304217,68.94168448546242,68.82866465957295,68.72269008891926,71.1832412072582,74.08078338175102,77.71175491562354,82.14547855945858,25.315460968572715,90.00000085377364,0.5361990950969037,1.953175660696842
2022-04-14 11:00:00-07:00,546.6319986666666,291.32506666666666,0.2032749530619804,10.5,760.267739130433,29.763647333159795,30.92102894152765,165.03293532829414,0.0,493.49198074770356,773.0166162274821,1.0,493.49198074770356,159.3221261113295,1.1160922416855688,10.807358022222225,4.8382417,761.4182484259567,761.3495731455679,762.259980194032,762.2647383736157,763.0658294069034,763.0631992369997,762.7533138140351,763.6999873991848,763.6990295824123,763.3458756573483,764.2974718397179,764.2986624785301,83.98119580543921,78.00043240967855,72.79034221443348,68.2747396312791,65.40000104795364,63.907359691829726,63.93790960493366,64.96410874488818,67.12536176791787,70.28331142543509,74.37694254297342,79.28507277043909,8.793747607556162,90.0,0.6735610024424956,1.8688977870263321
2022-04-14 12:00:00-07:00,616.4502001666666,246.81451666666663,0.2008630852178755,11.5,776.2311228480798,29.793088504796273,30.81622275531093,194.09202794667348,0.0,497.1263847811357,788.9775942085002,1.0,497.1263847811357,160.69604963838054,1.1089819928961002,11.501389444444444,4.376991816666666,781.743571330695,782.2741091532888,781.2278111054231,781.2682641644527,781.7010234500774,780.6585183030669,780.6602118500638,780.9867281194958,779.994816721078,779.990176546472,779.1615212860298,779.1640819854073,77.8546772770768,73.11748040300994,68.72326860528597,65.35589570644002,62.649976478662516,61.46487478500433,61.518766727244596,62.95318923358134,66.04542326099433,69.94188744257865,75.2380445031922,81.98898407926556,8.26366944922932,270.0,0.6781356370694043,1.8675257325121652
2022-04-14 13:00:00-07:00,922.574555,145.86625,0.2038488123047505,12.5,891.7532983037822,27.04485700328402,36.0518927974826,219.41219709436555,0.0,555.1425184577954,994.7721327534975,1.0,555.1425184577954,188.05297416374776,1.3513059440527235,12.070794444444443,7.218432766666667,984.8789698097958,982.8510101239257,980.820336831916,978.9274314786514,976.7650672932058,974.6776087174467,974.5924144760643,972.4516251614308,972.4078115118044,972.02084816673,971.9236819554633,971.8065285938535,84.42342008831046,80.02080358919086,74.96661328199477,72.70937634108354,69.84107116977117,69.50717107007847,69.4860804261336,72.3285809981827,74.98703826386769,81.35894476393041,88.5656488449175,98.11601905427763,24.804366539972722,270.0,0.5402393682984821,1.9493973478988176
2022-04-14 14:00:00-07:00,884.945922,122.59141666666666,0.2107942875582576,13.5,751.1968040510735,21.88503909052401,44.73806759041255,238.02371997192367,0.0,419.71680779451293,995.6880559705023,1.0,419.71680779451293,163.5501208012824,1.666328440367176,12.464886388888887,6.606831933333334,960.2024041405375,959.7093319323512,960.2095108869285,960.4593750824513,960.2048225718147,960.5255206861489,960.6548054426596,963.9327031076011,966.8634629822378,970.121985743887,972.9468683985914,975.7271891077224,83.24845442855673,74.70044653284762,67.19922020644597,60.91413571885059,55.960256245632905,52.37519575471164,53.15910846124919,53.88371650701989,56.15426023465673,56.10265049227996,58.974768567532635,63.53337522574662,40.048622755628614,269.9999987925817,0.4282812678578651,2.09164417683346
2022-04-14 15:00:00-07:00,930.5405333333332,99.951375,0.2255613752868548,14.5,631.3508292486202,15.33257789621039,55.1754507760055,251.7837167164732,0.0,272.41553154883275,1068.0622925522955,1.0,272.41553154883275,144.58998049474363,2.189877465833933,13.415324666666669,6.0611458,1041.9153442839317,1038.5880276921425,1035.2043224206298,1028.1613834267941,1024.8086587521877,1024.5484496476736,1024.643401386447,1024.1398748094289,1023.493086889413,1023.6027409576099,1023.2944791145018,1022.9642015222001,50.94101946101889,48.26593963139107,46.049661266879205,43.713977208140065,42.75519515875203,42.69988263668234,46.140823168902315,51.41864955037032,56.028662431795944,63.21699852435465,70.07175344701113,77.37305463391651,50.0,270.0,0.366977778440511,2.214355247456318
2022-04-14 16:00:00-07:00,841.7442833333333,81.67283833333333,0.2412187223941296,15.5,418.53396789763525,17.485555437160087,66.40968433369025,262.84060705295826,0.0,92.50389834728904,955.4151228367696,1.0,92.50389834728904,107.14927041425165,2.857142857142857,12.885418,6.17709205,934.7926405761351,931.9584677711048,929.0846635729773,923.3032346595639,920.4617031240208,919.7854124287253,919.48583345012,918.7705602835074,918.1143104049343,917.7795888889534,917.1422194354666,916.38652087015,37.74173788518347,36.24583559274773,34.94402904533981,33.55328199072631,32.53463710139168,31.53806527230765,32.412231466670846,33.205760382552484,33.29513324188179,32.586281461159885,30.779069028886994,28.050434165107603,50.0,270.0,0.366977778440511,2.214355247456318
2022-04-14 17:00:00-07:00,320.339715,64.287435,0.2190778330814033,16.5,131.36064320917987,53.25656039067623,77.91389129747068,272.6241578007881,0.0,29.949361332495016,293.7833128060674,1.0,29.949361332495016,32.91008338521695,2.857142857142857,11.428694666666669,3.3581598166666664,284.1284403195347,283.47691099022535,282.7954603499627,282.1916552504172,281.48151288128577,281.37365619432813,280.60209895864284,279.8189786844204,279.6285748713674,279.45355356008895,279.061698855225,278.8494628377558,9.348980457415536,8.926879990366764,8.255048498993846,7.946504126632235,7.53098790527006,7.273609170247409,6.87303946944792,6.68056183682913,6.331210483855535,6.210636163923853,5.934612966060421,6.026930822153638,24.687959252612462,270.0,0.5411619295208716,1.9485468846257992
2022-04-14 18:00:00-07:00,26.11057843333333,14.973814583333333,0.1974393566907088,17.5,16.308077033914767,81.60473319313137,87.07088384687925,280.18746478760715,0.0,8.876195076695272,19.539134819062948,1.0,8.876195076695272,3.251982956724206,2.857142857142857,9.12180525,1.78818168,16.340019979461907,16.341553620833448,16.341552850868396,16.34825029460103,16.348251752753008,16.349788324917455,16.349789851477546,16.354712733544513,16.354319787055587,16.355853694530154,16.355853345272028,16.355853043843332,1.527917727504883,1.495796412774401,1.4701039776302856,1.451699790024324,1.4441436798170066,1.4410567126456106,1.4464558654231794,1.4590061609355822,1.4780310055404795,1.5044010744646714,1.5335507818955605,1.565477864950811,5.55442425214987,269.9999943367063,0.7016043907694034,1.861838150016041
2022-04-15 05:00:00-07:00,96.38416656666666,11.250560583333334,0.2394295603456363,4.5,15.524461385912268,82.72149742215437,87.45853696006935,79.26714190803983,0.0,4.825709962603633,25.38863550430701,1.0,4.825709962603633,3.967757032335033,2.857142857142857,9.3039291,4.584925383333333,16.498981663319817,16.498981302383065,16.498724597336736,16.473579763509115,16.525413867646638,16.525414007719917,16.525414179179162,16.52541428283113,16.493570219922518,16.545404186364475,16.54540401104005,16.54540381541553,1.0228502705203826,1.0014423472450904,0.9841223316723747,0.9714925689454543,0.9633848378295211,0.9614224471552439,0.9645557002517489,0.9724792651998774,0.9847194541079428,1.001888937452357,1.034996602369573,1.0563611358670564,4.821902481208728,90.0000020913098,0.7079706165278004,1.860682058265256
2022-04-15 06:00:00-07:00,620.5279166666667,47.81330333333334,0.2381501951522207,5.5,175.71880398896946,53.919252657764275,78.10471360922672,86.96518679769082,0.0,21.932397580709438,445.78366406225666,1.0,21.932397580709438,46.48739496775449,2.857142857142857,10.632984472222224,5.393343516666667,424.73306402702053,424.8689711387638,425.01795794964994,425.14493800661756,425.27126640196474,426.34126072360397,427.35969060200483,427.4147183312643,428.35337551136524,429.26256219767816,430.13171948908234,431.0595371902509,4.682409542142161,4.688468260931738,5.144318767301222,5.132266263945058,5.755606099734475,5.787675435262121,6.49441763614517,6.553710185667591,7.314523716283514,7.621969041159836,8.20345298989108,9.055145892734112,24.225391407612555,90.00000120741828,0.5448363939658397,1.9452044935259736
2022-04-15 07:00:00-07:00,828.21285,73.60180166666667,0.2274077292904793,6.5,402.80765360963204,17.51541735401392,66.5786759762796,96.69462146758332,0.0,86.65052671403365,931.2187146773821,1.0,86.65052671403365,97.69123130979001,2.857142857142857,12.67368011111111,5.506743366666667,895.2002400137808,895.8626923063745,896.4168268621802,896.7117521208845,897.283873426646,897.9112779010845,898.1747008531345,898.7662619972913,901.4735933504596,906.97076756827,909.7040221705379,912.3995045580662,25.026226451481563,27.528649547515027,29.17899379724366,29.820662124641505,29.722402647253556,28.97921613108649,28.160129517742355,29.154369078373367,30.170965579622816,31.528033583292682,32.80919224585383,34.27095976671164,50.0,90.0,0.366977778440511,2.214355247456318
2022-04-15 08:00:00-07:00,901.05245,96.13950833333334,0.2200667386845412,7.5,609.0483588672843,14.975878176128102,55.30323744801496,107.66102165994249,0.0,262.5848654184069,1035.3919288057798,1.0,262.5848654184069,136.93982915219925,2.2021461962161797,14.513125888888888,5.077740950000001,992.0927911949544,992.4103505629813,992.7070394309637,992.6071938590145,993.2227172093245,993.7031684357642,993.6170250101098,993.8678058558559,997.1638182443239,1004.0678403452065,1007.3875409602908,1010.6521489802365,72.86921452854477,65.99125717100634,59.533390281372306,52.76160286247191,48.41851295434585,43.446758160442506,40.20565621964702,40.37183739712976,41.391791085270064,43.71082700203016,45.92048880385094,48.564828647666154,50.0,90.0,0.366977778440511,2.214355247456318
2022-04-15 09:00:00-07:00,917.04065,119.99811666666666,0.2088667041438622,8.5,770.7842518238119,21.46054816575115,44.79282397093057,121.28436855608487,0.0,423.1022059374576,1026.0280645816504,1.0,423.1022059374576,165.4909393402226,1.6733105282766214,10.528989055555554,3.478021033333333,989.9042265402486,989.8968147540089,990.2273606205858,990.1523388415966,990.1962992381981,990.5269659535284,990.6472675524121,993.638264567396,997.1442310160708,999.999247835172,1002.7930586350692,1005.8788870819805,84.4731584158919,75.46644067012804,67.74037784414921,61.437570372161744,55.2222438413032,52.37325300689012,52.97398207272634,53.51615424253461,52.66544768871241,55.460683735282394,58.354622989932594,62.371707725676735,40.312688281828954,90.0,0.4265206708495697,2.094617779227678
2022-04-15 10:00:00-07:00,812.6019789999999,164.60228333333333,0.203688725129572,9.5,822.1657537963015,26.634525533289146,35.981443318963194,139.7320488037903,0.0,512.48946383476,918.5622940800406,1.0,512.48946383476,175.19209764053872,1.3569241874302462,11.550193138888888,2.876883816666667,894.6081520985188,894.8484586376976,894.9991743882578,895.198711607475,895.3248611705149,895.5547173378873,897.823173435801,900.3026086351119,902.3713594081822,904.5625221004092,906.4940820912581,908.5910638375394,90.70282217434588,82.02014720576638,75.88320899231036,69.92117930616544,67.33364445932827,64.64262427841429,65.30574646513038,65.35721715947629,68.32616254051703,70.72187144743047,75.4720149121462,80.09804932309272,25.1402188716337,90.0,0.5375825081148062,1.9518720487298085
2022-04-15 11:00:00-07:00,842.5526718333333,158.62539999999998,0.2000446858118958,10.5,884.1524029640126,29.41402499147732,30.559028916920624,165.00671185616557,0.0,574.3865691392912,898.8364118535532,1.0,574.3865691392912,180.53923564956537,1.1146280028679252,14.359751166666666,3.1122333,891.0295017737295,890.850142681724,891.6950140849611,891.7008136490947,892.3567718058601,892.2915129515179,892.013143842408,892.8551810670895,892.8530188051608,892.4969634873696,893.3449437963982,893.3475427233178,95.47532524952376,88.06557489176832,81.58796970793101,75.94921482374752,72.32515556336332,70.37840219934492,69.90780311381266,71.38804035789192,73.98303824093978,77.83222814326254,82.60121873491562,88.66367080897672,8.684723453545258,90.00000295755866,0.6745013716654121,1.8686086753977933
2022-04-15 12:00:00-07:00,920.1686333333332,166.14710000000002,0.2005143543211818,11.5,959.1773796243468,29.431910531417167,30.477154402904404,194.3414774341622,0.0,614.1078920414517,973.582762192462,1.0,614.1078920414517,195.82942459618923,1.1093855787281421,17.495071722222225,5.4189068166666665,965.4352998585543,965.4320313021863,966.0940748607288,966.1000279159603,966.8846137739943,966.6082482275251,966.6060817266371,967.4530512100181,967.0916888295936,967.042100582953,967.893919631777,967.4561987590374,100.50848162943352,91.8512804962886,85.04814461700899,79.90378886892024,75.89073799301636,74.02728779609988,73.93001044399969,75.4123201099024,78.672461684144,82.9595322502161,88.52962666044405,94.57554561527145,8.293799547807478,269.9999960875176,0.6778754423243099,1.867601451884672
2022-04-15 13:00:00-07:00,977.6869833333332,133.36206666666666,0.2052186298981496,12.5,926.6089733979583,26.685025782090342,35.771902033866525,219.80340750643077,0.0,577.3303046794114,1027.2151053806476,1.0,577.3303046794114,192.81779268968393,1.3505664958941763,18.257743666666663,5.961052983333333,1016.5212302289256,1015.0212309446786,1013.5499267791374,1012.3256279095111,1010.7971935721331,1010.8257009362192,1009.1583496749695,1007.6813552257698,1007.5926841014477,1007.0841807341568,1006.9308907533564,1006.7528227200374,85.98059964544876,81.828704374655,77.11645742468424,74.76099050600159,72.29821133202543,71.99740344396764,72.3689351956896,75.33144306223527,79.37196998811997,85.06576100133333,92.93594138573808,102.80769058882312,24.75998156921864,270.0,0.5405910300306643,1.9490726323333838
2022-04-15 14:00:00-07:00,958.6752833333334,113.87223333333333,0.2141761653206964,13.5,797.5234918592191,21.535743274903997,44.51059942018908,238.42438925155125,0.0,446.64732824146813,1047.516385116112,1.0,446.64732824146813,172.16711360271577,1.6636553045687812,18.824178333333336,5.06525345,1026.6822734558314,1024.3974714155795,1022.1704223414201,1019.4933335302927,1017.1904427287867,1014.4822795603208,1014.2899791375745,1013.8629051407657,1013.5854156939428,1013.2009988162612,1013.1211991712903,1012.9813765620107,65.24612123980911,61.74634254245354,58.89038641979335,58.9600713007005,57.650611783682045,57.52220153101918,57.29945692401046,61.09497768537097,66.34280399495407,73.04165876067215,81.01238281447378,91.30683965087573,39.946803694326746,270.0,0.4289619508732348,2.090501947686857
2022-04-15 15:00:00-07:00,819.27425,139.6521,0.2265455634180118,14.5,609.7964889761107,14.974091038789487,54.98053361288337,252.1553967453626,0.0,268.67106194021625,1014.0632577961246,1.0,268.67106194021625,146.38841813552722,2.1819516886819765,18.48492288888889,5.662238883333333,987.7428251123889,983.981000786809,980.1510753245503,972.1841353938969,968.3266415455535,967.8167381308681,967.7873519907595,967.0636087116701,966.1722251000822,966.1777613992685,965.6033236266338,965.020402887662,55.170583414031725,51.87697828053815,48.998892247981644,46.026222909276356,44.30999323069462,43.45999690559767,46.333838739491874,50.94046570549939,54.963733762035226,61.53213171260639,67.92124006218856,74.8681635862349,50.0,270.0,0.366977778440511,2.214355247456318
2022-04-15 16:00:00-07:00,370.3623309,142.03571833333334,0.2278985540758232,15.5,291.31470078272355,17.217001352253153,66.23026091848581,263.18345336979775,0.0,96.92346005224191,572.0826870616461,1.0,96.92346005224191,82.72115059166526,2.857142857142857,15.871942166666663,3.27751055,556.6537920816031,554.1759727945933,551.6617356833374,546.5137962834382,543.9734717113591,542.7337470126897,542.1652447515835,540.8824906006187,539.6018421294867,538.9940676256729,537.7024009057785,536.3357738464223,39.57788552429823,37.84847079779571,36.23122749022186,34.54623185919469,33.11503790401242,31.722180298921614,31.836425962495344,31.95564396959147,31.682475061534944,31.078651482181854,29.875665399420857,28.20312060207719,50.0,270.0,0.366977778440511,2.214355247456318
2022-04-15 17:00:00-07:00,273.30031985,81.88385333333333,0.2203534247731833,16.5,139.93292258049473,52.63733864896641,77.73694698830464,272.94664982287634,0.0,42.268729885672315,281.22447544864906,1.0,42.268729885672315,34.06950635847802,2.857142857142857,13.820786777777778,2.8897012166666665,267.2749323149803,267.85733671830195,268.12548831500806,268.4064097867059,268.65931685222324,268.92207336935155,269.4568245851612,269.9942329092199,270.4857558056439,270.9791307426627,271.4334924303108,271.8873956481888,8.543137276487391,8.410986438869587,8.64115074334699,8.622146298424145,8.981441842471677,9.039067616401127,9.489604149895882,9.592985320422606,10.085016651117645,10.21862137075293,10.750962792657432,11.282315024572442,25.13918414318955,269.9999987925817,0.5375906824815082,1.9518643766047887
2022-04-15 18:00:00-07:00,0.31781665,9.494426516666666,0.1829609305173397,17.5,9.510633257182725,81.62234935460494,87.0769915717512,280.65788884185963,0.0,6.092633872804753,9.444200783263758,1.0,6.092633872804753,1.6799100197262962,2.857142857142857,11.439980166666668,3.0951977,8.926796302334797,8.926796494199714,8.926796716294737,8.943471933405757,8.943721874478024,8.929586999928649,8.929586025524598,8.946259549000937,8.9462586254328,8.932822327636144,8.932822816421893,8.94949820297805,0.9883402149244337,0.9680316242880669,0.9494900360812913,0.9327026053978271,0.9206024329544635,0.9126204507193536,0.909186921840248,0.9111414103986316,0.9194462410377372,0.9311532225896523,0.9474957508470089,0.9679270573853669,5.551173069326279,270.0,0.7016326295552446,1.861832659312533
2022-04-16 05:00:00-07:00,19.15400265,18.4521727,0.2255962519318616,4.5,19.329591970594535,82.4794431779814,87.37443808300895,78.87425784308402,7.77156117237609e-16,11.213948592643877,21.34191057295523,1.0,11.213948592643877,4.3082740361423015,2.857142857142857,-2.0772216666666665,1.2238871483333331,18.59468056064223,18.57881356971041,18.578812825922473,18.578811570271025,18.578456798013935,18.57845715643235,18.57845752663306,18.578457693230426,18.57845758799786,18.57861096502693,18.578610535825327,18.578610090537225,2.2048306690529396,2.1579309369938113,2.120029417119212,2.090255022857828,2.0746623680682665,2.070412360594842,2.077294468841933,2.094646178726548,2.12301545034676,2.158608660660166,2.200710313930933,2.247250524422112,4.9893699485371465,90.0,0.7065145410767972,1.860932006243835
2022-04-16 06:00:00-07:00,162.79750666666666,123.69689,0.2256566365722132,5.5,157.9982499331018,52.98682170388759,77.83664972445351,86.7196605498545,0.0,62.65068143306724,272.33787828271954,1.0,62.65068143306724,38.04291634138243,2.857142857142857,-0.5925736981099999,1.628319463333333,258.7408430065164,259.1428608500285,259.54016831911827,259.95621544193415,260.7240856170947,261.10028541930365,261.36841643274215,261.66170382680076,261.560142221982,261.8370719473016,262.0748896424884,262.3329324967094,12.926557350295068,12.72618177821247,12.768397167187144,12.739828124894744,12.977671827954099,13.06173788251223,13.394170936857329,13.550134478314856,13.914196652017393,14.115811347458626,14.53454205581962,14.944221322985186,24.898229135521188,90.0,0.5394961106100349,1.9500858301556951
2022-04-16 07:00:00-07:00,377.1716333333333,167.1365,0.2208837517357728,6.5,318.6840489579267,17.187858017688388,66.30924871397573,96.43452781657841,0.0,116.10454842316753,589.871168710649,1.0,116.10454842316753,85.19545268102371,2.857142857142857,0.5155382487777778,2.036498073333333,555.2177310221887,556.9988579381253,558.7006536719314,559.4960354917292,561.1759657908392,562.8465622558742,563.5926732632586,565.2126732365275,566.9109029806713,570.4242272626929,572.1269021033826,573.8050961513528,32.95269730997142,34.6885639380079,36.00292629402609,36.745602551062724,37.19921278114872,37.272621312763405,37.355262744070075,38.09035652643269,38.847652143134404,39.84590841700805,40.751837428243036,41.75025939242111,50.0,90.0,0.366977778440511,2.214355247456318
2022-04-16 08:00:00-07:00,454.9604033333333,215.2875666666667,0.2156369778438592,7.5,476.09361287237505,14.651742216760303,55.02283025139016,107.38663848512034,0.0,229.88912845808065,729.8797233341243,1.0,229.88912845808065,123.21129206013349,2.1882893714831546,1.607895591111111,1.9275103333333332,680.9264816246274,682.5436066057836,684.1267042857146,684.7052317142503,686.4488190798589,688.0742950947371,688.626196410978,690.0846586924395,693.6128433608294,700.8711981298935,704.3489192522561,707.770821726823,62.851972325681544,59.01504317706375,55.53958427463298,51.89175478196499,49.82992208323835,47.37624998697942,45.99681669695713,47.43179919870761,49.40507240182592,52.2267249849234,54.95381794074533,57.95799980519481,50.0,90.0,0.366977778440511,2.214355247456318
2022-04-16 09:00:00-07:00,554.4449999999999,213.2201,0.2076709052678906,8.5,608.746790080801,21.163002542852038,44.48989314921446,121.00880821410192,0.0,348.1592599803548,783.2156907561132,1.0,348.1592599803548,141.18210365186343,1.667577727335971,3.049604938888889,1.777912775,743.4510045444765,743.620284738946,744.7621019576939,745.8122905832713,746.0188594746314,747.0833902494677,747.5506980343953,751.4888992201802,754.7403635973379,758.2433931343804,761.3768974323822,764.4570391926641,69.57098751351825,63.677239250801236,58.60118854830121,54.164150954777305,50.97730914382441,48.78284419528491,50.37154876278296,51.918531803398345,54.5917811109317,54.98432525775294,58.12959001499996,62.468609993440836,40.09607117279998,90.0,0.42796441157781356,2.0921772898404427
2022-04-16 10:00:00-07:00,951.4004666666666,119.85421666666666,0.201296256025197,9.5,892.9936608131732,26.309646269104622,35.64601087249856,139.5115044031968,0.0,556.1926172500984,992.5218358288748,1.0,556.1926172500984,182.51368083839583,1.3540468591994739,5.403921422222222,1.8891448666666664,973.2240598504234,973.0840307447193,973.2087987704758,973.3849284468149,973.4759799820378,973.9316832080123,975.331656529363,976.8980929878217,978.2303667208366,979.7337702756856,980.9783388385508,982.4508894365445,97.17105472170628,87.7691539890825,80.52717952291341,74.06394215401194,70.629568266333,68.30908051227307,68.28297525270528,67.78937747083522,70.27410932599072,72.8658045740991,77.32585384734689,81.8076986874219,24.96852014925166,90.0,0.5389398760150842,1.950603009009369
2022-04-16 11:00:00-07:00,899.9901333333333,173.81968333333333,0.1997787523168167,10.5,951.658099520504,29.066896574558008,30.20004784756575,164.97793053485861,0.0,618.2118546110814,966.764535102697,1.0,618.2118546110814,193.75754146089946,1.1132031188875753,7.522649977777777,2.020190091666666,958.3918535295181,958.2970444928186,959.1475363085116,958.9714203760307,959.8236170395,959.753422450886,959.4803482652461,960.3283489456564,960.3260172590199,959.9729602602283,960.8272210319802,960.7771352014295,102.39960714968983,94.68323844432962,87.74934902169959,81.70975359739447,77.82406062953372,75.72298934579011,75.21779659446766,76.78888432563033,79.48242088867178,83.70253965507965,88.81683966854496,94.93723005612641,8.578563295455426,90.0,0.6754173006945755,1.8683305979868199
2022-04-16 12:00:00-07:00,446.3596033333333,400.1641333333334,0.2059074803141787,11.5,786.1726713658319,29.073616448003506,30.140954333183473,194.5917991594585,0.0,503.86795746156486,796.5809547189883,1.0,503.86795746156486,166.02660170095754,1.109765951148619,9.890530544444443,2.0565943383333334,784.9389011563426,785.2789806136177,784.502603409308,784.501701368926,784.75100092609,783.9355590537707,783.9371979005648,784.0878327583475,783.3254687002592,783.3210338330882,782.5512130475566,782.5536931069958,82.46862850417097,77.95944900523044,73.77643282764103,70.54051189856914,67.93278954680994,66.7484067122261,66.72960708763468,68.01417630319894,70.87673343810101,74.75556407024375,79.45768829713984,85.80707121064,8.322196443894413,270.0,0.6776302332664825,1.8676730660669776
2022-04-16 13:00:00-07:00,38.33353755,364.62755,0.2119945508337063,12.5,395.83751018850387,26.328266018618844,35.49476850600961,220.1951795727561,0.0,256.47989639036166,397.6830684093909,1.0,256.47989639036166,90.11531660878521,1.3498177686834247,10.066984772222222,2.183688995,374.40007462390315,375.642974452432,376.7613261671019,378.9547481941578,380.0994828332017,380.61002244813346,381.23380446007707,382.16090780843206,382.72807183362397,382.1728691170389,382.7259216488725,383.2732594430499,49.16036544015784,47.15332656021956,45.29533584647136,44.95509759599257,44.08480909533016,44.3977500122743,44.368842513347346,45.3767041097439,45.7954647007497,47.27853063995772,48.765346407629444,49.54018896285635,24.714996164362933,269.99999914622634,0.5409475772246646,1.9487440801032525
2022-04-16 14:00:00-07:00,0.67480425,231.2471,0.2120002596146556,13.5,231.730171558581,21.189559679059574,44.28552382366176,238.82395132041242,0.0,154.32297479552648,209.87292450538715,1.0,154.32297479552648,59.2295638278565,1.6609968507918778,10.4400659,1.897510675,199.5648374096949,198.67162401546503,199.09870478191664,199.40481898142616,199.8692121619764,199.04791445326927,197.88118957562392,196.51404749618902,193.95231006904066,191.26929004823873,189.99685408230428,187.23853706433417,37.39374872843728,37.58923776664614,37.700277758786235,36.693409746942564,36.848290553145134,37.76219111816949,37.78231389213039,36.82537002110504,35.95811972606855,36.07076474443938,35.53500677212075,35.39942888892296,39.84514484415082,270.0,0.4296425742908949,2.0893639311673255
2022-04-16 15:00:00-07:00,0.4176185166666666,116.54635166666668,0.2094023959936621,14.5,116.78715551702707,14.618877699015403,54.78739975056144,252.5250192361614,0.0,79.5555347219312,96.14945125612749,1.0,79.5555347219312,34.256121108060334,2.174106646709998,10.171620211111112,2.0328560166666665,89.69709276970718,90.0612209860717,90.4302451548555,91.09293845326215,91.47404727428832,89.93228823525862,89.21729960505425,87.64264573065583,86.025548128136,85.26940846753936,83.61297769558692,81.93134653047548,23.802032522156566,24.11669065389643,24.412229650556878,24.642486748632948,24.904665253834757,25.154522741397958,24.45990690806575,23.79081559633938,23.111883695979056,22.559902890095948,22.030958011898512,21.625175100378947,50.0,270.0,0.366977778440511,2.214355247456318
2022-04-16 16:00:00-07:00,95.87600545,165.36270000000002,0.2163306810344245,15.5,204.27933951151346,16.95320888999535,66.05208992778739,263.5237870480225,0.0,107.39132913497102,271.32667574864575,1.0,107.39132913497102,57.0370618589843,2.857142857142857,10.756263277777778,1.7147913316666668,260.58411626018386,260.45862971697625,260.3309690438266,259.9767119149542,259.86429479052094,257.98801519578967,257.1183171745846,255.19552592285294,253.23197607101986,252.31146771467138,250.30508490646264,248.2517666186633,34.2074905841208,34.26068803840759,34.3255371727022,34.30000265948191,34.38280790845508,34.463458575437855,33.83713499484475,33.242027606189886,32.51173713021026,31.798279091655612,30.907422016279455,29.96875614647343,50.0,270.0,0.366977778440511,2.214355247456318
2022-04-16 17:00:00-07:00,312.22868331666666,127.84914333333332,0.2230049832826345,16.5,195.1040013164157,52.01639955246542,77.5608542659402,273.26633097502497,0.0,63.599480383927215,377.80557211772094,1.0,63.599480383927215,47.488444504813984,2.857142857142857,11.982665166666669,1.6277409716666669,359.6996163416716,360.16482422219497,360.5774867979453,361.4007661202289,361.8179641467225,362.174163023342,362.8111021675836,363.3851051081923,363.9677321441796,364.1908142574224,364.75608042243346,365.26527602820823,12.940958187879895,12.949179057205802,12.97664274665434,13.205881431891978,13.24933265899543,13.73305490061665,14.02286875989744,14.454919083387075,14.777960025994377,15.270663067136267,15.943673322655087,16.26760715668735,25.59428847452084,269.99999914622634,0.5340020762261963,1.955267262783178
2022-04-16 18:00:00-07:00,0.3548952999999999,13.939971683333331,0.1998113493950352,17.5,13.959196800433514,81.09625476225216,86.89469676979871,280.9668960925284,0.0,8.9489478108047,13.847557853332397,1.0,8.9489478108047,2.7010771162763323,2.857142857142857,10.392182972222225,1.2367046216666668,13.10413814106951,13.104533653291437,13.104535684430491,13.107901486864078,13.107903336235216,13.107904144533459,13.107903260282002,13.112189196983913,13.11218704626622,13.112748581140655,13.118030228338997,13.118033870841064,1.5848673787229273,1.5523079958399,1.5208137389622505,1.4983133084318034,1.4783413591934784,1.46470936829942,1.459162651853245,1.4613898404984835,1.4715821685755162,1.4917940462900208,1.51795905970943,1.552800536555842,5.907303962938563,270.0,0.6985403305609741,1.862453151915692
2022-04-17 05:00:00-07:00,133.43536445,15.79772545,0.2569349581525914,4.5,22.53828620169064,81.701508811658,87.10443983323847,78.64049663837852,0.0,7.262684322925672,38.32265700093639,1.0,7.262684322925672,6.1440680354662325,2.857142857142857,1.8423912222222223,1.222498366666667,26.032813085569337,26.10578119638104,26.10578039897777,26.07550465552714,26.075506115125854,26.1484773239506,26.148479016100517,26.108998275270025,26.10857985688345,26.181548254521097,26.181547884374936,26.18154756051127,1.6426328882770016,1.6084352135408069,1.5810735213029086,1.5614661824826968,1.5674279796551291,1.5640733426759168,1.5698197069201134,1.5831860316772308,1.6034389729334497,1.6314434827776005,1.6625214933985866,1.6965594358464768,5.511752967716674,90.0,0.7019750329413457,1.861766340363372
2022-04-17 06:00:00-07:00,561.6428333333333,59.117595,0.2219154759623014,5.5,179.99164269056342,52.0553133764258,77.57184990412253,86.47483127896157,3.885780586188046e-16,26.151524462095487,446.0427837870692,1.0,26.151524462095487,45.06270959426065,2.857142857142857,4.866085061111111,1.811589235,426.24588438449706,426.4371618985309,426.60695543610535,426.94555574615987,427.11711779629286,427.26368212431476,428.33615524340144,429.35314497207315,430.34334574396956,431.27540041598013,432.22772187229623,433.1263119375927,5.301719740693533,5.305911294724695,5.784991519121333,5.911627517302721,5.92963568373223,6.66024090624028,7.246823695977226,7.520712342040292,8.120897212622946,8.451669748673861,9.355305243662347,9.9560701369024,25.574512222654022,90.0,0.534157735099351,1.9551182085160959
2022-04-17 07:00:00-07:00,785.9599166666667,81.0769,0.2197650416633602,6.5,400.21270152774844,16.864829378376175,66.04331478149962,96.174618462522,0.0,96.12481944103514,901.6352452604092,1.0,96.12481944103514,96.35359539965224,2.857142857142857,7.242273566666666,1.85453505,864.874076080528,865.6128742801717,866.2509514871534,866.573727669586,867.2308954811925,867.9283002725632,868.2312071814138,868.8691590840593,871.7356715204562,877.5539105017045,880.4388628420754,883.28297109527,28.39573093169513,30.856440406166822,32.26884967197118,32.5605179976344,32.18043618112652,31.115893218157186,30.09750896068344,31.030614930669156,32.05048324493461,33.47799081766379,34.835280352718684,36.38754321267068,50.0,90.0,0.366977778440511,2.214355247456318
2022-04-17 08:00:00-07:00,878.69335,98.36813666666669,0.2220509773882757,7.5,605.5499135829953,14.331466632538982,54.74615640042901,107.11160592794397,0.0,261.4029853960025,1018.6488150685195,1.0,261.4029853960025,137.69537397094786,2.1747912222302292,10.517789627777775,2.28511575,975.1838893069016,975.4725085321031,975.7569944343679,975.618138358051,976.2294079364349,976.6792682693118,976.5829953957739,976.8223491697927,980.1860100332548,987.1716549680517,990.5297190293256,993.8267569570373,71.41213491381117,64.33130338707258,57.7887826406904,51.06202289015902,46.87768386309249,42.10796354618478,39.081297378926784,39.48339484273096,40.75246105993278,43.272175517768815,45.70122413009012,48.54393923091002,50.0,90.0,0.366977778440511,2.214355247456318
2022-04-17 09:00:00-07:00,933.52995,112.06851666666668,0.2124538282269918,8.5,781.4300986188957,20.8670554439038,44.19083840873781,120.73122933538065,0.0,437.6336552371863,1025.487706285526,1.0,437.6336552371863,167.7302606227519,1.661990785257005,14.1755015,4.414142915,991.6318297200571,991.77528517536,991.8604446608824,992.2365595261922,992.9158494432342,992.9330143101417,993.1287824830787,995.823785450971,998.1193608609741,1000.7785582731581,1002.9994671888509,1005.2718012473943,88.75237448206641,78.74960502119156,71.00669799161798,64.49826409410296,59.39882700209293,55.70574793184688,55.97483066766376,56.799828639480744,57.46544247672282,57.40962730654727,60.23810009589005,63.68159464853281,39.883199381938724,90.0,0.4293876744253688,2.089789648536477
2022-04-17 10:00:00-07:00,963.2804,119.17971666666668,0.2047805245024211,9.5,905.2104289962015,25.98682903392315,35.31426710551657,139.28735166115973,0.0,563.7333055127864,1004.9019002706617,1.0,563.7333055127864,187.8161243641243,1.3512401786409483,16.6869025,5.328779316666667,985.4053375582155,985.548779624763,985.6696172110935,986.1078959180234,986.1721810873917,987.6121552860279,987.7462032263406,989.1863788889011,990.6286883202688,991.8989779481158,993.337984537001,994.8025115216473,100.12646877416216,90.43707482780206,82.72409864100415,76.24645701938228,73.15271804603844,70.2283663180793,69.85562317171924,70.12600914782247,72.53430944620055,74.83220216081308,79.4304753949466,83.5003880948371,24.800420717133573,90.0,0.5402706259233049,1.9493684586287823
2022-04-17 11:00:00-07:00,989.5675666666666,118.56635,0.2011073733458361,10.5,976.899405512158,28.72234141819813,29.844182942035946,164.94639806807731,0.0,634.6465153034795,990.4150678214646,1.0,634.6465153034795,198.30969990317624,1.1118182757029615,17.740166,7.30289695,983.4797821480861,983.4442345469312,983.9601285184106,983.8763700711792,984.3247762405175,984.1760339663707,984.1737825832929,984.6876596393026,984.4842063647741,984.4864959888394,984.9528362644841,984.955332748575,105.60442074371409,97.36135663147437,90.29564571610737,84.49692617889731,79.96421276555289,77.74105815346753,77.32934097633128,78.52600512288659,81.50377459984644,85.89048974312715,91.18808360803536,97.55126564635923,8.475317502555486,90.00000319452846,0.6763083307774934,1.8680634106124976
2022-04-17 12:00:00-07:00,996.6396833333332,119.19425,0.2018254691156271,11.5,983.9773387757962,28.71829439083804,29.807679875870306,194.84279346015688,0.0,629.9775118103368,997.209777170889,1.0,629.9775118103368,200.4129525668639,1.1101224661958013,18.39061427777778,7.279166416666666,991.5222698943489,991.772712439469,991.3061340112636,991.3046821625096,991.5078609892215,990.9941316174182,990.9963921874376,991.1448040713988,990.6957563390022,990.7792211875218,990.2637213874306,990.2989048130264,97.5149483937755,90.93099889680089,85.40907917011234,80.75686471967198,77.50013131386268,75.97009120464487,76.06598812688875,77.98800044551746,82.15804997584912,87.70505542706692,94.60862839599459,103.57110560481664,8.348805750771433,270.0,0.6774004762908763,1.8677403927084728
2022-04-17 13:00:00-07:00,987.52455,109.1128,0.2060456840453505,12.5,915.8596449604703,25.97467763221775,35.220508171351796,220.58728794244908,0.0,570.1017727784421,1016.365395453143,1.0,570.1017727784421,190.6359821285906,1.3490588056773816,17.8201625,7.981988833333333,1006.4596270108979,1005.0326586761536,1003.6451777981282,1002.4516640957249,1001.0029359658806,1001.0711894615588,999.4949887608938,998.0989541056211,997.7993005449154,997.9256230963705,997.5862612197554,997.4722061336565,84.40722581021747,80.26458526010613,75.90893763780343,72.87036929161177,70.87051314780228,70.6298035929732,71.03343397939368,74.0800475835975,78.18386513142292,83.94626322034519,91.88721290893216,101.79475670717324,24.6693525686011,270.0,0.5413094728469362,1.9484112930898057
2022-04-17 14:00:00-07:00,963.27805,100.71572666666668,0.215065555965215,13.5,792.9057987746074,20.846595759301223,44.0628273527101,239.22220436194323,0.0,443.08602658777505,1041.318272004225,1.0,443.08602658777505,170.59541712029016,1.6583515877815602,17.319111444444445,7.950370316666667,1021.0981295950023,1019.0788084120449,1016.4829094330136,1014.3067010480518,1012.1327399471729,1009.9306260266923,1009.4361508588813,1009.0235211326061,1008.877972698718,1008.985480348497,1008.5712153021287,1008.5410069530225,63.641518470362016,60.27608188676793,58.081409717632596,57.6263040497483,56.71596385843806,56.378701977258096,57.09135226745871,60.1545113107333,65.49368721180218,72.04313326076505,81.46780500823431,90.71311646192794,39.743594035766904,270.0,0.4303234812528871,2.088229537290153
2022-04-17 15:00:00-07:00,917.8279333333334,89.390845,0.228436741416333,14.5,621.1231822568141,14.267057930795048,54.59602551857499,252.89242222091522,0.0,269.4624685485181,1035.3387654952376,1.0,269.4624685485181,142.52141717066814,2.1663389559573702,16.949285444444445,5.9836064,1009.55232231964,1006.6153137804102,1003.6222015483191,997.371852672868,994.3947240742857,994.0938286548239,994.1723274841238,993.6505085324931,992.9582916566198,993.0800004549209,992.7284597578885,992.3718186783848,49.46183412882805,46.975639581234184,44.91289518739331,42.74284012096583,41.875009709873346,41.90493964500184,45.047502072352216,50.01531361808639,54.36924084748327,61.389680452121794,68.21754334191033,75.6144566243919,50.0,270.0,0.366977778440511,2.214355247456318
2022-04-17 16:00:00-07:00,805.6931666666667,79.88096,0.2450980232995492,15.5,409.18897812555304,16.694239550092682,65.87514953038878,263.8614747363041,0.0,97.14369055131773,921.9145824636756,1.0,97.14369055131773,106.23594025623416,2.857142857142857,15.783893888888889,5.440573016666666,901.6150545193656,898.7924564694996,895.9296948938028,890.1703496376546,887.3478010446648,886.7304487838934,886.4394490165839,885.7573317105058,885.1240868133876,884.8133851325857,884.2053169301873,883.4836940071337,38.39420323503259,37.03714242114396,35.896697498860334,34.66740449760351,33.89965215155335,33.22400287499007,34.44155770607635,35.713116341002106,36.19671169542396,35.90792856417308,34.329845868122796,31.545131258439163,50.0,270.0,0.366977778440511,2.214355247456318
2022-04-17 17:00:00-07:00,451.7730116666666,52.80984333333333,0.2194607795881418,16.5,151.47187891177322,51.39357803380458,77.38559985815805,273.58308525281916,0.0,22.31732563517473,375.2940777955922,1.0,22.31732563517473,38.38097551380231,2.857142857142857,13.115692555555556,3.0856233333333334,364.90781321582546,364.0334024579286,363.1196103924674,362.1793563719047,361.1906733142018,360.17588670705584,359.1220306936804,358.978980577423,358.84219570177265,358.68848679849583,358.3804670227495,358.2278338500541,9.213971471092455,8.326532019273293,7.473366491594231,7.402417345298071,6.5916260024924505,5.987805331144118,5.779093125409295,5.079665960000353,5.06258793996975,4.444793308598645,4.483879784463172,4.552397193994483,26.053476975799683,270.0,0.5303950777393656,1.9587583556761397
2022-04-17 18:00:00-07:00,1.2186612666666667,11.781248633333332,0.1690094364235245,17.5,11.847123265289472,81.11552843315987,86.90137122300276,281.4306644667502,0.0,7.563098501708767,11.842039605455307,1.0,7.563098501708767,1.9267247084434689,2.857142857142857,11.463726333333334,3.849774085,11.157233665881979,11.157516408719774,11.157517860844532,11.160522630287877,11.160523948867574,11.160524521190023,11.160523883967315,11.164350998401956,11.1643494649199,11.164750889817022,11.185066865934385,11.1694684975419,1.1320973757302044,1.1072511466683754,1.0861973134247984,1.070613405102577,1.0563361325558596,1.0465044412786138,1.0425396480019111,1.0441322251505631,1.0514187898663312,1.0657996456423051,1.0845042259536852,1.1097615537214602,5.904005572594132,270.0,0.6985689616810732,1.862447228726934
2022-04-18 05:00:00-07:00,85.75457031666666,16.686829916666667,0.2257008481417838,4.5,21.135851694283307,81.47557215206184,87.02610995119323,78.25015203860131,0.0,8.027108720608265,32.54076898776265,1.0,8.027108720608265,5.021873508323113,2.857142857142857,-2.1468803055555554,0.5489707455,23.39509484720628,23.432728175110352,23.432727326370028,23.432727041122142,23.41531466759909,23.463777805144097,23.46377918591851,23.463778937175235,23.439669021946244,23.48772469555408,23.48772433334109,23.487724031310783,1.5899370612746282,1.5567216516076336,1.5301769699126015,1.5236941443755008,1.511795349190441,1.509499461137803,1.5150962034688724,1.5280752929437924,1.5490987633732163,1.574952631172792,1.6049983165907507,1.6580815334059162,5.6703425379943795,90.0,0.70059766228045,1.8620360105623637
2022-04-18 06:00:00-07:00,522.8762666666667,64.14702166666667,0.235591854710256,5.5,179.00656858019664,51.12489513327061,77.31042541621673,86.23071713327926,0.0,28.988095974618542,435.52676278671777,1.0,28.988095974618542,47.66893446367673,2.857142857142857,0.7711943173333332,0.8705555816666667,416.00396901951865,416.2009197586352,416.4132934412862,416.79907545471525,416.9751551003092,417.1608476857258,418.2991707890112,419.4116859112421,420.4652501496864,421.49689716549244,422.4711396608259,423.47832045457585,6.25849208406788,6.18262919995792,6.227842277286683,6.791394512927484,6.957991627225944,7.579881288566558,7.836447783551167,8.488201746242991,9.383742471636431,9.74767240925205,10.421310888297388,11.397564400804027,26.25426540777444,90.0,0.5288222714740313,1.9603030444581329
2022-04-18 07:00:00-07:00,757.3447833333333,90.364875,0.2256246846291049,6.5,401.047192842641,16.54650964480111,65.7809843028915,95.91492189059682,0.0,96.8573885905902,894.8066706502561,1.0,96.8573885905902,98.24599412730164,2.857142857142857,2.892806683333333,1.1433171683333332,857.8817078222863,858.6353864041487,859.2909576486896,859.604264310805,860.2906694767033,861.0010330090765,861.3114295756274,861.9493984891457,864.7478321680154,870.4568567186045,873.2890116388778,876.0742137625159,30.532409717663185,32.8866501508933,34.058060554770776,34.03144945749331,33.3801591647371,32.02738839883598,30.827934768838748,31.543375517547254,32.38861503401229,33.71559135429838,34.972169438888976,36.45577953571329,50.0,90.0,0.366977778440511,2.214355247456318
2022-04-18 08:00:00-07:00,871.5242,103.64920833333332,0.2175289489230438,7.5,610.076125353892,14.015140007976239,54.47332794613318,106.83595491009174,0.0,264.18113580269437,1018.5471976889721,1.0,264.18113580269437,137.28889315655672,2.1616463374995236,4.21220505,1.7229035566666666,974.3623073339636,974.7083350243169,975.0493459296043,974.9417174499536,975.6019900734519,976.1023126999564,976.0349488680406,976.3272458141233,979.7936013359107,986.9757898170718,990.4298656483745,993.8216618761871,70.81242697868272,63.87815432562356,57.476024671999724,50.89416904404145,46.811491281080215,42.15436452451152,39.20874839581822,39.74354834425623,41.131899272196826,43.751333579289316,46.28304118006671,49.223052581193926,50.0,90.0,0.366977778440511,2.214355247456318
2022-04-18 09:00:00-07:00,934.18155,110.55633333333334,0.210678196466759,8.5,783.7296248578053,20.572765989781725,43.895777403536556,120.4516391743373,0.0,438.751682804473,1025.7094736149952,1.0,438.751682804473,166.79788729880968,1.656548345618107,5.758749927777777,1.9229719533333332,992.31451844563,992.4478639127221,992.9514477943827,992.8910794661904,993.1360116710348,993.1494544620707,994.1418480659808,996.4579430664427,998.7349872306339,1001.207867542252,1003.7233386676344,1005.8375575563996,88.16975094893948,79.31539150834922,71.31382956973539,64.01285249045424,58.926142683217876,56.01879195635419,55.19573306256446,55.95216865114071,56.99142350300965,57.4854508206846,59.76640308915465,63.15990254501658,39.674140566608806,90.0,0.43078975118391805,2.0874550839496617
2022-04-18 10:00:00-07:00,963.56705,116.22595,0.2043976538613881,9.5,905.6656900455009,25.666145216597744,34.98633188149622,139.05950746165723,0.0,563.932000971623,1004.232237342422,1.0,563.932000971623,187.44945506078002,1.348504273484475,7.148993211111111,1.9769970883333332,985.1336746796557,985.271059123299,985.6438161668658,985.5414775454102,985.8522836069774,987.2830228073499,988.885138916981,988.8343074838554,990.3083656606885,991.5199897101548,992.9293148511739,994.3771068862993,99.92686876823642,90.25288723172658,82.52192188805927,76.91265220533914,72.93357313293949,69.97436684790539,69.618152751273,69.87790220219424,71.85732188533679,74.85455225657392,79.17230375773731,83.25362274304464,24.635974892983217,90.0,0.5415741991821583,1.948168301825842
2022-04-18 11:00:00-07:00,962.7113333333332,125.11385,0.2013309222858611,10.5,963.0852056629467,28.38044183626595,29.491530961202493,164.9119171266248,0.0,616.6195846903287,976.0824220618783,1.0,616.6195846903287,195.7497395930433,1.110473961600707,8.998964933333333,2.431400995,969.1215810382133,969.0905709255469,969.6033777189281,969.5237124244896,969.9713546982103,969.8267883168395,969.8245780481745,970.3355155655696,970.1360511486166,970.1377260908145,970.60257044827,970.355569339058,101.16162661388238,92.4382641307676,85.72423869868541,80.32821239411713,76.24852729572636,74.4098472901115,74.32076818568697,75.81359960455374,78.98975298823822,83.52249466220141,88.89499310128954,95.3045865758862,8.375034771456873,90.00000269986933,0.6771740182052767,1.8678069660004513
2022-04-18 12:00:00-07:00,958.9876166666668,126.7004,0.2029126002830441,11.5,961.5470465702244,28.366033635615153,29.47738673281531,195.09425310026384,0.0,615.6383775530542,974.5147328681737,1.0,615.6383775530542,196.95649160859082,1.110454409333443,10.38965775,2.022417915,967.5109818527164,967.4810369855654,967.993409210799,967.9147814549108,968.3615946542661,968.2179453107286,968.2157230668178,968.7262225703475,968.5275996763258,968.5292696675912,968.9933857706263,968.7471817602931,101.79944085111089,93.02807202468627,86.27677820952508,80.85134640947172,76.74955191532126,74.90090982412316,74.81185244495708,76.31348982897241,79.50710647052011,84.06530162439633,89.46806407951188,95.91348760436978,8.373575013163988,269.9999959954466,0.6771866211752697,1.8678032554607527
2022-04-18 13:00:00-07:00,934.89235,128.68728333333334,0.2080543505805625,12.5,894.982010202102,25.62435760260038,34.949134724483756,220.97950224890818,0.0,557.5848361143492,991.4741804242874,1.0,557.5848361143492,188.83870928185456,1.3482887358432418,12.089082666666666,1.9855078916666664,981.3254860335651,979.8497915648668,978.4133607179092,977.1947583397543,975.6902245460966,975.7175664722369,974.0828223019764,972.6190084860158,972.2809510715277,972.3558934089571,971.9244826392238,971.7546791705347,84.19146712120137,80.10006428516964,75.74954145861909,72.72556579483556,70.73466134820445,70.44533297837607,70.78081298744837,73.70941109533743,77.667703823179,84.20830208713635,90.9542128009195,100.61214483264037,24.62299513427859,270.0,0.5416771638617311,1.948073891786965
2022-04-18 14:00:00-07:00,890.6773333333333,126.95511666666668,0.2175159194224257,13.5,769.3531889631114,20.506956404685344,43.84249495778596,239.61894525558407,0.0,422.728231507331,1014.0650151999611,1.0,422.728231507331,172.02409789429402,1.6557181218712507,13.524328666666666,1.886585005,977.3461348783121,977.3712821899123,977.7640254427938,977.655699971992,977.7935329477621,977.764003596944,978.6712962632828,981.6753412720602,984.629462331324,987.676018707286,990.8229371236766,993.5549843598758,85.65016892089399,76.41164746223217,68.30472109946466,61.04266336562067,56.115722165077976,53.41976879039787,53.45002834153156,54.961346214483314,56.76670827500947,57.44176348751346,60.480015073414236,64.61477741403448,39.642101123537515,269.9999987925817,0.43100500338546777,2.087098203541796
2022-04-18 15:00:00-07:00,825.7945833333334,116.57175,0.2307037763730846,14.5,597.2108973151821,13.918753618047516,54.40638661447297,253.25744393704312,0.0,261.4706289517471,989.8031204265583,1.0,261.4706289517471,143.87989811135668,2.1586454164483135,14.373068722222222,2.0487123433333334,963.9301731142842,960.3605386257797,956.7256618435997,949.1618872976961,945.5091217701738,945.1024965086912,945.123182904746,944.503236439019,943.7170921688397,943.7758891684794,943.3122701680996,942.8418691963361,52.89741806273648,49.792030286882074,47.10287052723122,44.31807296881605,42.79467786746568,42.14164431890812,45.08918048721706,49.78329369519288,53.889241464468306,60.55468589597693,67.03747380111028,74.0749339728343,50.0,270.0,0.366977778440511,2.214355247456318
2022-04-18 16:00:00-07:00,699.00525,97.53925666666667,0.2473256991947408,15.5,385.1964244687345,16.44014951564077,65.69941805360995,264.19638370425844,0.0,96.67897602980074,849.064979442266,1.0,96.67897602980074,103.57086558048594,2.857142857142857,15.120313777777778,1.34033433,829.3888749197773,826.5026024257645,823.5676513186871,817.6432684817411,814.7420179004818,814.0381768031418,813.7005315677901,812.922333561059,812.1671096597071,811.8252441352391,811.1008450931497,810.2747458216761,39.03539254660555,37.49165385200108,36.1808560089615,34.790164138773946,33.90157138789641,33.146145404433085,34.35663986241722,35.72840059975614,36.373500413318084,36.38636632146097,35.1636098880967,32.73147977391849,50.0,270.0,0.366977778440511,2.214355247456318
2022-04-18 17:00:00-07:00,443.13751,67.13118833333333,0.2290493315046076,16.5,165.2233824608046,50.76870515946015,77.21117123988515,273.8967974227358,0.0,30.76476095925316,390.9328929487298,1.0,30.76476095925316,43.81107761302698,2.857142857142857,14.579003055555557,1.0849210016666668,380.223007425684,379.21618925727336,378.18232942794316,377.1656948610921,376.0939077899003,374.96236754111925,373.8045077110283,373.62729226851764,373.207745138579,373.00997234419117,372.7850565268863,372.33750908537235,11.708531247393612,10.722899845479137,10.041658075266715,9.65815064067225,8.99140322122269,8.092966360461245,7.827263714049419,7.197696175497961,7.02324062303297,6.439014563935753,6.385916854783514,6.483276022800097,26.516959677630137,270.0,0.52676865194416,1.9623406102856593
2022-04-18 18:00:00-07:00,72.7134925,17.385459883333333,0.2005047526807545,17.5,21.54565175076081,80.59180400095745,86.72011808205139,281.7330428908875,0.0,9.427923451714136,31.72357396788739,1.0,9.427923451714136,4.46477913418618,2.857142857142857,13.024120222222225,1.0442880783333333,24.313252876448416,24.313248893656684,24.337665969146492,24.33626175051232,24.33626957121495,24.36009422330674,24.354373977806862,24.35437231780986,24.354369914409702,24.37878890052535,24.378786877917527,24.369032347674732,1.6595551939254944,1.6221785430860542,1.5951430314738642,1.5760926105784618,1.565384406494207,1.5630985672249709,1.5693222105096876,1.593987256698009,1.615139834322072,1.6437677861184574,1.6749301282350906,1.709259364330253,6.260449996100815,269.9999964798011,0.6954759120833346,1.8631063913392012
2022-04-19 05:00:00-07:00,0.0967494666666666,14.282485333333334,0.2062589790532959,4.5,14.287631965563738,81.25790479100905,86.9506854526016,77.86116334803762,0.0,9.167956218650378,14.149561292936383,1.0,9.167956218650378,2.8578373418362686,2.857142857142857,2.302666822222222,0.585274882,13.415894183493663,13.434570262717461,13.409955440544428,13.409955393448193,13.429637832808783,13.405623811880691,13.405624936203173,13.405624288411222,13.426237767076794,13.402218992125844,13.401798547418808,13.40179824908898,1.6422571643698392,1.607576904465412,1.5778241427784299,1.5580361308952162,1.5456190484776005,1.5432489726068899,1.5491053812269266,1.5626578886846865,1.5846019923050871,1.6115181184080096,1.6397829292524444,1.676402858674826,5.824143927715469,90.0,0.6992622389960804,1.8623048208609525
2022-04-19 06:00:00-07:00,170.10077635000002,80.49325333333333,0.2270202446852523,5.5,118.60575895976619,50.19573936188445,77.05248586309989,85.98733958030095,0.0,41.66191917416028,222.12785993111086,1.0,41.66191917416028,30.72906439980284,2.857142857142857,4.306582188888888,0.6450157599999999,210.28603686922207,210.57776301329596,211.16476148895558,211.46208898072138,211.7215794313338,211.97149322996063,212.58124662971014,213.1397840078375,213.7037264233319,214.2267953097741,214.75271462494868,215.23311671257954,8.707526632803816,8.719261313900116,8.648972633563499,8.989730092771985,9.024169152973421,9.470334704771986,9.564706004478001,10.069565741346215,10.615267228157563,10.7506084109915,11.314228038500964,11.888567051054476,26.937511575350893,90.00000085377364,0.5234907637039011,1.9656417278725504
2022-04-19 07:00:00-07:00,631.9100500000001,109.6619,0.2340333864670854,6.5,371.4862485808079,16.23308028194098,65.52236566405921,95.65547083768251,0.0,102.00557650502637,798.0179008466426,1.0,102.00557650502637,98.93266753068731,2.857142857142857,12.7072562,0.6754599466666666,758.7170793859195,759.6708956005978,760.5381351817214,760.9413967437729,761.8352031002462,762.7390340890929,763.1398231098718,763.957840360644,767.0362492720335,773.2892920498658,776.3749866649025,779.4092984088376,33.45797842741411,35.574662150650624,36.54142503341412,36.38129800320372,35.716188097610896,34.403138034203984,33.306943590958404,34.30358372391715,35.44935832307071,37.08294926515131,38.653388089121215,40.45068065277873,50.0,90.0,0.366977778440511,2.214355247456318
2022-04-19 08:00:00-07:00,893.5038499999999,109.1006,0.2283782106076794,7.5,631.7061818200928,13.702850517426855,54.20445528019862,106.5597221388341,0.0,279.800237082165,1049.1404903162013,1.0,279.800237082165,147.81090715937316,2.1488494679948933,17.410002055555555,1.5797691033333334,1002.9402395449224,1003.2653153425013,1003.592273518582,1003.4225409945905,1004.109489430114,1004.6007127405511,1004.4953398737971,1004.7868261270602,1008.3131364988851,1015.6587919434648,1019.1788979983625,1022.6341300059706,77.06266932188773,69.57708388913639,62.66861484072119,55.54949282801082,51.16693104062517,46.16809809712068,43.01950947135055,43.39484776094197,44.76592111981188,47.457753394434505,50.03874014556852,53.0778872072379,50.0,90.0,0.366977778440511,2.214355247456318
2022-04-19 09:00:00-07:00,959.8494,105.299,0.2157539506342269,8.5,800.339162930182,20.280195347340605,43.604826617387914,120.17005274296872,0.0,440.0395779698568,1046.2622062413704,1.0,440.0395779698568,172.99401057075323,1.6512490688033616,18.97918922222222,2.45272195,1013.0575462223721,1013.1208037138151,1013.5721286480065,1013.841453514052,1013.6632372979846,1013.6307103966984,1014.1695403560245,1016.8566697454258,1019.297031618717,1021.4466032840575,1023.906818592928,1025.9543871046703,88.45259359148541,78.95591434348971,70.61928636896143,64.13100570546897,58.1059547939854,55.09825085886152,54.742912530212095,55.65600976791982,57.43551768978335,57.50866149553245,59.941686017849186,63.444600125888755,39.46896036471137,90.0,0.43216994795122987,2.085173795548609
2022-04-19 10:00:00-07:00,984.2512333333332,110.94435,0.20784385055042,9.5,920.5088964839669,25.34766799024623,34.66232510219435,138.8278959157821,0.0,573.0016155152574,1019.8326191752052,1.0,573.0016155152574,193.1577697630718,1.3458392500445842,22.98059538888889,1.853708105,1001.0852922379172,1001.1759866374473,1001.5432154796275,1001.421381032304,1001.7075935250831,1003.1067468007475,1004.6677327253403,1004.6117148883365,1006.0557620474272,1007.2113629286999,1008.6115374589676,1009.8125144921313,103.0489947746977,93.14084679475297,86.07112228666264,79.24152992072885,75.05979098171238,71.93907642074772,71.5483919457923,71.78335961405865,73.7629733938562,76.85030608098262,81.10992869962912,85.50590131478546,24.475234614037404,90.0,0.5428500577390125,1.9470024252945197
2022-04-19 11:00:00-07:00,999.2276,115.91965,0.2039053693035378,10.5,988.6588996267267,28.041279861306716,29.14218958517076,164.87428956613326,0.0,632.961881521028,1001.7442191969376,1.0,632.961881521028,203.33819583026582,1.1091707217239548,23.857444444444447,2.3771193150000003,995.0806494319139,995.0772196765491,995.4946929526901,995.5009426808211,995.9411930934925,995.7940388254285,995.7917661744225,996.2973047989138,996.096392316532,996.0442905221618,996.5549210236821,996.307818247816,105.11466426938752,96.00435464960964,88.84412244970468,83.33738944753266,79.09082455161607,77.12418608380342,77.01628264318968,78.57247590843461,81.88039996014888,86.38700527328979,92.22839148468293,98.588212168229,8.277760958382526,90.0,0.6780139444274096,1.8675611115490938
2022-04-19 12:00:00-07:00,919.67328,143.03091666666666,0.2051195890356502,11.5,946.224237770444,28.01692617906633,29.150130828028786,195.34596484847842,0.0,605.8669231145279,958.8671317419902,1.0,605.8669231145279,195.90651908360414,1.1107610190302546,24.5888315,2.90979025,953.00942974689,953.0070923664687,952.5592691409579,952.5573909868798,952.7414639488536,952.2474226152045,952.2496274346889,952.379070808183,951.9485239969133,952.0133706245977,951.5173466732099,951.5337825095507,95.5869033923436,89.21842147257338,83.88309986771536,79.37440613665309,76.21497782866594,74.72499144068802,74.80535334156014,76.62197267155156,80.66525619970517,86.01713185541993,92.67924899058585,100.63065151488222,8.396455226088584,270.0,0.6769890879970364,1.867861488211863
2022-04-19 13:00:00-07:00,793.7983333333334,229.54155,0.2099451608303752,12.5,882.3106043732026,25.27740475786522,34.68066164934354,221.37158752441124,0.0,550.4900156653378,980.9933259355216,1.0,550.4900156653378,195.35758238187708,1.347506725334452,25.901363944444444,2.74407457,969.993289158972,967.6850350953885,965.0363495509877,962.7200865013676,960.0697335088091,960.1165277906638,957.2407149139392,954.4845531843898,954.0735189924279,954.0649245426418,953.4682924107358,953.205987591338,89.69731601619127,85.00275743192093,79.74442520392786,76.51113964030732,73.87281733188193,73.3598914833834,72.97200090039615,75.65720104209329,78.81910232358844,85.07843377497002,90.97352149079414,100.21935737428794,24.575872095232352,270.0,0.5420510671556318,1.9477315281417535
2022-04-19 14:00:00-07:00,615.7547833333333,300.71111666666667,0.2188942632335711,13.5,746.4416970332268,20.17074951822953,43.62451207342484,240.01396938540438,0.0,424.44672562849524,938.7032118122962,1.0,424.44672562849524,179.15608468824007,1.6530951380951793,26.18825383333333,3.962659211666667,915.3087781282561,912.2083029833109,908.6774843926386,904.6540117877717,901.3077604390112,897.891563228073,895.7543570863417,895.144013684418,893.6564968439371,893.0847493923533,891.318434430726,889.8286353563172,77.90709945748685,73.61440746082542,70.21509025047573,68.99395862146068,66.63908647998169,64.48806328443949,64.06063484173252,65.705073057502,69.23663427489075,74.8382009298095,81.60184801660681,88.99857888069901,39.5406198894881,270.0,0.43168744787104346,2.085969415802583
2022-04-19 15:00:00-07:00,269.6069071666667,310.39768333333336,0.2254457858035198,14.5,468.03585184487844,13.574089861616747,54.218460155101496,253.61992238017675,0.0,253.8429007328947,617.9964089777488,1.0,253.8429007328947,126.39808016449379,2.151023113416705,25.50664527777777,4.00930563,595.0158746227644,593.579864021661,592.1156218740895,588.8942090886713,587.4224919158621,584.7299669289227,583.5933239259319,580.7638276425162,577.7788066311587,576.6012881610595,573.7052208245757,570.7684035694053,66.46224794325362,65.15132679459461,64.01180573413777,62.71146548780767,62.04866291312533,61.79937192750251,61.976012290766064,62.9917926374474,63.71937283974854,65.84645094396623,67.91743407865219,70.45422922455388,50.0,270.0,0.366977778440511,2.214355247456318
2022-04-19 16:00:00-07:00,15.953653483333332,227.37661666666665,0.222279836888086,15.5,233.98618543135507,16.190991351299054,65.52487599610522,264.52838133307324,0.0,139.90933491575788,254.50120669383378,1.0,139.90933491575788,67.26969451660739,2.857142857142857,24.311088666666667,3.29352385,241.84146623506993,242.3399709891976,242.84435302786446,243.7266505031836,244.2632085254759,241.68405518678443,240.4907868447451,237.85137209339572,235.1453510031769,233.88546250895183,231.1180672409193,228.2993430448785,42.97132227243332,43.53682906124967,44.09185566877267,44.518891897405815,45.05511601086724,45.579058217733454,44.57783304407517,43.63902378477069,42.59795801983684,41.69320819832655,40.67768032000301,39.718483655626606,50.0,270.0,0.366977778440511,2.214355247456318
2022-04-19 17:00:00-07:00,45.42376038333334,117.598925,0.2254562810597103,16.5,127.78803250161617,50.14161484768908,77.03755862491437,274.20735254332175,0.0,63.71246973446784,181.30624961822588,1.0,63.71246973446784,30.713409870197076,2.857142857142857,23.188924555555555,2.967368266666667,174.435068653378,174.39042202064996,174.30585053125662,174.2542520071288,174.16883485732671,174.12007078242698,174.02130143944572,173.63866319872824,173.2417407876957,172.78692488079207,171.88912028106446,171.44260484632218,14.577780854460162,14.362197047598924,14.133141472631168,13.927816444046035,13.695483850053977,13.49546099442194,13.352615871950672,13.211019294646356,13.158812599165424,13.14732804556339,13.253836273132203,13.234898313931444,26.984947192732594,270.0,0.5231218010468734,1.9660170908454495
2022-04-19 18:00:00-07:00,23.924001633333333,25.00680028333333,0.2193559124734386,17.5,26.372575997121064,80.61260864603068,86.72731372439814,282.1896986438957,0.0,14.779614299938363,30.471592810972368,1.0,14.779614299938363,5.712695769090088,2.857142857142857,21.09291738888889,0.98364495,26.323302203306262,26.323295374658187,26.29676871247188,26.324163395660847,26.324176787367612,26.296634142812934,26.323862779962376,26.32385994462802,26.323855828953924,26.297332445369072,26.297328972822626,26.324401373870273,2.8187996649365044,2.7543099912777875,2.7079410706690323,2.6752667131093255,2.6568988417931965,2.6529747880693852,2.663475315354932,2.687675922779794,2.723949839537707,2.7725887283234028,2.826031908760118,2.884902397397899,6.257208240964102,269.9999946681853,0.6955040331146337,1.863100223060739
2022-04-20 05:00:00-07:00,81.50084658333334,19.648515850000003,0.2345933693960583,4.5,24.08686040670445,81.04879344929861,86.87826221977267,77.47355437416371,0.0,10.58853504552989,34.891205995466954,1.0,10.58853504552989,5.793162817848383,2.857142857142857,9.979178844444444,1.55540374,26.532056972401882,26.532051876889344,26.556808055091718,26.556028313936583,26.556031447510357,26.57615451414116,26.57615553862167,26.57615420570339,26.576151506002084,26.591930035351552,26.591927228815884,26.591378117827865,2.1691366379016497,2.131509930017814,2.09517595349892,2.0670594288166306,2.0529176253257435,2.0498418177620756,2.0575600873869906,2.0764222497136093,2.104183779347261,2.150783167891789,2.1943501620640533,2.239554490139108,5.972956533688328,90.0,0.6979704801174372,1.862571735380738
2022-04-20 06:00:00-07:00,492.14795,71.04510833333333,0.2448656253533961,5.5,183.44308324191866,49.26802358523204,76.79813906451912,85.74472535549472,1.5543122344752188e-16,32.816865396404346,437.96680393817036,1.0,32.816865396404346,51.06608221084096,2.857142857142857,9.507442233333334,3.044173143333333,418.4236697876669,418.6854606108911,419.1560850706146,419.3726372613739,419.6047711152322,419.8067995606669,421.0836133824073,422.3377207754349,423.53034553926824,424.70431556765357,425.81382383829475,426.8988859679786,7.404484152881132,7.2927463403150865,7.35755664271523,7.980817432609944,8.176542798271436,8.874001413991126,9.162401967366337,10.144181030464075,10.886873078722209,11.301260040785742,12.379145064758355,13.10447477659932,27.624271504708243,90.0,0.5181642974821385,1.9711356178088897
2022-04-20 07:00:00-07:00,722.6266166666667,100.38929,0.2345956950942715,6.5,402.7227570496237,15.924726351111309,65.26756537025763,95.39630437898813,0.0,107.55605857529092,876.561991721414,1.0,107.55605857529092,103.483139834225,2.857142857142857,10.628629455555556,2.444092966666666,837.4736136875781,838.3166559482198,839.0690832523179,839.4169091700352,840.208279702272,841.0118027466185,841.3704320278594,842.0634482653713,845.029300801241,851.0764357858873,854.0690914897257,857.0115654070346,36.75748923742073,38.92537363377668,39.6832813172372,39.1388630423556,38.06510328050012,36.25924227821664,34.78336829954996,35.3444105176802,36.098020436368905,37.42870893489551,38.68130497712136,40.204596352728274,50.0,90.0,0.366977778440511,2.214355247456318
2022-04-20 08:00:00-07:00,847.2985166666666,111.81968333333332,0.2260993001971123,7.5,610.5710339039823,13.394687503545565,53.939647037854044,106.28295248486563,0.0,271.3548390707524,1007.0909491811738,1.0,271.3548390707524,143.18656761078591,2.136395505766019,12.34251861111111,2.210428745,961.2432737957827,961.6155675272428,961.9887000538673,961.8558365498931,962.5697878048488,963.0960496224127,963.0228405931194,963.3579014636277,966.9411278966409,974.3800228715833,977.9478776057806,981.4507255603827,74.06633149411999,66.96407489787867,60.41499050312794,53.666536456073125,49.524675066030824,44.79658960850632,41.82870635241071,42.38064535797645,43.88296891398139,46.64617806222314,49.30566189208954,52.40400499185322,50.0,90.0,0.366977778440511,2.214355247456318
2022-04-20 09:00:00-07:00,912.6883166666668,116.1644,0.2147808653582296,8.5,780.1963075521032,19.989408430200164,43.31810142690105,119.88649571838486,0.0,429.9940460553779,1014.4403191386386,1.0,429.9940460553779,169.47044975908224,1.646091618688385,13.796319555555556,2.6156386,981.153678287773,980.877874231252,981.4328748308237,981.7834333648877,981.6835280730112,982.079493588199,982.2967979834216,985.0876302244544,987.652083147019,989.8897490278014,992.0843814868863,994.5615764149692,86.1819520798605,76.8560506650956,69.08309734608395,62.865974891298315,57.14575803012134,54.24525789370734,54.7660671832249,55.1180034581615,56.987682746875215,57.121796419217844,59.634356048416485,63.57374192224505,39.26772182264299,90.0,0.4335275894221891,2.082945948487005
2022-04-20 10:00:00-07:00,942.8128833333334,121.54283333333332,0.2075727423156543,9.5,900.005867970585,25.031473882458982,34.342367139194316,138.59245196162925,0.0,560.5058748350342,995.1037154720937,1.0,560.5058748350342,189.18803227018395,1.3432451795738263,15.514278055555556,2.7272063500000003,976.1218587655695,976.2771793775152,976.6624908170556,976.5795774874985,976.8724939238972,978.3208112354222,979.9082855394216,979.8805575335915,981.3598976942657,982.5493987534874,983.8886840872447,985.183999512838,100.68457874187864,92.15313153072637,84.27646933517734,77.68760220128782,73.65422882522027,70.64341159250584,70.3311050322552,70.58893695714306,72.52490649982904,75.56666869122043,79.77492117200893,84.13306115045457,24.318248571693097,90.0,0.5440976912305964,1.9458706930921184
2022-04-20 11:00:00-07:00,941.8624333333332,138.01403333333334,0.2040424507608474,10.5,963.4040042179099,27.704939239311226,28.796258454444736,164.8333197183996,0.0,616.8374295125938,975.7140745760184,1.0,616.8374295125938,198.3450202716499,1.1079091078659515,17.419833444444446,2.9513188666666665,968.6338181129796,968.6305409808272,969.0528719307488,968.9907416447027,969.3608395786301,969.3587895458725,969.3566246902275,969.6678309032563,969.665390042276,969.6138057365561,970.1146659511454,969.8804014514837,102.62015282999965,93.83145701462287,86.92783432308174,81.62065267603082,77.86711591670745,75.6193342980901,75.5117953437581,77.00717302914411,80.05647648368061,84.59030854330008,90.25558935634774,96.40050197409123,8.183537901940758,90.00000426886824,0.6788277262598191,1.8673256872561095
2022-04-20 12:00:00-07:00,783.9445166666667,233.96233333333333,0.2057324623458679,11.5,920.7668979928753,27.671062277546298,28.82596983213766,195.59771119814852,0.0,598.0602775748775,935.9275449088015,1.0,598.0602775748775,194.1265115097182,1.1110418051329256,18.808677222222222,3.94716365,926.719147683275,926.5957586717822,927.6552802894341,927.4286269698215,928.4235951986018,928.0792327510319,928.0771096178973,929.1349910719302,928.6845863822234,928.6862131768146,929.6982648705388,929.7006447258536,102.2095234721763,94.39556777043288,87.84048998210136,82.35001247434606,78.06178322926502,75.98847480932547,75.60961244288873,76.75846084241765,79.7847672261417,83.9555247279161,89.02975634970036,95.08125089619836,8.417402267907187,269.9999977411273,0.6768082547943751,1.8679149391507397
2022-04-20 13:00:00-07:00,676.0457356666667,248.75971666666663,0.2095059487565867,12.5,806.4734737447293,24.933918860893993,34.415103944219226,221.7633048057574,0.0,503.9419703237272,894.6460698932387,1.0,503.9419703237272,180.14041334059235,1.3467120424985926,20.14069555555556,3.4472974833333336,883.8942334746988,881.5643200411412,878.9476986995205,876.5985863840407,873.9327316363074,873.919635556483,871.0290363044318,868.2350020906201,867.7847727901498,867.6938548853269,866.9816846385936,866.6491549865216,83.83640441173482,79.4768972108502,74.49937234282429,71.48615742662274,68.96863052893387,68.39846633296555,67.87402226001036,70.17865056717685,72.83929953648115,78.34829748669033,83.4636278070015,91.67160791374661,24.52793715417603,270.0,0.5424315568985629,1.947383896915599
2022-04-20 14:00:00-07:00,760.2299783333333,171.49901666666668,0.2178740015488093,13.5,723.7820248527664,19.838078928518694,43.40886638535469,240.40707070650234,0.0,400.0157674454181,948.1109187052995,1.0,400.0157674454181,167.90929489839624,1.6504815500124166,21.155587055555557,2.408190611666667,927.8436720957911,924.2335895028805,920.8622528189189,917.420763610092,913.6239453907024,909.5921524004727,909.345479532896,908.8684623627205,908.9358772244074,908.4998501344186,907.8929912238378,908.1024341301531,66.56946724155938,61.63165984533146,58.09165369261408,57.832360911714424,54.94303612718419,53.5019970803212,51.94577492542253,54.61397341985165,59.916569038207626,65.64491885935318,72.84868172993093,81.53163045979714,39.43910970653249,270.0,0.43237108603344593,2.0848427263324902
2022-04-20 15:00:00-07:00,846.1086,131.2034,0.2320048583240072,14.5,628.1484672585973,13.23319596383531,54.03222641757508,253.979695151738,0.0,279.84656300241124,1037.694668382353,1.0,279.84656300241124,151.15789020946528,2.1434694996829244,21.868946222222224,1.8410549516666668,1010.6374816727172,1006.9650266994395,1003.224371461839,995.4223466383269,991.6658051050257,991.29747143909,991.3680390402749,990.7987950041659,990.0317204066453,990.164554669277,989.7553206600508,989.3467507138993,55.49226208568953,52.24462574506034,49.4576492159289,46.559106961208336,44.98723489510633,44.41373928193291,47.52412689796381,52.48542470700998,56.82945666295813,63.91654557161554,70.79380116757889,78.25547060691652,50.0,270.0,0.366977778440511,2.214355247456318
2022-04-20 16:00:00-07:00,748.5723833333334,103.55562166666668,0.2505257222697534,15.5,415.7478650159679,15.946815327944144,65.35150773069392,264.85733491959223,0.0,107.84542420617215,907.049789544917,1.0,107.84542420617215,112.00926490798258,2.857142857142857,21.44731388888889,2.7683576333333333,885.8008833899352,882.8284490601178,879.8043678953856,873.7041737398317,870.7240560324191,869.9861754528658,869.6188995000659,868.7806530022868,867.9622338059742,867.5993576037542,866.821386698364,865.9404806810055,42.234758414958385,40.768324799310925,39.57255820159339,38.293286536928534,37.60183073448008,37.08331012140247,38.57138308050609,40.326505016865504,41.27680741491203,41.58175046013054,40.48197592114075,37.93415662545609,50.0,270.0,0.366977778440511,2.214355247456318
2022-04-20 17:00:00-07:00,562.6701833333334,69.04672666666667,0.2367409951133686,16.5,196.91373381042158,49.51214992495926,76.8647566310176,274.51463580630855,0.0,31.610240952951685,479.9483471954708,1.0,31.610240952951685,52.506263305021356,2.857142857142857,21.553630666666667,3.691914783333333,467.9164901082438,466.8419266116261,465.74200686733224,464.6655777933756,463.5261065797543,462.3257476497033,461.101107568859,460.6720854692724,460.47069365453626,460.2615524042517,460.0257687711937,459.55496314210313,12.561710573279663,11.512789006152282,10.779225943337947,10.377705473565744,9.393728768836885,8.686410806889432,8.408374382449194,7.7195789086021325,7.53215093234109,6.894644319287428,6.830420112789704,6.933604521611109,27.45764652825131,270.0,0.5194535989749669,1.9697909382867484
2022-04-20 18:00:00-07:00,58.321769466666666,16.562319966666667,0.1914682646171096,17.5,20.074928107671102,80.091209837558,86.54709559022409,282.48500652578934,0.0,9.0057535265232,29.164131683941868,1.0,9.0057535265232,3.996562280341237,2.857142857142857,18.79509305555556,1.8239753516666668,22.79814347153402,22.797406329494656,22.80012491683961,22.82428814767995,22.82256947040841,22.82257473853454,22.84673451689896,22.84617951726939,22.840244998850224,22.840242839928084,22.864400590164255,22.864399558258285,1.5116865220588869,1.4804575072769297,1.4559446873297244,1.4386339859978439,1.4280970373710153,1.4368617589719024,1.4428528756499155,1.4559161483557634,1.4764930163584635,1.5011052916671996,1.5313402789292554,1.5764580631298037,6.614057415393935,269.99999758516344,0.6924095653829573,1.8637983210616038
2022-04-21 05:00:00-07:00,109.35778465,23.140728983333336,0.2354410147595352,4.5,29.585709118830067,80.30605730828059,86.62132639337358,77.24457587099761,0.0,11.396134439618045,46.861933181912455,1.0,11.396134439618045,7.307858830676308,2.857142857142857,7.691203261111111,1.010374705,34.90415856444499,34.89600297647242,34.95980367120215,34.959807788377816,34.94245872523969,34.9424677890282,35.00541533919301,34.9793443912332,34.9793407293071,34.97933731828341,35.043141341653865,35.043138623617835,2.36028365873057,2.31169984172724,2.273613775827872,2.2466389646552045,2.2314969819427852,2.227753952248658,2.258449162938616,2.2787104738113144,2.3105627147769767,2.349086882464924,2.393133106841336,2.4449811160281816,6.476836181206597,90.0,0.6935992407880173,1.863525316314774
2022-04-21 06:00:00-07:00,445.75458333333336,74.81069000000001,0.2411019188824827,5.5,178.5107323981249,48.34192998461776,76.54749058754774,85.50290781196873,0.0,34.8417713269946,416.3956780845388,1.0,34.8417713269946,47.87482778792604,2.857142857142857,9.783154866666669,1.011123455,399.0706150870244,399.3262014089844,399.8386330793931,400.1034847424637,400.3288142159404,400.817909647362,401.790608291994,402.729802533717,403.6647275191651,404.5451270844476,405.33576773240213,406.18153333816883,7.728691009244269,7.7411533535234165,7.708210013852657,7.827388733465381,8.336902609682229,9.05131239986081,9.332557594923186,9.89305574386525,10.242645069201131,10.838967267385833,11.684806105195001,12.558348604684543,28.314564551973014,90.00000085377364,0.5128439947348978,1.976786045011097
2022-04-21 07:00:00-07:00,747.4073000000001,88.87156833333333,0.2355775191552916,6.5,404.54223996166957,15.621636217120383,65.01668753813463,95.13746936579366,0.0,103.59365788061933,886.8445550730942,1.0,103.59365788061933,101.92693903658113,2.857142857142857,12.833198388888889,1.5183577366666663,849.5195078938656,850.2310840393808,850.8610112593442,851.1382668161762,851.8211327978825,852.5020223380538,852.8080952235022,853.3649481854167,856.154907247846,861.8811509303843,864.7129385787349,867.4974745617177,37.50267732142345,39.32132722325624,39.61404730327631,38.58476285651853,37.108320983263084,34.90492171536787,33.17358798546762,33.41537541433581,33.90423095874334,35.037363013517414,36.094175391826624,37.44550873883809,50.0,90.0,0.366977778440511,2.214355247456318
2022-04-21 08:00:00-07:00,853.83135,105.37065,0.2274480860023108,7.5,611.1021241409494,13.090742394747975,53.679009597055234,106.00570064783324,0.0,275.8768679222725,1007.212317976673,1.0,275.8768679222725,142.7007852479818,2.1242794499382884,14.285495944444444,2.1380215133333333,962.7428232149201,963.0042074989049,963.2693163545849,963.0588396105983,963.6876789724703,964.1068871579771,963.9735464707683,964.2218062923148,967.6898194705451,974.9198594239195,978.3766517378803,981.7732968372137,74.34392591012993,67.12281979581599,60.47669037428642,53.63913690242881,49.41420567595994,44.628526342678384,41.640382502515294,42.047623784069344,43.466614017166016,46.17885428621469,48.78753424154829,51.82046687916844,50.0,90.0,0.366977778440511,2.214355247456318
2022-04-21 09:00:00-07:00,916.89435,110.35051666666666,0.2162812175010053,8.5,780.5346658837674,19.700474900639243,43.03571568083218,119.60100659961245,0.0,436.8818230240047,1013.5213931744379,1.0,436.8818230240047,170.0757059783098,1.6410746445524813,16.496416333333332,1.9838347816666664,981.1571796101144,981.2502650360108,981.3429204805278,981.6137098301926,981.8758296464717,981.8191725291853,982.0006649453973,984.6495081134167,987.2306221838464,989.4135941904261,991.5497261796363,993.9836364137736,86.92291601932229,77.53811959032537,69.73809651205245,63.46845484746116,58.432769243507984,54.89084816000494,55.47735543671997,56.51180867996812,57.80737787586543,59.8265490938567,61.09329250175154,64.45874670426265,39.07048461576289,90.0,0.43486202463554047,2.0807716663244724
2022-04-21 10:00:00-07:00,940.2057166666668,119.25385,0.2087012665560139,9.5,898.4757405481998,24.717643613687883,34.02657866909393,138.3531243016264,0.0,559.4902334915275,992.3802088318796,1.0,559.4902334915275,189.76018616325464,1.3407220833561169,18.096103333333332,2.610514633333333,973.9976010447855,973.8562627985447,974.2327164802024,974.1461839973234,974.1628207170062,975.8621813267126,977.1860765029908,978.8550835830196,978.6378438992205,980.0429508930489,981.3718332205989,982.6437551650317,101.00035924576665,92.44174981252723,84.50978313438401,77.7093987893177,73.80164229216105,70.52435734396904,70.46097818025423,70.38670463063927,72.61554686195663,75.6720587207767,79.89740210600411,84.52547615018327,24.165061256953006,90.0,0.545316624815587,1.9447729411041557
2022-04-21 11:00:00-07:00,933.1505833333334,129.53328333333334,0.2048163884024389,10.5,949.9604440767655,27.371510681514035,28.45383951408551,164.78881735424147,0.0,608.2105817616183,961.9588891826221,1.0,608.2105817616183,196.32324017416477,1.106689417069831,20.07872522222222,3.1711656666666665,955.2383868144326,955.2351746715526,955.6537790355545,955.5923592961732,955.9598996594577,955.957941580455,955.9558248917864,956.2645469205795,956.2108292710685,956.2104886258956,956.4725862765989,956.4749915663556,101.55191972371253,93.4767585608091,85.98201795801042,80.56977140140853,76.97504389675817,74.72883696962265,74.60831556493939,76.09018476402449,79.11969733118329,83.61029862181366,89.24916395012055,95.34901383308066,8.09240232205877,90.0,0.6796150254442886,1.867100523993831
2022-04-21 12:00:00-07:00,922.1217333333332,133.10008333333334,0.2056349894382215,11.5,943.4383191659119,27.328538341699254,28.5049639592053,195.84927220514803,0.0,612.8548989331805,956.2650875293946,1.0,612.8548989331805,195.81027437855218,1.1112961650024953,21.87155433333333,2.53326895,950.7879708629011,950.7855102962855,950.3356961150722,950.3338327429675,950.5236302533187,950.0268980594116,950.0290953905294,950.1647875946383,949.7325486222659,949.8041305158451,949.3056169033748,949.3294247026232,96.48691799464196,90.239699902044,85.03528544623381,80.73094982888134,77.79998829559469,76.62158928422073,77.0208974352237,79.20008213087529,83.64060341562788,89.32237051182558,96.24432793823512,104.324327156103,8.43637808516958,270.0,0.6766444473722801,1.8679634742224855
2022-04-21 13:00:00-07:00,914.4824,127.30603333333332,0.2100268825354098,12.5,884.0827235054259,24.594000650604627,34.152479162064395,222.15441219005274,0.0,550.7667422271844,978.3991971650507,1.0,550.7667422271844,188.1981466611759,1.3459040799010311,23.852612166666667,3.134046703333333,959.1444248936629,959.328009882796,959.7288464079226,959.6542067809168,959.9746446282851,961.4237694623272,963.0283677343893,963.0064674554347,964.4901522904023,965.689697837143,967.1005124610265,968.340321492032,100.15305245211923,90.66097196412849,83.91600736483086,77.39627166241071,73.43199998743019,70.48354403024946,70.16249580339965,70.4406094623449,72.39491807292774,75.41392086581024,79.55451695286298,83.86651778489268,24.47915069250489,269.9999987925817,0.542818954873062,1.947030744180702
2022-04-21 14:00:00-07:00,891.0111166666667,120.96626666666666,0.2191069923729536,13.5,770.5327987066125,19.509052074988677,43.19554896340299,240.7980423638626,0.0,422.7455691180646,1012.8772834210206,1.0,422.7455691180646,172.60455326948673,1.64787641757418,24.636225888888887,2.4922961516666664,992.8230013537776,989.8235365262876,987.0942551626597,984.3086501144418,981.2848486076775,977.9177754254632,977.7850720203996,977.5730042814635,977.7771788820972,977.6211121139935,977.2698066620438,977.655388112929,64.52211891452163,60.03726301679445,57.044935019993396,56.95742198433978,54.6525112091538,53.92138816836357,53.03957041789559,56.030894172958114,61.99399246098745,68.44420807268484,76.49051152990187,86.05342259049742,39.337536725132516,270.0,0.4330561450449768,2.0837177662484665
2022-04-21 15:00:00-07:00,820.29245,118.0087,0.2325812746901851,14.5,601.9271667978571,12.896205707754715,53.8476699768964,254.3365998662328,0.0,268.9024558009602,989.6638590674646,1.0,268.9024558009602,145.9026289110538,2.135982445752381,24.997691111111116,2.641765175,963.562789480337,959.9816863498575,956.3343039608537,948.727205440349,945.06145902995,944.6704916501689,944.7201707329677,944.1364705337373,943.3625987893872,943.4707477797109,943.0378811319613,942.6050255660294,54.056432593077076,50.88394944408834,48.15251051097921,45.31368691739827,43.74526960146438,43.13200867365195,46.08656181397951,50.81083056642071,54.94466138974682,61.70379512092504,68.26283189384114,75.38396314088698,50.0,270.0,0.366977778440511,2.214355247456318
2022-04-21 16:00:00-07:00,424.136884,144.27843333333334,0.2359882610346613,15.5,322.32260532378564,15.707670064148722,65.1793026139917,265.1831120212193,0.0,109.18226255946384,629.9222934004,1.0,109.18226255946384,91.19309077137795,2.857142857142857,25.101122333333333,1.6802287283333333,612.9576555137837,610.4029399835738,607.8054511734082,602.4941039247258,599.886898565873,598.6904277627925,598.1149044290933,596.830877457583,595.53451423394,594.9465532127316,593.6571567947666,592.2954521993051,42.400530745089476,40.80681643596926,39.395861117198116,37.90769444891128,36.836250242193564,35.89841627620766,36.54172942761559,37.41744295806057,37.79640855690396,37.88712831169938,37.117372233226725,35.470904942975125,50.0,270.0,0.366977778440511,2.214355247456318
2022-04-21 17:00:00-07:00,319.2691888333333,96.16627333333332,0.2265929588221076,16.5,169.65329810221914,48.88016622474272,76.69276535028446,274.81853290086417,0.0,49.226634534207626,347.03189643671345,1.0,49.226634534207626,42.52762716214311,2.857142857142857,23.593362555555554,1.4752054533333334,331.32119761828005,332.07347417788714,332.41205501381756,333.10965145868727,333.45703225831693,333.76370689724627,334.457886049634,335.0928612038321,335.7115868196171,336.3402203665009,336.9156903707314,337.49464417696845,10.401764009023852,10.24669778061685,10.352345514459202,10.547495283414172,10.793432239436953,11.321830711453774,11.42739977981489,12.016699607290354,12.16353790151281,12.79937082957276,13.454947883650995,14.098479737607953,27.93525820230745,269.99999914622634,0.5157632149987513,1.973665345143194
2022-04-21 18:00:00-07:00,117.79489058333334,24.32526196666667,0.2253035294596326,17.5,31.404004681381906,80.11352349054857,86.55480311515942,282.9340997473975,0.0,12.02782821198783,50.26753985777084,1.0,12.02782821198783,7.433180086881614,2.857142857142857,21.597807666666665,1.20675997,37.702907058265254,37.7029087120865,37.638108945645286,37.63811234020088,37.66421172654492,37.665083951880035,37.60028098042956,37.60027267956964,37.617425312551624,37.55261697306521,37.560340353858464,37.56149884206142,2.4995950670963625,2.4207762332813023,2.3734586010719703,2.3346776008021797,2.3025062274998525,2.28197654789464,2.2725611407858337,2.252888302452881,2.26958548720922,2.2967911759248927,2.335219488737914,2.3842980032238623,6.610897762852619,270.0,0.6924369551283073,1.8637919707686628
2022-04-22 05:00:00-07:00,199.9505078333333,18.226165833333333,0.2350389295242859,4.5,30.239597242115813,80.11548056375689,86.5554790526586,76.85969626482733,0.0,8.399625138971116,57.99012282285984,1.0,8.399625138971116,7.590602902980096,2.857142857142857,13.662393333333334,0.8994134316666667,40.65554226383046,40.654698281601014,40.63228136861536,40.72632389616391,40.69206622115441,40.69207224738061,40.78611080738352,40.785475364736634,40.740000711466784,40.73999824004117,40.83403448242939,40.834033309563424,1.7547553398732105,1.7190009695483928,1.6911745515695997,1.6713563075882094,1.6592100430820995,1.6853400612927107,1.692202182389459,1.7071622941795117,1.730621016651212,1.7590412282687078,1.7935392793051492,1.8667697171083555,6.615157275843379,90.0,0.6924000311802533,1.8638005322780316
2022-04-22 06:00:00-07:00,684.1570333333333,49.87765,0.2495911893002416,5.5,211.90467479350394,47.417642592201624,76.30064292266086,85.26192751933318,0.0,21.907607580301462,552.0342075329226,1.0,21.907607580301462,58.12094729506051,2.857142857142857,17.063701833333333,1.0304815683333333,531.8424936457393,532.183124428309,532.3342791517138,532.4871222163098,532.8090738914607,532.9490007224287,534.2538610608102,535.534131983714,536.7606663944041,537.961031416173,539.1029455095888,540.2166726095861,5.084678847138239,5.0081618990626735,5.059180940166123,5.0503422072674615,5.912363911308557,5.95578382217752,6.891376656007971,7.883234119498984,7.947756752906243,8.997088095146182,10.080087685881486,11.188831919464398,29.00841041501849,90.0,0.5075310000229436,1.9825943243555082
2022-04-22 07:00:00-07:00,873.0901666666667,64.79207833333334,0.2389767851941219,6.5,436.95168237306,15.324000605330474,64.7698330275748,94.87902106510114,0.0,111.58875691195198,961.6438291364609,1.0,111.58875691195198,107.4484909938407,2.857142857142857,21.251301055555555,2.2504440766666667,924.7309311211299,925.3710385177719,925.9261969481379,926.1627810415849,926.7849224399176,927.4028661961817,927.6846993288467,928.1443321458482,930.6889159402382,935.9638127497558,938.5824654916806,941.156154899066,42.55407905357041,44.19967459437657,44.08844903159837,42.51449111045216,40.53567761566489,37.75345765807352,35.60355277435344,35.256029047429756,35.20788491124608,35.91890118649189,36.53652398051052,37.49551821584905,50.0,90.0,0.366977778440511,2.214355247456318
2022-04-22 08:00:00-07:00,950.5402833333334,75.89930166666666,0.2294299903314961,7.5,642.3333992972764,12.791108874595658,53.42264618109811,105.72803195483903,0.0,287.63856231432624,1056.4425909976305,1.0,287.63856231432624,144.2211222584428,2.1124963604655442,22.998848055555552,3.0640059,1016.1221454482386,1016.2510195130801,1016.386178550005,1016.0911420877126,1016.6215823344879,1016.9301560163351,1016.7219195066232,1016.8492537551905,1019.5204250013189,1025.2138908503143,1027.916535616778,1030.5697063105747,78.04937039155573,70.23556849050901,63.02934051882278,55.61498854190956,51.00225877265618,45.786747324138894,42.50464210945973,42.047088962187274,42.66235228178306,44.64930620923504,46.51357232883677,48.81908242651497,50.0,90.0,0.366977778440511,2.214355247456318
2022-04-22 09:00:00-07:00,999.3541666666666,81.80363000000001,0.2174337923542134,8.5,815.5597605730293,19.413469384506335,42.75778081200936,119.3136379236235,0.0,454.06395558740724,1061.7979706123813,1.0,454.06395558740724,174.4119748230043,1.6361967597039981,25.2983245,2.5167310400000003,1032.1068907473602,1031.9820091873842,1032.265938031504,1032.0160234215475,1032.552424387038,1032.3583625969773,1032.6974195097098,1034.6269532101755,1036.4535354658565,1038.6656726805952,1040.4457399509238,1042.2018565128046,91.3345471460837,80.16138736217842,71.69369769044644,64.66459457741112,59.41166906465193,56.30584131833919,55.66379766110709,56.316827370881654,56.91316396658932,59.110966291950426,59.76901086097546,62.811146861992164,38.87730411252534,90.0,0.4361726338500262,2.0786510222328944
2022-04-22 10:00:00-07:00,1015.8406166666666,89.03156333333332,0.2095486582715899,9.5,934.0159774064738,24.406261443494113,33.71507992201149,138.10987744575738,0.0,580.8646251684509,1032.0173655944182,1.0,580.8646251684509,196.25862745307336,1.3382699319032283,26.313288777777775,3.8085123516666655,1015.563403914044,1015.3315697265419,1015.3541658898198,1015.655678101799,1015.5775123145788,1017.0377774635111,1018.0984215635071,1019.5333180618236,1019.267115229491,1020.5057816579075,1021.4584773017217,1022.6343592057308,106.29347261105116,95.92346855901384,87.45123515962904,80.2159759043976,76.66004584088034,73.06138673605064,72.65779292452756,72.44584738499454,74.48698898394173,76.89606700304893,81.56889284750595,86.29635068969272,24.015711992699195,90.0000017075473,0.5465064271498508,1.9437089716126978
2022-04-22 11:00:00-07:00,869.4883833333333,180.83489333333333,0.2074689205504004,10.5,947.7264504696954,27.04108414776582,28.11503664433441,164.74060013103258,0.0,606.7829861052911,961.0814380056822,1.0,606.7829861052911,199.99853985134405,1.105512084058426,26.91062561111111,4.020728816666667,953.2943236533679,953.291120123795,953.8864853552508,953.8905682474564,954.4694691840058,954.4675697957624,954.4654644177906,954.9540239646667,954.8997278078731,954.8988341415678,955.3110378434906,955.3135004870946,102.818847516098,94.67660944472591,87.12099006763923,81.6568522863331,78.1217522140149,75.84556299728057,75.71392521389271,77.21071508378739,80.27329587944101,84.6172023337338,90.62417615618604,96.78273279017895,8.004384868296858,90.0,0.6803755569235045,1.8668854422727885
2022-04-22 12:00:00-07:00,959.4637183333332,122.49568333333332,0.2066597520965269,11.5,968.1758285734406,26.989450389426352,28.187176010171143,196.10042737595836,0.0,628.9686297108813,981.4480101364583,1.0,628.9686297108813,201.82863030685428,1.1115237243225606,27.931401277777777,4.04792095,976.2446629736114,976.2421156378309,975.79368258907,975.791578965751,975.9860554387408,975.4892374637784,975.4915202720257,975.6326543180396,975.2024147641779,975.2798960716603,974.7811460749954,974.8120299492045,99.34771012193339,92.87307090742887,87.48287527714852,83.02132814120058,79.99740781061384,78.7802712694909,79.1989623005624,81.46363645507309,86.07419411367816,91.97179207275316,99.1629714797223,107.54627845364189,8.453351567452543,270.0,0.6764979317844334,1.8680069797872045
2022-04-22 13:00:00-07:00,884.4079333333334,161.38506666666666,0.2119713510318833,12.5,895.5164306344325,24.25775336469815,33.89280773760274,222.5446662902231,0.0,557.7110936786772,995.4296527683189,1.0,557.7110936786772,196.18837686160052,1.3450823257050637,28.56886088888889,3.91858865,972.2443666794168,972.3869380148552,972.7743128046164,972.6786288097325,972.9815119807048,975.1886458023965,977.5221740576787,977.430085588353,979.5885810838413,981.4288873978006,983.6138111078724,985.4638835795233,102.30934927488453,92.55986902702351,86.02519718042086,79.34793913196107,75.66477129338523,72.66920894651184,72.73506733903614,73.0868182548581,75.47265224996097,78.67142019512441,83.32296035752275,88.27822520086575,24.429480532484664,269.9999987925817,0.5432135243344663,1.9466718724721153
2022-04-22 14:00:00-07:00,488.9099348833333,227.22601666666665,0.2215194422189169,13.5,584.8819788345991,19.18377555229342,42.984554734782826,241.18667781181486,0.0,330.8935526889497,742.5142095169417,1.0,330.8935526889497,144.92373412165443,1.6452790149590735,28.094018277777774,4.421266166666667,723.9390426491641,720.5488602946673,717.3566913013634,714.1021649544296,709.9105195423081,706.4325777008776,705.9218870649413,704.8540593395812,704.5475904652526,703.4750807258857,702.9959034587602,702.0250367831782,63.4072387537188,59.4174847608896,58.10185129273883,55.19732399030941,52.37071615267801,50.622602303651036,48.77383207646128,50.23857664996267,54.276713330863295,58.24634286335883,63.331382114319894,69.7968436353664,39.23587452913521,270.0,0.43374280315449537,2.0825942519709835
2022-04-22 15:00:00-07:00,2.5149464,157.35259666666667,0.2241756085037361,14.5,158.84272371498133,12.563256988359475,53.66478022451648,254.69047506123312,0.0,106.82723843380104,136.24490372196215,1.0,106.82723843380104,48.03347649040923,2.12856025738237,25.501545,3.526246833333333,127.29448083161694,127.74639843399845,128.2042216596823,129.0100685437702,129.4836628144524,127.47572238589962,126.55407890117314,124.50395603865547,122.3953812093024,121.42124265163227,119.26597399499198,117.07828612141125,32.576381091617314,32.96934515935603,33.34014783228758,33.61417732160791,33.95099212583436,34.28175935189326,33.40158390804471,32.57840474176397,31.730334181954085,31.089086581625907,30.472523582938763,30.032765904147347,50.0,270.0,0.366977778440511,2.214355247456318
2022-04-22 16:00:00-07:00,0.3452919666666666,70.35307333333334,0.2227784707920439,15.5,70.49895493230426,15.473602521097888,65.00825549630996,265.50558127434,0.0,48.36377670743481,56.83781112170966,1.0,48.36377670743481,21.378347258431216,2.857142857142857,24.159176722222224,3.1541418166666664,52.834903299538894,53.102035835840326,53.3728371239658,53.86663612207984,54.146273041293085,53.2002042580732,52.76380136952479,51.79895157808047,50.808108634222556,50.346364668376935,49.330775838161834,48.2998144318748,14.817781233136497,15.053429086735317,15.275142381526427,15.451885310717907,15.648028880452577,15.833420006963848,15.39677740754663,14.97362883862975,14.5429072567733,14.189560856150024,13.848923465379462,13.586404673793313,50.0,270.0,0.366977778440511,2.214355247456318
2022-04-22 17:00:00-07:00,0.5974141833333333,32.66679666666667,0.2205910253347113,16.5,32.80604132425681,48.245534502249335,76.52159081888243,275.1189308140124,0.0,21.71664120005124,30.26159969217274,1.0,21.71664120005124,7.498021086942793,2.857142857142857,21.704557833333336,6.367348033333333,28.119227884936713,28.27994744776972,28.61688996482227,28.76582291794343,28.90769790359606,29.062941140628638,29.116136389781815,29.02169111870395,28.94603687281346,28.700473404698528,28.627166666583214,28.543571451424583,4.4703866814725135,4.48459967774547,4.455069229845136,4.541443072463177,4.416589102243253,4.392721222633327,4.508788648273399,4.419981029898849,4.558348743098089,4.55434805277304,4.4663975486327825,4.442426989823635,28.41797479429145,269.99999914622634,0.5120499257837713,1.9776435400754901
2022-04-22 18:00:00-07:00,0.8359262,4.844377416666666,0.1889285280798231,17.5,4.897220100447521,79.59453531248374,86.37565749726593,283.2219030568837,0.0,3.113983494014982,4.928341670448497,1.0,3.113983494014982,0.8871575761550452,2.857142857142857,16.777019222222222,9.634805883333334,4.636437664592506,4.636434943097977,4.636185245005267,4.633448278582415,4.633451087023879,4.633452276534803,4.631166020817012,4.631164409053208,4.631162590574708,4.630975166362644,4.629117346176603,4.629117925115571,0.5086546639065391,0.4979968024261092,0.4889254945872361,0.4820085259534142,0.4789142657962859,0.4784434045313679,0.4805973274839768,0.4852707442483928,0.4919670777450128,0.5007737244038534,0.5088961904885945,0.5195499014953149,6.968144340293594,269.9999959954466,0.6893412586567118,1.8645291012465406
2022-04-23 05:00:00-07:00,0.1023316833333333,21.169898016666664,0.2140780646401155,4.5,21.17615784770861,79.9343148545974,86.49291450041648,76.47629958943236,0.0,13.304295399553935,21.407876524295524,1.0,13.304295399553935,4.396274111334078,2.857142857142857,8.176375366666667,2.027946103333333,20.0169978428967,20.015780511944243,20.045657238577732,20.007237568483408,20.007251139800836,20.038555464668605,20.000127464840258,20.000120809252962,19.999206602257154,20.0318364163373,19.993406039573536,19.993405875327916,2.465303171255443,2.4137102928268774,2.372975195878044,2.341883359308491,2.323000484157895,2.3206509345994046,2.3305899199244795,2.353364783824135,2.385910856644797,2.42614169022152,2.475733394653277,2.5223929075306826,6.747882935804503,90.0000020913098,0.6912496481221797,1.8640700578894847
2022-04-23 06:00:00-07:00,0.67645615,108.14043333333332,0.2250930489232784,5.5,108.30342187443102,46.495344894791515,76.05769450140077,85.02183226713294,0.0,64.89919119751177,120.1906365489706,1.0,64.89919119751177,25.66581135102717,2.857142857142857,8.348823583333333,5.588029123333333,112.35084454324434,113.44265634425074,113.90554198253444,114.37293153148586,115.30211537707461,115.78230320080036,115.55078986207576,115.37438853171125,115.16612209938054,114.96258327297537,114.8038105568466,114.60915204383932,13.76905925666001,13.821069967587873,13.736866123919627,13.989041838509356,13.903491735498932,14.024174701720092,14.008174328711727,13.775080096435254,14.197993895680339,14.229888408117608,14.226426298963165,13.948841089684484,29.705831591516525,90.00000120741828,0.5022264622039943,1.988561775221195
2022-04-23 07:00:00-07:00,0.9881667,208.91975,0.2226079831463119,6.5,209.3447448498858,15.032011275262048,64.52709842807184,94.62102316271614,0.0,130.98289072493603,210.01498017971042,1.0,130.98289072493603,61.330478729331304,2.857142857142857,8.975592683333334,4.818064949999999,185.8460451220294,188.513090841046,191.13581656065526,192.32707976303266,194.8912922648882,197.38866382536318,198.51869757514814,200.95648072324803,200.42012418146112,199.5251719926928,199.0154777003891,198.51204288193037,37.46110307321126,38.20756853921827,39.041029971051486,39.816315016226504,40.77011945538419,41.65431796884853,42.62016770040038,42.1288779992428,41.6318202690897,41.2357326333062,40.71932331962728,40.19047064469876,50.0,90.0,0.366977778440511,2.214355247456318
2022-04-23 08:00:00-07:00,521.4808323333333,186.79525,0.2260433993282098,7.5,499.3883914019899,12.495882534153559,53.17065580458257,105.4500224533043,0.0,241.22541675986963,767.7336793813449,1.0,241.22541675986963,128.53491452437856,2.1010413115901305,10.448610711111112,5.532031833333334,720.6545148820287,721.8223006234354,722.9780785973364,723.2703356268048,724.6582830600133,725.8739343678037,726.1962302874024,727.2739484512383,730.7866690977689,738.0283401564586,741.4870311355746,744.8877034856154,65.33024569077882,60.50167560285726,56.15340993627072,51.68292060116071,49.124823404782546,46.16496826786537,44.48226365593125,45.71409427209062,47.66890995204066,50.573906063049364,53.38380963773801,56.49988274086655,50.0,90.0,0.366977778440511,2.214355247456318
2022-04-23 09:00:00-07:00,490.0715,308.74966666666666,0.2192637797628006,8.5,670.1583819064546,19.128471124124186,42.48440473957454,119.02445669910914,0.0,388.53187840006825,828.9769002722501,1.0,388.53187840006825,164.7055101360037,1.6314565215826446,11.675316777777777,5.343801999999999,781.7714913008456,783.3681927882237,785.19515706167,785.7756335218323,787.3885414452668,788.3745353525113,790.0806136967815,793.5898776624184,796.9705453121428,801.3338765815168,804.515074141704,807.6332358250097,81.34518911357983,74.9624784974665,69.67882926466355,64.205221639756,61.325595304896744,59.905295164888656,61.362031796330854,62.94614292102492,65.41607433766087,68.84589564269336,70.12346103518347,74.12144440905575,38.68823046878419,90.0,0.43745883529154445,2.0765840307558077
2022-04-23 10:00:00-07:00,410.6296,439.93553333333335,0.215114855905019,9.5,782.7172534339564,24.097418150197843,33.40798962451813,137.86269296908137,0.0,489.1775485090276,838.7619458719221,1.0,489.1775485090276,178.69061126961537,1.3358885617687035,12.0403785,5.214158716666666,806.9697545697979,807.6768681376999,809.546801593085,810.4637441832489,811.1713587410868,813.4489366177526,815.346446122558,817.5010314218458,817.9099896272289,819.2437795198075,820.9256968600548,822.7536213644141,91.2875778227679,84.31049082746333,79.52771826779896,75.74077064866923,73.98240285085575,72.1710186496159,73.2755131913473,73.68941052282156,76.40650756460533,78.68883782614705,82.9300409978719,87.47444765693601,23.870234096796583,90.0,0.5476667173503966,1.942678548966238
2022-04-23 11:00:00-07:00,685.2191833333333,320.7307666666667,0.2089068151870613,10.5,926.9743881192078,26.713754679787247,27.779954877676268,164.68849547419518,0.0,593.7226304605401,939.2787450848718,1.0,593.7226304605401,197.60931594950276,1.104377326219372,12.50967588888889,5.50479065,928.0691764461525,928.8416370628684,928.7742916482315,928.7780946778073,929.4539753038631,929.4524726673186,929.2085769387419,930.0219948144984,929.9685023708589,929.9675755864046,930.4482796297052,930.4506166679747,101.87578272544033,94.28777667435293,87.26085484614275,82.1867677262435,78.97845993096084,77.09625099145735,76.79770734343703,78.23881170710024,81.1471872761097,85.23922701214369,90.70240697144239,96.7624164893574,7.919509415768098,90.0,0.6811090949791433,1.8666802516793146
2022-04-23 12:00:00-07:00,942.4575,210.88805,0.2084511654145297,11.5,1044.0098525345043,26.653897185086265,27.87267094195598,196.35095736623285,0.0,678.1184714768882,1059.4187933789824,1.0,678.1184714768882,220.97259957113357,1.1117241408851681,13.109364222222222,5.414501466666667,1052.710556112521,1052.7078355777226,1051.9541667903272,1051.9517378410558,1052.275186428042,1051.4687855195243,1051.4712452682793,1051.7100616434898,1050.9761886602105,1051.1182334512787,1050.3096459162425,1050.3725974998806,108.74810129753013,101.79564714483817,95.99244875708565,91.19262452048183,87.84402412979978,86.52157380911898,86.95415151283534,89.35133726388126,94.27932154805984,100.59076516585776,108.22294829655453,117.20799361698032,8.468299076210117,270.0,0.6763689097995523,1.8680453643629118
2022-04-23 13:00:00-07:00,734.0912666666667,300.42525,0.2133053015720094,12.5,911.6092890660624,23.925279051450726,33.6361128408501,222.93382377061158,0.0,570.5100085197834,1003.7284836050728,1.0,570.5100085197834,204.45349480617006,1.3442464274888608,12.195294,6.800833683333334,973.7572188620882,974.5399064123843,975.2312301173476,975.4256140070454,976.0135805152314,978.6290707856128,981.3645254782614,981.5096128058483,984.0400538290311,986.2255064258657,988.5297616618241,990.7280443582254,105.73892596671708,97.5901967282971,90.48255250909742,84.34095808074281,81.0378151360461,78.46310264005878,78.78424882376632,79.44170800696604,81.95608880786233,85.35026524625468,90.0425554689431,95.2505664690871,24.37890229431714,269.99999914622634,0.5436154670724689,1.9463071429368655
2022-04-23 14:00:00-07:00,823.0023500000001,175.16785,0.2209654460241573,13.5,779.2645754863045,18.862355000010805,42.775882503110466,241.57277210173203,0.0,437.2064828944686,1017.0604010051089,1.0,437.2064828944686,181.11380377875616,1.6426888215086304,12.5551495,6.447546900000001,995.8517087808127,992.2083739239276,988.8437176811955,985.4049765452883,981.5313932942428,977.5306039722132,977.3062146827783,976.8847419010216,976.9701966035901,976.5989630833423,976.4630042912058,976.2756128749205,71.90020966674945,67.36552794351152,65.9278318040792,62.81891260613406,59.83666067700195,58.403479727145346,56.82509969080011,60.35257418261525,65.4327398003249,71.71447082916845,79.55690080988545,89.03562869774485,39.13410436091022,270.0,0.4344311877948022,2.081471986828906
2022-04-23 15:00:00-07:00,823.4419166666667,133.26896666666667,0.234190353853135,14.5,623.2609897642361,12.234491130331376,53.48355144257927,255.04116128021028,0.0,283.5522620261226,1020.9884186179981,1.0,283.5522620261226,151.66858829426633,2.121201668827447,12.319782444444446,6.792872383333333,993.9964671699968,990.2941349898883,986.5266680760354,978.6478667384811,974.8603095940974,974.5008204674236,974.5927685619135,974.0548385585042,973.2970605668809,973.4660622387249,973.0819731975673,972.7001281197046,56.44471461383282,53.12588395060738,50.24777481861565,47.259215037527134,45.6159373790495,45.021684865528684,48.063841424873026,52.96797047179763,57.28992403669238,64.32592198587916,71.16467208850165,78.60889356948748,50.0,270.0,0.366977778440511,2.214355247456318
2022-04-23 16:00:00-07:00,788.50815,82.79252166666667,0.2521584438855233,15.5,418.04513356564735,15.244657599963775,64.83836679609827,265.82461337109777,0.0,106.70340220011289,914.8423449432601,1.0,106.70340220011289,111.08807489418892,2.857142857142857,12.206431944444445,5.962948583333333,893.7444126071692,890.8437977001431,887.8936327915687,881.9327277339311,879.0369236968504,878.4791345309466,878.1695510986401,877.4761950809165,876.7820077478563,876.5059659867538,875.8721676277764,875.1489369690106,40.01600773964803,38.69723189439175,37.70183037517222,36.61774884178373,36.24562838263613,36.144153206976725,38.08791576428381,40.555633495725125,42.2160148702082,43.380721101742225,43.07839949733776,41.083517801561115,50.0,270.0,0.366977778440511,2.214355247456318
2022-04-23 17:00:00-07:00,583.4311166666666,62.73004333333333,0.2346058990943893,16.5,200.40176053547052,47.60814122660804,76.35124505168181,275.4157187615139,0.0,27.23474519524441,503.1451373246731,1.0,27.23474519524441,52.85064336252137,2.857142857142857,11.283102722222225,4.9255145,492.092730593798,490.9861400242347,489.8540102334997,488.6609883929654,487.44483162046805,486.1730827231227,484.8794516430786,484.7044511658018,484.30390619233793,484.1127221647704,483.9231104626161,483.4982923494217,12.143732095041873,11.034027053163452,9.947534510134476,8.892833164413863,8.815775269588306,7.8209425750853825,7.568317220895323,6.8322267983045295,5.9731392684386915,5.982906683698726,5.91634425631369,6.004936621203511,28.905980588531254,270.0,0.5083131187746099,1.9817287803916452
2022-04-23 18:00:00-07:00,181.7592560333333,18.04773625,0.2618706464723386,17.5,29.511402426639147,79.61848951737036,86.38392043411282,283.6629971080312,0.0,8.189069703278385,56.94667703010704,1.0,8.189069703278385,8.243948336297205,2.857142857142857,9.6850646,5.477244333333333,40.821437085172924,40.82143500793586,40.77222971487309,40.77291291320704,40.772919538624514,40.77292540176704,40.71236706774299,40.712362709852385,40.71235247050992,40.639774025313166,40.64068421302577,40.64069413078977,2.0189709989442557,1.9801203178723665,1.9069466022589239,1.8745300713363748,1.8501128784844068,1.8330722885332442,1.8253598374942337,1.827071949238127,1.8383468312078173,1.83058160696993,1.863762127265039,1.902608756241209,6.964979588908813,270.0,0.6893686724242453,1.8645224017493538
2022-04-24 05:00:00-07:00,194.98591161666667,21.474148166666662,0.241459918563779,4.5,34.23741573711909,79.22101035460652,86.2468847907315,76.25116798436761,0.0,10.205877842597532,64.88267079032647,1.0,10.205877842597532,8.849930420509631,2.857142857142857,2.389153588888889,0.9116934326666668,47.25448821220007,47.347643136151156,47.34763508196327,47.462889310751194,47.42605319392782,47.42605594743667,47.541287315107695,47.49233012796526,47.49232235649782,47.49231401034963,47.60754845318458,47.54540392059636,2.1838610328007793,2.1641119237434707,2.1298716999309106,2.108561435950323,2.0956715756777013,2.093198639594438,2.102817574557544,2.122482009433726,2.1911318453767574,2.2287088791053478,2.2694641649000933,2.31650161252104,7.2359935578059424,90.0,0.6870217693535421,1.8651070866897115
2022-04-24 06:00:00-07:00,597.3937333333332,63.430775,0.2405869964127627,5.5,209.78645162342195,45.57521624104804,75.81873884993753,84.78267672638505,0.0,27.193409984978082,531.0141824075426,1.0,27.193409984978082,56.49324515844147,2.857142857142857,6.083324844444444,1.2117305823333333,511.21242695318415,511.65420556308925,511.8515328413446,512.2880015735954,512.4711812635114,512.6554342442134,514.0780698087272,515.4428805470264,516.7900690429326,518.0740538776328,519.316028671434,520.5341439475269,6.1808702877140265,6.092420041794096,6.167650900796187,6.282806165022837,7.089593847479853,7.306129707639561,8.147235458673435,9.212544075996624,9.551143513691118,10.407266969358135,11.555432290134071,12.727239669822499,30.406855784833855,90.0,0.4969315172752012,1.994689744095271
2022-04-24 07:00:00-07:00,762.5025166666667,93.42096166666668,0.2320602592735946,6.5,424.22410130435657,14.745859672401775,64.28857518956163,94.36354740361821,0.0,116.16369992527372,910.2376270923282,1.0,116.16369992527372,105.44353303339147,2.857142857142857,7.0763242,2.3297357,871.6939473236193,872.4384587098026,873.1062140216028,873.39055460632,874.1198940790413,874.8360545645413,875.164296139678,875.7096544100071,878.5977517176142,884.5297226297214,887.4629459855989,890.3465782857794,43.58844154469406,44.75425632935829,44.321230842777936,42.58203342925066,40.58958836833222,37.86741940448711,35.82848751092095,35.85803776405304,36.202970053470615,37.30272703035649,38.314587734443904,39.66201030423171,50.0,90.0,0.366977778440511,2.214355247456318
2022-04-24 08:00:00-07:00,770.4657166666667,135.37016666666668,0.2256639243008893,7.5,599.8731032460811,12.205160335897617,52.923132358025214,105.171758592473,0.0,273.61906923033996,969.1264512844889,1.0,273.61906923033996,143.29138301075204,2.089909357784561,8.236899011111111,2.505398616666666,922.0571488178964,922.4548883398542,922.8584608205381,922.7097514498583,923.4673335344764,923.995731864628,923.9242322205642,924.3105540330407,928.1839182716367,936.1492734243895,939.956387391648,943.7064352979571,71.50423827998438,64.45589372480295,58.11649057085003,51.76901927687438,47.97072479390363,43.72353898314712,41.1819789302698,42.22224355254356,44.289713926660745,47.51940766103959,50.656016369576626,54.201521247826584,50.0,90.0,0.366977778440511,2.214355247456318
2022-04-24 09:00:00-07:00,705.6857666666667,246.7111,0.2175803059652355,8.5,769.3565248593441,18.8455633861453,42.21569088925022,118.73354433577771,0.0,437.7238015471418,976.0821582682772,1.0,437.7238015471418,181.61515397274366,1.6268524187999573,9.058215294444445,3.1219366683333334,930.63207801088,930.7639663395677,932.0056979771854,932.9812565399807,933.2783666714339,934.2661041435526,935.1671084794837,939.0144090990201,943.2033123155255,946.7563957075874,950.5856549488122,953.9777761542538,89.59817629029831,81.33710739806823,73.93713611293471,68.3200810820395,63.38835339678624,61.12909027061266,62.47855803682462,64.14382117404816,67.22092798491836,70.43695619421729,71.59974273723397,76.46391985431437,38.503307977984704,90.0,0.4387200902169659,2.0745706425441885
2022-04-24 10:00:00-07:00,252.4804513333333,381.4786333333333,0.2186691012678449,9.5,592.9731793982767,23.791202906084102,33.105424001896196,137.6115701683833,0.0,372.0043608002567,633.1957555258505,1.0,372.0043608002567,140.60102999114156,1.3335778190006764,9.530014294444443,3.3331806166666667,604.41654322727,606.2050480252809,606.9506654588156,607.7665521491401,608.4086057514089,610.6250001962566,612.5287026292121,614.6024945194998,614.9678297402027,616.3545200986073,618.0366218216074,619.8070242149473,70.75920038168408,66.41038458929341,62.51177606201674,59.800308337735835,58.87623078744966,57.62185883923514,58.83271437229229,59.19859407908398,61.612142377474704,63.32134528728276,66.97884442430451,69.75205429041124,23.72865436059946,90.00000120741828,0.5487971694599866,1.9416813975877614
2022-04-24 11:00:00-07:00,1.0314429,259.7511666666667,0.2208592768235482,10.5,260.66649375730987,26.389618599477757,27.448699578054686,164.63234187127398,0.0,167.6685798987793,258.11359631148207,1.0,167.6685798987793,56.470258344799305,1.1032853013266415,8.507234144444444,2.766380395,246.05424266681058,246.01613752569725,245.99624108858407,246.33732879676987,245.9643613449218,245.9642837288218,245.93619013985762,245.92023489474192,245.9200779112009,246.27009152612973,245.89702412950558,245.89731970315253,31.82229607097314,30.993169867689318,30.330351410581653,29.805639206922514,29.527638714962457,29.441143250625668,29.56747810271975,29.886927484655743,30.3536695977009,30.98242884144472,31.661883305125148,32.47159872180615,7.8377927118590245,90.0,0.6818154763365597,1.8664847511692781
2022-04-24 12:00:00-07:00,2.0020727833333334,300.04266666666666,0.2174296242936692,11.5,301.81753335558716,26.321977782308693,27.56151530236848,196.60064519144242,0.0,194.60914775143934,298.77027577473626,1.0,194.60914775143934,64.41322376146276,1.1118971928672055,8.85651237777778,2.357556363333333,284.8445783379765,284.8443280225954,285.32005772818894,285.31965271596846,284.8874678082495,285.3462663712431,285.3466362131033,284.91901203017704,285.4001606454878,284.97607804202187,285.43426989761224,285.0163764594385,36.997600859410475,36.05082987400658,35.25268826242615,34.51043843823495,33.97463206042394,33.61009329583851,33.458153155988896,33.56625049910905,33.9473734933322,34.52275972842458,35.31432715413662,36.29726876582855,8.481204605968012,270.0,0.6762575175374226,1.8680785593739881
2022-04-24 13:00:00-07:00,32.90449546666667,364.6781166666667,0.219162515282178,12.5,392.15392077695776,23.596679529115292,33.38242003003559,223.32164254534155,0.0,254.08986242590785,393.6758025059848,1.0,254.08986242590785,91.90837260111323,1.3433961552993214,9.0874614,2.9391332,378.83802513148316,379.3476455108413,378.812070668034,378.37547527443235,377.79317478439,376.86438194570616,376.23333758835827,375.70590532592,374.5669312930725,373.57397570769035,372.3471366478568,370.01787261352797,50.718648037620774,49.31100338979006,48.44093618107144,46.86640511411291,46.43620737425521,45.408976267420655,45.41182977508197,45.096880826307896,45.97130049516684,46.53794290490326,48.4344717295341,49.66572113426529,24.327399398554405,270.0,0.544024923280614,1.9459364748771422
2022-04-24 14:00:00-07:00,65.8426246,414.2972666666666,0.2186895118306121,13.5,462.7875212797452,18.54489430139147,42.56953472727014,241.9561229209264,0.0,291.11965996128043,487.5640232147483,1.0,291.11965996128043,118.90689146337516,1.6401055151386847,10.04672226111111,1.7985149983333335,467.96550817839557,466.973847490553,466.2246454338989,465.4768500558425,464.4512768408212,461.92338139211495,460.3791449846533,458.8461648641026,455.49295799462755,451.9867191394508,450.320809567695,446.7446285135441,67.22269839845342,65.97387911353701,64.21108003553637,63.22508169830632,62.391698752192994,61.471916543171076,60.64253515277259,60.15491731876247,61.14388173811277,61.51826878426843,62.48761616916458,65.14259146544761,39.0322150141518,270.0,0.43512137593154543,2.0803508589740893
2022-04-24 15:00:00-07:00,3.2826568,168.87595000000002,0.2209448838440303,14.5,170.8375653011228,11.91005225747643,53.30398262020523,255.3885019551684,0.0,114.47196803048814,147.8319727221336,1.0,114.47196803048814,51.06616276069625,2.1139058202540983,9.56116613888889,1.8318981033333328,138.30178348309823,138.77062337721173,139.24555368250273,140.07960461402826,140.57126656263966,138.4329214117223,137.45052386211478,135.26628836609058,133.01943423108185,131.98135443470946,129.6856830346784,127.35544325035588,34.57256849583231,34.97913820818282,35.36369601989339,35.647455040496354,35.999842559601035,36.34889598289531,35.42191325875436,34.55945300369505,33.67044500406561,33.00552377669603,32.36711589966667,31.91607236953668,50.0,270.0,0.366977778440511,2.214355247456318
2022-04-24 16:00:00-07:00,1.3343368166666667,120.40853833333334,0.2178309797866799,15.5,120.97941675918597,15.020877574809118,64.66964230459531,266.14008184971374,0.0,80.43030591612587,105.7373903337666,1.0,80.43030591612587,35.820737827266214,2.857142857142857,8.801394166666666,2.265250013333333,99.00763421919615,99.39841576000643,99.79443962558864,100.5096125870281,100.92050945054282,99.36837041429018,98.64974590750526,97.06435879497457,95.43664262765711,94.67715137569698,93.0096885616368,91.31597201512514,24.453518358630372,24.81282509018867,25.154237568949807,25.423980228310896,25.733052909148217,26.028801639104305,25.34381315198279,24.687507603954725,24.010543968624514,23.451331101560744,22.89559725936516,22.44295952791445,50.0,270.0,0.366977778440511,2.214355247456318
2022-04-24 17:00:00-07:00,0.3013248166666666,65.33769,0.2121734439543192,16.5,65.40965927638958,46.96788827032433,76.18174580978094,275.70878893221396,0.0,42.4239626498973,62.947857382861095,1.0,42.4239626498973,14.691721167900972,2.857142857142857,8.111418666666667,2.8233776333333336,59.5284100871474,59.67274736624321,59.795743085866846,59.94713247125295,60.075480645627124,60.24024947473433,60.38232771081191,60.097696463420476,59.81412239332852,59.14874883692379,58.84194313807795,58.52020305416364,8.608114892687984,8.645594263045712,8.662946219325486,8.824538184624927,8.544899663540797,8.553295581542873,8.745252093256893,8.500714368283065,8.739475914244487,8.574151710643264,8.624694561064794,8.581403452195444,29.399451923069506,270.0,0.5045522901091056,1.9859243502014232
2022-04-24 18:00:00-07:00,1.0774075666666667,5.034661733333333,0.1901808786553551,17.5,5.105954339029278,79.10214980940033,86.20593699712326,283.9428806793955,0.0,3.237815096400126,5.164468691257102,1.0,3.237815096400126,0.9303095632660008,2.857142857142857,4.193586688888889,2.681022628333333,4.855667181205141,4.843854233813847,4.852330982060369,4.840525802504691,4.849237096525227,4.849237597343954,4.837426264501665,4.846864033452256,4.846862094235509,4.846859992816898,4.835050055572953,4.844742187762189,0.5323193008362811,0.5192154676841272,0.5106621098641404,0.5044701629006123,0.501254070149619,0.5006688746793401,0.5030819165613959,0.5079970036213118,0.5139395835068462,0.5224438062605985,0.5332832792028639,0.5443714476878224,7.322499281206778,269.9999958173804,0.686272948806194,1.8652983875890021
2022-04-25 05:00:00-07:00,98.46423976666668,29.8194318,0.2577360702732473,4.5,36.35971017266266,79.06007449850452,86.19144525306184,75.87075394280237,0.0,15.790334164253645,54.81879837497223,1.0,15.790334164253645,9.606933387226118,2.857142857142857,1.1564960622222222,0.515574429,43.30869614598785,43.34420439985811,43.35573704963959,43.39129901300697,43.39593720080989,43.394197187254704,43.429717371266584,43.42766575639372,43.42765295732834,43.42763913566329,43.46317022054265,43.45487321255642,3.5668970759381953,3.4866983375344556,3.430184456165293,3.3917068078373505,3.3704701201445197,3.366197085006624,3.3821869277413468,3.434321171008346,3.4826250484411814,3.54125409077089,3.612280003822857,3.685480981039415,7.357023301534117,90.00000391248236,0.6859741385696334,1.8653753661085937
2022-04-25 06:00:00-07:00,248.851335,125.444495,0.2343679374312598,5.5,187.39918393151524,44.65743099724283,75.58386407939568,84.54452195283818,0.0,63.070222332833545,358.62929533558804,1.0,63.070222332833545,49.843936993952234,2.857142857142857,3.1175301388888887,0.7990880111666666,340.9412483898392,341.9858684963244,342.45491279846823,343.4329646164801,343.9264675946026,344.3618616786657,345.19946353266647,346.4968128268541,347.27468851844736,348.0707830029648,348.7934537482993,349.17051119502514,13.974772337029579,14.079840319885015,14.267234460679008,14.266175602359425,14.880444289898003,14.97239746167403,15.693240282959412,16.479523578513707,16.674452023606698,17.471878089862198,18.287241394497133,19.084527015436656,31.111517662246996,90.0,0.49164727689771676,2.000979623955085
2022-04-25 07:00:00-07:00,822.2026166666667,74.29285333333334,0.2069356809139782,6.5,434.02161015714853,14.46573580957034,64.05434910164814,94.10667305416189,0.0,114.18209197554965,936.3266956107116,1.0,114.18209197554965,96.36928860625846,2.857142857142857,3.9500048,1.5617791,900.7157635517373,901.325957728168,901.8803443533856,902.102449663465,902.7247005652405,903.3163710809848,903.5934401418806,904.0152941953484,906.7936207725033,912.5104041431707,915.3304180544262,918.1029268521079,40.74872459866428,41.25461783649649,40.31876491602016,38.25475280453028,36.092874352504,33.28939389403741,31.242494632251802,31.279143196381526,31.645684608109658,32.75867663897681,33.79959008536258,35.17171080519181,50.0,90.0,0.366977778440511,2.214355247456318
2022-04-25 08:00:00-07:00,944.0051,75.79460333333333,0.2162483766668113,7.5,648.1106838025778,11.919040077883652,52.68016404510508,104.89333667431403,0.0,290.0329281754899,1051.1803005336565,1.0,290.0329281754899,138.1568297560567,2.0790955207042074,5.649492805555555,1.6943394433333334,1012.1187061580163,1012.2354585542167,1012.3630425196468,1012.065562668529,1012.5807145454193,1012.8577403343362,1012.6508211337164,1012.7804373787857,1015.4722143644769,1021.1311189610396,1023.8122656639641,1026.4532844113314,72.45206809806511,64.80548472010354,57.89427092955341,50.971092935474395,46.75920935393739,42.06878382788445,39.20510126473269,39.07908561990747,40.03438728390652,42.2051329311491,44.266918528788366,46.747707500553204,50.0,90.0,0.366977778440511,2.214355247456318
2022-04-25 09:00:00-07:00,973.4834166666666,89.46169333333334,0.2107969799434776,8.5,813.4492893321437,18.564832824794458,41.951737548344596,118.44099624681202,0.0,453.3759114458975,1049.1837181074716,1.0,453.3759114458975,170.28064823107613,1.622382868425566,6.823660116666667,1.7752179383333333,1019.8141560957388,1019.7961711432661,1019.8186843668633,1019.8800124919549,1019.7703907487132,1019.8925369786796,1019.9971211014062,1022.5050021059623,1024.624544742673,1026.512505988696,1028.714222447512,1030.513768498844,88.38638021018913,78.83321470985138,70.46963795496751,63.73679180586383,57.783169160078835,54.57854109239482,54.81876131464682,54.856119103602744,56.43996894475801,58.17418832887563,59.36833965250421,62.32501521723857,38.32257482716615,90.0,0.4399559052287419,2.0726107435937147
2022-04-25 10:00:00-07:00,948.2593333333332,132.58426333333333,0.2049521209108209,9.5,929.5921783067096,23.487711645933725,32.80749606498097,137.3565262453523,0.0,570.3762327427769,1020.9328103758221,1.0,570.3762327427769,192.82875258386125,1.3313373758735374,8.644559483333333,1.9774211733333331,1002.3075772268804,1002.7840260492869,1002.9009333939246,1002.8587425777321,1003.1117339928808,1004.5296116090921,1006.0295007689639,1007.3573347467552,1007.4296730645646,1008.7616239096852,1009.8812602763014,1011.1731743767367,99.68093539201938,90.55919944731593,83.0656790508678,76.46862515800254,72.44016548995265,69.7555399342441,69.57909751694484,70.06500551805163,72.11013009236021,75.30277187456345,80.07446491038867,84.37756032668709,23.590992946347324,90.00000085377364,0.5498975135616249,1.9407172029380442
2022-04-25 11:00:00-07:00,957.8161166666667,149.33031666666665,0.2032208059718843,10.5,1001.8276442523825,26.068773445751496,27.121375811309242,164.57198952330467,0.0,641.419907720519,1013.1610656163206,1.0,641.419907720519,205.12537726902806,1.1022360760926535,10.2330628,2.2613160666666667,1006.3059608899715,1006.635836952824,1006.634361801003,1006.5725386579379,1006.9917256241818,1006.9908600240451,1007.2868322380605,1007.2292850207685,1007.2283238713323,1007.0604375375917,1007.4773007270048,1007.4799331702318,106.31757493534353,97.9248250184707,90.71372561413094,84.48654580339851,80.57067964217813,78.5781565584864,78.1761323247614,79.71872840526797,82.75876453504291,87.37060316066822,92.98426542019448,99.8527375534647,7.759244442182319,90.0,0.6824945996395649,1.8662987303051848
2022-04-25 12:00:00-07:00,599.728956,233.10121666666663,0.2104717665247906,11.5,766.2524370230071,25.99379072702424,27.25377672215741,196.8492767257338,0.0,497.6539043668195,779.8621941468452,1.0,497.6539043668195,166.16552540922197,1.1120427821908285,11.26974,2.397424211666667,771.2875711328742,771.1587695029791,772.2240950763921,771.990740129474,773.058249438871,772.6506135999131,772.6487975625806,773.7124012240704,773.2566165733346,773.2585961812665,774.3273473310807,774.2850429983487,87.1365623255724,80.80895179107927,75.04927509925942,70.42035136691969,66.80966218175863,65.08282324098671,64.7733736548909,66.1115480355372,68.36692891501762,71.89833783766827,76.1881102064286,81.2981337606203,8.492059563792104,269.99999669334886,0.6761638273946977,1.8681065188518922
2022-04-25 13:00:00-07:00,221.2764715666667,130.19442833333332,0.2100129474719865,12.5,315.49486495733447,23.27205427274358,33.131756842189546,223.70788236138714,0.0,197.61464483924289,351.3296994091851,1.0,197.61464483924289,74.82168780512269,1.342531425342358,7.673351844444444,3.0706507183333334,335.7838440403377,336.09768781567357,336.3544006167303,336.44346576638486,336.6612606621141,338.4958845842098,340.2468121906765,340.33265537874416,342.0336835076364,343.57858303525865,345.12901742555243,346.79661042706056,36.09701228584149,33.372001482350214,31.48341971732304,29.47489261374862,28.865200563659922,27.843158273991428,28.715195001307652,29.067587016228504,30.41723727758491,31.730394974562113,33.823347960256065,36.28983041529574,24.274962732498775,269.9999987925817,0.5444419740929101,1.9455598428535823
2022-04-25 14:00:00-07:00,633.7595462,202.87608333333336,0.2208874507719062,13.5,671.13631337674,18.231495058779657,42.36551716279851,242.3365311358082,0.0,379.83361605922283,866.3249844248123,1.0,379.83361605922283,162.15353974979107,1.6375289586850292,10.582689605555554,1.5559370166666668,846.5543360232443,842.9795817805325,839.3874859632083,835.3817335231003,831.6578404835631,827.3001744418734,826.9615566675469,826.8211347971957,826.1747883649676,825.6518530913305,824.7851888616451,824.2228643764287,67.29966906408055,62.89321768759384,61.91612228921987,58.884048172552,56.20462806286197,53.76466833604036,51.73509896364409,54.51893226939016,58.33408795163039,63.736276958596854,70.0988554313324,78.6338417264431,38.930202441116045,270.0,0.4358133963584691,2.0792308361733918
2022-04-25 15:00:00-07:00,387.5177371666667,258.58551666666665,0.2292198677044144,14.5,491.1179381372233,11.590086914257679,53.12607709507927,255.73234387829746,0.0,254.14929014684213,695.8037729539179,1.0,254.14929014684213,131.85926821774672,2.1066722233688364,10.509633105555556,1.851751011666667,672.1557247853416,669.6742289656759,667.1492959029025,661.7731847977957,659.2146736288021,657.2250536055298,656.4546637918377,654.3297910380271,652.0316878249346,651.2568247001998,649.122626356236,646.9607940258063,64.27775131568936,61.99478929048536,59.94831802650998,57.766681487251184,56.397205328547805,55.613560208079384,56.49864788550823,58.45949271961902,60.07655772997641,63.373759564196874,66.5837951824492,70.2869601431081,50.0,270.0,0.366977778440511,2.214355247456318
2022-04-25 16:00:00-07:00,471.57938,173.01019333333335,0.2435919562556585,15.5,376.0148022408257,14.802301455027488,64.50209280235826,266.45186352140973,0.0,135.1429077827943,713.1319864401765,1.0,135.1429077827943,107.4489646239238,2.857142857142857,10.915857166666664,2.18929942,693.1754148145741,690.5322422134611,687.8441977936691,682.3251689385539,679.6449470520207,678.2260311034672,677.5211140250219,675.9580336274554,674.356552036239,673.656811320838,672.0745947493074,670.4195193757853,49.89942981798771,48.395154197236174,47.13549093377205,45.76672623010835,44.99642539610618,44.46008917705363,45.48708696623692,47.03687533326088,48.03467353892445,48.94201097946738,48.89703513170433,47.7667360266717,50.0,270.0,0.366977778440511,2.214355247456318
2022-04-25 17:00:00-07:00,425.0655316666667,68.31982500000001,0.2319023177642852,16.5,171.05806569380496,46.32469167245034,76.01311617624691,275.99803688420724,0.0,30.28738409743735,410.5629058523092,1.0,30.28738409743735,46.6778080732367,2.857142857142857,11.015384227777778,1.3962624516666666,392.41212424057966,392.67137697498646,393.136713073878,393.3540512578471,393.58368379682287,394.0109433437074,395.3999418986685,396.77219527464064,398.0839953329297,399.3729539271101,400.59683807822813,401.79647506774506,6.707074942860699,6.6106706073598405,6.69433413235111,6.688288239965985,7.632049453418711,7.689753780455943,8.716865748126855,9.797340394925895,9.891684155165194,11.03848529640858,12.207352375239502,13.021855943770081,29.89855808223244,269.9999987925817,0.5007670384559488,1.9902335634333446
2022-04-25 18:00:00-07:00,84.03858191666667,30.912841416666662,0.2388715832026051,17.5,36.46066834980404,79.1280334621477,86.21485282714968,284.3755650859447,0.0,16.327645341646452,53.29803734871444,1.0,16.327645341646452,8.949071421043666,2.857142857142857,9.427326405555556,1.35816444,42.61220765682766,42.621207788442035,42.585811564971216,42.585824874608335,42.58583715817639,42.58726361892454,42.551876072537695,42.551872854602024,42.548183716893476,42.512757303757,42.50040275069596,42.46502545913438,3.536054063104347,3.4657913904872513,3.397551820601079,3.3413108005453322,3.274925493102651,3.2437879496302355,3.228499691214929,3.2324982041240617,3.252866783596277,3.289723570011592,3.3438949528123003,3.4059398176075653,7.319124862767491,270.0,0.6863021561139425,1.8652908829364891
2022-04-26 05:00:00-07:00,125.99384306666668,26.58740183333333,0.2465137607809946,4.5,35.07017387119294,78.90931025971094,86.13953379365798,75.49197374504013,0.0,13.123136043740319,58.63290889629677,1.0,13.123136043740319,9.087427265663631,2.857142857142857,1.5284739361111113,0.5895546005,44.82106023245709,44.90025689170382,44.8939386619933,44.973180363866526,44.973206706349316,44.9547626070474,45.03396831344783,45.03395747262274,45.00660185226542,45.006591390779036,45.08581032758329,45.085828409700426,2.8581419301548636,2.800393747676785,2.7555022167303163,2.7260349331753853,2.7072435995946558,2.705938393894196,2.7187528068660387,2.776284393265805,2.813590125108132,2.8595436127416627,2.917789875012121,2.975705238104796,7.47188069553774,90.0,0.6849801996412356,1.8656340562513947
2022-04-26 06:00:00-07:00,541.4307,76.88397833333333,0.2383665888438001,5.5,213.79042125362338,43.742157556926536,75.35315277616675,84.30743477415137,0.0,34.94062498779229,520.9746340966891,1.0,34.94062498779229,58.39452324074384,2.857142857142857,6.978049166666667,0.6095379956666667,500.0479014161114,500.67095478245056,500.93613805982193,501.4866630164195,501.7372769525023,502.01231446549326,502.50820153573534,505.3575909007919,506.86204740567854,508.293135591242,509.7054199287061,511.0462493013261,7.9927947257876975,8.03287847075664,7.98682148791363,8.148301243322965,8.181265688835403,9.317510339381696,10.499304756600331,10.598072722029286,11.87429773688085,13.172178180133079,14.51397267678053,15.435537945166832,31.81985968471868,90.00000120741828,0.48637482450250114,2.007432866984067
2022-04-26 07:00:00-07:00,645.3904666666666,121.35820666666667,0.2358978932464148,6.5,406.05422848960814,14.191827449440666,63.824500174064845,93.85048623335422,0.0,125.22239710546415,830.8740129759223,1.0,125.22239710546415,108.33191280829598,2.857142857142857,10.84750363888889,1.1019143083333334,788.4961174524437,789.5303985369185,790.5075002257116,790.9137777973991,791.9475449723883,792.9339288885865,793.3909196605262,794.191926893817,797.4644612557499,804.1704199347828,807.4583808574962,810.6914850735745,48.393620116608936,48.53088717494202,47.39546223768733,45.23715297985246,43.1388283160697,40.41905904407379,38.53431199865548,38.98713746333424,39.79148889585255,41.38431987740155,42.88062176063235,44.71278745010984,50.0,90.0,0.366977778440511,2.214355247456318
2022-04-26 08:00:00-07:00,854.4127833333333,133.60316666666665,0.2294617214000927,7.5,654.4246013272127,11.637619876482612,52.44183321535684,104.6148621282627,0.0,305.2502673791025,1044.1913598346916,1.0,305.2502673791025,156.71991100089585,2.0685947972437138,12.98580838888889,1.7506766466666666,994.672077707477,995.1229449378527,995.573536827292,995.3946433009256,996.2539273155642,996.8293332378873,996.7493695327037,997.1985151406807,1001.0319325629252,1008.9683225292387,1012.7439486029028,1016.4657557936835,79.72562264758865,71.99926256739536,65.02861488792749,58.091407887599395,53.97069104847285,49.36717500134629,46.625815535145364,47.39732161880182,49.367969635516644,52.614770211050676,55.74811293319973,59.3100920989166,50.0,90.0,0.366977778440511,2.214355247456318
2022-04-26 09:00:00-07:00,796.3151166666667,190.41788333333332,0.2186678335185008,8.5,785.0452193093936,18.286368844316872,41.69263760464743,118.14692116395969,0.0,441.22600447970524,1008.5211842766921,1.0,441.22600447970524,182.01182373399368,1.6180462236659983,16.42752011111111,1.7052186316666669,967.2558641344815,967.6258450208168,968.3162574764401,968.2317169686257,968.7767136668159,968.7589957868198,969.015189410705,973.6088748754162,977.1378217173084,980.6249920200328,984.0545963677414,987.7293123454555,89.7244383412703,80.35107934916014,72.56023019440322,66.19321216458805,61.49350950849197,57.5549860768984,59.16008644508784,61.232757430257855,63.58023905604008,67.24801110793665,70.95302816465237,72.56841279923728,38.14606328544402,90.0,0.44116583160384487,2.070704159135046
2022-04-26 10:00:00-07:00,931.6002833333332,151.6938,0.2098115721143784,9.5,937.2724243363979,23.187039834123986,32.514315234572855,137.09759601264966,0.0,574.4031718347255,1034.2790012772587,1.0,574.4031718347255,202.2401363605174,1.3291668709193423,18.023201888888888,2.5292837666666665,1012.918078067826,1012.7553277006248,1013.0825500743366,1012.9788451794071,1013.1690887658098,1015.2909358054582,1017.4672122186689,1019.4234838153216,1019.3746038131244,1021.0755026750512,1022.906876799299,1025.0051431823765,102.59546266084855,94.52748528879106,85.39171964979913,78.68343218995902,74.78124371718822,71.99444320153395,72.11496691546877,72.66699264465655,75.14663601074017,78.51752354842475,83.37492080801476,89.01463904231414,23.457263726664955,90.0,0.5509675333307222,1.9397856154718869
2022-04-26 11:00:00-07:00,939.6972833333332,157.0309,0.2056862310821429,10.5,995.8055074501966,25.751317434619825,26.7980879459853,164.50730030268824,0.0,637.5739389132304,1006.7461926893699,1.0,637.5739389132304,206.26643772196996,1.1012296327637172,19.84686372222222,2.51777921,999.8196597210291,1000.1388710799628,1000.1372317210098,1000.0846999751466,1000.4856562353029,1000.3783211763969,1000.716833246775,1000.7156711164348,1000.7147214947456,1000.5587519797689,1000.9568881942798,1000.9595517618518,106.99265507768732,98.58101039854765,91.35498522707717,85.1087532153541,81.18063345477096,79.03114629036426,78.8634080077927,80.31123547093024,83.36143207167223,87.98746619880329,93.6321302474467,100.52483393049751,7.6838677171746275,90.0,0.6831464212784075,1.8661219713647301
2022-04-26 12:00:00-07:00,832.2382166666666,215.32993333333332,0.2077541458753944,11.5,957.1921859295519,25.669435506978203,26.949523481495074,197.09664038832665,0.0,621.8228016748045,973.2897526031051,1.0,621.8228016748045,203.4701662939606,1.1121608352752457,20.901463222222223,3.0575815166666667,964.970320610325,964.8298176188492,965.890096053838,965.648969309258,966.7119360541747,966.2831186503157,966.2808363595402,967.3389338447022,966.8772316023205,966.8798048917921,967.944379449171,967.8922386255542,107.17780506881327,99.12291138170798,91.85209226262383,86.00260701831411,81.43252706080341,79.22262710346955,78.81128811128826,80.37535475142943,83.19702271117973,87.62578501770226,93.00013474940123,99.42278494114235,8.500862164185554,269.99999627848695,0.6760878532841645,1.8681292180703584
2022-04-26 13:00:00-07:00,266.3835808333333,397.8799,0.2177975839890093,12.5,621.5808586558339,22.951504091217895,32.884152327002056,224.0923047131868,0.0,394.01402115172436,665.4276753528096,1.0,394.01402115172436,146.68659323367015,1.3416522113089175,21.114283277777776,2.9016323683333334,651.2403138546108,649.9147832458718,648.0560551084594,646.1072046831799,644.2422026997209,643.5071900765511,641.4936729165111,639.1764736868181,638.4656535550519,637.8047252588865,636.7936151514173,636.1109774537682,73.93645545782404,70.19339016836028,67.25911180508531,64.74588234679875,62.35528746824625,62.087953252588555,60.983793613957225,62.486948565302036,63.59784103800588,67.11381874044308,70.99306987698947,75.288958193202,24.221589991268736,270.0,0.5448666467102123,1.9451772714586446
2022-04-26 14:00:00-07:00,208.02328,364.88756666666666,0.2234285739876546,13.5,519.080329264549,17.92225636037261,42.16383837291641,242.7138008194578,0.0,315.64181039821585,587.5392458693022,1.0,315.64181039821585,132.71717874249032,1.6349591798219294,21.7344815,1.85835654,568.4242928075776,566.9628834799807,564.1945150405307,562.3614397019966,560.7958914368468,559.1696689028672,556.4913784444178,555.3160957839376,552.2845294256965,551.0753457152564,548.1497107242052,545.3153895467593,67.67515460436434,65.5863656108642,64.18523570288669,62.32144106223568,62.06123222537549,60.701584432848165,59.89861373393651,59.89734590636562,60.790513611531665,63.3482465983648,66.30626265064065,69.54450239478564,38.82806909228547,270.0,0.43650723383592077,2.0781119577228306
2022-04-26 15:00:00-07:00,684.3887225,172.99463333333333,0.2306217849536341,14.5,585.3483758855416,11.274743962258142,52.94984202352709,256.07253724932264,0.0,279.22601570109185,928.257677325799,1.0,279.22601570109185,148.67759668939118,2.0995007163383628,22.258863,2.151966481666667,902.013670163361,897.952105235246,893.8281872378794,885.1971742969587,881.0148933099235,880.2421890506904,880.1258444273867,879.2095193449322,878.0693639629804,878.0153201494537,877.205516322352,876.3863235262169,61.600466620998745,57.85205010206506,54.50710087792682,51.06374188391636,48.801389674811396,47.516103672464425,49.894436974563746,53.92806257536026,57.43480983881148,63.343342491464995,69.1001873900821,75.43607476277867,50.0,270.0,0.366977778440511,2.214355247456318
2022-04-26 16:00:00-07:00,518.8592976666666,130.84464,0.241243011675979,15.5,355.56105993159895,14.58896424646585,64.3357334850761,266.75983852194264,0.0,116.06365854849307,707.8929767501018,1.0,116.06365854849307,97.49219604687019,2.857142857142857,21.744603722222223,1.9669909383333333,689.6951628462035,687.165781910795,684.593318786569,679.3423819699601,676.7878666842947,675.7880102431868,675.2720363635377,674.1318459642799,672.9651267434326,672.4668731439873,671.3319210664454,670.1292581386887,42.22218011329462,40.866027287607125,39.76401729058187,38.57037085967912,37.9753353729641,37.62155622342327,38.897311336538785,40.70339966931951,41.94674029239094,43.05297157721694,43.17246872010024,42.130393741245484,50.0,270.0,0.366977778440511,2.214355247456318
2022-04-26 17:00:00-07:00,237.6806225,104.90551833333332,0.2266776700325572,16.5,163.02779803889962,45.67847966364978,75.84538393920207,276.2833615869402,0.0,53.48895711765898,316.1653451677264,1.0,53.48895711765898,42.235894780376505,2.857142857142857,20.75557872222222,1.6835048433333335,300.6487099145412,301.5202077292964,301.91143391247664,302.7696294140393,303.1328486833705,303.4974621546877,304.305367702987,305.0576569030592,305.82923462294116,306.5366836028205,307.21996620165487,307.9133189434046,11.582724419526016,11.419821067942083,11.57258157862876,11.799957589715142,12.11556404604286,12.472094660887517,12.851297031213994,13.542246304580463,14.009706952762171,14.418446987510233,15.148357960159762,15.867530483379376,30.403462784046464,269.9999987925817,0.4969570545395855,1.9946597726647495
2022-04-26 18:00:00-07:00,87.65637726666667,36.95024466666667,0.231430929610444,17.5,43.00659004957427,78.61472364294423,86.03816954193138,284.6471432372061,0.0,19.30387302514774,63.13483040442151,1.0,19.30387302514774,10.224596309426506,2.857142857142857,19.230216444444444,1.202066745,51.00017023174841,51.00014136699052,50.96440363369906,50.962930368877444,50.9629467565083,50.96296232576506,50.929170786565976,50.92031238089139,50.88455820317763,50.8679479363323,50.86795081210897,50.81011047074292,4.078514019252361,3.966505452482193,3.891322211937203,3.8243920284367383,3.7730866855314416,3.735838993422127,3.6960948875803656,3.697776642628765,3.718666391008419,3.765815166352626,3.8277495045669436,3.907499260447593,7.676680820115485,270.0,0.6832085761648506,1.8661052076015827
2022-04-27 05:00:00-07:00,76.65188051666668,34.95265233333334,0.2324554286969108,4.5,40.42611415057864,78.2279046500456,85.90520960733022,75.27112667933773,0.0,19.142724300233397,57.464749602512256,1.0,19.142724300233397,9.478070621989291,2.857142857142857,10.217864411111112,2.206707503,47.27124117102713,47.30069475247603,47.29831222529543,47.29835858187539,47.32397396078214,47.32396544227822,47.34894296658147,47.34572315550609,47.34382646840613,47.343829426139784,47.362061432794974,47.36209084358195,3.8699609457170143,3.7905255845586034,3.7232042583199307,3.681951960897682,3.670989332795806,3.669505994411137,3.6878315198977853,3.7246125677981143,3.7779433283777717,3.8421410140054997,3.929176009015856,4.012069958213137,7.942502405078764,90.00000256132094,0.6809103625418275,1.866735623736521
2022-04-27 06:00:00-07:00,211.11312666666663,128.76059166666667,0.2392229070060321,5.5,182.94968551446246,42.82955925002014,75.12668224188178,84.07148706334021,0.0,67.55577227912444,330.5835478217516,1.0,67.55577227912444,48.12361603992882,2.857142857142857,12.921575722222222,3.263886266666667,314.71580599115805,315.87179926848796,316.3987089618409,317.545680036612,318.04291297681874,319.05291250652317,319.56727096796953,319.9985785381108,320.3899770371989,320.84304412850247,321.2286036134551,321.6524831437357,15.719250502211166,15.510408870450092,15.728304906995021,15.739168599980378,16.130037650339453,16.566795559666094,16.699143252037384,17.212073439957404,17.760726786959008,17.89393579054363,18.399576706048514,18.871168902198846,32.53193202509819,90.0,0.4811152185326995,2.0140509895619108
2022-04-27 07:00:00-07:00,9.864428016666666,193.7766,0.2250560758107796,6.5,198.16281006682004,13.92431954901209,63.59910286613817,93.59507911818416,0.0,124.71593954384844,196.4608560978644,1.0,124.71593954384844,58.38096427071033,2.857142857142857,14.037541,1.9680495216666667,173.64059589260808,176.16906061651682,178.65715365732717,179.78433037260564,182.21751910741443,184.58529930655544,185.65646692396106,187.96527884560555,187.43186712951223,186.53766320607048,186.03041889384622,185.52928998477006,36.13392985195648,36.72988671046364,37.43166720633812,38.09600358758861,38.9598865413286,39.7611061116978,40.661378247186505,40.162264407532035,39.66255306308162,39.26723023242622,38.7546026581488,38.23155521985584,50.0,90.0,0.366977778440511,2.214355247456318
2022-04-27 08:00:00-07:00,257.8081688333333,242.95831666666663,0.2244155412958915,7.5,400.9415472514644,11.36099761522218,52.20821654410152,104.33644861471562,0.0,215.2142012101895,544.9676110087441,1.0,215.2142012101895,111.6690038247763,2.0584021846044545,15.951307333333334,1.593911395,500.5123206716734,502.5786932200157,504.61694323261474,505.3868434704279,507.54668246364355,509.543161147168,510.3071380840481,512.2179357140386,514.7901391297523,520.1035543175184,522.6064918777286,525.0724008157836,57.36725412639655,54.69196198490659,52.46919396397321,50.28413740001605,49.39071268159387,48.286748576925675,47.967298885447065,49.2149955465919,50.9571424388847,53.28012783738074,55.49871177023636,57.89073854406997,50.0,90.0,0.366977778440511,2.214355247456318
2022-04-27 09:00:00-07:00,826.2510333333333,179.97911666666667,0.2178851153612855,8.5,799.3920663747147,18.01026295284795,41.43847861396923,117.85144018839821,0.0,455.548194893087,1027.124571124626,1.0,455.548194893087,183.37795602598496,1.6138407897790592,18.486572,1.9448785316666668,986.5734426228959,986.8655983981942,987.9631458494197,987.7994781611233,988.2573196386489,988.1687605251186,988.7741273696892,992.4554235655303,996.3123696787252,999.718915399447,1003.0691448147595,1006.6373929304749,92.17780632656563,81.47371460741834,73.48776060609332,67.0254162299573,61.997066926026704,59.0656095475078,59.89237531407418,61.99994019259062,64.37274227125455,68.10875160778888,71.11932686605975,72.65530767291857,37.97380025551142,90.0,0.4423494620638472,2.068850661297698
2022-04-27 10:00:00-07:00,501.66134166666666,390.42288333333335,0.2140146567087263,9.5,814.8039906716197,22.88928403883642,32.2259872487726,136.83483116702348,0.0,512.3220377857964,881.8947617792915,1.0,512.3220377857964,185.52298803260402,1.327065877513589,19.592588,2.3094702,851.6544690929518,852.0997151952447,852.9521397795278,853.4042971384558,854.1089400427129,856.6286390186308,859.195219594607,861.5121950378602,861.9069618351732,863.9600554723124,866.1137030465259,868.1129820936139,93.80750279784324,87.9950137879217,81.20961493235092,76.66160320179686,74.17380680270584,72.75643470748207,73.40239623055751,74.58923773848156,77.05967405034818,80.32645169177708,84.56043195020044,89.80766915744779,23.327474985806912,90.0,0.5520070606446925,1.938886256915131
2022-04-27 11:00:00-07:00,62.03417083333333,402.2003833333334,0.2208247757534965,10.5,457.72706498165036,25.437349021129023,26.47893944092876,164.4381470604833,0.0,293.9112263308802,457.84821064749906,1.0,293.9112263308802,101.33521646456772,1.1002658803494452,19.807107944444446,2.649775,442.11698768543124,441.9689698291173,441.9686073003596,442.16220558782834,442.16320894714534,442.4393912518144,442.2988140140958,442.2984522732461,442.547170636479,442.5468761772481,442.43495087081874,442.43572537476985,54.97498495161383,52.614363965313856,50.64349706412557,49.12323382483119,48.022951456339605,47.58066980010737,47.7515412503418,48.362923965034,49.414627595756336,50.914320338278074,52.68011703412976,54.733129996590165,7.611659909038443,90.0,0.6837709481753268,1.8659542520945451
2022-04-27 12:00:00-07:00,3.832281766666666,192.30545,0.2193881034210704,11.5,195.73063751138187,25.349010133474618,26.648824120703352,197.34252611108502,0.0,126.16293842924942,193.45927808346443,1.0,126.16293842924942,42.039956204768586,1.1122513951715716,19.16961761111111,2.2251053633333333,184.05128031017833,184.06286812776617,184.39081326010663,184.39054717139894,184.089066413411,184.41762201561355,184.41785311551868,184.13610079813904,184.4642553148033,184.17156376269782,184.49971317310175,184.21279442621372,24.33883246199036,23.757356392012017,23.26714139935418,22.80488633284392,22.46192225356601,22.235085295211487,22.126266026715058,22.17677632460791,22.38979800934287,22.722514731260222,23.187931187624812,23.778878681182626,8.507616513770056,270.0,0.6760295585454283,1.8681466513037939
2022-04-27 13:00:00-07:00,0.5604302666666666,166.07737,0.2166259462026157,12.5,166.54929682780414,22.635124769759482,32.63963651137278,224.47467218805565,0.0,109.69613796233118,157.65255071406415,1.0,109.69613796233118,37.27852198570388,1.3407586481967033,19.111719444444443,2.8094357666666667,149.33146666716215,150.16219344546573,150.28346073126295,150.4145059118049,149.81550145018554,149.9462276056643,150.14856355358464,150.29955146429896,149.6907582070885,149.07783676378358,148.3629234770703,147.70774834219566,21.969581500094986,21.764804838819053,21.814654914984988,21.182435713805482,21.015096746143577,20.754435858786383,20.6523343819931,20.539205690808615,20.644491882513748,20.755484985308374,21.461539599349713,21.48587698474006,24.167284748048314,270.0,0.545298921690339,1.9447888281851022
2022-04-27 14:00:00-07:00,3.4712867,245.99428333333333,0.2199750321629644,13.5,248.57539037139,17.617274784198404,41.96450910812661,243.08773884812072,0.0,164.8575692485415,227.8063153574209,1.0,164.8575692485415,64.35192634325958,1.6323963456139232,18.28293611111111,2.0551440133333334,216.58883698922858,216.9877742816654,217.40944543072985,216.37079724574608,216.83009393917928,217.2944735098585,214.73805615880937,213.3250681375901,210.66169274288058,209.36978554118627,206.5479731477839,203.6805281427277,39.981289534738096,40.14436638835839,39.10752453121804,39.14976543361026,39.26058119933484,40.12861264040319,40.19925925359396,39.150033224716516,38.26584133845824,38.556927483221614,38.10758179537652,37.95182517780294,38.72582302396542,270.0,0.43720283484901035,2.076994323917281
2022-04-27 15:00:00-07:00,633.9513033333334,199.45301666666668,0.2319803134331198,14.5,582.9571732122413,10.964174708425261,52.77528769652336,256.4089353812482,0.0,279.0925116152865,899.2490541689997,1.0,279.0925116152865,148.48246464049706,2.0923914103567376,18.944843166666665,3.159021666666667,872.831290523756,869.3724837391813,865.8607238391204,858.4669954487783,854.8898207083342,853.7969935606744,853.5205573468869,852.2857994917007,850.8237373356258,850.5969320186275,849.4345682222252,848.2654904524992,62.27679463828294,58.99173816884961,56.068389309834394,53.026590930620344,51.05526335686686,50.00564871379785,51.94854683677848,55.44080357780496,58.52031045240708,63.96355797585525,69.4086723466769,75.5586899967171,50.0,270.0,0.366977778440511,2.214355247456318
2022-04-27 16:00:00-07:00,253.21144646666667,110.39867,0.227397377554224,15.5,220.7211964459413,14.380896100118639,64.17058323191227,267.0638900689457,0.0,86.08148028829115,392.56913953941523,1.0,86.08148028829115,61.08976967842776,2.857142857142857,18.510925,1.8415869983333333,381.21569520371725,379.84381309348413,378.4486212123783,375.5585997985161,374.16481597944147,373.1323902586263,372.62578081137644,371.5103002977391,370.35878428269154,369.85046145484966,368.7029484044222,367.5195969241442,30.11246408684875,29.285134031533122,28.583139883119657,27.817762099595257,27.373601836566944,27.057576593499686,27.455730665702873,28.16369987258262,28.611974475259125,29.0970687346544,29.151662299937087,28.716893469248074,50.0,270.0,0.366977778440511,2.214355247456318
2022-04-27 17:00:00-07:00,260.7310045,109.048285,0.2276955820834804,16.5,173.5430315544919,45.0291905094879,75.67858082495115,276.56466518980176,4.662936703425655e-16,55.46500293572967,340.76249594099625,1.0,55.46500293572967,44.97449197329117,2.857142857142857,18.23103327777778,1.441770735,332.2479363564926,331.57630983562,330.84244995988547,330.12090575592936,329.37351050526865,328.5628244797713,327.365789481453,326.9359698523555,326.5473671102014,326.142460000597,325.27135255509984,324.2996999495675,16.40740985682203,16.041269015988213,15.28983846506728,14.521750487889554,14.03812271688041,13.617783801258444,12.960329979087357,12.858654468361095,12.274933227599451,12.036675446221015,12.107541085069428,12.051171503770254,30.914326201171413,270.0,0.4931221069902392,1.999206383776989
2022-04-27 18:00:00-07:00,84.14859048333332,26.542133166666662,0.2314940667325858,17.5,32.34188776835937,78.64296314454799,86.04788250987957,285.0710400279752,3.885780586188046e-16,14.168789473867447,48.92244065475723,1.0,14.168789473867447,7.7331920467386785,2.857142857142857,16.851875111111113,1.2454360966666669,39.17899528536839,39.1789741271751,39.14332621207113,39.14710622731288,39.14711823368434,39.147129657948014,39.11291048548145,39.11036619637303,39.07470603361095,39.06552821120276,39.06553039775316,39.01569419876749,3.006243097964927,2.9204929692562405,2.8650874036977885,2.815938025508525,2.7782661517537752,2.7509077718431425,2.7190366521667535,2.720272613042967,2.73540876373051,2.7700179000365277,2.8154896130664797,2.8740404324434072,7.672786219656773,270.0,0.6832422585180364,1.866096129783895
2022-04-28 05:00:00-07:00,120.86225803333332,39.05160433333333,0.2536254179855793,4.5,47.775235015797016,78.09885876249078,85.86088957012979,74.89566759085761,0.0,20.354780577183977,74.22875058601421,1.0,20.354780577183977,12.40834509693486,2.857142857142857,8.926914233333333,2.3628638,59.452150758901276,59.45209300134903,59.5121010923862,59.512155977594446,59.56662386270574,59.56661084055192,59.56657744920665,59.61295536475315,59.610757748254926,59.61076667352117,59.64953321974477,59.64956618135966,4.509318241992508,4.4171628229338395,4.33893193622209,4.291102595542272,4.289779469960156,4.286410283229181,4.309373825559633,4.351979993876614,4.413535078915509,4.488091221430056,4.607759837034041,4.698983919288244,8.044528039791246,90.00000319452846,0.6800286717594495,1.866983247333907
2022-04-28 06:00:00-07:00,473.53771,83.040015,0.2419381079904781,5.5,206.36261620677647,41.91979739542507,74.90452499401138,83.83675495462944,0.0,38.37206829374827,488.12179612842533,1.0,38.37206829374827,56.035804904536754,2.8571428571428568,12.988531555555555,0.9221958433333334,469.13100626778555,469.7964831178348,470.43776437392745,470.7261665954455,471.05292975546536,471.6365154928962,471.90334792193005,473.151900889693,474.39701216944155,476.58390119828834,477.7585307528105,478.8685748533935,8.976752644087378,9.034394868288027,8.98556655354058,9.175702717482435,9.22163563487918,10.161089773599532,11.158712808226177,11.518325690963309,12.315580541068808,13.394138681158298,14.479385596210957,15.588806229780207,33.247791707173384,90.00000120741828,0.4758695015060871,2.0208355696091926
2022-04-28 07:00:00-07:00,758.3490333333334,119.083575,0.2387977348733294,6.5,458.8989047833195,13.663393906031178,63.37822658148161,93.34054908366937,0.0,143.98771687083007,941.8526890171438,1.0,143.98771687083007,119.3315777384416,2.857142857142857,17.566125222222222,0.9137809833333334,897.6921276798134,898.6865515252821,899.6252060826994,899.9871944215273,901.0003986817211,901.9580036065397,902.4133325047342,903.1156463479037,906.36718931897,913.0697385305144,916.3604112651008,919.5938111926844,58.744032187202066,57.68939050600328,55.447088533673345,52.18156580643115,49.24212744895318,45.58828562048373,43.10993763777714,42.97243737326251,43.288336464973035,44.59171519728302,45.76925867491455,47.35206475979844,50.0,90.0,0.366977778440511,2.214355247456318
2022-04-28 08:00:00-07:00,401.342035,254.01615,0.2284192931084374,7.5,501.2207516331106,11.089270356778771,51.979385478484595,104.05821703513442,0.0,260.8921946651615,702.7305129727251,1.0,260.8921946651615,133.03548466915805,2.0485127165800003,18.659613111111117,1.356590325,654.305114083583,656.3643604729675,658.3967331367121,659.0981412308099,661.3226126182153,663.3380599447274,664.0521324837246,665.9628333723367,668.5474724588573,673.9538550943815,676.4852245094829,678.979590738046,69.92772061591646,65.9348774957614,62.517568585987156,59.14163893962211,57.52638073243446,55.618629233584635,54.80730989398559,55.65452047357814,57.18681605907835,59.50351446055529,61.68718146074928,64.10637745567273,50.0,90.0,0.366977778440511,2.214355247456318
2022-04-28 09:00:00-07:00,752.5274499999999,220.80436666666668,0.2189303149220711,8.5,787.1094251860072,17.736608140146505,41.189343129807824,117.55468567368666,0.0,451.61773330790345,999.7484645021805,1.0,451.61773330790345,184.67726944052916,1.6097648455430216,19.166386444444445,2.354138816666667,956.5593719093797,956.5712379158217,957.5107790684283,957.5400399981936,958.793877911686,958.8574836835778,959.7587200423079,963.6432543388379,967.6899257586565,971.278105676571,974.9874913012715,978.6834299037318,92.34194155451222,83.18992702972284,74.564330292911,68.52941665352462,63.786782411594665,61.11492421590918,62.21516559649535,64.58614756421652,66.51077815636555,70.31551385257643,74.13864435633418,76.19754023285903,37.805808090860516,90.0,0.44350642561933856,2.0670499794041297
2022-04-28 10:00:00-07:00,810.3661,207.74188333333333,0.2111281170061239,9.5,895.4010694086548,22.594541840894077,31.942614301310552,136.56829926614728,0.0,557.7553531644121,987.3936660353254,1.0,557.7553531644121,198.1242344939677,1.325033911935258,19.677845611111117,2.7799995666666666,962.9076113042662,962.8135017402058,963.1864470247203,963.4100092846763,963.6291033431844,966.2000883392617,968.8019473514735,971.2175208876816,971.1645511416452,973.3348765175953,975.613416782875,977.9983403335341,99.30681764951116,92.23787599687394,83.69892697336797,77.57048409579261,74.30742999931284,72.60111394712968,73.07409443784482,73.87009509044785,76.70132365708876,79.81348652655628,84.93698148564302,90.9774915478569,23.20163037259883,90.00000147877934,0.5530159681162448,1.9380187280224872
2022-04-28 11:00:00-07:00,839.0841166666667,202.489,0.2079523422237974,10.5,955.5966533697066,25.126966569377533,26.16403279454214,164.3644124729608,0.0,620.6387755823249,967.498169374258,1.0,620.6387755823249,201.85379269924155,1.09934466877879,20.625222222222224,3.161142566666667,959.6282541675242,960.3615997082441,960.1943413140909,960.9326903902703,960.9361790363055,960.6864530188901,961.363435767643,961.3623406014718,961.0316841010665,961.0306481389882,961.7653253800563,961.7679070995192,104.84365623561166,96.82952592038886,89.98401269941105,84.57806853964448,80.53558783987131,78.68466696141921,78.85998058457,80.55679933331415,83.78779194217574,88.3185587664292,94.25940181759945,100.56861719631985,7.542613711571444,90.0,0.684368228628187,1.8657953487753867
2022-04-28 12:00:00-07:00,810.73835,214.67371666666668,0.207967976616749,11.5,941.1649221295656,25.03261038092556,26.351747108506927,197.5867237556932,0.0,611.414425493736,957.1311080490798,1.0,611.414425493736,200.3589761256129,1.1123146323645527,21.511142722222225,3.1074238983333333,951.9048910944693,951.9562457686056,950.8911130369781,950.8884639176044,951.3516140919029,950.2928714664126,950.2951225080419,950.724417156529,949.6609434210579,949.9039466100862,948.8429950481676,948.9853966508055,97.86835610954459,91.54532342858458,86.25347157172945,81.89376335511588,79.1156300476792,77.5704854029127,77.97537461516372,80.14914284359911,84.64887437324333,90.40871639366127,97.56863814375082,105.49683911744107,8.512331502123418,270.0,0.6759888655229629,1.8681588290141478
2022-04-28 13:00:00-07:00,512.6920833333334,351.8054666666667,0.2158833300229757,12.5,784.6941489706633,22.323012426399394,32.39823984294067,224.85474739115693,0.0,492.9102076375114,857.3147558252294,1.0,492.9102076375114,181.230924817573,1.339850911994295,22.37372633333333,2.457836855,844.3207469376882,842.2291195612111,839.8832366064715,837.4198728394406,837.3551520825631,834.5580564769359,832.5400347499141,829.7098898686038,828.6356581591913,828.268791309423,827.4763951738609,827.1221424629241,87.0755860617559,82.08905238708142,77.94616096935069,74.87739941159435,72.28369159990223,72.22642918155752,70.68853144786821,73.1130258096512,75.18407464379959,80.47136252101059,86.1161341145279,93.58972824343007,24.11205537020345,270.0,0.5457387414797882,1.9443946152541332
2022-04-28 14:00:00-07:00,143.26419683333333,326.73966666666666,0.2235897668843077,13.5,433.59376561636816,17.31664383649253,41.767541630888616,243.45815418783513,0.0,266.1539272107587,482.8909407351545,1.0,266.1539272107587,113.74302177160925,1.6298407436899818,22.520770944444443,2.141942235,445.6436116858078,446.76385453432783,449.4715859456504,452.02640776192936,453.1210526456424,454.5039652109763,456.9765284482959,458.58948496347296,460.14201714573437,463.0925769368412,464.55755907721397,466.0016838257816,59.03613610373458,56.64600957739304,54.894862147394434,52.545774835722646,52.05096950837902,52.23801663752403,53.193501516389716,53.624049191828234,55.18874643124976,56.73252838498791,58.02107247847527,60.15362931095893,38.62347689061375,269.9999987925817,0.4379001142048408,2.0758780843887066
2022-04-28 15:00:00-07:00,40.3562948,275.57116666666667,0.2271347535777799,14.5,300.08124718924125,10.658533239347229,52.602426784285406,256.74139415122767,0.0,184.49399939236426,320.8493934295856,1.0,184.49399939236426,89.54155436251531,2.0853446334006205,22.331700388888887,1.6084318883333333,304.4891910929304,304.0785771627313,303.66056517104505,302.59922320421674,302.1704055434949,299.3406071944867,298.0774571375462,295.1713434844016,292.15270894341705,290.827517348485,287.7923338091792,284.7132734046774,55.12668133308872,54.68389830015086,54.273945983471776,53.72364913233922,53.426147632487286,53.268688475128094,52.385379015066455,51.81166742429916,51.14326134335202,51.10923933560698,51.11129782796609,51.45976447414198,50.0,270.0,0.366977778440511,2.214355247456318
2022-04-28 16:00:00-07:00,5.6724487833333335,174.72581666666665,0.226316770532581,15.5,177.2118615618334,14.178121395590518,64.0066637984158,267.36390399207875,0.0,113.00494913685806,170.2974498932688,1.0,113.00494913685806,52.78130905601461,2.857142857142857,22.412179722222223,0.7295486633333332,160.4206257435122,160.90295345042733,161.39145167957264,162.2572652037311,162.76873001661266,160.64577266458696,159.66407439000403,157.49126360345855,155.25890591922777,154.22376112196253,151.9400518153025,149.6194396171946,34.87507353951441,35.3583411771751,35.8266930015034,36.18811366072824,36.632479297450885,37.069081695532184,36.202060134548915,35.405252733052734,34.557160459375304,33.88009595288939,33.172874850744826,32.568380170540905,50.0,270.0,0.366977778440511,2.214355247456318
2022-04-28 17:00:00-07:00,0.15345535,83.395905,0.2227259777482428,16.5,83.43429411119169,44.376769776813155,75.51274166201262,276.8418525757111,0.0,52.8610266271786,83.86274148159265,1.0,52.8610266271786,19.924949269235487,2.857142857142857,21.399941277777778,1.29630092,77.6577603938871,78.07958825179449,78.93097091253131,79.36949491454348,80.1660095508942,80.53151306022797,80.9215262270142,80.15059955981248,79.95264493575431,79.79412948154601,79.60256897913102,79.45141283544521,11.457908061862298,11.30290913385088,11.467780012819361,11.472826028275103,11.38863858504189,11.715890112054268,11.453259312117805,11.819029863663253,11.80986399781452,11.579590616981946,11.526246956878587,11.467002464025581,31.431307335955225,269.9999987925817,0.48926202603517177,2.003876875323081
2022-04-28 18:00:00-07:00,0.2618945666666666,5.50144335,0.199200880626879,17.5,5.520292718252441,78.13318063810118,85.87267557558236,285.3339576336547,0.0,3.5414096288194825,5.465237350213227,1.0,3.5414096288194825,1.05274567636572,2.857142857142857,20.01958283333333,1.5488274716666666,5.172694059137632,5.1726895256605445,5.175260301881719,5.1752591915657815,5.175559556242068,5.178650640214676,5.178655172965619,5.1786568906606325,5.18227261253493,5.182265131135283,5.1868156134733585,5.186823495526042,0.622046504960611,0.6095810873642251,0.5995793490493201,0.5893951388330418,0.5809021882870324,0.5750805600643241,0.5719464878850596,0.5723418485714854,0.5775808038403352,0.5841181405457382,0.5947517241045703,0.6073455162241526,8.030045625219035,270.0,0.6801538132451949,1.8669479062451808
2022-04-29 05:00:00-07:00,154.94217076666666,30.124464,0.2603746549042351,4.5,41.41739048723491,77.98063717545315,85.82030340259897,74.52202571506837,0.0,14.966509985767528,72.33501670598585,1.0,14.966509985767528,11.29878930305558,2.857142857142857,9.922911466666667,1.3270899066666668,56.15163513106507,56.1515912200899,56.24233288837026,56.2402887739209,56.319004558371766,56.31899260446229,56.3189663452216,56.38603442507062,56.38600613162193,56.384388666518234,56.47756830264958,56.44043076366494,3.4342123276565077,3.3582968097496373,3.305613587729189,3.2996854823756507,3.285646338277866,3.28318562287187,3.300607815832874,3.33272777032979,3.3791263005747294,3.4751881661244908,3.5473655605532333,3.616133364239352,8.139844185747716,90.0,0.6792051638145236,1.8672174232449872
2022-04-29 06:00:00-07:00,548.6138,77.31009666666667,0.2468276561426852,5.5,222.19686829804607,41.01303295458646,74.68674944198514,83.603318097573,3.108624468950437e-16,34.497320645353675,547.6664369031055,1.0,34.497320645353675,62.62253513751806,2.857142857142857,13.28792061111111,1.276827535,525.9485169526632,526.554003592142,527.1407082594847,527.402054069837,527.9574278580815,528.2028922520542,528.4825117806425,530.1748586032697,531.8223682905698,535.0467585136963,536.5615045750958,538.0603787939568,8.35224818905835,8.246653552575713,8.363234955682184,8.349333207486321,8.565996181847776,9.827412412948348,9.908795809178352,11.26237763763819,12.646005051974926,14.075020123701416,15.52417594629812,17.010026152000222,33.96750110058161,90.0,0.47063871358999115,2.0277882365966278
2022-04-29 07:00:00-07:00,790.2552,96.55648666666666,0.2411736765650954,6.5,453.333332369007,13.409228941931902,63.16193633492205,93.08699788899969,0.0,130.98705495171959,946.4697753585159,1.0,130.98705495171959,115.02939464887396,2.857142857142857,17.433848055555554,2.082641086666667,905.7451857486599,906.4818887099156,907.1698794155079,907.4046292153621,908.1890462500645,908.9077133446143,909.2602713569448,909.7200844275632,912.6794328268752,918.8387971353624,921.8608544118092,924.8296054692977,56.268947265086744,54.91568740756948,52.33898016661711,48.71772889736993,45.49542113867743,41.55304488076449,38.861208290334815,38.41599971491883,38.44425349577328,39.48034626258865,40.4198388945962,41.75894517568054,50.0,90.0,0.366977778440511,2.214355247456318
2022-04-29 08:00:00-07:00,884.8036666666667,125.37661666666666,0.2312474243691922,7.5,673.0876392631985,10.82253376610341,51.75540685493591,103.78029458685205,0.0,317.7655691923482,1068.5134665806818,1.0,317.7655691923482,159.8012735999098,2.0389215048002485,17.875762444444444,3.370745955,1019.9739833719661,1020.262866188631,1020.5453562589822,1020.2529126723703,1020.9892934234147,1021.3969571734146,1021.2288839478318,1021.5391798506637,1025.2779178272222,1033.0512016291425,1036.745232183496,1040.3869479478328,82.04516349954517,73.90760322640138,66.55073735759167,59.21899294378617,54.86695093743116,50.02656495104622,47.129418740611825,47.69128760554861,49.56451272812256,52.768905772208925,55.85734388601206,59.402462308707264,50.0,90.0,0.366977778440511,2.214355247456318
2022-04-29 09:00:00-07:00,629.4839726666667,247.03636666666668,0.2214171756442531,8.5,722.5079372818052,17.46549835803114,40.94530920541803,117.25680012907304,0.0,417.519654454394,907.4188108252931,1.0,417.519654454394,174.8542757083823,1.605816666754318,17.77312638888889,4.7992244,863.5555176346095,863.7426781971716,864.9364905422776,865.8327931608069,866.190012330838,867.4827558569117,867.929563794284,871.8319956168363,875.5162423418766,879.8564206204946,883.3111075252326,886.686801208543,86.42230273309106,78.61797202864582,71.92441218372522,65.33032468056366,61.56642282303972,59.30966568663375,61.262191970996184,62.541814025824635,65.63266061679722,68.91449938031406,72.70984592590608,74.71414811358815,37.64210553949456,90.0,0.4446363814282339,2.065301811344505
2022-04-29 10:00:00-07:00,641.0265350000001,317.01501666666667,0.2158195834643822,9.5,862.6173153838056,22.30291256855149,31.664295356707783,136.29808263858337,0.0,540.224511639706,940.1489512431381,1.0,540.224511639706,196.70721361900934,1.3230704301698275,13.648572705555557,11.3569998,911.5650060656566,911.7963350484948,913.0384114196373,913.2771537141303,913.5247212019707,916.3358707617826,918.7063532375005,921.2563614487593,921.291489110618,923.4588474375995,925.7367299458192,927.6880900385802,99.9085457349727,92.60172965744877,84.85984349463072,79.51932035782539,77.2658345292836,74.85341210893577,75.8465824559438,76.2850584285413,79.56627678764757,82.9105253512495,87.42803848351517,93.22923717623517,23.079729965266342,90.00000147877934,0.55399416066474,1.9371826168140043
2022-04-29 11:00:00-07:00,931.4439666666666,198.4287666666667,0.2083728604075571,10.5,1036.6465674700405,24.820267701478315,25.853469648133782,164.28598768515985,0.0,673.3376827697739,1049.197166604622,1.0,673.3376827697739,219.05242337709248,1.0984658274666927,12.589376,12.615602733333333,1041.4378163994131,1042.1745119743534,1042.0031441185233,1042.7450414687771,1042.748856519219,1042.4337526979875,1043.1709298799638,1043.1697457919056,1042.8351371979297,1042.834076035895,1043.5717389047968,1043.5745267045797,113.86774492417727,105.09907837566848,97.60435557890666,91.68008819689634,87.2477341451391,85.2103985360267,85.1251658848842,87.21182947365608,90.74325051834666,95.6964090043765,102.2025070258103,109.11687506958451,7.4767182823466865,90.00000352019892,0.6849383424278935,1.8656450392653392
2022-04-29 12:00:00-07:00,1017.0676166666668,145.59279833333332,0.2091769432686173,11.5,1059.2725035420192,24.720332851758293,26.058360611579463,197.8290212296953,0.0,688.1234273106279,1073.4563082041675,1.0,688.1234273106279,223.04321204554617,1.112350686501074,12.450423,13.138387466666668,1067.8421069905191,1067.9002571184812,1067.4406944906987,1067.4376704587723,1067.6029127609004,1067.1505735351689,1067.153118263655,1067.346964607739,1066.8892989524966,1066.9417436708154,1066.4868887455546,1066.4965363875408,110.004193345317,102.86158492556974,96.91970163791969,91.9940622592984,88.8538375976946,87.33104309708307,87.78588607652769,90.27553061672677,95.35642304026248,101.86054098000601,109.94673886027263,119.06950769393559,8.515019652303977,270.0,0.6759656654872788,1.868165774873994
2022-04-29 13:00:00-07:00,1030.0595,90.84771166666664,0.2129061758503714,12.5,962.8600792116547,22.01526121894522,32.159992696347004,225.23229163247242,0.0,598.7613929678139,1064.1881313913423,1.0,598.7613929678139,205.01738788455717,1.3389292488672104,12.475296166666668,10.32927075,1054.6603819888894,1053.4968384378542,1052.5748612607927,1051.3561379187488,1051.6277855364403,1050.2167379998766,1049.1895909648647,1047.7518398740967,1047.8375476196939,1047.5381047586418,1047.5213526560065,1047.7732036408286,89.95928640016577,85.0883396858745,80.25907679828059,77.73862045618625,75.65495671398274,75.87764778063882,76.35985784705899,79.2877354760339,83.91698417954444,91.50627285430011,100.43811420831341,111.31518423426891,24.05591393218208,270.0,0.5461860189893177,1.9439947614988324
2022-04-29 14:00:00-07:00,1003.8300166666668,84.06023833333333,0.222171206711592,13.5,835.036982732036,17.02045806027354,41.57294908227857,243.82485698677016,0.0,464.85972831138247,1082.0033206630023,1.0,464.85972831138247,181.9688215828211,1.6272927108248516,13.164987388888887,8.662162266666666,1062.1396732967578,1060.456531526551,1058.3481222175249,1056.5787377593933,1054.6046983499848,1052.6487324894995,1052.1322366857703,1052.0725603817157,1052.2563719283194,1052.2667672743853,1051.9868112800305,1052.4175117424934,65.59148585843148,62.06843616389824,61.37547939614133,59.76205917289956,58.28989411642545,58.50025083624678,58.66278674636045,61.96375734725337,68.49852115571709,75.83287360062847,84.93146340409122,95.35958826426273,38.52104695255195,270.0,0.43859896158459954,2.0747634267542248
2022-04-29 15:00:00-07:00,953.7650833333332,79.46531,0.236232837176174,14.5,660.9879172958379,10.357976933315753,52.431273620138334,257.0697712902123,0.0,296.12330880823185,1073.1508051284923,1.0,296.12330880823185,152.02111549596032,2.0783608778019222,12.016410777777777,9.258601433333332,1045.9462332649962,1043.2535898415022,1040.5200202838696,1034.7325313592028,1031.997564244306,1031.8945356513673,1032.1464364574747,1031.881258413261,1031.352107709217,1031.7058145851358,1031.608856187013,1031.5247258955812,50.64128747738602,48.11744968239642,46.05512555255956,43.86478544498001,43.02394478619795,43.380929350990975,46.58068146257963,51.81294421056764,56.51071279590036,64.22568535027662,71.9253793308876,80.4437395340076,50.0,270.0,0.366977778440511,2.214355247456318
2022-04-29 16:00:00-07:00,872.40765,71.55628,0.2562089348019545,15.5,456.12813478518694,13.980657851908756,63.843999055880005,267.65976812302347,0.0,122.2050281244933,987.9205022990857,1.0,122.2050281244933,117.93676665943684,2.857142857142857,11.428480055555555,11.02119195,965.5285686666809,962.8261589799298,960.0752110154522,954.5178847147604,951.8614654321915,951.5357529925277,951.2674224913067,950.7063738826,950.1021006916332,949.9225192144743,949.4145713700708,948.8416719895129,39.92138015092983,39.04881409935069,38.60938522100844,38.04360363688679,38.49504779787381,39.397354139896244,42.29268161105647,46.305056619683036,49.483911834849216,52.681954967725815,54.4880194941515,54.51260800970363,50.0,270.0,0.366977778440511,2.214355247456318
2022-04-29 17:00:00-07:00,691.5134833333334,53.67093,0.235973331496962,16.5,228.58867582167744,43.72116647761632,75.34790359818314,277.114830783341,0.0,23.551844729421397,596.6028442269262,1.0,23.551844729421397,60.02922858313724,2.857142857142857,10.076425094444444,10.357533533333331,586.1325820854414,584.8336607018614,583.4736736286895,582.0879299283973,580.6402969704167,577.6387499718589,577.479948276269,577.2948575475898,577.1255223294328,576.7545597435467,576.5754207759517,576.1792249651434,12.746522115491938,11.445753181750698,10.173495211401885,8.944539641059917,7.743957379073625,7.677658899092182,6.544287611945705,5.475520149741896,5.453062784413838,5.343889213647044,5.374601415274416,5.346578913859236,31.95456642810946,270.0,0.4853766875582477,2.0086748200021414
2022-04-29 18:00:00-07:00,122.27767071666668,20.84188183333333,0.2222088597614628,17.5,29.619834847018844,78.16430394657252,85.88336418614966,285.74871770165237,0.0,9.943770165376467,53.593196412299946,1.0,9.943770165376467,7.039517664970606,2.857142857142857,9.2097299,11.4827111,41.19343479315555,41.19342056312244,41.14544524952047,41.14544187897299,41.14638273532919,41.08892536027497,41.08893952583777,41.088944842139924,41.021522487049765,41.0214990736482,40.9449586296358,40.94498330665017,2.0935734715121788,2.054499515003972,1.9775903565041038,1.9456768081648346,1.919091990834114,1.9008433080117366,1.8910193973053808,1.8922711219192239,1.8729193155398747,1.893389451446619,1.9267134184172685,1.9661534940111831,8.025236399596439,270.0,0.680195370399657,1.8669361843995174
2022-04-30 05:00:00-07:00,223.76903666666664,30.11277933333333,0.2698976328783712,4.5,47.28649813155605,77.33333281511887,85.59836266206746,74.30600965800596,0.0,14.862226606617025,90.29834968070634,1.0,14.862226606617025,13.319082461359738,2.857142857142857,3.4692606,0.754541784,69.87885857402482,69.88765416165703,69.98510824653363,69.98130673158298,70.07874596053836,70.0765465951256,70.06023621550331,70.15762801127784,70.15762373794608,70.1294213257836,70.22689165752764,70.22520278782588,3.526519811183068,3.4871168224325313,3.4329241918625852,3.3917665204132335,3.374102501912957,3.3795728428224385,3.3975587407404446,3.4724733213942347,3.5190268268105025,3.5797592433919667,3.6501729869665795,3.7244503651458682,8.59131967375808,90.0,0.6753072275667685,1.8683638327977055
2022-04-30 06:00:00-07:00,623.3477166666667,72.70844833333334,0.2444076628724635,5.5,239.56951461973316,40.10943154675844,74.47342061194807,83.37125903142123,0.0,31.49016815180294,606.642223394965,1.0,31.49016815180294,65.755014353449,2.857142857142857,7.101024633333333,1.0439274683333333,584.8390611898518,585.0988556717357,585.6454703991492,585.9216376979527,586.4385625652673,586.6666331707127,586.8987747324556,588.8537764550506,590.4822517468979,592.0682961725104,595.1276001514478,596.6273127397554,7.539238627975385,7.596858208086712,7.556415237557603,7.719093936914566,7.923974693014807,8.987407691548135,9.273011954887938,10.650133246267634,12.053975637435368,13.15245241361476,14.57833576249751,16.057678422198464,34.69112606725006,90.0,0.4654239082631473,2.034910656333917
2022-04-30 07:00:00-07:00,807.1410166666667,92.25950666666668,0.2375531226282111,6.5,459.317631023678,13.161999512958543,62.95029346941837,92.83453099056464,0.0,137.83474511647452,950.5760374433783,1.0,137.83474511647452,116.10617601508459,2.857142857142857,8.864476605555556,1.9790973766666664,908.7985589233192,909.5783977750657,910.3072232558684,910.5569445680002,911.3862656029338,912.1524561483026,912.5127309492431,913.0119862955039,916.1195133148192,922.5639661636865,925.7244389906967,928.8310003493336,58.51582914687093,56.60677044868517,53.68950501183374,49.823977732204504,46.49403786561035,42.44815801027294,39.73616679522895,39.378939494333,39.517314994014754,40.691312149253065,41.75948032476279,43.235966786318876,50.0,90.0,0.366977778440511,2.214355247456318
2022-04-30 08:00:00-07:00,888.6671666666666,106.7326,0.2286222837134047,7.5,659.4996548358839,10.560881562188928,51.53634357338979,103.5028139513883,0.0,308.48988847096945,1051.4105643987234,1.0,308.48988847096945,152.3726285405743,2.029623778589445,10.012413605555556,2.801207183333333,1006.5200688173885,1006.6221665198563,1006.7206497995506,1006.3501356338064,1006.901530488351,1007.1327922312846,1006.8896977090955,1007.0278411008287,1010.5049093014043,1017.7495446875283,1021.1917795928005,1024.5855014151914,78.54078337061193,70.45354709899453,63.12267292573864,55.814617222876215,51.43586775131409,46.576502684343225,43.63462466609764,43.99880997996696,45.65659711667861,48.6212773443033,51.47622333064392,54.78088409674748,50.0,90.0,0.366977778440511,2.214355247456318
2022-04-30 09:00:00-07:00,934.5219333333332,115.7884,0.2178359939062994,8.5,824.2129483859949,17.197028129655948,40.706450963586164,116.95793525701392,0.0,468.6553004458475,1047.332915612538,1.0,468.6553004458475,180.14828951577792,1.6019945486470983,11.5112634,2.5594137,1015.6579311590651,1015.8606193720345,1015.9587312509576,1016.129850650003,1016.162694456724,1016.8110225414503,1016.9547315978863,1019.3004058383801,1021.6599954976078,1024.0632106527296,1026.0589506840856,1028.0074975177276,94.24668688807611,84.50652505832886,76.03188346002682,68.95169454233078,62.97022559654899,59.7834639603676,60.193863241872705,60.1874955837325,61.96754199006939,63.95268202475585,67.01767893642135,68.29759308421151,37.4827086846666,90.0,0.4457390125597625,2.0636058346369337
2022-04-30 10:00:00-07:00,962.4017333333334,120.68765,0.21033667586084,9.5,942.2240624835298,22.014494132622534,31.39112654031953,136.02427743401364,0.0,586.5115807202411,1030.7951331574616,1.0,586.5115807202411,199.81089455378117,1.3211748998586041,13.4237115,2.404356695,1013.6948018330093,1013.8126633254097,1013.8713582164504,1014.0609913686945,1013.9811657276142,1015.5505886698227,1016.7031402396041,1018.0918942246932,1017.9431323292159,1019.191600433374,1020.4188885712996,1021.3591561118797,105.05946870933388,95.6919257249724,86.6500889081592,80.80194693702391,76.60379403724559,73.66198688649932,73.59212453127508,73.9488514129019,76.50399515961422,79.3845456963969,84.36788890389847,89.55213166415676,22.961771288319216,90.00000085377364,0.5549415674105211,1.936377506196731
2022-04-30 11:00:00-07:00,980.8992666666668,119.70255,0.2066579444137136,10.5,1004.6984995141478,24.517351513187855,25.547350981048723,164.2027710689506,0.0,652.6740747025642,1015.4097058365276,1.0,652.6740747025642,209.0698800528872,1.097629062509817,14.68615327777778,2.669529405,1009.6423665882742,1010.0632664371348,1009.9784632184242,1010.4041578037293,1010.2746429754113,1010.2157002713851,1010.6370735215748,1010.6359378206029,1010.4539851104528,1010.4530239083069,1010.874574137856,1010.877080306041,109.19581349715695,100.684189595847,93.40277737066111,87.63801390941136,83.32468014009675,81.33373583080048,81.23471396900182,83.11121690928856,86.58022806549408,91.38552367907859,97.69055117191311,104.4133030731804,7.413960296585902,90.0,0.6854813917276907,1.8655031056471756
2022-04-30 12:00:00-07:00,990.1265666666666,112.48491666666668,0.2077353696391144,11.5,1004.1494885568893,24.412272535011383,25.768732364506832,198.06920261310756,0.0,652.3919704709033,1018.0071144638514,1.0,652.3919704709033,210.12059149402268,1.112359771639731,15.586808222222222,3.0614222166666667,1012.055158934334,1012.0220855805699,1012.4920635675295,1012.4166635326753,1012.8893206272662,1012.6786084159914,1012.6761930220907,1013.1437929180088,1012.9580206369925,1012.9608984017119,1013.4353581275761,1013.380635642375,112.04813488200007,103.37446761435059,95.6799201807257,89.48776130421915,84.64709178151685,82.27178335194566,81.82896253380352,83.27080282647456,86.24686474519316,90.92055867106365,96.5641180897983,103.34801270442316,8.515696082264972,269.9999980909041,0.6759598275953465,1.8681675230312542
2022-04-30 13:00:00-07:00,982.4575166666668,106.46916666666668,0.2126807953445739,12.5,940.3218536157527,21.71196361759007,31.92492497857031,225.6070635978193,0.0,585.1063040408666,1038.07128084769,1.0,585.1063040408666,200.9510826345501,1.337993958090254,16.559801611111112,3.161997718333333,1020.8407074460805,1020.6378802407393,1020.6918533288133,1021.0624054437242,1021.0101520588986,1022.5483305608252,1023.6753624512161,1025.1817376329682,1024.9108914750423,1026.2165904727146,1027.2284590190127,1028.4649207269244,108.70049612642015,98.18368941667354,89.6237884077108,82.29488889199474,78.72891393083889,75.09383666788938,74.73239115233099,74.53045628340533,76.64751312086095,79.10401345159868,83.89546469696273,88.74832602732286,23.99887524338345,269.9999987925817,0.5466406452725439,1.9435894151487227
2022-04-30 14:00:00-07:00,957.0467833333332,99.78511833333332,0.2220691908213882,13.5,817.8891611370119,16.7288058944514,41.38074495478751,244.18765765253065,0.0,456.51963578569865,1055.6487564563502,1.0,456.51963578569865,180.35715024358853,1.6247526991824708,16.859266333333334,3.381260666666667,1035.8023482152576,1033.9247135345213,1031.6226612392593,1029.6518807948264,1027.4213696800498,1025.2397992534793,1024.680915714992,1024.5109426524168,1024.6214088491186,1024.513744317264,1024.4735743665208,1024.4623562799165,66.36177876056882,63.24407483481179,61.97628948911159,60.170483061187085,58.51168736946782,58.482897069318014,58.44653048772656,61.59739351932682,67.8582067083585,74.91895869015936,83.72058041882643,93.77400319643908,38.418552208251484,270.0,0.43929924730281084,2.073650566757304
2022-04-30 15:00:00-07:00,916.9036166666666,87.90589833333334,0.2366169307643241,14.5,649.1002628734767,10.062667061768986,52.26184359751347,257.3939256575753,0.0,292.3304597085999,1047.3506457840656,1.0,292.3304597085999,151.53214360431505,2.071440756205501,17.32302211111111,2.8878687666666667,1020.2699354018613,1017.4285227501757,1014.5438922609741,1008.4473040316542,1005.5516308024792,1005.366444770757,1005.5729556101462,1005.22827613841,1004.6241445734217,1004.9275316344665,1004.7421118912489,1004.5678224770737,51.820231779532115,49.15182735214258,46.935650990191455,44.59437980086327,43.5736641688734,43.7226888831083,46.799236870903734,51.85666671204361,56.39259902131717,63.87461273855491,71.34277995778234,79.61580563958022,50.0,270.0,0.366977778440511,2.214355247456318
2022-04-30 16:00:00-07:00,832.9620333333334,74.36696166666667,0.2565115682690251,15.5,443.65501289450185,13.78851571414656,63.68261434738148,267.9513716704884,0.0,120.1959611838634,953.3083727048706,1.0,120.1959611838634,116.0799526968891,2.857142857142857,17.217320611111113,2.4955039716666665,931.3227840514938,928.5553159994689,925.7385531284017,920.041573902955,917.3094101509283,916.9527745785555,916.6744572834589,916.0895817703467,915.4617256244958,915.268096784012,914.7323040901119,914.1330526624897,40.07668585613999,39.08486349053639,38.51391334928038,37.82107857330866,38.11585678208646,38.84888770770162,41.62840827124162,45.488766199430906,48.54259729240437,51.61916321241371,53.350343407095984,53.36318196049862,50.0,270.0,0.366977778440511,2.214355247456318
2022-04-30 17:00:00-07:00,653.38385,57.13071333333333,0.2371719254388142,16.5,224.21008295550388,43.06233195865368,75.18410544353316,277.383508422242,1.5543122344752188e-16,23.200012735473813,584.660118731888,1.0,23.200012735473813,58.74187245367154,2.8571428571428568,16.45992138888889,2.36227138,574.6488929313628,573.4041234722171,572.1201241285315,570.7784290453907,568.1358562521194,566.7136805225805,566.5567103557198,566.2095617249084,566.0386884558629,565.8440553471548,565.4635821717269,565.0663225043887,12.160586514313865,10.95372884778413,9.780903273298296,8.869910040513451,7.71092598423104,7.457965635163822,6.4033490133812485,5.511397167793324,5.376800688025198,5.372715934276066,5.296943203355555,5.267662863059785,32.484267191401756,270.0,0.48146599909098164,2.0136039063983278
2022-04-30 18:00:00-07:00,207.3851293833333,22.6730835,0.2536376338472598,17.5,38.18705697223347,77.65862610258917,85.70983532144886,286.00264362161306,0.0,10.560620839692389,76.77730427671676,1.0,10.560620839692389,10.421570265600018,2.857142857142857,14.87709472222222,2.3302777000000003,58.068940537399016,58.06111004265815,58.20126689253059,58.177685140207196,58.31638940375893,58.27729302085952,58.277273406713626,58.41739627369644,58.36340259343664,58.3634211903396,58.50246313728738,58.50247582734842,2.393460961215441,2.3464066781023245,2.348422288925254,2.3236644887033453,2.3091892211970637,2.3164378043159277,2.3285353781590423,2.351324802681842,2.4330760121423327,2.4738387094841294,2.524967193315551,2.5747685432679575,8.381792586817555,269.9999987925817,0.6771156745429964,1.8678241519670629
2022-05-01 05:00:00-07:00,130.01992013333333,34.258904,0.2458117471331723,4.5,44.311358611153494,77.23814591045011,85.56576729800845,73.9360761773828,0.0,18.079301356159963,72.62497044578521,1.0,18.079301356159963,11.221047982982398,2.857142857142857,3.207554338888889,0.8962942016666666,58.50785009526621,58.530291284882296,58.574961518538096,58.57503252574052,58.636727823006716,58.63428997979609,58.643120395852264,58.687717467641264,58.68771895731719,58.688744544108495,58.73342698635547,58.73155109691769,3.8776775861266315,3.8205817594260516,3.7605420818849713,3.715082227918814,3.6955569905323227,3.6985612216682404,3.718654162405802,3.7835896386615158,3.8372998185770397,3.9025673717952234,3.9772097691028363,4.0938871222855955,8.672714919753057,90.0,0.67460496599783,1.8685770498284193
2022-05-01 06:00:00-07:00,494.15208616666666,91.49448833333332,0.2358602338246562,5.5,225.50615081386258,39.20916582965849,74.26460077700457,83.14066268119643,0.0,42.50044737292418,532.0091996269456,1.0,42.50044737292418,60.196666185772976,2.857142857142857,6.3644388888888885,0.6048232551666666,511.62781469224507,511.98295011823006,512.7343346777352,513.069593126173,513.7815953665843,514.140293924582,514.461483972703,516.191337899209,517.5757084109372,518.8866057777673,520.1643290450252,522.5484801786097,10.06657922839464,9.953711241428696,10.11360497579143,10.343176160957503,10.40177629067077,11.452144741515308,11.818771541963814,12.713704616878235,13.881078368515471,15.08549053132457,16.29882815084416,17.558735611662556,35.41873417482079,90.0,0.4602261669100353,2.0422045143061753
2022-05-01 07:00:00-07:00,542.27875,195.1034633333333,0.2360900549794996,6.5,443.45465729870966,12.921876595240605,62.74335627386518,92.58325698466592,0.0,169.00363779958977,810.6048348734971,1.0,169.00363779958977,120.94835602507548,2.83982473012048,8.493973683333333,1.0593212,763.6970098334983,765.5397862194195,767.3214634231624,768.0641657367537,769.9004686875433,771.6591783605538,772.4479751275475,773.9743111290607,776.773887619867,782.6071740013443,785.4309312639256,788.2065358081941,63.736382813831106,62.14485259431021,60.03111222103387,57.255062981263606,55.094054641851926,52.36313725107165,50.75682204378972,50.83190881088049,51.29948644890788,52.63286670417258,53.82999439309088,55.34336894931204,50.0,90.0,0.366977778440511,2.214355247456318
2022-05-01 08:00:00-07:00,232.70831833333332,309.5909333333333,0.2286693140156567,7.5,455.0195463897004,10.304404966819327,51.32225517083044,103.22591263231085,0.0,255.5606503777451,575.685866801781,1.0,255.5606503777451,125.86762656690377,2.020614915933887,8.127959405555554,1.7855281466666668,528.5942090103072,531.483483568965,534.3290551444323,535.4558323127773,538.4119026237181,541.1693439290594,542.2763197413584,544.9463454124276,546.5342227174386,549.9701094977104,551.528117941975,553.0629299576241,69.11284641849812,66.63927922551916,64.68730998178224,62.77920565456584,62.24895114155431,61.50553369623693,61.55815299822644,62.019701916149835,62.97739791855286,64.52404669936723,65.91348559304015,67.45653562112788,50.0,90.0,0.366977778440511,2.214355247456318
2022-05-01 09:00:00-07:00,386.4310833333333,355.2017833333333,0.2227757872216947,8.5,649.1652216155171,16.93129225100008,40.47283907768809,116.65825116531137,0.0,386.8768773929434,767.6503335797845,1.0,386.8768773929434,160.9317289590698,1.5982968235859758,9.729005922222225,1.988680995,722.9272334176794,725.1504008701772,727.5044847184354,728.2999177218701,730.4941449150658,731.2864616757282,732.6225575332921,736.4674448792125,738.9581500443721,741.4038162659974,744.1205919262428,746.46701089135,82.31618474972689,76.83193419342788,71.53830500219892,68.07968606987323,65.85140826950686,64.16996260730207,64.84282328625092,66.73421724331928,68.66114523739516,71.46588312324619,74.24353452121349,75.9462756219404,37.32763172418192,90.0,0.44681402077354215,2.061961715514124
2022-05-01 10:00:00-07:00,311.69897000000003,432.3572666666667,0.2195754433883147,9.5,699.189616271899,21.729384538284645,31.123201463888655,135.74699289260957,0.0,442.33049915417297,744.2103798457574,1.0,442.33049915417297,163.95902979453996,1.3193467806447032,11.085886333333333,2.50059555,714.1190109866639,715.7862510860082,716.5534359662859,717.4288211181268,718.060249917866,720.3208484070096,722.2181951217594,724.258942277174,724.6695068498669,726.0261003327233,727.857509302961,729.4226231341024,84.011328385396,79.07239160518805,73.75523688891883,71.14593222878133,68.90001903918173,67.43794426625752,68.47229110139068,69.01943291146688,71.68849862172355,73.67664808475543,77.83058584399708,82.15098612215857,22.847750146881122,90.0,0.5558581349835772,1.9356029800936976
2022-05-01 11:00:00-07:00,368.35021166666667,390.10791666666665,0.2143827848063151,10.5,723.2757403219501,24.21831337966852,25.24577728199728,164.11466728077858,0.0,468.7822829174489,730.2164737673573,1.0,468.7822829174489,157.96383671790034,1.0968342301419933,12.552622888888887,2.4869558633333333,716.8475046093297,717.4080238730107,717.4103598633004,717.9738055610271,717.8961714239026,717.8526167177135,718.4134806181673,718.2530970491307,718.2525024914277,718.2519081884359,718.8129297195343,718.5792198517886,83.40174308626008,77.62656007374702,73.11393182095735,69.57874280583809,67.16685625616286,65.79991694892885,65.82860398117849,67.24421865184034,69.51612204437137,72.62269558857628,76.65135997131738,80.94386310621238,7.354324800349554,90.000004436338,0.6859974936396611,1.8653693362630248
2022-05-01 12:00:00-07:00,898.4349666666666,149.50428333333332,0.20789093268675,11.5,960.53366441744,24.108524373653296,25.48292957239939,198.3070465879173,0.0,623.9337485163006,973.3949257771952,1.0,623.9337485163006,201.21070608704693,1.112342097644805,13.691380166666669,2.6407436333333334,966.6240359323917,966.619597488888,967.0601073216711,967.0128785302147,967.4559037417201,967.2772425830638,967.2749612940644,967.7132109934615,967.556398495045,967.559102963116,968.0038260946338,967.9514080077834,107.3640300819675,99.20726027160708,91.96969592309394,86.15002627374633,81.60600844045854,79.38420167563608,78.983169060488,80.36794505364263,83.18594997484618,87.60292640725775,92.93043634194079,99.33136746878023,8.51437767772302,269.99999669334886,0.6759712060234743,1.8681641158902837
2022-05-01 13:00:00-07:00,270.3910442,295.8338,0.220329178299178,12.5,525.9026980720244,21.41321307602776,31.693065823290468,225.97881830101355,0.0,332.5660416309027,565.6886728365994,1.0,332.5660416309027,125.3603742132841,1.3370453355114833,14.26328838888889,3.1374935416666667,554.7156511418334,553.1157959597172,551.6006258466089,549.8690634763129,550.029035674358,548.152382808833,546.4382851752391,544.4466937738862,543.9571645069896,542.6254613920357,542.0309414058252,541.5405302666776,62.60082280962153,59.25184194514019,55.971097902201954,54.65456834888885,52.61776072168546,52.469354860047765,51.58972837059758,53.005048458650556,53.67233519530952,56.82754642162263,59.924229120068084,64.68173577404211,23.940956088009532,270.0,0.5471024955321699,1.9431787381956704
2022-05-01 14:00:00-07:00,26.095844633333336,293.2297,0.2249495602079421,13.5,312.8673195633494,16.441777523088756,41.190942682886856,244.54636613952738,0.0,204.55363089766206,297.095143736908,1.0,204.55363089766206,80.78683209774567,1.6222211690389483,14.033749888888888,3.9782096166666663,282.9247546544646,283.3550311457507,283.62449935057793,284.0973828363109,284.58674658439224,283.345724206637,281.96849594441994,278.9679426007458,277.5658691729577,274.4282882436566,272.91941779533954,269.6764221166089,48.843767085633516,48.951073445589365,47.61490481220188,47.71621933400582,47.70732601741757,47.78907028775148,47.76927167698702,47.86131578852278,47.0255907581331,46.51334110823349,47.2702708084025,47.44265774269571,38.3160137134832,270.0,0.44000082683870856,2.0725397405563486
2022-05-01 15:00:00-07:00,4.587437366666666,167.131355,0.2239926169681972,14.5,169.94971929108195,9.77276934047314,52.09415269804155,257.71371668218103,0.0,113.91915117427936,147.03609302002064,1.0,113.91915117427936,51.20746970069343,2.0645849674107697,14.33348072222222,3.1576910666666667,137.50155917587423,137.96649076017687,138.43766901083524,139.26246777631445,139.7495103032319,137.6289087053652,136.65684085061463,134.49216565120756,132.26393047404372,131.2371587184824,128.96151727677997,126.65163902012816,34.575372186737475,34.97498650203864,35.3523934950971,35.62745085703218,35.97152738750597,36.31541425562178,35.39097745656527,34.53245140945357,33.647829207129725,32.991668333958394,32.36539327204939,31.93025647831579,50.0,270.0,0.366977778440511,2.214355247456318
2022-05-01 16:00:00-07:00,57.74223995,142.08098,0.2291155557903167,15.5,167.82511381838287,13.601697026330319,63.52253598126264,268.2386047406369,0.0,96.13838102625188,199.0781750923002,1.0,96.13838102625188,50.02321512998578,2.857142857142857,14.758475111111112,2.688857845,189.78639235695016,189.70632523674618,189.62342353855615,189.35448089523342,189.28254706717888,187.62353363835075,186.84807438633544,185.1337182897184,183.37037871470164,182.56048377170657,180.76320560327972,178.93404247593725,30.933445541546817,30.98171440743564,31.050867568360886,31.03251644023174,31.151553016276445,31.300678753452356,30.818544544606677,30.473651034730377,30.03903732063082,29.758732617290896,29.38243724375465,28.997450938838707,50.0,270.0,0.366977778440511,2.214355247456318
2022-05-01 17:00:00-07:00,0.3254048,56.274435,0.2186230348070632,16.5,56.35853862673245,42.400216772321535,75.02138714947377,277.6477952246459,0.0,37.579349615249036,50.893182616850765,1.0,37.579349615249036,13.494059620221854,2.857142857142857,14.466512277777776,2.2735667000000004,46.516339577290786,46.8238916748785,47.45530741263509,47.742260880875165,48.3382640172213,48.637579346210096,48.901538726233795,48.73842617593973,48.16902643998234,48.31828443608609,48.166600665032604,48.04518318650517,8.159156546026836,8.05472313983745,8.1802370985147,8.347555483445271,8.38909359049595,8.340543568453906,8.304458960405388,8.404665151769608,8.377743243263383,8.341369448905706,8.27646395215523,8.21021511217445,33.02057885190608,269.9999987925817,0.4775298879425776,2.018667960594569
2022-05-01 18:00:00-07:00,0.04108975,11.6998295,0.2059793785991975,17.5,11.702894837782948,77.6932309151955,85.72170105795414,286.4079391236935,0.0,7.535094072067586,11.51364904018067,1.0,7.535094072067586,2.3146919002599504,2.857142857142857,13.988221,2.5183928866666667,10.939391392837608,10.959459778869899,10.930337009412005,10.95152969597916,10.921565435816097,10.943782498357548,10.943771153380952,10.914628834907532,10.937863720074988,10.937874348436381,10.9081057213591,10.932329331981684,1.336815788259782,1.3066710750720936,1.2835808265254423,1.2692289192972994,1.260900260506628,1.2595916074979214,1.2665904069979967,1.2798704065232953,1.294791981618459,1.3184920546203946,1.3426063113292173,1.371551208576093,8.375610467637632,269.9999985212207,0.6771690478874139,1.8678084295312953
2022-05-02 05:00:00-07:00,0.1225726,3.35785,0.99,4.5,3.3677815081693434,76.61451392332503,85.35248514603373,73.72352890305444,0.0,2.1648537242326005,3.337976413057499,1.0,2.1648537242326005,3.2861539784442266,2.857142857142857,2.8801158777777776,2.3478113216666667,3.1655596358090303,3.1621543108514296,3.1510207137478483,3.157812103872865,3.1578073685966523,3.155141624691223,3.1551134730781683,3.1516664895255158,3.151683480717283,3.151710132210282,3.1419634642031684,3.1497686919386068,1.8442576689150068,1.8023019414811716,1.774036694092952,1.7550202170246654,1.7457419041366715,1.7432658059807227,1.7536999068747263,1.7711594139051388,1.796703413301978,1.8281571085464696,1.8611596206746377,1.8996924416577263,9.110807137432614,90.0,0.6708278447192816,1.8697588997520036
2022-05-02 06:00:00-07:00,0.18983475,15.348127,0.159734081623411,5.5,15.400260311720977,38.31241891990996,74.06034986942768,82.91161594371182,3.1086244689504376e-16,10.326440414459615,13.485415356549826,1.0,10.326440414459615,2.92962630873565,2.8571428571428568,2.542755588888889,2.51316946,12.282662914808405,12.373974256549284,12.562615552932225,12.649591987858198,12.828182728779666,12.910701089057165,13.086377769032136,13.0264883109085,12.967665828888496,12.91642367968489,12.860275328487155,12.665269060430543,1.8613537598516654,1.896136603427055,1.9431902776589498,1.9468900014994088,2.013645316272916,2.084147686419498,2.001405757866168,1.9784003763486138,1.9499996699600906,1.9185127379579443,1.8831591690214,1.8460060696338487,36.1503934150924,90.0,0.45504660923477724,2.0496715021683345
2022-05-02 07:00:00-07:00,0.1819836166666666,47.03388666666667,0.1799024374663504,6.5,47.11780130865552,12.689026707146674,62.54118037773896,92.33328714684853,0.0,32.335461106332,37.50441036200903,1.0,32.335461106332,12.542729597815235,2.8213200303316555,2.2281453388888885,2.243513738333333,32.02618206331487,32.725869952171074,33.41491096953759,33.73363879972771,34.40547714331602,35.06046134138011,35.36200557440398,36.00228225234526,35.807264769507036,35.454340805297015,35.26587938533973,35.080030086870444,8.16695065239414,8.355208973090354,8.587006266739287,8.83060511333633,9.113701987232835,9.397644031054606,9.686338352338733,9.55428174057278,9.415839480512096,9.283206392258718,9.129688602575525,8.96803465914199,50.0,90.0,0.366977778440511,2.214355247456318
2022-05-02 08:00:00-07:00,0.4888082166666667,117.20752833333331,0.1839891527782956,7.5,117.51439419907153,10.053192105707263,51.11319817895573,102.949732402328,0.0,80.22922830093549,95.82149471808775,1.0,80.22922830093549,32.11723654844488,2.0118904609269643,2.023612872222222,2.844770125,81.63959672436687,83.35023714895014,85.03488691156151,85.81167087157925,87.45569679227063,89.05731415915668,89.79246494443773,91.35849305714599,90.99732165365971,90.36394274398938,90.01426245229528,89.66931416742156,20.416593245212397,20.851654293296765,21.39793446154934,21.97281976060226,22.655610869686605,23.338058206615884,24.038232690995763,23.806183287704563,23.563841933849254,23.34252435363247,23.069362043601057,22.778809247929534,50.0,90.0,0.366977778440511,2.214355247456318
2022-05-02 09:00:00-07:00,0.9266707333333334,214.5963233333333,0.1829279168180642,8.5,215.3036455690095,16.668385525976998,40.24454104343,116.35791573164136,0.0,143.32542978623275,195.13334402800223,1.0,143.32542978623275,47.87471401997573,1.594721871750197,2.591286838888889,3.0324399333333334,175.2275276283152,177.74859654083573,180.22240393383808,181.35422089207452,183.69155139115256,184.77038719943812,185.84674347597334,186.72826495180206,186.35024208424093,185.98124311422723,185.72459557000644,185.3824153815696,28.5822187397402,28.86650681470714,28.62975792818974,29.273947257966736,30.089306021556187,30.171625573740496,30.1654417364965,30.182241658079434,30.112834967463964,30.056260184318372,29.94291073945811,29.80190418860577,37.17688748114214,90.0,0.4478611230836123,2.06036911496581
2022-05-02 10:00:00-07:00,1.1781875,220.79990166666667,0.1875063147126448,9.5,221.81127872092148,21.447681249293744,30.860611363038213,135.46635087053528,0.0,145.5337584546948,211.85988160694845,1.0,145.5337584546948,43.023234887911954,1.3175855407580495,3.0435707111111108,3.422429166666667,199.5513530592686,200.4246337000073,201.2193535100206,202.03670461429513,202.76596037271224,202.6254345567502,202.41965390281862,202.2890508155286,202.11017898714616,202.8925871530609,201.92882284576893,201.81235852989545,24.850585817945486,23.867022514368728,23.893282854558127,23.264584028848923,23.550850010121763,23.670666882253723,23.769105866853074,24.09087708542052,24.308888404544117,24.715588832040794,25.02637258071367,25.034885342451226,22.737661173985625,90.0,0.5567438231018227,1.9348586274377182
2022-05-02 11:00:00-07:00,18.795835816666667,320.3093133333333,0.1916786682776526,10.5,337.3512105187255,23.923251680362444,24.94884859145334,164.02158677499895,0.0,217.32083165084677,334.85311397959265,1.0,217.32083165084677,63.49000969194225,1.096080997342181,3.7194663555555554,3.0948224,320.47786750846905,320.4525320586628,320.45233863148536,320.02738720171897,320.4139599529709,320.4140129580459,319.9885198059467,320.3958621154622,320.3957030006846,320.39554088743114,319.97012424455227,320.3680708571595,35.72430906902921,34.54924095456179,33.683308184239394,33.03476669931402,32.64305084381324,32.486112067080015,32.61515871440554,32.98217428240153,33.56778985039154,34.304860564830804,35.19184017288134,36.22708337678838,7.297795775688135,90.00000467631085,0.6864867753178469,1.8652435269878775
2022-05-02 12:00:00-07:00,0.7780114333333333,99.25099166666668,0.1922299062637108,11.5,99.95495156837013,23.80918287458574,25.201018782913966,198.54232539478167,0.0,64.39755737800044,98.60826174298676,1.0,64.39755737800044,18.715919811702676,1.1122978810784934,3.322904038888889,2.5422173283333334,93.55686005508419,93.56205468437324,93.74584181650867,93.7457305329223,93.57972853335424,93.76376706527181,93.76386331743443,93.60771055890005,93.79158771753741,93.63164735998956,93.81550552948694,93.65920489828709,10.97165014248201,10.732361594687692,10.532591210510539,10.338224677896278,10.192105038061122,10.093273919373397,10.03913016190741,10.051043472124597,10.124182447673373,10.24741192665372,10.425217718093828,10.658221600061584,8.511082533015992,270.0,0.6759996447856267,1.8681556025674575
2022-05-02 13:00:00-07:00,0.4698775166666667,188.67257666666669,0.1987667302737918,12.5,189.07336539154363,21.11909919061357,31.46444333916698,226.34730649291777,0.0,124.293022981158,179.4113038038685,1.0,124.293022981158,39.03891497812667,1.3360837522556612,3.918349333333333,1.4521399616666666,170.72760915398626,170.84219769937266,171.01827104636973,171.8599876797016,171.20953743742484,171.33751849356102,171.5420752072606,171.6903504545482,171.02996330461326,170.29610530375845,168.79141245207387,168.0505862290717,23.05649765489932,22.82752999430997,22.584764831237433,22.21746082028336,22.04033003160056,21.764559497437013,21.665150207163954,21.551746248722964,21.677990127656425,21.754056622508102,22.17239761075751,22.61970928492305,23.88217469759875,270.0,0.5475714332843771,1.9427629024687434
2022-05-02 14:00:00-07:00,0.7978115333333334,162.54978833333334,0.2023894256928735,13.5,163.15187186066512,16.159461239349348,41.00355533960137,244.900791594748,0.0,109.2365215226043,145.45576569938402,1.0,109.2365215226043,39.76967867082121,1.6196986208459312,4.494217061111112,1.6918972983333334,137.69769005381212,138.00697240893297,138.2415599058971,138.5775146282271,138.92270153594643,138.25735287936763,137.413673255821,136.55487216102588,134.7158112119489,132.80035319174868,131.87178756241266,129.8861241202177,25.73614922535967,25.03966968478202,25.134545984148293,25.25071319421112,25.34595017605618,25.357722156526936,25.366462295145087,25.275090045661607,24.590564152462083,24.032856374466622,24.176772670326987,23.906042926983208,38.21345410225273,270.0,0.44070354402462786,2.07143119929101
2022-05-02 15:00:00-07:00,0.4693532166666667,104.57383166666666,0.2035320213940378,14.5,104.86325750581616,9.48845432399541,51.92821715068836,258.02900409388013,0.0,71.76112729149352,85.17909053272884,1.0,71.76112729149352,30.3974347255691,2.0577942721112734,4.3597281,1.1940332383333332,79.43218234884374,79.75805285783278,80.0883578314401,80.68276582745,81.02361040954135,79.62196065249239,78.96980341552504,77.53822314332326,76.06839353019696,75.37882106908515,73.87256950945557,72.3433441718026,21.300428798651343,21.57964077976641,21.841259399516463,22.046755349715408,22.27678807344765,22.494913629487144,21.858771833490884,21.241148425101773,20.617721150634083,20.10108088362411,19.607038420669074,19.221366977555597,50.0,270.0,0.366977778440511,2.214355247456318
2022-05-02 16:00:00-07:00,0.3227026,90.17772666666666,0.2048746915250005,15.5,90.32240201155618,13.420195008403395,63.36379086842236,268.5213581127166,0.0,61.6212009446862,73.73109609656176,1.0,61.6212009446862,26.089012809892587,2.857142857142857,4.901944961111111,0.83200604,68.79223604264656,69.10561388668685,69.42328106543037,70.00297838966516,70.33134199814415,69.12390490812358,68.56179501551038,67.32839906334004,66.0623529813047,65.46805061256637,64.17021507250494,62.85249116481024,18.249842492157015,18.52484927686309,18.784255832998667,18.994136399643182,19.225072875391813,19.444232704566268,18.897230800899354,18.365934212144772,17.828495601637858,17.379931719936025,16.948230751632437,16.60634217726476,50.0,270.0,0.366977778440511,2.214355247456318
2022-05-02 17:00:00-07:00,0.2253418166666666,44.94517166666667,0.199647067274686,16.5,45.00402689745354,41.73476903779181,74.85978943521961,277.90760183803246,0.0,30.119883354245324,40.14201004712156,1.0,30.119883354245324,10.009186743085177,2.8571428571428577,5.043373094444444,1.0473139363333333,36.57047761260003,37.097600546658846,37.34247128900155,37.86225578103885,38.093775279479985,38.314930614919064,38.771360429036164,38.65447069300456,38.51650643748818,38.02291662945827,37.911262769743935,37.78338468343837,6.090645610016532,6.154170642526896,6.124388563701887,6.274413279399247,6.456130166856893,6.257515341702299,6.210678835347874,6.426807453300702,6.395809131059409,6.208901984668117,6.153916491311667,6.081261054219895,33.56367795230533,269.9999987925817,0.47356829172362735,2.0238709671587864
2022-05-02 18:00:00-07:00,0.0275679333333333,10.165243516666669,0.1856014513612129,17.5,10.16738245535848,77.1922857961447,85.5500671444778,286.6525579539237,0.0,6.550075933339772,9.99008166600991,1.0,6.550075933339772,1.8017360414573917,2.857142857142857,4.94276995,0.931158715,9.503531464730926,9.502714867081588,9.494612028187886,9.494631266436777,9.48749040331227,9.487479068251002,9.506246369431652,9.480607943055878,9.480609595132023,9.500968986490099,9.475353425438477,9.475357611846107,1.0422862780516013,1.020928454495498,1.0045034064705523,0.9922124880981543,0.986878963609196,0.9858329615956775,0.9887161300074497,0.998981072542154,1.0138699652800094,1.0317061701928292,1.0514057783531898,1.069256065790943,8.731000981400152,269.99999758516344,0.674102179163382,1.8687309575943893
2022-05-03 05:00:00-07:00,1.9622935166666664,17.664419333333335,0.1778291967396529,4.5,17.8305401557231,76.00273375374157,85.14372973246495,73.51269197624214,0.0,11.395757240134648,17.79727835273787,1.0,11.395757240134648,3.0295644484924873,2.857142857142857,2.93372965,0.3628652673333333,16.881929910436835,16.83509075834898,16.86793294836336,16.821157097387772,16.854130287522842,16.80729362962418,16.843086192292493,16.796277036842636,16.79631402336301,16.832532815038434,16.78572575822893,16.78571430687635,1.7341779479853427,1.6991783644395722,1.672439111639591,1.6503414059703867,1.64239786147696,1.6439745071338077,1.6501001385747611,1.6675904385597324,1.6893979924016105,1.7188597313685536,1.749839163010492,1.7854648306293135,9.542403402357603,90.00000283164684,0.6671112550792716,1.8709796739617643
2022-05-03 06:00:00-07:00,0.1656691,68.52201666666666,0.1940526099135619,5.5,68.56806823164415,37.419386363716356,73.86072563542766,82.68420735917933,0.0,45.400014940231955,62.2285677337813,1.0,45.400014940231955,15.62940654428851,2.857142857142857,3.443808511111111,1.0284100066666666,56.28034364561783,56.67891019435589,57.55691799744553,58.35743794048561,58.72754270783193,59.091160248106036,59.841317114081605,59.66583575961943,59.455841311294094,59.250604073344185,59.446939281619926,59.2914909281444,9.543510369695069,9.452920977817332,9.629416518227357,9.887480606155068,10.195612283389702,10.262485807275512,10.197680793182005,10.150530459856686,10.080371118182503,9.981792793660603,9.644905421074764,9.539089619887056,36.88617165756549,90.0,0.44988639806809805,2.0573133104631665
2022-05-03 07:00:00-07:00,0.2187981833333333,112.19266833333332,0.2017964880025064,6.5,112.29422674284938,12.463611036248578,62.343818899797526,92.0847350525957,0.0,75.78206784856333,94.30034722069266,1.0,75.78206784856333,32.00740584838064,2.8034619292046408,4.080697427777777,1.0394672983333333,80.87973794950237,82.49022136637825,84.07632256182697,84.80306050316034,86.35080427412072,87.85857524165729,88.5464342778612,90.0209615216956,89.63778487639821,88.96522841297286,88.59525181081032,88.2302302909279,20.348336236187336,20.74775998385467,21.254878819861613,21.78084766783611,22.41827632703117,23.04640029949745,23.700357298005066,23.434639494182377,23.15729180891382,22.90926380340374,22.602164422038438,22.278018322223364,50.0,90.0,0.366977778440511,2.214355247456318
2022-05-03 08:00:00-07:00,0.5700265833333333,131.4888,0.2069449634801891,7.5,131.84823073744215,9.807327375370921,50.90922623926117,102.67441885200947,0.0,89.68780801298367,109.10578929214503,1.0,89.68780801298367,38.41749551241845,2.0034461273907898,4.522603883333334,1.0598846153333334,93.05207319478096,94.93566723457401,96.79100087890062,97.6376486605198,99.44987735849614,101.21346531981581,102.01453839462799,103.74158690364976,103.33896978261312,102.64333066297452,102.25311963990423,101.86814551833373,24.164920499920633,24.607912680459734,25.1900708339976,25.80068627313303,26.55618071328665,27.302359478429533,28.078701510047033,27.816967550649274,27.545379727475062,27.309908241933805,27.00286316530981,26.67533774545391,50.0,90.0,0.366977778440511,2.214355247456318
2022-05-03 09:00:00-07:00,1.0201048,231.39436666666668,0.2105347371302212,8.5,232.17556478445115,16.408402522030933,40.021621224589964,116.05710410696582,0.0,154.27792105642246,212.1232383696494,1.0,154.27792105642246,57.23366644589646,1.591268124925735,5.398663288888889,1.2207176366666666,191.74382994183034,192.97291135517682,195.59491344990118,196.77872690915405,199.25555394934946,200.38495762840003,202.7452699211935,202.47594361987063,202.0671176749213,201.66793890883642,201.40618181633948,201.03677833611874,33.86666385180779,34.064215098019524,33.735731422953435,34.37922466817986,35.23474168309216,35.371185658677284,35.324142316154486,35.38463997003979,35.328902288061705,35.30431578965349,35.1982353433165,35.127703735457274,37.03048763773401,90.0,0.44888005019887867,2.0588276917306745
2022-05-03 10:00:00-07:00,1.9834888166666669,371.3884833333333,0.2106180380799205,9.5,373.0956948057967,21.169481667809738,30.60344503135627,135.18248562187512,0.0,243.67204955250534,361.53146221382224,1.0,243.67204955250534,80.84846201172192,1.315890647971948,6.427292672222222,1.5596277150000002,341.37269031789526,342.71762403354825,343.9283209423281,345.19064416478284,346.29461365898413,346.2028019898711,345.9794242602042,345.8871697602302,345.70320736102735,346.891094918883,345.50356381368647,345.41740262172493,45.94553494841276,44.03228025113952,43.74656720044336,42.557409950870394,42.815909578735955,42.913924509067954,43.13242994644138,43.69394792401669,44.21903060930449,45.0040982042197,45.77510114434474,46.07023465408449,22.631498087164083,90.00000085377364,0.557598602465991,1.9341440440841182
2022-05-03 11:00:00-07:00,277.0499321666667,548.8133333333334,0.2063370561869357,10.5,800.602952822679,23.632262636717886,24.656664405099733,163.9234458258327,0.0,518.2883212426535,805.1726089064435,1.0,518.2883212426535,166.845980325404,1.095369099506214,8.276634905555555,1.826322145,787.0904449395327,787.5279875146941,787.5270095184216,787.7588038846129,787.8584133688033,787.8587419254313,788.0882977245785,788.1694033423704,788.1687700552383,788.1682389988819,788.3979246970478,788.388493658262,89.13987288798641,83.71833532784007,79.39560071314746,76.02209036531004,73.74300617303,72.47853759277623,72.55825412281695,73.75106481204614,76.18897476741832,79.23316789702714,82.96142711625781,87.37557608714201,7.244356412512037,90.0,0.6869493715767857,1.8651254817800307
2022-05-03 12:00:00-07:00,605.2786666666667,379.4631,0.2008235675405373,11.5,928.3748537713866,23.51433992035325,24.92306573604624,198.7748043987278,0.0,602.5469203770531,941.9351206029795,1.0,602.5469203770531,191.01683311865287,1.112227430592994,9.990504872222225,2.4236478416666665,932.166681825034,932.2157470322198,931.2731160060318,931.2708105956222,931.5999306967798,930.662972139026,930.6649788839576,930.954787342583,930.0136190801834,930.1195535303857,929.1805613150484,929.1826401559302,94.97069209277775,89.36157042649133,84.65569829212095,80.75623343441869,78.24747388131941,76.76147230134225,77.0454326439541,78.88607165033983,82.7722506009468,87.77860430472735,94.02828800481977,100.93405683644953,8.505829671267158,270.0,0.6760449801401124,1.8681420380582143
2022-05-03 13:00:00-07:00,210.84135445,388.2173666666667,0.2086133877809949,12.5,568.4889781968831,20.82971253336659,31.23908443047133,226.71227456428284,0.0,359.00747442401587,596.4604079074707,1.0,359.00747442401587,127.08334149968368,1.3351095623142,10.097135094444443,2.924640066666667,582.0243167253192,580.8059270444489,579.6937730073973,579.1452907529009,578.5422425669037,577.1093527057023,575.8546980241204,574.3366514310188,573.5239235851925,572.5449306291198,570.5447498777554,569.484628462782,64.36300178709534,62.20779082931859,59.42990398569644,57.91638016961626,56.04936176442233,55.64036010827519,54.74478606910617,55.68768695370516,56.56103586038444,58.7357199313868,61.50513053087902,65.70853284798736,23.822550466374214,270.0,0.5480473125953373,1.9423420874666733
2022-05-03 14:00:00-07:00,96.38782298333334,309.15032833333333,0.2117457533273598,13.5,382.09498905799956,15.881944155962627,40.818595451202626,245.25074236146793,0.0,240.03148707657064,400.10379927421315,1.0,240.03148707657064,94.01345818613984,1.617185578946383,9.71563062222222,2.6843291833333334,384.6042522287781,383.97204551279947,383.52519520187525,383.0828689618953,382.63938588846395,380.5284261600217,379.26759582448403,378.0368382534743,375.2853064999754,374.0140427695752,371.07842547379914,368.1489378757749,52.65055655637863,51.31574885547931,50.57143850746672,49.75022596402528,49.20691467639386,48.58999196927698,48.06575467796992,48.649026715007615,48.506383471945036,48.857724773428984,49.6772435497674,51.81503626129763,38.110897310532565,270.0,0.44140723287071765,2.070325205903404
2022-05-03 15:00:00-07:00,21.81636995,242.44735,0.2140700848066602,14.5,255.94952998394962,9.209897636469258,51.76405323205564,258.3396479363281,0.0,166.30061879675492,238.97333467696473,1.0,166.30061879675492,72.88429436870213,2.0510694782671477,9.127256411111112,2.64375912,225.3656497422413,225.91234227094233,226.4663818629202,227.41173949039677,227.98770925515396,225.08827376878062,223.76269218910264,220.7967016003771,217.73499779424242,216.3385081351503,213.22638372353828,210.06742222875152,47.7912398607786,48.24987754515135,48.69426468807609,49.005025260312706,49.44640960301253,49.93039469260863,48.7782777576766,47.77716786739702,46.7297512002882,46.079028390346025,45.47335030366199,45.14409702533202,50.0,270.0,0.366977778440511,2.214355247456318
2022-05-03 16:00:00-07:00,23.35984726666667,112.00716,0.2132349001013826,15.5,122.53725908430987,13.243993570457857,63.2064063045862,268.7995232502634,0.0,75.15005603798305,129.03196805883593,1.0,75.15005603798305,36.404365426210134,2.857142857142857,9.5078244,1.4478530866666666,122.24586091892124,122.19928192808058,122.15111160083023,121.97253013347316,121.92709929176812,120.55634226917763,119.91472607242423,118.50476240140335,117.05515542254275,116.38253962398105,114.90161258567065,113.39649796410043,23.83311071244365,23.825575613338135,23.821396280606237,23.758675604991975,23.76940738085635,23.791256693274768,23.289438182576756,22.859735914927537,22.390718960184095,22.043484520932946,21.67038907514798,21.350658050120575,50.0,270.0,0.366977778440511,2.214355247456318
2022-05-03 17:00:00-07:00,18.46315505,85.97612166666666,0.2105558439780055,16.5,90.84825163016592,41.065933731425645,74.69935355618853,278.16283983154034,0.0,54.84502377382343,98.87644401737651,1.0,54.84502377382343,21.07731286182405,2.857142857142857,10.08323425,1.0074442266666666,93.98178444103736,94.15255198059874,94.3680168831873,95.22100651152245,95.4037268779527,95.62991453419143,95.23087296228427,94.32667207173373,93.89698886570362,92.9830314147829,92.53141660181437,91.56022706120025,11.889211620090952,12.000597657475199,12.077650769638865,12.150098685492916,12.177540898735588,12.4862632914003,12.095793386031627,12.16628422179752,12.099739113073811,11.813460894512396,11.610444912060991,11.745329362040865,34.11374992329889,270.0,0.4695811512382373,2.0292170893130894
2022-05-03 18:00:00-07:00,0.0070664666666666,9.63546375,0.1806809146478866,17.5,9.636010392168563,77.23101408992748,85.56332569704342,287.04807558430684,0.0,6.208635246659498,9.464672564346934,1.0,6.208635246659498,1.6600029885777323,2.857142857142857,9.8572983,1.2006406088333332,8.97804080367149,8.978036827095625,9.002404422870057,8.983065007075592,8.983063639333775,9.007452403441093,8.989612811643731,8.989623209375889,8.996453102049333,8.99643532231442,9.004185766415908,9.004939306740543,0.9862542901379258,0.9699105390127841,0.9517372804170723,0.9352772513803854,0.9215155289106154,0.9120424204080789,0.9094580008481354,0.9104622428005017,0.9153850312472855,0.9267092333909599,0.9418654360793993,0.9615732284774057,8.722939635075276,270.0,0.6741717132264421,1.8687096101808036
2022-05-04 05:00:00-07:00,0.0982329,3.6475313,0.99,4.5,3.65619607922975,75.40300873171374,84.93956389799581,73.30363510755404,0.0,2.3546189252358523,3.6150797720427805,1.0,2.3546189252358523,3.562847170284331,2.857142857142857,4.4061376333333335,1.7171926016666668,3.4302071916418604,3.426124509955323,3.4243619753703487,3.4207460631062285,3.420716781009321,3.4174278075975604,3.4158651237623086,3.4130366540373,3.4130830493439226,3.413102512291938,3.4106159737903705,3.40933616275311,1.9997692447089035,1.9587878679032018,1.9238421241448376,1.9040935768131073,1.8951993142952805,1.8952201435343774,1.9051428350772146,1.924481826354565,1.9531150369719055,1.9864718767157472,2.022400225127259,2.0629150977515938,9.967341888896348,90.0000017075473,0.6634565913122854,1.8722362861165265
2022-05-04 06:00:00-07:00,0.06298775,14.763541666666669,0.144009895549953,5.5,14.781256331641082,36.530277735635835,73.66578359982078,82.45852688262755,0.0,9.955569462418355,12.73246166296065,1.0,9.955569462418355,2.674869905222197,2.857142857142857,4.590171261111111,1.3869509766666668,11.521143864248874,11.710296205319553,11.800145509115875,11.981492511506836,12.06608011331864,12.244829760486725,12.325678098412299,12.26585447678999,12.207180439923574,12.243793225672121,12.1890491462851,12.136180114481302,1.7250767302592975,1.7632981322508114,1.8125239012719065,1.8147347350467156,1.8804415443222502,1.9503058404570992,1.9234424997088801,1.8412201579831302,1.8107935400744763,1.7769861422591426,1.741320055241055,1.8022646187749711,37.62613672522488,90.00000120741828,0.4447467396570556,2.0651316272982227
2022-05-04 07:00:00-07:00,0.3199981833333333,40.61759166666666,0.1569156792446343,6.5,40.76707497741559,12.24578432006948,62.15132240325818,91.83771630948723,0.0,27.944328334967796,32.36268984829871,1.0,27.944328334967796,10.053395698111533,2.7862341761765785,4.644188505555556,2.324082515,27.715340547016357,28.32441647797366,28.924121721870222,29.204006762980054,29.78856222014455,30.35880552017469,30.623746467743636,31.18026877300552,31.011713575862718,30.703469753984514,30.540757228268774,30.38032156575284,6.633993241462722,6.802416747187211,7.004255455943759,7.217652117692197,7.459504655165157,7.704716407009758,7.952186137941267,7.837040411122907,7.716859290868056,7.598546134977607,7.466493302451093,7.328058613513999,50.0,90.0,0.366977778440511,2.214355247456318
2022-05-04 08:00:00-07:00,0.2126923166666667,40.60999666666667,0.1501962655157664,7.5,40.74468206279462,9.566890832895243,50.71039003832383,102.4001210638513,0.0,27.960853117308613,32.30411970748011,1.0,27.960853117308613,9.924449187900347,1.9952777924657896,3.978128633333333,1.7397178616666666,27.57834434877906,28.18862755034465,28.789497311727395,29.07060936029976,29.656282141454373,30.227679349088937,30.493811783706626,31.051257628898195,30.901223403523296,30.628296086708946,30.48336221101051,30.340448832756632,6.506204891849558,6.676016501308906,6.878303734485698,7.092787031862144,7.3342621901259095,7.580003897269266,7.8273106362706635,7.727839472086344,7.623826651922853,7.520955146922719,7.405907360762674,7.284916520137651,50.0,90.0,0.366977778440511,2.214355247456318
2022-05-04 09:00:00-07:00,0.4478060666666666,69.52300166666667,0.1581817262228332,8.5,69.86702297288741,16.151437386390207,39.80414073229033,115.75599838699789,0.0,47.021409680746736,61.17361112534391,1.0,47.021409680746736,13.977785003769656,1.5879340649829716,3.011982316666667,1.4551631783333332,54.93254862181638,55.35276904845261,56.25761860285388,57.09157590788032,57.48104408402482,57.863516425191044,58.643510668928776,58.509508509109125,58.34599676741768,58.18619058037763,58.43484572616643,58.31608488031041,8.64475027613194,8.569636191447778,8.768245973998532,9.033917197217761,9.344163396572025,9.40405943506625,9.365206222634376,9.337137911930196,9.29026734960816,9.22523742008853,8.911344276923185,8.835937649643427,36.888442747503426,90.0,0.44987054648327085,2.057337102895616
2022-05-04 10:00:00-07:00,0.8701372333333333,271.23201666666665,0.1738600530040275,9.5,271.98289216382767,20.894883511679744,30.35178862386788,134.89554382718234,0.0,178.15295055103547,260.88845289050124,1.0,178.15295055103547,49.17672093687244,1.3142615601676926,3.0902818444444446,2.5333114666666665,245.8676454889375,246.9117833376191,247.86511713602928,248.7713344151023,249.71726310879134,249.51430311649892,249.37121804248227,249.24190426333217,249.06067649003393,249.99135828619592,248.87430761932296,248.7593570322481,28.414908875007715,27.241329240322088,27.251314744307315,26.49040121935265,26.810241590962587,26.930037126350495,26.652375418226985,27.410029501807234,27.296308399511656,27.627842753386197,28.53329496150953,28.55629666648172,22.529253724737345,90.0,0.5584224544188974,1.9334588331841864
2022-05-04 11:00:00-07:00,73.04698808333335,534.4451,0.1766350437404983,10.5,600.983945406014,23.345439884651817,24.369323509140656,163.82016698647897,0.0,388.2371283768617,601.9035226690938,1.0,388.2371283768617,106.89117363249716,1.0946983511495973,5.096965472222222,2.3229973,582.7597401681356,583.0513738930705,583.0508715695973,583.0106383562552,583.2723974788557,583.2726029255358,583.2312439937474,583.479788910719,583.479432907827,583.4791402239289,583.4378443669874,583.6266051295056,57.92888362591428,55.1437305642753,52.93345780482527,51.23073127447684,50.10911426577524,49.52968371418658,49.64596578847583,50.34188795078188,51.720889196055616,53.36931961952188,55.371707021361004,57.74131056048249,7.193989162582928,90.0000036222548,0.6873854243954476,1.865015012715816
2022-05-04 12:00:00-07:00,202.5836143333333,527.3887666666667,0.1899367751108003,11.5,711.5127157420877,23.224088091793917,24.64913524138342,199.00424211574241,0.0,460.75783902281796,716.5943064780446,1.0,460.75783902281796,137.34991700324068,1.1121309937417156,7.197165105555555,2.40805995,700.373668870961,700.409515659959,700.1445227425926,700.1431589539703,700.0354409021504,699.7738411011031,699.7750567088931,699.6510545546274,699.386968769254,699.1439507460777,698.8809615729473,698.5747308285947,71.60591820408371,68.26595557816361,65.4573401909925,63.07501173371076,61.49780625714372,60.47706214147964,60.50405446715399,61.44808090300444,63.56197390549681,66.34810454827728,69.87741013802491,73.81094606065678,8.498638971709662,270.0,0.67610704120756,1.868123482932425
2022-05-04 13:00:00-07:00,8.997312333333333,385.1612,0.1952333675624624,12.5,392.8720254727122,20.545142047103575,31.017014719054846,227.07346480148746,0.0,255.9981593331774,380.9468430105595,1.0,255.9981593331774,79.88547018761506,1.3341231447965805,8.286493872222222,1.8604327466666668,364.61783328816,364.6928013835546,364.88371559853266,366.25598210854554,365.0945133763148,365.16945315986266,365.3950555795078,365.49489389326516,364.29845202571636,362.95886596465095,361.66331937655093,358.7369508656289,45.246398400598004,45.10215782685207,44.34438886517956,43.543596870060064,43.04958123811231,42.54712802056432,42.31396921552994,42.262475255183425,42.638005538780185,43.06724067443593,44.17079056920525,45.47751734487327,23.762103867488428,270.0,0.5485299787189003,1.941916479627451
2022-05-04 14:00:00-07:00,1.19493505,223.56098333333333,0.197480500866998,13.5,224.4677734327573,15.609311321674857,40.63607494634896,245.59602622210775,0.0,149.27424910334108,203.708492649939,1.0,149.27424910334108,53.35761501048924,1.6146825967474745,8.999412672222222,1.5736428316666666,182.35413140577643,185.14401757581643,187.72998978388387,188.91414987790859,191.3552330436704,192.4904529336887,194.8266837901445,194.41878191991373,194.13541363438182,193.73648910567695,193.35560424309185,193.10399374215524,31.97868996971936,31.509233619632827,31.98529807009079,32.65925642099658,32.71546757399796,33.65951633839838,33.60105447164821,33.61102618833511,33.517377913753464,33.45707841135023,33.3249114152465,33.4778760200175,38.008368482677135,269.9999987925817,0.4421117181505126,2.069222033963851
2022-05-04 15:00:00-07:00,171.12158476666667,304.30945,0.2040232855435131,14.5,410.597316810856,8.937280102030591,51.60167720603495,258.6455087494106,0.0,232.93208169438725,507.3838178983197,1.0,232.93208169438725,108.71684533121325,2.04441143478454,9.649450155555554,1.704283155,487.6531394888949,486.09733574068724,484.51779714004584,481.077889733735,479.4557813220109,476.7436496220547,475.5669738837062,472.7615436713052,469.8008893516801,468.58503872278493,465.6797479046238,462.7320715599175,61.501565458282265,59.95584719594899,58.524010805700385,56.97465992677387,55.86911135373434,55.11913002641486,54.771704100039116,55.01526256478221,55.10480429180925,56.23169921500783,57.410832431437925,59.01358807097963,50.0,270.0,0.366977778440511,2.214355247456318
2022-05-04 16:00:00-07:00,20.978194566666662,173.75692666666666,0.2004573856638831,15.5,183.2643787034628,13.073066998006327,63.05040989737074,269.0729924540841,0.0,115.10929593984355,181.427063466702,1.0,115.10929593984355,50.01582327657095,2.857142857142857,9.775756472222222,2.3243508633333336,171.92163370447398,172.3907026069972,172.8657807268531,173.7188074756426,174.21822587607622,172.0828501655867,171.08023321206582,168.88586267475654,166.6316052488322,165.57803703305916,163.27287926177416,160.93043489320726,33.25897527736772,33.73424285642041,34.20106676379758,34.5788054850611,35.03899938195885,35.50159009100685,34.67738729091552,33.943316135836845,33.16672901300028,32.56734087182222,31.95412615350101,31.447729071014543,50.0,270.0,0.366977778440511,2.214355247456318
2022-05-04 17:00:00-07:00,10.790683050000002,83.863075,0.1850552256099921,16.5,86.7394775761116,40.39365221420925,74.54012121213786,278.41342182813855,0.0,53.798925360904754,89.87353918261812,1.0,53.798925360904754,18.312776694298666,2.857142857142857,7.312686083333333,2.041351835,83.13304036781273,83.59220436408815,84.53885521924322,85.01258655704675,85.90742378423552,86.31197593284811,86.71937177688083,86.96856928602635,86.7498629938493,86.53620430562178,85.74213930346156,85.53998933374392,10.502445361254066,10.644303113359626,10.598040123178116,10.878921098002518,11.217217413388076,10.849906697576687,11.224930277184534,11.188693078687793,11.12815826434309,10.799975821066342,10.702995487031925,10.60230229072479,34.67099040185844,269.9999987925817,0.46556840586864096,2.034710687879291
2022-05-04 18:00:00-07:00,102.6305881,32.83452466666667,0.2016343540260882,17.5,41.07643465746,76.7354635480645,85.39381268887828,287.28308420746055,0.0,17.398706573214998,66.058075472072,1.0,17.398706573214998,8.64683070593868,2.857142857142857,6.988660894444445,0.8535112113333334,54.27840548416607,54.27840830483713,54.23304387106985,54.233000172233446,54.23297427662086,54.18168957663808,54.1817355835573,54.12046142912993,54.12046798446916,54.10114623652603,54.05302464914416,53.97487387385894,3.263662323961654,3.1978657177323826,3.104494342172819,3.050580994150375,3.008776813704993,2.978080878152395,2.9609760880458307,2.931335545254296,2.946533354494537,2.9776610870404845,3.0294125740561078,3.091036979470794,9.07665657489598,270.0,0.6711221188126886,1.869664695643778
2022-05-05 05:00:00-07:00,2.9162673333333333,37.12068216666667,0.1749831572816397,4.5,37.388029740725635,74.81554404626883,84.74004839325634,73.09642905762212,2.3314683517128283e-16,22.590464927369833,41.154334709034345,1.0,22.590464927369833,6.288104072209521,2.857142857142857,4.6643774,1.57777401,37.977966316215756,38.044750923272765,38.01940225541685,37.92137589707467,37.993262416242956,37.898267136878985,37.97270327518902,37.97281010299326,37.875360747125605,37.95227435351447,37.85732924716547,37.85727464443724,3.385920922241435,3.3073554920036794,3.256434700737303,3.2196037625504346,3.204749948442543,3.2097254717877592,3.2187653525133744,3.254419001101968,3.3051395403663624,3.3578063896969503,3.4149328425456558,3.4864747303308525,10.385454143761109,90.0,0.6598652814433242,1.8735255890742066
2022-05-05 06:00:00-07:00,18.6364313,107.06068,0.1829789435857605,5.5,112.36132885907894,35.64531722311982,73.47557694118869,82.23466574168204,0.0,67.07331594244324,123.48016719886591,1.0,67.07331594244324,24.535127190672796,2.857142857142857,6.098317494444444,1.3383605383333332,113.83550828305675,115.11068889958707,115.70907333081723,116.93800236853781,117.49997448086992,118.67222448194451,119.27023228305282,118.97556293739461,119.27909497699557,119.00177688801273,118.78323980018678,118.52536293752678,13.824941258867884,14.067312538276513,14.030875086069477,14.426133524055745,14.866900390964918,15.365881029564356,14.904833246505783,14.819515239455564,14.717300820336877,14.582766529183449,15.049794529718122,14.881166449167397,38.37035683281231,90.00000120741828,0.4396288815000502,2.073128140951662
2022-05-05 07:00:00-07:00,427.1737311833333,145.04176666666666,0.1960813077387185,6.5,345.8263494663755,12.035693584046381,61.963738769782715,91.59234837353483,0.0,130.03881398213218,634.6378302011501,1.0,130.03881398213218,85.073227644025,2.7696213117667905,9.210911683333334,0.7905144678333332,597.4721557829716,598.7678977861282,600.0372966970544,600.5712562791406,601.871525531811,603.1214068283792,603.6735888525517,604.7546501590078,607.5939449477838,613.400418743059,616.2200509857763,618.9933953073114,43.04163308571316,41.444323449835366,39.69610541039735,37.59506009633576,36.04271644049065,34.115984138866956,33.03078161872956,33.88129664720704,35.03525918928286,36.797388867491044,38.5003291499033,40.43020209362103,50.0,90.0,0.366977778440511,2.214355247456318
2022-05-05 08:00:00-07:00,273.4408483333333,348.4331166666667,0.2030001885074375,7.5,522.3012422139376,9.331203426282022,50.51673716645589,102.12699138007821,0.0,290.3814529622665,660.7605559144488,1.0,290.3814529622665,130.54123471278962,1.988179111205517,10.948474722222224,1.96589875,610.5044521366405,613.680855129748,616.8065321683648,618.0622299790932,621.3056685416929,624.3295762136426,625.5631255127269,628.4938607138508,630.1692403676723,633.7641051014338,635.3998602658912,637.0131305877164,70.95259525349266,68.30072004939343,66.25144910940405,64.35175929479855,63.89118464959698,63.288197129984745,63.48283117492212,64.04725051437501,65.16644157587798,66.8669346824432,68.41908892545396,70.12230411468052,49.88083128726535,90.0,0.36764706902599753,2.2127633535098203
2022-05-05 09:00:00-07:00,610.26383,255.63895166666669,0.1974676412316869,8.5,725.9085564912446,15.897583720186311,39.59215724395347,115.45478738464602,0.0,426.2445069749279,895.814702313779,1.0,426.2445069749279,158.591037607905,1.5847182201115952,12.873408666666668,1.64288679,854.8950293501641,856.0236678382618,856.5332350101037,857.9107251815249,858.3807300613136,859.3436794285997,859.8398639735565,863.4524507030704,867.1353815830292,870.8414719569505,873.9909489354867,877.3370036546219,79.27760971383294,72.05131669310605,66.14002393949045,60.74173815726481,57.14268215737591,55.12561946729166,56.90428160305576,58.81384834653004,61.789299167041314,64.09967539622279,67.97871132667858,71.83300160183549,36.750762149506066,90.0,0.4508323705947091,2.0558970034474546
2022-05-05 10:00:00-07:00,817.1804431666666,194.81751666666665,0.1948014766220647,9.5,901.7613817351579,20.62398172749007,30.105725410707077,134.60568477942417,0.0,562.0417720507348,984.0533231864868,1.0,562.0417720507348,182.87536523709923,1.3126977762229313,14.855364000000002,1.7824481416666669,962.6299512142543,962.8690103301527,962.9864024818336,963.3378438747387,963.5590567032191,965.633439123576,967.6298145998726,969.5285857249972,971.6289630036728,971.4902491764457,973.1091020559329,975.1120852356239,93.3912710300585,86.54200294902867,78.86074977138499,73.93587151985692,69.47418002640269,67.31551264051977,67.86267717224085,68.61155176843705,70.96709635858186,74.62372890091066,78.71465785997168,83.59931801374039,22.430919965761216,90.0,0.5592153715408988,1.9328026047601694
2022-05-05 11:00:00-07:00,973.6278666666666,143.24336666666667,0.1924797933225537,10.5,1032.0948687734383,23.062879698555108,24.08692380251779,163.71167984892668,0.0,670.3923200130728,1042.0140270453294,1.0,670.3923200130728,199.99112878616202,1.0940683790705872,15.95455711111111,2.4506998166666665,1036.0392735115886,1036.3650389572115,1036.3635265554012,1036.5902158275765,1036.5920129647457,1036.5927765669053,1036.981583059502,1036.8235534205603,1036.8225431650553,1036.8219018522018,1036.970240595552,1036.9705856242217,105.17443089653963,97.03160401965268,89.58180132459657,84.10418626035283,80.31698109426307,78.08729015137673,77.97075705196325,79.60222103625051,82.76137582918984,87.64268770583382,93.31802998588067,100.09200901712038,7.146675668355124,90.0,0.6877950835054071,1.864911939737235
2022-05-05 12:00:00-07:00,792.7474321666667,216.12886666666665,0.1964502349527272,11.5,938.1893196904442,22.93851834849258,24.379291102810825,199.2303905213799,0.0,609.4972939017363,954.0586390044002,1.0,609.4972939017363,188.9882024205461,1.1120088525798022,17.276979722222222,2.5979840333333333,949.2732741408589,949.321560732726,948.2529936969672,948.2507111071158,948.7179575639321,947.6553957756468,947.6575120766845,948.0869245134785,947.019782335337,947.2675856769861,946.2030592254472,946.349793933333,92.18299728325013,86.21473119950609,81.21750683431904,77.102915275599,74.4830571188282,73.00850327770631,73.39377153510169,75.44766130681013,79.69747073178243,85.13576426515114,91.89392071824955,99.36213788549999,8.489531217753749,270.0,0.6761856495460508,1.8681000033350728
2022-05-05 13:00:00-07:00,478.4816123333333,326.5694833333334,0.2041264629025211,12.5,737.5734462328711,20.265475377907208,30.79825853986192,227.43061579592933,0.0,456.93613509306493,805.8388530314251,1.0,456.93613509306493,162.98018611641382,1.3331248952652135,18.018366,3.0325428583333336,794.5346189494021,792.2141418728307,790.0624544043142,787.6525686398048,787.6399656068775,784.9203124561272,782.1875010874817,779.4718855531859,779.1195127731943,778.5848080673854,778.1262813155217,776.9507370447678,76.90705527164046,73.06050697906251,68.3188077986906,66.19310909092381,63.17211989036997,62.30825413788287,61.56105312941111,63.51163894679696,65.02739866361684,69.61145564705816,74.6147079134374,80.36308083809593,23.700856468433226,270.0,0.5490192679433865,1.941486272298981
2022-05-05 14:00:00-07:00,853.1757356666666,158.47231333333332,0.2123864651632928,13.5,807.6575041424198,15.3416492784499,40.45600518274167,245.93645072358106,0.0,460.22064971766736,1033.9460018621294,1.0,460.22064971766736,178.77676919102458,1.612190216636797,19.56222938888889,5.186953083333334,1014.1912211996156,1010.9471714741966,1007.9713563607601,1004.949266705381,1001.4896883055627,998.2040651690124,997.5915190079129,997.6743378547696,997.1996052999681,996.8702509079573,996.2547390485018,995.9428646406491,70.24076504836256,68.77247119871343,65.4471396564373,62.66050585110439,60.59708451364582,58.77760411586658,58.22399969444216,61.116931111198376,66.06217889826753,72.42146571083131,80.29013090600598,90.83232503282434,37.90589396455957,270.0,0.4428168153957914,2.0681219674411544
2022-05-05 15:00:00-07:00,938.9781,77.594985,0.2268415345764444,14.5,662.877645193452,8.670787819272299,51.44110534790167,258.94644781426683,0.0,308.9041247143946,1059.165897422559,1.0,308.9041247143946,146.7265781122036,2.037821029745033,20.023299722222223,4.2683935,1033.217881230366,1030.5938840680442,1027.9330955288199,1022.2884664290187,1019.6267370823051,1019.5537011617557,1019.8281178355309,1019.6626678464636,1019.1772398956979,1019.5815131866437,1019.5530932822063,1019.5220939781464,50.27310084923807,47.703082479322944,45.57262989123394,43.32186907329623,42.369297344675935,42.704023670601345,45.692568461360075,50.60756958490231,55.04022083871019,62.411563801175824,69.80507590842241,77.95294745285611,50.0,270.0,0.366977778440511,2.214355247456318
2022-05-05 16:00:00-07:00,869.6659999999999,66.68312,0.2479917943031157,15.5,462.9113876245673,12.907379763563958,62.89582956977195,269.34165906032365,0.0,134.14708771464979,969.8420242677798,1.0,134.14708771464979,116.3562941938765,2.8563636884719252,19.965103444444445,4.56168385,947.8709758619044,945.2508623762607,942.5837476264654,937.1598665322697,934.5820832061984,934.2415214797978,933.9447164144188,933.3199908076065,932.6324550497147,932.4603892418837,931.8866520804692,931.2610657756317,40.06037045081645,39.17095999767068,38.7120401451483,38.13380025218847,38.65727172999279,39.70451666745625,42.725138098754826,47.18418642676283,50.87081062923721,55.121065311570945,58.34397984091029,60.46244209791454,50.0,270.0,0.366977778440511,2.214355247456318
2022-05-05 17:00:00-07:00,614.1351333333333,60.50312666666667,0.2344839742126974,16.5,225.84066863057265,39.717860334254375,74.38213452955057,278.659261678558,0.0,24.499182283800657,586.967851316121,1.0,24.499182283800657,59.36193117859638,2.857142857142857,19.50692238888889,4.192402016666667,577.8891083582238,576.4387259124592,573.5240241293809,571.9943658598203,570.4467226141404,568.8599010738781,568.4738988404636,568.2672303631748,568.0745346401351,567.6629491041081,567.4601458871837,567.0244290873485,13.826799234797424,12.438251198612038,11.075215055115336,9.759008022828896,8.465177834161222,7.382401280437108,7.160487952644594,5.976742435864108,5.816656232591424,5.809794180370209,5.716931969392924,5.781596615958394,35.235606483440485,270.0,0.4615299900859125,2.04035634065237
2022-05-05 18:00:00-07:00,13.300584483333331,25.753191166666667,0.2042065078761029,17.5,26.817872913089953,76.77899102197313,85.4086900860683,287.6685247907754,0.0,15.827729191743511,30.431871634375756,1.0,15.827729191743511,5.399867993233104,2.857142857142857,17.389222055555553,2.3833334,27.53735653718062,27.53735872757622,27.536705473257832,27.536665211349373,27.536641887570752,27.537648386156413,27.53769074207633,27.53687485714657,27.536880553722483,27.49596529050517,27.537937747595734,27.53690600882677,2.886777110516753,2.826271625182014,2.7746110432271576,2.7250233276585334,2.6865349203271425,2.65834142309542,2.6425956003273896,2.643271517061009,2.657285688904255,2.6859746540244553,2.7337293682261516,2.7905093586751604,9.066168362802287,270.0,0.6712125009653017,1.8696358343914088
2022-05-06 05:00:00-07:00,153.19126983333334,75.58101166666667,0.2278654894761567,4.5,90.14333407715455,74.24054556157823,84.5452417281251,72.89114553775835,0.0,36.05988251128888,153.39270803514128,1.0,36.05988251128888,20.61213166207121,2.857142857142857,13.075392277777778,1.463891485,129.82904953481508,129.91894786718592,129.87419827163805,129.96692711292008,129.92165185369592,129.9577961059178,129.95785693905964,130.0413675428614,129.99640912818097,129.99086438426562,130.02436067176427,130.02420415869113,7.110116856540985,6.970620240209498,6.847669118960751,6.804653654100025,6.778300153696339,6.785304473378573,6.823914027853478,6.926787781044948,7.027740049632419,7.150453869162581,7.279418540679231,7.45423180012291,10.796565523497618,90.0,0.6563387834599838,1.874844375995209
2022-05-06 06:00:00-07:00,385.0716917666667,167.8482666666667,0.2368195280130115,5.5,278.56603314888173,34.764745596646286,73.29015634589757,82.0127163017395,0.0,82.83731360369848,564.7910865845051,1.0,82.83731360369848,75.1575655633763,2.857142857142857,17.258005555555556,1.403012548333333,538.6962885852109,540.2634159841875,540.9839937702045,542.5037367639496,543.1790804634734,544.6344793259034,545.2930457668125,547.1592167552992,548.3518678355504,549.436446798462,550.5058412027547,551.635152535399,20.663254212642975,20.472305345000045,20.86995620708174,21.374795199640076,21.478402139388812,22.07554424477886,23.1760457578033,24.251404235756624,25.355597610971557,26.433031649736247,27.18214533849855,28.27675580258234,39.11890120406667,90.0,0.43453410915212765,2.0813045448340146
2022-05-06 07:00:00-07:00,55.49870476666667,263.1320666666667,0.2276982661503687,6.5,289.3741436818446,11.833476796850347,61.78111305951093,91.34875036196611,0.0,162.05183992607522,357.5055121104702,1.0,162.05183992607522,84.97526958120393,2.753608617226954,16.918926111111112,0.9173243631666668,323.23568690123545,326.14661867428526,329.0111197264056,330.29003082435463,333.11034232390546,335.8501423585012,337.0736034339302,339.7024038986868,340.06600877828737,341.008971002488,341.3902186587966,341.7630819414162,50.121461672485914,49.998164541490326,50.0375027980111,49.96783328258869,50.33126351913241,50.51467934734788,51.08962381830377,50.88509927129979,50.77824260032976,50.9733191178397,51.027096615141566,51.1372879194544,50.0,90.0,0.366977778440511,2.214355247456318
2022-05-06 08:00:00-07:00,143.82756666666668,402.9706,0.2242598857555493,7.5,494.7883280058977,9.098329358895716,50.328311969789,101.85518515112545,0.0,290.5101713912589,579.9280140050904,1.0,290.5101713912589,136.11088581150977,1.9816297162275616,20.03607577777778,2.00565099,528.613467129747,532.4460855258571,536.2127490044925,539.8794300871333,541.1923623251779,544.832743937767,548.3615042386666,549.9121520617639,552.7208810158126,553.2039866936561,554.0605495338659,556.7696237223427,77.571956760612,75.10726217669027,73.81493060374228,71.72042175602708,71.38029954984144,71.7829431360546,72.05794458200285,72.12905407759068,74.53845993670055,75.27930017742197,76.1600296025801,77.14231248390527,49.720127378848325,90.00000085377364,0.36855225360621424,2.2106210345533883
2022-05-06 09:00:00-07:00,208.5711333333333,488.5780333333333,0.2190060258066413,8.5,649.7809294721765,15.646933724824981,39.38572481482181,115.15366636397499,0.0,400.52636020287537,725.3436795770876,1.0,400.52636020287537,159.38889575204956,1.581619168580123,22.47792711111111,3.975891323333333,678.6970828733427,682.0662013481208,683.6267107588185,686.7885934398082,688.648267031595,691.6477050983588,693.0752464430069,694.8666885638679,698.3866610693717,699.9244042274457,701.4490233011526,703.2438502486173,85.53008107058362,80.4506775082309,77.1564119177949,74.90765088557227,72.18802835523876,71.88257252362372,72.99429513334584,74.17757606053463,74.79607468024804,76.59066298489896,78.95453576411714,81.19519447313249,36.617453869926095,90.00000120741828,0.4517652962120108,2.0545070456903893
2022-05-06 10:00:00-07:00,319.43378333333334,546.0014,0.2145089281681328,9.5,823.0137955244658,20.3568716266368,29.865335522578395,134.3130804998592,0.0,520.7806556676808,870.6239349297316,1.0,520.7806556676808,186.72165933105273,1.3111987752724175,24.20654605555556,4.719417933333333,837.9546740492917,838.7980694697083,841.0558653796548,841.8490196593704,842.8106877010032,844.7837109485092,846.8009714770307,847.7875961841075,849.8006816340036,850.4162813067005,851.9620085126639,853.160069043205,96.73346124869173,91.18258152486149,85.63627999607851,81.789875361091,78.5456388871134,78.01972327406872,78.13947706380982,79.5113344566466,81.50557042084418,85.09897662142332,87.93226760287422,92.80077085778227,22.336487649851286,90.0,0.5599773582481401,1.9321749752752881
2022-05-06 11:00:00-07:00,425.5347116666666,475.2164166666667,0.2116043330147357,10.5,864.5348508904527,22.784673890703594,23.809562101347097,163.59792180107158,0.0,560.3210079436002,871.9309616463117,1.0,560.3210079436002,185.78465870201384,1.0934789648167715,25.190746333333333,4.62078215,856.7286749948645,857.3268717957758,857.3257003268632,857.7883018694139,857.7897287916791,857.7903987955406,858.2160857140132,858.2152725954535,858.214450230595,858.2139294569236,858.5228978641464,858.5230660690077,98.14585233454186,91.80288847501595,86.13877890695177,81.94041100917296,79.06831740364001,77.57585485437686,77.4387210327037,78.81563465178392,81.38895541980636,85.45437052416763,89.97529465819628,95.36588320040568,7.1023967017868666,90.0,0.6881785068939564,1.8648160904170181
2022-05-06 12:00:00-07:00,619.09315,343.35658333333333,0.2076074199620432,11.5,908.4259666285644,22.657720345989294,24.113596027556923,199.45299540109693,0.0,589.6967141670156,922.3139822784208,1.0,589.6967141670156,193.30530801776533,1.1118613025714883,25.804951944444444,5.495221849999999,913.6457473385735,913.6435283989439,912.6991386323384,912.6970225036895,913.0680697181886,912.0777235138471,912.0797698642718,912.3428375981747,911.4154989412386,911.5590977469899,910.5668212535529,910.6046325637473,95.76784544608776,90.01550054706871,85.1899837141544,81.1970004413489,78.26726759948026,77.12814247494717,77.43549726600799,79.34268112527923,83.34980249969989,88.50381848709522,94.65411304885838,102.03087191886158,8.478528131661973,270.0,0.6762806188410555,1.8680716709453373
2022-05-06 13:00:00-07:00,179.02285386666665,361.8176833333334,0.2130726386626835,12.5,515.9374655593374,19.99079821246439,30.58283892569284,227.78346290245545,0.0,326.24765563250475,540.1124695489348,1.0,326.24765563250475,118.18820670040057,1.332115233614743,25.517633111111117,5.3953693,514.3960398825615,516.4277041998035,517.2940838905387,518.0612759139353,518.9891889790758,520.3183349745944,521.7039125183348,522.9465401006262,523.6648973579961,524.886222642436,525.3173046673548,526.4981734311335,60.98823499912474,57.49078077944768,55.13463298401452,52.79624373575594,51.526735306967396,51.243347847055304,51.53371523756203,52.532575848899974,53.66068672072327,55.69773849561358,58.39562121180605,60.33153676807755,23.63883093634612,269.9999987925817,0.5495150075185296,1.941051665634709
2022-05-06 14:00:00-07:00,123.91367043333334,270.9534,0.2183806655639915,13.5,365.48864396200594,15.079037708204826,40.278396955855825,246.27182352968717,0.0,226.37534257068836,404.12951590699254,1.0,226.37534257068836,94.73205028021576,1.6097090555845854,25.13851338888889,5.558492333333334,372.3429308542933,373.320556992755,375.6251537508764,376.580499241382,378.9636375884309,379.8837305104116,381.9746202566687,383.4805058875316,385.11501225747685,386.51802085608654,388.8444288565856,390.34509067559225,49.346518063994694,46.7782977139353,45.02883045516576,44.155260576293436,43.098136798110325,43.24449524235676,44.16374573945605,45.47410556849199,45.90775848166491,47.517865615929374,49.08403928708925,50.472690312704295,37.80350127620228,269.9999987925817,0.4435223310342974,2.067025300255658
2022-05-06 15:00:00-07:00,852.1316333333333,218.23901666666669,0.2292222231420275,14.5,751.2328544390546,8.41061217126098,51.28235393342106,259.2423274081187,0.0,366.5570755753992,1148.9008260674418,1.0,366.5570755753992,184.3477220541985,2.0312991867753234,27.066481666666668,5.4814468,1116.3838524545165,1112.298129142734,1108.1531190171336,1099.4046654390418,1095.1964338126184,1094.1271824356656,1093.9536025914908,1092.7699169076527,1091.2286339277164,1091.1623760392026,1090.0666181806323,1088.9521532075917,75.36007833384141,71.37465169076812,67.85545729583227,64.19022434819487,61.91497037796662,60.984669403141964,63.605317677606706,68.22847806825091,72.3447319985138,79.57766478388376,86.84650696270518,94.97901829344798,50.0,270.0,0.366977778440511,2.214355247456318
2022-05-06 16:00:00-07:00,802.6623166666667,204.9384,0.2451425790112605,15.5,572.5475317062405,12.746886360533965,62.74269352553504,269.60541764927297,0.0,205.8110125384618,1081.9121183906968,1.0,205.8110125384618,151.09180097691024,2.8419450323899658,26.926235777777777,5.275857716666667,1053.65230462,1050.9302190400947,1048.158401220214,1042.440990866805,1039.7598710013785,1038.2054627879716,1037.3685877356163,1035.4937965677293,1033.5249024650877,1032.7712673883777,1030.8975850123454,1028.9465956865472,63.13710012052037,62.181820129658064,61.66525336499152,60.956178943046034,61.45424456663689,62.497765253709574,65.0964073778342,69.3016670964929,72.692038619806,76.91681242273708,80.18109982037532,82.64555102660148,50.0,270.0,0.366977778440511,2.214355247456318
2022-05-06 17:00:00-07:00,192.43042,137.46579333333332,0.2274942988646061,16.5,189.77859017760238,39.03848976656777,74.22543599821657,278.900274641865,6.217248937900872e-16,72.00917190475906,337.18084339388656,1.0,72.00917190475906,49.07761359330174,2.857142857142857,25.49280588888889,3.816508083333333,328.43423690072547,328.0215486967654,327.51434855928187,326.4919797880134,326.00772316009306,325.44086813967465,324.8949866757817,323.727592114382,323.15283642978477,321.919075979857,321.2331126836534,319.93024059307743,20.506442661703897,19.98703110846097,19.87513116577114,19.33722318470969,18.757321811358775,18.19332753440263,17.62724924782009,17.530011378233517,17.0453160105777,16.69570650138209,16.776498533067553,16.604258958302225,35.807818317165214,270.0,0.4574658282201601,2.0461588663240913
2022-05-06 18:00:00-07:00,25.35121105,39.3922575,0.2169528232533163,17.5,41.49528029026496,76.28952462305136,85.24153071392126,287.89363375030723,0.0,22.454063939507723,52.83495638215897,1.0,22.454063939507723,8.909282867136522,2.857142857142857,23.948233555555557,3.4700913166666667,46.33812105859256,46.338142989970564,46.390594457201125,46.39313975276652,46.33726108366471,46.38974140239976,46.33350903242815,46.38603711628313,46.38929798471253,46.38484612521503,46.327378146062024,46.379918510979124,4.35349772066331,4.267411834946843,4.188800448938544,4.115159185379178,4.051991133340096,4.009921492396123,3.986343498511938,3.987118531096224,4.011177272158612,4.049594107637473,4.113861389695786,4.197995367701241,9.417661814120537,270.0,0.6681849639686608,1.8706210887480779
2022-05-07 05:00:00-07:00,414.3917033333333,25.343741666666663,0.2263566221133266,4.5,66.10374255467316,73.67821899009618,84.35520004853294,72.68785700458466,0.0,12.209701289624629,155.06346133045673,1.0,12.209701289624629,16.291605569783574,2.857142857142857,13.261002222222222,2.57316495,125.92690208219415,126.19510204561962,126.43795351231228,126.437937059026,126.66065100229392,126.66057908275235,126.85896035877228,126.85904041484301,127.0375833794264,127.03754669390649,127.03748847727782,127.19278638428744,2.5653130929546495,2.5692521820960987,2.5749371922350526,2.5529667303894668,2.5424496153901512,2.5468847801503034,2.636190200294156,2.7029573886953937,2.737456719227777,2.778126688105625,2.9594866972697536,3.008081229695503,11.200495622019044,90.0,0.6528785816468098,1.8761893820033588
2022-05-07 06:00:00-07:00,763.9186333333333,55.11819,0.2459582591725799,5.5,277.06892523004524,33.88882189224198,73.10956989891261,81.79277181458276,1.5543122344752188e-16,23.024109592733108,742.1821740498674,1.0,23.024109592733108,73.96129910110965,2.857142857142857,18.227543611111116,1.73558337,718.4189973940731,718.8594866244466,719.060358310518,719.488717329084,719.9255425675963,720.1168252723708,720.3007192707857,722.430701071536,724.3160822913454,726.188673051942,727.9995886721124,729.779017946297,5.900222218111133,5.952727058175461,6.069975225538957,6.080279429432368,6.245421606950952,6.4174851128364345,7.960428577426813,9.540894385957355,10.867634050307926,11.170806844491757,12.822157485691434,14.496816846210516,39.8718406926393,90.0,0.4294637432794618,2.0896625430563387
2022-05-07 07:00:00-07:00,888.8797166666667,67.46324833333333,0.2390016868090277,6.5,490.1883679871195,11.639261492638362,61.603487403600006,91.10704273989785,0.0,154.42407813127323,992.8775465423971,1.0,154.42407813127323,118.408310656727,2.7381820699017627,23.377465055555557,2.009513515,954.0000421800057,954.6087516482622,955.1917461611109,955.3466013356461,956.048194938174,956.6992017507819,956.9232067123781,957.2563752720836,959.8459129108472,965.339012115418,968.0294359611541,970.6710843989254,67.08949548343759,62.77470715848456,58.17435356238228,52.82622909729493,48.60963169219599,43.57148199483505,40.37429779396349,39.19144429416125,38.61901653201476,39.27933381265477,39.80733419659671,40.77850435111542,50.0,90.0,0.366977778440511,2.214355247456318
2022-05-07 08:00:00-07:00,794.2138666666667,117.1802,0.228833153908269,7.5,626.1480433424617,8.868246715220431,50.145155432146346,101.58486033081834,0.0,300.44212014661963,971.6284208978358,1.0,300.44212014661963,148.10993519630387,1.975317556518925,25.431723444444444,1.602839956666667,926.9583559479706,927.1427952852232,927.2919013798054,926.9012754905405,927.1081056977665,927.4177282805506,927.631244854995,927.4765631868875,931.4628765433139,938.7176674991525,942.6708163579157,946.3291555770122,74.296034822966,65.52543668611128,58.46785377723342,52.7861132309787,48.041895168950376,44.74736014945844,41.56314299510129,42.34252072808603,45.094910498211966,48.3033157280188,51.58637679426231,55.257147238790935,49.56398017727619,90.0,0.3694346464494087,2.2085443320846716
2022-05-07 09:00:00-07:00,935.3431895,143.18513333333334,0.2176196029087575,8.5,868.1800209546657,15.399580850709642,39.184893715978745,114.85283655887794,0.0,500.78964194682356,1095.9131193189187,1.0,500.78964194682356,193.2218864234843,1.5786355052733363,26.45022094444444,2.2285986416666668,1060.5041197278472,1060.6902062355723,1061.0895395494626,1060.7615912036108,1061.1672260100697,1061.330324505561,1061.4221983840648,1064.8746089332546,1067.6689267254653,1070.7842700403332,1073.4721408880225,1076.4486388682506,100.19474086686513,89.71033470760094,80.6106411687589,73.0853804532017,67.79852996416422,63.23531583146538,64.08825063685404,65.43196019667458,67.20772639427611,70.44111009515034,73.73588224246654,77.53584715735711,36.48852458270507,90.00000120741828,0.45266911234822654,2.0531668792723528
2022-05-07 10:00:00-07:00,231.4533685,313.3708666666667,0.2205004886782528,9.5,514.5571197978901,20.093646440825157,29.63069569409782,134.01791556259866,0.0,325.4741860231199,547.745408660839,1.0,325.4741860231199,122.78619605105298,1.3097640551722438,26.864163444444443,2.06972254,524.2660296119503,525.4724286488697,526.1630901601162,526.6458502201383,527.2339740478961,529.0347265447965,530.839720835932,532.4285415331309,533.8307201071439,533.9813972507943,535.5420538470144,536.8937052961904,62.056573302780116,58.75362608162027,54.81032712154928,52.96878536455073,51.206621534236035,51.227470808276465,50.89566983901157,51.83892360317189,53.40922618304445,56.08186731885914,58.005317242864656,61.45263946883017,22.245946573776443,90.00000147877934,0.560708430772219,1.931575567705111
2022-05-07 11:00:00-07:00,387.644568,344.08621666666664,0.2148473746526484,10.5,699.4787779677666,22.51091418405232,23.537333890859742,163.4788385269276,0.0,453.7229904798583,708.0882691145055,1.0,453.7229904798583,154.41222716372832,1.0929298166560482,26.984278888888888,3.7393009716666663,697.4254240064171,698.1576691253099,698.15665467948,698.7420434778755,698.7432992573151,698.743956585505,699.2650050850082,699.2643025969796,699.2635928312078,699.2631581507354,699.6561719251872,699.6562016760608,80.39029788553177,74.81737158096807,69.89024039162217,66.18482678079059,63.62896021085726,62.28008150240122,62.115807242999736,63.281947726560375,65.50471921596676,69.13291407877757,73.0701895068241,77.77593526444039,7.061132203555651,90.00000418261958,0.6885358604388052,1.8647272999330724
2022-05-07 12:00:00-07:00,451.5839145,377.7809833333333,0.2137899030256749,11.5,790.796135587683,22.38178219975721,23.85211144006213,199.67179655372186,0.0,513.1375681683011,802.7813952302081,1.0,513.1375681683011,173.77318739235403,1.1116886513687678,28.856827166666665,3.606749333333333,793.458456259425,793.456539764046,792.545128245115,792.5433803329383,792.8827329106145,791.9300003716688,791.9317801037919,792.1643016154958,791.2680693332667,791.3833162616128,790.4289179204641,790.4384114944053,86.60098877528458,81.60088751747824,77.39652430620418,73.91358159104085,71.30387466848948,70.28798491768822,70.52538759329842,72.14460140540194,75.58629795387652,80.02522800143099,85.29626510179726,91.67271335150649,8.465652286582799,270.0,0.6763917556531946,1.868038562613345
2022-05-07 13:00:00-07:00,452.99609016666665,407.5679,0.2160633397372102,12.5,798.4000837386166,19.72119647787301,30.37077747170734,228.13173863743367,0.0,496.23988535102393,864.611636856446,1.0,496.23988535102393,183.9023956294369,1.3310945619689085,29.45419133333333,4.408949616666666,850.759142284251,848.5911352347157,846.8211144452061,844.5676624791292,844.1676760904274,841.8343797427295,839.2785434233906,836.7678968729945,836.0344494683111,835.560280996833,834.9385651999713,833.3699625393407,87.40210356126748,83.39989419302432,78.47763742214977,75.3224411224939,73.04025727122166,72.01576159343422,71.4546196875707,72.97283576187326,75.45761574209037,80.4500083028536,85.89287985354477,92.5072343559202,23.57605090438201,270.0,0.5500170166933064,1.940612865516277
2022-05-07 14:00:00-07:00,626.4319383333333,290.07363333333336,0.2207396936746514,13.5,769.2218675313743,14.821560366299131,40.10326037808208,246.60195275411772,0.0,446.9829008443768,955.1879304710598,1.0,446.9829008443768,184.33028890332395,1.6072396837543903,29.9570235,4.28625395,932.9936998340931,929.869084388187,926.6740539956154,922.398975378186,918.9932716245821,915.3762605472722,914.7808387165662,913.5797683724231,912.6330322776794,911.3990680230492,909.8510470255267,909.5099409430532,79.69330281388493,77.54997071042695,73.94590941458914,70.85560776266543,68.67703007767385,66.97504543466015,65.2101451021112,67.38946529723941,71.13953481047083,77.91062828086423,84.69797976343278,92.65816884521327,37.701218944314554,270.0,0.4442280634974819,2.0659323343425093
2022-05-07 15:00:00-07:00,841.9844856666666,136.79826333333332,0.2333527840606625,14.5,665.2424266400305,8.156949744042693,51.12543910017983,259.53301106099974,0.0,316.0470739780844,1044.888108489326,1.0,316.0470739780844,161.2341654898362,2.0248468550224445,29.80180333333333,4.685094716666667,1016.5373759469999,1012.7816912984771,1008.9718621123827,1000.9575426069694,997.0958860377547,996.6748444708603,996.7873796541406,996.2685008554008,995.423064290927,995.6548157666103,995.252794644924,994.8426350113357,61.30185495899439,57.64718946253218,54.44327852370211,51.122262275251906,49.11715145894977,48.403899948169496,51.198828911124025,55.90705043200944,60.1334506349221,67.30131604031241,74.49518142540674,82.4675564658816,50.0,270.0,0.366977778440511,2.214355247456318
2022-05-07 16:00:00-07:00,704.0889468333334,87.90832333333333,0.2503215677310571,15.5,412.0277636438254,12.5915310666141,62.59103007818346,269.8641642530761,0.0,125.4960580049196,851.8651634929207,1.0,125.4960580049196,108.18130570817578,2.827765618514638,29.10839616666667,4.267128283333333,831.6428167283135,828.8077984824766,825.9229543364697,820.0479601784718,817.2224440099144,816.8437105840814,816.5619355589118,815.9258832913156,815.2358444659445,815.0510542666658,814.4673958335919,813.8327248133808,39.57150830690541,38.29364327093225,37.41116170884687,36.4193202308332,36.44284035235254,36.94990880667669,39.62554646197292,43.663119275291905,47.01292850279383,50.99141971307614,54.1345419024227,56.50542678817436,50.0,270.0,0.366977778440511,2.214355247456318
2022-05-07 17:00:00-07:00,652.695875,67.77859833333333,0.2402449425343061,16.5,246.91855378764183,38.35546498849017,74.07006826612991,279.1363775590243,4.662936703425655e-16,28.30136032750792,637.6489063950485,1.0,28.30136032750792,66.21046865100188,2.857142857142857,27.528557,3.406855733333333,626.2021975591089,624.6378915704108,623.0341152302391,621.3635610504422,619.6784433923535,617.7160507877236,617.4992478686628,617.2539825621909,616.7748583960897,616.5476442680487,616.0406526143329,615.5241118144367,15.783799486862867,14.263393655659954,12.779169333050142,11.320545983275224,9.90966983524546,8.722415148095351,7.341241074129919,7.15109347906528,6.95984961524523,6.952203998196588,6.838409504809382,6.771938244847693,36.387861437798804,270.0,0.45337582490173556,2.0521233573858035
2022-05-07 18:00:00-07:00,66.20814786666666,21.4461055,0.1811100751153662,17.5,26.919169448859947,76.33855561820603,85.25826171854293,288.2687146007299,0.0,11.608868852288284,43.10895556596641,1.0,11.608868852288284,5.182050582518237,2.857142857142857,18.084126333333334,3.924800333333333,35.52702184648117,35.569963595397354,35.58686023333707,35.640170651062135,35.63876358695152,35.68171092004411,35.6856063782602,35.72857350502755,35.72631303306891,35.72521491953502,35.768195567073654,35.768186387799815,1.8592594495717096,1.8229537675513203,1.7952226711947754,1.7956680105608134,1.7855789389805974,1.7907643175098793,1.8012723768610295,1.8194459416643773,1.8689475438095653,1.901139633949792,1.9410042092865378,1.9782054730871852,9.40416056948286,269.9999963777452,0.6683011988119232,1.8705825581556517
2022-05-08 05:00:00-07:00,171.5446874,40.40362483333333,0.2323489873883699,4.5,57.82872241150328,73.12876982341906,84.16997707663796,72.48663629805624,0.0,19.959708076715213,108.61343008451726,1.0,19.959708076715213,14.454924465625847,2.857142857142857,9.3712129,1.2816535100000002,91.46112465775374,91.6207505664822,91.82451232201781,91.85110688254481,92.00612821390487,92.01561085929512,92.17534422034859,92.16812353145932,92.32389075086348,92.32380572517931,92.29964490852386,92.45914632513721,4.1677494556951755,4.09035022486079,4.025297630766842,4.0157196457551825,4.064548042459829,4.069598423481151,4.096301932885049,4.166390781722639,4.298815116405492,4.369314097046689,4.471283415534017,4.549932382171364,11.597058619996037,90.0000017075473,0.6494861836719886,1.8775572861442256
2022-05-08 06:00:00-07:00,545.17075,86.131445,0.2449625565296117,5.5,246.1256377321493,33.01782467806779,72.93386305067088,81.57492600343153,0.0,38.17299176094871,609.3748105711223,1.0,38.17299176094871,70.14519141767724,2.857142857142857,11.55933846111111,1.4800034283333334,583.5388445556284,584.2775079650623,584.9969816061637,585.3314835819648,586.019276405899,586.3414513840637,587.0013121329681,589.1925010998865,591.2981233935199,593.3673216050868,595.5729452247083,597.5580384433433,9.928987004824512,9.838397647254789,10.005341539570791,10.252003721042955,10.53075622854087,10.60544700334443,12.312987676482724,14.07546211347205,14.46214358377967,16.30383829694754,18.162428494591158,20.057385158197413,40.629248257015846,90.0,0.424419137975985,2.0982038548937982
2022-05-08 07:00:00-07:00,735.9026,112.21903333333331,0.2414790050466225,6.5,464.14110235471423,11.453163444289792,61.43090099034343,90.86734681755979,0.0,157.78767716447845,917.3265481362496,1.0,157.78767716447845,120.28396247994874,2.723328309004291,13.577551888888888,1.602900123333333,873.8363447402264,874.6870527698102,875.5020075842002,875.7725942459178,876.6935542839203,877.5607710421731,877.8677676220107,878.439062356358,881.7018272496764,888.4940078844588,891.8111708276997,895.0704277166982,66.26501588726767,62.14007113799393,57.91048663726836,53.00328351338164,49.233075105821115,44.67798218593041,41.87435896650537,41.545474689642404,41.80201354921372,43.22060525739219,44.50795649001465,46.214290634418546,50.0,90.0,0.366977778440511,2.214355247456318
2022-05-08 08:00:00-07:00,843.1869166666667,122.44016666666668,0.2314319948465281,7.5,664.7987634066244,8.6410385730422,49.96730515336809,101.31617684223521,0.0,318.9823105534686,1027.907698080377,1.0,318.9823105534686,157.77204783035296,1.9692385687717189,15.143603666666667,1.6892043483333334,981.8502004767055,981.5804223445316,981.18277499918,981.3015268187697,981.9494726487108,981.8563014771454,982.0750843501032,981.9056761529794,985.9543837182232,993.3207916419927,997.1774510930761,1001.0904866860308,79.65758643632442,71.0635792576386,62.65050111337668,56.54602159912406,51.4441116812458,47.92166170595374,44.500176577682666,45.84782585779164,47.91859311391012,50.67345072216562,54.51066905232383,58.77189136795565,49.4124139582441,90.0,0.3702938554266603,2.2065331622466005
2022-05-08 09:00:00-07:00,880.145,162.0079,0.2200385630583629,8.5,846.1084938840595,15.15561581919256,38.98971035551358,114.55250438894603,0.0,489.4219560851782,1062.799587864405,1.0,489.4219560851782,192.25417102042553,1.5757658815065119,16.53509261111111,1.5041682966666667,1025.8854058839966,1026.24486909519,1026.7934459871576,1026.5475768667445,1027.101932375697,1027.337498715385,1027.4899127269555,1031.143232651725,1034.0660926431974,1037.302919662533,1040.109871097347,1042.8550710027407,98.96847536372995,89.02238577910516,80.23765415444264,72.94671977688698,67.90134062555344,63.51649451914189,64.536222265112,65.99685550576235,67.92187873526589,71.25502237400083,74.65749715720038,78.55142787472606,36.36397969880979,90.0,0.45354362275575755,2.051876152525761
2022-05-08 10:00:00-07:00,544.0234966666667,339.93548333333337,0.2172566846013816,9.5,813.8875084327468,19.83439977588373,29.401879053432875,133.72038649044345,0.0,510.14587368827216,880.6045385512293,1.0,510.14587368827216,187.7285273263035,1.3083930859917847,17.51504733333333,2.5396494266666663,852.7073441558748,853.6000548975196,854.2031850077133,854.5156108609806,854.9861809717348,857.5302160463966,860.0736395891337,862.2894987574691,864.6231103781523,864.479757823148,866.6787409968385,868.7585437975429,95.91356916312986,88.85311736093232,81.60678755590037,77.68218456009184,74.25319428591692,73.60653723153321,72.73107367312154,73.81111944194913,76.31536677795218,80.41394922883259,83.69052212172227,89.24593826726388,22.159285640519695,90.00000085377364,0.5614086159064681,1.9310040125937564
2022-05-08 11:00:00-07:00,354.74677,484.9948,0.2182058944122678,10.5,810.8832984737223,22.241691590639416,23.270333045891505,163.35438406398907,0.0,525.4119404069666,817.6897038575946,1.0,525.4119404069666,179.7901298940411,1.092420588934737,18.1191305,2.811028363333333,802.4293615666822,803.0310903665993,803.0299977643725,803.4970070952344,803.4983795531265,803.499147531426,803.9273794658063,803.9266192400178,803.9258465728154,803.9254292097852,804.2375201194957,804.237466557218,95.05817083380303,89.04290534029363,83.68281856271769,79.70705881164139,76.98788559805541,75.57936082035332,75.45596342662954,76.76964441713037,79.22791446306039,83.1146655963176,87.4169088384535,92.55727707562774,7.022861492626884,90.00000490455619,0.6888673160679324,1.8646454113924675
2022-05-08 12:00:00-07:00,90.67137616666668,455.2923666666667,0.222776558381997,11.5,538.3834690199996,22.110789729792042,23.594897190531857,199.88652769701244,0.0,348.1114609196362,539.3720346958097,1.0,348.1114609196362,120.52046801086317,1.1114912339988015,18.313033944444445,2.8988226000000004,521.7146439723244,522.1122615105139,522.0211511872614,522.3857753156502,522.2530861633544,522.5785636974878,522.5776324259947,522.4854231908653,522.7762454564734,522.7771425515284,522.6547230579469,522.6555898477859,65.79297757924651,62.7914061858468,60.34587028038189,58.367128432543474,56.89843464761866,56.28335497708418,56.363474178984184,57.05310455458458,58.437429046625866,60.28536597221009,62.42278167683069,64.95558616917428,8.450926836028302,269.99999680547154,0.6765188617412875,1.868000759524514
2022-05-08 13:00:00-07:00,43.98808966666666,380.94531666666666,0.2271622288130476,12.5,418.9777446147427,19.456751262102557,30.162094054557905,228.47517292257209,0.0,269.4080065507793,422.184522570404,1.0,269.4080065507793,100.80915510571411,1.3300633388389884,18.74132322222222,2.1040116933333333,407.0509499601126,406.48274597336507,406.85833588275307,406.39728250129406,405.4061391098353,404.86380067148514,404.2042068399533,403.627825190096,402.5103081156242,401.5254805636778,400.45518580154976,399.25636145503273,54.703112672041634,53.626921561830585,51.92058114500976,50.24016972271683,49.68640622587063,48.596125400975446,48.55791562853065,48.27411397685209,49.2576117671501,50.0168117473929,51.685315385758045,54.23038414228339,23.51254064908757,270.0,0.550525109269085,1.9401700811720772
2022-05-08 14:00:00-07:00,6.337906883333334,278.06086666666664,0.2295661125008749,13.5,282.92091570674995,14.569293038797744,39.93060459217972,246.9266471983134,0.0,186.9103455723967,263.18698760876646,1.0,186.9103455723967,74.60002520733534,1.6047827383921343,18.861654833333333,1.7734853683333334,237.73610536580372,240.81768842698852,242.25524952928947,245.21909659387455,246.5606644415218,249.57536271192714,250.87296681871325,250.41270036167145,251.39502986406305,251.1188785889677,250.68902662132558,250.28371186507832,43.49814006648647,43.50110316406531,43.83441874804334,43.54887470668238,44.32130900284509,45.40626904620645,45.457744029546575,44.49938442993693,44.54357995443829,44.47085772122669,44.4842330685541,45.59823056011428,37.59907614455797,269.9999987925817,0.4449338056546086,2.0648433757152347
2022-05-08 15:00:00-07:00,152.15200495,245.74316666666667,0.2330781337405586,14.5,341.55664862911726,7.910002194371503,50.970376532544414,259.81836374025914,0.0,196.12267019260096,419.59013018876817,1.0,196.12267019260096,99.9952896145254,2.0184649902992824,19.49786505555556,1.4854897483333334,401.67682562186826,400.24526812754704,398.79185945452514,395.618149172446,394.1266789298562,391.8697400687222,390.9174831916307,388.59302669896465,386.1199486873427,385.1428570528375,382.73511686527405,380.290620375367,55.767993384297654,54.34085525189573,53.02090331865964,51.57651694844732,50.55810495436544,49.88456844739386,49.65129964008251,49.97416634791677,50.144204599962336,51.303550434018256,52.497509459667235,54.090071696174135,50.0,270.0,0.366977778440511,2.214355247456318
2022-05-08 16:00:00-07:00,615.863415,152.78786666666667,0.253791697548585,15.5,437.72558423457394,12.441247601510598,62.44086730503766,270.11779650213913,0.0,157.39485003857342,836.0599066143711,1.0,157.39485003857342,121.59331870886754,2.8138248685042337,20.527114944444445,1.8375251683333331,813.5119504766288,810.7534242498477,807.9459384268157,802.176137683028,799.4211545291281,798.35320892857,797.7789476710509,796.4492036561587,795.0518471828141,794.5393681370919,793.2234152238779,791.860264962678,51.01522034911793,49.71760871249025,48.79202707908994,47.71625925317773,47.64884203269025,48.05244173064562,50.27348175891774,53.859088409415605,56.77597966986565,60.46695006283838,63.43539688671818,65.9187757106523,50.0,270.0,0.366977778440511,2.214355247456318
2022-05-08 17:00:00-07:00,438.52353216666666,101.14929333333332,0.2369664898183675,16.5,222.6400914894386,37.668701720004414,73.91607376307945,279.36748896427576,0.0,47.48558529966566,509.8314193199101,1.0,47.48558529966566,60.948412333212886,2.857142857142857,20.583349944444443,1.25749266,499.3757937931159,497.7920662876796,496.3544802891763,494.92735100132984,493.46673659557916,491.9236089505555,491.1469190538168,490.7754539068012,489.9605295232932,489.57107773736294,488.70813707061035,488.24649506468165,19.525148002678332,18.63535038119517,17.30325463034679,15.977569218009783,14.696283520661316,13.40901322089013,12.19490787744104,12.114897650372441,11.78532413746822,11.517291010504133,11.565176783044556,11.476712747154188,36.97599005223145,270.0,0.4492598499996848,2.0582552250498627
2022-05-08 18:00:00-07:00,219.2115557333333,28.541329166666667,0.2617746336251075,17.5,47.289746898126936,75.85588417126071,85.09369324235925,288.4836505496326,0.0,13.811591916048844,95.53009345923874,1.0,13.811591916048844,13.05480905211585,2.857142857142857,18.474840888888888,1.5729966983333334,76.3761451973163,76.37617168356917,76.29381764744144,76.29377412128996,76.29370244615477,76.19647090477164,76.19652595535861,76.08319835026509,76.08859560425347,75.97277117162768,75.96445642932781,75.82956428319208,3.4939576816907856,3.3675080174906635,3.2964611274822384,3.244248455980707,3.199286781731772,3.118999771148371,3.0906932599679404,3.089213572414783,3.1031807631551107,3.133868474342364,3.148667878840602,3.2110974233091567,9.752842447885625,270.0,0.665300801424979,1.8715952007390704
2022-05-09 05:00:00-07:00,22.889551933333333,46.50862,0.2284520334398998,4.5,48.90535205715391,72.59240262324876,83.98962419127307,72.287556135604,0.0,26.708922934135362,62.408975771702,1.0,26.708922934135362,11.100151042896021,2.857142857142857,6.315772516666667,2.097460728333333,56.41448057867621,56.41680115969684,56.49857379721416,56.424952331249216,56.43205761206721,56.42634890046556,56.43330898063645,56.43341832526859,56.43933823220188,56.43426500728855,56.43411798630553,56.439546002740926,5.252165355993001,5.13898992700448,5.064598613963386,5.019799216521751,4.999503630222236,5.010917355131931,5.045306198076158,5.105804253593658,5.1815786306329406,5.272207357347445,5.360063919983732,5.479527547754061,11.986063395645344,90.0,0.6461631197967325,1.8789447129825807
2022-05-09 06:00:00-07:00,125.47145788333334,138.42452333333333,0.2334253572182215,5.5,175.6046733882773,32.15205591434701,72.76307873155503,81.3592725081827,0.0,73.84433675857612,291.1177723193636,1.0,73.84433675857612,49.53382539173181,2.857142857142857,7.028486872222222,1.62091642,271.94601144599665,273.39535164029746,274.8048932612336,275.46248601170356,276.8186049704761,277.45103832565775,278.7490039959956,279.3462722432583,280.01355189222613,281.2348290405058,281.8014322885792,282.35869389391354,18.52853448420617,18.790039119168704,19.18840614464394,19.636357668622384,19.718241064292734,20.326659229096162,20.95521880416199,21.59209118910578,22.19475103329242,22.841559792082236,23.447190182966445,24.047753569649057,41.39119895011565,90.0,0.41940168250624,2.106930214033465
2022-05-09 07:00:00-07:00,502.50895995,142.34216666666669,0.239043030138192,6.5,383.94036516734434,11.275285478391257,61.263390196931475,90.62978410465769,0.0,142.16148760540852,709.6773260087518,1.0,142.16148760540852,104.46654798152609,2.7090346152439513,8.942186705555555,1.2974374833333333,669.3224768089405,670.5614980371432,671.7704638258285,672.2444652412789,673.5126919939073,674.7224515364692,675.2085208446415,676.1930919122238,678.9908275425331,684.8226224377937,687.6437985532216,690.4167585103351,56.05947384689996,53.06607244412004,50.076730953474815,46.63303515512571,44.12977011168674,41.0762172272047,39.32763347118517,39.526639510168806,40.17620473112986,41.67643292183815,43.07566934591328,44.77294464214928,50.0,90.0,0.366977778440511,2.214355247456318
2022-05-09 08:00:00-07:00,795.9935666666667,145.2608,0.2340333127579365,7.5,659.0961910664043,8.416789178262963,49.79479547788387,101.04929576909518,0.0,317.2699005014605,1015.0038472024567,1.0,317.2699005014605,160.4044610742373,1.9633888337263405,11.558132444444444,2.2340813416666667,966.8773244197332,966.5503817875182,966.2967569161945,966.4815968003506,967.1832753704689,967.1336442068011,967.4077355040889,967.7038610481995,971.6288115212259,979.5628394619207,983.7192684955716,987.5603792932053,79.85458513308893,71.56429492091661,63.214437073521985,57.164381744433584,53.01098767921943,48.65089719840421,45.27232947257772,46.863199287262525,49.197933197477475,52.22085513072242,56.312889589393116,60.90657763502261,49.26545165699514,90.0,0.37112950271093653,2.204587430274188
2022-05-09 09:00:00-07:00,452.0780071666667,313.81165,0.2236271808368255,8.5,666.1321295098448,14.9151261985393,38.80021734830285,114.25288042266402,0.0,395.42911413076337,805.6742009393795,1.0,395.42911413076337,166.13138556261944,1.573009008087618,12.410524777777775,3.0786371666666668,762.2462461256132,762.7931552074987,764.4466046737688,764.8594219908517,766.4527370581862,766.8767160677454,768.7401114435486,772.3665865454774,775.7219381702914,779.3155217471856,782.5233819541598,788.7190913476031,82.7518427617819,76.2622438015099,70.65542559227623,65.77690482346198,62.878196225833115,60.9979567839122,61.68349974681396,64.1960815447002,66.76713241766781,70.31696428910955,73.91518348524724,78.21101404038785,36.24382363085908,90.0,0.4543886440845223,2.0506345155770362
2022-05-09 10:00:00-07:00,858.26453,169.42298333333335,0.2129884535820575,9.5,918.7747839712409,19.57922122058803,29.178955034171995,133.42070074115983,0.0,571.9080464596094,1002.6787047647416,1.0,571.9080464596094,201.58052897511786,1.3070853835147496,14.04645677777778,2.7841689683333333,982.7034863323869,982.5904866367293,982.8500245238265,982.8195305591117,982.9572309940075,984.9853353930014,987.0311530673815,988.7428927200294,990.864679369518,990.4808851537827,992.248805609855,993.9210318484988,105.76488566195877,95.73201548930369,86.790978183465,81.24211834148434,76.86940415068024,75.24180074014036,73.9632655562585,74.75674883748573,77.2856507651755,81.3652782391602,85.22820326400533,91.27205020562533,22.07649320375604,90.0,0.5620779481665301,1.9304599503517614
2022-05-09 11:00:00-07:00,880.387595,138.39615,0.2080761686362913,10.5,948.7452520551412,21.977094201416865,23.00865159648687,163.22452033862874,0.0,616.228524592779,957.6429955700895,1.0,616.228524592779,198.69002776228714,1.0919509780431673,16.35870961111111,3.09457115,952.0343374743298,952.3742558324539,952.3728315478259,952.5932640265374,952.5950909812665,952.596221201773,952.8229091755554,952.8219166785861,952.8209169592113,952.7799927535411,952.9645747793999,952.9643143669465,104.54520396304302,96.4764818759341,88.98657313190489,83.65078525713706,79.88528576107146,77.85843822491978,77.53284691289205,79.13572185579685,82.28058729579547,87.12590471431885,92.75855965427698,99.1450506422309,6.98756368486763,90.00000147877934,0.6891730481087093,1.864570276575341
2022-05-09 12:00:00-07:00,937.5322333333334,125.22243333333331,0.2079936049461543,11.5,986.0233789382855,21.84482854358563,23.342011213637566,200.09691594321956,0.0,640.5769416156209,999.2009743050465,1.0,640.5769416156209,206.50948826514804,1.1112693121820028,17.934137833333335,3.50835135,994.6422150088742,994.6395911118664,994.2492338981396,994.2472749250999,994.4157511029143,993.975839352519,993.9781760551452,994.0986138447329,993.7268501344098,993.7889635160371,993.3471788571186,993.3685895105581,101.7036700710168,95.05475781579288,89.52097673498602,84.9437095334527,81.86143165729494,80.61473446666963,81.04808520724838,83.38175023578256,88.11950750177533,94.17788259054693,101.58041144600249,110.18950512686428,8.434375040479736,270.0,0.6766617381366565,1.8679583458470854
2022-05-09 13:00:00-07:00,916.0469333333332,127.28578333333331,0.2125493764494907,12.5,920.9507632202983,19.19754347217484,29.95680644659041,228.81349306118233,0.0,564.8677634389413,1010.8294844898312,1.0,564.8677634389413,197.29071075136414,1.3290219912113201,19.343885,3.5045508,1001.5015607409603,1000.2260759204274,999.0278610689659,997.9917300936488,997.914663893487,996.687266052791,995.2693067125572,993.9368847781361,993.7126681223564,993.7798931636257,993.4174581100156,993.5403664248262,86.16288135484783,81.13341769992252,76.73760496431,73.5081427080872,71.45708573062383,70.97214528888856,71.2500872664503,74.02925768444761,78.27937110884356,84.90156662307741,93.91049539010741,102.27810235236714,23.448324580766197,270.0,0.5510390976574868,1.9397235215300679
2022-05-09 14:00:00-07:00,874.2322,128.95940000000002,0.222302483605954,13.5,801.003840908066,14.32231526445255,39.7604373575806,247.2457164080563,0.0,454.23230354946315,1026.9764654938892,1.0,454.23230354946315,181.83457598805185,1.6023387908881421,20.155235666666663,3.1853980333333336,1007.6300722185254,1005.0483990205962,1002.4029674469141,999.3384463654514,996.3845308875106,993.3279643749567,993.251727723633,992.7543382048236,992.793864476714,992.7766876800292,992.7540689455146,992.7132239365105,69.35345690461239,68.04082313509967,64.40020674096766,61.86128609848306,59.55057808666583,59.025397072164786,58.1113335278305,61.37826782639704,67.453850790537,74.58019358996853,83.14544966723996,92.9730915866069,37.49710217652185,270.0,0.44563934842667186,2.063758728806881
2022-05-09 15:00:00-07:00,713.8820466666667,152.97356666666667,0.2364937910726153,14.5,604.0020274453544,7.669976127187738,50.81718100671791,260.0982518886375,0.0,293.51288633801863,943.8674286764697,1.0,293.51288633801863,152.14268660783773,2.0121545292894734,20.42184155555556,3.278856916666667,917.3498153480884,913.376870135879,909.3481477715886,900.8975140159439,896.7972370507205,896.3614043287771,896.4486328333783,895.9525344820388,895.1260556029785,895.3339304484894,894.9257298748371,894.5025493425422,60.30523202622433,56.404202659546435,52.910538694543575,49.31558329325344,46.92942408910804,45.787020050179784,48.25604721716555,52.46530471386961,56.25581392562761,62.72072371559659,69.21703935004791,76.43499859345135,50.0,270.0,0.366977778440511,2.214355247456318
2022-05-09 16:00:00-07:00,381.13687533333336,152.1727,0.251094927684389,15.5,329.38689127987857,12.295958705790902,62.29223255626735,270.36621363834803,0.0,125.51256130970071,601.0369060231067,1.0,125.51256130970071,98.2235736435631,2.8001221839070976,20.09212822222222,3.5676821,583.0223187320138,580.2475232511352,577.4258451612455,571.594888144609,568.7705669959527,567.6522030692677,567.0811247518527,565.7793665099678,564.4182725936255,563.8804030713105,562.5612371459138,561.2079987089388,45.21926217574656,43.42325562180354,41.87951240969785,40.24514893493471,39.316346973774586,38.72708561149089,40.035049571243114,42.296936285723376,44.11830559374975,46.54630379301851,48.51353337011675,50.21040580926131,50.0,270.0,0.366977778440511,2.214355247456318
2022-05-09 17:00:00-07:00,64.03761875000001,109.56857666666666,0.2343267305958253,16.5,127.47368040882428,36.97810358157232,73.7634941812224,279.5935290651269,1.5543122344752188e-16,64.39888102822171,177.53150607558203,1.0,64.39888102822171,34.17693752220495,2.857142857142857,18.74708205555556,3.1405765000000003,171.44562931507454,171.41383582751547,171.3867777032806,171.3007337830264,170.7266758398843,170.6956225148192,170.19600163142476,169.0385074515571,168.51982158032902,167.37482110093828,166.8202258718982,165.6300402746069,17.677060040119013,17.237540375287512,17.07862829160958,16.940705710244796,16.758033691572905,16.94482591604702,16.740721518537708,16.260919125832167,15.852579430648097,15.83512735425372,15.554181966128809,15.379899447639957,37.57248132303551,270.0,0.4451177182271908,2.0645602576341235
2022-05-09 18:00:00-07:00,6.86594045,32.311373833333334,0.2247576629783648,17.5,32.918061824975155,75.37670580526691,84.93062085337174,288.69352151587816,0.0,19.996651581457932,35.928291212357045,1.0,19.996651581457932,7.157151477369893,2.857142857142857,17.857182333333334,2.57325625,33.09817372029448,33.027561875343245,33.11253553604465,33.112509077875714,33.128885018308985,33.12882009888404,33.131823480139786,33.15061277106228,33.15067545927252,33.171633303243674,33.17502869366056,33.19842404205254,3.965110846766966,3.8843064609803237,3.8247893433470708,3.757886598866088,3.702773436185398,3.662885149335903,3.6519440976174367,3.6463829864533666,3.6665982679742952,3.704611761621208,3.7624904052298174,3.8580021927193924,10.100274286185227,270.0,0.6623142804496641,1.872640516694771
2022-05-10 05:00:00-07:00,315.99567833333333,34.72401166666667,0.2461771980392644,4.5,68.77353419587884,72.06932259007087,83.81419066496629,72.09068852059994,0.0,16.664567901990722,150.0437709333179,1.0,16.664567901990722,18.440543653353032,2.857142857142857,6.846213966666666,0.5399608629999999,126.18799141118497,126.45883257503779,126.49041401417878,126.76394473157295,127.03440641972027,127.01832842696251,127.28528083098318,127.24575213577728,127.5162942600172,127.4534781130085,127.45016492090677,127.72092018846126,3.7620039121031814,3.6947007745146805,3.7105430990243256,3.728614805592019,3.720131198979377,3.725419823260694,3.8376829448693996,3.9305525491992714,3.9816809193217506,4.151022976899492,4.217563090953522,4.341008288788145,12.367313352518202,90.00000190909591,0.6429109445716744,1.8803482334732364
2022-05-10 06:00:00-07:00,684.73315,63.42693,0.248840960735615,5.5,268.22134734251665,31.291845256813673,72.59725763162646,81.14590424641477,7.77156117237609e-16,24.93835871254385,711.911374958569,1.0,24.93835871254385,72.74883159271569,2.857142857142857,8.642914733333333,1.7630282916666669,687.4780939715216,687.9700502989851,688.4127097740414,688.6696194225137,689.1325047215255,689.3456245321166,689.7875779472344,689.9856382664728,693.875006238134,695.7538244685935,697.6268062837796,699.433813017868,6.655197005755807,6.746010218707292,6.732637035270948,6.902078135966826,7.070615098545553,7.2847267900731385,8.866316938964076,9.123069117936257,10.769970326010423,12.178028878234386,14.189691442647197,15.942385521211163,42.15776922376451,90.0,0.4144128075185749,2.1158433596590536
2022-05-10 07:00:00-07:00,838.05975,76.62390166666665,0.2463569307251292,6.5,481.6307517904429,11.105716496196187,61.10098889307982,90.39447557212054,0.0,155.11038519469588,968.1982046298883,1.0,155.11038519469588,120.4740576546643,2.6952889053919855,9.8393424,2.0292252,928.1908047551033,928.7601308257117,929.2943152745278,929.4272939407929,930.0884669707056,930.6911604206246,930.8564262600917,931.1410720492393,933.9557689095493,939.9278060093559,942.8401735213014,945.6949718664259,68.16237788085792,63.08072000178542,57.98303904682499,52.17805941645866,47.77304568509038,42.50607932057268,39.281161409364,38.30574427623238,38.000263732237215,38.95142592193006,39.77529151541444,41.0468494501466,50.0,90.0,0.366977778440511,2.214355247456318
2022-05-10 08:00:00-07:00,910.5095666666668,94.34931,0.2349571362405622,7.5,684.1338996245772,8.195580166679191,49.62765779267045,100.78437843435144,0.0,326.94897453194255,1051.383785627876,1.0,326.94897453194255,158.50774043000422,1.957764605539596,11.212281666666666,2.291839938333333,1009.1979901610888,1009.3298005567419,1009.3928082199578,1009.0125618562599,1009.5882668730462,1009.8731568996992,1009.6100391314527,1009.7688021478043,1012.5743330831873,1018.6258404651549,1021.4722558728072,1024.2792530566323,82.29084201206956,73.45316979725985,65.66387071112408,58.08424748852059,53.60718698910912,48.93586699517381,46.09579660493703,45.83032004063471,47.165265946655204,49.83562070117299,52.36254529727656,55.32168366132043,49.12311521998129,90.0,0.3719412229403508,2.202707035726693
2022-05-10 09:00:00-07:00,939.9226166666668,101.82264333333336,0.2218387565490664,8.5,836.2229831705986,14.678199507737226,38.61645374828247,113.95417816837403,0.0,482.1126489560418,1047.0228648120305,1.0,482.1126489560418,184.4285136965666,1.570363626485558,11.754708777777775,3.02693065,1018.4732663256356,1018.2940247363131,1018.6357678500107,1018.6112515960498,1018.6630010967457,1018.3855265517118,1019.1481886295402,1021.3240102058002,1023.1728939611351,1025.3522681659388,1027.1268971921104,1030.998262185979,97.92095498557606,87.80566395196523,78.82256235311678,71.39869406518214,66.2222671828111,62.496890901880896,61.52764524317839,62.49586499087552,64.14748309169586,65.9828690831962,68.48447480914069,71.92543566338243,36.12806022486399,90.0,0.45520400283951,2.0494416251067724
2022-05-10 10:00:00-07:00,957.2332,112.71875166666668,0.2129209953274404,9.5,950.2414608649498,19.328197764586875,28.96198942690925,133.11907538017977,0.0,591.2157386877319,1032.4710306894237,1.0,591.2157386877319,203.39827022680808,1.3058404845806737,13.171882277777778,2.6656529083333336,1017.21523454075,1017.0702158086872,1017.3047074534588,1017.2499714179058,1017.1186590091881,1018.573446864897,1019.8362875217521,1020.7883714549929,1022.0440997972778,1021.815825618366,1022.9075144075587,1023.941195721341,108.79458799109297,98.35499514831827,89.05542054999064,83.66163060568246,78.20080811604886,75.94797439884964,74.58518747829588,75.01159924968616,77.44788235882442,81.04392638484032,85.05892396703334,90.69920353751222,21.997557580497165,90.00000147877934,0.5627164655803745,1.9299430345904736
2022-05-10 11:00:00-07:00,968.6206333333332,99.57868,0.2080362135020793,10.5,992.8260118466825,21.717206914244063,22.75237956603202,163.0892162778321,0.0,645.0157218834454,1002.2245566809105,1.0,645.0157218834454,207.72042241604677,1.091520726183136,14.661233666666668,2.0771717466666666,997.9587546472654,997.957170674254,997.899899223145,998.1591504802045,998.16110151918,998.1623852955732,998.3769482427522,998.3759002730493,998.3748453459323,998.3319696250014,998.506739202085,998.5063891866916,109.22954590397856,100.64678027283706,92.67367970361914,86.97624797951369,82.95759441759427,80.78724803507804,80.42359744701264,82.11240702016264,85.4460732903218,90.43810182711572,96.55301254104768,103.34260703162494,6.955218271508968,90.0,0.6894532282518168,1.8645017569845503
2022-05-10 12:00:00-07:00,987.2381833333332,100.03785,0.2080537034779541,11.5,1008.164627378036,21.583978582557133,23.09350917385593,200.30268087575618,0.0,655.0405834864181,1021.7003947767402,1.0,655.0405834864181,211.02786548768492,1.1110232757489449,16.27179511111111,2.53794402,1016.5793964432809,1016.5450554478124,1016.9757763703637,1016.9038727257857,1017.2632036054307,1017.1354986616752,1017.133095807491,1017.5620075426189,1017.3889155915582,1017.3907326154899,1017.7690475191696,1017.7717609121482,112.61766053291565,103.7216859663762,96.05775476912069,89.79065146551248,84.8852641167826,82.46033437783318,82.00066337914797,83.27628855397356,86.43737820570138,91.1534636901997,96.86479662906233,103.72658022219723,8.4160196328481,269.99999627848695,0.6768201906093199,1.8679114069805736
2022-05-10 13:00:00-07:00,953.7308833333334,111.47727333333334,0.2131032065166745,12.5,939.4645724125479,18.943651305056736,29.754929858992444,229.14642344950627,0.0,584.6009063436261,1031.6704499562306,1.0,584.6009063436261,201.14361000736733,1.3279709435869609,17.558600000000002,2.48530305,1022.6343250428083,1021.3810028104191,1020.2217283365432,1019.2348044182404,1019.1830566120406,1018.0126108490623,1016.6403420152556,1015.3657427253386,1015.176258548013,1015.2899409815329,1014.9600277623895,1015.1343767577038,89.77731632756364,84.52150204541972,79.8531627043415,76.42081844756356,74.13421338766565,73.46574554514599,73.61871072319553,76.3247396032365,80.61030979363824,87.32531167505947,96.49838729687474,105.04519850556748,23.383426583988655,270.0,0.5515587981507665,1.9392733905875486
2022-05-10 14:00:00-07:00,871.70845,130.96135333333334,0.2235968419957077,13.5,802.6944212065297,14.08069925588622,39.59276453940635,247.5589705445905,0.0,455.2845273808446,1027.5930824347163,1.0,455.2845273808446,183.3231496724763,1.5999084421058352,18.45223127777778,2.7696063166666667,1008.200233492173,1005.6023451297244,1002.9391477815755,999.8558704989866,997.0984639227489,993.7931250692352,993.2879556895568,993.2133742837102,993.2418255383866,993.2223621057499,993.196439410367,993.140930567292,69.96468306392178,68.62873214130656,64.95935861468476,62.399776854509966,60.067710059542286,59.25077321080756,58.604570524756575,62.83931102192225,68.00569909440202,75.18070009489884,83.81001153830736,93.69978205532144,37.39532580428053,270.0,0.4463444853630427,2.06267868946614
2022-05-10 15:00:00-07:00,917.3586166666666,86.87897,0.2401541336146859,14.5,668.3391868490394,7.437082973043206,50.665865838670776,260.3725433281393,0.0,312.6233369866274,1052.9858954205263,1.0,312.6233369866274,156.75642307292375,2.0059163593228146,19.15541066666667,2.840407086666666,1025.3439648808546,1022.5829859001042,1019.7878976772593,1013.8484596384837,1011.0163918556445,1010.9253729805647,1011.2223236402572,1011.0661765150152,1010.5402497598516,1010.9782841711644,1010.9390917392137,1010.8998983252488,53.69011509012331,50.81301693562594,48.36257120919537,45.76642736398795,44.47951501970197,44.60149904064856,47.45699985985714,52.28255055527586,56.73910747754007,64.33099767227611,72.17221195487407,80.99580704477331,50.0,270.0,0.366977778440511,2.214355247456318
2022-05-10 16:00:00-07:00,834.7016166666667,78.52235,0.2637299164064345,15.5,468.52267292369106,12.155575684071197,62.1451518698891,270.60931641613934,0.0,139.42011011294667,966.0979186053451,1.0,139.42011011294667,125.00047858241963,2.786656892082141,19.49488705555556,2.36917281,942.5800191324515,939.7008970531147,936.7698129720281,930.7837452473801,927.9565480425833,927.6502587944071,927.3937171844065,926.7714571591255,926.0876292690243,925.9429624978347,925.3857710413882,924.792891642128,42.370690293273825,41.27421726134611,40.63770056694209,39.88202554246597,40.36895485221737,41.47357907121916,44.81478565442498,49.9368517815244,54.2449884527257,59.53568001421586,63.929666267754065,67.64212700292917,50.0,270.0,0.366977778440511,2.214355247456318
2022-05-10 17:00:00-07:00,597.07309,59.79772166666667,0.2492784336354503,16.5,228.25254343931303,36.28355834782102,73.6123698636176,279.8144196163172,0.0,23.648187937379216,598.0456118034081,1.0,23.648187937379216,63.19058953693541,2.857142857142857,18.911127333333333,1.997250645,577.1090421388609,577.5494178531455,577.7529895547489,578.1786356182358,578.586330074571,578.7752928376937,578.9604058600991,580.9024382992399,582.5756223805688,584.2127067269183,585.8373725555352,587.4020156192528,6.009956227344818,6.0768747136915,6.054878653472477,6.193277890485013,6.3616028318823865,6.39124675289615,7.7418715738816815,9.135725439114896,10.546823807670679,11.993430830076772,13.489912865121344,13.85944213059246,38.177640633895415,269.9999987925817,0.4409491640494537,2.071044693302568
2022-05-10 18:00:00-07:00,169.63784644999998,30.74296083333333,0.2595450699915005,17.5,46.20878566495007,74.9011722250648,84.7690996477629,288.89826589868727,0.0,14.88850386288851,89.82396891942828,1.0,14.88850386288851,12.77645999283456,2.857142857142857,16.91017672222222,1.0874954533333332,73.82147094570301,73.82152531107971,73.68758102192768,73.71823814432179,73.58674482063908,73.58663608064428,73.60327954530436,73.46938331807135,73.47162905685289,73.3406987778994,73.19408585381397,73.16683658316595,3.7321932525047465,3.6637957331348976,3.58184393841244,3.4675466566104474,3.419203833971576,3.384240022693882,3.349002260622318,3.344094527580502,3.31067834242564,3.347576635513235,3.3973319777258193,3.446662295029852,10.44632483830139,270.0,0.6593428378477947,1.8737176613084028
2022-05-11 05:00:00-07:00,333.84492505,35.0310165,0.2502633014682545,4.5,71.99116458388075,71.5597345590414,83.64372396830797,71.89610408584878,0.0,16.703659322677716,159.23578895656107,1.0,16.703659322677716,19.594156772002794,2.857142857142857,11.007553405555557,1.959499103333333,134.78340368322623,134.83392453706253,135.110688628167,135.4182087044077,135.420202733397,135.69702869954295,135.95642800182026,135.95240750132922,136.18769558433905,136.18754551275507,136.12283740647794,136.3996621102852,3.8987911331531,3.830107861889615,3.7726340877675697,3.7440423198768014,3.785886925243172,3.8830052237831456,3.908566419910123,4.004187037478832,4.166614871128815,4.228950457725666,4.2955223697043445,4.554693976368636,12.740606141717048,90.00000241483653,0.639731239490686,1.8817643655699918
2022-05-11 06:00:00-07:00,689.2437166666666,62.29324333333333,0.261783060552711,5.5,270.28192684003847,30.437555477771824,72.43643854359212,80.93491271193,0.0,26.79330807950215,714.3341903180312,1.0,26.79330807950215,77.65249216717689,2.857142857142857,16.822488500000002,0.8908195666666666,687.6015706758277,688.1340765659756,688.6516882570015,688.8897528551022,689.3938727328907,689.8849268551041,690.1035525806858,690.3528214271103,694.7160254896023,696.825644319685,698.897808982334,700.9620246982961,7.525790624134472,7.462847043338442,7.611722198795313,7.800927705847615,7.986197586975116,8.045426559036441,8.29044709475604,10.060415423436474,11.872647580951893,13.745051846531902,15.63652162855065,17.56450889745564,42.92903584738101,90.0,0.40945399343446415,2.1249450220947987
2022-05-11 07:00:00-07:00,712.46355,112.9301,0.2539571839743161,6.5,458.9511079175383,10.944530628536382,60.94372880966735,90.16154084195398,0.0,156.18746487735888,896.7864915730147,1.0,156.18746487735888,124.0965746424892,2.682079731782191,18.544716333333334,2.295838815,852.4861638430391,853.333062109039,854.1425769557742,854.4054882909187,855.3261142030357,856.1838310760921,856.469103878812,857.0252213972509,860.3064652668434,867.1827145241942,870.5275359057194,873.8091250159828,68.2662912578151,63.59947009628131,58.946442921113096,53.63604199036163,49.662082629453344,44.87875802596766,42.00721665375953,41.660565010098324,41.9473989539863,43.42826583729556,44.783806782868005,46.56393198119686,50.0,90.0,0.366977778440511,2.214355247456318
2022-05-11 08:00:00-07:00,679.0430166666666,160.80728166666668,0.2412058213893908,7.5,602.117485763682,7.977489995299531,49.46592089063012,100.52158538539106,0.0,298.5016974841705,915.2677984219216,1.0,298.5016974841705,155.33961166555576,1.9523623215690908,21.56823672222222,3.142835266666667,865.9718828536442,866.4323391315525,866.8124219882468,866.6230371335275,867.455004828185,868.0121543023184,867.92130550718,868.3761429504659,872.4653053959798,881.0190619054317,885.0894439467886,889.1018579772718,76.35937078028677,68.82070393711594,62.23859877421327,55.840891243392555,52.16931638779094,48.36227888345137,46.113985860672955,47.290536629312854,49.950288827656564,53.80095188645352,57.53853058209876,61.672492919095234,48.985426013937676,90.00000085377364,0.3727286610085212,2.2008918783989726
2022-05-11 09:00:00-07:00,1015.5546666666668,74.06505,0.2264385338436512,8.5,869.5250366948309,14.444918953012836,38.43845534170961,113.65661272218864,0.0,499.52947054201996,1091.2113442864368,1.0,499.52947054201996,191.68678166907154,1.5678285569288,25.670092722222225,2.2743114550000003,1065.5712531406075,1065.5200587885888,1065.4035504308283,1065.147360515351,1065.1027268072646,1064.7042086026738,1064.8614639966825,1067.0846223453923,1068.551634345718,1069.9771693176074,1071.7647629384687,1074.9735273617805,103.19151069406809,92.20375366201698,82.28556338224328,74.35097997451128,68.66625983470477,64.37766371625139,63.09634970013691,63.70437756400301,65.02790710438529,66.54726551874785,69.32254311370063,72.00854635053858,36.0166932513894,90.00000147877934,0.455989531888715,2.04829714962879
2022-05-11 10:00:00-07:00,999.3777333333333,124.58437333333332,0.2164592606643422,9.5,1000.7568083548106,19.081416541306425,28.751044470549836,132.81573551099245,0.0,622.7589037375068,1086.2060650365715,1.0,622.7589037375068,217.42402117465062,1.3046579031549017,27.14580488888889,2.50187043,1070.2277944984535,1070.0829803700617,1070.05664577116,1070.2909544485929,1070.1558154857976,1071.6425920174725,1072.6750541541876,1073.8746823487295,1075.1539198266025,1074.9157522618082,1076.0243024275862,1076.860303810708,116.30929890416348,105.3138679128239,95.39473509256132,89.59291948118394,83.76665967675778,81.04948033390438,79.8512853959791,80.32815186144886,82.88916910610965,86.27920450469905,90.97002711983741,96.94900752093359,21.92246762083791,90.0,0.5633242050036125,1.929452935752166
2022-05-11 11:00:00-07:00,912.9393666666668,184.24396666666664,0.2118708306518141,10.5,1027.6801761934094,21.462112214618266,22.501604800061997,162.9484466405238,0.0,667.5736952755938,1038.7550493616532,1.0,667.5736952755938,220.5150204019829,1.0911295754120123,28.076983722222224,3.10030005,1032.9820493028897,1032.980393178199,1032.9200217992925,1033.391547622766,1033.3935966411882,1033.395012560369,1033.7867010156103,1033.7856109405593,1033.7845126961843,1033.4062306998471,1034.057996087061,1034.0576337963275,115.3458871744316,106.3775947269923,98.64036754999107,92.17614542766047,87.97931030112473,85.71533058741542,85.33952725054917,87.10938032356135,90.60171407261656,95.82890487943185,102.33159087041304,109.44014482739134,6.925805759860228,90.00000409455455,0.6897080199753001,1.8644397249936708
2022-05-11 12:00:00-07:00,976.8713833333333,135.91503833333334,0.2113272692829476,11.5,1036.1297585867594,21.32832111883719,22.84944405762757,200.5035335217708,0.0,663.3750091506478,1049.658075110577,1.0,663.3750091506478,220.2592120788505,1.1107533447755265,28.777314111111117,3.641533483333333,1043.572441071867,1043.5598040091008,1043.986688000202,1043.9346920032085,1044.2877541546293,1044.1775957665327,1044.1750868586341,1044.5997314019694,1044.4422055229672,1044.4443345559164,1044.8169104526387,1044.8195773539567,113.31990220265267,104.25212638808212,96.61309539910101,90.50432353785335,85.8854715589376,83.79795941185719,83.6963383254213,85.38403222801841,88.92562013012798,94.05565627331598,100.12323635382197,107.37572923037479,8.395882133684891,269.9999987925817,0.6769940355696236,1.8678600277000519
2022-05-11 13:00:00-07:00,783.16565,246.9584333333333,0.218505795675488,12.5,928.2106523294428,18.695150594032523,29.55647642540156,229.4736853019454,0.0,578.7763267325931,1022.52178311716,1.0,578.7763267325931,212.18521010220775,1.3269105986376313,29.39854661111111,3.08528145,1012.2628028155198,1009.6479436414506,1007.3007351966753,1005.0723337616662,1005.0763909404352,1002.5539131247681,999.757901122264,997.0068009160497,996.703516927106,996.7000503452367,996.2463427937979,996.2947257740166,97.80230657809126,91.487079735472,86.12342380319936,82.41333461233558,79.39203792866985,78.43197198995459,77.83102801321304,80.26095658454793,83.73949805754154,90.19827912089313,99.21927292235047,106.90756097298804,23.317869311965993,270.0,0.5520840365780422,1.9388198825358658
2022-05-11 14:00:00-07:00,556.0485391666666,281.1669333333333,0.2290916885490165,13.5,710.6743071713586,13.844517967557255,39.427589538451,247.86622029030394,0.0,413.36515682279463,879.1181620921502,1.0,413.36515682279463,177.60490946140573,1.5974922254528425,29.383889388888893,2.81051755,857.9721382376583,854.8112214878586,851.2276713996122,847.9249180230453,844.5604146819163,840.1823102328332,839.2209052606063,838.9043471211317,837.5770419943726,837.2913548663666,835.8488252139196,834.6115895885039,77.26231354102431,75.61724789973331,72.02300366606245,68.44350357923146,66.02203823015225,63.720848906803134,62.501304056386466,65.38693025760512,68.9849931167952,74.11499241159711,81.08834783658075,88.664723200594,37.29377454736921,270.0,0.44704901760027516,2.0616035375286934
2022-05-11 15:00:00-07:00,613.8393506666667,204.7966,0.24058623987429,14.5,595.1105004820233,7.211538730458205,50.51644226621001,260.6411071935747,0.0,293.91453734810074,891.2011183401688,1.0,293.91453734810074,155.7979352506297,1.9997512861283853,29.840646611111108,2.7495683316666666,863.8256750795598,860.2592322290511,856.6443803727117,849.0143863328665,845.3074598686178,844.2884686009324,844.0886977250839,843.0010242796438,841.5962787484514,841.4819964789924,840.4351921399949,839.3731811437963,65.34019418344226,61.72979219597279,58.46774257332361,55.068258021504484,52.75000810688233,51.55617918307434,53.35693821327893,56.7218992004532,59.785906526740774,65.3995727461449,71.22051746127893,77.89833938509646,50.0,270.0,0.366977778440511,2.214355247456318
2022-05-11 16:00:00-07:00,810.1359383333333,139.83708333333334,0.2605027526698789,15.5,520.1772463911393,12.019997942566343,61.999649322259394,270.8470070343337,0.0,174.35323254256986,1023.4773867706363,1.0,174.35323254256986,143.9988507248031,2.7734281894437456,29.916741444444444,2.5153800750000004,996.6810727018641,993.2370050118376,989.7315918132533,982.5338766526943,979.108593594272,978.2766553220783,977.7976045873545,976.6241755171413,975.3780259419652,974.9835456669807,973.8512941598702,972.6866914662371,55.36482517843613,53.73954025675619,52.59018165531225,51.28807754298702,51.30172598011099,51.959077096518,55.13047641113914,60.2002516289274,64.41151460601847,69.78539783667962,74.3266258656014,78.43239104768708,50.0,270.0,0.366977778440511,2.214355247456318
2022-05-11 17:00:00-07:00,715.4695166666667,82.07093333333334,0.2505939078004934,16.5,285.7213386295929,35.58493225715878,73.46273913435967,280.0300838284843,0.0,36.21543948746477,728.42999419918,1.0,36.21543948746477,79.27575596134561,2.8571428571428568,28.94883572222222,2.718068391666667,715.0872467776188,713.2899245804197,711.2648102736205,709.3060465821891,707.3440836009893,705.3405703701325,704.733326248597,704.4382961006744,703.7608672752846,703.4532360382898,702.7824718392932,702.0984379135151,18.525066566553495,16.774044090608808,16.326934786897972,14.631751474471931,13.310411704943679,11.637649877405805,10.03037150991949,9.747663447716958,9.491145647265077,9.478079824750806,9.33685655529858,9.236178649427824,38.79180791616113,270.0,0.4367538119373647,2.077715309094347
2022-05-11 18:00:00-07:00,264.6801373,24.3538855,0.2575782655482768,17.5,49.220255707767635,74.42943121470978,84.60918252058288,289.09782351863413,1.476596622751456e-15,10.849097152169866,110.46115573820853,1.0,10.849097152169866,13.754460059434315,2.857142857142857,26.811083888888888,2.176707685,89.7448639420542,89.74491700690899,89.61251997029235,89.61440543228566,89.41922541705438,89.46385416400267,89.46383409254068,89.29719003661938,89.10211801458857,89.10953959024894,88.91428892154512,88.90533283207033,2.9476163024120083,2.808544737495641,2.7391246933295803,2.6974936599936306,2.6630955232842246,2.5640223494238223,2.5253665238187537,2.5230802040008076,2.53201590899848,2.497281479438431,2.5137049904664335,2.5611280476451435,10.790862338873788,270.0,0.6563876725998358,1.8748257349084447
2022-05-12 04:00:00-07:00,0.0286144333333333,1.3164550499999998,0.99,3.5,1.3164864872190127,89.82014841292826,89.93705203557785,66.09110654323418,0.0,0.8417262399638449,1.316543231233808,1.0,0.8417262399638449,1.6392654901764432e-06,2.857142857142857,9.418988044444443,0.8955939866666667,1.2445985404714308,1.2445985404714308,1.2445985404714308,1.2445985404714308,1.2445985404714308,1.2445985404714308,1.2445985404714308,1.2445985404714308,1.2445985404714308,1.2445985404714308,1.2445985404714308,1.2445985404714308,0.733831463571048,0.7178574792576512,0.7042344675817531,0.6935188766682987,0.6861572963166883,0.6824543953155827,0.6825611939598765,0.6864642375314517,0.6939919570537524,0.7048191218116386,0.7184880424792943,0.7344385314925437,0.12787662089966598,90.0,0.7488840668909429,1.8571453477593667
2022-05-12 05:00:00-07:00,335.49145585,34.72501316666667,0.2484203136043906,4.5,72.83014221242777,71.06384437771253,83.47826996757482,71.70387138672619,0.0,16.355971485121795,162.73055950307048,1.0,16.355971485121795,19.737483736609036,2.857142857142857,10.060935422222222,0.993359305,138.56729395993716,138.62586522694258,138.95690929108406,139.26810432218485,139.26796317500262,139.55055344818706,139.8532122604721,139.8129318933803,140.11527915688936,140.04705486260988,140.04721556053656,140.2617823982986,3.80134050664767,3.726435138737402,3.678811160725395,3.719451160224556,3.783300795616308,3.789757705360975,3.8178613051021357,3.952137442337269,4.075290791302259,4.134973938986566,4.318762826334638,4.459921337274839,13.105733643798368,90.00000225887273,0.6366256134928777,1.8831895759550301
2022-05-12 06:00:00-07:00,710.5019833333333,64.01811833333333,0.2635518428243777,5.5,280.2626898664291,29.58958805566688,72.28065859840865,80.72638721543927,0.0,27.72412161101481,741.1034809990139,1.0,27.72412161101481,80.68169393381106,2.8571428571428568,14.701617222222222,0.7879695783333334,713.1658475508716,713.7213365828973,714.2620532490167,714.7941480531183,715.0371541613611,715.54985673431,715.7779486922047,716.2636741341049,720.5116299663372,722.7298878285903,724.9778136062514,727.0407150773162,7.824323627820765,7.92696845221136,8.0608602499226,8.083163796840369,8.296568942387903,8.52330437493352,8.778556530674528,10.62051600286035,12.526181471814905,14.452098547516112,16.415721727181214,18.415099172683522,43.70507515776693,90.0,0.4045267762478417,2.134236911198874
2022-05-12 07:00:00-07:00,852.1212333333333,84.88082333333334,0.2577271428836061,6.5,500.7049287758296,10.791786373851572,60.79163978788278,89.93109732063641,0.0,167.40793699011377,994.949823020152,1.0,167.40793699011377,130.8642519417429,2.6693962711885373,15.59542,1.9829164366666667,951.7945688867028,952.4494722530792,953.0564549642147,953.2150223590093,953.9562493165246,954.6441534858479,954.8163717436449,955.1572540800472,958.1384058250167,964.473875564495,967.55656206504,970.5817044122858,74.75455516785787,69.16832434935581,63.62417313740042,57.30803059693603,52.56866425196089,46.90367172984294,43.43542552265553,42.34171250019316,41.97736052728383,42.98253763943632,43.84180758683711,45.190818294816346,50.0,90.0,0.366977778440511,2.214355247456318
2022-05-12 08:00:00-07:00,912.3176833333332,104.46770333333332,0.2441762608204951,7.5,699.2725761188485,7.7625965350069395,49.30961120753401,100.26107531998508,0.0,341.65108930233015,1066.9327839423331,1.0,341.65108930233015,168.42101609819875,1.947178589048491,19.02559022222222,3.323737088333333,1022.9251522093615,1023.0929604179966,1023.1604336718494,1023.2123907235234,1023.3896269992697,1023.7155275427422,1023.4373454597027,1023.6316314866159,1026.4873481499035,1032.7484382104992,1035.6843683574727,1038.7561265063002,89.03703799109613,78.47503217926939,70.32034504617353,62.37847352142723,57.73199466480597,52.93949426107355,50.02602801467961,49.664742431654005,51.8165167258008,53.94193092149717,56.62875054711886,59.77170865774676,48.85240509606138,90.0,0.3734914706074791,2.199141862326949
2022-05-12 09:00:00-07:00,977.2804166666666,110.57196666666668,0.2299036437394444,8.5,877.8751466571994,14.215367900838803,38.26625481244915,113.3603993455845,0.0,506.32219977010004,1095.776617795821,1.0,506.32219977010004,199.93988350233573,1.5654026539842762,21.085469944444444,4.280167966666666,1065.1869386234193,1065.4149357626138,1065.9475359712585,1065.9260258318684,1065.9828929159612,1066.022577854825,1066.0491785866163,1068.7107780788763,1070.6068156987137,1072.4388648426468,1074.7232609238679,1078.5507004205933,107.79799776449745,96.78590856256943,85.51275287604695,77.6399835951272,72.05247970871504,67.7561336282842,67.63471430631391,67.80521241863768,69.50438234642762,71.40343561003179,74.06065323242981,77.07955624649281,35.90972675503833,90.0,0.45674506794280795,2.047200773227886
2022-05-12 10:00:00-07:00,1005.9554666666668,101.80426166666666,0.2183303389603993,9.5,985.4679861554457,18.838957065250078,28.54617881385137,132.51091261949855,0.0,612.8298920001649,1070.2323320869345,1.0,612.8298920001649,215.39408423020114,1.3035372559586567,19.88063933333333,6.744441016666667,1055.4770959597058,1055.287882770497,1055.2121638538185,1055.4050675364738,1055.2262060507687,1056.6305514326846,1057.5926092924983,1058.7147197656059,1059.9220443174727,1059.6920466784504,1060.73382935694,1061.509038157301,115.36144960020843,104.31741089561298,94.37495142015143,88.49437805312634,82.63920034785278,79.87645080535924,78.60845287669831,79.62025735477815,81.57995265982524,84.93153430162415,89.58731677956611,95.51127536113216,21.851213141756734,90.0000017075473,0.5639011985246283,1.928989343785438
2022-05-12 11:00:00-07:00,1051.5521666666666,86.71940500000001,0.212788739137678,10.5,1059.9289573964652,21.211890933443534,22.256412658203917,162.80219094309962,0.0,688.6758044175496,1069.7168659807085,1.0,688.6758044175496,226.52157854223364,1.0907772186929805,19.3273715,6.85306815,1065.8172190457324,1065.8154876916722,1065.7529181125249,1065.9944911133066,1065.9966524257377,1065.9982151234194,1066.1979751315637,1066.1968357200567,1066.1956887303825,1065.9891249924167,1066.3115847259162,1066.3112001823417,119.19901013889684,109.76862927580613,101.6280218533063,94.71941764169432,90.29347306644266,87.89882060987871,87.48642751981286,89.33183851727668,92.9921947945452,98.47499049499787,105.16917649233608,112.63947287327245,6.899308180221985,90.00000467631085,0.6899375741276768,1.864384064689561
2022-05-12 12:00:00-07:00,1052.5573333333334,85.51782,0.2128908911724867,11.5,1057.1798408065736,21.077930950976356,22.609865674343467,200.69917568220546,0.0,676.7479690411795,1071.1769382363952,1.0,676.7479690411795,226.08163224594284,1.1104598554497656,20.19936205555556,5.462415683333333,1066.5004516616143,1066.462627739233,1066.8661124079274,1066.795146925873,1067.123091751252,1066.999205607964,1066.9965967494554,1067.3979083876811,1067.232070800432,1067.2340302214707,1067.5819869188147,1067.3819413067322,117.05969012872818,106.72154648070068,98.69799291474914,92.29159904692418,87.4406876691762,85.23346805620393,85.10797685620273,86.85448973742992,90.51886383794614,95.86796477176466,102.20552402969703,109.7822336630338,8.373982277691614,269.9999964798011,0.677183105011268,1.8678042906163117
2022-05-12 13:00:00-07:00,1043.6095,82.221835,0.218009384263173,12.5,991.7732933165003,18.45211418184409,29.361454656351437,229.79499674875396,0.0,616.435213283528,1089.3638548972594,1.0,616.435213283528,215.17116330505115,1.3258413324595666,20.143242611111116,6.5742706,1074.5268377529192,1074.2546878510964,1074.526742272414,1074.4832213648656,1074.593830023787,1075.6104155658284,1076.7382020743528,1077.6462105009211,1077.6766668521218,1078.4727876278703,1079.4706293832978,1080.3417945327074,113.01725064756054,103.59093856352587,93.51314388600221,86.08846881573648,81.1981647394926,78.88124833149382,78.38194002323463,78.92117072847363,81.18806690504708,84.39884689372654,89.37027012227524,94.91336886712999,23.251673569083795,269.99999914622634,0.5526146532722576,1.9383631775739871
2022-05-12 14:00:00-07:00,1009.3037333333334,76.47976333333332,0.2286356424357693,13.5,857.9109132802087,13.613841205294085,39.26491273303697,248.16727705791735,0.0,484.93760430917854,1093.336611410149,1.0,484.93760430917854,190.79227899207862,1.5950906289852553,20.147772888888888,6.9324450833333335,1074.200898014357,1072.7406019688256,1070.841864079203,1069.3258947951617,1067.7943411516906,1065.7621673978858,1065.3033674321707,1065.6687094262895,1065.5336629189535,1065.979532596878,1065.7956783687127,1065.9295685369148,69.94423400988268,67.32263238266673,65.16401356575109,63.00843831531213,62.39313137738529,61.94237012106995,62.359479141839216,67.17635046714538,72.97099774774225,80.82537467338372,90.62992969211876,101.66186283739188,37.192474042682306,270.0,0.447752758367976,2.060533530243321
2022-05-12 15:00:00-07:00,881.0474608333333,83.23533,0.2432139156767613,14.5,645.2042941437453,6.9935633884398385,50.36891887221921,260.90381412534543,0.0,301.6582240347788,1012.6087652764461,1.0,301.6582240347788,153.06467249898137,1.9936600055955331,19.745024777777772,5.408940133333333,985.6245765670516,982.9288949734735,980.1999327861349,974.401079738933,971.6362302429667,971.5647253595778,971.8638303841423,971.7290561686407,971.2328243989948,971.6704781640283,971.6510898470092,971.6320012517948,52.28141681057967,49.47231118595989,47.08074362674255,44.546634580425646,43.29373168945952,43.41962705308869,46.221944143327185,50.95232992852158,55.321363233671406,62.75823628389573,70.4386872168239,79.079699067045,50.0,270.0,0.366977778440511,2.214355247456318
2022-05-12 16:00:00-07:00,833.7335,65.92883833333333,0.2687999286695313,15.5,459.1951520574371,11.889112654152395,61.85574642822877,271.07918929415774,0.0,141.19231656536888,937.4235654468765,1.0,141.19231656536888,123.22782910612452,2.760435092119416,20.29357238888889,3.695434266666666,914.248761726877,911.6468826715104,908.9968290336242,903.5841941670272,901.0481938810766,900.745776455003,900.5092081623377,899.8803447202055,899.1945930884868,899.054907061443,898.4943054192473,897.9101283853213,41.495003093134365,40.65296165213382,40.271347052720884,39.75373779337209,40.49855869287999,41.86625228746631,45.22472710652816,50.4388097728063,54.81652841937699,60.28715671811476,64.9340596421861,69.10489540881782,50.0,270.0,0.366977778440511,2.214355247456318
2022-05-12 17:00:00-07:00,742.6569283333333,52.263495,0.2981525863195859,16.5,265.49204062620186,34.88206711502615,73.31463767779391,280.24044648525455,1.5543122344752188e-16,21.54594386415384,714.1621187220959,1.0,21.54594386415384,83.18917748055384,2.857142857142857,19.552469666666664,4.6035798,700.6575219243144,698.9586512220918,697.2481193821147,695.5024643173865,693.5658573954634,691.6799511982056,691.5150967030886,691.1419241501922,690.9740477100042,690.5849916457083,690.187613704184,690.0058432322038,14.645154157479675,13.007513576204229,11.423499898739689,11.134509231696038,9.608681156786233,8.130581547481547,6.674212124835884,6.627244123050419,6.487579482179762,6.35691491441813,6.25982802988504,6.32541000321134,39.41536485797661,270.0,0.43253114385006763,2.0845795254350845
2022-05-12 18:00:00-07:00,367.5750924,26.374563833333333,0.2366884477970102,17.5,61.91848325361908,73.96162465927286,84.45091952751366,289.2921356839016,0.0,11.943116750827242,143.6973099037786,1.0,11.943116750827242,15.811098730800389,2.857142857142857,18.055745944444443,3.9636627166666663,116.20803993286316,116.44567241644093,116.66051227652622,116.66049885417299,116.85782186153554,116.85774534564115,117.03322188388847,117.03330605369092,117.19150752318241,117.19147293077422,117.19141937128596,117.32875349041313,2.597666511148895,2.5944533533783876,2.5941906562023442,2.571679795735992,2.5607617993431027,2.565304423791169,2.6467241614213974,2.708903608192235,2.744146416927006,2.7856880528622523,2.9525690228096804,3.0021435176837787,11.13375586832817,269.9999985212207,0.6534499686609848,1.875963787964483
2022-05-13 04:00:00-07:00,12.400093433333334,2.187710733333333,0.2050794837667678,3.5,2.19984377704462,89.83982318471297,89.94393813950134,65.7501734931152,0.0,1.3987926309729437,2.2223743758124064,1.0,1.3987926309729437,2.172251360638391e-06,2.857142857142857,6.943827377777778,1.4097163866666669,2.068875035369095,2.068875035369095,2.068875035369095,2.068875035369095,2.068875035369095,2.068875035369095,2.068875035369095,2.068875035369095,2.068875035369095,2.068875035369095,2.068875035369095,2.068875035369095,0.25261921638791446,0.24712068856065633,0.24243109162138687,0.23874204515308428,0.236207380865733,0.23493212296474258,0.2349684121750897,0.23631175888066888,0.238903228829439,0.24263098261159496,0.24733745332531878,0.25282982687300964,0.1141909295246718,90.00013794456498,0.7490034968116395,1.8571448431820383
2022-05-13 05:00:00-07:00,354.50299333333334,30.496831666666665,0.2415230721905356,4.5,71.74712662574214,70.58185797327639,83.31787286456145,71.51405628968418,0.0,13.631886343832479,167.51683313333126,1.0,13.631886343832479,18.949061020670506,2.857142857142857,8.062926288888889,1.022160875333333,143.2377879707502,143.28659475907685,143.58465180275923,143.90314059110364,143.90415703159286,144.20244008206635,144.17630489090587,144.4281788016482,144.4280182413637,144.72604901872884,144.65391938119768,144.95203755548204,3.1197916883610275,3.066675148322708,3.09162465555107,3.0712566995040635,3.135323957780268,3.140889944462945,3.2526653710831006,3.2853974115106457,3.397870448293806,3.557939828360867,3.6111394563613035,3.7372176324919897,13.462482531583882,90.0000020913098,0.6335956986138213,1.884620284409873
2022-05-13 06:00:00-07:00,763.4344333333333,56.201565,0.2648406042545845,5.5,290.4683671756511,28.748388083408727,72.1299532404657,80.52041421859457,0.0,23.127058521685125,784.0583489209587,1.0,23.127058521685125,81.78423399462888,2.8571428571428568,13.056302666666666,0.8057070316666667,756.6060792425169,757.073113830142,757.5284470980054,757.9746450071345,758.1804872848658,758.6119517173797,758.8037939596898,759.2141913146472,763.2996647191624,765.3888635065533,767.5179788820363,769.5240383763714,6.667664726979891,6.61358660072487,6.7257216698191,6.894925775761916,7.078680396958378,7.272406699197166,7.486273571834948,9.25469636274572,11.08122658769849,12.92804553748906,14.809843477001566,16.72584383584914,44.48596345105369,90.0,0.3996327458379846,2.1437207178425135
2022-05-13 07:00:00-07:00,875.1297,73.778215,0.2570068344906631,6.5,502.7870610594846,10.647525619053146,60.64474977818172,89.70325942910075,0.0,168.63152287225142,991.9226008521539,1.0,168.63152287225142,129.63640362941288,2.6572282931637585,15.195033722222224,1.9371099033333328,950.166474408222,950.8439274784572,951.4731889729782,951.6420129576178,952.4047376858135,953.1136215348522,953.2954932165485,953.6575131714997,956.3596971501054,962.1489045480112,964.9635330561568,967.724632494729,74.95512087013272,69.3837774566532,63.856358985639645,57.558469697027824,52.83671799129341,47.190604907125696,43.73801899149698,42.417974640450595,41.82146640328076,42.58842306542949,43.204287885971304,44.30449766204184,50.0,90.0,0.366977778440511,2.214355247456318
2022-05-13 08:00:00-07:00,933.6114666666668,85.75076333333332,0.2428188937065954,7.5,696.3003546676382,7.550970073665244,49.158752815439684,100.0030041366283,0.0,337.779390506234,1066.2587930297705,1.0,337.779390506234,164.02689805372782,1.9422102149879361,16.563864444444445,2.337196023333333,1025.43717235893,1025.437746930349,1025.3316789684834,1025.2251011635394,1025.32501277554,1025.5096071869807,1025.5036044169499,1025.1976267735483,1028.0660017622154,1033.4962566145143,1036.1746973539668,1038.9336760569263,87.261513961735,76.5806313008697,68.3117054563998,61.34607351334287,55.490825258926264,51.53356980493331,47.59808646312542,46.98209121335689,48.87478861667288,50.76332079779409,53.21661756869044,56.123673868399074,48.72407321188277,90.0,0.37422931431048084,2.197456896169218
2022-05-13 09:00:00-07:00,967.2982333333332,92.00984333333334,0.22808566524809,8.5,853.2119324223946,13.989620640485983,38.09988167575042,113.065752230371,0.0,491.20235858527025,1065.9244921268717,1.0,491.20235858527025,191.7535177299498,1.5630848917035836,17.661354777777778,2.777026066666666,1037.8170073387842,1037.9424274693502,1038.4002681264642,1038.2858441227106,1038.2895534041807,1038.2362944882425,1038.2055225831373,1040.6731629802002,1042.417378105412,1044.1949784478845,1046.1632341635036,1049.7142888147841,103.60347475323869,92.867107627387,83.09138673276725,74.17692450009872,68.70332793302957,65.87831327499917,64.26329027872669,64.34608868344563,65.89627263915808,67.64940084834387,70.18331541974722,73.0246852627691,35.80716510904088,90.0,0.4574704511043803,2.0461521962276397
2022-05-13 10:00:00-07:00,1013.74905,90.37168,0.2185728684276069,9.5,982.5564590729223,18.60089911816316,28.347447274895597,132.20484324309427,0.0,610.8014241567619,1066.9234815182438,1.0,610.8014241567619,214.54125705019445,1.302478125439265,19.694588166666662,3.04832144,1052.6780940695767,1052.7640070703974,1052.6613127821781,1052.8353563114479,1052.6335551069978,1053.9637500794884,1054.8616670097344,1055.917921637357,1057.0568566491002,1056.770226910915,1057.8153810192725,1058.5347547678527,115.04699453090606,103.95849245516615,95.08037731945603,88.03845844747543,82.15859178353958,79.34802919866947,78.03234306697146,79.02632062774228,80.95965519743073,84.27668547506633,88.91738318884008,94.41100117136702,21.78378503611327,90.0000017075473,0.5644474724962567,1.928551968673726
2022-05-13 11:00:00-07:00,1024.5268333333331,93.12439666666666,0.2133368139564662,10.5,1042.9359860953928,20.96661932862658,22.016885591221367,162.6504330294863,0.0,677.6086406781682,1052.5318029033363,1.0,677.6086406781682,223.5322433847156,1.0904634161605724,20.97053277777778,5.157445216666667,1048.5031491173115,1048.5014504651324,1048.3574836663186,1048.6879282007167,1048.6900625840822,1048.568484301361,1048.8970429741419,1048.8959264741534,1048.8948021195201,1048.686610454844,1049.0158652130972,1049.0154884290891,117.6223049308553,108.34266189155771,100.33392731967116,93.5408037049733,89.18529124159464,86.82908088602879,86.50952627239324,88.23869523857313,91.8435232825954,96.95753034764688,103.8366936749115,111.19468553574445,6.875709260867099,90.0,0.6901420273877524,1.8643346720139242
2022-05-13 12:00:00-07:00,1028.669666666667,95.85375666666668,0.2134830850928648,11.5,1047.0783954336523,20.83288266852216,22.374820206199075,200.8893000977125,0.0,670.3012287376001,1060.8837666690956,1.0,670.3012287376001,224.65860868119216,1.1101429941272094,21.925198555555557,5.45990275,1056.8735622698991,1057.0789051133343,1056.7156122890228,1056.7139466806098,1056.8831130038543,1056.4668411408359,1056.4694150478363,1056.5946336295203,1056.251110345701,1056.3214673143973,1055.9031884328149,1055.9381378345943,109.16542382841588,101.66445307455578,95.38420697097591,90.08973418051316,86.45006797223131,84.71886426847334,84.84124681552487,87.04619316700206,91.82420935693091,98.16219513383928,106.09328881838779,116.32185913389321,8.350337773407656,270.0,0.6773872485801221,1.86774427551615
2022-05-13 13:00:00-07:00,1016.03425,98.28417333333331,0.2190493476101019,12.5,985.4634500520132,18.214613198737023,29.16986906786423,230.1100735289617,0.0,612.8336290191497,1081.3480609275568,1.0,612.8336290191497,215.63714779555517,1.3247634642651833,23.03113377777778,5.374648883333333,1072.0625274709848,1071.1108093863077,1070.0178448703525,1069.1236864527646,1069.0718096386615,1068.0834016685105,1066.8462750584085,1065.7140902332967,1065.5773941447833,1065.5544623723374,1065.2504550965857,1065.4853061861213,95.60186931599902,89.98221570654852,84.98491169568669,81.77031831492734,79.4545260389829,78.86544552165773,79.31138128533425,81.56299188093263,86.36420139676405,93.6874840827473,103.67868388156255,112.94485426201383,23.184858010716326,270.0,0.553150505507795,1.9379034399763317
2022-05-13 14:00:00-07:00,937.1780833333332,136.57456666666667,0.2309495989172151,13.5,863.8194426336535,13.388735274699862,39.104731149972864,248.46195358665454,0.0,489.80770659816756,1101.37247758051,1.0,489.80770659816756,201.9044262550976,1.5927040875959584,23.541116611111114,4.450111895,1065.4795318013876,1065.5270190865667,1065.8763787153434,1065.500678750536,1065.8032736501182,1065.5028671230052,1065.8919311321442,1069.419525545247,1072.1790806175168,1074.892905422353,1077.9719708648813,1080.5759555976874,103.90591677834941,92.8951968915658,83.06922202073885,75.26427552201811,69.54609261450967,65.51254989079166,65.25510062429139,66.71285117545277,68.34565423563764,71.54920989048296,74.78295736279516,78.51136680466794,37.09144770000131,269.9999987925817,0.4484555354860955,2.0594688988841647
2022-05-13 15:00:00-07:00,828.2193000000001,253.99588333333332,0.2472985712210361,14.5,783.8882709313577,6.782431197058209,50.22330126094834,261.1605367428497,0.0,388.0620374706293,1161.402179575216,1.0,388.0620374706293,204.96591883449426,1.988403912841859,23.87985677777778,2.966984216666667,1097.3134578185882,1098.7522033553582,1100.1626863988429,1100.318873531983,1102.2161264137135,1103.6979413558633,1103.9681173404733,1105.346879576685,1109.3056030026928,1117.5848809896052,1121.4730759790928,1125.3106672232923,105.37537834576219,96.3872301872673,88.55101161966402,80.99831397158016,76.87804649192498,72.37255712882471,69.95285108059886,70.69763839628816,72.95414332716368,76.65519611987023,80.15015136327541,84.09604000133464,49.886323681670376,269.99999914622634,0.367616185555215,2.212836661454328
2022-05-13 16:00:00-07:00,863.6126166666667,146.6266666666667,0.2694264975712436,15.5,555.8765579234224,11.762794796515937,61.713461812339894,271.30576899153914,0.0,190.8447072510918,1085.7636849675841,1.0,190.8447072510918,156.7074532518285,2.747676412710242,23.87678305555556,2.44607719,1056.6222522026012,1053.1427238838519,1049.5998559069992,1042.3225652016858,1038.881434203997,1038.007542005812,1037.53128901213,1036.275647501664,1034.9458586314315,1034.5384686363461,1033.3369141704422,1032.0976028077876,59.62209570040501,58.12656912758838,57.15348006026632,55.994256613081724,56.3209238500741,57.37012186073669,60.9131862803295,66.6446233316639,71.39257020397355,77.5373470070429,82.80083766956604,87.78238454429648,50.0,270.0,0.366977778440511,2.214355247456318
2022-05-13 17:00:00-07:00,404.0794528333333,159.916055,0.276508270184754,16.5,276.92323263159614,34.17477403886509,73.16809819963242,280.4454342770686,0.0,79.42778434787309,571.61524863898,1.0,79.42778434787309,84.47511091492578,2.857142857142857,22.40262427777777,3.9871368,557.2194842886881,556.1440492097955,555.0512292914068,553.8479499739751,552.7223765686468,550.8583375391635,550.2365386195245,548.8329688484635,548.1960259331797,546.7333398184775,545.9377484977214,544.558812835623,30.13976556286398,28.41758228866317,27.860707339800264,27.18571471375906,26.044666640256754,24.949077015341246,23.796679730177615,23.203644525563828,22.631916035642718,22.598102977237208,22.20706165962052,21.984921144848062,40.04874224962173,270.0,0.4282804696104668,2.0916455187648895
2022-05-13 18:00:00-07:00,93.72599211666667,60.92850166666666,0.2617188176165237,17.5,70.24652816915774,73.49788698280078,84.2943575311695,289.4811454740929,0.0,31.34585213021467,110.32648731787398,1.0,31.34585213021467,18.573031574512935,2.857142857142857,20.757253,5.38906775,95.67887572664671,95.70049957674772,95.70071252851037,95.63332242808896,95.65485387863544,95.58801168591728,95.60920453184163,95.53043013629586,95.55217970618006,95.47526986867555,95.49638200329714,95.42712960256112,7.457433166206052,7.315060669615762,7.186933163385055,7.028620841271262,6.9282116052316045,6.8533761531098865,6.806449683611095,6.768236547661681,6.789770877679785,6.864772466248209,6.971071887729906,7.107989022728919,11.474876191294102,270.0,0.6505308875191458,1.8771308252528989
2022-05-13 19:00:00-07:00,0.0731070666666666,1.2871911833333334,0.99,18.5,1.2871990807237725,89.98231606661855,89.99381062374894,294.48972058774706,0.0,0.8229938008417581,1.2872137316684071,1.0,0.8229938008417581,1.5626614226187934e-08,2.857142857142857,18.997285166666664,3.401637116666667,1.216930388283169,1.216930388283169,1.216930388283169,1.216930388283169,1.216930388283169,1.216930388283169,1.216930388283169,1.216930388283169,1.216930388283169,1.216930388283169,1.216930388283169,1.216930388283169,0.7181407018259816,0.702509215037489,0.689120197050164,0.6785215996295424,0.6711600928596017,0.6673499757135757,0.6672570996807119,0.6708907108799194,0.6780995969355835,0.6885824427790446,0.7019004859074642,0.7175078267362593,0.012630885503693194,270.0,0.7498897747311518,1.8571428814420772
2022-05-14 04:00:00-07:00,0.58293785,2.8513295166666666,0.2291172398767365,3.5,2.853565641903346,89.3720325207876,89.78021524467307,65.57132952883148,0.0,1.823259909359025,2.8576748028702275,1.0,1.823259909359025,4.364211289300246e-05,2.857142857142857,10.99999402222222,1.8165865066666669,2.69608596145527,2.69608596145527,2.69608596145527,2.69608596145527,2.69608596145527,2.69608596145527,2.69608596145527,2.69608596145527,2.696098460434579,2.696098460434579,2.696098460434579,2.696098460434579,0.3678606101615767,0.35983690975857174,0.3530049211163444,0.34764195118041336,0.3437606145567262,0.3420644984507314,0.34227782053193145,0.3443834856673762,0.34828520003292485,0.35381182272462397,0.36072874808972827,0.36875124380069907,0.4483195723711153,90.0,0.7460877136025263,1.8571734695811295
2022-05-14 05:00:00-07:00,439.4245683333333,45.501513333333335,0.2621508482300715,4.5,97.81612380226275,70.11397994772108,83.1625749320853,71.32672175349946,1.4765966227514561e-15,23.3521243960319,214.22329697182,1.0,23.3521243960319,27.44983553053811,2.857142857142857,11.664309833333332,1.98562608,185.2774174724962,185.35822742730937,185.7482213432816,186.11112115014683,186.10353656751917,186.44065749695233,186.44373255716474,186.7437266516004,186.72005759309295,187.02724671529913,186.97818427815352,187.2793973425983,5.5733432237058524,5.5576620549932,5.475872366242578,5.438737483661635,5.493398742677827,5.617477027148432,5.657168660215064,5.716240571633087,5.9997014154746,6.0881082271095135,6.187977386065482,6.5185114237273085,13.810635293975853,90.0,0.6306431418579286,1.8860528707575512
2022-05-14 06:00:00-07:00,679.5767166666667,73.92627166666666,0.2630960134353551,5.5,284.10348809113196,27.91444858317725,71.98435598347517,80.31707708416894,0.0,30.207143736464978,745.3313339947144,1.0,30.207143736464978,81.55103104718265,2.857142857142857,15.851093777777775,1.1850755716666663,716.2866418817633,716.9016703086875,717.4533371202657,718.0414148281365,718.3153642254073,718.8857806801509,719.1402089321148,719.7273593944286,723.9902766655725,726.3824122795186,728.5153186431681,730.6093684485176,8.641882379230418,8.763795723125735,8.943966983226588,9.14419215746519,9.390916535472366,9.43677808735434,9.710629920742585,11.555210907672516,13.464638742444457,15.3890020014043,17.73858468410206,19.773574687334875,45.27177852819275,90.0,0.3947735373731126,2.153398129987936
2022-05-14 07:00:00-07:00,887.1426666666666,78.71943166666667,0.2569577052479265,6.5,515.527812409296,10.511772572816813,60.503084612014284,89.47813830544777,0.0,170.0522987542975,1022.7113047096198,1.0,170.0522987542975,132.27180872585933,2.645566111309617,18.9678425,2.115048255,980.2618821070804,980.8500095475597,981.3896708034156,981.513673090207,982.1950677730194,982.8234675268733,982.9639421852602,983.2330229445439,986.0752447250904,992.1520624986673,995.1105557597571,998.012946765307,76.35841362984686,70.52883443033622,64.73468522797106,58.137170746775524,53.17019012414219,47.24234338103863,43.596422196649264,42.239856414316094,41.6380043388682,42.45265068378239,43.11637375235036,44.286172620973964,50.0,90.0,0.366977778440511,2.214355247456318
2022-05-14 08:00:00-07:00,901.8392166666667,93.338805,0.242644128951499,7.5,684.8397582458019,7.342679612822167,49.013367209514335,99.74752454909242,0.0,333.35773620203963,1043.367206908688,1.0,333.35773620203963,162.97758365351052,1.937454154351627,20.771102,1.360378695,1001.7388610897455,1001.8252526792955,1001.7987662345608,1001.2390554817118,1001.7835800471485,1001.6890916799747,1001.7857641727179,1001.5500597793729,1005.0094547589277,1010.6564886315266,1013.4558629851192,1016.3557195455692,86.12694831968001,75.7264341080118,67.69608680947985,60.93619140777171,55.00511318793352,51.19418020702281,47.386400069156714,47.675077816658536,48.85095555471271,51.245280635736115,53.81960592714738,56.83507941820688,48.600450523395274,90.0,0.3749418652102102,2.1958368900504563
2022-05-14 09:00:00-07:00,901.6766833333334,133.43759,0.2289388407892116,8.5,844.5556238638488,13.76775022052082,37.9393620584511,112.77288398333138,0.0,486.5228109842497,1058.461559147679,1.0,486.5228109842497,196.36758499445014,1.5608742766880228,21.59653511111111,1.78477017,1024.7548041575626,1024.925313291135,1025.2010352661464,1025.3216033793285,1025.3378337676452,1025.321804677784,1025.2953957093418,1028.7592941933483,1031.6204759712828,1034.173661015682,1037.0477110668492,1042.4703824046892,102.99766398086491,92.38505993878532,82.70101807546733,74.99219478987415,68.49561822614058,66.38974013042125,64.83301719553072,65.71383527570548,68.0527085449231,70.68366259091883,73.85009717700672,77.52434739002808,35.70901275070472,90.00000120741828,0.45816552667967564,2.045151132599192
2022-05-14 10:00:00-07:00,976.0539833333332,107.434835,0.2184709041481127,9.5,967.9973670589504,18.367316307958546,28.154900560141343,131.89776858781312,0.0,602.0919766037798,1050.0074319475245,1.0,602.0919766037798,212.01150815100578,1.3014801578075066,22.54985888888889,2.401886756666667,1034.9284725117507,1035.0525545674939,1034.9835756158302,1035.1927094274322,1035.029717466974,1036.4405150339378,1037.4309780584676,1038.5714648527141,1039.5491651871832,1039.51551860152,1040.6195383679649,1041.411647757352,113.42769188493364,102.61570358815155,93.95589326083535,86.95215382194738,81.41298709463099,78.71812731507106,77.46297373558455,78.50418573817495,80.43866705263687,83.7249967610587,88.31500587707028,93.73679146004437,21.720175008245914,90.00000085377364,0.5649630495981308,1.9281405385537673
2022-05-14 11:00:00-07:00,960.6710166666668,123.19799833333332,0.2132161581252372,10.5,1015.272595751287,20.726368396887434,21.783102875516562,162.49316188706098,0.0,659.5236859063456,1024.494093332583,1.0,659.5236859063456,217.6305746349369,1.090188012116022,23.50792733333333,1.991041691666667,1019.730979165382,1019.7293471187327,1019.5947778403286,1019.9352487846858,1019.9373094661136,1019.8204772343495,1020.1592004425793,1020.158129732465,1020.1122773957047,1019.9520765090664,1020.2914567565089,1020.2910976313673,114.55477323094422,105.62903486074573,97.92767766820822,91.30598090756067,87.22409908753725,84.96427986640659,84.66456128251737,86.3352853410978,89.81317388484156,94.7422204477684,101.38334730281763,108.4741154889612,6.85499416041388,90.0,0.6903215045614406,1.8642914539969688
2022-05-14 12:00:00-07:00,949.5333,158.48843333333335,0.2141031809346147,11.5,1037.9814362640584,20.593244352650313,22.14435016534709,201.07359158572928,0.0,664.5988918858403,1050.90050198272,1.0,664.5988918858403,223.30308094305627,1.109803036237762,24.28184583333333,2.9534594983333333,1045.4367837120774,1045.5967336172505,1045.2781025551312,1045.2767554177897,1045.4002675595418,1045.0288489156521,1045.0313510903834,1045.1108089374366,1044.8116807979893,1044.804815559264,1044.4632040511722,1044.4669764169275,108.77608253261093,101.83095283605911,95.46761292135285,90.53697296996806,86.97039057464092,85.26405520179806,85.36526538037968,87.49374149067614,92.12447090833699,98.27310539114187,105.96853816493743,115.9087979271016,8.324964565968623,270.0,0.6776063313009781,1.867680060000294
2022-05-14 13:00:00-07:00,482.6337245,272.4899,0.2229783778868785,12.5,694.6854960837909,17.982713455804333,28.98172033853543,230.41863007076486,0.0,434.98386204872736,760.6398379516867,1.0,434.98386204872736,165.99307778034728,1.3236773117664593,24.50504661111111,2.3705106083333334,750.5943536666433,748.62316402712,746.3625730247319,744.1748614962504,744.1473275089119,741.6214347422535,739.2291249232672,736.4532688539589,736.2670069212012,736.0912051437697,735.1043205238957,734.9370863178925,79.11065496418068,73.95902335551672,69.95473287267208,67.0996307798749,64.08021641383401,63.72280736357076,62.62323213230822,64.64245840018337,66.27607144486757,70.72931154566353,77.18882464400114,83.0550709312739,23.117439386262134,270.0,0.553691465586639,1.9374408199232407
2022-05-14 14:00:00-07:00,439.13703833333335,339.92175000000003,0.2333521370191379,13.5,681.4506311969217,13.169266366883246,38.94703869929303,248.75006465322892,0.0,400.8546878631698,825.6103656589303,1.0,400.8546878631698,176.18056131571436,1.5903329562328885,25.06300205555556,2.2077612,804.3433111581577,800.7075885898564,797.1716256352302,793.9181166376611,790.5983701972584,786.6513651722579,784.9139853786165,784.3966326529289,782.6334386126496,782.128401959818,780.250557682018,779.1853364458134,81.33895677513527,78.26159323533533,74.70541081994243,71.15213923263028,68.65282140625978,66.21484105481697,64.99259612884427,67.42683708226555,70.43793297982403,74.90718737752961,81.27679853475777,89.0099095754561,36.99071692184061,270.0,0.4491571899471091,2.0584098513405924
2022-05-14 15:00:00-07:00,495.4109808333333,312.49035,0.2454296495588409,14.5,630.4068920095024,6.576900797788769,50.0795923075936,261.411150132178,0.0,334.1467187599465,872.2779897569576,1.0,334.1467187599465,171.97204311801605,1.9833008991378198,26.137279,1.5405167666666666,842.9873729295983,839.1633712003733,836.449983115832,830.1352545895979,827.3638518841008,825.1663616676518,824.3995650871391,822.122902649622,821.5548017197648,819.3873129379895,817.1161761575408,814.7937323637586,80.22520546178364,77.40887109070928,74.8835928042621,72.7315761986825,69.36300216378551,68.79352214883018,69.84018598542006,72.29950707425205,74.51563902663962,80.13582433388952,84.98476690448007,91.72580313816184,49.761259997077275,270.0,0.36832028303663483,2.2111688834913936
2022-05-14 16:00:00-07:00,261.8517961666667,256.75261666666665,0.2561321229827199,15.5,381.40495806099926,11.640907869391762,61.57281146025155,271.52665429136044,0.0,181.6804054155752,575.2031597907494,1.0,181.6804054155752,113.5515437555895,2.735150788398399,25.957755388888888,1.6234475666666666,554.2591971465682,553.1473807724875,552.0135568439346,549.5379504161001,548.4502721630013,546.1091662999098,545.0139473427242,542.4852146141678,539.8704250386776,538.7494436216105,536.1347996364707,533.4733267072115,58.648595854293646,58.28160694389062,58.09561478099077,57.72378491939734,58.007543147243226,58.56013325003876,59.04040059134799,60.433731030194465,61.40525976962308,63.12795465175951,64.5194137755068,65.98543615407563,50.0,270.0,0.366977778440511,2.214355247456318
2022-05-14 17:00:00-07:00,184.86078383333333,152.87438333333333,0.2657355558843888,16.5,206.8510111769441,33.46283264924564,73.02315067773422,280.6449761153782,6.217248937900872e-16,79.5165326369899,365.29688181111715,1.0,79.5165326369899,62.310217211782245,2.857142857142857,24.916349722222225,2.36443224,354.85608900090153,354.23307984122334,353.013350045145,352.4560940416173,351.8972814921701,351.32755581412584,349.8593685342379,349.1955941214263,347.7722956992829,346.28154522021475,345.5951983868216,344.0667656357253,26.999454018880222,26.410394337277303,25.75649153497135,25.15427880581261,24.526696936963553,23.85821640123529,23.72190787434488,23.056411573048475,22.47401117764998,21.961773991795553,21.632031881963854,21.841222381202687,40.69242619624944,270.0,0.42400090899297116,2.0989223281076934
2022-05-14 18:00:00-07:00,110.94042495,50.99578183333333,0.2629033813229299,17.5,62.32347118070862,73.03834697373333,84.13954045137733,289.6647980247326,0.0,26.480515845000962,102.2361826121994,1.0,26.480515845000962,17.03271668831482,2.857142857142857,23.611969,1.590796175,87.9507882121876,88.09727506178244,88.23923805630263,88.23911781315931,88.36191980638301,88.36186232992293,88.47986774722945,88.48003169790114,88.58024606517321,88.58010457594986,88.60193162869703,88.67424389311094,6.1045217907116145,5.988227089475735,5.889965059047988,5.8493173483399055,5.872443102850917,5.885548135469263,5.923661858108064,6.003602046355152,6.146630477915581,6.250430806692181,6.375127285521288,6.563952423184576,11.81409536575837,269.9999979086902,0.6476315713260968,1.878325806186273
2022-05-15 04:00:00-07:00,15.2495482,3.992662416666666,0.2353911825720557,3.5,4.093354335972701,88.91901915757983,89.62167640284179,65.39488758680568,0.0,2.5533352658287303,4.280172009410035,1.0,2.5533352658287303,0.00018160438990659549,2.857142857142857,12.617385777777775,1.1623624083333333,3.8055062299160376,3.8055062299160376,3.8055062299160376,3.8055062299160376,3.8055062299160376,3.8055062299160376,3.8055062299160376,3.8055062299160376,3.8055062299160376,3.8055062299160376,3.8055062299160376,3.8055062299160376,0.5283242838238931,0.5168781384234694,0.5071963644669386,0.499668079314208,0.4945965937399163,0.49218303671958674,0.4925126656221032,0.49555286184409714,0.5011596374892469,0.5090816944355895,0.5189800535985349,0.5304444133793286,0.772841733542694,90.0,0.7432558880883392,1.8572338273716025
2022-05-15 05:00:00-07:00,422.5192833333333,51.43332166666666,0.2637568836732454,4.5,102.83458872335467,69.66041325001136,83.01241625718264,71.1419283575417,0.0,27.556520037087807,216.4679020743285,1.0,27.556520037087807,28.9771496379978,2.857142857142857,13.816111055555556,1.88917113,188.7624170809294,188.86790101909327,189.24872349742884,189.24823207365017,189.61278885493726,189.94190336987037,189.94182741647924,190.25236020775736,190.2441963234505,190.529027725941,190.529381932263,190.78769543210007,6.554148526690952,6.505485975759063,6.424230416191001,6.370408394999231,6.454883174319392,6.554638212426927,6.607293697285292,6.796446387256173,6.974566799583445,7.08009564918531,7.342157136014132,7.54598439299394,14.149971240886856,90.00000256132094,0.6277695973977531,1.8874836826290642
2022-05-15 06:00:00-07:00,598.82705,99.334445,0.2644546162650068,5.5,285.93313923528683,27.088315291853846,71.8438981506938,80.11645661443629,0.0,45.41799965296215,706.8672791838286,1.0,45.41799965296215,86.2222732885964,2.857142857142857,18.159816222222226,3.0292902666666666,673.6989142770065,674.6319879447111,675.5459926647152,676.435422071198,676.8508182921646,677.7158208133964,678.5551141918148,678.9312061240813,681.4293647054612,686.4320474700377,688.8132966867636,691.1518109673673,13.274290354677886,13.468168446717193,13.749014265487496,13.746975081597139,14.120121377827909,14.54211916271849,14.918984857655248,17.005265508508238,19.17104624865374,21.33881705951889,23.54168256647794,25.77814945262121,46.06260150311143,90.0,0.3899508219068913,2.1632708535154537
2022-05-15 07:00:00-07:00,839.8602,143.71856666666665,0.2580778224461391,6.5,558.9854420660773,10.384532783692316,60.36666775712223,89.25584237757721,0.0,203.80883865773293,1062.1878747459768,1.0,203.80883865773293,151.92316827878938,2.6344005361597755,19.408832166666667,3.13862555,1009.53985166158,1010.7313871179357,1011.8553263192861,1012.2425707257362,1013.4918780012973,1014.6869955126934,1015.0550132531314,1015.8722468957096,1019.4220327127135,1026.9211136530341,1030.555164992441,1034.1252259560188,85.99578614670217,80.18587836314582,74.50551711158083,68.00571150526788,63.261481914618,57.54858168578836,54.102433358648575,53.33946375865339,53.35029317876942,54.849211439863296,56.1615834958559,57.982975563031864,50.0,90.0,0.366977778440511,2.214355247456318
2022-05-15 08:00:00-07:00,870.3283666666666,145.39215000000002,0.2444069977170731,7.5,717.8280580844664,7.137790271199653,48.873473100851506,99.49478671957716,0.0,353.1793470063985,1083.9823826148945,1.0,353.1793470063985,179.35413363315996,1.9329075095217334,17.273358555555554,3.48066135,1033.717032690946,1033.4992518892889,1033.7310531998216,1033.3982464655467,1034.2110196269227,1034.242509973327,1034.5850912734384,1034.4561935777579,1038.6466065748634,1046.6785384709815,1050.7399551069138,1054.4169198051802,92.21736531370746,82.8148384985649,73.40467784621141,66.20843902461951,60.46698182625928,56.68524060518144,52.87630213614095,53.98088556157572,55.982803318260096,59.4196129690083,62.926604595506014,67.47184107522706,48.48155625239481,90.0,0.3756288090682378,2.1942817513285724
2022-05-15 09:00:00-07:00,916.9647833333332,119.15708333333332,0.2295099409229683,8.5,843.8512729249393,13.549828237807914,37.784718557227045,112.48200636745378,0.0,487.3741225979567,1047.7258815096848,1.0,487.3741225979567,193.1728111945431,1.5587698462906276,18.31970661111111,2.557564536666667,1017.2798661863412,1017.615187140111,1018.0309898740323,1017.7736436098575,1018.689421344727,1018.4525828087585,1018.4821043644347,1020.7541659431436,1023.3800782801752,1025.2098439255738,1027.017712494855,1031.2731576171282,103.56240725198693,92.92799881128032,83.56150124186767,76.00570438262315,69.45012731930736,67.02541719306298,65.53285607159516,66.58019920596796,67.23294345824436,69.6949499611871,72.2491870019502,75.27811455275716,35.61527373564975,90.0,0.4588301482934317,2.044197305565939
2022-05-15 10:00:00-07:00,921.8483333333334,132.52118333333334,0.2193379790727451,9.5,946.702118251055,18.138278798409587,27.968585222125725,131.5899357171677,0.0,589.3663509949347,1025.113660281252,1.0,589.3663509949347,208.80150548067644,1.3005430180839463,19.43506894444444,2.74802339,1009.1670527875724,1009.3472825633285,1009.3303672639992,1009.8263681830412,1009.7090906613136,1010.935529991167,1011.9816644646252,1013.1712057773265,1014.1882764767528,1014.1953914250033,1015.3047066795842,1016.1398234238701,111.54331568076579,101.0857540673134,92.70475564599592,85.94159771563184,80.61763777941086,78.04395162095715,76.87002744739893,78.38093742481583,80.22527732152105,83.0880723077554,87.60271330506568,92.90026833553529,21.66037500605223,90.0,0.5654479533721176,1.927754795920937
2022-05-15 11:00:00-07:00,888.4330333333332,141.95298333333332,0.2135961444650808,10.5,968.252937297124,20.49120753370207,21.555140873670414,162.3303741492923,0.0,628.8946147051416,976.87074510553,1.0,628.8946147051416,207.9449523886623,1.0899507817955967,20.249918722222223,2.344472465,971.7335899047896,971.7320465271549,971.6136580754597,971.9358075698,971.9377644914866,971.8351273207537,972.1557103898563,972.1546995330651,972.1108967389207,971.9657273801265,972.2868882162456,972.2865504791073,109.52622943890444,101.07658965756346,93.7873785965698,87.52234365929579,83.66528661781153,81.53093199745234,81.25299816121208,82.8402105059213,86.14078950850758,90.81458751331098,97.11411987450063,103.83718069274939,6.83714876407139,90.0,0.6904761246605482,1.864254327116302
2022-05-15 12:00:00-07:00,754.7646666666666,201.6289,0.2142166909058601,11.5,901.8360100781656,20.359082783921213,21.918495143313876,201.25172890068163,0.0,577.4398672739333,915.2681102121481,1.0,577.4398672739333,196.46301375768212,1.1094401730154342,21.471822888888887,2.29641582,909.9101775212234,910.3128563196534,909.5648713501349,909.5639663420517,909.8938440240715,909.0999895686933,909.1021501357759,909.3507734755428,908.6196427936055,908.6137122215122,907.9809073075975,907.9841674996778,95.16806372820025,89.14634897041614,83.60011089489693,79.32658322014365,76.08611704326547,74.60324452358955,74.69179341123862,76.53818260149016,80.52718871637445,85.85535752961277,92.41441938552688,101.02793469142655,8.29787764682745,270.0,0.6778402265812766,1.8676117215030361
2022-05-15 13:00:00-07:00,734.8086000000001,290.97180000000003,0.2202478246894622,12.5,934.9079801707159,17.756478548873865,28.797006297754123,230.72038041773195,0.0,583.9225701707373,1023.6649522985381,1.0,583.9225701707373,215.2721022795094,1.3225831627656457,22.460351944444444,2.594333255,996.4190668591403,996.4837874217687,997.4957339838315,997.5895729994718,997.694989291554,1000.5456816113665,1002.9176249001865,1005.4945529925344,1005.5369293222607,1007.7049279947382,1010.0051003732858,1011.9549610397407,109.86888946224258,101.26470268735827,92.32896567389619,86.03057641790376,83.26118324924883,80.41664073794382,81.2480679093247,81.67842371791644,85.13846808713534,88.7587858380631,93.78752439905033,100.13490025291078,23.049433421245535,269.9999985212207,0.5542374137880726,1.9369754596773359
2022-05-15 14:00:00-07:00,905.10515,165.84425000000002,0.2286117057101579,13.5,871.3079468554619,12.95549348618145,38.79182720888404,249.03142738969035,0.0,496.0612018383102,1101.9769628164454,1.0,496.0612018383102,204.1081013039554,1.5879775986140183,23.30255605555556,2.901330933333333,1080.6490805486465,1077.5523059032134,1074.5847233172578,1071.6761967258697,1068.713473327628,1064.9586734357586,1064.369085434609,1064.5735486413646,1064.4792230463518,1064.3041369749744,1063.1763117426365,1063.3171058984929,81.11573666547632,76.77163984286926,74.05504443392148,71.31477018159202,68.81482112736292,67.10391332052401,67.12992548335363,71.08094277814082,76.54743266948894,84.09573567916836,94.78173594457176,105.78457618589478,36.89030202565659,270.0,0.44985756958279194,2.0573565820336843
2022-05-15 15:00:00-07:00,559.9424363333333,148.41796666666667,0.24145541798275,14.5,508.80752147621433,6.3770171037629515,49.93779319676335,261.65553192785745,0.0,248.67016479997778,783.2223588835168,1.0,248.67016479997778,134.95424428140132,1.9782688459170943,23.44639638888889,2.71920634,760.2501220132586,756.1382013856278,751.8066328007835,743.7747209458759,739.2626741694338,739.2712771978147,738.8378029873077,738.3259665347595,738.0329945094151,738.106931020271,737.7050236510765,737.2735956816489,55.069548538138136,51.0529874554156,47.3693418591927,43.618859449030026,40.40538154423656,38.83334829251482,41.33662494725058,43.91880319752714,47.70263334427223,52.25883707012252,58.05448413297918,65.19575354186198,49.637143260161864,270.0,0.3690208472046404,2.2095167763359456
2022-05-15 16:00:00-07:00,159.4520602833333,131.08534833333334,0.2417834960777969,15.5,207.33112745703107,11.52330545143345,61.433809759513665,271.74175572568316,0.0,97.11922740670904,325.7881056655675,1.0,97.11922740670904,64.1973369685452,2.7228567756341557,22.81055316666667,1.794698475,314.13039624896584,312.54332057310796,310.9293329426587,307.5571744612697,305.92653753752137,304.7395045318395,304.1842180774099,302.89494014095374,301.5617821154414,300.9892783136776,299.65944676681914,298.30308553094653,34.24825595058721,33.11055419263515,32.09080331983137,30.99457417229603,30.268277547415707,29.71104852631122,30.02111695098578,30.842293752577202,31.430192698847417,32.432037934591406,33.25517558906021,34.141203748935226,50.0,270.0,0.366977778440511,2.214355247456318
2022-05-15 17:00:00-07:00,316.2964351666667,103.35800166666668,0.2692194356887902,16.5,196.46836178357802,32.74599269834903,72.87982341037845,280.8390031092083,0.0,48.12337838459874,434.8052389180293,1.0,48.12337838459874,62.641118836367525,2.8571428571428568,22.82363922222222,2.4809835333333337,424.1988456311493,422.62725950456775,421.0237233654678,418.9574974899876,417.2666895633733,415.54550274450816,414.70852043003566,414.30409892578194,413.43040617891666,413.0104084590297,412.10258110024967,411.1688871282241,22.4105360884726,20.86292215176554,19.337530628288988,17.80315562780212,16.333546705025658,15.878542486538155,14.444720987865443,14.03812468490739,13.686279964161221,13.696913229361279,13.44485528527557,13.294152144591735,41.34696204723546,270.0,0.41969139295444213,2.1064199412501203
2022-05-15 18:00:00-07:00,278.09637666666663,41.14144833333333,0.2486601619717499,17.5,70.2755505357027,72.58312926243975,83.98651032654084,289.84304051741987,0.0,20.28790353351234,143.37463597603238,1.0,20.28790353351234,18.53548802778255,2.857142857142857,21.847059722222223,1.742394928333333,120.71566121729727,120.94242568753174,120.93712475622374,121.1456395879363,121.32254340220518,121.3316094656555,121.50517155822219,121.505234044084,121.68225537824486,121.66096857227188,121.65683246327977,121.79583526380056,4.518853965060873,4.424927232470329,4.41705622707046,4.408260302688996,4.397676950215851,4.407162863886558,4.435581392026821,4.588261400200812,4.650897035889904,4.727194115205931,4.892011819568028,5.014944136644302,12.151284618487667,269.9999987925817,0.6447531608185847,1.8795476385736964
2022-05-15 19:00:00-07:00,0.3263628333333333,1.5645955,0.99,18.5,1.565472988876911,89.55985090860368,89.84594915640803,294.99632266435714,1.3289369604762947e-14,1.0004314572346562,1.5670907384871853,1.0,1.0004314572346562,1.1872360581962366e-05,2.857142857142857,19.68056705555556,1.6010556316666666,1.4793060001917697,1.4793060001917697,1.4793060001917697,1.4793060001917697,1.4793060001917697,1.4793060001917697,1.4793060001917697,1.4793060001917697,1.4793060001917697,1.4793060001917697,1.4793060001917697,1.4793060001917697,0.8728167075349305,0.8539317133208557,0.8377335400060003,0.8248902701609232,0.81594770557738,0.8112964014577337,0.8111473586127519,0.8155226192182068,0.8242507896954677,0.8369745433914075,0.8531700968804456,0.87217787052844,0.3156657605990576,270.0,0.7472453105066904,1.857158033886433
2022-05-16 04:00:00-07:00,18.17532358333333,4.2287135000000005,0.2473930534447245,3.5,4.341994442627487,88.97964276363814,89.64289153340884,65.06181375606718,0.0,2.704254030333753,4.5522010424185355,1.0,2.704254030333753,0.00017229288682043016,2.857142857142857,11.256174427777776,1.2570475983333331,4.030691329969592,4.030691329969592,4.030691329969592,4.030691329969592,4.030691329969592,4.030691329969592,4.030691329969592,4.030691329969592,4.030691329969592,4.030691329969592,4.030691329969592,4.030691329969592,0.5880839777623781,0.5753462283570029,0.5645696829516822,0.5561881150732061,0.5505398241122427,0.5478493721408274,0.5482131474828128,0.5515956398969161,0.5578377719567225,0.5666601333543141,0.5776853975006808,0.5904577083321492,0.7314557321459632,90.0,0.7436170179557088,1.8572243453825794
2022-05-16 05:00:00-07:00,245.19490833333333,66.08549333333333,0.2627705734575161,4.5,96.5302343502332,69.22135659551193,82.86743471247433,70.95973569762123,0.0,33.942467800886,178.98879779707113,1.0,33.942467800886,26.33388551163991,2.857142857142857,11.82612638888889,0.48246511,158.55105613714989,158.68918467962234,158.9201198474432,159.02099001461764,159.2230885560673,159.31495274163848,159.39910680596213,159.50097420707377,159.57054337430205,159.66386298452187,159.71909067538644,159.82140366468832,7.820419139088148,7.706495686580027,7.590969438605159,7.610767136240972,7.588434855786028,7.646612816189036,7.7055223354592135,7.8798807122372905,8.020982934701125,8.24536792405912,8.390938352912203,8.562373457929564,14.480266982695266,90.0,0.6249767233820378,1.888909041778596
2022-05-16 06:00:00-07:00,142.89639916666667,141.07871666666668,0.2561729245447396,5.5,185.92672288942057,26.270593412961254,71.70860879831895,79.91863250822774,0.0,76.07386893494977,314.78297102385545,1.0,76.07386893494977,57.88945669384456,2.857142857142857,14.4747375,0.5517038416666666,292.5196928406311,293.2361295125457,294.78507313558504,296.2908053312508,297.7944682054515,298.4594443143887,299.88325087971117,300.526934324525,301.9532589816315,302.659527482848,303.3179578906117,304.75022313016643,22.296298309291807,22.06070524341588,22.53632123977102,23.115273203304948,23.693425740219677,24.406861901283488,25.037810417519555,25.75332303081107,26.41756857131808,27.079654353510385,27.73642456878144,28.45127550756327,46.85851775420671,90.00000085377364,0.38516630306270705,2.173340623806149
2022-05-16 07:00:00-07:00,225.86524405,228.7355,0.254932720488169,6.5,340.86311537569793,10.265792358911673,60.23552024396611,89.0364789387533,0.0,167.70212347403145,496.0287892142226,1.0,167.70212347403145,102.72426046860191,2.6237228454014256,16.634165055555556,1.053826965,457.3970716993662,459.85261844231627,462.257572166847,463.2943516879644,465.6938620687662,468.01901493663047,468.9994148843992,471.15851258010247,472.2943259358092,474.850805207616,476.01720643009196,477.16204308231244,59.1422613058766,57.482902906974424,56.06863657544857,54.40906693111652,53.58815670293088,52.421980004228665,52.103223834910544,51.871532603570216,51.909251152101795,52.52217955224919,52.96937937095686,53.57650748176887,50.0,90.0,0.366977778440511,2.214355247456318
2022-05-16 08:00:00-07:00,480.8914783333333,256.77868333333333,0.2472321099192491,7.5,573.9213293807588,6.9363654280259786,48.73908640131488,99.24494003774147,0.0,304.2823086746906,811.6116192543419,1.0,304.2823086746906,159.89434202676512,1.9285675130526276,19.616088,1.2758009933333334,758.0252225197289,759.5432978889298,759.3462304479864,760.7741519459336,762.5631524722734,763.1169137516639,764.5271310542712,764.977016117727,769.6618049213525,776.736216194289,781.6177499839283,785.2614448307123,81.06527427782619,74.98973607136,68.3268864853767,64.16406703413531,60.79583516798848,58.85612352645176,56.81810587006382,58.75369279350414,61.18583327804686,64.2761564478282,69.25407532228022,73.10617571739405,48.36740843112484,90.0,0.3762898458666628,2.1927913817997604
2022-05-16 09:00:00-07:00,539.3513066666667,310.0525,0.2367952965419399,8.5,737.1682717573749,13.335920148164817,37.63597035935529,112.19333241200093,0.0,435.2869094208397,891.4378306829987,1.0,435.2869094208397,189.03908480360602,1.556770715096104,23.06123,1.58505316,846.6172281410454,848.0651971765212,849.5695957077567,849.8826249555414,851.7806820775268,852.0832491842269,852.6070915696948,856.9995087705502,860.6860724418184,863.8697239854312,866.9925352986686,873.4488141695474,93.87116208467747,85.37635520344809,78.50048093869275,73.26652469810959,69.4448047968941,68.63235326270332,68.41511433849126,71.27527270022415,73.25156617155751,77.06347962000449,80.96707520573806,85.22416799769096,35.52595129698405,90.0,0.4594641809924857,2.043290443314323
2022-05-16 10:00:00-07:00,637.2812333333334,341.6085166666666,0.2293137683093192,9.5,905.3947876014099,17.91385474744432,27.788544035554036,131.2816003708109,0.0,574.3231055975283,977.5288738508618,1.0,574.3231055975283,217.32810562991946,1.2996663788558056,25.3822165,2.4192225183333336,949.7930281519751,950.2983376386547,951.1311151891708,951.6661629946865,951.8235494188285,954.5058156592831,956.4557402894326,958.8875250026957,961.0698187711309,961.1170861497575,963.3063307734448,965.1955593910793,113.57748193751029,104.22232977429853,96.65826096931873,91.18324989595685,86.81812329657686,85.30325684706831,85.34894500648717,87.14085679593946,89.56263414369288,93.32125763925572,97.94555658750944,103.63878981056075,21.604376528445172,90.0,0.5659022137847116,1.9273944930988436
2022-05-16 11:00:00-07:00,53.06138406666666,393.79255,0.2430483431204437,10.5,443.2182415556614,20.261203067869975,21.333073978108544,162.16207813472647,0.0,286.0298545900524,443.31861727617047,1.0,286.0298545900524,107.90457794408833,1.0897515462083889,26.378204888888888,1.8372775816666664,427.89395334169694,427.8934473714543,428.11791887115317,428.03253916037494,428.03313992672497,428.25973464056494,428.1739069333158,428.1735972700685,428.15114791355575,428.35087301004313,428.26513024345303,428.26507338822347,58.942925739925506,56.460859230892666,54.37727126646892,52.64176461889885,51.67386367607544,51.20537319499439,51.296477718636375,51.954940482519575,53.10781064243138,54.65453478145649,56.719313500560574,58.85367668528901,6.822158712244531,90.00000409455455,0.6906060093040581,1.864223215139114
2022-05-16 12:00:00-07:00,0.7356044166666666,206.3972,0.2512474134336274,11.5,207.08068687079893,20.130462236236564,21.697293433767868,201.42338689544468,0.0,133.29274858688677,204.82248554022004,1.0,133.29274858688677,51.093538309446366,1.1090546195616664,25.562829388888886,2.755222031666667,195.01385684229277,194.69408771954897,195.03247732573882,195.04630271211812,194.73076639205672,195.06972015553725,195.06998175241975,194.75833678686166,195.11495134213305,195.1143329516849,195.14522856940093,195.14564409421004,29.462824340291814,28.798001292322553,28.172528460260818,27.63992442367518,27.229126065325385,26.936938552214784,26.79905408808863,26.83293209372822,27.09792358867435,27.4915673595671,28.043052467238414,28.81622021654943,8.26909228264228,270.0,0.6780888055927876,1.8675393403363978
2022-05-16 13:00:00-07:00,2.288812333333333,174.52182,0.2415864697164461,12.5,176.53105751042636,17.535972061964355,28.615723742567674,231.0150386032117,0.0,115.97570579741397,168.38734623997382,1.0,115.97570579741397,43.464996692303174,1.3214812811828294,25.265673222222222,1.1904240966666668,160.125776761816,160.28008012896422,160.39108212341375,161.14044479522923,160.5622669850094,160.67479566795296,160.86591166793866,160.9902100250805,160.41208382307644,159.7524570673921,159.1217283006453,157.75168103457437,25.436610930098308,25.15029753937019,24.829946349505423,24.42971461181001,24.198808669492696,23.882432245002956,23.76172091150841,23.63965274103669,23.778053235885835,23.87718679114358,24.245433705582744,24.86785801692309,22.98085623585555,270.0,0.5547882269879477,1.9365075033192252
2022-05-16 14:00:00-07:00,0.7091691333333333,159.28808333333333,0.2434062513272146,13.5,159.8420115626095,12.747476536746069,38.639088208496325,249.30586092962793,0.0,106.97523073550036,143.9894237055572,1.0,106.97523073550036,44.22397943817573,1.5856383575018294,24.10206883333333,2.140246621666667,136.49851114479793,136.70372088910742,137.01739424034753,136.4707577794476,136.70262132627667,137.03901963177452,136.2530318237843,134.554949671155,133.73819720376775,131.82380829221768,130.94943572860572,129.07381559829358,26.711398803522727,26.838285780672074,26.87882003817536,27.50365547478018,27.49624601423943,27.493556092013765,27.464625611473362,26.75104963757326,26.652413325172212,26.21734093235997,25.888989001030613,26.254133364369007,36.7902237782742,270.0,0.45055651840073574,2.056309288096926
2022-05-16 15:00:00-07:00,4.400009,246.55295,0.2461705469652934,14.5,249.39309250721632,6.182836364300075,49.79790515592196,261.8935617728903,0.0,164.89840033683635,225.3937829574752,1.0,164.89840033683635,78.47591039597118,1.9733078836445945,23.64173388888889,2.271728506666667,211.91090993520623,212.47529286063335,211.24930985422523,213.76766298971643,212.80037307177187,211.46040744477898,208.5398478863493,207.19218626003916,204.1279620459684,201.0488404401109,198.18795922859445,195.00054841499048,51.58177599113065,52.05311289231397,51.33011016520093,51.74819721907043,52.157899973520564,52.45680961026924,51.38794197722737,50.146620358140325,49.18925262399157,48.306511300381764,48.89800136008921,48.537871543542664,49.5140029249139,270.0,0.36971766693122227,2.207880669253351
2022-05-16 16:00:00-07:00,2.967448033333333,191.02855,0.2490680206085867,15.5,192.45374857919626,11.409833413013871,61.29647121626638,271.95098564726186,0.0,124.20615841482478,181.54696842360522,1.0,124.20615841482478,61.11852989121314,2.710792998166428,23.1641665,1.975212245,170.2696396508287,170.7895043145595,171.3158187767649,172.22838869991693,172.77964564757457,170.48460979537703,169.4374648862784,167.08722891560745,164.67011811367934,163.56418614216042,161.09382871781366,158.5858417351806,39.85868379475711,40.37890263679785,40.882118565417116,41.2499926884011,41.73598917279832,42.223899940430286,41.2990229621148,40.50498596323686,39.64298794445151,39.05706133443429,38.46446639290396,38.0786876931396,50.0,270.0,0.366977778440511,2.214355247456318
2022-05-16 17:00:00-07:00,177.10608261666667,143.35758333333334,0.2681939200900895,16.5,195.9118961606821,32.02397944729498,72.73814474380848,281.02744806945293,0.0,75.99069255192664,344.2370609232461,1.0,75.99069255192664,60.1725472276054,2.857142857142857,23.064091277777777,1.4982101133333332,333.6727394461967,333.1107314484604,332.4446593824059,331.8670009723353,330.59653167546765,330.0007249389382,329.39288275346325,327.90947788781136,326.5043743243138,325.83282550442425,324.38156807737846,322.88798973277324,26.44266155186963,25.851000610293525,25.25058525397767,24.5899198779847,23.986445167937728,23.88665336966497,23.180469126578632,22.52153088885285,22.01336309759905,21.49863456374178,21.546205865385694,21.287324107830717,42.01295609376832,270.0,0.41535068300785427,2.1141493588222047
2022-05-16 18:00:00-07:00,117.64356936666668,62.39058666666666,0.2674073893147931,17.5,75.02393902292596,72.13236109300928,83.83530907435613,290.0158217686495,3.885780586188046e-16,32.42163849498211,120.99564016650004,1.0,32.42163849498211,20.309165485620976,2.857142857142857,22.571068611111112,1.4383434383333331,106.18219615586062,106.209220550035,106.20922783259962,106.13350834500312,106.15409934642872,106.08013501376286,106.10004954976787,106.0112812918396,105.93719850089565,105.967378948413,105.86582089873903,105.77811779289263,7.924496260854827,7.77781354002958,7.638526100541683,7.466945722468055,7.358597102973451,7.280132246989528,7.225017355698202,7.176680805545834,7.194665307525949,7.273429351473188,7.378758141223448,7.488267614920483,12.486310648364613,270.0,0.6418968265184812,1.8807951652149772
2022-05-16 19:00:00-07:00,0.1988192833333333,1.6166327333333332,0.2426480018189794,18.5,1.617113623289984,89.60404576169222,89.86141690418685,295.3210598917646,0.0,1.033696618332644,1.617996723112873,1.0,1.033696618332644,9.980381389209062e-06,2.857142857142857,20.23711622222222,1.050880815,1.5284454777741554,1.5284454777741554,1.5284454777741554,1.5284454777741554,1.5284454777741554,1.5284454777741554,1.5284454777741554,1.5284454777741554,1.5284454777741554,1.5284454777741554,1.5284454777741554,1.5284454777741554,0.2208785890906809,0.21606582903978477,0.21196448191266926,0.20874170035241993,0.20653041124649152,0.20542129722962085,0.20545813647409342,0.20663556240142575,0.20890048236150746,0.21215407551979598,0.2162582929378934,0.22104399017159299,0.28472689988662203,269.9998812180223,0.7475152992906983,1.8571552046943178
2022-05-17 04:00:00-07:00,9.732219883333332,4.215021233333333,0.2807116865089427,3.5,4.300866602574951,88.555872511615,89.49460234237517,64.89053679141018,0.0,2.6957912162549555,4.4599487248192755,1.0,2.6957912162549555,0.00034498992247481575,2.857142857142857,14.97706827777778,2.2458374883333336,4.019175362018784,4.01929915621539,4.01929915621539,4.01929915621539,4.01929915621539,4.01929915621539,4.01929915621539,4.01929915621539,4.01929915621539,4.01929915621539,4.01929915621539,4.01929915621539,0.6651666207916452,0.6507337623144758,0.6385409610074241,0.629075512847233,0.6227138501151346,0.6197033656141304,0.6201403564760106,0.6239800187411788,0.6310310808935875,0.6409765687289217,0.6533847857506998,0.6689015249690095,1.0367258698444797,90.0,0.7409533537339626,1.8573065541585394
2022-05-17 05:00:00-07:00,257.432875,59.268145,0.2711278464252113,4.5,91.85545073095093,68.79700757312196,82.72766617194657,70.78020435334838,0.0,29.928695050404226,177.85054558376356,1.0,29.928695050404226,26.431371923102414,2.857142857142857,17.571270277777778,4.296480833333334,157.31403307796913,157.42329292281275,157.53643668113156,157.7420231177906,158.052472862926,158.3414615691607,158.33101030213462,158.59788326206132,158.62691296179244,158.84500696584567,158.8439830852513,159.06127259492277,7.1930688932037095,7.122780614279574,7.099880802922355,7.056019018744149,7.035683828379135,7.116062938649469,7.277067746733669,7.359196044195654,7.520685538122466,7.76093374347234,7.892239151450503,8.219864087183511,14.80129633838748,90.0000017075473,0.6222661836948613,1.8903252483414348
2022-05-17 06:00:00-07:00,666.7906833333333,94.01156,0.2698020164708101,5.5,304.7206369547565,25.461955125322447,71.5785148445392,79.72368540903904,1.5543122344752188e-16,41.74128522923083,773.4004833260792,1.0,41.74128522923083,91.26569757118453,2.857142857142857,19.820964333333333,2.049812863333333,739.0422407592914,739.4330795220933,740.2858961889982,741.1152911710195,741.9425526145027,742.306011447666,743.0909419519897,743.4465937043342,746.4003943419012,751.1152335610416,753.576374120545,756.2167452817887,12.590754513818363,12.731871970592026,13.001146352002042,13.326514162124786,13.651805859398877,14.052678917034484,14.39924774179024,16.606745422460005,18.820379022865662,21.0706911987074,23.354094834122048,25.709779562938607,47.6596166712927,90.0,0.3804217213777902,2.1836092025400773
2022-05-17 07:00:00-07:00,848.8209499999999,80.39878833333334,0.2624470722933582,6.5,503.4015475526158,10.155517332066493,60.10966076478144,88.82015636288497,0.0,171.347935098645,987.6993085176841,1.0,171.347935098645,132.3420835324762,2.61352477113653,23.70551555555556,1.1494324566666667,945.0219249321603,945.6317670432625,946.182269755217,946.3080800230491,946.9927243745622,947.6410571766006,947.7487681367381,948.0304143890581,950.9172862615118,957.1074748731693,960.1078137438266,963.0539876159952,75.49289240994244,69.35878367568687,63.38992429897572,56.66193762444549,51.76329839948531,45.969262440456056,42.37622623954781,41.21821130743814,40.86915903280558,41.90887138600131,42.78645296061459,44.172591778787556,50.0,90.0,0.366977778440511,2.214355247456318
2022-05-17 08:00:00-07:00,768.7677666666666,103.89844666666666,0.246595602928167,7.5,612.1908200109424,6.738468760610703,48.61022037306066,98.99813561687974,0.0,302.97899044856496,934.0689779547988,1.0,302.97899044856496,152.24271368022565,1.9244315194631654,24.432360888888887,2.377362616666667,893.1788571447559,892.6140731258604,892.5176529976005,892.1231711576514,892.5456494923127,892.7494072197242,892.4467889107003,892.5044913387085,895.6800015987366,902.43116464955,906.2081759714691,909.4085454633,78.04772570969551,69.6460674935119,61.05784960221497,54.882543449881425,50.63280584164667,46.32586660634409,43.64114376188484,43.8679847612934,45.53464406418737,48.65137441942328,51.66270170542922,55.613086206978046,48.258023783660896,90.0,0.3769246906123448,2.1913656766228113
2022-05-17 09:00:00-07:00,963.3741666666666,119.03055333333332,0.2333003638217951,8.5,883.3969441169106,13.12609347068292,37.49313355388955,111.9070793567949,0.0,509.8795069336422,1095.1933566668688,1.0,509.8795069336422,204.44154910889452,1.5548760068350327,25.630330277777777,3.050615016666667,1064.7794611582055,1064.6610307917103,1065.0453617307583,1064.7433091159753,1065.6645944956335,1065.3816868457254,1065.3764667223086,1067.9051299890766,1070.2363810907375,1072.0230867599328,1073.7897088598186,1078.0200298627933,106.25753515799205,94.85614553286257,85.05955238026887,77.36287028774647,71.99365982459346,68.77840474300454,67.66882089558051,69.2148698377434,70.26138456921558,73.09977971291697,76.05526385746386,79.92828991641694,35.44104746890765,90.00000147877934,0.46006750391117385,2.0424302754020256
2022-05-17 10:00:00-07:00,549.9439843333333,356.1345333333333,0.2332116909676668,9.5,843.4309566853328,17.69411233494393,27.61481663503277,130.97303075456352,0.0,535.4788891562482,909.2085277313447,1.0,535.4788891562482,206.8375111798742,1.2988499076579145,26.467255833333333,3.12695155,881.3847531749516,882.5200931897666,882.8272415865638,883.389793432536,883.5924493759777,886.2579399986466,888.1900884286442,890.6190444769807,892.79922225264,892.8750815703802,895.032365160928,896.9270103549302,107.80182584516922,99.13777374499246,92.12371127103721,87.10331517304456,83.1163905183885,81.79457738508422,81.91081274028946,83.67528599865199,86.0140484519154,89.58923077447118,94.16227623936237,99.3593572882397,21.5521699209184,90.00000147877934,0.5663258729012284,1.9270593876961537
2022-05-17 11:00:00-07:00,190.0681718333333,390.17595,0.2367356368574013,10.5,567.4804419193671,20.03642306366386,21.116975948485333,161.98829879317486,0.0,367.1382149531068,570.6998691857984,1.0,367.1382149531068,135.91358403602584,1.089590024636643,26.037324666666667,3.02166345,556.8861164729984,556.8853432228757,556.9518814760356,557.1917871027247,557.1927413964105,557.2402222285075,557.479436735097,557.4789480013148,557.450767911881,557.4437144530011,557.6831181565736,557.6829878511724,72.67997465542626,68.65533024974411,65.22762703608872,62.323475406844295,60.66971753186155,59.77324551964296,59.772032530101086,60.67404647351928,62.38674833104617,64.74654991269132,67.98987255467308,71.3157409370937,6.810008340906493,90.0,0.6907112918869043,1.8641980468129373
2022-05-17 12:00:00-07:00,309.70371266666666,425.3713333333333,0.231898449425485,11.5,713.5631602036717,19.90744659916332,21.48078412377265,201.58823869281022,0.0,457.4785680777159,721.8984511061761,1.0,457.4785680777159,168.8954480887099,1.1086466136082702,26.750962,3.0010111333333334,709.9268780544567,710.160133232578,709.5019728592409,709.5452657419766,709.5470640857305,709.043768959426,709.0453532520919,709.1109606076394,708.4530406543242,708.5062023344174,707.8241824992463,707.8265955111501,85.00415192682999,80.59728981327457,76.49895687421085,73.02796120426909,70.78329376227632,69.59477113888234,69.54853835418179,71.0101210823662,73.53458157523683,77.05286338291727,81.84927275044735,88.01079161231605,8.238625396262494,270.0,0.6783519253352355,1.8674630030550166
2022-05-17 13:00:00-07:00,39.56150056666667,341.13075000000003,0.246308553304134,12.5,375.9185228808577,17.321252910137513,28.43787064353429,231.30231854551457,0.0,243.10354635987156,377.75869804958086,1.0,243.10354635987156,97.12034655753422,1.320372021099859,26.400231555555557,2.1217077633333337,356.31446100073094,358.3701114616309,359.315641406286,360.3257217356269,361.1730710898663,361.7841764421844,362.21102969977073,362.765332488867,363.53431369467705,363.16828282354015,363.6550540258663,364.0113855612467,52.449638194981475,50.51501457586141,48.69925553785385,47.562805379735636,47.27984071607102,47.058930357323156,47.593378061362486,48.127281658632334,49.22246967744796,50.228912563324265,51.82140067245075,53.41689902071973,22.911725968102715,269.9999985212207,0.5553437655988502,1.9360371077117409
2022-05-17 14:00:00-07:00,1.824611,167.210465,0.2492505876733218,13.5,168.63864215827314,12.545273086636223,38.488815033756225,249.5731856030221,0.0,112.68723891234659,152.69839916937465,1.0,112.68723891234659,47.434617794280875,1.5833156352032807,25.3009355,3.193234385,136.93535795726643,138.89095236729315,139.80150796264226,141.67042298740364,142.65176530727229,144.42089652740216,145.23984083223854,144.89069651963777,145.56529214933184,145.22519455641535,144.89833334375652,144.6878401931959,28.120030611174208,27.70449477286022,28.019931653426976,28.5310335079669,28.54303718894416,29.28167530895442,29.315872274682338,29.32299707004192,28.76561518192206,28.692498901407916,28.660198762289326,28.53397723215215,36.690505173907674,269.9999987925817,0.4512538641320954,2.0552681878734123
2022-05-17 15:00:00-07:00,37.52997786666666,214.93711333333331,0.2478638539197159,14.5,239.23113030841284,5.994413035245596,49.659931477637954,262.1251204255526,0.0,150.7211707967659,245.62238260669068,1.0,150.7211707967659,75.7402692090027,1.9684182318358845,23.966762888888887,3.180909633333333,232.5629871977035,232.11884381313857,230.62156010389637,231.16283507321026,229.6433815269468,228.5933640565262,226.26314386802144,225.20061542456486,222.72661482425195,220.27742972706002,218.03704343964728,216.92174706552626,47.25147627045263,46.77803788382248,45.49103284203398,45.22067967504438,44.996955629525154,44.74205133379349,44.11970816880791,43.36450105125947,42.9435094326358,42.64697873860042,42.83312144612991,43.962992539858625,49.39187074289884,270.0,0.37041051682561393,2.2062609192665557
2022-05-17 16:00:00-07:00,73.91346958333334,160.4353166666667,0.2519582074885581,15.5,196.08769403679167,11.300332342125186,61.16081243644537,272.1542574020623,0.0,112.04057389746222,234.94223703754733,1.0,112.04057389746222,61.252538357641384,2.698958310490657,22.851722722222224,3.686036966666667,223.6831175570402,223.5791789681307,223.47095974233696,223.1188347601435,223.02938579581468,221.2072042202023,220.37430417012797,218.47868779838146,216.52485415239565,215.64845690263957,213.66554037412436,211.64953875271195,36.44233585853266,36.502696551592955,36.59684153203578,36.57454969814608,36.772339098692434,37.040217720448005,36.627124527925204,36.517322061168684,36.268538530069144,36.376333362171806,36.40991516744975,36.60863507871789,50.0,270.0,0.366977778440511,2.214355247456318
2022-05-17 17:00:00-07:00,101.4018855,87.40774333333334,0.2532343042943128,16.5,117.73417615913355,31.296501179161858,72.5981450472108,281.2102447874118,0.0,50.34212521283426,193.47566040465063,1.0,50.34212521283426,36.20445787629617,2.857142857142857,21.50463605555556,2.073619658333333,179.7351794236796,180.193054092381,181.168715492211,182.13275798802096,182.56840509086982,183.49436434285354,183.90789933916756,184.78175316656367,185.423412721714,185.9077825186859,186.81536454923585,187.27566405212747,13.57915760476191,13.757708514672828,13.994716054350613,14.348981120456994,14.405855047483842,14.805605211964023,15.26368085907262,15.742877509405188,16.258195624692306,16.74395928923415,17.228448711911692,17.747395319368895,42.691076611447464,269.9999985212207,0.41097739790013843,2.1221226526166443
2022-05-17 18:00:00-07:00,13.299684116666668,39.848844500000006,0.2442357993590141,17.5,41.311510734533705,71.68617761011963,83.68598048148176,290.1830916334005,0.0,23.845593778491512,49.01832470734228,1.0,23.845593778491512,10.025878342422162,2.857142857142857,19.85149538888889,0.6667355733333333,45.047943034759015,45.12120320123822,45.043983413640575,45.044184804353236,45.045963135099115,45.04601301268947,45.041403405800054,45.11464113779813,45.042938560770835,45.038009408961656,45.1113684442244,45.03907615827113,5.231712855164931,5.13101139658941,5.038499597254939,4.952020402489626,4.8643464163240475,4.82173145956162,4.785973521198695,4.773035117664462,4.7910706146260225,4.830833979246613,4.910838762818077,5.006634337012781,12.819031317309816,270.0,0.6390638049147163,1.8820671459901286
2022-05-17 19:00:00-07:00,0.2335395166666666,1.0538609166666668,0.99,18.5,1.0550635609084682,89.15696213179996,89.70494610569307,295.48045759476855,2.176037128265302e-15,0.6739149873643299,1.057267469972867,1.0,0.6739149873643299,2.957281594872018e-05,2.857142857142857,18.578479166666668,0.8146524183333334,0.9966224604510112,0.9966224604510112,0.9966224604510112,0.9966224604510112,0.9966224604510112,0.9966253850575639,0.9966253850575639,0.9966253850575639,0.9966253850575639,0.9966253850575639,0.9966253850575639,0.9966253850575639,0.5888734486401521,0.5761027498264268,0.5650849888173444,0.5562741941261425,0.5500464939439398,0.5466773135456999,0.546324348546603,0.5490145864459957,0.5546569773815055,0.5630210521552638,0.5737670040448154,0.5864606586941858,0.6070338094468398,270.0,0.7447027297801734,1.857198980861357
2022-05-18 04:00:00-07:00,2.2532935,1.5682457166666666,0.99,3.5,1.5869090040869644,88.64398181246419,89.52543251562763,64.56290256659067,0.0,1.0029763564050882,1.6214556105147038,1.0,1.0029763564050882,0.00011378358228624654,2.857142857142857,12.777588055555556,0.8144626066666666,1.489691759498117,1.489691759498117,1.489691759498117,1.489691759498117,1.489691759498117,1.489691759498117,1.489691759498117,1.489691759498117,1.489691759498117,1.489691759498117,1.489691759498117,1.489691759498117,0.8727800116233975,0.8538485546924884,0.8378507988600391,0.8254267984108382,0.8170723410196429,0.8131133701996829,0.8136802973393487,0.8187147554815407,0.8279697718926744,0.841026701299872,0.857325909370361,0.8761827556907053,0.9760966384154098,90.0,0.7414823619454678,1.8572879679874919
2022-05-18 05:00:00-07:00,15.80408965,37.46619633333333,0.2353002117700864,4.5,39.50356864501482,68.38755981427884,82.59314470041943,70.60339783220468,0.0,23.191288208291816,45.79345937760119,1.0,23.191288208291816,9.288717634936868,2.857142857142857,12.94965388888889,0.9366351233333332,42.633881902145774,42.62611353639297,42.7193589331047,42.72322295285323,42.72022164665866,42.63140931868586,42.72382508983038,42.7201873865546,42.72051895267659,42.724049602638985,42.72403230461476,42.720712971808176,4.6952157891300335,4.622555545984568,4.537704430495677,4.500745620369681,4.495606235958905,4.5102706435550965,4.547449675215332,4.606880739306601,4.674451749614172,4.755414842645946,4.844088330953459,4.9279836704863795,15.112830291904851,90.0000017075473,0.6196396493978104,1.89172858546282
2022-05-18 06:00:00-07:00,29.50015373333333,131.97972833333333,0.2471823493656981,5.5,141.36289695034225,24.663151501430637,71.45364115424076,79.5316989027832,0.0,77.22839847559774,178.1101640476461,1.0,77.22839847559774,44.56643567542211,2.857142857142857,14.763963555555556,1.8584560583333332,160.70669922209072,161.44581070879406,162.9201027421738,164.48562902254588,166.03850283959517,166.73057652352168,168.21249143485204,168.8947766648611,169.7444776549963,169.30290869263226,170.1367184885956,170.1949894143561,22.542888364835992,22.919470422991047,23.37050359886057,23.428306863742062,24.03480878028833,24.75941607250268,25.39281794167358,25.592348585188617,25.727520540090755,25.849013881101232,26.55609943669032,26.71151069457832,48.465991516032325,90.0,0.3757188579449057,2.1940783755064652
2022-05-18 07:00:00-07:00,370.2614333333333,226.72,0.2554859371212242,6.5,411.911683162729,10.053652974662796,59.98910571833703,88.60698622944767,0.0,185.72185374390978,660.7754466142774,1.0,185.72185374390978,121.57919998360421,2.6037984852519442,18.524683166666662,2.5231219166666667,615.0126856394696,617.2549027015215,619.4369369532023,620.350201280586,622.5599461609753,624.700142026817,625.5565546975026,627.4670558537134,629.6020400024331,634.1913278262581,636.359248593168,638.4889057278767,68.31333220497429,65.44792036563301,62.838279605683496,59.83510858083598,57.99576695644816,55.644848780564644,54.52228894756081,54.46472890388505,54.84182480970457,56.040793545413216,57.0658042157031,58.35514807550736,50.0,90.0,0.366977778440511,2.214355247456318
2022-05-18 08:00:00-07:00,549.36825,245.8495,0.2476186370947492,7.5,609.966083187181,6.544166156136147,48.486885700060164,98.75452865870723,0.0,319.9820408272707,869.8277064619207,1.0,319.9820408272707,166.54803504471002,1.9204969959285512,21.21800122222222,1.719495935,816.1832246331625,816.9567753129695,818.2112848939477,818.4856640651481,820.144298087699,821.5936868102249,821.9030920393743,823.1845410777302,826.8666345783129,834.7461714714198,838.4643251779006,842.5002798817017,84.90818082995443,77.51980551174967,71.73268809515393,66.09164463713059,63.06362245281309,60.00302442357259,58.31934607680551,59.41988620763704,61.73188833475949,65.33538591054518,68.80773432984111,73.66469669833467,48.15341756981717,90.0,0.37753307435938316,2.1900045227508746
2022-05-18 09:00:00-07:00,694.6352,218.5584,0.2347886815774048,8.5,770.7089674461021,12.92042040801643,37.35622132566027,111.62347142392798,0.0,447.873301020297,955.0773073417147,1.0,447.873301020297,192.10475543492566,1.5530848390356464,22.032478555555556,2.483917933333333,915.1682023493478,915.2530991744914,915.9457742909633,915.8701768055231,916.5916168717101,916.9440503167265,917.5549719099126,921.3738697983905,925.2948340626177,928.6814079678388,932.001547680329,939.2370009379514,94.462450575108,84.81668958473333,76.6511572968193,70.28936238805356,65.80749141268124,65.31191359104263,63.826295829940065,66.2270711773819,68.97899430981606,73.00669177158856,77.17163889549389,82.16207420543431,35.36056267767062,90.0,0.4606400131824947,2.041616528864062
2022-05-18 10:00:00-07:00,941.7676166666666,114.04493333333332,0.2221076642996744,9.5,949.8015768251996,17.479123285940577,27.44743998105224,130.6645111419842,0.0,599.8698869349944,1028.43048406463,1.0,599.8698869349944,211.63452979204231,1.2980932290170597,23.41172138888889,2.5373574966666665,1013.4105366933632,1013.766034980132,1013.6894427444495,1013.9082415699162,1013.750762103623,1015.0930462789743,1016.0379395324436,1017.1132396407237,1018.0736408688542,1018.0612418338384,1019.0636717288064,1019.9549900737459,113.83827818126812,104.35870324743507,94.77276405495627,87.94742166410619,82.66333257941373,80.8597981198379,79.66816275524967,80.86719659798229,82.93216638474644,86.30874345399366,90.99393060490783,96.35143998521187,21.503743662593365,90.0,0.5667189906414272,1.9267492380578966
2022-05-18 11:00:00-07:00,950.6199333333334,159.83773333333332,0.2184174827706006,10.5,1047.8701578256905,19.81693358269925,20.906921019162567,161.80908268589656,0.0,680.582563359038,1056.7572886833827,1.0,680.582563359038,229.75104345894604,1.089466056016004,25.06916883333333,2.360428633333333,1051.234515278079,1051.2328193301737,1051.1287599066932,1051.411309164005,1051.4134812658926,1051.33461854245,1051.6156372403814,1051.6145288104626,1051.5660339305057,1051.4474290997,1051.7289921340175,1051.728620397359,121.20601351467003,111.8780873841296,103.82939913639316,96.91237821689667,92.63389657266411,90.27628565193778,89.96889734928924,91.71818172619045,95.36701777702861,100.52882629825854,107.46289298557355,114.89477076827617,6.800679652768257,90.00000391248236,0.6907921264838262,1.8641787536351972
2022-05-18 12:00:00-07:00,901.7356833333334,153.38125,0.2172390089013191,11.5,993.6975268663873,19.690100188980335,21.269008949263295,201.7459580124812,0.0,636.2370727891715,1005.8343943473533,1.0,636.2370727891715,216.95091218597162,1.10821645312241,25.688029611111112,2.57099765,999.7138062900756,999.7101978381957,1000.0479138590849,999.9796658821805,1000.2765505784178,1000.2742786402794,1000.2718933949602,1000.5203490982226,1000.5176303178708,1000.4611846543787,1000.8382923327104,1000.6760793133349,112.60552807915896,102.95669991147554,95.37766658118471,89.51253790063082,85.38557955817065,82.9216189506747,82.80710638768197,84.4488724808376,87.79454159818692,92.71938664150031,98.92435169696384,105.66966212160402,8.206496864778511,269.9999960875176,0.6786294174102966,1.8673828055327584
2022-05-18 13:00:00-07:00,864.1247035,148.51645,0.2218079835814707,12.5,909.61987740807,17.11238479690788,28.26344810380948,231.5819341188766,0.0,565.7863642959636,1000.0880511213811,1.0,565.7863642959636,206.62977675573882,1.3192557287533218,26.298595388888888,2.4923908816666667,980.4749085827906,980.4754559432026,980.4703393623727,980.6143878687981,980.4736129429149,982.7081234492092,984.4894405261435,986.4747129754843,986.2020141153638,988.1562100186454,989.9327502467315,991.3923863397488,106.73184056606566,97.4461382859715,88.14556299358426,83.11017064709128,78.12079119057219,75.09077159516066,75.36327750470032,75.72589376943472,78.75883492771557,81.67635250339565,87.234406378166,93.06484446351861,22.842064257041677,269.99999914622634,0.5559038615955957,1.9355644523253435
2022-05-18 14:00:00-07:00,386.8873801666667,203.88428333333331,0.231946022806129,13.5,507.3326737105929,12.348943576468963,38.341004676886364,249.83322236321837,0.0,298.51566186725995,629.2137715771986,1.0,298.51566186725995,131.8369569248499,1.5810098922997726,26.085253666666667,2.557312736666667,614.1073623776967,610.9962546645774,608.0403711382897,605.0345532149004,601.2578621156591,597.8757832591555,597.5213101845674,596.8392522947431,596.193424054284,595.4814403879521,595.1223999504625,594.3019818303992,60.6706615853655,57.16848400493439,53.648607873939405,50.82366681540317,48.64682921984599,46.73387517557838,44.953314108972044,46.62329133740669,50.13452270752032,53.92864340001992,58.75291494741119,64.60758182595237,36.591173020175106,270.0,0.45194940702901215,2.0542335371579847
2022-05-18 15:00:00-07:00,539.6710901499999,160.64300833333334,0.2478662014333785,14.5,510.9602837587847,5.811801083844412,49.523879279485435,262.3500891222435,0.0,251.2855362865876,777.2130527639115,1.0,251.2855362865876,139.92479256701782,1.9636002585862795,26.3917935,3.0603193116666665,753.3715051804113,749.3318413882479,744.9132755407998,736.6501783259446,732.4804475565344,731.9457681821543,731.4258929679829,731.3243722014586,730.457586381312,729.9903025080498,730.0389845935122,729.992987003304,58.240606012020514,53.442325152114705,49.2515990696984,45.92448530159751,43.148493635934166,40.95401546075918,43.4560296129513,46.71533925611359,49.80946941532892,54.39786232843213,60.81530827879306,67.20150123519748,49.270782396119614,270.0,0.3710991478151448,2.204657932524394
2022-05-18 16:00:00-07:00,217.47962733333333,99.06384,0.2531349818394294,15.5,204.410893926395,11.194639691087083,61.0268538347653,272.351484771108,0.0,81.7199145469223,367.1563078790815,1.0,81.7199145469223,64.58980704963452,2.687351930222391,25.717474111111112,3.2710458166666667,355.49405391125185,353.19388421990385,350.85365781520943,346.02306939147235,343.6576860985151,342.98478353442067,342.6670441973348,341.874970129096,341.0464983135122,340.7244502886995,339.92481896317764,339.10397398139133,30.638610162934185,28.933376250627006,27.397276069300265,25.80855536880458,24.693379572109418,23.82654944357939,24.662149096416798,26.20984193451336,27.45319694717597,29.233329049111404,30.776685701007615,32.36910267649487,50.0,270.0,0.366977778440511,2.214355247456318
2022-05-18 17:00:00-07:00,26.329004716666667,99.83682,0.2512693437623381,16.5,107.77169490728348,30.563253742547072,72.45985839568509,281.38732758955666,0.0,60.98003658548322,130.18889704807754,1.0,60.98003658548322,32.907456699825005,2.857142857142857,24.2797505,1.955588445,124.40105136395792,124.38323163076751,124.29158776117129,123.70131858793968,124.1794728390644,123.69171109736664,122.59946045465858,121.4659152215101,120.928715839951,119.75139476516532,118.55686322379586,117.99718390404198,19.302303169727196,19.193040264587623,19.114143611792738,19.02161854483974,18.88020367629329,18.77307727384954,18.254401419269108,17.717700669444838,17.251856968266793,16.868346095216562,16.901420448013127,16.667735299631786,43.382056801013405,270.0,0.406570031374496,2.130353048051163
2022-05-18 18:00:00-07:00,257.13518516666664,51.65629333333333,0.2690710843338114,17.5,80.59282383654946,71.24472680825109,83.5385718718483,290.3448006894784,0.0,26.0478310491364,156.44276876734853,1.0,26.0478310491364,22.89713610106135,2.857142857142857,23.405879888888887,2.208438203333333,136.1132070918096,135.94583720842192,135.94554594006206,135.95506786977847,135.76696023271236,135.75108805164234,135.56244775053716,135.34615860570676,135.3463900849685,135.10405033996136,134.85079772664005,134.75747144357624,6.909612034722832,6.745049154423725,6.531312565074778,6.4292468870904695,6.294780285476366,6.144839602065275,6.096397342607154,6.085777676418416,6.053626532110842,6.043778855380735,6.12594144628641,6.255611071828273,13.149291926309573,270.0,0.6362554293876346,1.8833622398450829
2022-05-18 19:00:00-07:00,0.2771595166666666,1.9748735333333332,0.2212373688135248,18.5,1.9762101650498085,89.21050349242684,89.7236838413547,295.7937322524601,0.0,1.2628626787064754,1.9786436219372734,1.0,1.2628626787064754,4.8857561279262654e-05,2.857142857142857,21.189712333333333,0.9647823633333332,1.8673719380215876,1.8673719380215876,1.8673719380215876,1.8673719380215876,1.8673719380215876,1.867370713287649,1.867370713287649,1.867370713287649,1.867370713287649,1.867370713287649,1.867370713287649,1.867370713287649,0.24559329838473506,0.2402787546919284,0.23577879989885378,0.23227551113283626,0.22991144759232165,0.2287816971636197,0.22892828200389642,0.23034650533391313,0.23295479995263563,0.23664608308727522,0.24126275663670246,0.24661500471003112,0.5699731887905151,269.9999536203625,0.7450261276411763,1.857192337179478
2022-05-19 04:00:00-07:00,1.97204245,2.0147986833333333,0.2379346397310632,3.5,2.035877668579868,88.24992953384037,89.38755887830108,64.39698373121234,0.0,1.2887156106804716,2.074780169236582,1.0,1.2887156106804716,0.00024418080758595973,2.857142857142857,17.86820488888889,1.7918619866666667,1.9148095013396074,1.9148095013396074,1.9148095013396074,1.9148095013396074,1.9148095013396074,1.9148095013396074,1.9148095013396074,1.9148686755099187,1.9148686755099187,1.9148686755099187,1.9148686755099187,1.9148686755099187,0.2695169478229082,0.263661337412399,0.25871987916719463,0.2548892519270459,0.2523199528423335,0.25106664661033723,0.2513568685341402,0.25301839268737764,0.2559681944986901,0.26007262231745354,0.26515197621916703,0.27099564019967237,1.2615458140404143,90.00001151803619,0.7389918254472033,1.8573852463330867
2022-05-19 05:00:00-07:00,19.018477833333336,60.41545166666666,0.252885362654574,4.5,62.90974022822348,67.99320384243134,82.46390236696892,70.42938390267403,0.0,34.22325945351662,80.87200110708196,1.0,34.22325945351662,15.93513100085477,2.857142857142857,15.863120055555555,0.92243436,74.56906095677552,74.71636949486907,74.84035525900265,74.85706449296082,74.73849565395733,74.86229708668267,74.87679863689797,74.75672908594795,74.88033490872948,74.76113854728045,74.89340979403694,74.7732164863376,7.457084676719933,7.322341552248099,7.178688464332752,7.1359571290031125,7.1573641412764735,7.1574284956169505,7.215127019587773,7.34676586587983,7.422142602096439,7.550406352131312,7.728626278575271,7.826819980243101,15.41463783153026,90.00000120741828,0.6170987928368574,1.893115328211075
2022-05-19 06:00:00-07:00,23.549913333333333,178.7652,0.259141770009224,5.5,186.30236574467145,23.87501857536887,71.33401025788591,79.34276084421953,3.1086244689504376e-16,104.00098421483862,225.08732707596386,1.0,104.00098421483862,58.39110333481428,2.8571428571428568,17.028268222222223,1.1056706566666668,204.3876495643579,206.37358097718834,207.355615072241,209.47482196655596,211.5694851689638,212.49818592208157,214.50511325769776,216.49464314251156,216.03662415399543,214.19477930964769,214.82770107963398,214.3891926439842,31.099820039662617,31.600024539033342,32.200270755989216,33.0214562292421,33.94149669963936,34.84574810400537,35.70145625133199,35.518649537814035,35.22926471296741,34.91091682962602,34.653949179941286,35.05886497307155,49.27774171582679,90.0,0.3710595242081618,2.2047499822380026
2022-05-19 07:00:00-07:00,85.46990933333333,276.4907333333333,0.2565634464834485,6.5,319.38853024534325,9.960122831026895,59.87386887537356,88.39708469546787,0.0,177.62687473869266,398.6929508033885,1.0,177.62687473869266,99.75922487009758,2.5945365567471255,20.34113166666667,1.4813125050000002,361.2049169698877,364.22953593183735,367.19811125304807,368.5005921310613,371.43268916459704,374.28097199465265,375.50830152830946,378.22478448376853,378.59276060070465,379.6149857393955,380.0136311717196,380.4029107312155,59.11432479062719,58.373845191553414,57.92439823055998,57.32433647013293,57.41328486851449,57.25263220645192,57.65953569143401,57.27493049735931,57.05399939286791,57.24366466760298,57.24520064925834,57.329468606579546,50.0,90.0,0.366977778440511,2.214355247456318
2022-05-19 08:00:00-07:00,132.92182333333332,428.93495,0.2519467363792024,7.5,517.2388433665271,6.353526912988683,48.36909015143074,98.51427993787816,0.0,307.74511438624563,599.6014447259041,1.0,307.74511438624563,152.89054005235724,1.9167615015092085,22.719417,2.541886585,546.0866418847846,549.99022245597,553.7730980740481,555.3227708228195,559.2331486990613,562.946744727115,564.4348703328044,567.9775953097183,568.8402427391377,571.052918174662,571.9723921896995,573.2603938044987,86.86105650632506,82.97389575906388,81.17473376149078,79.51155131548607,79.37811594298695,79.2455101432946,79.82166818552959,79.78047149400795,80.28345972851712,81.49486982599309,82.47359852784616,83.56950058068882,48.05360311356635,90.0,0.3781147470732341,2.1887077932642622
2022-05-19 09:00:00-07:00,169.760275,512.76185,0.243356461588426,8.5,647.9357545032254,12.718971067914579,37.22524367208383,111.34274153850158,0.0,399.890811220336,715.6835502535432,1.0,399.890811220336,173.22865401825672,1.5513963782255735,23.871543,2.7873456216666668,669.5793631129333,671.0569811665291,674.4494195159773,677.5568713101453,679.0151201762751,680.6507144765944,683.669092533004,685.4580009298065,687.1048710914696,689.0123335734091,690.5382886875049,692.8111440811981,91.43055260351541,85.88702773229575,82.23078112834095,78.7835218799809,77.70519483190691,77.61052972825775,78.07699192933066,78.81919458376828,80.87088877781356,82.88475331526361,85.19601845125149,87.9801689402298,35.28449510279874,90.0,0.46118162649743105,2.0408489220255355
2022-05-19 10:00:00-07:00,298.06986666666666,546.3806166666667,0.2356141784651169,9.5,811.2829643274179,17.268958385598623,27.286448210523876,130.3563443015263,0.0,519.5265763896547,847.9817848178154,1.0,519.5265763896547,197.92114264640983,1.2973959937401922,25.9723145,2.8191692066666665,817.0021993559728,819.4215736077649,820.3307066421193,821.4689860445569,822.240002386582,823.8319256254692,825.0527098269242,825.5366572552683,826.7454949269168,827.5671810255067,828.5947580346312,829.1004386439784,105.81591690158288,99.49002395377232,93.85731359266595,89.5191996729049,86.87994805459348,86.02570129232204,86.18054474331237,87.34709014744948,89.67956161233708,92.21460312446237,96.23601783856623,99.99737446224802,21.459083546266857,90.00000085377364,0.5670816514133603,1.9264637980675245
2022-05-19 11:00:00-07:00,598.0255483333333,383.32183333333336,0.227014577540633,10.5,942.7302521338884,19.602806619903205,20.70298420232324,161.62450234129324,0.0,611.7191083386099,952.6001323274033,1.0,611.7191083386099,217.73984068670364,1.0893792705511367,28.36598327777778,6.16528355,942.1028507435203,942.1013519382777,941.8824096208289,942.6683193166588,942.6702293310121,942.4084551860454,943.1930520476152,943.1920795732393,943.1468378155108,942.7854412944844,943.5704790682506,943.5701644663875,114.11784046175258,105.95265997695593,98.92586317778087,92.90207962462169,89.35650019980642,87.33851307343384,87.11940641206995,88.7069253460097,91.95469667369983,96.52597339606777,102.86311581906622,109.41598005836444,6.794151336324604,90.0,0.6908486963391206,1.8641652677175602
2022-05-19 12:00:00-07:00,690.3714433333333,303.0974833333333,0.2229392263716925,11.5,947.3465947061686,19.478491080759092,21.06201332560506,201.89622203113035,0.0,606.6665159657944,961.5517231125934,1.0,606.6665159657944,215.47417677795679,1.1077644094799424,29.231502944444447,6.847585533333333,954.6185655705162,955.1170592157922,954.1153644280615,954.170908174025,954.1734589841126,953.5791533286875,953.5814297454538,953.583565127253,952.8811134426535,952.9480084289802,952.1427706383943,952.1462219299758,104.73280164231554,98.26759707548976,92.27623652635158,87.34234936126113,84.11939855797024,82.5286047513765,82.62187386540478,84.96215556900493,88.86127450152264,94.2996113160181,101.53419823144186,110.7542891781194,8.172730613316173,270.0,0.6789210785534151,1.8672988554415988
2022-05-19 13:00:00-07:00,657.7360491666666,290.01213333333334,0.2287420068197777,12.5,870.2595286002063,16.909429206516535,28.09246159649267,231.85360015472222,0.0,543.7050992637112,951.6405041375662,1.0,543.7050992637112,208.6298544382018,1.3181328664947598,30.120503444444445,3.5376206700000004,925.1360891903374,925.4875797599232,925.7214296991219,926.1091909109709,926.2013029964488,929.0700101383075,931.464606791555,934.0314147979332,936.3185248348524,936.2737249320227,938.3679480190495,940.5514816075062,106.18160455744342,97.70393357113578,89.42120137275656,85.10784501698123,80.7276475953724,78.02978327580499,78.85921356692488,79.31650737773137,82.75086900881296,85.53475152557237,91.33327857439414,96.70128309631075,22.77189738051551,269.99999914622634,0.5564683092834029,1.9350897465502506
2022-05-19 14:00:00-07:00,733.3415665,269.03715,0.2374754787972789,13.5,845.3730331056456,12.158544216398269,38.195658998016754,250.0857931428777,0.0,494.38838433660186,1048.7781657639591,1.0,494.38838433660186,212.0442699791026,1.5787217337046298,29.940471,5.052226533333334,1025.8174238216484,1022.2176406423841,1018.9249120331324,1015.1558998369775,1011.7249091149397,1007.2663842439655,1006.8419556922105,1006.300894269312,1005.1634678922196,1005.1322192821827,1003.9569177823039,1002.9757952471313,91.25443552043626,86.86437828981734,82.97312041655367,79.12784224072662,76.72919525164184,74.9915564225111,73.48255445263214,77.63323364853154,82.48679399480046,89.80923399554588,98.50406502782677,108.84308391480025,36.492259067006756,270.0,0.4526429117858262,2.053205640467853
2022-05-19 15:00:00-07:00,525.1356316666667,239.45875,0.2501682054526208,14.5,581.2747296234952,5.635053926549912,49.38976065702047,262.5683497816377,0.0,296.8500775225403,841.0040448844625,1.0,296.8500775225403,161.36875307681052,1.9588545194196132,29.27343311111111,6.3645739,813.3502068627405,809.6782594002383,805.9518333755665,798.0721183867417,794.3026447175785,793.0133588102528,792.6828373505418,791.2736912912281,789.6030975638638,788.332329806099,788.0226683889148,787.2367849502641,71.46246643535947,66.7004948295337,62.77959747531232,59.76686579135296,57.31060198203521,56.090939799294645,57.703183563721865,60.73376342987913,63.60559517546925,68.95483715180325,74.48353452270648,80.92298819318107,49.150778582471574,270.0,0.371783280720825,2.203072178216802
2022-05-19 16:00:00-07:00,548.7871333333334,237.30423333333331,0.2664413041853036,15.5,504.24385110352534,11.092591407859265,60.8946207350842,272.542582173361,0.0,207.5352402652243,867.9823948868789,1.0,207.5352402652243,149.31794887341098,2.675973512346191,28.845015944444445,5.568672366666666,840.4762062316345,837.7403102530409,834.9499203607498,829.10515437441,826.3797856626624,824.5299870733184,823.6660167220185,821.5184748816088,819.2745998371563,818.3952763548751,816.21920432223,813.9877969587395,66.74360326061375,65.34888377638066,64.32144614320883,63.0931471122217,63.005604478426214,63.48231574363107,65.4748764574389,69.24835709869545,72.25545696404207,76.62933575697858,80.41240764500762,84.34387225821123,50.0,270.0,0.366977778440511,2.214355247456318
2022-05-19 17:00:00-07:00,595.74645,162.90340833333332,0.291079826312493,16.5,343.7989773915101,29.823927704573453,72.32332362019551,281.5586315920724,1.5543122344752188e-16,81.62146433382016,762.3313607378169,1.0,81.62146433382016,108.26339520911759,2.857142857142857,27.903192944444445,6.15932765,743.2169628988376,741.7098194078443,740.173561186137,738.6125912024231,735.3131964531486,734.5453847707137,733.0805466986147,732.3936033566621,730.8464230020613,729.2765591074099,728.5626784056008,727.0947156756914,35.40516971538875,33.194142574229204,31.6525962166648,30.198338746363135,28.759552888137893,27.27698659488019,26.589920653884484,26.392453314566772,25.818741080192957,25.225707159752247,24.767032983813632,24.48404195236064,44.08670189165694,270.0,0.40212694811479843,2.138855060303524
2022-05-19 18:00:00-07:00,315.74353851666666,36.296661666666665,0.2602189680734735,17.5,72.62490414596624,70.80817313378745,83.39313509926725,290.5009005726177,0.0,17.295969504124987,159.53685077396904,1.0,17.295969504124987,20.623372859440074,2.857142857142857,26.5304715,3.4275997666666664,136.42590041180404,136.48785650075192,136.79477736975844,137.13207650636255,137.14311278146704,137.45034567386176,137.4314434762877,137.69919545333153,137.6989755567207,138.0058689116442,137.93826030781977,138.24526455524511,4.169962425167987,4.097332592188644,4.112216160394914,4.084373902065429,4.148443939600197,4.155750010988915,4.28275529645079,4.327458592544693,4.457337365661345,4.643613142323361,4.716292469194081,4.864644458503911,13.476922902182615,269.9999980909041,0.6334731489016906,1.884678990517238
2022-05-19 19:00:00-07:00,2.1347496500000003,1.8592464333333327,0.99,18.5,1.8752191537533462,88.77504650026157,89.57129492595787,295.9418027820216,0.0,1.189047542771859,1.9047717599185683,1.0,1.189047542771859,0.00011101524215524156,2.857142857142857,18.98447311111111,3.8505795,1.763248385560477,1.763248385560477,1.763248385560477,1.763248385560477,1.763248385560477,1.763248385560477,1.763248385560477,1.763248385560477,1.763248385560477,1.763248385560477,1.763248385560477,1.763248385560477,1.0347109108908399,1.0122786269785382,0.9933145385675186,0.978578631255156,0.9686614853056894,0.9639529087934045,0.964613402328143,0.9705754786082151,0.9815520134891124,0.9970463439246806,1.0163982979756534,1.0387978942025697,0.8854870072549804,269.99998541070954,0.7422729757240769,1.8572622780818588
2022-05-20 04:00:00-07:00,0.0793880333333333,1.0542017666666663,0.99,3.5,1.0549940769560666,88.36599387592118,89.42816584079463,64.0749738335673,0.0,0.6742715357665642,1.0563535277603102,1.0,0.6742715357665642,0.00011198148209281467,2.857142857142857,2.286946761111111,1.1925683898333332,0.99698104809594,0.99698104809594,0.99698104809594,0.99698104809594,0.99698104809594,0.9970120097574694,0.9970120097574694,0.9970120097574694,0.9970120097574694,0.9970120097574694,0.9970120097574694,0.9970120097574694,0.5867266058301459,0.5739849171121209,0.5632281210865794,0.5548850622576781,0.5492850239561694,0.5466433344079896,0.5470397360754177,0.5507812353064612,0.5572044290251151,0.5661483316175074,0.5772201657362986,0.5899636326152359,1.1810638081646458,90.00001433729757,0.7396940038329199,1.8573553068242825
2022-05-20 05:00:00-07:00,0.0417007499999999,9.751667166666666,0.1933807238312101,4.5,9.757225662354807,67.61412345200881,82.33996847630216,70.2582350993066,0.0,6.35478380188612,9.389515172547773,1.0,6.35478380188612,1.802489238828668,2.857142857142857,2.656152527777777,1.3149421250000002,8.979907477105575,9.007190916908694,9.007081656952316,8.98783477436805,8.971725096534767,8.999403652858808,8.954692979627206,8.940489656013613,8.97038077043235,8.925983169800821,8.956754624103676,8.913747622459296,1.0516135381858616,1.0324678579333386,1.004645654874414,1.0025470904947853,1.0004229233847002,0.9919773396192283,1.004088883872995,1.0175884176613037,1.0205164471763741,1.0411753520383134,1.0606458406114638,1.0670890921421805,15.70648819770178,90.0,0.6146452700744909,1.8944817597949015
2022-05-20 06:00:00-07:00,0.05260565,42.96963333333333,0.2108124918417567,5.5,42.986569257108656,23.183149942791374,71.2196415314439,79.15696378332859,0.0,29.521383467210413,34.328649964729635,1.0,29.521383467210413,12.484953266582226,2.857142857142857,2.860924577777778,1.5257056633333332,29.288979698229454,29.92131936264188,30.544189537968652,30.82877576009979,31.436347044150004,32.02817485289937,32.29720934920725,32.87704700501215,32.684197417514426,32.33753900542056,32.151030079652784,31.967090828916724,8.057748650486156,8.22115959703652,8.430370773806942,8.648447418957389,8.910725181759636,9.170034152386878,9.436361464884227,9.304816621720834,9.166528728055452,9.037800426668886,8.883647078550183,8.720906895951051,50.0,90.0,0.366977778440511,2.214355247456318
2022-05-20 07:00:00-07:00,0.0850591666666666,65.68979166666666,0.2116842581258235,6.5,65.73262435684613,9.87482747280114,59.7639605239369,88.19057286527595,0.0,45.14406886305571,52.71622576033755,1.0,45.14406886305571,19.35195004663602,2.585731870375699,3.1030234222222224,1.4219677666666668,44.79186352110535,45.75825715115743,46.71018134336654,47.14494726065347,48.07351309614224,48.97799439793408,49.38899241464626,50.275177863109356,50.01793958501559,49.56188034750348,49.31281623712039,49.067139594422684,12.349453215553424,12.598422974528987,12.917673060571007,13.250331621275592,13.651049414478882,14.046997505868758,14.453962965024648,14.284066645221328,14.104507794171912,13.940473782850534,13.737894491430803,13.522783922621628,50.0,90.0,0.366977778440511,2.214355247456318
2022-05-20 08:00:00-07:00,0.3034213666666667,69.83739333333332,0.2022352117489762,7.5,70.03940904196523,6.1666240391010545,48.25683770360727,98.27755614196316,0.0,47.93475287061591,57.177047072736116,1.0,47.93475287061591,19.593008658814952,1.913222650507237,2.3862929222222222,1.191850334666667,48.72872992609927,49.744818907070275,50.744108332030336,51.718394151799124,52.17535846347744,53.12181769012372,53.55232719877484,54.46990097748328,54.23552715506599,53.8245225229102,53.5995558162402,53.37775653920535,12.218025487410053,12.463214822229297,12.780552652071886,13.122169332962592,13.525530244879944,13.93983840166651,14.362243614854252,14.220814366086277,14.094624500868807,13.934201966809512,13.761520105231854,13.576127228898514,47.95859088805368,90.0,0.3786694831060758,2.1874753359854067
2022-05-20 09:00:00-07:00,0.18913725,73.60065333333334,0.2122616783500392,8.5,73.7515057530704,12.521822182695976,37.10020650756831,111.06513171233985,0.0,49.53465658356134,65.55547515760604,1.0,49.53465658356134,18.028015875324865,1.549809740911709,1.0545468733333334,0.4789448495,59.002818292711204,59.88785340068601,60.301653536843794,61.137852534521,61.53088319150004,61.948545832409884,62.73141237541183,62.56528996290179,62.40040257119513,62.276980507483415,61.58366194410058,61.46721833943985,10.86426841717777,10.74596358556932,10.938476142409227,10.951569990508077,11.268639031206128,11.231305979468596,11.581531253904759,11.335837210144044,11.333025290859247,11.291684837367024,11.251874568512704,11.181311176870683,35.21283970351215,90.0,0.4616922900684066,2.0401271549828555
2022-05-20 10:00:00-07:00,0.4223303333333333,127.55239,0.2089593805869324,9.5,127.92824679198772,17.063694123267567,27.13187172469384,130.04885244934235,0.0,84.03472853209226,121.89578609960532,1.0,84.03472853209226,27.198078781489446,1.296757761700235,1.7337224022222224,1.4723625066666666,114.39759792446829,115.40806879779382,115.85018808088772,116.27250398426547,116.71157840870478,116.62063555137857,116.4920589382555,115.9459917282639,115.82919861818172,116.29003815424625,116.17908502257,115.63425862328164,15.449045063497762,15.19241838598498,15.179955947667079,14.834589925595342,15.017714470865245,14.874793576145484,15.19156552935137,15.148989290878069,15.37744143668051,15.537904777179524,15.972748685739955,15.991641869677126,21.418171670212846,90.00000085377364,0.5674139722840464,1.9262028107748668
2022-05-20 11:00:00-07:00,0.5547618166666666,136.489695,0.2101640502737343,10.5,137.00930719297176,19.394112203686387,20.505240620139347,161.4346598744055,0.0,88.08570412572794,135.71649059857003,1.0,88.08570412572794,28.191738945517297,1.0893294097859414,2.5794728888888887,1.0174596781666667,128.9248658266828,128.92477656106522,129.08863315359403,128.8978174870847,128.89791306633987,129.07285795248376,128.88197789712007,128.88192948947537,128.8759849783476,129.0538476210135,128.86295758897558,128.8629581296101,16.007387728102973,15.639963643836886,15.346813113347986,15.119358280180775,14.993689211121625,14.967695341620248,15.02840864399582,15.179466561356943,15.40029735898745,15.67651057677736,16.004938719988445,16.364485340053804,6.79039777010792,90.00000505099301,0.6908812224842236,1.864157519597453
2022-05-20 12:00:00-07:00,0.8803481666666666,171.87199166666667,0.2123641708645247,11.5,172.69463675351946,19.272684636881394,20.85984642829503,202.03871505883387,0.0,111.14947254636134,170.73901042411427,1.0,111.14947254636134,35.904028375028986,1.1072909585423583,2.7044643616666666,1.923197423333333,162.54749533432428,162.54720998266666,162.5183150680942,162.5059749447887,162.4810346015859,162.4809453483959,162.48077271280835,162.4592084425253,162.45902146691955,162.4492264873951,162.15890328057833,162.43172676837668,20.328167486280417,19.802697903370536,19.428656151842862,19.16182683523486,19.000613846665583,18.964147722519087,19.062467112565315,19.261781847437152,19.560925562016646,19.920879171160816,20.354042899750013,20.81185345830194,8.13735552769312,269.99999680547154,0.6792266627240182,1.8672112741921563
2022-05-20 13:00:00-07:00,0.1979488166666666,138.14379,0.3896098981505401,12.5,138.31869005539411,16.712449470036745,27.92492141790495,232.1170346682221,0.0,90.9805741858217,132.24428503822364,1.0,90.9805741858217,53.69051632098717,1.3170039576639636,0.2847570659833333,2.214849918333333,124.85869349240569,124.94861216691751,125.63073610372233,125.11959090580706,125.28516437444344,125.38416427451409,125.57765940308384,125.68362175195627,125.2490562279829,124.71943377595937,124.23988932747451,123.67567915395291,31.199297559158147,30.98361222416561,30.57104886110389,30.100718633021255,29.783971895328744,29.391612996049584,29.20478097307772,29.039510509976832,28.852929707794505,29.339965378359437,29.43690690510452,30.359931295705014,22.701257045266665,270.0,0.5570368588357483,1.9346132345246454
2022-05-20 14:00:00-07:00,0.0246891166666666,109.115595,0.7143379550785819,13.5,109.13503627764345,11.974133451549086,38.05278526516487,250.3307223320749,0.0,73.3415183034585,102.1383043411187,1.0,73.3415183034585,76.55875780402387,1.5764518606802898,0.357390155,1.0061492711666666,92.9767238751765,93.32680510157506,93.70089114199031,93.88479005054539,94.27430417004773,94.05501665956625,93.62555210086441,93.00398914006637,91.92115441879312,91.5123226880607,90.35880249026097,89.22267138542958,43.907374645167764,44.04891072673575,44.1241156331836,43.95753745706009,43.894319156010056,43.93780387973919,43.66188568678057,43.19313749574385,42.60860217781343,42.66178596013471,42.65130489992997,42.974838434826296,36.39380066194328,270.0,0.45333410273071445,2.0521848572511616
2022-05-20 15:00:00-07:00,0.2683518166666667,90.5977,0.9753985491177644,14.5,90.7728423219835,5.464223569410698,49.25759322722717,262.7797861864706,0.0,62.23903483841729,85.63820791303472,1.0,62.23903483841729,84.02177064298372,1.9541817732106597,0.4255114977777777,0.477373153,72.62306560939612,73.1441621022969,73.67077161637143,74.42476457442841,74.96253188662605,74.02861790467863,73.80082078704179,72.8951011774385,71.92640772834936,71.68106787296085,70.71509545110258,69.74071845742874,48.658382474120465,49.2102783641565,49.69569025322359,49.80992774377406,50.179471295144694,50.50530771098677,49.8261610860173,49.297731282341545,48.60727773740169,48.418200168176455,48.16973860293729,48.32778427104606,49.03190554903204,270.0,0.3724626029128712,2.2015041950715126
2022-05-20 16:00:00-07:00,0.3385803833333333,53.12352666666666,0.99,15.5,53.28889130477301,10.994023153098961,60.76414387783679,272.7274657250967,0.0,36.547011863811505,50.24701540212086,1.0,36.547011863811505,49.6784091289476,2.664823169420165,0.1309399211611111,1.345494985,42.40680091014705,42.764823452414255,43.12698021587385,43.66722517486484,44.03599657984721,43.47971241295687,43.34824730036891,42.820600193151,42.26248852302141,42.11694231851638,41.55369273546076,40.986508656504235,28.763168527673816,29.14652228013101,29.490800195892756,29.610331595350402,29.885772804701894,30.13290511951453,29.742072752234407,29.452670685025208,29.03857808137921,28.936861895938105,28.78138924583865,28.86640406365432,50.0,270.0,0.366977778440511,2.214355247456318
2022-05-20 17:00:00-07:00,0.5182969333333334,30.62158,0.99,16.5,30.780119254947962,29.078205331546688,72.18858474919554,281.7240937183989,0.0,20.87704600986343,29.280798324755658,1.0,20.87704600986343,28.721928093114578,2.8571428571428577,0.0484593844166666,0.1259365561666666,25.471575106112553,25.45920646324603,25.659384651560075,25.758507868352766,26.089362536628705,26.009153469759124,25.718108619217844,25.627214609790617,25.302405111795345,25.21743739672702,24.90925781819005,24.589154396229862,16.4264309942337,16.610274735147478,16.768547862412014,16.80678917248431,16.92403853645386,16.937597396955475,16.755927240579474,16.47298963475395,16.365938944189022,16.336627712236904,16.276006763814568,16.4702107257069,44.8059013903288,270.0,0.397646354458326,2.147644700771772
2022-05-20 18:00:00-07:00,0.2646873333333333,9.583997,0.99,17.5,9.615108913196789,70.37669789854621,83.24972689749387,290.6513450015577,0.0,6.225742996122356,9.471748654285543,1.0,6.225742996122356,9.319696237088726,2.857142857142857,-0.0421447171255555,0.0979874991666666,8.976371512795817,8.99207599221161,8.977128179568584,8.962814325056378,8.955174237148231,8.942768841029165,8.968005534114248,8.923897066652339,8.94982486742099,8.912955204501095,8.940533854120988,8.897654836218578,5.214713952585539,5.116903050759981,5.031058011916492,4.993550603600703,4.963893018989906,4.981776012908677,5.0175262577279165,5.072418954555465,5.1443600477813085,5.228403455498294,5.3235891631642085,5.411118511572195,13.801738891146941,269.99999914622634,0.6307185346060094,1.8860158170220247
2022-05-20 19:00:00-07:00,0.0656052166666666,0.2225396333333333,0.99,18.5,0.2230049836201592,88.83874954426766,89.59358672418226,296.2434667146317,0.0,0.1423190049740226,0.2238572020102968,1.0,0.1423190049740226,1.200331999880094e-05,2.857142857142857,-0.2847165283333333,0.0979379956666666,0.21054424054817975,0.21054424054817975,0.21054424054817975,0.21054424054817975,0.21054424054817975,0.21054424054817975,0.21054424054817975,0.21054424054817975,0.21054424054817975,0.21054424054817975,0.21054424054817975,0.21054424054817975,0.12384698530765499,0.12116269574213752,0.11889293481181716,0.11712876788079071,0.1159410242716745,0.11537659333914298,0.11545495123850236,0.11616820870087685,0.1174822262851544,0.11933775050440461,0.12165564346926383,0.12433920717127557,0.8416006907153931,269.9999746011309,0.7426559125775588,1.857250734201724
2022-05-21 04:00:00-07:00,0.45077215,0.3148594333333333,0.99,3.5,0.3203597693147313,88.0020956323577,89.30085774267873,63.91463865941921,0.0,0.20140800893983649,0.33052453467928894,1.0,0.20140800893983649,5.014220636972956e-05,2.857142857142857,-1.0033917144444444,0.0979002593333333,0.30061773781359735,0.30061773781359735,0.30061773781359735,0.30061773781359735,0.30061773781359735,0.30061773781359735,0.30061773781359735,0.30061773781359735,0.30061773781359735,0.30061773781359735,0.30061773781359735,0.30062698516217184,0.17525076100137382,0.1711638664154611,0.16800165862755864,0.16557264115981926,0.16397145997961127,0.1632576748730459,0.16345048208108,0.1645327543802887,0.16644963214258143,0.1691130731158543,0.1724062335711123,0.176191976522611,1.4461355285833237,90.00002096531544,0.737381426672235,1.8574613646520302
2022-05-21 05:00:00-07:00,0.9031141666666668,5.757175666666667,0.99,4.5,5.8794086160205925,67.25049170049877,82.22136833824466,70.09002859231146,0.0,3.7534662374923835,5.9664010316550655,1.0,3.7534662374923835,5.678149037501522,2.857142857142857,-0.9257704705555556,0.0979372939999999,5.62274382843323,5.633816779839618,5.6494792183743465,5.638691844475818,5.62347299346978,5.623368605913032,5.608533979350033,5.599866233227469,5.600211301535556,5.592153801037757,5.587360159244124,5.5796532789517626,3.1231393219292367,3.0543045900887895,3.011592142425909,2.984770405722028,2.9831979673858777,2.9929887922956717,3.0092096379073556,3.0511662553999335,3.0875548220637072,3.139925206849458,3.1938317013897817,3.2388552905373524,15.988154316309096,90.0,0.6122806936292885,1.8958241947779366
2022-05-21 06:00:00-07:00,0.4581877666666666,31.7348045,0.99,5.5,31.883139677727808,23.14559858805007,71.11054995655081,78.97440471534503,0.0,21.804213797110094,30.136890315973083,1.0,21.804213797110094,29.6059898408465,2.857142857142857,0.2538463015277778,0.0978691604999999,24.704756265531312,25.0435605418884,25.380066848424487,25.467121693087957,25.800411439180923,26.115539186013912,26.194155477675174,26.52667683332906,26.28711009800601,25.926245195803663,25.69123180587396,25.45892512577181,17.190351943421355,17.144482822949264,17.242318737521547,17.308688038046906,17.5603387087018,17.73828226695073,17.974968855417444,17.814294723307274,17.635801634457824,17.549015089150817,17.327767729162023,17.082484138075188,50.0,90.0,0.366977778440511,2.214355247456318
2022-05-21 07:00:00-07:00,0.54464185,76.78283333333334,0.99,6.5,77.05795345048219,9.79764320027374,59.65938622543976,87.98757641666577,0.0,52.840070295619384,72.84668464846065,1.0,52.840070295619384,71.99151159086219,2.5773775176777547,1.3340922505555557,0.1000658338333333,59.297836162470475,60.11766979629188,60.93175804991419,61.14206271809842,61.94876890438362,62.711480501878476,62.901339629522646,63.705304971054694,63.200049908996895,62.47382346078966,61.97708446160523,61.48592292738736,41.74129052927798,41.615898943775896,41.838417631502836,41.98308620520436,42.580202046784166,42.996959472761176,43.56072860233026,43.226053645988706,42.85120704748027,42.702516273423434,42.229353403907226,41.700334225833004,50.0,90.0,0.366977778440511,2.214355247456318
2022-05-21 08:00:00-07:00,0.2287444833333333,80.412225,0.99,7.5,80.56483899878832,5.983533903137596,48.15012728039512,98.04452936564405,0.0,55.147338223721476,76.25287087468766,1.0,55.147338223721476,75.58729402713682,1.9098780648327334,1.6840037,0.1046625413333332,62.258711581162466,63.115932334972264,63.96504276730059,64.7668787815506,65.03678074816295,65.83532646285268,66.59965043298777,66.83634872847897,66.35818534061912,65.69129212559827,65.22960906435104,65.33740048670546,43.525844067812514,43.046021296927584,43.24309374385371,43.41266904347889,44.00883396070772,44.75875708998524,45.12446656376811,44.853946964254895,44.81684328682099,44.4628859592919,44.04987085640578,43.57564074620415,47.86838727824636,90.0,0.37919708860107953,2.186306957989914
2022-05-21 09:00:00-07:00,0.6178401833333333,138.49454666666668,0.99,8.5,138.9880983356362,12.329052300847692,36.981110355802464,110.79089243489057,0.0,92.95173379324541,134.99450149731396,1.0,92.95173379324541,132.19417065458742,1.5483240049875249,3.01751665,0.5878637293333333,118.05332763186571,119.30958509446273,119.76893649650174,120.93213854183692,121.38657523412691,121.73509471400124,123.29349797930614,122.75793363260105,122.20786435352059,121.99610531625434,120.51264321235602,120.31635957531444,73.76919038815771,72.37133176625365,72.01054753405585,71.79547058043897,72.50957072428882,72.6897685433645,73.04067080826248,73.75546549067069,74.35854047321517,74.45829029073651,74.81325346378082,74.71408888382696,35.145587015844185,90.0,0.4621719872526566,2.039450897838095
2022-05-21 10:00:00-07:00,3.8375726,352.21188333333333,0.99,9.5,355.6316799736731,16.8634077013383,26.983735774493365,129.74237707260676,0.0,232.48045215989387,354.61556309799647,1.0,232.48045215989387,344.1678284362718,1.2961780489696455,3.2996468,1.1647239966666667,330.79127394034197,331.93852114436504,332.61456840816635,333.24322480149027,334.26909562733107,333.7738821766485,333.6717991572293,332.4380250806802,331.96619059033515,333.08540730673013,332.57958024078107,331.3667350533261,190.30476270598044,185.34791519021462,181.28088817425527,177.9031132845582,176.9748425715153,177.23289497286532,178.27422931698322,180.46810219886925,183.1561536731284,186.15273491091267,190.26157496430474,193.6333358945255,21.38098531191272,90.0,0.5677161121159058,1.9259660012924575
2022-05-21 11:00:00-07:00,680.9793950000001,454.21173333333337,0.7859213430214116,10.5,1092.8379982824802,19.190925602491884,20.313764190595506,161.23969000120394,0.0,709.0301703865036,1105.0278544369644,1.0,709.0301703865036,859.8524994426313,1.089315964951474,5.037719011111111,1.340146165,1091.1570856380317,1091.1511209881478,1090.8242045165257,1091.489502427198,1091.4971058300162,1091.3187719011082,1091.9789365532251,1091.9750717640684,1091.7935542097796,1091.5184863155512,1092.1803503317587,1092.1791047374236,457.1004873111695,424.6346142294817,396.69514800919893,372.73685658530525,357.91893025634,349.92040220140257,349.07710901117247,355.39023579874157,368.3359287223996,386.5327018486794,410.73236849064006,436.81732921763256,6.78938803473131,90.0,0.6908899722864276,1.8641554360267572
2022-05-21 12:00:00-07:00,836.7826166666667,310.92606666666666,0.7242154700954327,11.5,1093.8824788406314,19.072750288416007,20.662560663969828,202.1731328816695,0.0,700.4572134177345,1112.1086257270954,1.0,700.4572134177345,793.4771566677879,1.1067965075959665,5.599746122222222,1.3771708116666666,1102.4446653436382,1102.435056903543,1101.9318577293443,1101.9329803779358,1102.1516480143052,1101.570100427984,1101.5785940302735,1101.586424615431,1100.8827069318113,1101.1332573112838,1100.342133802624,1100.3550357853976,388.46132015743615,364.0363254178327,341.52122026859166,323.89671797102005,311.7460158282991,305.759861603203,306.17508207486026,315.1054646031406,329.7609441466351,351.34739003716555,381.28897587497175,413.5536838269542,8.100406251175135,270.0,0.679545874190913,1.8671201985001828
2022-05-21 13:00:00-07:00,757.0855833333334,262.60901666666666,0.6159393290108135,12.5,932.5536773291255,16.521506705729596,27.76084266829198,232.37196195083374,0.0,581.6029224630737,1035.4992354595392,1.0,581.6029224630737,569.4489041509335,1.3158696358463968,5.651504066666666,1.3107050016666666,1013.7225076127257,1011.5778832620927,1009.7650033145605,1010.0423615943478,1008.0090310451924,1005.4462900670779,1003.5583109986248,1000.5058997823162,1001.0996394595143,1000.8369984648685,1001.0889442037744,1001.0113274072896,254.71714524428498,241.1277179721565,227.92180946575309,219.93931966663737,213.50980954876275,212.26542014595924,213.41008152238135,221.50979257881116,235.52728837826862,253.5141033724589,275.84298564073754,303.2018366728021,22.63018096568653,270.0,0.5576092115143033,1.9341351984403914
2022-05-21 14:00:00-07:00,846.30975,185.66891666666663,0.4976539137110369,13.5,853.365977274198,11.795767080892992,37.91239630036245,250.5678389834423,0.0,495.06817612480955,1088.9008673614285,1.0,495.06817612480955,408.89882712577395,1.5742011080487206,6.196107016666667,1.256662785,1050.1353888504968,1047.8699275201432,1045.5738823442468,1042.3937284586614,1040.0359318892586,1036.5268483821667,1035.6481601266348,1036.5167751752056,1036.1503874229336,1037.1721381415991,1036.8771754853321,1037.024224002603,155.33810990254514,150.30814661645013,146.26241501232832,142.21651974970794,141.24371958481217,140.3626878290564,141.64699565399565,151.82087155978795,163.3703771229786,179.74020474701138,199.73066502618497,222.3232221696965,36.2958411191854,270.0,0.45402266100115424,2.051171605052158
2022-05-21 15:00:00-07:00,373.61942166666665,260.5879,0.4213200239353544,14.5,505.0767045746453,5.2993592879267,49.12740030375481,262.9842857483416,0.0,272.860187909494,701.5301708689105,1.0,272.860187909494,214.83210642413206,1.9495829842134027,6.383014883333333,1.42363584,665.4086336903532,663.0406291429883,660.6391323579558,655.2884905148184,652.9612678534459,651.463234120738,651.2020982822597,649.5791937850356,648.846813908156,647.4345591164922,645.9625182312326,644.3826555597533,92.1387690136784,89.53774985169419,87.3145778583039,85.56792226739236,83.59337677626407,84.06538560697113,86.01668863845418,89.78255831086281,93.33386920268688,100.21592096108503,107.28744959561153,115.66972440028322,48.914215279481624,270.0,0.3731367669194922,2.199954593242453
2022-05-21 16:00:00-07:00,526.0511733333334,189.13976666666667,0.3699893911341884,15.5,447.09657536956723,10.898771342217177,60.6354595686312,272.90605478237774,0.0,179.50471135879573,800.4419558859438,1.0,179.50471135879573,170.87061053161702,2.6539014602047084,6.879676394444444,1.3760708416666667,769.1816850211178,766.2665403943756,763.2943122283217,757.0635344911593,754.2008813517409,752.9511517085515,752.4072010594768,750.7949824928745,749.0969988174614,748.5435071226208,746.9649303461463,745.3240643599491,69.1001923009607,67.91535567421062,67.21520856189011,66.24682126049069,66.77459175982112,68.04210355638368,71.17404485197655,76.63322170221264,81.07911207480858,87.33648903243119,92.78198046138536,98.42025267487988,50.0,270.0,0.366977778440511,2.214355247456318
2022-05-21 17:00:00-07:00,14.2329753,143.87199166666667,0.3202077916703618,16.5,148.25706358997243,28.3257608827137,72.05569108969486,281.883654126968,0.0,87.16439525206827,167.9491036705218,1.0,87.16439525206827,53.031750858975784,2.857142857142857,5.787912011111112,1.1145880716666667,159.15066522808144,159.41623632443796,158.9612526966821,159.3802914538669,160.9668567878169,159.42860160026683,158.73069766835465,157.1210592626569,155.4408107621714,154.70431710660333,153.00462683276194,151.26482643094252,30.67528471361402,31.01335662551484,31.315823552698312,31.490597311022857,31.73325391781956,31.959052655696283,31.13654704580122,30.390695061242546,29.667824321278463,29.01282561597908,28.622672380275585,28.87413507573685,45.540646502066195,270.0,0.39312624730849266,2.1567397599484464
2022-05-21 18:00:00-07:00,0.1546766833333333,42.67153983333333,0.2920379282119008,17.5,42.69009966461316,69.95050069321117,83.1084088621986,290.7960911562379,0.0,26.47415288446306,45.12863038637672,1.0,26.47415288446306,12.124853754843937,2.857142857142857,4.994628894444444,1.2137399933333333,42.35217947537714,42.38205165861364,42.38166647693672,42.4141539030601,42.42285522054894,42.459248340708534,42.45931985496941,42.49783147851616,42.5494121279371,42.54991753560908,42.606152703083545,42.50471879441527,6.79885557030762,6.712801741236574,6.579413591869723,6.467379360048906,6.396663125805952,6.3225353052617255,6.266634661169067,6.291157903820892,6.286471866783086,6.344500616969786,6.431079145667796,6.613214452045557,14.123538692933003,270.0,0.627993279250475,1.8873710074958439
2022-05-21 19:00:00-07:00,0.0628129666666666,1.7443108333333333,0.99,18.5,1.744918651018591,88.41571254208682,89.4455614271825,296.3800685751693,0.0,1.1156538757763848,1.7458719079058624,1.0,1.1156538757763848,0.00017554597696534224,2.857142857142857,4.288269766666667,0.6917566173333333,1.6493603736386757,1.6493603736386757,1.6493603736386757,1.6493603736386757,1.6493603736386757,1.6493603736386757,1.6493603736386757,1.6493603736386757,1.6493091436338214,1.6493091436338214,1.6493091436338214,1.6493091436338214,0.9761798985435253,0.9550808728603027,0.9367522403318068,0.9219474371969661,0.9107398034121641,0.9051285660857689,0.9044766380117429,0.9088525073268906,0.9181227136223286,0.9319295773969155,0.9497273315900546,0.9708060477250269,1.149596076156696,270.0,0.7399685547989605,1.8573441371853279
2022-05-22 04:00:00-07:00,0.22560285,2.97119745,0.2328055644452817,3.5,2.9744300457104518,87.65370406099399,89.17899782987915,63.75709848772868,0.0,1.900829334358673,2.9797790247741682,1.0,1.900829334358673,0.0006544091972619459,2.857142857142857,2.4840352111111117,1.2251080495,2.810705412473186,2.8109312127264796,2.8109312127264796,2.8109312127264796,2.8109312127264796,2.810918215909568,2.810918215909568,2.810918215909568,2.810918215909568,2.810918215909568,2.810918215909568,2.810918215909568,0.3882359289765065,0.3798570400929171,0.37283884654765814,0.3674569504057504,0.363917575286013,0.3623486645277664,0.36278983072611404,0.3652756084605361,0.3695275822216911,0.37542222075126785,0.3827010806990418,0.3917253661464217,1.7007041222157866,90.0,0.7351607360375586,1.8575833616748727
2022-05-22 05:00:00-07:00,0.3860388666666666,50.365098333333336,0.2574141290120028,4.5,50.41810306603633,66.90246574281653,82.10812195667894,69.92484579638949,7.771561172376095e-17,31.10973390684295,53.75408463960443,1.0,31.10973390684295,12.647137067303266,2.857142857142857,2.665969227777778,0.5586220305,50.7234527237848,50.86452750265277,50.98293978227405,50.92405814955317,50.71766692741774,50.85715487903931,50.80461920406123,50.5989842084098,50.74655243548068,50.551380017955935,50.69137935757068,50.649886055628286,6.830783494423345,6.687612444590976,6.625860099492249,6.523880878809983,6.510938212942032,6.577874966047102,6.568032207658351,6.6542359611643,6.71862033081608,6.839115858712601,6.98288087195212,7.0388537163255975,16.259416569304843,90.0,0.610006602711151,1.897139005659903
2022-05-22 06:00:00-07:00,224.60058266666667,147.721255,0.2701371612223636,5.5,220.8190522775161,23.113140557272697,71.00674483538909,78.7951845624097,0.0,75.80375331658064,421.4798241055407,1.0,75.80375331658064,73.11496276279561,2.857142857142857,4.651889766666667,0.9038260225,391.3788674950516,392.94327351391064,394.4891446159324,395.1779177001055,396.682445253256,398.1467797283062,398.7965289206411,400.23868258707796,401.7188864912241,404.72460472660146,406.1409739004273,407.5248987095708,23.4738034016058,23.874460612333646,24.426113385286584,24.990206352155603,25.69311451606008,26.373664016822335,27.079414867547662,28.41059226944658,29.74928601105786,31.15950586257778,32.50133639180893,33.845933196010996,50.0,90.0,0.366977778440511,2.214355247456318
2022-05-22 07:00:00-07:00,186.4549783333333,233.77453333333327,0.2526894760669843,6.5,328.2388900263821,9.728421076717208,59.560145542566815,87.78822494880008,0.0,168.21866596700602,461.10320000445785,1.0,168.21866596700602,100.09540216032124,2.5694666889015023,5.861762905555556,0.9442790616666666,422.5909678674426,425.0970161047773,427.54677874773563,428.6054112154586,431.04615998005545,433.4167696169956,434.4090743980737,436.62127338041574,437.7984954110899,440.4208997115558,441.6205950731447,442.79821857175176,57.3514073013359,55.91963493417257,54.74520091317235,53.34639180071148,52.74904416607156,51.83224260211092,51.65492060210979,51.60910264189711,51.806718775181075,52.53026893411738,53.0921020084622,53.8029791097421,50.0,90.0,0.366977778440511,2.214355247456318
2022-05-22 08:00:00-07:00,556.59783,226.0699833333333,0.2375424323854869,7.5,598.1530977618515,5.80433568040876,48.048951479248096,97.81537629375833,0.0,311.51591924076155,854.6188194239814,1.0,311.51591924076155,157.1624079355268,1.906725327325021,7.803372088888889,0.9337403,803.0568136181643,804.2746073774704,805.3701511952153,806.5108911420277,807.0786705182497,808.4001327046512,809.4880582180657,809.7813339304346,814.1946948090915,821.2850594467145,824.9967575731365,829.1548415201955,79.78265620356805,72.24783372626983,66.64757082686123,62.00811204732115,58.209359587052305,55.956780277182204,53.578152131307455,54.75694188987267,57.613357037559965,60.63724062607973,64.11700037257219,67.93602500379166,47.7829933411422,90.0,0.3796974089608252,2.185202410169545
2022-05-22 09:00:00-07:00,881.2529833333334,206.1837833333333,0.2254977052120056,8.5,911.2041522383001,12.14074193626674,36.86794903830977,110.52028167210551,0.0,527.0473628809162,1128.6008302051234,1.0,527.0473628809162,213.64823408319685,1.5469381762800871,8.991169011111111,1.39346802,1088.5989557115918,1089.0766227886538,1089.1074963716876,1089.3918511994198,1089.5168271137898,1089.7808379071314,1090.2518478969164,1094.0070781574766,1097.5031159657635,1101.213961988664,1108.1044098460325,1111.277096097011,106.1145441821013,95.13636216597183,85.52667651349039,77.75252488843427,72.76687560425616,71.6060470653123,70.14184150920595,72.12299779290069,75.3698283233434,78.90275217338488,83.68538815789118,88.39491391639793,35.08272199446887,90.0,0.4626207468797348,2.0388197794381195
2022-05-22 10:00:00-07:00,918.99675,333.00628333333333,0.221348393635413,9.5,1152.9853637019467,16.668176715894614,26.842059020769653,129.437278209589,0.0,730.0301592538483,1243.2176633640279,1.0,730.0301592538483,261.84193619142565,1.295656302559245,10.525005266666666,1.5651494916666666,1216.9953534087895,1217.0888266572142,1217.5856562801926,1217.778881260154,1218.159295914664,1220.3078286551563,1222.5765998353315,1224.6804474109222,1226.448744128727,1226.528751294276,1228.1724274457288,1230.1618155943183,138.77197410997036,127.71998670129321,117.06843550609858,109.59960186603664,104.74778782699508,102.18724558103399,100.60131933116135,102.99464898617387,105.10935639787171,110.09029593840661,115.12001976957757,122.62962995275689,21.3474958861855,90.0,0.5679882800205519,1.9257530702327301
2022-05-22 11:00:00-07:00,802.7958833333333,304.9003166666667,0.2178390768223756,10.5,1058.663382290114,18.99331801674366,20.12862621589369,161.0397625846042,0.0,687.4467487810567,1070.0065148971107,1.0,687.4467487810567,234.17552696823614,1.089338518533917,11.126440166666669,1.83114066,1062.1670116381397,1062.1653257987593,1061.8967586863682,1062.6962087108398,1062.698370496619,1062.3970503035594,1063.1950311315713,1063.1939315176328,1063.1450867990293,1062.7488300225664,1063.5473221838065,1063.5469557336487,122.47112505049854,113.20744829101345,105.21960937158072,98.35779111263865,94.25592893408968,91.9249470858539,91.63124517910246,93.38159661359087,97.01905440149812,102.15966906139887,109.24550433944388,116.63944989686836,6.791085045425671,90.0,0.6908752669510954,1.8641589379540402
2022-05-22 12:00:00-07:00,895.7386666666666,183.0458333333333,0.2128728758174433,11.5,1022.2223124188406,18.878753080718663,20.470211024359102,202.29918710106523,0.0,654.4259759899555,1036.542611987924,1.0,654.4259759899555,220.64816091421034,1.1062816669365167,12.168906111111111,1.7490839366666668,1031.9032867125368,1031.900558134898,1031.5124217064138,1031.5130262363862,1031.573114690877,1031.1140400495715,1031.1164150263887,1031.1186001398307,1030.5738626477705,1030.6424679245913,1030.0205436210476,1030.0241484279659,106.62945166583071,99.74808440730732,93.37311915570122,88.24883637892638,84.8357702380069,83.17170491468204,83.32099368486986,85.87058880240315,89.87881422535506,95.99777332367319,104.4624284330362,113.57992147143563,8.061923833247745,270.0,0.6798783618903624,1.8670257815021611
2022-05-22 13:00:00-07:00,615.9091583333334,347.8923833333334,0.2203277857042694,12.5,893.7120631676974,16.336660255027244,27.600245118778616,232.618115657714,0.0,559.6817187884565,970.3543348343694,1.0,559.6817187884565,207.3732095611282,1.31473062754314,13.115137888888889,1.9340909166666669,941.6833456162477,942.2043323112415,942.5804392273403,943.1295757567983,943.3634534204873,946.0231146469282,948.7026476120425,951.2882688004033,953.6149988854038,953.6364806026196,955.6959477566345,957.9109606348931,105.56974246343646,97.50199131291967,90.62171012299224,85.6358857647919,81.55938286614015,79.06638212886752,79.37696870034351,80.51576646220501,83.96309265790457,86.6328202725585,92.33758771737342,97.581397853794,22.558713286488505,269.9999985212207,0.5581850161317538,1.933655960725535
2022-05-22 14:00:00-07:00,16.021664216666668,345.78408333333334,0.2357921942648705,13.5,358.448048952321,11.623497717655784,37.774510511124596,250.796978985186,0.0,234.95361396094617,341.92528747723526,1.0,234.95361396094617,94.67960424628887,1.571970441147938,13.116242388888889,1.6083920333333337,323.5562756168132,325.8625254608511,326.2917821117103,326.52374096393373,326.9723456473964,327.3989623171591,323.9669864863364,322.4806059578119,319.09864670440777,317.5397420323004,313.9687998239816,312.3203482287539,55.26553682133513,55.1200713206818,55.08792678053189,54.91998534100829,54.86389607902459,54.63381854165773,55.805628374497694,54.695364523695524,53.79246873677046,54.34832279997347,54.29160993640337,54.65406933997524,36.19842994139345,270.0,0.45470822274340733,2.0501663611167515
2022-05-22 15:00:00-07:00,93.60485333333332,360.25551666666667,0.2389869719086271,14.5,421.66679871224864,5.140506352741245,48.9992109639145,263.1817412249382,0.0,254.62669504136755,472.5716734722517,1.0,254.62669504136755,123.54127508632638,1.9450593192258647,13.747053055555556,1.4150223216666666,451.9349203395814,449.52503087604737,448.84422206884483,447.1743746916456,446.508672210868,445.06639692998067,441.78176871741346,438.36535113953545,436.74033333536687,433.2923807198246,429.7595055852163,426.14576869572034,71.27188982728255,70.46694994873988,69.7357387238998,69.10632978070694,68.32204847804417,68.25272814180175,67.78237873550425,67.12716399415324,66.78143662753936,67.52061360528897,68.37430562263907,70.27530691030071,48.79776555332044,270.0,0.3738053897727057,2.198424054508731
2022-05-22 16:00:00-07:00,15.93012235,227.53956666666667,0.239551422166172,15.5,235.3818506929857,10.806674187727966,60.50860971765188,273.0782734115243,0.0,147.74832627486768,235.56394833621928,1.0,147.74832627486768,71.70312145138611,2.6432093696631007,13.661287666666668,1.3680685183333334,222.26257054701438,222.80649979134876,223.3566813168033,224.29993227151968,224.88240704736398,222.2336589036555,221.02071147997296,218.29767015787664,215.49741150074732,214.21520669059598,211.35684851650655,208.4528211348697,45.94136184666545,46.52266217808476,47.098395697096464,47.52293995221532,48.11248787441878,48.72363547323051,47.7545469841937,46.99103872781481,46.12982123956742,45.620584550021576,45.08647676772539,44.78917126008011,50.0,270.0,0.366977778440511,2.214355247456318
2022-05-22 17:00:00-07:00,29.6605035,142.558515,0.246418233391427,16.5,151.76118104620738,27.56625785785548,71.92469720510364,282.03725754455684,0.0,81.13615603808721,197.08992639244264,1.0,81.13615603808721,46.54097899714225,2.857142857142857,12.621131777777778,2.1453072866666667,188.69962842394978,188.617255733414,188.53226375606025,188.26168877307703,188.06682776219787,186.57414747453896,185.87797031994234,184.32462670522057,183.5754367414813,181.97733693763158,180.4650398886746,178.7922524263649,27.080848410150875,26.954434937636375,26.204986490667316,26.046988696293415,25.82034859663706,25.645271484807047,24.92109885474757,24.233997368242793,24.126772399612424,23.571526137648007,23.065704683341487,22.705882142270813,46.29205270791416,270.0,0.38856434543313906,2.166160172532527
2022-05-22 18:00:00-07:00,176.62444445,71.63873333333332,0.269251994106143,17.5,93.2579292534204,69.52979834991557,82.96924733075184,290.93510092811937,5.4400928206632635e-16,36.50224407707476,162.20465117896651,1.0,36.50224407707476,26.088375422707777,2.857142857142857,11.256369388888888,2.1364482516666663,145.09233871725777,145.00000508725208,144.9349234529652,144.85251807475336,144.77320422803618,144.6813693373724,144.58745143035748,144.50662795676138,144.30473687364795,144.1817038770587,143.9648073113135,143.81622292097967,9.372577751692413,9.189167691633902,8.931638806344218,8.789646484070403,8.639722234342896,8.453936231963649,8.389171098392518,8.330755482117384,8.35559505650356,8.338668828570933,8.466252407623685,8.597271409632949,14.442105442414045,270.0,0.6252991945053994,1.888742714414661
2022-05-22 19:00:00-07:00,0.1389735499999999,5.0052421166666665,0.2496548664990859,18.5,5.006523436014037,88.49051076074495,89.47173234790009,296.6700028505569,0.0,3.201266705353311,5.008443432735627,1.0,3.201266705353311,0.00045959187061881356,2.857142857142857,9.595221244444446,1.1539477299999998,4.732401701299379,4.732401701299379,4.732401701299379,4.732548704100161,4.732548704100161,4.732548704100161,4.732548704100161,4.732548704100161,4.732548704100161,4.732548704100161,4.732548704100161,4.732548704100161,0.7024948790663336,0.6872467314148882,0.6743689377686044,0.664375546062521,0.657662652472819,0.654490332987497,0.654957357736628,0.6590153923418182,0.6664600660809026,0.6778568547829779,0.6911318221653945,0.7064153106902195,1.0980821824551783,269.99997327265726,0.7404180118365709,1.8573265030000858
2022-05-23 04:00:00-07:00,0.6131237000000002,3.7300222,0.2075757409410682,3.5,3.7382108443449105,87.81312506339701,89.23475685250295,63.44397906302419,0.0,2.3861619964475205,3.7527007763812685,1.0,2.3861619964475205,0.0007175459381382249,2.857142857142857,5.8103920833333325,0.8978791453333332,3.5310762768384687,3.5310762768384687,3.531061729717833,3.531061729717833,3.531061729717833,3.531061729717833,3.531061729717833,3.531061729717833,3.531061729717833,3.531061729717833,3.531061729717833,3.531061729717833,0.43455817123386886,0.42518565552460624,0.41733024776229033,0.41130195829359123,0.4073335720291345,0.4055699745802899,0.4060573635601334,0.40874885499856517,0.413508695344212,0.42011447546855524,0.4283751482449926,0.4377530667023868,1.5894140253743583,90.0,0.7361315249142562,1.857527600358936
2022-05-23 05:00:00-07:00,312.25661766666667,42.45045833333334,0.2461619789669224,4.5,85.90686847966326,66.57018351837698,82.00024303526713,69.7627719976013,6.217248937900872e-16,19.945274548433076,190.81278530958093,1.0,19.945274548433076,23.665813954741445,2.857142857142857,7.128095688888889,0.8978181,170.3322269383618,170.42728136229533,170.5083580623978,171.02886893079827,171.0849662168073,171.53849668053056,171.97337054309492,172.40558493027046,172.3660408828134,172.80126689659156,172.73815024262427,173.16743459592834,4.583664488241573,4.588565573759439,4.531022858989839,4.6545993562313726,4.7549572718122874,4.773609593807971,4.9590501151718644,5.147637086624461,5.210702764862631,5.431512818978369,5.6706782459018665,5.89122224123789,16.520065980932298,90.0,0.6078244386662074,1.8984226481988276
2022-05-23 06:00:00-07:00,325.98932263333336,119.71439,0.246786911401538,5.5,226.3396888649593,23.08564183282859,70.9082288392664,78.61940769210798,0.0,62.83218403993735,473.12818710599987,1.0,62.83218403993735,66.56010651100638,2.857142857142857,8.079232244444444,1.3637465183333333,446.03612178549434,447.33391195933984,448.6145274074623,449.1935832668149,450.4420851058615,451.6572199617999,452.20224125423255,453.3972867250428,454.7681975805766,457.5348179687669,458.84767162847555,460.1285830343785,18.426721067719935,18.782928211848184,19.24822610758569,19.731681898287814,20.312601712495354,20.88127563147006,21.464712607696804,22.6875214759511,23.92034067428061,25.203185060507966,26.444035011471023,27.68455708621065,50.0,90.0,0.366977778440511,2.214355247456318
2022-05-23 07:00:00-07:00,2.0114137333333333,147.88679,0.2348135608022974,6.5,148.90868090282024,9.66698666286733,59.466231127740265,87.59265137118355,0.0,99.10767802599102,130.69680401004686,1.0,99.10767802599102,46.153443395097,2.561992595152277,7.578494705555555,2.090930805,112.72285463172751,114.76909147923197,116.78404598420852,117.69345611244495,119.66218559034643,121.57839056458818,122.43721973655963,124.31175503516118,123.83836650689712,123.03291482772833,122.57734494193268,122.12763199704678,28.95001515197899,29.354845196898392,29.92622718448673,30.50846108772911,31.28576025886224,32.02877327470036,32.83805551985841,32.48171461224312,32.11693369205488,31.819954990127922,31.423989765282993,31.00843950509205,50.0,90.0,0.366977778440511,2.214355247456318
2022-05-23 08:00:00-07:00,5.9582527333333335,240.7418,0.2300244297285535,7.5,244.73225727119407,5.629110885153266,47.953295678494136,97.59027741927105,0.0,162.12535816803572,220.6856477407676,1.0,162.12535816803572,72.22887568225909,1.9037619492839437,7.820248583333334,2.6541808500000004,193.47948652081666,194.8937840250033,197.95459984366653,200.9396058588846,203.92276485060708,205.24841952057912,208.0720045382841,209.35758577703888,210.2901296994676,207.89493427879464,207.36607908765487,208.36222505920466,44.05756798806283,44.234462335794234,44.88714879560196,45.760914615612066,46.69706204157801,47.93103676966489,49.0139421249123,48.742135969021156,48.37714158094026,48.01568720394494,47.63636123039884,47.35898489362285,47.70240393130154,90.0,0.38017033420598745,2.1841613765694645
2022-05-23 09:00:00-07:00,3.537697783333334,263.5891666666667,0.2334612362172684,8.5,266.42336483798874,11.956972309948327,36.76070875854975,110.25356385092499,0.0,176.16062796065026,247.938009967491,1.0,176.16062796065026,69.680135314918,1.5456511765816048,9.322452355555557,2.6867623333333333,224.94570545198692,227.7903252036863,229.106517773028,231.78598024308602,233.0417634510098,235.56901178227332,236.9090843202042,236.51937886270002,236.12334451616383,235.87890385807674,233.92673161808224,233.55823327873395,40.18400920851867,40.14056275378542,40.41510235461968,40.19585833403522,41.06056002935159,40.93881820762874,41.2563835894877,41.359098248571556,41.51478006703568,41.5348709151285,41.610572913830545,41.567107503627604,35.02422321832717,90.00000120741828,0.4630386489916555,2.0382333797829584
2022-05-23 10:00:00-07:00,349.7487749666667,308.36746666666664,0.2217633468196057,9.5,620.8042182976643,16.478080048448845,26.706852502130758,129.13393347563735,0.0,394.45466929256986,670.2983171350417,1.0,394.45466929256986,149.40615092542123,1.295191866990217,11.022654633333334,2.4573745833333334,645.9582569477367,646.2098339155725,646.6725358079747,646.9596873007512,647.3466037132835,649.8266111853061,652.3173925779486,654.6596621278687,656.8166905937801,656.7979591028374,658.7679858172148,661.0480068892622,76.00582554024543,70.48248040888411,65.3383534541891,62.261187901045446,60.12628698353868,59.535817715660606,58.826753799445406,61.00746661779472,62.151137392794354,65.67836805143143,68.26480275699004,73.10871955629898,21.317668260241618,90.0,0.5682307409088236,1.9255636893864185
2022-05-23 11:00:00-07:00,617.6854403333333,329.5772,0.2188354249832279,10.5,910.1961778605794,18.801362264417506,19.94989430928945,160.83508451420926,0.0,590.7726070937849,920.2974192193634,1.0,590.7726070937849,203.0877633931452,1.089396464030158,12.882001722222222,3.0903415483333334,911.2519411822238,911.2505224682876,910.9986622302755,911.8283050993666,911.8301162144859,911.5301494299638,912.3585412435932,912.3576186883474,912.3154828824302,911.9149242359468,912.7437435676113,912.7434417580916,106.0903095475387,98.33788938740493,91.66167550370929,85.93366921783459,82.57137257877258,80.64192585336761,80.41919936104681,81.91036684782733,84.97824251220672,89.30379815218758,95.32674389913274,101.53460088253328,6.795445006632094,90.0,0.6908374862298728,1.8641679391023267
2022-05-23 12:00:00-07:00,134.25766000000002,414.4529333333333,0.2305524921106157,11.5,540.3856397640883,18.69075758522142,20.2828546422963,202.41660867366159,0.0,346.75762819103244,544.1911871437719,1.0,346.75762819103244,126.65351027254052,1.1057470854176819,12.951233888888888,3.3234879766666667,529.248010125367,529.2464467750925,529.6850050504495,529.6868745616222,530.1060018130057,530.1052114384313,530.1042146568259,530.4593285517824,530.4250303061931,530.4247885947796,530.7232121119421,530.7243383673882,67.06073548195441,63.443377801653845,60.1342800375363,57.79732583589218,56.408929139226764,55.54335337406163,55.64281778250088,56.47272925051346,58.007155003486325,60.10018124535035,63.01651630340267,65.89017478004487,8.021956110437918,269.9999974386791,0.6802237160941272,1.8669281931345179
2022-05-23 13:00:00-07:00,416.78937800000006,410.83298333333335,0.2234037742148116,12.5,780.7204387944688,16.15796835700411,27.443153145022276,232.85524109453328,0.0,492.15204909029535,834.3797005999384,1.0,492.15204909029535,183.72346282890243,1.3135877347926326,13.530407833333332,3.3437870333333333,819.8520040575901,818.4035927963691,816.838878384165,816.4690370513339,814.6445352206506,812.5956071965178,810.4713416801405,809.161982872575,808.4338593927037,807.0450543785303,806.3824229782531,805.5617067181629,89.37940931273576,85.24154200805067,81.32218231527247,77.86483178210834,75.7790365691066,74.22390076484835,74.01088230133888,75.84021146436258,78.80957067342372,82.85858207762165,88.9123034648202,94.70818073173399,22.486904798225,270.0,0.5587638671742986,1.9331758847853586
2022-05-23 14:00:00-07:00,63.8771068,372.8916833333333,0.2334285220879317,13.5,423.47420938365934,11.45737394541839,37.63915190652656,251.01798656414476,0.0,269.5316078902423,438.86056890622206,1.0,269.5316078902423,112.32127243415513,1.5697609554976912,13.778733166666663,2.592189695,420.4354837111182,420.4553140663667,419.86314671963385,419.02425256054323,418.40045794892654,417.69774896043486,414.5231971048032,413.2242819930075,411.8098184905007,408.78445908305207,405.53632948661175,404.0766971643839,62.2923447528354,61.03311399022802,60.01246864241493,59.095639340024185,58.08450214206057,57.14609897074639,57.73468140709522,57.21616237665341,57.06311337874134,58.50463346108289,59.59338228181856,61.19889513108269,36.10162289171551,270.0,0.45539037836402513,2.049169662440192
2022-05-23 15:00:00-07:00,172.71442633333334,280.7306633333334,0.2398847826731949,14.5,394.33003515140297,4.9877045598287975,48.873060061087436,263.372051864288,0.0,228.1647420839671,480.2348209294337,1.0,228.1647420839671,115.04579873764834,1.9406121433412666,14.649743444444445,2.58636221,436.66659007260466,439.32965339377904,441.91883007199385,444.44681176963024,445.3078437881304,447.86348824701236,450.296519002708,451.6425914126476,454.5602874198748,456.6385400893043,458.20011779512254,460.9781835627525,62.254641204905845,59.57724242976706,57.962108363599796,56.8780016446961,56.14255310239467,55.13986926979339,54.99598067467389,55.586385839117106,58.115891436004794,59.47496321772595,60.989249607472,62.623936358727505,48.682619903182236,269.99999914622634,0.3744680529531496,2.196913331152989
2022-05-23 16:00:00-07:00,0.3600387,69.11311166666665,0.2380028331155007,15.5,69.29103922453851,10.71757268117105,60.38364181614686,273.2440513443822,0.0,47.53786832839731,56.07327723032615,1.0,47.53786832839731,21.894975281169863,2.6327482856387165,12.894115444444443,2.541969676666666,52.01242585057226,52.27523313822213,52.54162329003777,53.02342672052854,53.29835206488099,52.37309433979653,51.94954147062279,51.006869575317616,50.03837040554244,49.590038904519275,48.597601209788046,47.59027060176669,15.02878523203347,15.262106779693857,15.48111182107501,15.651051904404156,15.843976040760513,16.026026617295564,15.595972845380631,15.182051559302717,14.75759288076588,14.416399470483713,14.086292040240563,13.838208177887378,50.0,270.0,0.366977778440511,2.214355247456318
2022-05-23 17:00:00-07:00,0.3380551666666667,53.85022833333333,0.2221393644700943,16.5,53.95583907577294,26.799345810006383,71.7956628367717,282.1848541084901,1.5543122344752188e-16,36.83919439363835,44.39657102340927,1.0,36.83919439363835,15.576118130695697,2.857142857142857,12.461347944444444,2.7686272466666666,41.47430570169858,41.68254353625782,41.85024475972209,42.240446853547276,42.46069657005154,41.76806382968788,41.443823742779756,40.7262637582491,40.37943702964844,39.64130424064826,38.88271823290873,38.11021328234319,10.532355785088262,10.708806645531999,10.873764905843366,11.027512013148506,11.150162174570216,11.28687856687583,10.96028583392002,10.643921340248461,10.33794775511186,10.082237727719068,10.092164363923136,9.910525647169532,47.06138878244179,270.0,0.38395800022825755,2.1759284873499007
2022-05-23 18:00:00-07:00,0.4609747,11.040980166666666,0.2062272518291157,17.5,11.098497680222954,69.11482477043828,82.8323132382832,291.0683416899722,0.0,7.18367077875406,10.816204068558699,1.0,7.18367077875406,2.188400630211769,2.857142857142857,9.903762716666668,2.925779863333333,10.256188989148624,10.301587217989985,10.270160362961713,10.315412475930325,10.28349198987598,10.298229650844378,10.300135683569927,10.315857399255803,10.332704113664589,10.38024229873797,10.353060449420658,10.326170776638227,1.289312076791033,1.277865251916108,1.2533658166127255,1.2307053015778753,1.2236067235399315,1.2081959504760156,1.1951307474731774,1.2029664350245444,1.20630255819209,1.2143412153646653,1.2298129801527116,1.2655499382834412,14.75720683725096,270.0,0.6226382079160626,1.890128950485527
2022-05-23 19:00:00-07:00,0.0417881,0.5384230166666666,0.99,18.5,0.5389128371869909,88.08080023922888,89.32839034971713,296.7950314564088,0.0,0.3444088832011644,0.5397424010211767,1.0,0.3444088832011644,8.01023635462697e-05,2.857142857142857,8.38340075,1.9082800116666665,0.5092863778548882,0.5092863778548882,0.5092705644956919,0.5092705644956919,0.5092705644956919,0.5092705644956919,0.5092705644956919,0.5092705644956919,0.5092705644956919,0.5092705644956919,0.5092705644956919,0.5092705644956919,0.30129917349767693,0.29481939818375547,0.2891835942682265,0.28462666198240355,0.2813482116055485,0.2794983398408858,0.279170484842247,0.2803933011436493,0.28313349339333876,0.28728838828995273,0.29316578093205864,0.2996821497585756,1.397738025920222,270.0,0.7378036444884049,1.8574404035853305
2022-05-24 04:00:00-07:00,0.08436125,1.061001283333333,0.99,3.5,1.06229159980099,87.49535528192553,89.1236193078202,63.29243058512202,0.0,0.6788188203747647,1.0644194322154048,1.0,0.6788188203747647,0.0002684679782988792,2.857142857142857,5.935746699999999,0.6307868428333333,1.0038384214086313,1.0038384214086313,1.0038384214086313,1.00391905366635,1.00391905366635,1.00391905366635,1.00391905366635,1.0038993162824559,1.0038993162824559,1.0038993162824559,1.0038993162824559,1.0038993162824559,0.5895488497376117,0.5768159533182566,0.5661580495330928,0.5579913195520807,0.5526266817461791,0.5502836659703129,0.5509627262629261,0.5546222132552221,0.5610780099662734,0.5707311313748701,0.5819153135888133,0.5946989760968288,1.8228897547241494,90.0000082776426,0.7340949694920507,1.857648925186207
2022-05-24 05:00:00-07:00,0.1957664499999999,14.718839,0.1606903255146775,4.5,14.746430383717884,66.25376162962912,81.89773855132141,69.60389601783744,0.0,9.608425076767716,14.17062255213417,1.0,9.608425076767716,2.267757955390491,2.857142857142857,6.002407161111111,0.7042372819999999,13.517541062974525,13.560417642194327,13.60349481696783,13.574681034656326,13.617277516762945,13.547530578060604,13.524076871643958,13.502413913851436,13.500364592036007,13.479968829533151,13.479811745569348,13.460991184588437,1.3323622116148284,1.3060694649921851,1.2916066494850342,1.260369271495114,1.268634539387237,1.2753542339939312,1.26526827766184,1.2890813563441712,1.3100242703573344,1.3166323173129995,1.341101586169219,1.3461141156751912,16.76990621325308,90.0,0.6057355306207407,1.8996716818592965
2022-05-24 06:00:00-07:00,0.3053396499999999,87.47102,0.2060665196322585,5.5,87.57136054401204,23.062959613350596,70.81499762634711,78.44718150454601,0.0,58.439691397596,75.38339801143069,1.0,58.439691397596,25.11679798308386,2.857142857142857,6.636603805555556,0.66151804,65.02442048006478,66.27710092899883,67.51103711365647,68.07596042166819,69.27945404274617,70.45195177695098,70.98603755708992,72.13441402370857,71.81111449438112,71.23808825113706,70.92497910759279,70.61591965970322,15.759476315859033,16.086687213060642,16.50258091909905,16.9367570793721,17.455469357986306,17.969453965936633,18.496282500430315,18.28476350451519,18.06093271022293,17.855242684213295,17.601969879411794,17.33263409781646,50.0,90.0,0.366977778440511,2.214355247456318
2022-05-24 07:00:00-07:00,0.72121375,189.7154,0.2117786686549642,6.5,190.08277002877955,9.613140629966088,59.3776283775836,87.40099138413605,0.0,124.57219470994204,172.97789447399526,1.0,124.57219470994204,54.871303145926944,2.554948434788206,7.210279633333333,1.5273898616666666,150.62440966734857,153.17379461075322,155.6829513606372,156.82500372839914,159.2772404626329,161.66564652485874,162.74423389960646,165.07353588470676,164.54746529211562,163.6583120717666,163.15467194036773,162.6573823666134,34.536304925862105,35.009622813176115,35.67243035459345,36.34845912911735,37.256004192757395,38.125452542055136,39.08569245934888,38.66189074607707,38.23685300050934,37.89425807266267,37.447476467699076,36.98372414105527,50.0,90.0,0.366977778440511,2.214355247456318
2022-05-24 08:00:00-07:00,2.016729016666667,208.08518333333333,0.2173876553608395,7.5,209.4382145824824,5.457942401992487,47.86313772151512,97.36941634449789,0.0,140.00950457527134,183.93114316346734,1.0,140.00950457527134,60.07543962783164,1.9009853610774288,6.737170172222222,2.338549433333333,160.30887270139056,161.57963617205436,164.3076934072381,166.9678906986337,169.6197284206724,170.80801468078775,173.32423038620652,174.4772042693664,175.28439760991427,173.1130805787441,172.62512565009973,173.48870701080304,36.91838546560724,37.22857833038315,37.9105016290513,38.76754428251401,39.67058024820126,40.801389268691686,41.812933509128925,41.56864761785193,41.244138305669146,40.9123991569275,40.55948468493768,40.27678204969556,47.62660738528165,90.00000085377364,0.38061580104993387,2.183183470930252
2022-05-24 09:00:00-07:00,9.101606583333334,375.2244666666667,0.2240052100575758,8.5,382.5257687146687,11.777828443433616,36.65936778154545,109.99100884192298,0.0,250.3361286871499,365.26340907765905,1.0,250.3361286871499,96.10134554098269,1.5444618100444734,7.412790105555556,2.0903698416666665,333.36109975480485,337.410467159488,339.15587137615955,342.71209466735684,344.3809253216149,347.73400222752593,349.51538525204535,349.13953939918645,348.74773644805225,348.5545697482463,347.9990365406842,347.635530306962,55.21315308165547,54.80670836803154,54.63973028031875,54.10368108516339,55.07865866655561,54.878870911492655,55.23533909790914,55.43323151134734,55.73640580294868,55.8824555037746,56.13468865214961,55.19089161167463,34.97006265573252,90.0,0.46342582657534004,2.0376912280006048
2022-05-24 10:00:00-07:00,23.893682216666665,442.28248333333335,0.2288004734735767,9.5,463.6512046782287,16.29319622704006,26.57811919833268,128.83273675113037,0.0,302.1300266660882,455.04491170196127,1.0,302.1300266660882,107.88507037259693,1.2947840000996922,8.529033516666665,2.2405919616666665,432.40338728616393,433.6816897543762,435.0949213823971,436.2993637910587,437.57629126224157,437.4359377061683,437.4134556424901,437.3783681394276,435.9428377966247,437.25104172576056,437.10529847931866,435.77729848945586,60.19631252226123,58.39949015074384,57.34379357832297,55.67207531537575,55.833113636798124,55.160388152779014,55.4471503031303,56.111648650562316,57.00674856914229,57.993651163658114,59.27898284155759,60.58531291784137,21.29146060882892,90.0,0.5684438166399843,1.9253975007632413
2022-05-24 11:00:00-07:00,52.7507985,506.21206666666666,0.2279741930718426,10.5,555.851250654962,18.615128892853605,19.77763180379047,160.6259004931956,0.0,358.8754013189265,556.5487850154074,1.0,358.8754013189265,127.26130551173179,1.0894891521413022,9.736812377777778,2.015235743333333,538.2725711395988,538.2719528794544,538.5127168387262,538.4779639554533,538.478706817072,538.7150070448167,538.6797317613934,538.6793524471682,538.6529088309812,538.8509245852542,538.8157507661683,538.8156698187679,69.2080161036501,66.12917460947031,63.53588062723172,61.36835468961594,60.16002763016691,59.55500908160028,59.64210702212972,60.43102902445868,61.834760254444014,63.72834893913772,66.28307459982477,68.90866851962147,6.802417364987706,90.00000426886824,0.6907770688063661,1.8641823454993496
2022-05-24 12:00:00-07:00,7.868656166666667,429.79545,0.23144433448917,11.5,437.1848337926154,18.508827043429473,20.100550571856374,202.5251500539766,0.0,281.1164113130365,434.13483024327667,1.0,281.1164113130365,99.85096819683095,1.1051934679430762,10.243413716666668,2.5677547483333334,415.65743289884495,415.656842748276,415.6542654856915,415.6543119720587,415.68209810853375,416.1702577408783,415.6808417888983,415.68114183106485,415.6776984375598,415.67674007747985,415.7116369842983,415.7093291797356,56.33302556118481,54.71349899214408,53.3227405032816,52.13194837446025,51.19808680032483,50.61510385084432,50.43478135529052,50.656800716634415,51.30013912329069,52.33187981724793,53.87991807949133,55.62913678334284,7.980557663848096,270.0,0.680581468731495,1.8668276194199924
2022-05-24 13:00:00-07:00,168.7353386,443.33596666666665,0.2285669669160922,12.5,593.2911471386942,15.985482126640333,27.289595669846864,233.08309631513745,0.0,378.08438715609356,618.5425187612962,1.0,378.08438715609356,143.82825648827622,1.3124419093890558,10.659115761111112,2.6511861,590.8339951963058,591.7206261097646,593.9112124243105,594.7288810619895,595.6814398785694,597.0752255640227,597.6666028141041,598.9562583422462,600.3963760204091,601.0942462902051,602.1876175402879,602.7868653675895,75.13999025075847,71.34065039097446,67.82502910157886,65.25285465495726,63.21151938182784,62.85468525857441,63.297533500739206,64.52106864249173,65.89698983922025,68.50000675962998,70.511441604309,73.92999564960873,22.41481281640474,269.99999914622634,0.5593453056330877,1.9326953734730508
2022-05-24 14:00:00-07:00,83.73694893333332,413.86655,0.2279444742428699,13.5,480.2938881494355,11.29743929227845,37.506350017042394,251.23071488449685,0.0,303.8902545658288,503.7708966400016,1.0,303.8902545658288,123.96203252222598,1.567573876209849,11.34682688888889,2.64193466,465.70609755251076,469.14976332249796,470.737727851092,473.9628781231536,475.4780328818416,476.85733676888833,479.9812314835903,481.09790436633716,481.8449564105322,482.57154129440437,483.5308714536966,483.6689293603442,67.43843135341449,65.42860318386896,62.98389127758406,62.2292967594547,62.230753840371214,61.56457010137601,62.00904372062308,63.048262913380626,64.18711970343706,65.23765346712229,66.62592510786149,67.88236179580628,36.00548181248928,269.9999987925817,0.4560686735746586,2.048182103222522
2022-05-24 15:00:00-07:00,27.245578,305.36800000000005,0.2325005894043675,14.5,323.3326196069213,4.840991164452958,48.74898809353363,263.55512381352105,0.0,208.74793297642847,309.82117847210674,1.0,208.74793297642847,94.65019628665189,1.9362429955029299,11.190311277777775,2.1645157366666665,293.5494535954642,292.26686470745045,292.84220194731154,295.33798409941147,294.11512143688117,292.5548270200343,289.1278062212144,287.53058406576463,283.90316102781844,280.6154760201109,276.92536011259944,275.240229481121,60.362450982599185,60.60506817447911,61.01834198603536,60.061658499084764,60.49274797258113,60.853942720103134,59.74302632491207,58.44377866365644,57.563831758240255,58.0721439197682,57.597899191429036,57.80024948680202,48.568847380697,270.0,0.3751243034616515,2.195423242366665
2022-05-24 16:00:00-07:00,0.3664091,112.083175,0.2324820932956605,15.5,112.26493433775681,10.631311348064061,60.26060875956187,273.40332429345966,0.0,76.05250678648042,94.01603155564979,1.0,76.05250678648042,34.90612885748703,2.622519965907288,10.549983572222224,1.9433638516666667,87.5260050582065,87.90013071285927,88.27926530578495,88.95708339570476,89.34918707380814,87.88238005392427,87.20904603070224,85.71233426901225,84.17472785104894,83.46211955402254,81.88708326856724,80.2881504160498,23.82668628841403,24.162130338378375,24.478215462792022,24.71925008591911,25.001635090392323,25.27134927282083,24.60928200925344,23.982109569520933,23.335902853040633,22.82610642161835,22.33128319326506,21.964163706932435,50.0,270.0,0.366977778440511,2.214355247456318
2022-05-24 17:00:00-07:00,0.9148017333333331,73.51271,0.2299321686178556,16.5,73.8004259881391,26.02465564417352,71.66865268112133,282.3263996139865,1.5543122344752188e-16,49.663848737179066,62.96863877279055,1.0,49.663848737179066,22.020306968634866,2.857142857142857,9.1982288,3.08011355,59.24533392197902,58.99967199473335,59.27012739213029,60.264174736178184,60.04729572644107,59.61192489250642,58.66491383216444,57.69121706167292,57.224483306394866,56.22296417149473,55.19472217156859,54.14940818165388,14.836456210305368,15.06557454440222,15.27931864561046,15.478182666908946,15.632162299496796,15.807528886055886,15.393961201804608,14.930359976299467,14.539831583315303,14.155435795050996,13.828707686755113,13.629847630785042,47.85011498589921,270.0,0.3793040761516713,2.186070485360993
2022-05-24 18:00:00-07:00,0.11507025,15.824886,0.2169424274726115,17.5,15.839511974193545,68.70583052592022,82.69768185157615,291.19578648129226,0.0,10.301589259331076,15.30327921635623,1.0,10.301589259331076,3.2988463641465144,2.857142857142857,7.954189722222222,3.2312414166666668,14.538550813402962,14.5578322528262,14.557833567723108,14.575980637476087,14.575853009605423,14.598627047197994,14.552465622543238,14.62010734770904,14.645994709214818,14.670754966317912,14.629318601858198,14.632498428782151,1.9487151931055045,1.9307750981600615,1.8941442575845102,1.8607740568250386,1.8476447942613314,1.8233612258031398,1.8078908521669501,1.8149154917798689,1.8170407188832072,1.8320085177752372,1.8762654705147028,1.907980695160771,15.068595613240882,270.0,0.6200123578079147,1.8915275861837813
2022-05-24 19:00:00-07:00,0.1899226166666666,0.4454509333333333,0.99,18.5,0.44814373206490254,87.67832925502086,89.18761032862528,296.9143602739323,0.0,0.2849769968876482,0.45304744745985376,1.0,0.2849769968876482,9.7195581209739e-05,2.857142857142857,6.516821694444444,3.12968435,0.42274819898025784,0.4227820516390829,0.4227820516390829,0.4227820516390829,0.42277376562782365,0.42277376562782365,0.42277376562782365,0.42277376562782365,0.42277376562782365,0.42277376562782365,0.42277376562782365,0.42277376562782365,0.24750652195851378,0.2421648700784634,0.23769046960405696,0.23425911302159685,0.23200233414198793,0.23100177440263978,0.23128277737524525,0.23281714167898349,0.2355398175958736,0.23929821601717766,0.24393935906655287,0.24968311180274946,1.6927507118273113,269.99998077586866,0.7352301122054047,1.8575792515338194
2022-05-25 04:00:00-07:00,56.03804145,4.389635583333333,0.1763590967475721,3.5,5.35005383858547,87.19323710743642,89.01797769054824,63.14390791366822,0.0,2.8087760985483112,7.132288880938907,1.0,2.8087760985483112,0.001398640217367167,2.857142857142857,3.8401381166666666,1.287949278833333,4.843228437257225,4.843228437257225,4.843228437257225,4.843228437257225,4.843228437257225,4.843228437257225,4.843562033675257,4.843562033675257,4.843562033675257,4.843562033675257,4.843562033675257,4.843562033675257,0.43467995504873885,0.42528342441967387,0.41742762919686244,0.4114162600146889,0.4074763549592348,0.40574370106692265,0.4063612331503828,0.40922792993598067,0.41413271748967057,0.4208399530354521,0.4290569672673946,0.43843899892997285,2.0455754594394104,90.00001415823421,0.7321527785793053,1.8577801068113058
2022-05-25 05:00:00-07:00,531.7395666666666,32.116881666666664,0.2276110628186273,4.5,107.95273589560395,65.95329509546035,81.80060889809303,69.44830980841101,0.0,14.769463702496434,269.05063143962104,1.0,14.769463702496434,27.10126205739371,2.857142857142857,4.63102911111111,1.2011952291666668,241.65531204400205,241.71942259027747,241.78546166236697,242.31147281116213,242.3117040044668,242.8126582942527,243.27836156371438,243.27875226012816,243.71973312770015,244.1255994332963,244.1252903593439,244.50600225618138,3.344072169215528,3.285401865178305,3.2542729898772924,3.493495972280626,3.4907723045725754,3.507625055379887,3.8220909967344334,3.8587513503612088,3.9041819077503956,4.273121198082231,4.324067378460708,4.722892229563916,17.008754328176295,90.0,0.6037410915586543,1.9008827843560738
2022-05-25 06:00:00-07:00,784.3601833333333,51.512521666666665,0.2457493008136107,5.5,310.4054565587852,23.044943032110684,70.72704003270593,78.27861596991534,0.0,25.585805001767522,833.6512113093926,1.0,25.585805001767522,79.62300516552524,2.857142857142857,9.298081761111112,1.2452486966666667,804.0341227246068,804.4479638582435,804.8635048289037,805.0579291052344,805.4567236974541,805.8491718144824,806.0294079029436,806.4175726880163,808.6557672380845,813.0770970401326,815.2160046858578,817.2956615155389,6.669910906346887,6.940238802668352,7.231701504793504,7.544159247501436,7.841409455483734,8.130675038952386,8.405670099769514,10.341259297307932,12.296409099926729,14.260423954628022,16.229148197300944,18.194306393426576,50.0,90.0,0.366977778440511,2.214355247456318
2022-05-25 07:00:00-07:00,899.21275,61.68904666666666,0.2418682481464891,6.5,520.8524540938303,9.566660252793637,59.29431566452683,87.21338291244291,0.0,185.3216848258943,1000.4672793740193,1.0,185.3216848258943,124.1068344770259,2.548327402777814,11.171793055555556,1.3530273549999998,961.8999856578707,962.4852107924467,962.9940876903066,963.0952334397629,963.7448687649039,964.3699070604474,964.4316221713119,964.6891352857162,967.0956873369494,972.3372827412458,974.8772653913549,977.3694134609018,72.28864258122428,66.39052166641626,60.67231056146485,54.23145281763727,49.54804338833569,44.01924182503361,40.532662783902126,39.173345745223735,38.566841034720944,39.29860252148076,39.882255200123,40.94873684667899,50.0,90.0,0.366977778440511,2.214355247456318
2022-05-25 08:00:00-07:00,965.0748166666668,68.17175833333333,0.230457917967934,7.5,716.7012588813097,5.290917305116829,47.77844817618935,97.15297901114383,0.0,358.55008446259,1077.673464546911,1.0,358.55008446259,157.71176003395385,1.8983929089646603,12.2844965,2.010309965,1042.7202296004702,1042.5620278077665,1041.9676314051635,1041.8085732036495,1041.5037581189058,1041.365691179724,1041.235590085889,1041.3449686051883,1043.5738092738716,1048.182302762358,1050.527093121358,1052.6962330397673,85.601637584561,76.15507408111475,66.74665619598085,59.73206095476419,53.91022308045913,49.91136472672831,45.997489206092645,45.879917170488895,46.55230627372007,48.14572634472965,50.92637122454707,53.49657955538374,47.55558577414051,90.0,0.3810337915944665,2.182268240477378
2022-05-25 09:00:00-07:00,995.4516166666668,73.6614,0.2172200374542353,8.5,873.2011803602878,11.603391929170169,36.563896681842884,109.73289076861874,0.0,501.49476961046423,1079.963650336404,1.0,501.49476961046423,185.38132122259472,1.5433688265308978,13.3616475,2.5209201366666667,1055.4778449730422,1056.0390791261648,1055.8531982677266,1055.7470072388905,1055.6764425861068,1055.5599963786628,1055.7972708044588,1057.4894394981354,1059.0002490257225,1060.7897235901653,1063.7638287538355,1065.040097127771,97.97495592283936,87.29979247862845,77.86637810710279,69.21622002458561,64.26456437097808,61.69763298997375,60.22827222230492,60.674264936249514,62.25323376495156,64.09300620411179,67.06937699376537,69.5249912690892,34.9202059938045,90.0,0.4637824632298922,2.0371928058708253
2022-05-25 10:00:00-07:00,1011.5203333333334,88.49040333333333,0.2100421765804016,9.5,994.0821902282768,16.1136029583734,26.455854132614252,128.53409633042037,0.0,627.393924943031,1075.008301555157,1.0,627.393924943031,208.61352563894863,1.2944318819250369,14.69520311111111,2.371089433333333,1062.0091078217192,1061.816794526145,1061.9558845302174,1061.8720439529225,1061.9417663163479,1062.8736419531265,1063.9477242866787,1064.6910293178623,1065.7422538069848,1065.723789817348,1066.3956944627628,1067.40192557695,112.45756409098189,102.81180809286278,93.32829254375152,86.3819692476228,81.68473982102685,79.15367260434715,77.63794274183546,79.02069079614793,80.74384110883395,84.35687707960682,88.63351604435265,94.41350117723218,21.26882481881587,90.00000147877934,0.5686278826869584,1.9252541190171424
2022-05-25 11:00:00-07:00,1019.3991666666666,126.524555,0.2097015836831783,10.5,1086.7861083792916,18.43468853835462,19.611897542928777,160.41249250269345,0.0,706.0029690313397,1096.3267018394013,1.0,706.0029690313397,228.89514211694683,1.0896157932950896,16.029123555555557,2.751764633333333,1091.7004348818498,1091.698723545753,1091.5695516812018,1091.8861249737936,1091.8883128309217,1091.7826742201444,1092.0976410008468,1092.0965203560722,1092.0482139400656,1091.9014689724258,1092.2170191796247,1092.2166409466793,120.5690924605528,111.15114389073426,103.02162995413359,96.03135430110505,91.70651445643159,89.31642175841559,88.99516960691837,90.74987855749373,94.4206018278586,99.6203997062831,106.61281638102062,114.10330860211008,6.81194527633978,90.00000505099301,0.6906945082239523,1.8642020559966839
2022-05-25 12:00:00-07:00,1013.3428666666666,116.54793333333332,0.210491812067867,11.5,1069.2414949229703,18.333020001175104,19.92335965076778,202.62458583751297,0.0,684.5008783140999,1081.8315054336542,1.0,684.5008783140999,226.14137481741741,1.104621683220613,16.759187833333336,2.9247574166666666,1076.7639508341674,1077.099769839586,1077.021509343946,1077.026233854603,1077.3248517531965,1077.3228467978831,1077.2086494808889,1077.5690773749259,1077.506883265669,1077.5056869781922,1077.7180442101544,1077.7209328120175,117.2281143445914,107.76741685960137,98.98400057162951,92.61979830770416,88.32748882593016,85.92202513685206,85.47964807796438,87.20396034722711,90.7503211110001,95.78101654196902,102.21048440704982,109.69590743349674,7.937789303459308,269.9999987925817,0.6809510977997805,1.86672426057887
2022-05-25 13:00:00-07:00,833.3620033333334,162.81066666666666,0.2157105901873778,12.5,904.4175920552614,15.819252872556943,27.139605972537424,233.30145210558723,0.0,562.77168234886,989.7560950759456,1.0,562.77168234886,200.61407693171765,1.311294144865191,17.87357411111111,2.144148991666667,981.5407262395318,979.5529838168459,978.0374169911568,978.245132762685,976.2250408597954,974.4621905321856,972.4686316844546,970.5002809150777,970.3782252366578,970.4453219254965,969.976492982396,970.112678694381,90.3674248791166,84.40656048115737,80.76305656911681,76.6665354370579,74.16962391524382,73.45623091932066,73.67855588823168,75.61791333964729,80.73437764989399,86.50374817069965,95.31533564706325,103.24130209708403,22.342500648902696,270.0,0.5599288231630023,1.932214864841189
2022-05-25 14:00:00-07:00,772.4749175,172.74465,0.2262359811511468,13.5,786.6053529333493,11.143735883317987,37.376139588073215,251.43502585789562,0.0,454.2559597379783,988.772244971258,1.0,454.2559597379783,186.11015882260563,1.565410517125882,18.70755533333333,2.24133491,973.5280540266856,967.0117799042076,963.5497071255477,960.3241695325191,957.0031459345387,952.9692903556704,952.9107849412322,952.8011290887636,952.714276800332,952.653898017332,952.1442600855518,951.8611998445512,76.34624262644668,72.28225259670745,68.78040395978176,65.73823223796592,62.912364903041095,61.46854084978753,60.32583431084034,64.07807918537132,68.93630485484425,75.7994575784433,85.66966712610774,95.29224099928467,35.910074096694366,270.0,0.45674261291025925,2.0472043288154342
2022-05-25 15:00:00-07:00,868.7496833333333,102.326035,0.2439307584816761,14.5,676.53289337632,4.70039464455553,48.627040821165956,263.7308699197796,0.0,327.3489932304497,1037.4782213960098,1.0,327.3489932304497,163.5605964174255,1.9319535872002893,19.511076444444445,1.87930026,1010.5877239759758,1007.4221815445901,1004.0625506794418,996.9790172866872,993.5385410809724,993.8365542573423,993.8740037126678,994.0144710274541,993.6092201455139,993.7292605094291,994.4735884619735,994.8727266728753,57.458077724485484,53.451179108434154,50.041663984106414,47.664325872787494,46.11875898636579,45.45651655635961,49.349759612149754,53.23578201190087,59.01641000090318,66.08586102536722,75.42358922068851,84.73692107470139,48.456522038826066,270.0,0.37577365656873263,2.193954667012595
2022-05-25 16:00:00-07:00,828.1855165,67.937805,0.2680788842801406,15.5,480.28221627443907,10.547738646250012,60.139568413046206,273.556033745627,0.0,164.70851289449575,937.6363286057895,1.0,164.70851289449575,127.94355828385284,2.612526488102351,19.81762055555556,1.604793915,913.7725053093212,911.1307945340186,908.439823533789,902.8800520807517,900.3076331298894,899.9998876094079,899.8804706571209,899.2176518027266,898.5186093866796,898.3807448039566,897.8106177808577,897.1825599513178,42.54708732639899,41.40445532140774,40.749674381725946,39.93138107035736,40.4550395036577,41.75724566788117,45.215539972364255,50.804225215856086,55.5254681595665,62.02145184755505,67.78307535575246,73.70912776748128,50.0,270.0,0.366977778440511,2.214355247456318
2022-05-25 17:00:00-07:00,770.2783833333334,49.284095,0.3049060671355192,16.5,293.1393452074415,25.241792434910685,71.54373592325526,282.4618552820615,0.0,19.21153100637804,807.0532144989581,1.0,19.21153100637804,90.09225697174801,2.857142857142857,20.033321833333336,1.1987819033333331,789.0789893959426,787.0347085509186,784.9968216221797,780.9626516510202,778.6353854511426,778.4717148637972,778.1107392589167,777.7397909554243,777.6049054751692,777.2244204153502,776.8340856811363,776.4378048367618,16.490181014635066,14.57593038663777,12.6906643538857,10.835277175625862,8.80460476620335,7.051840690112708,6.8969984401346585,6.7104829727341615,6.69952263001464,6.546644352103326,6.420362004685181,6.362004424600877,48.65993450176672,270.0,0.3745987863559065,2.1966160104680483
2022-05-25 18:00:00-07:00,436.850907,28.071371666666668,0.2624913420641763,17.5,84.59720048226451,68.3030814983129,82.56543228972714,291.3174137292201,0.0,12.755290034431308,207.49329293099092,1.0,12.755290034431308,24.26981144621851,2.857142857142857,19.00597527777778,0.9256315666666668,184.27364730477763,183.8739327264557,183.95835593721455,183.55825406067902,183.6193778445831,183.21963151277532,182.8500380344543,182.8576024202505,182.45726901483584,182.03335553689683,181.98733592445004,181.93241097849307,4.200681216362391,4.027325288060111,3.8350127062224706,3.785384107421233,3.6207989880596565,3.472556125363375,3.4502119452460995,3.314894328987244,3.2348069953036243,3.2512566904845284,3.1716774719642586,3.223725484650145,15.37601048415665,270.0,0.6174237843518449,1.8929363501239223
2022-05-25 19:00:00-07:00,0.550659,3.16028955,0.1727517412036566,18.5,3.1677809614062937,87.77236033898537,89.22049853439302,297.186562362593,0.0,2.0217307638391975,3.181055671131777,1.0,2.0217307638391975,0.0006379088871478009,2.857142857142857,14.996203666666666,1.457427356666667,2.99211197989718,2.99211197989718,2.99211197989718,2.99211197989718,2.99211197989718,2.99211197989718,2.99211197989718,2.99211197989718,2.99211197989718,2.992122237509284,2.992122237509284,2.992122237509284,0.30868307165030795,0.30207543055932135,0.29632403899487303,0.2915841067233968,0.2882279854688212,0.2863295186791637,0.2859842880377985,0.2872260238325322,0.29002256352677364,0.2942722077581951,0.29981129315666827,0.30642157498978456,1.6281125992701995,270.0,0.7357939492692465,1.8575465623865486
2022-05-26 04:00:00-07:00,47.5918598,5.182637166666667,0.2094087099111461,3.5,5.939263402848308,87.39652885343152,89.08906025946638,62.840289554604276,0.0,3.3159386834696254,7.342998045182428,1.0,3.3159386834696254,0.0014283677513213886,2.857142857142857,7.470000783333333,1.4054216616666666,5.4116593816853324,5.4116593816853324,5.4116593816853324,5.4116593816853324,5.412053243353787,5.412053243353787,5.412053243353787,5.412053243353787,5.412053243353787,5.4120328493849446,5.4120328493849446,5.4120328493849446,0.6091807477989244,0.5960188257079908,0.5850063981360789,0.5767098649750356,0.5711738936484584,0.5687314499576572,0.5694385937580242,0.5732239802405832,0.5804721968800947,0.5898872939452546,0.6014301809101268,0.6146191404923476,1.9024721723044935,90.0,0.7334008489088965,1.8576940726960407
2022-05-26 05:00:00-07:00,513.6248,34.629945,0.2487012229850142,4.5,108.69637845470598,65.66885841975203,81.70884844157762,69.29610789048706,0.0,16.30187758591532,266.95102514850055,1.0,16.30187758591532,29.671517052639896,2.857142857142857,9.331066938888888,1.6148726666666666,240.19731571323757,240.27864415765086,240.34794588028336,240.9316604215659,240.967259944954,241.4876601147783,241.9768199864319,241.97122075173084,242.429332284797,242.93894060870994,242.84986772317657,243.245560813135,3.9475244828743943,3.8763380871566127,3.9141609797646093,4.083476645772065,4.080152960705297,4.21338873282806,4.431080346846344,4.474324156658258,4.671360634270891,4.918975015340615,5.153665197156663,5.401324553188266,17.236440626818936,90.0,0.6018422221230272,1.9020527611737752
2022-05-26 06:00:00-07:00,785.9372999999999,61.72097166666666,0.2650612264036696,5.5,322.2050466057269,23.03143431849738,70.64433867677823,78.11382303286622,0.0,33.934448644168704,850.6389329835113,1.0,33.934448644168704,89.68313837364707,2.857142857142857,15.3650035,1.16995976,817.3404181199319,817.860964230946,818.3855548998608,818.6299206679878,819.1296850705954,819.6236569639535,819.8505719799421,820.3385371462532,822.825959888882,827.7446482981752,830.0959260241148,832.4046535941837,9.107319001916991,9.517518896437672,9.948366968933213,10.407958300852039,10.83503031920572,11.237554529518476,11.618595995175834,13.785545695968374,15.96225510558749,18.137147206610504,20.30294425528466,22.446429784470492,50.0,90.0,0.366977778440511,2.214355247456318
2022-05-26 07:00:00-07:00,898.9829833333333,70.62483833333334,0.2616698541943295,6.5,530.7234345768985,9.527301607584292,59.21626498316663,87.0299654038144,0.0,190.62075649948562,1014.5052565350501,1.0,190.62075649948562,136.7842391467343,2.5421227290242876,20.431229666666663,0.8237382683333333,972.1549408014824,972.8223467366154,973.4061159144991,973.526996701386,974.2638474465863,974.9727750709467,975.0499175800176,975.3581626090951,977.9591223109026,983.6344789775461,986.3818160592836,989.0772855018903,79.73021328922358,73.29680533327573,67.06627588420768,60.04626091847662,54.95200778330403,48.932443347264645,45.143672218205644,43.64177711039816,42.960303887314545,43.74261415262065,44.357434780939045,45.49780428580456,50.0,90.0,0.366977778440511,2.214355247456318
2022-05-26 08:00:00-07:00,956.7409833333334,71.09373333333333,0.2459038067350316,7.5,715.00237881557,5.128119499200782,47.69919100271287,96.94115276913266,0.0,358.039840309825,1074.8046812040081,1.0,358.039840309825,167.27594037284302,1.8959819036146301,21.70494705555556,1.5305041166666666,1038.327070225398,1038.1431262460255,1037.5067545664967,1036.7590006439457,1036.9900566356066,1036.8450626347299,1036.694889988678,1036.3364338389047,1039.079004605935,1043.787224335289,1046.188656157568,1048.405551699603,91.00484645648606,80.96950504692504,70.97549125152824,63.52183901735999,57.15892561859274,53.099520308057315,48.94449783129699,48.74649687534491,49.08696013342318,50.98234509377465,53.858164259847484,56.505803475874416,47.48931556175772,90.00000085377364,0.38142432957099043,2.1814151748097856
2022-05-26 09:00:00-07:00,977.43895,81.62246166666667,0.2300980959029363,8.5,867.6045923444647,11.433747520723204,36.47425899304894,109.47948655584902,0.0,498.72644120404436,1072.677782057864,1.0,498.72644120404436,195.3839150672486,1.5423708807277188,22.8425545,2.086659253333333,1046.6513870331733,1046.76297443366,1047.3382149054446,1047.0067891828912,1046.9435202618872,1046.8478847156541,1047.10480567978,1048.9036863192491,1050.5180288711515,1052.431764636879,1055.5875160652206,1056.948632322605,103.17468625186068,91.99684492003885,82.12702315635869,73.07439282977452,67.90028796901802,65.23110267412554,63.6982692498984,64.20294478024053,65.88765875527793,68.38879215879622,70.58989190527389,73.582830528172,34.87461338291684,90.0,0.46410878782094966,2.036737555358932
2022-05-26 10:00:00-07:00,1007.6588,81.797795,0.2192294653010657,9.5,984.8379745228758,15.939379584837207,26.340044844902735,128.23843248203627,0.0,621.4792691307375,1065.3266801406573,1.0,621.4792691307375,215.1647052145607,1.294134589885819,23.67470022222222,2.44893576,1052.6591138959604,1052.4419125934623,1052.5665479317618,1052.4635294056684,1052.5194736617339,1053.3944998684985,1054.4231600375983,1055.1129184903791,1056.1242316694786,1056.1056137850414,1056.7292626226085,1057.695335037151,116.19242578898704,106.19374878456367,96.35188748304064,89.10868470790176,84.23675210522997,81.55563113434411,79.97604097531257,81.35102380873845,83.13126785485909,86.81466735876523,91.24024812670697,97.16322092951016,21.24970731288646,90.0,0.5687833613734884,1.9251331364104858
2022-05-26 11:00:00-07:00,1013.8795,80.33579833333333,0.213320961905732,10.5,1036.3394818014772,18.26010977971718,19.452745891871317,160.19517800075937,0.0,673.3692748130297,1045.6338707660707,1.0,673.3692748130297,221.89580386566416,1.0897755539587637,24.356663277777777,2.493009915,1042.2506103753954,1042.2489281509922,1042.1129646033355,1042.4057721873992,1042.4079183223073,1042.298954219314,1042.5901173974803,1042.589013786892,1042.5421382805407,1042.3971823947,1042.6889545053546,1042.6885794567663,116.81787558794511,107.55635407283036,99.55874696196514,92.67819640405429,88.40708436612348,86.0474819650015,85.72121547907015,87.43570503567256,91.03262263919197,96.134574777935,102.98434173845602,110.33765010196763,6.823966481560449,90.0,0.6905903452683365,1.8642269635755027
2022-05-26 12:00:00-07:00,1012.5767833333334,86.49211166666667,0.213437098318152,11.5,1039.4970652511608,18.163394780709293,19.751344326936604,202.71471225587004,0.0,665.4122866784855,1051.741910736463,1.0,665.4122866784855,222.77496471624886,1.1040325976979293,25.05945211111111,2.50293175,1048.4115292553251,1048.408639156178,1048.2165252655961,1048.217715042648,1048.2188098393888,1047.940599509831,1048.0566042653113,1048.058349027172,1047.7133776410622,1047.7830259436857,1047.860374436747,1047.556720362895,107.84880827537077,100.4061421949392,94.0253687838696,88.88939634513567,85.51120667752261,83.80598396565635,84.26263385955387,86.5560118578235,90.95788537530068,97.29684690828485,106.03467065496982,115.44380263148989,7.89371718306425,270.0,0.6813320349690054,1.8666183282623208
2022-05-26 13:00:00-07:00,1006.6420666666668,86.28789166666667,0.219183015385624,12.5,983.2666028140338,15.659326212002837,26.993221320009262,233.510091247492,0.0,611.1642149737563,1071.6265257160328,1.0,611.1642149737563,214.74956112572582,1.3101455442714094,25.70200261111111,2.682617716666667,1063.394433161364,1062.3562494369373,1061.4215035505931,1061.7427211211761,1060.586747814464,1059.802826801746,1058.7258999259552,1057.7222502678972,1057.6590871072576,1057.7986088155712,1057.6005779010732,1057.661904812628,94.59322002189471,89.02327572157985,84.72695483486349,81.01544373726571,78.82980472443307,78.2386996926895,79.66120765257558,81.46326851483491,87.23584290125781,94.19934340488703,104.28746888208163,113.76497613936378,22.27003673687083,270.0,0.5605138688935033,1.9317348258003761
2022-05-26 14:00:00-07:00,971.5884833333332,85.98938833333334,0.2311512240653115,13.5,859.3905464785876,10.996297675125652,37.248560045281764,251.63078948323823,0.0,494.3542590863233,1074.7626988290804,1.0,494.3542590863233,194.60901534153163,1.5632723153032488,26.75629177777778,1.7918581,1058.4023216635883,1055.0332418492899,1053.1596323558865,1051.5023367960828,1049.868523180854,1047.4979484396408,1047.5534990191081,1047.661639770007,1047.6838513634987,1047.8586103502676,1047.4189533472388,1047.350491418097,73.4217064353255,70.64399041397401,68.144889435852,66.48062975685542,65.02172569436442,65.06584537969213,66.75089817033353,69.74581042809768,75.38309796107933,84.54350903051999,94.56753921252155,105.59030300231255,35.81547187227149,270.0,0.45741166531651234,2.0462370268341994
2022-05-26 15:00:00-07:00,697.5780833333333,116.26352,0.249231371260468,14.5,578.426459975045,4.565941548124455,48.50726863741451,263.89920917324775,0.0,288.359209256636,879.4398770913556,1.0,288.359209256636,148.78070898221398,1.927745748145812,26.793380944444444,1.7569394699999998,855.2435647082999,851.8333065146467,847.8121474072412,840.6738074000701,837.2535500551863,837.0642069013617,836.9096033640323,836.9636517106497,836.421658112548,836.3326213873323,837.2131450878591,837.0629674556147,56.575207413277354,52.91410861515171,48.62871227906879,45.87707999674858,43.92954130565416,42.63518962336108,45.80054527390169,49.78307234689175,53.702081219243624,59.428950221914846,67.48523357586679,75.31800471824583,48.34572215802077,270.0,0.37641560010888125,2.192508533148098
2022-05-26 16:00:00-07:00,828.1097000000001,99.05391833333331,0.2763207479336143,15.5,512.8511076255718,10.466707035831606,60.02058293478973,273.7021264521831,0.0,179.41216025539038,990.559161402548,1.0,179.41216025539038,144.18645556352067,2.6027701845179365,26.708871833333333,2.2910871,963.8052251901446,960.5320143427622,957.1991723938013,950.3123706511184,947.0886819980045,946.6400616797251,946.4600482723965,945.6269737995887,944.7513065750937,944.5482846494227,943.808802383722,943.0050510255907,50.25787156073759,48.62001596560234,47.51373270335509,46.22920724328002,46.40539827434725,47.42749405746827,51.10058863447433,57.07505399744033,62.11052189939376,69.07531813451472,75.24841136196466,81.61262607463775,50.0,270.0,0.366977778440511,2.214355247456318
2022-05-26 17:00:00-07:00,582.2270116666666,105.25546,0.294885019634824,16.5,290.7600610055867,24.45032530065981,71.42098554417282,282.59118724917204,0.0,48.907658713229395,713.8177329936353,1.0,48.907658713229395,96.03615400754558,2.857142857142857,26.07019988888889,1.8680405816666663,695.1236871704904,692.6230476185317,689.6139528757042,684.7253231343414,681.567017996275,681.1410350963135,680.2094807212311,679.7852406495724,678.8125972366807,677.8282988894214,676.9232165306046,675.9055662657544,30.239822115561704,27.803618319651612,24.87719208181575,22.54535013572514,20.246076012767762,17.935343802017968,17.538570298776275,17.06473432198679,16.675916782166144,16.28947412373553,16.36507630893944,16.138309870874295,49.49286336709945,270.0,0.36983746704033443,2.207600099401102
2022-05-26 18:00:00-07:00,408.93653150000006,68.243945,0.2835887629551449,17.5,122.0762172239859,67.90685693614262,82.43564683825764,291.4332066950211,6.994405055138482e-16,35.05843803270193,249.64212821642985,1.0,35.05843803270193,36.10225458325263,2.857142857142857,25.27909877777778,1.204353475,224.39348812765095,224.18495286400957,224.14946773644692,223.9521685776639,223.89437516010875,223.60738578909763,223.4126310811924,223.31367185426583,222.98302037014858,222.64817384436415,222.64904879873572,222.49815694311405,9.83400756457221,9.6185817048978,9.460614428506576,9.17899102553424,8.991525466931531,8.886900258723637,8.697901215301629,8.60195181900581,8.623183531511147,8.577632234616804,8.63784980928366,8.7926609330288,15.679177563750335,270.0,0.6148747166943915,1.8943528326586416
2022-05-26 19:00:00-07:00,0.5821518,4.923333766666667,0.2424345741937525,18.5,4.932630860050808,87.38473114884536,89.08493479091082,297.29424778522554,0.0,3.150049908658108,4.948524334151314,1.0,3.150049908658108,0.0013725485996945266,2.857142857142857,21.42589611111111,1.0429318883333332,4.660402322291904,4.660402322291904,4.660402322291904,4.660402322291904,4.66077647784039,4.66077647784039,4.66077647784039,4.66077647784039,4.66077647784039,4.660754048706193,4.660754048706193,4.660754048706193,0.6699654179367083,0.6554892228985234,0.6433778258352503,0.6342333762753106,0.6281460360144303,0.6254610057487485,0.6262396204380207,0.630403345297784,0.6383687104004981,0.6487222951629676,0.6614150658516003,0.6759170375977165,1.913410474754214,269.9999845847155,0.7333054471319155,1.8577004287768513
2022-05-27 04:00:00-07:00,56.38014281666667,6.5740441333333335,0.253507706474139,3.5,7.563727425454579,87.12520517600477,88.99419218586793,62.69822878266871,0.0,4.2066368961670255,9.399495385043274,1.0,4.2066368961670255,0.002215037445087693,2.857142857142857,13.051571444444445,1.1256116283333335,6.94398425103158,6.94398425103158,6.94398425103158,6.94398425103158,6.94398425103158,6.94398425103158,6.94398425103158,6.9444838545939325,6.9444838545939325,6.9444838545939325,6.9444838545939325,6.9444838545939325,0.9356878058846463,0.915452352123522,0.8985401719487542,0.8856033596960483,0.8771295240446851,0.873251605907122,0.8747215260732706,0.8808977843642868,0.8914555489782512,0.9058870993144069,0.9235622442939743,0.9437360413642424,2.1035471847117506,90.00001562662351,0.731647211445244,1.8578167338932658
2022-05-27 05:00:00-07:00,238.37884166666663,43.38774333333333,0.2722479313256118,4.5,78.1184579072441,65.40050756618443,81.62244629780115,69.14738666703761,0.0,20.525798934005294,166.337320579408,1.0,20.525798934005294,23.205262087679586,2.857142857142857,15.128775166666664,1.9495639933333333,150.23014301848127,150.33244934088293,150.41872514596844,150.51168577133288,150.89264332110358,151.25997979995432,151.57958332129613,151.5978214247884,151.92139216834175,152.2405670150188,152.21443634477183,152.5347117175921,5.102529234123933,5.019299330125504,5.028555390793548,5.121550794735025,5.1169083049869295,5.2310431900657175,5.396934130965334,5.455291218094707,5.643081716477173,5.84256936044901,6.0603502469900565,6.2604707221635305,17.452807973540054,90.00000147877934,0.6000399186638667,1.903178551719095
2022-05-27 06:00:00-07:00,705.4733333333334,103.11894166666666,0.2737213854313424,5.5,337.8344775329318,23.022270216420235,70.56687078740805,77.95291589988189,0.0,57.056691011110054,833.7247357814858,1.0,57.056691011110054,101.53063603315627,2.857142857142857,19.982030444444444,1.5434216716666669,794.6137639675444,795.5742582715787,796.5275600518581,796.9636365473632,797.8774245967611,798.7767453561926,799.1845758642903,800.0709273999939,802.8496508136515,808.3677744907836,810.9726888368942,813.5532154891741,16.24691016332388,16.847987306561816,17.507651366516495,18.20266271430271,18.881870839265854,19.51623458598207,20.125345149011334,22.568895642719927,25.00530090038987,27.45737006599106,29.853982672097,32.228128172134014,50.0,90.0,0.366977778440511,2.214355247456318
2022-05-27 07:00:00-07:00,770.8878666666666,123.33506666666668,0.2681566716383696,6.5,518.7161319318171,9.494802241370598,59.143442811525155,86.8508790186335,0.0,189.04545521791607,972.149797848359,1.0,189.04545521791607,144.47915246448454,2.5363277298367017,23.395306666666663,1.3383271416666669,922.8766205923604,923.8180053316581,924.6836833408843,924.933290688671,925.9331353448173,926.8922141913948,927.0937543013046,927.6665117275231,931.1215394115973,938.4486099082626,941.9887461550777,945.465917821529,79.66896095036324,73.32082048080422,67.27196719846437,60.54368638035412,55.79119973712068,50.22238203787698,46.81310789788405,46.30889152539768,46.614379873100255,48.33679176184457,49.892395728518785,51.960009239313194,50.0,90.0,0.366977778440511,2.214355247456318
2022-05-27 08:00:00-07:00,698.3606716666667,208.93635,0.2529742241520732,7.5,679.6146320077075,4.969638669278543,47.62532443357569,96.73412532327029,0.0,352.9066929749776,989.6720742950902,1.0,352.9066929749776,183.4242065279052,1.8937496145704142,25.706337555555557,1.532199565,935.1007087419805,935.8920405336876,935.152377405285,935.9637219738578,937.0832170121423,937.3717849882578,938.1156928046644,938.899221840663,943.4359957534124,951.7579910083624,956.4153784229209,960.5173119074794,93.51509979911157,84.90361158317273,76.37470030921202,70.1800069257413,65.57795668393587,61.48552402676076,58.21558783148968,60.0092606302771,62.270754117996944,65.65472833486758,71.05868519935808,75.49010866828863,47.42776846876328,90.0,0.3817874752931849,2.180623717283435
2022-05-27 09:00:00-07:00,476.34274,300.9244166666667,0.2404109893635819,8.5,684.3770305780033,11.26897927621452,36.39041206137343,109.23107430694752,0.0,404.25390035327894,822.7644190424279,1.0,404.25390035327894,179.5077551125982,1.5414665801629084,27.199643277777778,1.7209922666666666,779.8060879215212,781.215043350472,782.9841089837478,783.3325200179597,784.6763492049249,784.9888416647815,785.4277039162328,789.4199171877616,793.4354125434076,796.6228486920061,803.1397435373399,806.1724306034021,88.84427091513318,81.28122540677452,74.29907689136373,69.30511219684554,65.41891684214649,64.85575403345267,64.55817363780731,67.39954818990118,70.133637076091,73.96017023602342,76.87743448702778,81.03417127686517,34.83324038580418,90.0,0.4644050676219014,2.0363248880414266
2022-05-27 10:00:00-07:00,632.8551961666667,239.29981666666663,0.229734932812537,9.5,806.9847811836948,15.770601475311404,26.23067204966095,127.94617464440091,0.0,510.35125574678455,877.7141464462006,1.0,510.35125574678455,194.7623640134911,1.2938911887482965,28.88770188888889,2.4241588183333334,855.2447909195992,855.2138753067569,855.47183051713,855.5245865006534,855.7132279031682,858.1555940142731,860.657541175663,862.7902863555273,865.2900285238716,865.1048683999513,867.0252666902853,869.4872278828235,100.98948820524669,92.76778353737001,84.83839796473389,79.70665990162044,75.75800374390381,74.62562672879633,73.39112620825365,75.68487679904962,77.21579626284306,81.47898397668072,85.17355552722731,91.34840461068214,21.23405007201301,90.0,0.5689107134751683,1.9250341289229624
2022-05-27 11:00:00-07:00,558.9772026666667,294.111,0.2298959761718913,10.5,821.6734843332368,18.091457685794182,19.30022684250959,159.97430730124805,0.0,533.4693177810585,831.4963186214308,1.0,533.4693177810585,192.69993174407549,1.0899676230379647,30.09923388888889,1.9977732016666667,824.23547932935,824.2341029075278,823.9632294313017,824.7830537439622,824.784793535676,824.4681851644666,825.2866125185597,825.2857132635659,825.2457472658239,824.8335802734385,825.6525146026161,825.6522198854586,100.46430362481468,92.96306019203669,86.50057302526433,80.95105598789493,77.68661407477282,75.80983980101233,75.58271527211286,77.0141925716353,79.96489502676928,84.13569132939173,89.94173216832033,95.92787615589765,6.83841437614577,90.00000372151304,0.690465158669173,1.8642569570159329
2022-05-27 12:00:00-07:00,610.7176288333334,331.79096666666663,0.2326272097851953,11.5,907.1772165680275,18.00000613109738,19.58456842480267,202.79534603912307,0.0,581.0089075235403,919.9445256444365,1.0,581.0089075235403,215.4417979890875,1.103427181431144,30.757651444444445,3.955071666666667,912.1628988010815,912.160311074674,911.2256666973338,911.6307572452346,911.6317413643967,911.6912407570952,911.0598297976805,911.0611238915262,910.1247745251849,910.3103084081185,910.3839782038982,909.5305004854985,105.31114831509805,98.66427939475676,92.6622477420834,88.05053850595726,84.99688563417192,83.42376008586733,83.76889392206775,85.5331361560404,89.36857393218455,95.51166061538997,102.64815951596701,110.9678854555754,7.8484117277997,270.0,0.6817236748107345,1.8665100423852405
2022-05-27 13:00:00-07:00,131.47784783333333,447.2724500000001,0.2442419960632867,12.5,564.5754357735419,15.505745845444359,26.850482470122017,233.7088074489964,0.0,360.26870997289114,587.0262574307304,1.0,360.26870997289114,145.99406831995336,1.3089972563996461,29.4485735,3.8758658333333336,559.0771192359697,561.0723455414147,562.1611295872508,562.9841824136954,563.9372686344042,565.343588622213,566.8006735913655,568.024033431615,568.6852782184696,569.2335857893977,570.4933663906645,571.101454409987,76.35871236400892,72.63290029918582,68.68619568613886,66.6960203254506,65.06744359272672,65.02084556299664,64.86585513006456,66.142075669719,67.5439450395437,70.14029718081035,72.25804471820145,75.59630091711966,22.197493624147278,269.99999914622634,0.5610998576494723,1.9312557447583065
2022-05-27 14:00:00-07:00,90.10076948333334,349.8333333333333,0.2476709027973997,13.5,421.67381448656124,10.855157972698505,37.12365482081148,251.81788299649054,0.0,267.1903430185669,440.4417533642094,1.0,267.1903430185669,115.90176424774232,1.561160753928417,28.952295555555555,4.379705566666667,423.09796703570123,423.21706255917644,422.48813025110405,421.9840070941009,420.03298139142646,419.146043360087,417.8827624836119,415.1647775182589,413.82561495661844,410.6612991993494,409.25238336661215,406.17635713340314,62.081903173065655,61.063173061633115,59.90373987996131,60.05876654121709,59.09467643224502,58.46441301442641,57.48038091759965,58.532127265893685,58.898000263158835,59.668032218951765,61.986586755400396,63.936473469578964,35.721751036458514,270.0,0.4580752708516477,2.0452809168804476
2022-05-27 15:00:00-07:00,50.44539266666666,379.9377666666667,0.2554947437039181,14.5,413.4365490513407,4.437653819407112,48.38972580956848,264.0600660186907,0.0,254.0369728171397,452.90595254485817,1.0,254.0369728171397,128.74229059374096,1.9236214016917985,28.73693861111111,3.869053116666667,430.81373734442013,429.7617055476078,427.19067438437344,427.21510980763213,426.4971023969898,423.1276915541629,421.6732195666242,418.1707729333302,414.4945746901041,412.9776442194459,409.3587110635723,406.1198286377546,75.79839180279087,73.43223503530675,72.63264292886416,71.62231807954528,71.09838750583076,70.92356696256478,70.02699725084182,69.60739307352463,69.18083414752827,69.40838474330398,70.60089077999527,73.19690471571711,48.23652934477772,270.0,0.37704959959374595,2.191085806022415
2022-05-27 16:00:00-07:00,54.89829465,231.08595,0.2608088396157109,15.5,258.61495214061574,10.388072870895039,59.90371798065272,273.8415538127183,0.0,149.7874990601991,304.0317377269497,1.0,149.7874990601991,83.60793459485647,2.5932535719327836,28.06166561111111,5.449834366666667,288.7610188218108,288.50555044914574,288.2435704573385,287.52233468381735,287.2794655803897,284.8644766843938,283.77484419156394,281.2613373541178,278.6744180846631,277.51851234331616,274.8923666340032,272.2192073961644,49.7050849216926,49.64708770559481,49.637738997101295,49.46547260879904,49.59397342432378,49.82850265648425,49.28006555899096,49.12958957782643,48.79886344502074,48.99694816671028,49.097563759830315,49.453906944215625,50.0,270.0,0.366977778440511,2.214355247456318
2022-05-27 17:00:00-07:00,38.822447366666665,127.61136,0.2644589542454738,16.5,140.0580344759257,23.95058664712222,71.30047751761919,282.71436595702005,0.0,75.53257575336325,179.26696201354005,1.0,75.53257575336325,46.55694923449539,2.857142857142857,26.407764166666663,2.126229495,170.58047941013854,170.5363711373031,170.4908855152712,170.28756812232854,170.23515275362803,168.7744259712843,168.11472296824365,166.6295778432679,165.1025916836178,164.40382579864195,162.83962960466224,161.25232018051912,27.32600432603181,27.25959434176944,27.176054027309352,27.00897174039369,26.89581472089198,26.771655694600966,26.080532017038344,25.420155622836877,24.73513164715959,24.199631741587126,23.677755096430573,23.299269364277624,50.0,270.0,0.366977778440511,2.214355247456318
2022-05-27 18:00:00-07:00,322.9094025,59.02286166666667,0.3088737090073399,17.5,102.2412893768871,67.51744716791777,82.30841016538187,291.54315282198786,0.0,29.501502241924168,209.20810611622613,1.0,29.501502241924168,33.235555388241394,2.857142857142857,26.077356777777776,1.3104852166666667,188.71241338843888,188.45237804227827,188.4641272263451,188.18099359699988,188.18014496628274,187.87454030356366,187.56001308037608,187.56026328707787,187.2226846196206,186.85018099216543,186.72510851322284,186.6063831292501,9.281739109980746,8.912319492785379,8.772765508281763,8.637488172113796,8.313664991111096,8.210589884959747,7.959515440958937,7.929944468378021,7.933703179265958,7.9943116260047,7.9161877057170225,8.080256141326075,15.977812060685544,270.0,0.6123674579640507,1.8957744920034116
2022-05-27 19:00:00-07:00,0.5481294666666667,6.715804433333333,0.2874870132052324,18.5,6.724197313648594,87.49261467136286,89.12266090085792,297.5546264769069,0.0,4.2967442894617385,6.738055020014952,1.0,4.2967442894617385,0.0017290610532016259,2.857142857142857,23.932624944444445,1.118874275,6.354032584881482,6.354032584881482,6.354032584881482,6.354542961713597,6.354542961713597,6.354542961713597,6.354542961713597,6.354542961713597,6.354506682467109,6.354506682467109,6.354506682467109,6.354506682467109,1.0836794781111467,1.0602732025091783,1.0406829485093054,1.025673168812871,1.0159933878291016,1.0116376356227639,1.0128879357686726,1.0196157071055638,1.031481578425806,1.049255945405834,1.0698088080463295,1.0932995880893441,1.8387748996694884,269.9999825236893,0.7339564162175783,1.857657782878281
2022-05-28 04:00:00-07:00,22.020774483333334,5.127902016666667,0.2727521668663903,3.5,5.5487932871550205,86.86954129165116,88.90481772126184,62.55945011105957,0.0,3.281624406700577,6.328394290343878,1.0,3.281624406700577,0.0020541116915836683,2.857142857142857,14.253704166666669,1.358428125,5.1807143335811645,5.1807143335811645,5.1807143335811645,5.1807143335811645,5.1807143335811645,5.1807143335811645,5.1807143335811645,5.1807143335811645,5.1807143335811645,5.181104035576308,5.181104035576308,5.181104035576308,0.7853060700213765,0.7683042965471336,0.7541100340627082,0.7425304675608,0.7357330434439047,0.7329359824004785,0.734189621070855,0.7393876577456686,0.7482443989167711,0.760336816950861,0.7751298963173976,0.7919909624098885,2.293637183708037,90.00001366037834,0.7299895851722805,1.8579440114701402
2022-05-28 05:00:00-07:00,2.058254033333333,39.31560666666667,0.260777195460049,4.5,39.618365471619846,65.14828121394635,81.54138714524754,69.00224371162767,0.0,25.355968122976662,39.57022009502217,1.0,25.355968122976662,10.078481178521002,2.857142857142857,14.315396055555556,0.945037845,37.511539333426505,37.63777741119077,37.744894623127294,37.859781605290124,37.80568656479593,37.62257155128703,37.57150360865152,37.69555485312452,37.51406046281597,37.468327730206774,37.59765447495873,37.41805882194383,5.616324223564172,5.549405415005335,5.475618474095562,5.373041854038244,5.407830002242702,5.432626934871443,5.422763683608659,5.5216630961299416,5.609301033889775,5.643478038816912,5.761310863447114,5.79711605403165,17.657710999665778,90.00000120741828,0.5983350821973786,1.9042572339793549
2022-05-28 06:00:00-07:00,25.134121933333333,147.93994333333333,0.2599722787030968,5.5,156.3321148117975,23.01728344373305,70.49460906598709,77.79600831052187,0.0,91.76346517712138,174.53803585436765,1.0,91.76346517712138,49.85457136601499,2.857142857142857,16.668094833333335,0.865844275,156.5020682898492,158.4182582309272,160.306691809266,161.1524517657196,162.99466164757075,164.78748949797563,165.58609593917612,167.34870092281102,166.89216499754428,166.11659790988082,165.66785236666385,165.2283986477866,27.921489953299837,28.405945595868364,29.0580348804292,29.728940491596315,30.569760396078202,31.379650977690527,32.222764673831094,31.940977811908297,31.634569843299506,31.379082521242907,31.014002580229427,30.617336150637236,50.0,90.0,0.366977778440511,2.214355247456318
2022-05-28 07:00:00-07:00,8.876330283333335,203.94083333333336,0.2631657595354862,6.5,208.50241019579695,9.468884079510948,59.075811009613695,86.67626380714853,0.0,134.25718055181244,198.35826200312343,1.0,134.25718055181244,68.3368528458808,2.5309358593198983,20.12709016666667,1.4088368483333331,173.43750321790787,176.09729951863656,178.71506838053463,179.87794972813532,182.4415532975431,184.93430469937064,186.0304179557383,188.4624008267891,187.88233340749576,186.9390828044134,186.38662757150976,185.84075650226723,42.377646100409194,42.66646205401087,43.205610604384105,43.731699531847006,44.606159407031946,45.397774934670764,46.35323852456033,45.820979283209574,45.29956688727962,44.92680307294222,44.39552907055486,43.849755879070464,50.0,90.0,0.366977778440511,2.214355247456318
2022-05-28 08:00:00-07:00,6.7547127,288.2205666666667,0.2577689356894142,7.5,292.77904501204944,4.815560314856672,47.556801891086764,96.53208367379358,0.0,192.57511777274388,271.573661925102,1.0,192.57511777274388,92.31440560872332,1.8916933333346035,21.656529388888888,1.012390745,238.47915749608944,242.005344071182,245.13521977545318,246.65214651960437,250.08258156917415,253.38492349893886,254.82301481532625,258.0027703483015,257.39345122432724,254.9914786640798,256.16370755852785,255.60091060513238,55.87641776815561,56.02895060085881,56.3525640011374,56.01357396928123,57.1344433352047,58.28578884123631,59.61434943119961,59.15239971589083,58.74487218307671,58.54997020361404,59.4276952216946,59.004659331348115,47.37091236003549,90.0,0.3821233203961428,2.179893276548994
2022-05-28 09:00:00-07:00,402.1217538333333,358.48080000000004,0.2527763115631078,8.5,682.5109479213637,11.109170163161144,36.31230793714756,108.98793167754002,0.0,409.3163397536718,795.4758100313428,1.0,409.3163397536718,185.33468903847103,1.5406545045321591,23.24389561111111,2.499796305,751.7697012162228,753.9150901746525,756.4279606794274,757.1090847523988,759.1264633207475,759.7522233377827,760.500017429137,763.5768419918609,767.0477242236542,769.3691252687482,773.8321500232194,776.0444897388053,95.05948528178322,88.08131197287578,81.50912999233888,77.10144096804225,73.76056690423206,72.61725707613849,72.68139339788236,74.98447450612967,77.12792152691486,80.27203070552466,82.35841111827307,85.73593902284966,34.796038940942154,90.00000120741828,0.46467160130831703,2.0359541945322728
2022-05-28 10:00:00-07:00,32.79244533333333,405.81463333333335,0.2586663855116675,9.5,435.25617280325065,15.60734460475065,26.127710340790937,127.65775854108561,0.0,282.15410848513613,438.338529650111,1.0,282.15410848513613,117.07336167141744,1.2937006788005128,25.38641188888889,1.7494422183333334,415.6774203181078,416.6441545994449,417.76411451330284,418.6865813567925,419.6918915134711,420.2785662201779,420.9561767637465,421.4491580850558,421.17340139531467,422.0857566430418,422.53100778504154,422.23361868347746,63.27267566163473,60.829311079993204,59.02348552536702,57.29173514686947,56.532182032681206,56.569683399346516,56.68035373939648,57.78878428878655,58.726518285288584,60.34640708475547,61.8502859681499,63.97149154262561,21.22179166592972,90.00000147877934,0.5690104297392069,1.924956662315207
2022-05-28 11:00:00-07:00,118.3999495,468.9888,0.2534856287293624,10.5,580.8338779558236,17.928799416568538,19.154386139118074,159.7502606275009,0.0,375.60143408874575,583.9896247189058,1.0,375.60143408874575,148.97317810809747,1.0901910021832175,27.062071722222225,2.7361255216666667,568.4554222633504,568.4546009745977,568.5359160902676,568.7939583040799,568.7949549725254,568.854734358529,569.1119473251813,569.111427277299,569.0805966314974,569.0801290310917,569.3375785233518,569.337456103987,79.84964919461561,75.63908964538601,72.0626419950411,69.03950555145879,67.33827278649862,66.4247463848945,66.44960405590885,67.42232444033426,69.23864669621295,71.73134655748052,75.15703007019731,78.65433224160688,6.855219075489981,90.0,0.690319555838532,1.8642919225415144
2022-05-28 12:00:00-07:00,63.338802666666666,452.2815,0.2547585915323382,11.5,512.0156079012764,17.842906762056586,19.42309688722932,202.86632318712321,0.0,328.7763731407609,512.7495907569652,1.0,328.7763731407609,130.92090066168544,1.102806443719002,27.55535516666667,1.7541143366666667,495.4523957083899,495.6858727629183,495.68550938290775,495.99630911160745,495.9311671960156,495.9308195389246,496.13690445797727,496.100493020457,496.1000418533421,496.33886981388264,496.27307241725606,496.2741107930663,70.80341154670103,67.64346060303536,64.99945424716789,62.782870927198445,61.47318956580451,60.9699931205418,61.05476397909579,61.875945966540975,63.25978644393325,65.24081176055472,67.57270577276097,70.42525559552699,7.801946574210708,269.9999956465915,0.6821253839244887,1.8663996280615742
2022-05-28 13:00:00-07:00,62.8542873,413.95956666666666,0.253719110678005,12.5,470.1061519478269,15.358553807388079,26.71143315395236,233.89740429436642,0.0,302.7257460332729,476.14255922933654,1.0,302.7257460332729,124.12879345708649,1.3078504600973886,27.43577911111111,1.9502126166666665,460.3557972078801,459.7742843505446,459.16136354840614,458.3528234909221,458.62337548128835,458.0958114641784,457.38648079082805,456.7573889743751,455.69300332316345,454.7415407552311,453.5473880558244,451.28678932639207,66.76420227193896,64.55669865406323,62.922532356806876,61.18164362117434,60.37510423166425,59.124576847490104,59.031423679770455,59.06319640663154,60.00593431819872,61.43454714473358,64.08043552413275,67.40916944215212,22.12494694063174,270.0,0.5616861780882887,1.9307781244872917
2022-05-28 14:00:00-07:00,10.326570116666666,283.24210000000005,0.2602151369882487,13.5,291.4891060703643,10.720345582671351,37.00147067310899,251.99619005793363,0.0,192.10939167411235,274.4135664933009,1.0,192.10939167411235,83.40966844532272,1.5590773727155103,26.87388555555556,2.0886629633333333,248.48054181393442,251.51790264995424,254.49896389810286,255.7928358090558,258.8321960629715,260.0511242950632,261.31023280358625,260.88409308624193,262.042148888402,261.6079035714082,261.1895774385595,259.316068994502,48.578804847043706,47.49491634545162,47.58343559392186,48.07017372740258,47.8535378264084,47.678408880358965,48.91554678659151,49.124456418279294,48.28504855559713,48.41880189074689,48.41157002080106,48.37082833429184,35.62899030705378,269.9999987925817,0.4587328473266893,2.0443367405970174
2022-05-28 15:00:00-07:00,0.2440961999999999,113.10745333333332,0.258262610234815,14.5,113.26991472790391,4.315549957041843,48.27446972056124,264.2133696985743,0.0,77.28885846623108,94.50568530709765,1.0,77.28885846623108,37.135308602070815,1.9195825288538364,25.05764433333333,2.784384983333333,87.86259558755329,88.10073047602963,88.44644527034183,89.05239407652068,89.41227064639943,87.96986092786872,87.31189961927316,85.82781939272424,84.29182184782665,83.59770915534472,82.03060959176412,80.57742160540938,25.264662993443014,24.992752893763,25.259494436591794,25.440452473115034,25.667224219194487,25.881558904733758,25.201035913190477,24.549400300733137,23.9014407567106,23.395883403709767,22.922809559470004,23.103189946591616,48.12902764443572,270.0,0.3776751033268508,2.1896874764099463
2022-05-28 16:00:00-07:00,4.8735219,81.26998499999999,0.2572321865868269,15.5,83.72226925769579,10.311696264512154,59.78904191547206,273.9742712852243,0.0,56.619566064447966,70.78337055451269,1.0,56.619566064447966,27.5923373826608,2.583979286105162,24.91115655555556,4.9662648166666665,65.71918598104315,66.0198826014997,66.3245811719942,66.8676322038353,67.18293043630383,66.1021904020506,65.61248331377317,64.5111819958872,63.379023981673065,62.86029000907209,61.70123150748262,60.524661059250136,18.511495828547254,18.786597033840795,19.046295641168598,19.240365523689942,19.473370513340065,19.696585527409837,19.20685974392473,18.749711403957793,18.271450051520223,17.909358666252526,17.55425657491776,17.303206434330164,50.0,270.0,0.366977778440511,2.214355247456318
2022-05-28 17:00:00-07:00,59.489625116666666,134.90595,0.2727393531503561,16.5,154.09482155070742,23.889478896937828,71.18229002426905,282.83136557131076,0.0,79.28529107201041,209.5270892712038,1.0,79.28529107201041,51.43363782009862,2.857142857142857,24.324947944444443,4.9054509500000005,199.90247084057938,199.85342920465388,199.79908501872848,199.56897492229567,199.50736665249912,197.98524988876252,197.30065206781126,195.75450218809337,194.1648723644291,193.43942264570458,191.80955806335945,190.15721739217736,29.116386066142784,29.044748045390126,28.953776624071057,28.769227846292964,28.641882148277688,28.501067292748367,27.770261709022424,27.071313643678394,26.345204563300364,25.77659450125308,25.220717040056833,24.821117204456517,50.0,270.0,0.366977778440511,2.214355247456318
2022-05-28 18:00:00-07:00,325.98388133333333,71.27740833333334,0.3019264356611291,17.5,115.60976435066054,67.1351515353827,82.18380856435876,291.64724311795015,0.0,36.67035232094468,226.65101172596752,1.0,36.67035232094468,36.50518718552839,2.857142857142857,23.67366227777778,4.803448983333333,203.44707016104144,203.6135127222923,203.7501587925232,204.10791801288107,204.3151650124144,204.42806644895572,204.7416842506446,204.95000002292454,205.02121188681147,205.24396688800454,205.27831187178023,205.50067624979545,9.715097743303371,9.546276345432206,9.499846592297859,9.524105379494404,9.50467314953958,9.663045018379506,9.812954566191172,9.930321053635547,10.276075322133842,10.440797337016509,10.754833126586874,10.99530452774895,16.271619991837063,269.9999982924527,0.609904370323604,1.897198661794869
2022-05-28 19:00:00-07:00,0.2924275166666666,8.151373566666667,0.2953009765622929,18.5,8.156514376909199,87.12094001511993,88.9927011411873,297.65067418542503,0.0,5.215975705567493,8.163289404950355,1.0,5.215975705567493,0.002772178307877621,2.857142857142857,21.38292338888889,1.6621684583333334,7.709385247488621,7.709385247488621,7.709385247488621,7.709385247488621,7.709385247488621,7.709385247488621,7.709385247488621,7.710004722379476,7.710004722379476,7.710004722379476,7.710004722379476,7.710004722379476,1.3514184287790345,1.3221896705478902,1.297762491765796,1.2790783133432981,1.2668410523285436,1.2612319865347954,1.2633566724360217,1.2722785614825238,1.2875273619793839,1.3083697136235537,1.3338953732907999,1.363027385988392,2.113359765630208,269.99999316981086,0.7315616384969268,1.8578230348135252
2022-05-29 04:00:00-07:00,0.0355068,3.632130733333333,0.2392814564092409,3.5,3.632861365931844,86.62951345044696,88.8209267219175,62.42404405988565,0.0,2.324646614150356,3.6325273031977927,1.0,2.324646614150356,0.0016909450280200302,2.857142857142857,12.199095361111112,1.3126967466666666,3.433594600297427,3.433594600297427,3.4341074189519283,3.4341074189519283,3.4341074189519283,3.4341074189519283,3.4341074189519283,3.4341074189519283,3.4341074189519283,3.4341074189519283,3.4341074189519283,3.4341074189519283,0.487137578277326,0.4766830372974741,0.4680098249839266,0.4614459040290099,0.45723492798400284,0.4555099792150252,0.45630209798590815,0.4595406744529825,0.465042115522441,0.47254380063682877,0.48243527686642856,0.492965805539856,2.472698684450158,90.00000435340849,0.7284283309473245,1.858073964434688
2022-05-29 05:00:00-07:00,11.154037983333334,59.42972666666667,0.2622138180409645,4.5,61.08501140262619,64.91220354860552,81.46565195909179,68.86077710457317,0.0,36.200368964282625,69.48824085487865,1.0,36.200368964282625,15.677152849107642,2.857142857142857,13.365575777777776,1.1719742583333332,65.4371294975741,65.59865784119073,65.76841098220929,65.7527588146047,65.67921049426653,65.59266788170018,65.52741817279244,65.70302121805618,65.45197191177395,65.39308363650872,65.39324215691985,65.32757800747343,8.065586063912097,7.947091376276529,7.864484297447122,7.807024953279128,7.7723663579600455,7.807473082682001,7.797332389563408,7.934128557798301,8.061983306527363,8.150289207723718,8.288504171929052,8.371084236495363,17.85101543411033,90.0,0.5967285262054238,1.9052860289993836
2022-05-29 06:00:00-07:00,149.21928646666666,139.74200000000002,0.2720624831433622,5.5,189.7303127290552,23.016304054912187,70.42752246483843,77.64321385982237,0.0,79.449854184395,317.0137008954905,1.0,79.449854184395,62.667760361009314,2.857142857142857,15.909911722222224,0.5797871083333332,292.4454194085191,294.04273741669857,295.6203417305346,296.32440500283883,297.85725199149135,299.35163789679234,300.0161841581629,301.4860203906461,302.2324025187605,303.7998142062803,304.4860859687782,305.1795417560477,24.435418496461004,24.928113605270745,25.555088503601162,26.201510674340867,26.972452624880667,27.700079509521544,28.448637338286506,29.170354993453625,29.872289290485607,30.63170303201422,31.294511407437795,31.941331965157133,50.0,90.0,0.366977778440511,2.214355247456318
2022-05-29 07:00:00-07:00,697.0282333333333,134.93210000000002,0.2747809279673069,6.5,493.789191701508,9.449256382096824,59.013327627766465,86.5062589503572,0.0,188.38156567342764,911.8044667092526,1.0,188.38156567342764,143.61064245711657,2.525940751742872,18.43688555555556,1.1091423416666666,861.5528114007981,862.6170387326351,863.5884128662998,863.8975695274452,865.0078962538751,866.0799328438762,866.3193231687585,867.0098860213832,870.6047521284477,878.1881059198852,881.8494041484548,885.4458661732688,78.4867302628096,72.50698576298797,66.84130802987656,60.515398205542546,56.09223276812696,50.915754314410734,47.73879955505165,47.550075035065355,48.14338095664471,50.10057029862043,51.88001376370502,54.14890872850698,50.0,90.0,0.366977778440511,2.214355247456318
2022-05-29 08:00:00-07:00,811.9597833333333,152.36121666666668,0.2586903992142877,7.5,700.980444559772,4.6659721987577125,47.493572811890765,96.33521314433966,0.0,355.69290652506936,1045.4875384716197,1.0,355.69290652506936,184.494634493882,1.8898103732330966,19.480312277777777,2.064245121666666,996.4761824033355,996.6151077802139,995.9738232214718,995.7073296591923,996.2361501983502,996.7006776817209,996.4062940132798,996.6178714910943,1000.3187085968241,1008.6655767259668,1012.7398264460658,1016.5191062358439,95.32655129330118,85.42545385799849,75.58397213232138,68.01113262469323,63.04401504268875,58.121918595995,55.03405534773255,55.346986904295505,57.08393450060231,60.79767142460484,65.02571963195449,69.19298416925281,47.31871202094593,90.0,0.38243198316904253,2.1792232365300386
2022-05-29 09:00:00-07:00,456.8046815,327.75705,0.2464961521653872,8.5,696.1923573338104,10.954405133299499,36.23989418508741,108.75033437021222,0.0,412.5187648092982,831.9965324944501,1.0,412.5187648092982,186.76493238745027,1.5399331965031051,19.81292372222222,2.6919758833333334,787.4074077115655,788.995398274623,790.947594625686,791.3706045687595,792.8748780092188,793.2535339600228,793.7549782930162,797.7373708429502,801.8125147776411,804.9711059210553,811.3807094101703,814.3860158414857,92.96535743730524,85.26489569679148,78.13812813165997,73.09801952098961,69.18619568480713,68.52454066565699,68.27659563587703,71.14485701040672,73.88779582437384,77.7410914476285,80.62505712961394,84.80137936694575,34.762958205576176,90.0,0.464908712778445,2.035624852591875
2022-05-29 10:00:00-07:00,211.24978731666667,304.53411666666665,0.2507394835445392,9.5,494.3538269592243,15.449684553122717,26.031128841671286,127.37362343254085,0.0,315.78038409301655,524.7763749702611,1.0,315.78038409301655,132.26301329020566,1.2935620206067013,20.513052055555555,2.819564483333333,503.1265544268572,503.54861629104687,504.153155473343,504.588800793909,505.1150730182826,506.8109635358692,508.5513260300247,510.04090639364915,511.39299860208945,511.64568151749927,512.9869248590035,514.3148884033388,68.62624166514601,64.25707152562028,60.31191706306453,57.716589899541006,55.801867441259326,55.635047002374954,55.1894778122703,56.88967575119024,57.91725427704807,60.65292153820258,62.795336555171524,66.53759785938675,21.212868153545543,90.0000020913098,0.5690830234505446,1.9249002972986848
2022-05-29 11:00:00-07:00,1.01511795,44.64917833333333,0.2497655479743042,10.5,45.608903124598015,17.772197213173687,19.015265374848724,159.52344518565724,0.0,29.32095953819387,45.15204183979589,1.0,29.32095953819387,11.166807662322627,1.0904447903906378,14.722101216666664,3.46155165,42.866140800158234,42.86610601445377,42.92199381208702,42.85475479861783,42.85479150587957,42.91517550230539,42.847907307401556,42.84788760277513,42.84786453622272,42.907187369335965,42.8399169507766,42.839920286743656,6.337347469535629,6.197202134355403,6.085989298076841,5.995510060751067,5.952900016550052,5.944449791247671,5.96921450314425,6.028136169167789,6.113835957441115,6.220529694836688,6.3463675712352545,6.484623694550758,6.874308347582445,90.0,0.6901541647584075,1.8643317451900625
2022-05-29 12:00:00-07:00,686.0014764833334,211.20193333333333,0.2230449149424856,11.5,858.7812789839741,17.692149015004656,19.266995516654976,202.92749801204104,0.0,549.7729995756146,871.8762116536445,1.0,549.7729995756146,195.77230956893496,1.1021713661189856,15.38512567222222,1.52713609,865.5487709596406,866.2749155471281,866.2734835223902,866.0132162609931,866.9704649145599,866.9696582134029,867.5555777926377,867.5014063200406,867.5004933262259,867.0363086186709,867.9912994171506,867.993814285216,100.16874797969801,92.14708078285028,85.25082131345329,79.2912959547219,75.55064809948955,73.78437522616014,73.38622072733607,74.8469193056903,77.73908209411738,82.13319931462367,87.49875734452127,94.24661853824267,7.754397646803132,269.99999618180817,0.6825365088905423,1.86628731294416
2022-05-29 13:00:00-07:00,89.3366764,299.9642333333333,0.2490098350081213,12.5,379.8616663075933,15.217787453681616,26.57611960709484,234.07569444226874,0.0,243.01602056851638,393.7759450999612,1.0,243.01602056851638,101.41387633010439,1.3067063917123627,18.3710045,2.5782489833333333,373.50558090813877,374.1452272600352,374.9428958539285,375.5597794017415,376.26242370019094,377.4258310784114,378.6177226114882,379.63514558418717,380.7551103194022,380.63958990661365,381.66874106122157,382.64357311736603,53.23887901343781,50.26479683822149,47.73833116062232,46.896201428609146,45.61056278795219,45.78372716028846,45.720599495579954,46.67946608142752,47.723531357681146,49.61272749402973,51.021553712440955,53.47558876164622,22.052474516036987,269.99999914622634,0.5622721998115184,1.930302475984605
2022-05-29 14:00:00-07:00,0.87929045,70.96226166666666,0.2336797319014728,13.5,71.66558204785507,10.591889368788369,36.882057082169,252.16560011930497,0.0,48.10115100064387,63.92728830534769,1.0,48.10115100064387,18.945814509839863,1.5570237181441364,16.312894055555557,4.454807556666666,59.9871923327436,60.61664339174128,60.77432657854026,60.9370050837235,61.058884986995146,60.83374916214735,60.473214845254894,60.11874812817421,59.27175249131903,58.89537581956004,58.05205341656886,57.19003429469607,11.555627342083534,11.626243050600902,11.6814529785843,11.701808806783367,11.966242534507053,11.948406003171456,11.586356184130704,11.643884114934089,11.583751166175148,11.333683978773694,11.162676648777124,11.297791353910693,35.53727039100749,270.0,0.45938379616894054,2.043405253069347
2022-05-29 15:00:00-07:00,62.59854086666667,247.18718833333327,0.2442406813151356,14.5,288.9424470920789,4.199645438119821,48.16156020179751,264.3590537386534,0.0,179.88029809713234,306.3207680040963,1.0,179.88029809713234,87.4867634785312,1.9156311398577563,14.207990055555555,2.995690285,290.9336349829184,290.3830271702369,290.04672194306886,289.1585903590321,288.8428725384215,286.3159125373572,285.20413938207173,282.5765042812393,281.33002258444594,278.6684950879287,275.9461177093175,273.15688560780677,51.919572847898905,51.487229768466875,51.08501257416335,50.734837625182365,50.29348989347472,50.243473414957386,49.46346228277013,48.96505957140551,48.47598145537213,48.65907569171527,48.92212953236207,50.49593090016583,48.0233027621495,270.0,0.37829154696736506,2.188314550492831
2022-05-29 16:00:00-07:00,131.79233791666667,174.47785666666667,0.2526567793248933,15.5,241.0171485147245,10.237441048519816,59.676625125544234,274.100237921998,0.0,126.94350350200077,329.20534955576977,1.0,126.94350350200077,75.8872404600227,2.5749500276126702,14.856546666666668,3.2531727333333333,315.3895642731194,314.3499024507707,313.29151079631544,310.9947654634768,309.9401173100988,308.1863713935794,307.3981755345025,305.532985166348,303.6130812664715,302.7731472011543,300.8404405568805,298.8656016046777,42.15397279466453,41.43587979099758,40.81939761400385,40.084035478588135,39.71627019971208,39.514931283467845,39.511363907688214,40.01148962253687,40.2924576398875,41.139192875140466,41.83740738405281,42.73374124867293,50.0,270.0,0.366977778440511,2.214355247456318
2022-05-29 17:00:00-07:00,0.0771196666666666,29.920272166666667,0.239125067198181,16.5,29.94529522187717,23.8288091385138,71.06650276534417,282.9421635166475,0.0,20.556344373209505,24.044183929679637,1.0,20.556344373209505,9.344048200388489,2.857142857142857,13.970388277777776,3.849648096666667,22.306374033455672,22.445474312312083,22.586508320405244,22.847486511130352,22.993262975282896,22.592793981860968,22.409575643349402,22.001657046076154,21.58255202941232,21.38860893897024,20.959128563272085,20.5232149776118,6.401535260007929,6.526495817699582,6.644740025253847,6.741187323929488,6.847057364563255,6.947658897766645,6.760844007218217,6.58075070678096,6.396140023056742,6.24753563151511,6.1038028002668145,5.995724249060703,50.0,270.0,0.366977778440511,2.214355247456318
2022-05-29 18:00:00-07:00,0.1119282833333333,14.280647333333333,0.2269392438478252,17.5,14.296104927977597,66.76027564302278,82.06192928972342,291.74547165345876,0.0,9.319190794026664,13.746111739044744,1.0,9.319190794026664,3.123429522161694,2.857142857142857,12.916884833333334,3.9876611516666665,13.089801772307815,13.134192073317527,13.172391998023137,13.146810685285912,13.188228763527821,13.162156662749533,13.096579855735152,13.07550966324699,13.118309115576068,13.052876061026566,13.099692748011252,13.031717529572143,1.7974759064237962,1.7744505930412589,1.7498175989929687,1.7181930327355504,1.7229709657024685,1.731135632120568,1.7261811370700995,1.7551694084300207,1.7824871901951391,1.7929302708610888,1.8298106421077467,1.840134412145263,16.56029977205274,269.9999980909041,0.607487861269493,1.8986225593620398
2022-05-29 19:00:00-07:00,0.0678723833333333,1.6007480833333334,0.99,18.5,1.6020916108636423,86.75779937122334,88.86576127966242,297.74101827538675,0.0,1.0244593982393266,1.6038950993728045,1.0,1.0244593982393266,0.0006916314112955166,2.857142857142857,11.60002172222222,0.9383170833333332,1.514447303884517,1.514447303884517,1.5143256528233677,1.5143256528233677,1.5143256528233677,1.5143256528233677,1.5143256528233677,1.5143256528233677,1.5143256528233677,1.5143256528233677,1.5143256528233677,1.5140996440316807,0.8986214165691899,0.8781224579066549,0.8613843787681084,0.8476938213498111,0.8376604155130123,0.8317631833532425,0.8303310671642585,0.8334886915857064,0.8411789467753862,0.853154362174157,0.8704086857097894,0.8896823498372506,2.3821036639444606,270.0,0.7292182121563386,1.8580069959227306
2022-05-30 04:00:00-07:00,0.2539550833333333,3.716784783333333,0.1843887656698338,3.5,3.721604124421894,86.89187581285859,88.9126247161045,62.13419665022969,0.0,2.3785631157977214,3.729075178069408,1.0,2.3785631157977214,0.0014791447447386297,2.857142857142857,7.449906516666667,1.172260987,3.517305480796579,3.517305480796579,3.517305480796579,3.517305480796579,3.517305480796579,3.517305480796579,3.517305480796579,3.517305480796579,3.517305480796579,3.51758794298889,3.51758794298889,3.51758794298889,0.38483760471506145,0.376507146129038,0.3695520030352539,0.3638865836728456,0.3605554456634088,0.35918447595856406,0.35979832733526673,0.3623450820288714,0.3666849323871136,0.37261057084436905,0.37985997514687636,0.38812324101109175,2.2861461808320493,90.00000147877934,0.7300549043028254,1.8579387875802267
2022-05-30 05:00:00-07:00,253.3319678,48.45314833333334,0.2454932057257304,4.5,86.35613423244811,64.69228531593313,81.39521858384433,68.7230848641592,0.0,23.130606005190536,182.54871111593295,1.0,23.130606005190536,23.382272751271316,2.857142857142857,8.664980244444445,1.120062375,165.7296003546266,165.83888857908696,165.95291027325572,166.05309875870148,166.4904908671012,166.9036815833167,167.28537949795862,167.28585792063666,167.64401475975757,167.98686206321713,167.98713467560196,168.30770212243613,5.1521849766691945,5.192878101772381,5.14374130529472,5.109803190407908,5.331810935288942,5.360627397965396,5.65237209745956,5.712588727929419,5.7900451992456485,6.141037894142904,6.224261741533702,6.600710642437314,18.032597749525888,90.0,0.5952209817098896,1.9062623062908595
2022-05-30 06:00:00-07:00,6.2002442,108.82329,0.2473222975281445,5.5,110.90668052832302,23.0191606089081,70.36557679728206,77.49464541548389,0.0,71.07888358495771,105.3529447101352,1.0,71.07888358495771,35.11593281823778,2.857142857142857,9.876777444444444,1.515711576666667,92.15941254072263,93.65546541770752,95.1298486424541,95.79349178822585,97.23175594660273,98.63165666729589,99.25847157382728,100.63355169199889,100.24558918163916,99.57327943394984,99.19460974553672,98.82264739676299,21.070626187348022,21.447581622357745,21.949716219871423,22.467958861300602,23.112472410912325,23.737532020915456,24.38647179016102,24.137421081960312,23.86992135901537,23.638637729621244,23.328472950798165,22.995616377215132,50.0,90.0,0.366977778440511,2.214355247456318
2022-05-30 07:00:00-07:00,0.7129255666666666,155.5975666666667,0.2445169566999929,6.5,155.96522021734268,9.435618614268748,58.95594754826696,86.34100210195452,0.0,103.84866842223981,137.10697405751802,1.0,103.84866842223981,49.61435117285325,2.521336249967583,10.561473388888889,1.554654695,118.13349225178371,120.26762581252397,122.36884223585687,123.3131558682455,125.36693117280832,127.36543133522403,128.2563883511283,130.212057315931,129.7198125925783,128.88823649887166,128.41427525927708,127.94634756280064,30.988325270596686,31.391738540733435,31.977742083721747,32.57339820897368,33.385612395621536,34.1590597760713,35.005735665950255,34.63584256912469,34.25765061565388,33.95677369098606,33.545475062457356,33.112936687496656,50.0,90.0,0.366977778440511,2.214355247456318
2022-05-30 08:00:00-07:00,549.13033,158.14099333333334,0.2429760857399562,7.5,529.5830112836558,4.52096016249178,47.43558331078267,96.14369653342307,0.0,272.3858671815416,781.5568281996751,1.0,272.3858671815416,141.13753982614043,1.8880980998299504,12.059362444444444,1.8150814666666664,736.8202906243893,736.7697153635888,737.1233630970405,737.0962054678381,737.777830464737,738.4125098886608,738.3537815486441,738.8014563535345,742.7525551743944,751.426820727225,755.404135530988,759.3196577414411,69.22472000867735,62.5552117394153,56.790522478381135,50.79394146893624,47.53700320867481,44.32362024775347,42.36181298148406,43.760737359349655,46.15010824459276,49.92532192115575,53.64959426709042,58.43343809943743,47.27112975487688,90.00000085377364,0.38271360489550565,2.1786129640028564
2022-05-30 09:00:00-07:00,1014.72105,81.25422499999999,0.2348818768890111,8.5,900.3749654817307,10.80476390672759,36.173114541790454,108.51855481171168,0.0,517.3683482899197,1111.7742172690691,1.0,517.3683482899197,206.15775164044936,1.5393012263270158,13.67683211111111,5.346728223333333,1085.3444533822073,1085.4427304326578,1085.4852569502987,1085.6519596925962,1085.8013575475886,1085.43948453728,1085.2406593198998,1087.4495076586923,1089.171414788206,1090.5435532197298,1094.0470652310103,1095.3720732930437,109.13465478590277,97.25971165958258,86.65512022204943,78.36895981320826,71.6791025409423,68.55260079998425,67.08618200672977,68.26384027569863,69.23518449189348,71.43968942908764,74.04675203999999,77.12296335691008,34.733945202337715,90.0,0.4651167463552308,2.0353362331910416
2022-05-30 10:00:00-07:00,1036.685,69.85077,0.2264624201202755,9.5,1002.0854088734436,15.297695250414591,25.94089173314734,127.09420963434212,0.0,632.1835773590556,1084.0207511371696,1.0,632.1835773590556,225.1623462668575,1.2934741592757788,14.993817277777778,5.35249315,1072.095863258255,1071.8373434314321,1071.9356674167714,1071.8009412874633,1071.8332458708253,1072.5886571155318,1073.5190673795223,1074.0986306516595,1075.0180835794347,1075.0031323341348,1075.5273208163949,1076.4022368519156,121.96558141286492,111.39916875163138,100.97954120884233,93.24196135261553,88.08686461726029,85.14499028235151,83.45694541666015,84.80146728411712,86.66983654062085,90.44778482403653,95.10809604793347,101.2392031849487,21.207213770304882,90.0,0.5691290247240913,1.9248645933122739
2022-05-30 11:00:00-07:00,1047.6331666666667,68.3597,0.2245534628005109,10.5,1059.6113227470917,17.621713321405977,18.882902020796337,159.29429252127966,0.0,688.5379687985582,1069.2404609792356,1.0,688.5379687985582,238.54583936309024,1.090727996377042,15.82947888888889,6.088447133333333,1066.1671425810782,1066.165306610499,1066.099285601096,1066.2959667272783,1066.2982624256206,1066.299933713205,1066.4621266470012,1066.4609180043237,1066.459701887998,1066.2775206041931,1066.5425158536282,1066.5421056883556,125.65244237792497,115.63739531892475,106.98959183398996,99.6254738109545,94.9201084378311,92.37126738572228,91.92664996947292,93.87967833992784,97.76100279661243,103.57713975260428,110.64994117817317,118.57906236532546,6.895608322726399,90.0,0.6899696278010727,1.864376309733733
2022-05-30 12:00:00-07:00,1049.8018333333334,70.08767833333333,0.2274715261527836,11.5,1061.9988283675623,17.547781707092955,19.116330729173185,202.97874268313552,0.0,679.7812867895168,1073.9144393347199,1.0,679.7812867895168,242.16943558216474,1.1015230012295745,16.3603745,6.487027299999999,1071.0253491594076,1071.022105466917,1070.717085609015,1070.8555382117484,1070.8566919216019,1070.8581107506088,1070.623717897971,1070.7285618537728,1070.4202470889988,1070.4847293205885,1070.4867572241342,1070.3035192973207,117.16930746021536,108.87597583387266,102.01640030824542,96.39812292235871,92.70607212420298,90.9771433903387,91.29295657265328,93.95419415626549,98.79143199660247,106.45509356388757,115.30965948235722,125.60303458962082,7.705842441552603,270.0,0.6829563824393572,1.8661733251301271
2022-05-30 13:00:00-07:00,1049.7501666666667,72.75711666666666,0.2356473915502046,12.5,1012.6671508433137,15.083484091328366,26.44459019093481,234.24349920827396,0.0,629.124396486059,1102.0750704932016,1.0,629.124396486059,236.3442600432588,1.3055662756842108,17.118338777777776,6.455033633333333,1089.0909582326892,1088.793852148318,1088.9465027342462,1088.767344553044,1088.4980273322874,1089.6627415591086,1090.621316273724,1091.2367258550998,1092.2366048588801,1091.9700240674997,1092.799199318746,1093.5848505555005,127.66105774167939,115.09481504892483,103.88626275124638,97.0379243688234,90.42796708277997,87.32243277657635,85.63214782201469,86.10132141786858,88.6147902214572,92.49762650853074,97.29345279275157,103.62085761464007,21.98015568790642,269.99999914622634,0.5628572789305244,1.9298293137267968
2022-05-30 14:00:00-07:00,1029.3273333333334,70.09571666666668,0.2484790717218973,13.5,894.6818955502139,10.469811434235616,36.765465767889346,252.3260080521665,0.0,513.5746222730019,1116.8334694554874,1.0,513.5746222730019,214.28788831450493,1.555001380065606,17.824532944444446,5.307946033333334,1099.4473785286152,1096.1660709332375,1094.958412780603,1093.7483126818154,1091.9717934237506,1090.1631381495818,1090.341970479562,1090.8289177339843,1090.2066578655754,1090.7262841837846,1090.7021034564414,1091.0273368751318,79.59387945063513,76.02006508440078,73.44356224826835,70.98827942005657,70.34132524380065,69.32049359973612,70.75269044177342,74.95589059603404,80.97027235584139,89.67159221020015,100.67821006792903,113.33028566677842,35.446673326209776,270.0,0.4600275071033847,2.0424872161182033
2022-05-30 15:00:00-07:00,992.1028333333333,69.44791333333333,0.2678879129325598,14.5,732.6369983339733,4.089953008182008,48.05105900531632,264.49705563468365,0.0,359.59510047786085,1113.6472723043157,1.0,359.59510047786085,183.77772786283776,1.911769252584659,18.025234777777776,5.820005633333333,1083.8535195426487,1081.6416321029028,1079.3979427923698,1074.5243054219673,1072.5308204105463,1072.7175376630764,1073.2474557225396,1073.2027263501104,1073.2604705152703,1073.5730284312465,1073.998992265735,1074.2504100312124,59.33024740859068,56.719524182555354,54.61986971842226,53.21369928229061,52.06787180590131,53.5650630737946,57.257660067200085,63.044151170343845,68.805431540403,78.49571977669403,88.35175013096409,99.60745776040213,47.91944144110604,270.0,0.3788983572437233,2.1869680419085253
2022-05-30 16:00:00-07:00,936.9260333333332,63.22772166666667,0.2942251697079078,15.5,537.815782320785,10.165174888363977,59.566539473429394,274.219416075618,0.0,186.31228915113428,1044.025504595038,1.0,186.31228915113428,151.0078133737994,2.566168521323121,17.480519833333336,5.040329900000001,1015.7595229590462,1013.2420798554988,1010.6744504601543,1005.3622991346175,1002.9846683193458,1002.783108957908,1002.7443579465522,1002.0960119924828,1001.4134126601906,1001.342754174178,1000.8332551841603,1000.2424468335078,47.053285696673946,46.33146126321575,46.22533100293672,45.90712205276992,47.253945056100456,49.5352786656265,53.967438868640016,61.00308136646901,66.95921801563283,75.13386803535613,82.38516609273235,89.8477515380507,50.0,270.0,0.366977778440511,2.214355247456318
2022-05-30 17:00:00-07:00,824.3534999999999,50.26374333333333,0.3288104279750352,16.5,319.2836088833914,23.768555287067834,70.95319641924279,283.04674017186034,0.0,28.812703753688954,859.5133173294886,1.0,28.812703753688954,104.28202379980137,2.857142857142857,16.56550861111111,3.692812766666667,838.0238819610312,835.8977940942574,833.7017873638893,829.1402248031937,826.839162408031,826.4007087800085,826.2050128379797,825.765117863561,825.3180571606827,825.1055206737966,824.6386391095756,824.1758436724676,21.35822000382075,19.360222145189926,17.344670516091874,15.314788702422522,13.292208705080707,11.283418098484809,10.942134080893375,10.586109632042817,10.212139962749147,9.827472723359799,9.466132113489227,9.138765755158751,50.0,270.0,0.366977778440511,2.214355247456318
2022-05-30 18:00:00-07:00,527.2567136666667,32.636093333333335,0.3058639643777238,17.5,106.53671419162745,66.39313053326636,81.94286003361763,291.83783522447527,0.0,15.197585339160886,263.89813886915283,1.0,15.197585339160886,34.92435210666766,2.857142857142857,14.606886833333332,2.671613138333333,238.77212983368057,238.3915006271518,238.39197403633702,237.9879246328783,237.98772922784144,237.54636971877935,237.0828142685856,236.61666919729765,236.58160830252157,236.05778011656625,235.9899651090051,235.92602325062984,5.846735485225325,5.430420987478803,5.3616054423677415,4.974767880116793,4.915821166015969,4.863053875691831,4.540839339800972,4.52441957939596,4.523129370636112,4.293199888975226,4.336517356949469,4.418952884914434,16.843543578792232,270.0,0.6051203720265405,1.9000432940915057
2022-05-30 19:00:00-07:00,0.3595154333333333,4.0658298,0.2255951649804007,18.5,4.0726579943781935,86.88931290729658,88.91172893286799,297.9837104933879,0.0,2.601941728767823,4.083714654199127,1.0,2.601941728767823,0.0016242667971565674,2.857142857142857,12.15859538888889,2.0092706083333334,3.8491584754236974,3.8491584754236974,3.8491584754236974,3.8488494870733305,3.8488494870733305,3.8488494870733305,3.8488494870733305,3.8488494870733305,3.8488494870733305,3.8488494870733305,3.8488494870733305,3.8488494870733305,0.5194161800377842,0.5083579342155983,0.4986561799093975,0.49072576739983087,0.48491748357243497,0.48150876329785774,0.48068686561065066,0.4825214081515719,0.4869793866832404,0.4945682693442049,0.5038768527639582,0.5150264017443769,2.2905330432436966,270.0,0.7300166522351502,1.8579418447092046
2022-05-31 04:00:00-07:00,25.15796058333333,2.8860375,0.99,3.5,3.3955862614474666,86.68252547126143,88.8394532284082,62.00592854246514,0.0,1.8470967674706598,4.340579403037312,1.0,1.8470967674706598,0.0013117000384335726,2.857142857142857,6.820038372222222,0.8410261408333334,3.151181763552564,3.151181763552564,3.1515892416903983,3.1515892416903983,3.1515892416903983,3.1515892416903983,3.1515892416903983,3.1515892416903983,3.1515892416903983,3.1515892416903983,3.1515892416903983,3.15180857009569,1.604075002985404,1.566715610427394,1.5382023954039548,1.5166194946515128,1.5027689164532976,1.4970908421716922,1.4996877556123636,1.510329973719595,1.5284170869828988,1.5530859516443964,1.5854986673797145,1.6201412887579767,2.443164335697704,90.0,0.7286858296362215,1.8580518580007293
2022-05-31 05:00:00-07:00,0.1181233166666666,31.73544833333333,0.2532346240177215,4.5,31.753254496471566,64.48852406000127,81.33006211958897,68.58926449831893,2.3314683517128283e-16,20.764840172780172,30.39845610846612,1.0,20.764840172780172,7.838842841131209,2.857142857142857,7.907318555555554,0.8330433141666667,28.862604365222673,28.960308616215332,29.06263399952589,29.161794293542567,29.10224282046829,29.054195323219904,28.89530708710328,29.0018912013516,28.95963661667542,28.80035412609523,28.912333242996777,28.876281706140844,4.54890146293907,4.3984996857948495,4.34226809937574,4.351020193125189,4.290832445869446,4.311513099079006,4.32728580726055,4.382591479709585,4.477771323606021,4.493882783333614,4.570281781752609,4.609859789727404,18.20234518398813,90.0,0.5938130991351647,1.9071835906514183
2022-05-31 06:00:00-07:00,65.74504381666667,142.55091833333333,0.2623529569727154,5.5,164.70382396077002,23.025681109980553,70.30873515759484,77.35041465201567,0.0,84.64960128101504,223.42631710413914,1.0,84.64960128101504,53.314839871474305,2.857142857142857,9.546535027777775,0.6978469383333333,203.1058116147576,204.84802104258046,206.56669570726757,207.3360485204763,209.00978619061868,210.63985247430287,211.36622118707186,212.96880143177083,213.04800448234386,213.31270727635362,213.37007636538277,213.43563844288394,25.728965173330863,26.208594086445522,26.836706488504333,27.483926090314746,28.276509424134463,29.034147383342724,29.818511747347113,29.981209609376958,30.121703649733544,30.314771896965205,30.40720585143354,30.476400386928013,50.0,90.0,0.366977778440511,2.214355247456318
2022-05-31 07:00:00-07:00,747.1233166666666,101.49762,0.2723129692371148,6.5,487.371261125344,9.427663146610469,58.90362293374546,86.18062885876493,0.0,177.79140270063007,920.5621977254232,1.0,177.79140270063007,135.1696003589486,2.5171164187731296,11.459926,1.802847025,875.8659835126925,876.5907336772182,877.2250840881098,877.3807973136753,878.1671613992529,878.9240147950755,879.0169398222106,879.3856191060366,882.5204351123367,889.1939505675833,892.4218093596164,895.5911628851225,75.28472484113149,69.02890723033683,63.06148085541665,56.410311781209984,51.68432395072354,46.188133344837574,42.74658132514642,42.05279654371216,42.15936288457999,43.64970632974563,44.96923225436093,46.78905086760123,50.0,90.0,0.366977778440511,2.214355247456318
2022-05-31 08:00:00-07:00,902.1624333333332,86.40260333333335,0.2569499152635738,7.5,697.2542725534324,4.380611572741177,47.38277665139529,95.95771342785555,0.0,344.5628292268171,1039.8008248351293,1.0,344.5628292268171,173.08639444019906,1.886553928544109,12.726002611111111,2.206793288333333,1000.4155339131484,999.677287987325,999.5078404186039,999.1428952515943,999.4755121341828,999.7506300721755,999.3665517383433,999.3847339019625,1001.7127298831946,1007.6277240108084,1010.1612760464047,1012.6614508179193,89.98919624003223,79.70480702000023,70.93152909421471,62.23003126398635,57.37391891454682,52.69374965371345,49.79025788577072,49.24361291750803,50.04893954293044,52.748833051138675,55.341541954155566,58.87632462616044,47.2281257701208,90.0,0.3829683474056499,2.178061813396648
2022-05-31 09:00:00-07:00,942.4635333333332,128.96685666666667,0.2419340689396706,8.5,890.3524182506127,10.66032760077865,36.111909397479366,108.29286105579178,0.0,514.2742665467744,1093.1055969291017,1.0,514.2742665467744,213.46239135439163,1.5387571471995587,13.561443333333331,2.9663478666666667,1062.4183210057136,1062.4032893932008,1062.7491250113194,1063.0721229766345,1063.509176113396,1063.2807114325826,1063.2115800820025,1066.115720617278,1068.0307330262433,1069.7581214292481,1073.873299603376,1075.5333745767903,112.05668411901277,100.3655803409668,89.87625137072291,81.79169714537528,76.34402470843246,72.4304494004617,71.12381018497963,72.65114310886074,73.96978953012044,76.38034504721968,79.31060594276313,83.20894470446899,34.70894524460574,90.0,0.4652960635577284,2.0350877043111875
2022-05-31 10:00:00-07:00,445.44889266666667,427.0503166666667,0.246375481102655,9.5,827.9033858468686,15.151446262292259,25.856958647665852,126.81995636243164,0.0,526.5676613539362,885.7294832900861,1.0,526.5676613539362,213.40388114466472,1.2934360637247777,14.144415666666667,3.4746320333333336,857.6098076506157,857.9912406317893,858.6793846615511,859.113522401165,859.6967250889734,861.9389189592289,864.2758284045274,866.2251521767544,868.1498681793812,868.3911315046853,870.1468140844668,872.0320378270118,111.89613880783355,103.90471008022689,96.4274320992173,91.31171947291192,87.64614746923024,86.65708242803386,85.65134791989453,88.01524956813482,89.70277982439016,93.94722749980883,97.70318198590397,103.77136857704066,21.204761385838854,90.00000085377364,0.5691489766624062,1.9248491108209267
2022-05-31 11:00:00-07:00,52.68097615,305.88147000000004,0.2591761894706466,10.5,355.76450696070464,17.4774074849932,18.7573293916699,159.0632562348385,0.0,229.56790069875245,355.6916026085305,1.0,229.56790069875245,92.24271405520884,1.0910396379514373,14.0201985,3.2267466833333334,343.0739524655109,343.0735217248407,343.0482109751071,343.17341022080103,343.17390959791067,343.174214889091,343.2782816872325,343.2780123332251,343.2777262514627,343.4350724497143,343.34335054821986,343.3433217620119,50.486449477443784,48.40853323403209,46.66743036423118,45.26259543384442,44.41033231830813,44.02664605368681,44.099943774847475,44.67314332211926,45.64471565884918,47.01770662109385,48.67099939607448,50.459562333395006,6.919043970041282,90.00000147877934,0.6897665975711232,1.8644255011309037
2022-05-31 12:00:00-07:00,0.2352854666666666,83.31937166666667,0.2356439828529049,11.5,83.54187696287752,17.409850359787004,18.97116934517533,203.01994737317446,0.0,53.74703784529922,82.57931636762024,1.0,53.74703784529922,19.275453365864745,1.1008624564718212,11.838193555555556,2.752395841666667,78.49524822133058,78.35210131420592,78.35208978725312,78.4728673697165,78.33675784441694,78.45970242146382,78.31802214284532,78.31797728729822,78.31793079938872,78.44304622088902,78.30688343211754,78.30696679390584,10.936109585812426,10.702665102400408,10.520512950337444,10.3806895789004,10.312337114023823,10.304966573272988,10.347504627373507,10.45317197275664,10.600509188201743,10.793117107498434,11.005355840675483,11.225213241905825,7.656359546459952,269.99999627848695,0.6833843275763974,1.8660578916882273
2022-05-31 13:00:00-07:00,0.1067817333333333,159.68985,0.2345892522535889,12.5,159.78556441965097,14.955677798765334,26.316895134330743,234.40064855887817,0.0,104.91309908613376,152.50866191136063,1.0,104.91309908613376,38.07329625001042,1.3044313587672485,10.012029411111111,3.4232628233333333,144.92998957898902,145.06231003181827,145.1573026964709,145.2051150493997,145.29579404139272,145.40003562754333,145.55973935788057,145.66403233364164,145.15328100347236,144.56436334741602,144.00239991953865,143.43503810457256,22.37316346784001,22.092385293064492,21.50663462046793,21.472182916453512,20.950630757176686,20.967328720167497,20.556516256888496,20.748654811852134,20.76985191533222,20.940120542671117,21.239776188724814,21.45567291073787,21.908070830473836,270.0,0.5634407618651656,1.9293591524647677
2022-05-31 14:00:00-07:00,0.0431840999999999,72.02149666666668,0.2165845334613969,13.5,72.05614234720808,10.354134259811424,36.65175036656487,252.47731404879062,0.0,48.41832231186687,63.98741710846282,1.0,48.41832231186687,17.934944145680436,1.5530119309802815,9.615393222222222,2.3687283333333338,60.01938707133982,60.65611397314058,60.811612177253224,60.97185327062058,61.094193111938324,61.25748156309789,60.492012184949196,60.08315920435517,59.268616336844474,58.88220846193714,58.022666593979956,57.61331594740351,11.090801565242293,11.142520123762305,11.198287792872767,11.223096747486732,11.240965137043778,11.479512691062205,11.135674340141687,11.170690477346826,11.107786976751367,10.845956471274368,10.658028985122588,10.774937787834348,35.35728202889455,270.0,0.460663361410117,2.0415833937816443
2022-05-31 15:00:00-07:00,0.0375133666666666,50.45411833333333,0.2042097079612137,14.5,50.47924738232798,3.986482839309305,47.94302944361218,264.6273167387982,0.0,34.565344603002075,41.12853940257549,1.0,34.565344603002075,14.133479823305992,1.9079988785944266,8.4811377,2.82257115,38.69632227476477,38.51021354053979,38.682047307194665,39.344593486037134,39.176897578455566,38.86884226345088,38.20388931151686,37.52045055286344,37.19040439929268,36.487086360060864,35.76552892313166,35.0318511193942,9.806683695664077,9.949318208661222,10.08243095692727,10.206345111593123,10.30496637115332,10.414355431986744,10.12472764575771,9.80731400170813,9.533668363966404,9.266789969159607,9.03638459016875,8.88367490720765,47.817531023977416,270.0,0.37949495464887717,2.185648966271578
2022-05-31 16:00:00-07:00,0.02643385,25.484059,0.1818520538537652,15.5,25.49749154426406,10.094769587018725,59.458857921883876,274.3317712719169,0.0,17.512585538793168,20.22843917663195,1.0,17.512585538793168,6.802036060590167,2.5576374906929944,7.585470905555555,2.2875142166666667,18.914342774136973,19.02019047444293,19.127530786511723,19.329239086357383,19.4403332495058,19.09359654686469,18.930459066545207,18.575820787474704,18.212040420736265,18.03958834042721,17.666495813111844,17.287646441367308,4.856645207294142,4.949110396666949,5.037026502513958,5.113318169205057,5.192784765860137,5.268655967478592,5.111973191468449,4.957896356066464,4.8041760807127405,4.672148568295272,4.546498086338794,4.444734393604128,50.0,270.0,0.366977778440511,2.214355247456318
2022-05-31 17:00:00-07:00,0.0733689666666666,12.1838005,0.1672049688243545,16.5,12.207877761800246,23.70869946117059,70.84245226638103,283.1450787222046,0.0,8.371105605680782,9.647161192835283,1.0,8.371105605680782,3.060457884681834,2.857142857142857,6.685496588888889,1.54679871,9.046318513852464,9.104125857340046,9.162758903029696,9.274814312295868,9.335579725613211,9.169113431360342,9.090249928724099,8.919820193229738,8.745067298781876,8.661728449965318,8.482463092121177,8.300412718810186,2.2086921502334427,2.259513944096604,2.3081488175015883,2.3519283171608927,2.3964634673282355,2.439227554309177,2.3645664205748145,2.290742454251433,2.217613369893144,2.153733138552104,2.0931843006835433,2.0432606670399127,50.0,270.0,0.366977778440511,2.214355247456318
2022-05-31 18:00:00-07:00,0.1155055,3.0100792,0.99,17.5,3.0265003717453998,66.03403194957995,81.82668856125564,291.92433317190955,0.0,1.9660959130530136,2.976951744686885,1.0,1.9660959130530136,2.9168037889512313,2.857142857142857,6.1435951,1.8626906433333332,2.813403379607137,2.8192885342710716,2.8278615675902774,2.812758175546063,2.8188363663284277,2.812936448568869,2.8045121754588123,2.8047432610144947,2.7997590448452607,2.7922732052791237,2.7921119614532652,2.7878982563420447,1.628743492194277,1.59308548415875,1.5750543958356724,1.5579910511416901,1.5545554879952994,1.5641734054263434,1.5734169364662232,1.5922854483770281,1.6172907222336848,1.6415277104114039,1.6683581731743249,1.6908930992040103,17.12103844140757,269.9999985212207,0.6028043684460644,1.9014578754644005
2022-05-31 19:00:00-07:00,0.3140652666666667,0.1078899,0.99,18.5,0.11451662001425543,86.54381692827452,88.79097975035639,298.0624748938668,0.0,0.06905516034713906,0.12677009357638985,1.0,0.06905516034713906,5.329316041123248e-05,2.857142857142857,5.048847644444445,2.5135053166666665,0.10768527950508214,0.10768527950508214,0.10768527950508214,0.10768527950508214,0.10768527950508214,0.10768527950508214,0.10768527950508214,0.10768527950508214,0.10768527950508214,0.10767004658605626,0.10767004658605626,0.10767524204890598,0.06057313717193726,0.05927379963263892,0.05813347084506282,0.057142901532121974,0.05646685663424364,0.05606841669642283,0.05597039256698884,0.056181678870419985,0.05669854691873063,0.057504864939455204,0.05857078731736588,0.059856175608048644,2.5470329499026003,270.0,0.7277802644430368,1.8581307784335381
2021-06-01 04:00:00-07:00,81.50932066666665,5.203729433333334,0.186471783319225,3.5,6.979616724372164,86.4310244811699,88.75156733379893,61.85863175041692,0.0,3.330836319070826,10.274947621541447,1.0,3.330836319070826,0.002745122434849575,2.857142857142857,6.292297555555555,0.7549566333333334,6.484894208910948,6.484894208910948,6.484847007027648,6.485581718887521,6.485581718887521,6.485581718887521,6.485581718887521,6.485581718887521,6.485581718887521,6.485581718887521,6.485581718887521,6.485581718887521,0.5439682981719172,0.532285377256779,0.5226017199745906,0.5152804808567406,0.5105917810072242,0.5086798164383454,0.5095774391061616,0.5132016338279428,0.5193425625724424,0.5283902042467948,0.5390920637607374,0.5508053277194176,2.6321772435655837,90.00001240177856,0.7270379991681036,1.858197920686806
2021-06-01 05:00:00-07:00,575.3241166666667,30.813035,0.2648892973632644,4.5,118.31899537574868,64.24223817851721,81.25144012040298,68.43533059912819,7.771561172376094e-17,13.645376198877164,302.4233885280442,1.0,13.645376198877164,33.890877136353105,2.857142857142857,9.533252,0.8213052563333334,275.32654280750586,275.3973823037434,275.4575808302029,275.5227773364308,276.07958223701604,276.60765112483574,277.14141248968025,277.1101098977478,277.58249080534335,278.105362795995,278.0195696600573,278.5484392575558,3.3902760642946,3.546627144099103,3.5079861770180965,3.574920875868202,3.783347950231002,3.9079398849082065,3.938405823517481,4.188350700031416,4.377912391216076,4.638142753819424,4.860886346747193,5.123713850641277,18.407325431171046,90.0,0.592114824544919,1.9083072098961524
2021-06-01 06:00:00-07:00,797.42125,47.85336,0.2867802943428256,5.5,317.44935898912485,23.030984259313275,70.2397677475703,77.18423369460731,0.0,36.079058683303735,831.8974285361184,1.0,36.079058683303735,92.2487429033113,2.857142857142857,14.18653661111111,0.4183066119999999,799.7163398787326,800.1597748238764,800.6098757093984,800.8283118500241,801.2405492776227,801.6574899093339,801.8548172323194,802.2608384639902,804.5219044699975,808.9835012505753,811.0279224261756,813.1355254815788,9.565193815224495,10.244345489654423,10.887531177663666,11.561415485198111,12.128525804303614,12.603925540628026,13.020863192732284,14.99883520251357,16.90298888315101,18.822095720019608,20.64728696635327,22.473576747083772,50.0,90.0,0.366977778440511,2.214355247456318
2021-06-01 07:00:00-07:00,886.4030333333334,74.83533333333334,0.2730191125345805,6.5,533.4871191879146,9.41787410009473,58.839961707006424,85.99567204064364,0.0,192.45420493591794,1008.6754418170462,1.0,192.45420493591794,143.22810779504832,2.5120035166295436,15.156197666666666,1.155700306666667,964.5094586732143,965.2161916029684,965.8239017685048,965.9535695894651,966.7325130917184,967.4812716464266,967.543593778023,967.8624903518194,970.5585946620497,976.4247451225336,979.2565425873854,982.0346544790428,82.19772615623896,75.22233761127143,68.55839874258027,61.13382564697668,55.83916194789036,49.69019112118735,45.82246830397968,44.38788608937623,43.83056096298044,44.7947558564453,45.561889752104356,46.87357122756351,50.0,90.0,0.366977778440511,2.214355247456318
2021-06-01 08:00:00-07:00,422.60043666666667,337.64931666666666,0.249497958646118,7.5,624.1385756583029,4.218737265112712,47.318687806431754,95.74314964875725,0.0,341.46540060696947,824.077209358473,1.0,341.46540060696947,174.04123064154572,1.8846496399085853,14.877444,2.7976120566666665,767.9533407889799,769.770170699696,772.1054190076505,772.9669411465156,775.5659843274242,778.0507364115887,778.8409608355471,781.082632467892,783.7631537913227,789.7279932379658,792.905216503086,795.6120055022338,90.69286476374587,84.80107938252176,79.12442853210344,74.61630499756056,72.5699691520038,70.66778779458782,69.91761409554677,70.71860193316503,72.37021415665956,75.30536207472012,78.08092976385305,82.4560796175664,47.174970619216644,90.0,0.38328350805267586,2.1773810914224008
2021-06-01 09:00:00-07:00,98.58114066666668,409.8122666666667,0.2465861331246188,8.5,489.52732156474946,10.493320775901545,36.038311596718394,108.03258336204011,0.0,308.6102037586535,514.0285829612211,1.0,308.6102037586535,132.9687030167084,1.5380524829256987,15.633142833333332,1.7215851733333334,477.32028282380463,478.84205456672146,482.1358693033941,483.83848337725794,486.9811489248603,488.2637384320336,489.60836742815934,492.2537947723711,492.97488616927706,493.63999975099955,494.00686919585763,494.64168158016116,71.99616727621172,69.46661230601354,66.66004352210895,65.63658834930123,65.50587082201884,64.04841970575268,65.13252805317191,66.31287040287708,67.32897056832476,67.62622365886482,68.90115834522861,70.46865444939226,34.67653635855452,90.0,0.4655286034561535,2.0347657549606684
2021-06-01 10:00:00-07:00,300.6990235,336.41656666666665,0.237998193657824,9.5,607.238732154439,14.981854321748973,25.7574179390556,126.50423789946382,0.0,387.2927015551679,645.257941225769,1.0,387.2927015551679,152.90739006902137,1.2933366777536865,16.833967722222223,1.383005533333333,621.8053169083174,622.2505918287515,622.9086060800341,623.3751533040419,623.9460267639371,625.7221656834051,627.5592849748298,629.1128825866465,630.5196358902917,630.8103476833517,632.2093953274823,633.5885000134169,79.80411182132563,74.50803913065116,69.67186698426488,66.38960483842374,64.02792149811773,63.61726781398158,63.030145269941706,64.86534494178927,66.0646679782882,69.14887840108432,71.70622682191328,76.0024901586638,21.198363893038156,90.0,0.5692010264970997,1.9248087299539023
2021-06-01 11:00:00-07:00,735.62139,243.8505166666667,0.2181298734102717,10.5,941.0071414665376,17.309515358366863,18.610275430819016,158.8008067022588,0.0,611.2431626970649,952.534565309133,1.0,611.2431626970649,209.17256180840434,1.0913530224970949,18.42562472222222,2.045125805,946.5416946581207,946.5401340602448,946.4832326625566,947.0905112046039,947.0924321978156,947.0937218558411,947.5987702535946,947.5977424520773,947.59670691725,947.1035235168799,947.9648828076864,947.9645429451388,108.85904139993347,100.43114045351336,93.16185447473381,87.15485172085313,83.21447646088797,81.09050803395955,80.74203231126089,82.40902457172609,85.69266213815942,90.60759262270783,96.80621941638448,103.48464712636886,6.942607530981885,90.00000459771178,0.6895624693461014,1.8644751284673269
2021-06-01 12:00:00-07:00,351.9495426333333,279.1764166666666,0.2318910080534182,11.5,612.3428884057191,17.24877978699508,18.80318345108323,203.07918300027777,0.0,392.20794907927296,621.842017359944,1.0,392.20794907927296,146.44502770896986,1.100143708974604,18.674054666666667,2.187045583333333,615.8463600414941,615.8446095261445,614.9179936608457,614.9186689280893,615.3363530315548,615.3371090411463,614.4513732200998,614.7674561710073,614.7651266590336,613.8361751018166,614.0477151929629,613.1223593058666,70.94337116180301,66.7563681338497,62.86196541149931,59.95413220051446,57.9260246413267,56.9430156009423,56.81748981122048,58.194985157346295,61.025761146582084,64.7820761002744,69.48743040175299,74.97694866127415,7.602504419719926,270.0,0.6838501417356283,1.8659330988139684
2021-06-01 13:00:00-07:00,1.9127468333333333,132.68088333333333,0.239013989822612,12.5,134.39754231487174,14.80582137341051,26.170751297867024,234.5915074637513,0.0,88.23843307663546,128.2761336633188,1.0,88.23843307663546,32.547852552385855,1.303168773908459,13.958573777777778,3.9983869,120.6251672759702,121.10189962259871,121.5741046640542,122.07015945383101,122.49906222363714,122.40480702992126,122.26337950166406,122.16916448286044,122.08715456260381,122.52298138129824,121.96100212073728,121.84360470112647,18.360300840751766,18.17226978971671,17.96705835682958,17.768654211507513,17.751271626680733,17.588114376248242,17.935340999251373,17.92263392792952,18.365229988228155,18.395233320483893,18.891338290366306,19.127878568604437,21.827764068938645,269.99999914622634,0.5640911437951246,1.9288370946171796
2021-06-01 14:00:00-07:00,19.817442516666667,303.7264883333333,0.248867614085769,13.5,319.6522733058071,10.217915597638703,36.52236320796415,252.6582723704489,0.0,209.60895527810018,304.2461254496552,1.0,209.60895527810018,87.50471799577154,1.550777631566147,16.703394944444444,2.2730516350000003,277.9529033976623,279.42326142749994,282.58444056273504,285.56762347174566,286.96130589057304,288.4751672719911,291.2908979916981,290.8771510023365,290.44917891280215,290.2105205004735,289.79174786790287,287.8507469367585,50.85817169682512,49.60205062663295,49.60824827519346,49.132317298216634,49.960680667006834,49.75000206107588,50.90244880515938,50.20941651123724,50.433875998876545,50.496353446715936,50.54441571090292,50.68861724989231,35.25657137511647,269.9999987925817,0.46138057569888047,2.040567501364616
2021-06-01 15:00:00-07:00,0.5928576333333333,89.02194333333334,0.2364435299673796,14.5,89.42002190458653,3.8641102938453553,47.82036210248901,264.7823314411236,0.0,61.14703798270954,73.83983726130823,1.0,61.14703798270954,27.56652370811093,1.903745742961092,15.060685888888887,2.6948545050000003,69.12783712016696,68.77813964133534,69.05682245382509,70.16517641032263,69.84440920839485,69.31319293773505,68.15359505573461,67.60950390646434,66.38993602481031,65.16410177117113,63.905119300166504,63.32016813200201,18.784664810367815,18.96976365244612,19.18296030170375,19.378725435257905,19.55903709240552,19.68829748691402,19.182467971993994,18.61288224971932,18.13789921486792,17.669576348695912,17.274978757395942,17.04319063510493,47.701962330880654,270.0,0.38017292767941896,2.184155675752936
2021-06-01 16:00:00-07:00,172.08671940000002,165.50606000000002,0.2521971341383908,15.5,253.2692699009154,10.018273101573998,59.33656390364651,274.46528858175486,0.0,129.91118129898805,358.15063552060815,1.0,129.91118129898805,77.32989836009943,2.5479909792511832,14.940548333333334,3.05103265,344.0381324653863,343.0233845545659,341.9898322778631,339.74924854661333,338.73093390279314,337.0661074204471,336.32453282297377,334.53372059325176,332.6911441614958,331.89634880697827,330.0503096757454,328.15849300378477,41.455073852141226,40.80826335804709,40.2774486288851,39.62758664460769,39.393544658135575,39.35399146675631,39.53251301015197,40.28580669773204,40.79091834056426,41.91880723930156,42.871055340888766,44.02136090673045,50.0,270.0,0.366977778440511,2.214355247456318
2021-06-01 17:00:00-07:00,193.5171615333333,135.04402666666667,0.267015086681113,16.5,198.95165243680836,23.643438933484177,70.71649425155005,283.2620123875523,0.0,76.84633080643701,351.17485924877917,1.0,76.84633080643701,63.346351705748,2.857142857142857,16.2336095,2.177899951666667,339.0645705943869,338.3934460967289,337.7090949585808,336.1765694523872,335.44706050798135,334.01570314247095,333.36799652639456,331.9136710380669,330.4208772849768,329.7334829009892,328.2003020663122,326.6482910749145,30.69379771373105,30.05157298545442,29.385189159560827,28.639836306165655,27.940028216703325,27.23172885694646,26.505318360082278,25.799426764748908,25.06333967137592,24.4490099709088,23.85540555925468,23.39483807582816,50.0,270.0,0.366977778440511,2.214355247456318
2021-06-01 18:00:00-07:00,151.21802895000002,64.13229833333334,0.2410693290917699,17.5,85.97655330504594,65.6235789627,81.69425836613529,292.0274454771975,0.0,33.292063067948796,151.1452546515979,1.0,33.292063067948796,22.222899863124997,2.857142857142857,15.659003777777777,2.061521845,137.4218491924256,137.58776436194748,137.7297399436348,137.88040352703834,138.1516631323807,138.41898991041404,138.5693265713581,138.65964240275596,138.89546895432804,139.04521105921563,139.10311035419426,139.25442108945927,7.1278626055796765,7.00827875953805,6.998646534326698,7.019227988443095,7.01352136414677,7.139482907789273,7.264681608874544,7.349666150279712,7.566086343083614,7.7409861032497105,7.9850683009469465,8.160922394601203,17.439940639146837,269.9999980909041,0.6001470418329697,1.90311122050057
2021-06-01 19:00:00-07:00,0.5526426833333333,4.682221233333333,0.2370136455682323,18.5,4.693579260917123,86.63362100274419,88.82236228624438,298.3145298612301,0.0,2.9967540682041363,4.712468242586698,1.0,2.9967540682041363,0.0022044914052383644,2.857142857142857,13.76463622222222,0.8654026331666667,4.435704946120855,4.435704946120855,4.435704946120855,4.435704946120855,4.435704946120855,4.435704946120855,4.435704946120855,4.435704946120855,4.435704946120855,4.435704946120855,4.435043865733269,4.435043865733269,0.6294664301033484,0.6160244390881913,0.6033963077623736,0.593818806448189,0.5867941964428522,0.5826580388713253,0.5816452799021671,0.5838465123543978,0.5892221929049876,0.5976028925523033,0.6086776640727178,0.6220280725258461,2.4866565497182234,270.0,0.7283066396497395,1.8580845042590755
2021-06-02 04:00:00-07:00,44.69763833333333,6.721353033333333,0.2571429759502577,3.5,7.743019315754051,86.2555482277065,88.69026045651192,61.738969594022365,0.0,4.3026150466511535,9.636487348183106,1.0,4.3026150466511535,0.003912052131730145,2.857142857142857,11.216566,2.414223833333333,7.289764527608801,7.289764527608801,7.289764527608801,7.289764527608801,7.289680446182822,7.290629430531691,7.290629430531691,7.290629430531691,7.290629430531691,7.290629430531691,7.290629430531691,7.290629430531691,0.9688443270784936,0.9480198404856328,0.93077162090977,0.917742789479514,0.9094096366834732,0.9060263113153516,0.9076460522094243,0.9146695884126963,0.9264010012652447,0.9415695870509174,0.9599467073782538,0.9807475873082274,2.764836760409552,90.00000832155615,0.7258816104906757,1.8583069280984992
2021-06-02 05:00:00-07:00,18.59350455,56.072406666666666,0.2649866409837107,4.5,58.917690942991086,64.07359422904128,81.19768805501819,68.3108492530456,0.0,33.359212353913485,72.02217722941339,1.0,33.359212353913485,15.765990213811058,2.857142857142857,11.795529222222225,1.83363455,67.24761530680496,67.4206627478502,67.56785716832815,67.72723511985804,67.5683620909073,67.5816630907827,67.59672120006854,67.73790014487032,67.59453511426696,67.6060065650226,67.74771526618284,67.60581708072334,7.6481456184075265,7.463804195281059,7.4266025591701235,7.375703011405057,7.334564301517801,7.426130722521853,7.500228216659892,7.538072830477727,7.722346466015943,7.790775496470484,7.976190504705551,8.05167087844898,18.55092729498322,90.00000190909591,0.5909262762695762,1.9091016124313482
2021-06-02 06:00:00-07:00,284.3570866666667,110.06915833333332,0.2789881800966603,5.5,206.42025567294777,23.044652290526724,70.19388170604499,77.05042214897503,0.0,62.85194847136148,419.37501791877696,1.0,62.85194847136148,66.74813262865938,2.857142857142857,14.192521611111111,1.7611457316666663,393.3986307645472,394.5784137062271,395.74665808334595,396.2733997667314,397.4025801076901,398.5072190311653,399.0006198301221,400.0862628059953,401.40965101641115,404.0824383962011,405.2962304221538,406.530983496213,19.085818140783672,19.604275043622714,20.20164352815542,20.819149392280675,21.491097013188373,22.106257538844254,22.71801661661117,23.912631314428385,25.074269991663012,26.284713792615072,27.40425678830416,28.518265025173456,50.0,90.0,0.366977778440511,2.214355247456318
2021-06-02 07:00:00-07:00,675.4535333333333,123.82602666666666,0.2828894161614856,6.5,473.74498016034795,9.42105287281227,58.79843513446289,85.84703348898996,0.0,178.68661803143652,877.4186235939001,1.0,178.68661803143652,140.39308975590092,2.5086023144197305,18.210180333333334,1.0418821871666666,828.9887406272173,829.9262990307835,830.7727650323934,831.0247639455193,832.0135156999675,832.9671315092332,833.1524057349964,833.7262874356873,837.2129212140103,844.5784842513326,848.1366210854292,851.6314916213405,76.95491725158256,70.93208231050016,65.21428859417375,58.83341720771613,54.349190688264365,49.11112699663799,45.874430960764506,45.58367803278717,46.07516469347904,47.92821608528243,49.6061817525074,51.773765648150516,50.0,90.0,0.366977778440511,2.214355247456318
2021-06-02 08:00:00-07:00,898.0661,97.30654833333332,0.2621531791670503,7.5,706.6044377362964,4.0893857279631876,47.27693166715559,95.5705546992531,0.0,350.35925107346833,1049.534712454751,1.0,350.35925107346833,179.98506512288424,1.8834609750955358,18.979397666666667,1.70862431,1007.9898938894395,1007.2942526482673,1007.1945184992351,1007.2676845429728,1007.2645039672312,1007.6253165473099,1007.2603447057296,1007.3451723480193,1009.8226607115603,1015.6121352908091,1018.7430088609177,1021.3889367371634,93.3543686314114,82.83081875530128,73.62410223654273,64.95312242032429,59.996607166011394,55.24349391807079,52.30289410857798,51.82475839922066,53.46075431943991,55.570333790881925,58.31070386238838,62.057393315936935,47.141722393651214,90.0,0.38348079960485665,2.1769556013325038
2021-06-02 09:00:00-07:00,885.3579833333333,191.88061833333333,0.2419532495141871,8.5,908.2498492092719,10.361028852363981,35.98903526789095,107.82194341192599,0.0,526.3027937667953,1114.3453975541022,1.0,526.3027937667953,224.29054325040877,1.5376920393639502,20.06317072222222,2.329887175,1076.1815393647405,1076.2719138480397,1076.8226067179432,1077.258349977249,1077.8935219952477,1077.7553295815774,1077.769913419887,1081.7919935894138,1084.6969742917227,1087.383169591691,1093.389860312094,1095.9556043428458,114.90713569208043,103.23928988849099,92.73943021845552,84.72643544416702,79.35604708391493,76.11151745116734,74.91534413781235,77.26321471607915,79.41526685922139,82.51026720421825,86.29259003524203,91.07347009891322,34.659945677594756,90.0,0.4656476799628839,2.034601045222005
2021-06-02 10:00:00-07:00,691.2936833333333,267.2663166666667,0.230270479048841,9.5,890.2423419625181,14.848858414770747,25.687158886418615,126.24389452965386,0.0,563.1977452150859,965.702803823571,1.0,563.1977452150859,213.94678192630303,1.2933998984202593,21.262130444444445,2.115463805,942.0245473153968,942.0186705857736,942.3294463861239,942.414111024622,942.6486404011818,945.0750753765943,947.5841944595287,949.69616411473,952.1501662363025,952.0207867591137,953.922497886007,956.3367019518639,111.59745032666183,102.57117376373903,93.87243102309408,88.10456531613654,83.78155247599736,82.40098316884874,81.05297934958742,83.4292127312797,85.12123115420691,89.64632211992527,93.7083214627366,100.314396161839,21.20243366734868,90.0,0.5691679146584673,1.9248344169557425
2021-06-02 11:00:00-07:00,887.1484166666667,191.97805,0.2197988306590285,10.5,1033.2824078099425,17.179329368509826,18.499892407155215,158.56870537445457,0.0,671.2295634451763,1044.4443371034401,1.0,671.2295634451763,229.737509467644,1.091719107510172,21.626814777777778,2.0259804316666665,1038.9992315208342,1038.9975044480161,1038.9345386147618,1039.3886273892567,1039.3907537003915,1039.3921143892287,1039.7690717820785,1039.767923726742,1039.7667677311006,1039.7196511539835,1040.0264041990836,1040.0260240396672,120.27194206948872,110.9007462383296,102.19821343425666,96.0497111983029,91.66818443104718,89.30524884151517,88.91650855619686,90.76793657451107,94.41327440013315,99.87031700171276,106.64149301509512,114.05625540316728,6.970131805809424,90.00000381819183,0.6893240428910403,1.8645333100823593
2021-06-02 12:00:00-07:00,789.7120878333334,229.78405,0.2229716500530362,11.5,977.9365614189622,17.125428370237863,18.670762210913598,203.09890568324025,0.0,635.318845168397,991.60748741552,1.0,635.318845168397,222.160044637139,1.0994652687945683,22.07201461111111,2.648591735,984.7155100496919,985.6797107970256,985.4162257056286,986.386052929631,986.3899582326814,986.0242332602894,986.9265376455481,986.9253136420474,986.4596014104627,986.4584344969546,987.4241754830097,987.4270698452333,114.91440680261283,105.9427798825593,98.27434849035221,92.2165615188154,87.67881671425795,85.59302521839746,85.80288474163251,87.68443802688377,91.28411882678937,96.3396638257511,102.97368712974104,110.02010654648711,7.551652813730027,269.99999556366197,0.6842900309158159,1.8658160695234454
2021-06-02 13:00:00-07:00,931.3725,146.434825,0.2247032538217753,12.5,983.1749591719745,14.692613945035337,26.05214422203973,234.7248489217359,0.0,612.2102425237923,1064.3966643692495,1.0,612.2102425237923,221.2907439353805,1.3020562460687488,22.20886361111111,2.6176669633333334,1054.8219168384328,1054.0585276096306,1053.0441981175675,1053.0105745572453,1052.0574163929407,1050.9405837015647,1049.9866839099582,1048.5920546267507,1048.7023949341124,1048.4231275793516,1048.4280393225229,1048.2304961970162,98.43134898638196,92.89144185785088,88.13591585377027,84.78149883310886,82.74574757596599,81.70867841873438,82.94358541571145,85.74217910050241,91.39362906628023,98.6328882561662,107.53137770291909,118.62984941746096,21.75690413491346,270.0,0.5646653218676307,1.9283779631431517
2021-06-02 14:00:00-07:00,873.0766166666667,126.93213666666666,0.2383571928538569,13.5,829.524684163327,10.116519449391676,36.41563493229701,252.78920802758793,0.0,479.53765138130456,1023.5618334169166,1.0,479.53765138130456,197.15249525250226,1.5488754346907,22.593330833333333,2.4183678416666665,1007.1654460294103,1005.0549458147518,1001.1824353138929,998.9765775132726,997.0208502885791,994.8378431355844,994.4767844152497,994.2352499216277,994.1512046667954,993.9675801413696,993.9682207384224,993.6005807518262,77.82166464876725,74.51521244634665,71.09854679740562,68.85876372501234,66.8470978643597,65.57628410448143,67.45501952855568,69.60347913329197,74.45398781841405,81.96236947836336,91.26148754670783,102.08786861577947,35.17056521917668,270.0,0.46199377743244496,2.039701933864929
2021-06-02 15:00:00-07:00,503.4257466666666,241.09928333333332,0.2621855160838622,14.5,579.791179488595,3.7744317842662767,47.71845184467925,264.89531317521977,0.0,304.48427764237294,820.8358923642979,1.0,304.48427764237294,166.9144775679514,1.9001991144601158,22.43850122222222,2.221792231666667,793.9326806887645,789.68074428198,785.9297912951678,778.792284838467,774.301200468551,773.9848047151133,772.8167087247226,772.318387368852,770.7975586682963,769.5537901044743,768.369395964939,768.065855428661,72.97590982110405,68.61677119610155,65.08880954892456,62.03269952625899,59.80058869039996,58.01669206046954,60.469763277955394,62.76217272984095,66.69999173603902,71.51259023645198,77.33076984815082,85.201848413785,47.605093533842734,270.0,0.38074235876366574,2.1829061201177122
2021-06-02 16:00:00-07:00,752.212,121.94535166666668,0.29092096326256,15.5,506.71676318725923,9.951981586158862,59.23487695244433,274.5624686464594,0.0,189.33899060183083,952.5338930460241,1.0,189.33899060183083,151.068674437164,2.5400521122785675,22.76761561111111,1.8339797866666667,924.7158154918535,921.2672313611035,917.7550360951155,910.4913813220597,907.0958813864943,906.5512501595201,906.3737324797435,905.420451798065,904.4315367239385,904.2034762634777,903.3643734088819,902.4369694440782,54.66951297388358,52.83042714273994,51.532516254075325,50.054844567369884,50.08946080090122,50.96610821129551,54.69412609317894,60.694343795853214,65.74663535416632,72.78812198488691,79.02812951179538,85.50524688623263,50.0,270.0,0.366977778440511,2.214355247456318
2021-06-02 17:00:00-07:00,655.7466833333333,79.86627833333334,0.3074062550587203,16.5,297.54906316068536,23.584810514581864,70.61211388144605,283.34654060490936,0.0,42.428644350873974,759.3348897673909,1.0,42.428644350873974,96.5918873794538,2.857142857142857,22.392857944444447,1.387134145,739.9680599367277,737.595039151616,735.2014721977258,730.1250550120934,727.5649319246413,726.9515134823993,726.6709345328968,726.0505557091554,725.4234396838167,725.1217621177652,724.4617346228051,723.7992782348445,27.075203396939227,24.909147348160896,22.717341103411467,20.47376644246638,18.23494988681463,15.985172918959098,15.493088982012322,14.971374745468324,14.40416253068907,13.798070064218027,13.223771565885174,12.686792952582243,50.0,270.0,0.366977778440511,2.214355247456318
2021-06-02 18:00:00-07:00,387.2892751666667,39.19658,0.1927381876293316,17.5,95.87190538035125,65.28468048639662,81.58520448348335,292.1010340899202,0.0,17.5776417413578,226.3268504696211,1.0,17.5776417413578,21.21445893562546,2.857142857142857,21.38404116666667,0.7462341815,204.28076864572452,204.3682439383383,204.45090242397816,204.52434557153492,204.9939319927098,205.5071215565135,205.99697678186172,205.98805424173776,206.4523890229287,206.88278650272568,206.8144936026074,207.27981287799543,3.3647979482042287,3.39588120126032,3.3594375241475287,3.512202204736282,3.6254469156781695,3.6396686445534394,3.8402265856747797,4.015896737097689,4.0632831129631874,4.453514020357305,4.505043725656163,4.729464110715716,17.702640795890147,269.9999980909041,0.5979615153371194,1.904495389962232
2021-06-02 19:00:00-07:00,2.908184283333333,4.60027575,0.189577908893922,18.5,4.6657817597186995,86.3101043628991,88.70931998451915,298.3806642097027,0.0,2.9447544050383536,4.784829922191545,1.0,2.9447544050383536,0.0026058579836581663,2.857142857142857,18.583119,0.9030000253333332,4.408047263448775,4.408047263448775,4.408047263448775,4.408047263448775,4.408047263448775,4.408047263448775,4.408047263448775,4.408047263448775,4.407397752901481,4.407440178670166,4.407440178670166,4.407440178670166,0.4950278788078845,0.48452310528438924,0.475243457913733,0.4672698524151655,0.46128611959622956,0.45802450689526547,0.45721013250796105,0.4589208372604034,0.46312795414685615,0.4697038456098243,0.478407168245804,0.48891285432562664,2.7275822383600743,270.0,0.726206344154013,1.8582757750113401
2021-06-03 04:00:00-07:00,40.2904165,5.397137933333334,0.228783430313521,3.5,6.238486544898223,86.57952192739823,88.80345668110336,61.46534047571413,0.0,3.4544172510876985,7.798356671054628,1.0,3.4544172510876985,0.002634434077532232,2.857142857142857,11.783545111111112,1.2403231916666668,5.818017779234509,5.818017779234509,5.818017779234509,5.81877979834019,5.81877979834019,5.81877979834019,5.81877979834019,5.81877979834019,5.81877979834019,5.81877979834019,5.81877979834019,5.81877979834019,0.6921260474930363,0.677267735327009,0.664945271449192,0.6556230405782825,0.649646318443599,0.6472020772919751,0.6483336852507602,0.6529387953121614,0.660754317216794,0.6722628432725061,0.6854489390393734,0.7003892996224877,2.5319242703874987,90.0,0.7279119830600794,1.8581190946473662
2021-06-03 05:00:00-07:00,483.8728833333333,44.34124666666666,0.2931421244018645,4.5,118.79097314724966,63.92124427036724,81.14918882738057,68.19045002763983,0.0,20.364214034991544,284.58700289988195,1.0,20.364214034991544,37.56651969139839,2.857142857142857,13.962381444444445,1.0913875216666669,259.42041751723394,259.5306697867775,259.6241299135349,259.7263577816481,260.347675209167,260.9269232276243,261.4869167373412,261.47905594090355,262.0038887181812,262.4990923367996,262.490927107117,262.95504905060784,5.413422291338687,5.519001389968228,5.565403299796809,5.530519044074196,5.748524642087099,5.8967880748235615,5.9462318802620056,6.373745633717533,6.455095469067212,6.74599440432949,7.019651237123886,7.315341672585502,18.682250816096467,90.00000190909591,0.5898402266011112,1.9098333048109564
2021-06-03 06:00:00-07:00,696.5318666666666,62.36536666666667,0.3079407643275405,5.5,298.84413719911447,23.06154354974074,70.1530433296441,76.92119899155678,0.0,38.48203598203351,769.6401681369682,1.0,38.48203598203351,95.30268115903581,2.857142857142857,17.993191055555556,1.3844006433333331,735.3914230499719,735.9059159534308,736.425936150168,736.6728323346522,737.153944911537,737.637263626586,737.8614594796313,738.3337235073609,740.8526067589875,745.8274612549936,748.1207941545915,750.4720505010694,11.043933508809747,11.726037693748944,12.384267787904989,13.072026976809923,13.668121284782412,14.170041388114543,14.618002518180447,16.815068336308496,18.943251811294562,21.096875560929846,23.154160367061753,25.215668072334914,50.0,90.0,0.366977778440511,2.214355247456318
2021-06-03 07:00:00-07:00,812.1530666666666,71.66575833333333,0.2970721102269499,6.5,492.84512862525276,9.429006929818303,58.761875829708394,85.70359280756998,0.0,178.29958065435247,931.3137979441747,1.0,178.29958065435247,143.16362614589377,2.5055738687556914,20.724655277777774,1.1738893616666666,887.7298273763895,888.4012387859761,888.9740786292591,889.0850318915664,889.8305296270955,890.5463341103207,890.5907046938725,890.877353890578,893.501135330187,899.2283111960628,901.9911481703256,904.701295812975,82.37529376835622,75.37119755538151,68.6809537087197,61.2266616710075,55.91006236120191,49.73490250511896,45.84727747915201,44.34383923131738,43.7179370814188,44.61795477417544,45.31615184646208,46.55844662977882,50.0,90.0,0.366977778440511,2.214355247456318
2021-06-03 08:00:00-07:00,911.2935833333332,77.41526333333333,0.2713256685538954,7.5,696.116001395565,3.9648788029761417,47.240240701714264,95.40392195935408,0.0,342.9227747437724,1040.0311654996196,1.0,342.9227747437724,179.65713628667888,1.882435639124647,21.97684027777778,1.3041819816666669,1001.4675415084106,1000.562821185601,1000.2667656393942,1000.1588167690401,1000.0636502563416,1000.2587149702379,999.7977068820891,999.709242601142,1001.8278315357759,1006.934966888668,1009.739720173477,1012.0603057651573,94.18027067545177,83.22252456034069,73.6786562856945,64.62461554056577,59.40229316942728,54.39639830252429,51.26365320574093,50.38916600642673,51.686991950666815,53.48211083010705,55.924552481321584,59.29544612437717,47.113000206990996,90.0,0.3836513334726247,2.1765882170628297
2021-06-03 09:00:00-07:00,892.4127833333333,103.46391333333332,0.2474568059113124,8.5,825.9424099935584,10.234117461157405,35.94519767921626,107.61805178507376,0.0,476.1301977889004,1016.9239282076921,1.0,476.1301977889004,201.8123594868722,1.5374170525219801,23.455091666666664,1.4825106633333334,988.8875395615814,988.8149379590725,989.0058918239467,989.2562888991934,989.5478360368388,989.274528139708,989.143793292149,991.8205173298838,993.6250907717418,995.2438466012325,999.1622514143834,1000.7174207649439,105.90880960228189,94.66352741349765,84.60285489540043,76.80857505145298,71.52497616705949,67.76596772948986,66.44149290063517,67.86687121850984,69.08485029327375,71.39532548500006,74.16527234499206,77.86273585435679,34.64728244096127,90.0,0.46573858401764173,2.034475372958136
2021-06-03 10:00:00-07:00,972.8642666666668,76.83406333333333,0.2293813035336263,9.5,954.0251324454656,14.721764476791156,25.623102960897373,125.98985134173813,0.0,601.9935136559232,1032.1059111067184,1.0,601.9935136559232,217.67928720682275,1.2935111555750143,24.256493444444445,2.0811160566666667,1019.8853460482009,1019.6533503554767,1019.7652470123463,1019.6509183344057,1019.6976496908003,1020.5141191468151,1021.4952426100385,1022.1341135290802,1023.0975377398381,1023.0822634311598,1023.6597020259135,1024.5800264054067,117.69885305343233,107.55204709616092,97.55935568092909,90.17178836702085,85.22786615407401,82.46338661970664,80.85047012835551,82.20684586225138,84.00889024091664,87.70521385911827,92.18740186203897,98.14710671952678,21.209594601530522,90.00000147877934,0.5691096552406328,1.924879625704789
2021-06-03 11:00:00-07:00,970.3934333333332,84.47349833333332,0.2203130897315257,10.5,1005.2758724136643,17.055463332056252,18.39638512287901,158.3359291181888,0.0,653.1725441249243,1014.7610280727674,1.0,653.1725441249243,222.29702099327105,1.0921119812924118,24.89676327777778,2.514183205,1011.0282818993226,1011.2817798227613,1011.2801406403156,1011.4390292539971,1011.4411211032543,1011.4423900877631,1011.6228492619434,1011.6217091466633,1011.6205623059824,1011.5746490591815,1011.721726897556,1011.7214723572444,117.02134907685718,107.75118994625001,99.1399925302966,92.96107408205444,88.62092222389963,86.275398762143,85.88169347200535,87.70365851958016,91.29517881267472,96.79011413540816,103.2423008731225,110.9826821798868,6.999667156086636,90.0,0.6890682112590155,1.8645959975521897
2021-06-03 12:00:00-07:00,965.6958166666668,88.31635833333333,0.2196771532527834,11.5,1003.8729947427838,17.008634776499928,18.543993797962386,203.10804720336358,0.0,652.2640327140364,1014.6479313737658,1.0,652.2640327140364,221.39975742835597,1.098776331934349,25.625695277777776,2.228384865,1011.5339569186598,1011.5310281154335,1011.1987164134495,1011.1998480005257,1011.3475748383964,1011.348813327761,1011.0171769229256,1011.190206400507,1011.1862173295389,1010.8495489695802,1010.9227519006972,1010.591606777274,110.44840261926471,103.2430958699848,96.47393646682038,91.3141759256092,87.64268518203977,85.62256071544844,85.72788365878819,87.87379397512314,92.52338603593631,98.73831725538136,106.58167052763417,115.75173332492184,7.500003581636091,270.0,0.6847368729016997,1.8656980039284163
2021-06-03 13:00:00-07:00,948.45965,91.519555,0.226429907439101,12.5,944.4428981136504,14.58600063789457,25.937441842700906,234.84689286952246,0.0,587.1499935921436,1024.908410477379,1.0,587.1499935921436,213.42607133183742,1.3009509507612793,25.945442555555555,2.2873831566666665,1011.1892119259205,1011.2757564586474,1011.1664118680945,1011.4992006160664,1011.2937355448764,1012.4171991183509,1013.2767293836581,1014.292767832421,1015.1471331506148,1015.1085497796362,1016.1074687686421,1016.7906309019999,114.52456390823417,103.49439008292585,94.67549932213457,87.47408502476142,81.79294503277585,78.97611215472492,77.64076171064995,79.10306577694861,80.92202173439296,83.817048644046,88.43102470597448,93.88370562266655,21.68641355159954,269.99999914622634,0.5652367883539317,1.9279226343275546
2021-06-03 14:00:00-07:00,921.0403666666666,90.19478,0.2423925251561618,13.5,832.3744406332625,10.021599451367447,36.31185324800236,252.91067152907038,0.0,479.1116479950202,1031.7044412568462,1.0,479.1116479950202,198.08366653081762,1.5470084111918396,26.46134055555556,1.96684765,1015.5099873224375,1014.0068528316355,1010.5737212627785,1008.6343559971152,1006.9439276646185,1005.0369431198712,1004.7299373435061,1004.7898372474152,1004.8266823026462,1004.8859931159525,1005.0262648580995,1004.910276245357,75.74418533110085,72.6207961075849,69.38332943419962,67.35871561484124,65.58505417857137,65.03970407813598,66.56333666788504,69.12703711546887,74.30160105984069,82.17198209604454,91.974946755616,103.13197683733209,35.085911175741636,270.0,0.4625979726925162,2.038851772749172
2021-06-03 15:00:00-07:00,872.7332666666666,87.547325,0.2661837398316005,14.5,675.8184716777657,3.691028874701173,47.61910936693563,265.00033154697246,0.0,340.7128913678378,1013.2329187067744,1.0,340.7128913678378,173.7749932472684,1.8967459476116644,26.66332177777777,1.87940511,985.7697773674197,983.2511139029826,980.4919235960526,975.1908275589415,972.5335745430217,972.3559494906651,972.3879814057052,972.4830088929187,972.1227297557197,972.766408147643,973.3500704548345,973.4043247175202,60.73951167795306,57.796828055976526,54.619624364202636,52.3789754222804,51.76562736498135,51.69227128144031,55.81484505047927,60.05434484953229,66.21693663126648,73.65058343345684,83.65771188704369,93.71295040218607,47.51033947217194,270.0,0.3813003798254323,2.1816857079968006
2021-06-03 16:00:00-07:00,800.91465,79.26122666666667,0.2965768626424089,15.5,490.1354404795972,9.887043895944188,59.135717776710166,274.6526844614148,0.0,171.112548834701,941.013434020696,1.0,171.112548834701,142.89078621432057,2.53236354147315,26.406394388888888,1.786296653333333,914.4100682472802,911.4828371217368,908.5001844924901,902.3293935017078,899.478916244418,899.2529084860249,899.2164722802701,898.5752419875015,897.9004973220234,897.8221839871474,897.3047583099617,896.7109266069527,45.905935415128795,44.4886900724053,43.621358990779854,42.57487623366985,43.05340063615641,44.405862037239054,48.32470298124518,54.60143984409674,59.988324547502586,67.5036361828491,74.26991495396587,81.32925171570909,50.0,270.0,0.366977778440511,2.214355247456318
2021-06-03 17:00:00-07:00,676.9390500000001,63.724720000000005,0.3145810694969208,16.5,289.57529713766974,23.526424602052554,70.51044409368063,283.4247437635629,0.0,36.452775264629956,751.1549537613998,1.0,36.452775264629956,94.83907373710963,2.857142857142857,25.95939883333333,1.4373670133333332,732.0425193269576,729.6747516281486,727.3388371694422,722.3337460647011,719.8014160009765,719.3074989255399,719.0780406948818,718.5747577870915,718.0712137146646,717.8277464227709,717.2843448217996,716.7460565124352,24.829786224736985,22.705928209077616,20.580993728475065,18.386541043598896,16.217132742181644,14.011671307126399,13.586001846937569,13.131107916357616,12.603061121634846,12.022007239421415,11.46853116996521,10.920864919826432,50.0,270.0,0.366977778440511,2.214355247456318
2021-06-03 18:00:00-07:00,376.8657585,37.72038166666667,0.19275153433123,17.5,93.55988250049253,64.95451704351808,81.47921715060535,292.16871508044795,0.0,16.625399169484538,222.48939432498463,1.0,16.625399169484538,20.77570264732235,2.857142857142857,24.84453438888889,0.6975520146666666,201.2010039013641,201.28130101896886,201.36341070589492,201.4368498789474,201.97915830814495,202.49196123549723,202.9711000568143,202.97139156335015,203.4213864946374,203.84686237545023,203.84697658553725,204.23965350267707,3.2000340411959987,3.2252013624898828,3.1975031912837037,3.179432362778063,3.4584517509262813,3.4748484662828094,3.808797215998746,3.844130797539078,3.8891801748122217,4.272709529468629,4.321299829894051,4.73497340990619,17.95880525302289,269.9999987925817,0.5958334399132668,1.9058644084202476
2021-06-03 19:00:00-07:00,0.8939918666666667,5.0029783,0.1940127081436332,18.5,5.024825523726736,85.99621462031809,88.59967591807853,298.4411099071223,0.0,3.203035951290375,5.062057931854181,1.0,3.203035951290375,0.0033409968038416427,2.857142857142857,21.724736944444444,0.8154363613333333,4.749840307224269,4.749840307224269,4.749840307224269,4.749840307224269,4.749840307224269,4.749840307224269,4.749793080817634,4.750499448729108,4.750499448729108,4.750499448729108,4.750499448729108,4.750499448729108,0.5442003583673306,0.532492674525928,0.5228060935975362,0.5154986302460306,0.5108343304755933,0.508867787241087,0.5103490825780268,0.5141937096786401,0.5205190068212365,0.5290175984745564,0.539298946452586,0.5509309053803013,2.9615932499996154,269.99999125142347,0.7241667305257609,1.8584784646900747
2021-06-04 04:00:00-07:00,68.33805528333333,5.7119231500000005,0.2116514195757208,3.5,7.1992979916715045,86.43472776051674,88.75286133918304,61.353315178335265,0.0,3.6561471075239678,9.958529635042453,1.0,3.6561471075239678,0.0030358111078429783,2.857142857142857,16.9286705,2.4852799,6.709644063987259,6.709644063987259,6.709585255804646,6.709585255804646,6.71039171927181,6.71039171927181,6.71039171927181,6.71039171927181,6.71039171927181,6.71039171927181,6.71039171927181,6.71039171927181,0.6776895097170003,0.663133210999958,0.6510685449560184,0.6419477491542293,0.6361071923638082,0.6337262069677955,0.6348456179300757,0.6393615222303005,0.6476495777312626,0.6582730958392372,0.671550803253863,0.6861408504460571,2.6420321783596634,90.00000409455455,0.7269520897143461,1.8582058344402959
2021-06-04 05:00:00-07:00,538.7613666666667,32.357168333333334,0.2980402917736202,4.5,115.65421562944802,63.785151675611836,81.10591299773452,68.0742197566176,9.325873406851305e-16,14.484429089307948,292.65739704839257,1.0,14.484429089307948,37.09932669531275,2.857142857142857,18.1596445,2.0583658783333334,266.9927732393512,267.06213183670513,267.13676887259527,267.2011898950914,267.8131590328487,268.3866556407198,268.93793265313076,268.93085742630717,269.4496821035645,269.9375605047833,269.93166158786505,270.38861269981237,3.9841901501465875,4.125234727414458,4.174410547803009,4.149188316459308,4.364827745718073,4.502577675757384,4.538270261217808,4.944103777647514,5.002866299251547,5.4540231346783346,5.515673112488553,6.0016710604266414,18.801220732035418,90.0,0.5888570678645842,1.910500463368311
2021-06-04 06:00:00-07:00,783.7795333333332,48.598018333333336,0.3257224413224412,5.5,315.159139031508,23.08149866057944,70.11721195703342,76.79666235774454,0.0,39.10200695727373,822.0877265809467,1.0,39.10200695727373,101.98946800867691,2.857142857142857,22.063180388888888,0.6889512926666667,787.9640939001252,788.4021558611805,788.8480881045698,789.0748520514348,789.4759429674131,789.8944974952245,790.093264755202,790.4963641613206,792.7767017763694,797.2790697076803,799.2955957229267,801.4147387588612,11.222303458979814,12.108443041234327,12.943795663403927,13.790130727265263,14.487594322962256,15.061857572714876,15.52625807577867,17.52504770746916,19.399000565338863,21.294482591648837,23.05264292850278,24.80235125930015,50.0,90.0,0.366977778440511,2.214355247456318
2021-06-04 07:00:00-07:00,888.23595,57.75829,0.3075234877339812,6.5,518.8133038020592,9.441434136034381,58.730232726605465,85.56546777510175,0.0,183.69466613101494,990.0621542734699,1.0,183.69466613101494,150.63099216945986,2.502913479316318,23.69503633333333,0.933841068,947.4696941192639,948.0176051488174,948.4584721402922,948.4939670760999,949.132138590811,949.7425222284634,949.7086895739931,949.8433326684651,952.0763253161754,957.0919859541104,959.5089254315754,961.8771173682852,88.8920386121457,81.03095946090377,73.50138532404635,65.11787366264913,59.09952016928364,52.12677315347097,47.70178626685711,45.433942419410116,44.135232225235335,44.520411918754455,44.680484685931226,45.43882100431487,50.0,90.0,0.366977778440511,2.214355247456318
2021-06-04 08:00:00-07:00,951.3203333333332,62.93696,0.2796541060197387,7.5,709.199060668038,3.8452913537984252,47.208554831645635,95.24340639343575,0.0,347.49103897825455,1063.9083633457712,1.0,347.49103897825455,184.63719988172625,1.8815714884014982,24.43699966666667,1.0451763566666663,1026.6194505614817,1026.2718903127593,1025.8015022387121,1025.538851659756,1025.3633334206982,1025.4269530167066,1024.8699453987517,1024.6335503281596,1026.3738033441105,1030.7900032518912,1033.2740334541902,1035.2606062473862,98.06922819141147,86.36898697958725,76.21169043270709,66.52285766673052,60.896400076229725,55.50483058937691,52.10239877834428,50.741432552271476,51.67392927427389,53.138382713655865,55.28378472615276,57.9402298268563,47.08876262922585,90.0,0.38379531224274804,2.1762783282838085
2021-06-04 09:00:00-07:00,989.9662,66.28775833333333,0.2543241638949761,8.5,868.1333717756193,10.1126559283052,35.90673405220557,107.4211416800046,0.0,498.183998867421,1073.3677773267905,1.0,498.183998867421,212.84957649443865,1.5372262433886235,25.625804666666667,1.3946592433333334,1048.8487514065714,1048.627372476912,1048.5406661895397,1048.6696087068417,1048.7116048745254,1048.2841969035014,1048.01146472463,1050.1152560727983,1051.4244901126533,1052.5445522226978,1055.6120533147246,1056.6982215448102,113.53320182014437,101.01795649480721,89.87234369669413,81.13353350384162,75.15717135778395,70.54470077253701,68.92374433249378,69.90961183512903,70.65401872177088,72.76086966402482,75.2212220839728,78.68779340119556,34.63849256244455,90.0,0.4658016910265553,2.0343881642321833
2021-06-04 10:00:00-07:00,1009.0035,69.644435,0.2360763600054434,9.5,979.8612534351788,14.600634667725208,25.565198687084475,125.74251086372885,0.0,618.1768373746618,1060.4073327273911,1.0,618.1768373746618,229.3449519717737,1.29366944405538,26.850629555555557,1.65739618,1048.462172452772,1048.1950878733776,1048.29288130278,1048.151895274911,1048.1814729424593,1048.9251161122072,1049.8464150797317,1050.4119454003655,1051.324312041781,1051.3102195183978,1051.8220211320513,1052.6880743568418,124.30276978763126,113.53635453895647,102.91558230403288,95.02201610436258,89.76929715061937,86.75689563233577,85.03973638098712,86.3909742687132,88.29571922313175,92.12497915571312,96.8759014792191,103.10363089856807,21.21978214477668,90.0,0.5690267770221016,1.9249439672808453
2021-06-04 11:00:00-07:00,1004.63195,75.46739333333333,0.2262069054213491,10.5,1029.2918223896197,16.937965393713224,18.29977112685515,158.10297508861856,0.0,668.812594446013,1039.0489459775035,1.0,668.812594446013,233.5198728519962,1.0925307513941707,27.583997277777776,2.081362311666666,1035.5401312680547,1035.7785089936317,1035.776761290107,1035.919916597834,1035.9221125426093,1035.9233632778464,1036.0930514056465,1036.0918420981734,1036.0906261237983,1036.0899177371864,1036.1807449738458,1036.1806198459137,122.9693642706359,113.18724878338223,104.17528174364493,97.57139179560198,92.99276226585582,90.5178032275167,90.10310903946814,92.02574829400635,95.80969053749662,101.58938049672432,108.39334585245912,116.54763273008292,7.0311423693763695,90.00000307832465,0.688795594591249,1.864663092596373
2021-06-04 12:00:00-07:00,983.0388333333334,85.71567666666667,0.225637253955682,11.5,1018.373323729755,16.898433948496642,18.422941859167764,203.10655741859279,0.0,661.6957545221777,1029.1639563469903,1.0,661.6957545221777,230.58712157720643,1.098077968293338,28.748164888888887,1.9465467766666669,1025.1809116020265,1025.507350441471,1025.4344382412503,1025.7664034368997,1025.7705609838486,1025.5961220519296,1025.92308146624,1025.9218011121409,1025.775582313182,1025.7744656430705,1026.1017008783854,1026.104724688692,120.59151780992227,111.02764769965096,102.84403304510417,96.35772448800788,91.50335365110914,89.25887839712148,89.13888672301681,91.23551705176021,95.06529790630586,100.44862914214308,107.51371379443844,115.04430721582379,7.44763105144691,269.99999704244135,0.6851900266332098,1.8655791075993475
2021-06-04 13:00:00-07:00,972.61735,83.53336666666668,0.2318142479495964,12.5,959.0016967567915,14.486006983681587,25.826695564211732,234.9575010478272,0.0,605.2341800509143,1040.5410291006558,1.0,605.2341800509143,221.24401433915196,1.2998540378909893,29.1016665,2.1715434733333336,1027.269795461324,1027.3360724748204,1027.3436298143279,1027.500711430699,1027.2647687147366,1028.4331880347197,1029.1380012588586,1030.1026452955832,1030.891565072282,1030.8518857889164,1031.8080146420043,1032.434743658469,119.66904901703602,108.28246329512727,99.2169425200762,91.81707069348083,86.0803311098994,83.30535742403701,82.67736630340833,83.80346877697075,85.90733934981172,89.40186555420033,94.06006557522191,99.87761513468153,21.61636827166118,269.9999985212207,0.5658049217886976,1.9274715751023024
2021-06-04 14:00:00-07:00,974.2774333333332,73.54545499999999,0.2484619619418649,13.5,859.6374626058146,9.933169344660257,36.21107248104353,253.02258283641265,0.0,493.7480882945311,1066.6766931249517,1.0,493.7480882945311,207.01311210786469,1.545177991639184,29.45156522222222,2.0929144633333334,1049.957681252977,1048.7409871439377,1045.778568345088,1044.0721971717098,1042.6256473978615,1040.9688058444158,1040.7180817155838,1040.9083075384847,1041.0143639132748,1041.204125072619,1041.4331204391444,1041.445212006674,77.34284307421052,74.32660751498429,71.18719572937835,69.32915721616023,67.74626237461588,67.45074277133537,69.10407325191736,72.1583476559469,77.7507304768107,86.19208310008285,98.12951874307794,110.16958315195154,35.00268732210073,270.0,0.4631925719519271,2.0380177159917645
2021-06-04 15:00:00-07:00,920.0782833333334,73.46868166666667,0.272090944781647,14.5,694.7993441288902,3.6139034925257487,47.52239695213452,265.097341935591,0.0,348.39410229456234,1045.0433140615671,1.0,348.39410229456234,178.86317980554128,1.8933880247587362,29.520538,1.895837285,1016.9350994307425,1014.6916433211702,1012.2567580982198,1007.4888176131033,1004.9752378312731,1005.0925267998946,1005.2783420297126,1005.4378122827283,1005.2242241280903,1005.3876826461805,1006.737201277463,1006.9647487608257,60.04177744941077,57.330600726537746,54.032802347822646,52.46893849793403,52.23219877824099,52.55603372746301,57.01067405938727,62.487914278836016,68.17409733164823,76.1693809410007,86.8859811659587,97.64753845593373,47.417781778367804,270.0,0.38184643974189425,2.1804953682114894
2021-06-04 16:00:00-07:00,849.6421833333334,67.71461833333333,0.3031326463342704,15.5,504.8148746168995,9.823349023761148,59.039156386017105,274.73591259278453,0.0,181.37754974333367,963.5425650742952,1.0,181.37754974333367,147.7356017513115,2.524927652564652,29.08287188888889,1.8282869666666668,936.0179392611785,933.3944787731436,930.7190570453873,925.1705221803825,922.651671029451,922.413585133209,922.3959662289101,921.7070745418039,920.9887029429633,920.9026701552951,920.3677812712377,919.7301028889065,46.83613162805565,45.748961330930534,45.23163829284729,44.50108411276751,45.371608139785266,47.162788231595194,51.28700170667927,57.81921359015629,63.448017743852006,71.32223631109784,78.39105195249716,85.78459693277786,50.0,270.0,0.366977778440511,2.214355247456318
2021-06-04 17:00:00-07:00,733.9334333333334,55.420245,0.3226379899268259,16.5,301.47984843947347,23.468275123583737,70.41156127960116,283.4966141650548,0.0,32.59717637448409,793.7699922680549,1.0,32.59717637448409,97.88275870720912,2.857142857142857,28.810341666666663,1.201604835,773.8292019768115,771.6393726277214,769.4910543234422,764.857292120652,762.5111325912862,762.106804132295,761.916301022417,761.503717132691,761.094952122022,760.8927489558936,760.443575067676,760.0022099682318,22.687466200149654,20.74876388618436,18.803729980998597,16.7844353022963,14.779429312080515,12.728724186502527,12.327039977013145,11.889595720404621,11.374733787423983,10.785356502259729,10.225462616788263,9.656915890340706,50.0,270.0,0.366977778440511,2.214355247456318
2021-06-04 18:00:00-07:00,480.3463,34.48074666666666,0.1916574297570221,17.5,106.50530635168853,64.63339427426968,81.37637733178614,292.23049524834266,7.77156117237609e-16,14.709259866097765,265.0240054903628,1.0,14.709259866097765,22.988391387371173,2.857142857142857,26.945375777777777,1.3638444066666666,243.58975807561177,243.20865229235503,243.27808470305428,242.80413493666563,242.36752298244042,242.38097412061668,241.90681162080193,241.4144539433752,240.898931539635,240.82884520437003,240.75621057094082,240.6852157177318,4.30853454157956,3.914951160573133,3.872284393250204,3.6412377612514244,3.4682787955639105,3.4372118665304208,3.116441754928134,3.104052272194083,2.9142877434688237,2.8468148187929665,2.875835968377945,2.7346190904294296,18.20812327447787,270.0,0.5937651997992068,1.907215097350107
2021-06-04 19:00:00-07:00,4.524293783333333,4.795613983333333,0.1877561035969479,18.5,4.901237592683026,86.17538812876421,88.66225820168917,298.65346671030727,0.0,3.0700118971677948,5.094461860898778,1.0,3.0700118971677948,0.002933854751286399,2.857142857142857,22.997462055555555,1.035477421666667,4.631224805257517,4.631224805257517,4.631224805257517,4.631224805257517,4.631224805257517,4.631858090170877,4.631858090170877,4.631858090170877,4.631858090170877,4.631858090170877,4.631858090170877,4.631858090170877,0.5048001389851129,0.493947204465096,0.48496143351293125,0.47817708024060496,0.4738408657383857,0.47208458561989824,0.4729339159175272,0.4769430258319215,0.48281283216414184,0.4907088538769812,0.5002697123953277,0.5110894520858199,2.8346200992875583,269.9999905311922,0.7252733629059799,1.8583664188584519
2021-06-05 04:00:00-07:00,76.8905261,10.568136633333332,0.298323350980798,3.5,12.302269964706763,86.30541878425484,88.70768284348033,61.24518063074947,0.0,6.764993334642811,15.516758377506877,1.0,6.764993334642811,0.0060445316974776005,2.857142857142857,20.688246611111108,3.56692175,11.561938576925154,11.561938576925154,11.561938576925154,11.561785204412404,11.561785204412404,11.563277314142693,11.563277314142693,11.563277314142693,11.563277314142693,11.563277314142693,11.563277314142693,11.563277314142693,1.7672048198904977,1.7292234794844095,1.6977605555771556,1.673990508507501,1.658785022045435,1.6526046568381572,1.6555524618827409,1.6683383949337687,1.6888951623820219,1.7172989627073305,1.7508367218157235,1.78880067495869,2.7407973703115025,90.00001216440201,0.7260911516584795,1.8582867774777592
2021-06-05 05:00:00-07:00,430.8241555,52.924011666666665,0.3299652932519717,4.5,119.81598330884404,63.66525958390136,81.067826336358,67.96224608389112,0.0,25.88940239629779,271.83706932538155,1.0,25.88940239629779,42.43986078794412,2.857142857142857,21.86095338888889,3.52689525,247.99541140151328,248.1175096620396,248.25083616003647,248.3645096055622,249.017005879521,249.62145933441576,249.6792445138642,250.21023126467145,250.74920859520222,251.26978534225242,251.27084701863282,251.74568070570947,7.602990232893352,7.773669150769777,7.703669677228806,7.652863528647084,8.003177026685648,8.048619910338832,8.118014011587121,8.589289720230848,8.704118850608147,9.235815913630459,9.356278374082049,9.928902152026346,18.907781143848723,90.0,0.5879770500863014,1.9111014971563858
2021-06-05 06:00:00-07:00,649.9944833333334,73.7194,0.3333220182692933,5.5,295.10991335211526,23.104357051154132,70.08634219080334,76.67691033539285,0.0,43.84097416724086,748.9985676980343,1.0,43.84097416724086,101.05431617607901,2.857142857142857,23.89430638888889,2.21610489,713.5495750978178,714.1211926942232,714.6976673711214,714.9775303571771,715.5091369459888,716.051839663341,716.3018513870461,716.8288141115731,719.3200350313618,724.247810738619,726.4802275699839,728.8008546558287,13.347873572776463,14.194885035923779,15.015934578901794,15.846929925439575,16.564585512741687,17.163529976419728,17.667488555061272,19.844652963009807,21.912166199578326,24.015523012395985,25.98519475642073,27.95082502242417,50.0,90.0,0.366977778440511,2.214355247456318
2021-06-05 07:00:00-07:00,863.3039833333333,78.02586,0.3139053791457545,6.5,526.484358982148,9.458033168563748,58.70345013130862,85.43277514648726,0.0,190.8630993773426,993.2409388030659,1.0,190.8630993773426,159.98463309212028,2.500616441806265,25.87088333333333,1.6168240283333333,945.6668797090695,946.398302976854,947.0191619989315,947.1311857555174,947.9472268924621,948.7301741338839,948.7678179961025,949.0685806156769,951.7839761140635,957.7657846048239,960.6474516975585,963.4732055785224,92.8101223662757,84.91202546119558,77.36888521051812,68.96392984321955,62.9691611359705,56.005607126406225,51.61949857705387,49.72553416905176,48.81573630498581,49.62247424208725,50.195690551562336,51.37759214356083,50.0,90.0,0.366977778440511,2.214355247456318
2021-06-05 08:00:00-07:00,920.64325,81.35618333333333,0.284523812124942,7.5,707.0936647891472,3.7306984055774954,47.18180942964736,95.08916066785906,0.0,348.6557429967283,1056.1967318912382,1.0,348.6557429967283,190.7608713798453,1.8808663319079189,26.45159711111111,1.4252267733333333,1015.0501698249224,1014.8519245164242,1014.5302002599268,1014.4140767089337,1014.3020389930477,1014.5075776654979,1014.0122152123183,1013.9110366859777,1016.0673776806971,1021.3024770267159,1024.1929466011334,1026.5684609906782,100.23908565006572,88.59122945374594,78.44905055716936,68.82836415885696,63.272417608549844,57.9574108210804,54.62909516180102,53.62376226036217,54.91688441512856,56.744552422343006,59.25718988904798,62.28565100363073,47.06896373560328,90.0,0.3839129724758347,2.17602528057176
2021-06-05 09:00:00-07:00,960.0031166666666,79.22996333333334,0.2578726111699503,8.5,857.1320010590232,9.996713067203038,35.87357492117417,107.2314423780515,0.0,492.5960892246795,1058.8716820857896,1.0,492.5960892246795,214.6426102114382,1.5371182740445528,29.395941277777776,1.3395137499999998,1032.6134673814356,1032.4324030492605,1032.4266831766863,1032.5964357027535,1032.7145741932638,1032.3240080330706,1032.0868570714586,1034.4324674281174,1035.9418194779805,1037.2573557135966,1040.6920781071199,1041.962766001182,113.8977447253604,101.48406218950811,90.4164084124314,81.76890773121923,75.86865139459067,71.4260584367645,69.8589820426483,71.01954700319784,71.94198831872494,74.17412683003167,76.80135610403177,80.43471565226154,34.63351770122527,90.0,0.4658374110499627,2.034338814758008
2021-06-05 10:00:00-07:00,967.5317333333334,91.247655,0.2391382720294322,9.5,964.4301985465493,14.48552644211878,25.513389124304226,125.50227286669656,0.0,608.7376527092248,1043.5201838004941,1.0,608.7376527092248,229.7082527479,1.2938737469421087,29.840163944444445,1.7851597783333333,1030.1198929323139,1029.8948275362352,1030.0336243737202,1029.9300218019505,1029.9965175920881,1030.8999741058917,1031.9717773167506,1032.682097349803,1033.7245725990124,1033.7168547268623,1034.3590112507438,1035.3543964427581,124.11476141106927,113.48131696582112,103.02001499738523,95.3031101773805,90.13015005594252,87.27100157873869,85.59571688187083,87.05355168932545,88.9537918558857,92.86426015493166,97.57429399465103,103.86139261505483,21.23292768059555,90.00000085377364,0.5689198432472661,1.9250270342315512
2021-06-05 11:00:00-07:00,977.65125,102.65789,0.2298164178957959,10.5,1031.3456107693185,16.82688412790733,18.210062691343794,157.8703630515448,0.0,670.0622480147182,1041.2361931263874,1.0,670.0622480147182,237.89106862257222,1.0929743913665537,30.769091,2.4195126766666664,1036.9414094475003,1037.2134793428525,1037.211694491863,1037.382564915941,1037.3847708664814,1037.3859374489475,1037.5795825044186,1037.5783536407555,1037.5771178550315,1037.576393249195,1037.6858862452693,1037.685917566727,125.27601108756633,115.40263058584407,106.32089978340781,99.66264337004425,95.05105274886702,92.5630483472227,92.15685086133647,94.1090021191848,97.9333357017092,103.78638500732023,110.65923505568638,118.88586805825466,7.064482301466861,90.00000426886824,0.6885068471565708,1.8647344892753253
2021-06-05 12:00:00-07:00,981.8686,103.96145,0.2282142297386861,11.5,1036.1312292196264,16.79486219636941,18.307671102254645,203.09441852387056,0.0,673.1809191840791,1046.9314137992105,1.0,673.1809191840791,237.34804323189314,1.0973711671836168,31.616947666666665,2.353767271666667,1043.4389061259205,1043.4361952238996,1043.0932024264903,1043.0942808078125,1043.243331668668,1043.2446311751055,1042.9018332775504,1042.9688918813845,1043.0738079024895,1042.7261369203788,1042.796530008494,1042.4542758078233,118.5447618962054,110.81773719872736,103.58079706035186,98.06346397221586,94.0847721906097,91.98548018083054,92.11008579709986,94.40885077115138,99.37581215789669,106.01180571300891,114.3862597110957,124.17118753360667,7.394613344663325,270.0,0.6856488179140987,1.8654595904409386
2021-06-05 13:00:00-07:00,964.9611333333334,100.50760333333332,0.2344837697017878,12.5,969.8660696532517,14.392655379780988,25.719960715800244,235.05655169527785,0.0,612.302754249537,1051.3499134588626,1.0,612.302754249537,226.86468399815877,1.2987667076545213,31.661538333333333,2.297472901666666,1042.7989017301331,1042.1006553502402,1041.0742907176689,1041.097322468748,1040.2328308915712,1039.1759485900461,1038.4027815985721,1037.1439958024853,1037.3571289321264,1037.166558305548,1037.29173553784,1037.0059928160658,102.7522059384593,97.0273523816161,92.02136455863368,88.4421157236155,86.26879985588955,85.07124717550103,85.68854859494385,88.4716421039386,94.26578881700259,101.7626106063709,110.96018009344472,122.5141215099468,21.546847786650645,270.0,0.5663690708465385,1.9270252691826328
2021-06-05 14:00:00-07:00,926.3751666666668,116.00931666666666,0.2513517681716567,13.5,864.3838731354658,9.851237714875108,36.113351096569346,253.12487139612355,0.0,498.75936632783447,1066.5496446849638,1.0,498.75936632783447,214.3443838184908,1.5433856737139127,31.77223561111111,2.058351175,1036.0521050274494,1036.9099972910456,1036.8001941283414,1036.8828723660797,1036.897080015261,1036.9571237387668,1037.3247941594195,1039.428942996357,1041.3246423776375,1043.6214382099845,1047.2655261252262,1048.8779437483718,112.82759320734695,100.94662995284573,90.47757511404595,80.8329965833872,75.40264046955073,72.73221294261641,71.13301161343593,71.83523002176538,73.8111279933558,76.06580735865714,79.59801721524582,82.44143136033374,34.92097484044453,269.9999985212207,0.4637769618396124,2.0372004873966967
2021-06-05 15:00:00-07:00,142.25972816666666,164.31081666666665,0.2672951024227647,14.5,260.5511263157408,3.5430535760638353,47.42838060964539,265.1863063696227,0.0,148.19993496976326,336.89564604623195,1.0,148.19993496976326,83.93974927902029,1.89012720828641,30.21340361111111,2.035413375,323.23240584956716,321.3155696155113,318.74339084051803,315.0197984573609,313.05541923059167,311.86232785777815,311.4142879514095,310.1195051265893,308.76279492157687,308.28062467988497,307.3052496487484,306.0042282827599,43.41208452715243,41.400970363977244,38.85524160246115,36.92966725829637,35.559353094577084,34.55790062426908,34.779221414722514,35.485498319257765,36.21151736938013,38.06117313344739,40.19614907931393,42.40709946498173,47.327504632711026,270.0,0.38237997071634167,2.179336058506307
2021-06-05 16:00:00-07:00,6.797768333333334,186.6759833333333,0.2734607955544398,15.5,190.18265755507534,9.760796255396706,58.94526594800252,274.81213497724025,0.0,123.88396312435718,177.13436786629862,1.0,123.88396312435718,64.25442766105944,2.5177470010908203,26.964295555555555,5.454945883333333,165.42775415724938,165.96021894758007,166.49918256098064,167.4212895615276,167.98507728274282,165.7276958210755,164.71613053549484,162.40597872228233,160.0297728189595,158.95557697848918,156.52921131765683,154.06365714488518,41.35644532331557,41.88068532819053,42.38683555528181,42.737545411194816,43.223794702396006,43.71434494801384,42.7980002072504,42.02129165650082,41.1688611429878,40.6393013515092,40.098716607002245,39.797999286379635,50.0,270.0,0.366977778440511,2.214355247456318
2021-06-05 17:00:00-07:00,58.8692605,159.45753333333332,0.2893148012708185,16.5,179.2870447265645,23.410363539177403,70.31554436058974,283.562148843661,0.0,92.40484498253038,244.57612953658784,1.0,92.40484498253038,62.12622712443852,2.857142857142857,26.184986055555555,5.403160633333333,233.043381421415,232.9574574944641,232.88557296808824,232.55216653227654,232.44880287699,230.72325519164528,229.95131505049528,228.19934160696545,226.39955028559518,225.57977922619682,223.73205686414468,221.85966424051804,34.958812948297854,34.884473262882516,34.783263322100744,34.550680045027484,34.38760414027733,34.19235268134492,33.32689982868314,32.49338579153269,31.607003540222014,30.89255043515797,30.19406967453833,29.667158359108015,50.0,270.0,0.366977778440511,2.214355247456318
2021-06-05 18:00:00-07:00,149.704478,86.04821333333332,0.2742249436538785,17.5,108.75263699251687,64.32162677997667,81.27676783908271,292.28638576943297,0.0,44.48907146198086,183.32565738120755,1.0,44.48907146198086,30.61131552059322,2.857142857142857,25.70219094444445,3.816137945,168.94193373090707,169.1728240965304,169.36823354540928,169.58087265825048,169.7240046274785,169.68624664877817,169.84473392361926,170.0091360031272,170.14697583813575,170.09173547133256,170.25904728140213,170.2239270385779,10.608509333093302,10.417414278424362,10.286197997496195,10.329512441623447,10.313695604205682,10.459848736952665,10.5615930312529,10.686095696339628,10.958870446185168,11.116935149249409,11.408225108024963,11.575115184319609,18.450277494537094,269.9999987925817,0.5917592192839958,1.908544195287614
2021-06-05 19:00:00-07:00,1.5198201666666666,3.291248,0.3059333040748685,18.5,3.3294522593726295,85.88141279176862,88.55958391502755,298.7024182677593,0.0,2.1072776109444753,3.3980655207272092,1.0,2.1072776109444753,0.0023375037246283906,2.857142857142857,23.64324172222222,1.8380821283333333,3.1479035167681566,3.148635120459885,3.148635120459885,3.148635120459885,3.148635120459885,3.148635120459885,3.148635120459885,3.148635120459885,3.149050816224649,3.149050816224649,3.149050816224649,3.149050816224649,0.5644765327189035,0.5523251937483393,0.542276944999991,0.5347011957657657,0.5297632118478224,0.5280401478404051,0.5292289332146077,0.5332215674414483,0.5397802070482007,0.5485860315782338,0.559232316522658,0.5721813298468965,3.0542219393716894,269.9999974386791,0.7233595064532332,1.8585632977614632
2021-06-06 04:00:00-07:00,15.754023283333334,4.591203733333333,0.28463516143457,3.5,4.957446741309985,86.19151450644164,88.66789144167213,61.1410205657915,0.0,2.9391419007238966,5.634816172142813,1.0,2.9391419007238966,0.0027961480970710435,2.857142857142857,21.46339111111111,2.882360733333333,4.67998299617418,4.67998299617418,4.67998299617418,4.67998299617418,4.67998299617418,4.680567648557946,4.680567648557946,4.680567648557946,4.680567648557946,4.680567648557946,4.680567648557946,4.680567648557946,0.7325505044049883,0.7167994787100286,0.7037578584308466,0.6939108475053226,0.6876167402890472,0.6850669005318146,0.6862988424401766,0.6919224881451369,0.7004418546409582,0.7119026751022083,0.7257807264655869,0.7414862922553671,2.8282270475912763,90.0,0.7253290846980768,1.8583609070893625
2021-06-06 05:00:00-07:00,76.46735333333332,41.544653333333336,0.2918134894330985,4.5,53.46078897243498,63.5614911917888,81.03489038073928,67.85461693228486,4.662936703425655e-16,24.268380429229886,83.45606388659624,1.0,24.268380429229886,16.273556523316635,2.857142857142857,21.558622,2.9616045333333334,76.95774417098389,77.07413440024565,77.19928843598959,77.30741738569077,77.43742526350326,77.54827729099304,77.54941474117683,77.6669054342367,77.76522147960694,77.86947626258353,77.87033815129404,77.95741822742704,6.14924623394925,6.08844987308806,6.030333847763749,5.989020627088711,6.056706998606725,6.085074891940548,6.152607089734848,6.299870579508975,6.3957788189049145,6.571714955856359,6.672475246252194,6.8617897901962674,19.001894950836483,90.0,0.5872002872304739,1.911635049618964
2021-06-06 06:00:00-07:00,589.4048833333333,100.57736333333334,0.3388433916996849,5.5,301.581877152357,23.129957963439292,70.06038449447294,76.56204042593845,0.0,55.803962058306425,725.480722979079,1.0,55.803962058306425,109.22275114960334,2.857142857142857,23.802937222222223,3.7557961,685.3827485757612,686.2714392399553,687.1554485918452,687.5638683866478,688.4022852227132,689.2368443246858,689.6079902132781,690.4245925029646,693.2309241902087,698.7997134627172,701.3518330156459,703.984969177083,18.326981714489627,19.099524022462578,19.903192716213052,20.708014129386385,21.475548241739986,22.12991143225587,22.71329562527009,25.147499254393164,27.488901905555206,29.912705207290212,32.195157425061865,34.49547171978759,50.0,90.0,0.366977778440511,2.214355247456318
2021-06-06 07:00:00-07:00,457.5345748333333,159.88895666666667,0.3065695339860881,6.5,397.7133466152728,9.47850581162272,58.68146835024982,85.30563005879027,0.0,167.6961160670182,690.8528452645339,1.0,167.6961160670182,131.95492792592827,2.4986780779342865,25.363511444444445,2.581303083333333,644.2384405822373,645.5992522144954,646.8659205412791,647.3275310178285,648.7090407301397,650.0489700621861,650.4231621439192,651.4459396485599,654.4510131936291,660.8163155018507,663.8669172050198,666.8637803850298,72.36704448133928,67.679348455831,63.31703598131413,58.40700273482728,55.11091040209578,51.20605206122681,48.871145454766385,48.86783421469691,49.500947233266324,51.24393626904121,52.808002503492105,54.7708546403483,50.0,90.0,0.366977778440511,2.214355247456318
2021-06-06 08:00:00-07:00,123.12265883333332,262.7269166666667,0.2893670274039775,7.5,346.4446854223072,3.6211747490285444,47.159935974256584,94.94133440592549,0.0,204.62834310237236,409.7453226933672,1.0,204.62834310237236,117.26673600920432,1.8803179483611143,26.674674166666662,1.1081404965,368.6453818842119,371.0753969068687,373.4316474646127,375.7676522595302,376.833079888234,379.1864156514949,380.07632394199095,382.27705137865826,383.7410769051925,387.0240968640056,388.80576195999663,390.259147866084,62.48911939420481,60.16154130723201,57.62598035662869,56.0812102119846,55.75535195469417,55.50480106164049,55.7970516075783,56.475723108736595,57.83110328509838,59.19492215725797,60.71066522529848,62.334471626821426,47.05355368834078,90.0,0.384004581066403,2.1758283825582616
2021-06-06 09:00:00-07:00,1.3127280833333332,142.98495,0.2947679976835234,8.5,144.04904414645713,9.88635686170499,35.84564680323701,107.04917809449279,0.0,96.17193934243856,131.4087183242492,1.0,96.17193934243856,45.79692303462143,1.5370917599310916,25.203336111111117,3.744525416666667,118.62505005265581,119.36934121468762,120.9655276029822,121.7801144562284,123.29134597564375,123.94053984810454,124.60855570235532,125.1741493544335,124.87904479990756,124.58875409529543,123.46041065504608,123.18569494703088,26.555067757276486,26.568384882861388,26.334069420862576,26.74483194748671,27.32085361476072,26.737484529738936,27.45309829369421,27.583848846719558,27.622768514894066,27.221094837895183,27.176478574125255,27.170824390817874,34.63229589823292,90.0,0.46584618405081224,2.034326695703341
2021-06-06 10:00:00-07:00,0.28325695,229.8323,0.2947193194713105,9.5,230.08803244578834,14.376499226977764,25.467612470673785,125.26953200532806,0.0,150.802177841145,221.74258740115442,1.0,150.802177841145,68.08298008046424,1.2941229586793388,25.610716777777775,3.892556833333333,208.9577309295913,209.69385853923504,210.5207737289054,211.21267392479515,211.95912963770624,211.76573583428276,211.65513190000345,211.45827911624318,210.58925109635783,211.37071598179006,211.19490127259297,210.3128842068364,38.19221416548236,37.41285132896982,37.0779110204553,36.303114147264424,36.28989419460693,36.32927548341639,36.62264626545675,37.01783131071719,37.57633439706107,38.07909367687923,38.77598130911363,39.38747092197976,21.248959212191153,90.0,0.5687894459306417,1.9251284042637697
2021-06-06 11:00:00-07:00,16.04524005,456.87258333333335,0.272271114322022,10.5,472.1214624005978,16.722265035404902,18.127266919700844,157.63863156608,0.0,304.219992241553,469.5961682658754,1.0,304.219992241553,127.16323261115791,1.09344187261054,27.640979666666667,1.533227475,450.08860071666817,450.10202519304727,450.1015745468102,450.0791333486347,450.0796932788149,450.0799202362366,450.0895955656378,450.0892610927536,450.08891298858885,450.0886211753563,450.07049401044344,450.07062278585,70.85510445435287,68.53112901918847,66.46274089900055,65.05027997336794,64.1740719861995,63.83440357272065,64.01772857541964,64.76209688789488,65.94331899470228,67.56349193659639,69.43535241253703,71.62730897790016,7.099608587584659,90.00000400455336,0.6882026511569507,1.8648100749050225
2021-06-06 12:00:00-07:00,428.6343201666666,390.3121333333333,0.2581612207838192,11.5,797.5068537598117,16.69795008357113,18.1982469699703,203.07164449755717,0.0,517.4139667575306,807.5547248572675,1.0,517.4139667575306,209.96487903004694,1.0966570674582694,29.638229777777777,2.035183325,796.2637433305642,797.1559799577471,796.9995128799405,797.8958675720152,797.5770615053425,797.5773337861087,798.4700389882847,798.1008536809364,798.1000068145643,798.0991856815502,798.9920776084365,798.4851877484582,109.8913471773478,101.78798545803235,95.2536663717957,90.11433915458747,86.583292670481,84.54553252573189,84.51938184213212,86.15092801364968,89.66312482590459,94.08246873759751,99.82475937416491,105.9606702828441,7.341031662530543,269.99999704244135,0.6861125455639387,1.8653396646380536
2021-06-06 13:00:00-07:00,346.01597183333337,401.6602833333333,0.2573727676943282,12.5,713.663594391317,14.305963237908758,25.6172961173925,235.1439392075069,0.0,455.1990542930078,759.034663906908,1.0,455.1990542930078,192.12764316371135,1.2976902234783623,30.531801666666663,1.5812949316666665,744.9094598171448,743.4813556369836,742.0072001482438,741.6456735065643,739.9389238595311,738.5340226629653,736.7911463183917,734.662766051933,734.2450006128986,733.4847471363711,732.9580352240789,731.3748462547024,94.89550884334099,90.60984660256463,86.55417288390734,83.59891322691327,81.39003974930485,79.91714303890497,80.04776897543181,80.70584493494106,83.80864520258343,88.11499922334129,94.342924104886,101.08583371087047,21.477934427329142,270.0,0.5669285599849909,1.9265842123475259
2021-06-06 14:00:00-07:00,366.3332415,365.09665,0.267648644535093,13.5,661.3959826513463,9.775813142174762,36.0187511772875,253.21747580214952,0.0,397.5752082843224,769.6664480574711,1.0,397.5752082843224,189.7557331502399,1.5416329745181552,28.784729,2.970508838333333,749.8280175949676,747.604289962871,743.1097058856535,740.7765794965243,737.281768908763,734.1780932147642,733.4212539100834,731.6285669050275,730.7543355093695,730.0749901287231,727.5224908704427,725.357957151147,88.09814314846692,84.69693450139107,82.59729762940471,79.41550514604594,76.74362338747936,74.90788719025326,74.81462706913813,75.95617597467108,79.31315970872204,83.74980439080713,90.381815857266,97.42993826745143,34.840857350455565,270.0,0.4643505099189176,2.0364008299103835
2021-06-06 15:00:00-07:00,13.466701699999998,120.82594833333334,0.2903437024813716,14.5,129.95210690138472,3.47847337579463,47.337129508905214,265.2671932207691,0.0,84.74495457841873,125.06950695595208,1.0,84.74495457841873,46.21793750165998,1.8869654187176983,26.653791055555555,2.6034718666666667,117.1912674686374,117.1115292349149,117.0295197318621,116.609808392422,116.53198434035876,115.17412107117784,114.57252368121337,113.15978881461079,111.68888754289024,111.05511810443167,109.57719475195529,108.24007905100822,28.99487094891359,28.284212344942787,28.1458332099536,27.91276845155193,27.803892020303227,27.73329831145114,27.166481374200426,26.697942766202203,26.243093449984915,26.570181847176926,26.419279505657475,26.475492406456667,47.23959412403367,270.0,0.3829003921458221,2.1782087575034037
2021-06-06 16:00:00-07:00,0.61693045,89.76664833333332,0.280994606828728,15.5,90.08573635545795,9.699295172307005,58.8541222131552,274.88133862768336,0.0,61.70370333505761,74.06103261108314,1.0,61.70370333505761,31.761935273311682,2.510824271012286,22.716393111111117,5.318070033333333,68.30817968113145,68.6376854242081,68.97156423097405,69.55811912786804,69.90209486397913,68.71821648719411,68.18823763512123,66.98557285509285,65.74841791346815,65.18674369178768,63.919969530956905,62.634547626847656,21.267059118210806,21.564816370261305,21.84206338112451,22.038015365231846,22.278378435720775,22.503712559798476,21.94306780431789,21.413192693628044,20.85801226775262,20.436067792109025,20.02208918456422,19.731770845940183,50.0,270.0,0.366977778440511,2.214355247456318
2021-06-06 17:00:00-07:00,0.0783374833333333,40.86310833333334,0.2880435965838521,16.5,40.88961529627423,23.3526983397771,70.2224742156489,283.62134925330525,0.0,28.075465088005842,33.22747794213567,1.0,28.075465088005842,14.460004948603057,2.857142857142857,22.586526944444447,1.943652944,30.610244887692634,30.7979700661059,30.988265181288842,31.332339881924778,31.52865739484358,30.98946233294462,30.748941307923886,30.201692736348395,29.63863921760521,29.383717123390156,28.807146638470947,28.222168816217625,9.649490311931931,9.820705962864121,9.98148797794512,10.1033125810052,10.245023604813499,10.378667887537706,10.120285682721802,9.875411102104398,9.618575976021614,9.423249399742202,9.231504657874973,9.097327075088236,50.0,270.0,0.366977778440511,2.214355247456318
2021-06-06 18:00:00-07:00,0.0638563333333333,36.757576666666665,0.2794908445261514,17.5,36.76736728761538,64.01953488906321,81.18047278315892,292.33640184680354,0.0,24.001501386045597,35.35696286684255,1.0,24.001501386045597,10.045156382285027,2.857142857142857,21.910619222222223,1.0500187146666666,33.484980434555375,33.52780545406773,33.536980506799516,33.583460898534206,33.75554184054979,33.64419721454239,33.695136509989204,33.76295025282627,33.82132485822105,33.70089872655726,33.59006179738399,33.46009831043105,5.873165718395956,5.841614293644093,5.721132266920694,5.694909441818562,5.6033999147522495,5.572113700558074,5.516423568128106,5.459873163347742,5.51583268844562,5.554881717237257,5.575339778196541,5.757278522247699,18.684945625597212,270.0,0.5898179492317923,1.9098483715435979
2021-06-06 19:00:00-07:00,0.1854638833333333,3.245683183333333,0.2486590087022188,18.5,3.2506656547013315,85.59782366116387,88.46056857046555,298.7457507806224,0.0,2.078420696618177,3.2572826687868934,1.0,2.078420696618177,0.0026361393777648997,2.857142857142857,21.23138133333333,1.3786115203333331,3.072231811103122,3.072231811103122,3.072231811103122,3.072953286300101,3.072953286300101,3.072953286300101,3.072953286300101,3.072953286300101,3.072953286300101,3.072953286300101,3.0734115426254416,3.0733722663255443,0.4525187483053733,0.44299111336080366,0.43434814158585466,0.4284429008612231,0.4247558310382487,0.4233932429497039,0.42436322281296535,0.42756964998704144,0.4328203130297081,0.44040604022209,0.4490145362688535,0.4586962516288217,3.2662032186008427,269.99999355415036,0.7215124350140922,1.8587672592015339
2021-06-07 04:00:00-07:00,35.31925378333334,5.752361316666667,0.2457088484848696,3.5,6.594671620555958,86.0929246091645,88.63345353663733,61.04091910809404,0.0,3.682666323336674,8.155267656575047,1.0,3.682666323336674,0.0036943758221265124,2.857142857142857,18.083666222222224,2.5634352118333337,6.236181941951256,6.236181941951256,6.236181941951256,6.236181941951256,6.236181941951256,6.236181941951256,6.2369253484956175,6.2369253484956175,6.2369253484956175,6.2369253484956175,6.2369253484956175,6.2369253484956175,0.7923581035427801,0.7753153083889428,0.7612099041600404,0.7505651502778509,0.7437664272066221,0.7410197130870633,0.7429189357875488,0.748513253572762,0.7577255128315242,0.7701099228309876,0.7850978525424195,0.8020560960510315,2.904339036685157,90.00000962154034,0.7246657132878034,1.8584273342500082
2021-06-07 05:00:00-07:00,471.8052166666667,38.38809333333334,0.328494177151339,4.5,112.13724592609466,63.47375198076808,81.00706286661155,67.75142002287134,9.325873406851305e-16,16.689753710443377,276.21716490612243,1.0,16.689753710443377,39.34120783833178,2.857142857142857,20.347384277777778,2.199186833333333,252.4544813662233,252.5331514966485,252.6191662610727,252.69243553588717,253.2810330125327,253.83048676753123,253.8313675762069,254.36101729005668,254.85098914417836,255.3871656029177,255.3213465949403,255.75273277782503,4.955054452112953,5.148477133099359,5.090662375470591,5.071137802608366,5.388361330121731,5.409848475358968,5.462202897080454,5.865818355381371,5.9393437328779894,6.389699617362523,6.4670713412710095,6.953001712838416,19.083543488885677,90.0,0.5865267615132044,1.9121000003397612
2021-06-07 06:00:00-07:00,713.8447333333334,60.50556666666667,0.3476210515063916,5.5,304.19484749127304,23.15814131090903,70.03928566179934,76.45214905624505,0.0,37.73220234298084,784.942757090929,1.0,37.73220234298084,106.12635429662924,2.857142857142857,22.428700722222224,0.8338086829999999,748.8159063757796,749.2999110697458,749.7861601858916,750.026144858216,750.4717816142778,750.9284038272438,751.1386119089271,751.5802839425924,754.0603259774612,758.9560741900814,761.1747798241931,763.498920706462,11.863525107734294,12.643568390342097,13.397617988139983,14.15214705164777,14.794645973889393,15.321958546199882,15.750437253175443,17.895512899981306,19.925543555207266,22.010807052808808,23.961315996417515,25.928218370263323,50.0,90.0,0.366977778440511,2.214355247456318
2021-06-07 07:00:00-07:00,854.05685,72.58340833333334,0.3243676608761471,6.5,516.7378420270711,9.502558981327374,58.664224192958656,85.18414549383738,0.0,191.10537278463642,977.3348728756205,1.0,191.10537278463642,160.77044970638406,2.4970937553853743,22.76924038888889,1.3367954116666667,930.5779179512043,931.2550609510231,931.7997791438681,931.8823139808743,932.6514891379078,933.3949631311375,933.372236368898,933.6148229595952,936.213154321312,941.9736181931567,944.7472206555276,947.4667657548256,93.99451910167481,85.94067270144508,78.26189982640555,69.67542987310277,63.56858911103662,56.49696505655245,51.966114844086434,49.921467082041495,48.89781244784655,49.59364717663595,50.059607008890815,51.1639451197179,50.0,90.0,0.366977778440511,2.214355247456318
2021-06-07 08:00:00-07:00,909.36255,81.84260333333333,0.2932052337278794,7.5,700.3661552929802,3.5167945768947324,47.142862583571265,94.80007351876581,0.0,345.48021486616204,1046.3424249931284,1.0,345.48021486616204,194.36465324029626,1.8799240984574732,23.78905822222222,1.6203738666666667,1004.7497931811356,1004.5354935084282,1004.1979152856995,1004.0736163343801,1003.9503265145746,1004.1539435948235,1003.6432824895846,1003.5309994479986,1005.6822378953073,1010.9232638316173,1013.8253341494479,1016.20217715533,102.23960129781408,90.35931746913968,80.01803767023131,70.20730128488859,64.53597472556858,59.117480828580604,55.721755833953736,54.6588378841704,55.932933107305104,57.75673038941589,60.277931944489204,63.32448070903958,47.04247918930233,90.0,0.3840704323380204,2.175686911359957
2021-06-07 09:00:00-07:00,942.1896,108.57591333333332,0.2668740518036813,8.5,872.5317294916489,9.781654170411985,35.822872749841764,106.87456696093432,0.0,502.9595423606897,1075.2172053150857,1.0,502.9595423606897,228.1314213182409,1.5371452789642137,26.119447222222224,1.2621554549999998,1045.2210626665562,1045.1105120357493,1045.2693084549846,1045.5285741404741,1045.8065281378285,1045.4696671821582,1045.2935515969316,1048.0480483226431,1049.842467309788,1051.430346033106,1055.393577925505,1056.922704215439,120.47508294052524,107.64312890587671,96.17694105272317,87.27907327647645,81.23864992131337,76.7772590956588,75.23888009498015,76.65871702399325,77.83081206419325,80.28854441521399,83.22202425311544,87.20699742636181,34.63476207149249,90.0,0.46582847614048917,2.0343511580418916
2021-06-07 10:00:00-07:00,586.410657,260.9955166666667,0.2574291809148575,9.5,790.5988418292652,14.273608441026335,25.427802569283646,125.04467569932253,0.0,500.3103024376493,859.733629860782,1.0,500.3103024376493,212.49349128858597,1.2944159650594307,28.4129725,1.41836688,836.2620772769706,836.2404603446245,836.5383665501502,836.6059480722237,836.8242755724561,839.2607446594114,841.7699913166998,843.8865769877639,846.363893401471,846.2142777368474,848.1207658320076,850.554598353879,110.77267829640799,101.86385046078045,93.27018254688325,87.61530311237394,83.35389915560596,82.02363039191029,80.71100943066749,83.0799419394469,84.75973732789642,89.24943329396037,93.27365547025519,99.82673872673685,21.26780189485294,90.0,0.5686362014029389,1.925247642950951
2021-06-07 11:00:00-07:00,262.202778,368.74300000000005,0.2644405763052261,10.5,618.0398928226596,16.624151390793383,18.0513858128475,157.40833435015577,0.0,400.499152567481,624.2789624016117,1.0,400.499152567481,166.2875739869275,1.0939321361795549,29.0617905,1.0645006566666666,612.3577627637573,612.9232446831383,612.9222043187832,613.3619978850295,613.3632491074387,613.3637831135038,613.766177819649,613.7654551567616,613.7647356338476,613.7642576778323,614.058266980598,614.0585042258299,87.77210769972486,82.18495579168987,77.20961380584309,73.51994986840138,70.99845980999665,69.69379620128511,69.58202333328097,70.80638909580169,73.07978342388712,76.68374910295708,80.6732698837433,85.41998217148455,7.136440201119011,90.00000391248236,0.6878837118548173,1.8648897306734775
2021-06-07 12:00:00-07:00,865.9058393333332,175.30755,0.2370864759344309,11.5,998.3893877957621,16.607728705019266,18.094735315240086,203.038280828996,0.0,648.62663085351,1010.3165333768754,1.0,648.62663085351,239.35520507190338,1.0959367378342604,31.35871761111111,1.8507332383333333,1006.1443603634405,1006.5945704509018,1005.8883285612047,1005.8892721056138,1005.8903696783116,1006.2254773849619,1005.5194174176736,1005.5189117266169,1005.8415375151973,1005.1311225158973,1005.1330308612146,1004.6098210448263,119.09199758284109,110.96901384754209,104.12830169304584,98.59972073345072,94.40351755959453,92.42811210180187,92.56296645758118,95.25252923979009,99.82538516383883,106.4389573842656,114.79562717121513,125.23675107256894,7.286969716880667,270.0,0.6865804863243868,1.8652195429997755
2021-06-07 13:00:00-07:00,700.1493766666666,274.4913666666667,0.2475994890003723,12.5,906.3371447513343,14.225946376518241,25.518763707364954,235.21957407005348,0.0,573.4621885146687,984.539414400216,1.0,573.4621885146687,232.74555352369478,1.2966258622814884,31.711421388888887,1.83647702,959.7240941828794,960.3677454584083,960.4036256781321,960.4720552541366,960.7076858250437,963.1242345495052,965.6129003802956,967.9713476073571,970.1351369213157,970.0116158776636,971.8827277577241,974.2722640220406,122.0191955373025,112.15763595003908,102.61457372318851,96.23156510657914,91.04816020768843,89.85482739190881,88.41967436580187,90.826722041561,92.68470652860638,97.42939272816207,102.63600918906249,108.77202730239122,21.409712804558644,269.9999985212207,0.5674826939668709,1.9261489087234078
2021-06-07 14:00:00-07:00,248.7071988333333,356.63831666666664,0.2705148307232651,13.5,558.0318976334004,9.706895187806422,35.927337995266804,253.3003436473658,0.0,338.2026495157414,642.3169646320096,1.0,338.2026495157414,165.6100009333632,1.5399214803886085,31.731431166666667,1.3986722716666666,599.9664784800648,602.1332628546746,604.6191952086942,605.3524960455155,607.3811276511393,608.0583946694308,608.8369589139407,611.8928729018686,615.3946039398284,617.7679617151716,622.2562233696152,624.5139424707255,83.97625572230804,78.4228583933467,73.13013814726465,69.74889440115729,67.23790601209771,66.65082036730647,66.93105473584492,69.30863978936827,71.54277309208993,74.59487694431384,76.57143552777818,79.7817959174541,34.762420373114665,269.9999987925817,0.4649125685641034,2.0356195003543043
2021-06-07 15:00:00-07:00,105.1397649,273.621405,0.2834587758741868,14.5,344.9920866199201,3.420153657987629,47.248715525887356,265.33997704424957,0.0,205.22741671401397,403.62152005767706,1.0,205.22741671401397,116.22669923915393,1.8839046181328176,28.732409722222226,2.806439085,384.2880319348724,382.79925224899443,380.986384298924,377.628141243811,376.1201545963554,373.82415983660997,372.8808707701279,370.43812430013463,369.32072743785704,366.88682477216247,364.423751146738,362.3061261792419,63.98291598607079,61.18875900411332,59.642915495633204,58.239085243316346,56.83003478924022,56.06644850551191,55.68132142006125,55.80749531420961,55.99945820881392,57.35268760816276,59.72023287741337,61.82748692019727,47.1541377377203,270.0,0.3834071137872922,2.1771144583881092
2021-06-07 16:00:00-07:00,180.7122190833333,175.97483666666668,0.3087206666243272,15.5,269.68088825276044,9.638765771679127,58.76580304994316,274.94351545519675,0.0,137.78737267477987,381.7622740093254,1.0,137.78737267477987,94.52928754091765,2.504162243407949,26.896083055555557,2.86692887,364.6800126130632,363.64744433243703,362.5947178526636,360.27357031423213,359.24852713360804,357.54564448173915,356.82020563441137,354.96379164792694,353.0498807397779,352.26087478486295,350.3602771997838,348.4044996008992,48.14436694767889,47.553205339213676,47.10923561280559,46.48619710778382,46.4155189898892,46.60274078838005,47.01635353860687,48.180860460735296,49.03719921724634,50.7538345829584,52.24187401158494,54.01209004103594,50.0,270.0,0.366977778440511,2.214355247456318
2021-06-07 17:00:00-07:00,230.4573183333333,156.30223333333333,0.3136108490219496,16.5,234.62251462200655,23.295294688012344,70.13243322211196,283.67422106299887,0.0,85.67063236031527,437.35890336454906,1.0,85.67063236031527,85.74823361940057,2.857142857142857,26.837751277777777,1.8471609883333333,421.206418946756,419.7760515304928,418.37844927445246,415.2466756415334,413.7113408938387,412.2230549812265,411.5589836475703,410.0470333335083,408.50253861123986,407.7917064195389,406.1962313195925,404.5836605010231,39.81663438438784,38.54797025198152,37.2657699779352,35.83722571597525,34.49279419610715,33.093953376382494,32.26088831804814,31.421457384251713,30.495010094839174,29.674561591785192,28.863749823234393,28.185174006810048,50.0,270.0,0.366977778440511,2.214355247456318
2021-06-07 18:00:00-07:00,84.91291351666668,71.51955333333333,0.288978505535834,17.5,84.6746518261011,63.727445191552555,81.08757712872212,292.3805624654667,6.994405055138481e-16,38.65319165466893,131.3575897492058,1.0,38.65319165466893,25.34957521651597,2.857142857142857,24.92861211111111,1.5470137333333334,122.62246617658286,122.50973161064609,122.50834415900013,122.37052660601671,122.2435143721037,122.25309152200398,122.08610478086105,121.94285618832683,121.7708596067211,121.59839249466336,121.39909775523566,121.21337762332462,10.71577866816735,10.440330714607962,10.281200263143477,10.024513515666074,9.872855166405609,9.660458756572872,9.56833213570605,9.509100194694922,9.420420262947982,9.485573760327952,9.57724141895489,9.689527707346812,18.911802006769875,270.0,0.5879438551726716,1.9111242401511959
2021-06-07 19:00:00-07:00,8.107898333333333,7.017125283333333,0.2854533079292168,18.5,7.224614021671497,85.80696428253029,88.53358706662452,298.9408348346439,0.0,4.49303237512409,7.60476078088883,1.0,4.49303237512409,0.005189472332865078,2.857142857142857,23.51487983333333,2.2495068166666665,6.839088867504376,6.840648687597729,6.840648687597729,6.840648687597729,6.840648687597729,6.840648687597729,6.840648687597729,6.840648687597729,6.84154196264628,6.84154196264628,6.84154196264628,6.84154196264628,1.1229821469881183,1.0988008229249617,1.0788118441250223,1.063747615403911,1.0539723243824537,1.0505578124391053,1.0529354102829667,1.0608830506315998,1.0739259987805632,1.0914295216895193,1.1125833488914019,1.1383141443195497,3.116655755572706,269.9999950216869,0.7228154584584056,1.8586219495977556
2021-06-08 04:00:00-07:00,50.89921666666667,5.789258950000001,0.2384524114157951,3.5,7.028990480472143,86.00954629773702,88.60433196999746,60.9449604087519,0.0,3.70645243667517,9.327463021781547,1.0,3.70645243667517,0.0038858564662809987,2.857142857142857,15.394820888888889,1.045962157666667,6.6680397972278564,6.6680397972278564,6.6680397972278564,6.6680397972278564,6.6680397972278564,6.6680397972278564,6.667972630674796,6.668790013143453,6.668790013143453,6.668790013143453,6.668790013143453,6.668790013143453,0.7739193863590588,0.7572678101774525,0.7434914275706792,0.7330991339338423,0.7264663850177238,0.7236527483759394,0.7256692256093774,0.7311376289732351,0.7401333034739276,0.7522189733916074,0.766839145747602,0.7833785140243112,2.9691615384078105,90.00000688334319,0.7241007731868292,1.8584852981157802
2021-06-08 05:00:00-07:00,485.06445,37.241925,0.3229873548915059,4.5,113.25401560579422,63.401930647026425,80.98429804246803,67.65274251585737,0.0,16.021607257920017,281.3110767569999,1.0,16.021607257920017,39.041955859371555,2.857142857142857,17.203707333333334,1.5505547366666663,257.31926926472636,257.39494726307265,257.4775554259696,257.5480211595928,258.1282601265401,258.67953931358363,258.67121642637414,259.1933111236179,259.67672495389445,260.2075028358189,260.14042332407445,260.565989005982,4.69052381888975,4.885330997765169,4.830829091149239,4.8124590427813905,5.125359038372051,5.145817810403573,5.312320569340628,5.590946271650745,5.660338278633963,6.101233416130689,6.1743703933182985,6.650333035795911,19.152726341306778,90.00000190909591,0.5859563260531779,1.9124954667626608
2021-06-08 06:00:00-07:00,734.04615,59.95085166666667,0.3496037887680215,5.5,310.7326367944718,23.188748358815875,70.02298916558176,76.34733121404075,0.0,37.77068347065815,803.1089566700562,1.0,37.77068347065815,108.36394731783915,2.857142857142857,21.483961,1.57866144,766.5909212706164,767.0678687450705,767.5474523474871,767.7853552036528,768.2235468068509,768.6736911579512,768.8814222641004,769.3164249867831,771.7842174856079,776.6554031135871,778.8573214294569,781.1693520891911,11.878211359106277,12.678061857681335,13.448754265642298,14.219840071478044,14.872794343341662,15.407425074559823,15.839496179962206,17.975386319261066,19.99127264496441,22.061686012109295,23.99309204155055,25.94025976599129,50.0,90.0,0.366977778440511,2.214355247456318
2021-06-08 07:00:00-07:00,832.1901,77.45123666666667,0.3267203687113141,6.5,510.3897777302451,9.529906440921035,58.651651348274875,85.0684318818386,0.0,186.45865616330298,973.6727213507987,1.0,186.45865616330298,160.00096113286915,2.4958588982707886,23.83678122222222,1.3015545233333334,926.8206052330825,927.39644130919,927.840182217136,927.8771650584112,928.5498270079365,929.1995342947899,929.1329522006827,929.2785536547451,932.0450375475497,938.1329104119843,941.0707533924635,943.9520279682229,93.07102896663913,84.92108288971039,77.13809094398303,68.43885246530262,62.22902435351675,55.04848142751574,50.42868913101803,48.48089507171282,47.56664087416651,48.38479042006526,48.98080735313501,50.22473239416979,50.0,90.0,0.366977778440511,2.214355247456318
2021-06-08 08:00:00-07:00,903.2091333333334,85.58181333333333,0.294915948795987,7.5,700.0626582914304,3.4176312316569244,47.130514415355336,94.66551971930517,0.0,345.7811702017789,1044.8835287123916,1.0,345.7811702017789,195.96373257390417,1.8796825317556365,24.364447277777774,1.4254405633333334,1002.5515269497718,1002.3653956675996,1002.0558478363748,1001.9600432224555,1001.8481967590895,1002.0801652933292,1001.5800177552097,1001.4936433979833,1003.7110513639095,1009.0848945653051,1012.0541986883388,1014.493673794802,102.93340186614465,91.03494912725235,80.67214644418237,70.85169553358455,65.18049597627463,59.76470187399775,56.37571574540854,55.36353188300403,56.69395014994644,58.57598842032022,61.15749773344181,64.26609688683699,47.03568378824866,90.0,0.38411084597233225,2.1756001161062657
2021-06-08 09:00:00-07:00,953.5187166666668,85.67546,0.2655974696241688,8.5,858.9896322505346,9.68267052475906,35.8051727771937,106.70782026519964,0.0,493.99691195317246,1061.2172328285499,1.0,493.99691195317246,221.80774723807443,1.5372773771451875,25.770431055555555,1.710380825,1033.7994053127036,1033.6237826794222,1033.6441847097212,1033.8308217634085,1033.9764557046337,1033.5844130218668,1033.351894073726,1035.8080667942468,1037.3879293120722,1038.768666293007,1042.350302651308,1043.6835358497208,117.63902554486415,104.87670152306676,93.49437232919767,84.61058100171017,78.55593763174461,74.004970387734,72.40969507936543,73.63181228340818,74.60911208976495,76.92287196133765,79.65154254069378,83.41659316003073,34.6408483529248,90.0,0.4657847769522445,2.034411535293702
2021-06-08 10:00:00-07:00,970.6429,89.92997833333334,0.2447634749712701,9.5,966.7903651785792,14.176908668319546,25.393889332076473,124.82808241436459,0.0,610.208135787847,1046.713354233011,1.0,610.208135787847,235.41778501487516,1.29475160677672,27.165737944444444,1.91278578,1033.2447384801355,1033.0056194663807,1033.1445597794875,1033.029302003201,1033.0892587712653,1033.9818604071907,1035.0398563234126,1035.9909708510559,1036.7701678161034,1036.759233790731,1037.3854908320866,1038.3715966232728,127.31579491830021,116.39701207006371,105.6434255838525,97.71187798396122,92.5586387382285,89.43665554063321,87.72551005256328,89.18508366478483,91.13710432225187,95.11315108950758,99.95773766783243,106.38226650592304,21.289378397741977,90.00000085377364,0.5684607472434754,1.9253843053525284
2021-06-08 11:00:00-07:00,970.0259666666666,96.55242166666667,0.2336423815687602,10.5,1019.1938872957577,16.53258453331631,17.982416337693426,157.1800370216447,0.0,662.1878147850196,1029.2848817453435,1.0,662.1878147850196,238.95485754161305,1.0944440848835961,28.41326627777778,2.229482548333333,1025.1252969997845,1025.3905321185093,1025.3886693597349,1025.7276403195256,1025.5559181861622,1025.556766961843,1025.8918688314616,1025.7442340200566,1025.7430283176134,1025.7422171132166,1026.0296303369964,1025.8481948619597,125.82324758492526,115.10866511613563,106.7368946140715,100.03628065379196,95.40143079678512,92.66537814832448,92.5102190124946,94.48904544970924,98.62526671781721,104.20790627376587,111.12155883579146,119.36601577549075,7.174893833338109,90.00000381819183,0.6875507542516177,1.8649733318993973
2021-06-08 12:00:00-07:00,951.6487666666668,107.97515,0.2316602099553058,11.5,1013.0612699131681,16.52422397778505,17.997202146531635,202.99440459032806,0.0,658.1675584129556,1023.2050575947386,1.0,658.1675584129556,235.57580843739137,1.0952113632811233,29.45929205555556,2.6598739666666664,1019.4840860336973,1019.7130146769956,1019.3720494993311,1019.3729184983276,1019.3740541183723,1019.5211759793982,1019.1803841056212,1019.1797210432172,1019.3489137967459,1019.0040538430654,1019.0059163099475,1018.7319427014627,117.74091048786569,109.66237908578184,102.8727183007059,97.39136407886254,93.3276488718762,91.3732893609536,91.51492319347231,94.19156615849379,98.73483295759215,105.30893467230788,113.60529718872179,124.04188615851704,7.2325133503287224,270.0,0.6870518981313185,1.8650994377883814
2021-06-08 13:00:00-07:00,893.46825,130.35918333333333,0.2398162514892337,12.5,937.2971172834755,14.152619358840274,25.424428300007552,235.28338303299947,0.0,592.1776471095492,1013.2254100433951,1.0,592.1776471095492,224.95696489939377,1.2955749055614096,29.95164061111111,2.83317769,1004.2779831481388,1003.2285483185574,1002.4848477470186,1002.4544255569717,1001.5978569767872,1000.5296980054908,999.353914039632,998.320386213228,998.185834200754,998.2178840049703,997.9972746681758,998.1375568664099,102.67578446339428,96.51793533804538,91.96503343161956,88.10086237113859,86.24317605334818,84.72853707381663,86.27705658504091,89.08750100255286,93.80769104557064,101.105444976393,111.07525625684914,121.2487737042961,21.342269439886156,270.0,0.5680307608587016,1.92571986836421
2021-06-08 14:00:00-07:00,893.60225,131.27765,0.2565689594906392,13.5,855.6884904789845,9.64448640237291,35.83917973627278,253.37343151543394,0.0,494.62696875605747,1050.6133860439556,1.0,494.62696875605747,217.28063957776902,1.5382527603644145,30.71677094444444,2.6381582433333337,1032.7439251998521,1031.0973894987414,1026.998804577797,1025.285651765445,1023.3804582081397,1020.4723791253289,1020.5468406004838,1020.7799341921756,1020.3379392337108,1020.0067657319751,1019.6597075174105,1019.6748646299607,84.75984828502685,80.83304986935516,77.8896423113241,75.46592341451516,74.15405130699243,72.62214200740178,73.9479405245675,77.94530184109207,83.46971376105688,91.66770634812032,102.31167870164147,114.1809717605886,34.68575097558991,270.0,0.46546247756942866,2.0348572660516058
2021-06-08 15:00:00-07:00,779.1051,160.57048333333333,0.280585586140817,14.5,690.2935920687125,3.368081851278155,47.16321294743771,265.4046385128153,0.0,345.0960217131006,1024.6534522013476,1.0,345.0960217131006,196.10126479512405,1.8809468002142997,30.939383555555555,2.8348557333333333,994.0824669863207,990.2264545266966,985.8396310346967,977.5160223193213,973.7546619931294,973.5282508720044,973.8415158150403,973.3194763776594,973.265118785072,973.0327317396317,972.9808903019932,972.8078921597763,71.33504499714903,66.95207913490609,63.07335498631525,59.85759184311508,57.151037196060486,56.6235913412539,59.555595913376806,64.33962479405125,69.34952249728084,78.16370433608353,87.5859114579176,98.3214550633804,47.071224012814405,270.0,0.3838995379619275,2.1760541648405702
2021-06-08 16:00:00-07:00,291.7589081,130.31363166666668,0.2884224733502918,15.5,281.9732834837088,9.579138747211243,58.68038814494642,274.9986621712656,0.0,121.6018319361542,483.88022058513684,1.0,121.6018319361542,94.25870304718077,2.4977637788189297,29.20089405555556,2.2827288,466.90089752391395,464.1443424538085,461.3405783098224,455.51580386872877,452.70511559456844,451.8588114259233,451.53064143877475,450.47653598846847,449.3905758603573,449.0011427467931,447.9840300182806,446.90331037084604,42.143056479845875,40.085883551788534,38.29727940376461,36.40045152555428,35.23557179886219,34.493047869688986,35.90711692974267,38.33276631728494,40.366118217324214,43.451414739541086,46.18749804027938,49.147658541218966,50.0,270.0,0.366977778440511,2.214355247456318
2021-06-08 17:00:00-07:00,393.74793665,119.04834833333332,0.3299121161495737,16.5,253.4241717741911,23.238174236829256,70.04550496337676,283.7207740305024,0.0,63.35155876276271,558.45861166663,1.0,63.35155876276271,92.92923015864146,2.857142857142857,28.74852705555556,1.7576218516666666,540.505999287771,538.4159241801365,536.3800420041628,531.9269159152459,529.6988609886864,528.6722282297582,528.2125584859726,527.1675104082249,526.1062859459678,525.6082024330576,524.5035841720638,523.3888234342672,34.767325959203816,32.91923916874269,31.080775394159648,29.110778351049113,27.225978905803228,25.274326465303968,24.641905143911497,23.972385882808947,23.209365276550994,22.477294968291503,21.747466222138442,21.09226686385049,50.0,270.0,0.366977778440511,2.214355247456318
2021-06-08 18:00:00-07:00,235.22930333333332,55.982283333333335,0.2673039619605505,17.5,92.7876886740905,63.44568770205463,80.998166419845,292.41889023528415,0.0,27.034281880786185,190.0698768323674,1.0,27.034281880786185,27.291851581239055,2.857142857142857,27.50394344444444,1.77283495,176.71079169622996,176.35194068908714,176.3425048295759,175.95597653248944,175.54860385526064,175.1032852920618,175.1149045590896,174.64493642137293,174.1502770338245,174.02873456564933,173.8891661028037,173.75816737073802,8.268556783574336,7.822805112422274,7.71891216619683,7.3059617336458045,7.207389285872609,6.966506721466522,6.772683286617993,6.742680432822451,6.476616859630106,6.5023595047727225,6.57714304531638,6.460324065600779,19.13051882779813,270.0,0.586139408309344,1.9123683729599108
2021-06-08 19:00:00-07:00,5.981440633333333,7.107858866666666,0.2652175275027378,18.5,7.270477478202306,85.54490693645752,88.4420963316615,298.97286477877043,7.771561172376094e-17,4.551778139213845,7.566544720398149,1.0,4.551778139213845,0.0059387628935123555,2.857142857142857,24.917426,1.6407640316666667,6.890178616353532,6.890270360046707,6.889266805139684,6.889266805139684,6.889266805139684,6.889266805139684,6.889266805139684,6.889266805139684,6.889266805139684,6.887686816093846,6.887686816093846,6.887686816093846,1.071335550365289,1.0487458298849082,1.0286563790062988,1.0109594685316492,0.9986988404832237,0.9912069088431249,0.9889328893413544,0.9921058468490637,1.000709570467708,1.0144981105026363,1.034693611073468,1.0569862811033404,3.312778172066528,270.0,0.7211066615544554,1.8588139033536342
2021-06-09 04:00:00-07:00,53.23225981666667,6.080864399999999,0.2467217874106065,3.5,7.399568798789089,85.94126758063332,88.58048621616587,60.85322843823786,0.0,3.893291267611565,9.844361080996457,1.0,3.893291267611565,0.004230167029900751,2.857142857142857,16.628601777777778,2.9125323833333336,7.035721488083031,7.037073188970943,7.037073188970943,7.037073188970943,7.037073188970943,7.037073188970943,7.037073188970943,7.037858743994847,7.037858743994847,7.037858743994847,7.037858743994847,7.037858743994847,0.8411045198290613,0.8230022077725414,0.8080302622920923,0.7967400001194055,0.7895385414882781,0.7869033801524987,0.7886699129636177,0.7946168040630733,0.8043908163275373,0.817516600849862,0.8333892602665501,0.8527229568638016,3.0227330310139524,90.0,0.7236339127005482,1.8585341661321737
2021-06-09 05:00:00-07:00,513.7700166666667,37.568713333333335,0.3269300791794796,4.5,118.23631756882189,63.34589842737328,80.96654687921082,67.55867081240092,0.0,16.19590725129188,295.12935489888713,1.0,16.19590725129188,41.085499129360436,2.857142857142857,16.4062305,1.6704826866666669,270.1615715583491,270.23790472977174,270.32142591744696,270.3925250215522,270.97580918030167,271.5082739967832,271.5215207169425,272.0463504463205,272.5321580163388,273.06537864707155,272.99836971825715,273.4260248437258,4.792258237042145,4.986463290110667,4.930618211506641,4.911865366407864,5.2263754387736485,5.247313505170804,5.409273221809945,5.696587240584926,5.767401568630101,6.21166236102935,6.286400647999393,6.766178009685956,19.20946128929992,90.0,0.5854887061311363,1.9128208057438816
2021-06-09 06:00:00-07:00,775.1437833333333,55.10078166666666,0.3518326412300881,5.5,320.07018702092887,23.22162220977709,70.01143538964695,76.24768025047611,0.0,38.743337403331736,834.7622234646013,1.0,38.743337403331736,110.41152744000713,2.857142857142857,20.465936555555555,1.14542046,798.6879253963119,799.1112511242841,799.5331978080185,799.7601735770476,800.1338257228638,800.5383696032346,800.728750937881,801.1110773282783,803.4622220711427,808.0758171263759,810.1447151607802,812.3419844915101,11.914831312335693,12.90683829686609,13.84143357127763,14.752417912483553,15.486120645561192,16.07051325335543,16.502657032392793,18.521847786339315,20.38643601151282,22.282445138595993,24.028109956855918,25.769819996994485,50.0,90.0,0.366977778440511,2.214355247456318
2021-06-09 07:00:00-07:00,900.0845333333333,61.47802833333333,0.329618897621531,6.5,529.8448982929287,9.56027019098219,58.64368064143395,84.95859688669066,0.0,193.09235407842104,1009.0801327863733,1.0,193.09235407842104,163.965801856312,2.4949689890222544,23.256621777777777,1.224975935,963.5559399307883,964.1345024039133,964.5747143739754,964.6020335564199,965.2832805385937,965.9411123444311,965.8603084655025,965.9891069110106,968.2960423459867,973.5149271512499,976.0262311309584,978.4867157849922,97.35712131201421,88.79135436496763,80.60857818978059,71.4632991519778,64.92998300376789,57.377595369853516,52.51408063764318,49.96651097494609,48.494812820200295,48.83190887197487,48.927562065765585,49.69444650447727,50.0,90.0,0.366977778440511,2.214355247456318
2021-06-09 08:00:00-07:00,961.32625,66.30091333333333,0.2978737554305752,7.5,720.4152992015329,3.3237570862495733,47.12281395995981,94.53781024537345,0.0,353.26135531611584,1081.0696727216155,1.0,353.26135531611584,199.07185872825704,1.8795909892586389,24.74719211111111,1.3193168183333337,1041.5650361529667,1041.1708867790096,1040.649801413539,1040.3610256982477,1040.1552921883058,1040.2184033008205,1039.6083856811765,1039.3401995805661,1041.1112743702965,1045.6596956543665,1048.2390581632128,1050.2811335285003,105.98933615928968,93.34899268214444,82.3806124470815,71.91812858973476,65.83071032398793,60.013235761519034,56.33697241762982,54.78116461229882,55.68692690697863,57.177993034386304,59.40193360777672,62.176869796998936,47.03310807444614,90.0,0.3841261656121545,2.1755672199305653
2021-06-09 09:00:00-07:00,994.6371666666666,70.27712166666667,0.2683771358176438,8.5,877.0678572540781,9.589470043601402,35.79246420218906,106.5491419746789,0.0,503.48320905681,1085.3751868350378,1.0,503.48320905681,226.63543012638584,1.5374865712617438,27.17030094444444,1.5145224483333333,1059.512767969488,1059.2738084142748,1059.1809319700933,1059.3157121072504,1059.3586434385059,1058.9013497748829,1058.6112615273728,1060.8056894857941,1062.153055472496,1063.3018217796093,1066.4803197057504,1067.5956108533978,121.03401139342951,107.71365796281432,95.85173577609501,86.55098416161098,80.19376992391881,75.25549333015611,73.53440021642321,74.54980260471804,75.30767260485926,77.51986738935692,80.10102470885337,83.75264961151616,34.65048429303961,90.0,0.46571559795520817,2.0345071449250245
2021-06-09 10:00:00-07:00,957.5218,87.97848666666667,0.2476995172333386,9.5,953.1867313167321,14.086453615639934,25.36579910184318,124.62012038461285,0.0,601.6127478266794,1032.3275005251176,1.0,601.6127478266794,234.81113396384487,1.2951286824400277,28.24233255555556,1.696482905,1018.9749011629123,1018.7324171081476,1018.8691841862066,1018.7499864795606,1018.8059169628364,1019.6887924926979,1020.7332229159505,1021.6721789733687,1022.4444933335642,1022.4306744827145,1023.0472733169328,1024.0237450097775,127.01995151229471,116.12163768171325,105.38338892222708,97.46702106758569,92.31910992978267,89.19944540324401,87.49533317251226,88.94047059688046,90.88908244768494,94.84547671920038,99.68441621632795,106.08849388541685,21.313609110607143,90.0,0.5682637404730071,1.9255379366467544
2021-06-09 11:00:00-07:00,1013.5421666666666,79.61591666666666,0.2353134907459606,10.5,1043.9862633456855,16.447604084156385,17.920350517604973,156.9543143043894,0.0,678.3570932295921,1054.3941984548458,1.0,678.3570932295921,246.32709895742573,1.094976578659926,29.17871538888889,2.233492728333333,1050.6744262783725,1050.9175650615957,1050.915606310317,1051.2328211592628,1051.062284030497,1051.0630405405877,1051.376044349191,1051.2347103954544,1051.2334959881387,1051.2326040953546,1051.5457872901243,1051.3245480347803,129.72162716420087,118.67239499563021,109.89560651811091,102.9366429644602,98.12391496560656,95.28267762343003,95.1212547431578,97.17549354033159,101.44476646916122,107.23171377129745,114.40280021122945,122.94215037217681,7.214884091192154,90.0,0.6872045213422949,1.8650607479197352
2021-06-09 12:00:00-07:00,1006.6823666666668,82.54260500000001,0.2324309873890675,11.5,1040.4650527893905,16.447460378042305,17.905713468116378,202.94012482669976,0.0,676.0582183545079,1050.7377772699163,1.0,676.0582183545079,242.54278401761331,1.094482117768465,29.95059133333333,2.467958955,1046.9618854922182,1047.209453334344,1047.207550128352,1047.5292668153043,1047.3588515467654,1047.359709467265,1047.6774646020635,1047.5345777858613,1047.5333505620156,1047.5325208451547,1047.801850881901,1047.6275654438853,127.72046500905583,116.78290161595773,108.22814901668839,101.38477687862039,96.65010833749717,93.85302433816159,93.69037466697007,95.70595457922568,99.91307176933155,105.60669451000555,112.65982068757533,121.0703842591476,7.177750345247959,269.9999963777452,0.6875260217565302,1.864979560013933
2021-06-09 13:00:00-07:00,993.2266166666668,82.58904166666666,0.239716051635056,12.5,980.2932023525163,14.085990389253798,25.334357483148352,235.33530946713617,0.0,618.617115023615,1061.2164586256545,1.0,618.617115023615,233.5089667508478,1.2945386991395433,30.52573744444444,2.253901888333333,1048.267022885711,1048.016822075092,1048.1412409025068,1048.0156662270492,1048.0638757915476,1048.9078740096127,1049.9199268552986,1050.8271852427856,1051.5681563410615,1051.5543267800376,1052.1424646152595,1053.0900020702004,126.37824986474062,115.49682891917794,104.77230714413375,96.8447895339238,91.69461056341547,88.5596423566069,86.844916072103,88.26652436563553,90.20437627230201,94.1328359719355,98.9527121239227,105.31773482184187,21.27569257928594,269.99999914622634,0.568572033553122,1.925297606061004
2021-06-09 14:00:00-07:00,963.1319,83.09068666666667,0.2558344307402986,13.5,864.7007794625367,9.588580610928535,35.75434737958984,253.43670506583808,0.0,497.1105969199771,1067.412552476755,1.0,497.1105969199771,215.23322872852083,1.536628441222465,31.03894533333333,2.1542171666666667,1040.717280250747,1040.5503312183644,1040.565597643691,1040.750216718207,1040.890182610369,1040.5111970784994,1040.281674307746,1042.6880331072236,1044.2488804913792,1045.6120801168963,1049.1349778497988,1050.450251117166,114.05710484129604,101.65999975768082,90.6050024426004,81.97818092268642,76.09198700340465,71.68584215202493,70.12709917002374,71.33511420626928,72.30214576416374,74.56583014040004,77.23642449197587,80.91371766985645,34.61093759264442,269.9999987925817,0.4659995655139477,2.0341149032755936
2021-06-09 15:00:00-07:00,918.3139833333332,81.19886,0.28019172027222,14.5,706.5409362210047,3.322242157302967,47.080698339987485,265.4611644145637,0.0,348.3596291705373,1053.4156515933532,1.0,348.3596291705373,188.06578777796824,1.8780939868772193,31.300607222222222,2.136619688333333,1024.2996720707968,1021.4683666813614,1019.0431160507135,1013.8235160992778,1011.6607201603532,1012.0643656264299,1012.2352168895276,1012.0133708228454,1012.1297871021035,1012.2228076373951,1012.5280067232538,1012.718363338965,61.49091566318773,58.469458727417276,55.95744522948104,54.12029929033717,52.82951882151288,53.78215544912569,58.0982972373908,62.26775674204275,67.74280627970293,77.19966010174848,86.99006089047218,98.63695174689941,46.99094237302851,270.0,0.38437706075573663,2.1750288892507292
2021-06-09 16:00:00-07:00,843.5821333333333,83.467395,0.3121574571022524,15.5,523.0074624610213,9.52035592572842,58.597958870287265,275.0467802444049,0.0,192.1254616999477,991.9979744923111,1.0,192.1254616999477,158.50896112983767,2.4916318128984165,30.96996505555556,2.049305573333333,962.6032977768417,959.5862864089657,956.5109711102057,950.1406597835397,947.2226870491261,947.0137817198711,947.0472846347011,946.3465238309315,945.6216132326209,945.5525541949116,945.048580026955,944.414989936043,50.94533150972665,49.52978037033201,48.74755676912947,47.75036173397122,48.44369185772594,50.14584703290852,54.609525368095774,61.565310332773045,67.57642005151945,76.01444424937775,83.56212290015252,91.4720134381657,50.0,270.0,0.366977778440511,2.214355247456318
2021-06-09 17:00:00-07:00,720.5415166666667,65.08803333333334,0.3410534085626762,16.5,311.9794222614473,23.181365112638606,69.96177410105754,283.7610219293426,0.0,43.14983994360001,796.8709273846623,1.0,43.14983994360001,107.76366117799401,2.857142857142857,30.081827333333333,2.1422504900000003,775.2268809227182,772.8093174609592,770.5031276238161,765.4248745306868,762.8421696374292,762.3554211993388,762.1208910312778,761.6119969105188,761.1273062196514,760.8556129342915,760.3233171997214,759.7876606662636,28.259268408118814,26.276261949529452,24.294438528350057,22.171492772006733,20.091056505500493,17.874668647536858,17.412382241518614,16.81461201201961,16.07632158043953,15.192838962423268,14.28827051321294,13.34688171367906,50.0,270.0,0.366977778440511,2.214355247456318
2021-06-09 18:00:00-07:00,244.8513247,36.53235,0.2405247935065158,17.5,75.20554687229514,63.17459618650829,80.91232666235092,292.4514112913195,0.0,16.799474763397683,168.90364646360587,1.0,16.799474763397683,20.14087219472013,2.857142857142857,28.383480777777777,2.00014183,154.6099600748683,154.795685073121,154.87416131839896,154.95821788503685,155.29538265299877,155.70338544964585,155.7392287111296,156.10613839707315,156.45176505082526,156.7910351279144,156.77132363797136,157.11675706283378,3.729541512285969,3.8186902866092987,3.777322306367497,3.8354984057947736,3.9834087995766,4.0009902069698615,4.128715066865843,4.31968235065737,4.491051488977675,4.693257096483043,4.885849251995408,5.091173647110742,19.34076704167826,269.9999987925817,0.5844070792997091,1.913577311748268
2021-06-09 19:00:00-07:00,0.1439395666666666,8.440781066666666,0.2890532059536113,18.5,8.444914280774787,85.2940129219561,88.35452970945647,298.99937915540204,0.0,5.406133256761683,8.444715790362,1.0,5.406133256761683,0.00787443767547699,2.857142857142857,25.49399183333333,0.8448834221666667,7.980755216162865,7.980755216162865,7.980755216162865,7.980755216162865,7.982631497315012,7.982631497315012,7.982631497315012,7.982631497315012,7.982631497315012,7.982631497315012,7.982631497315012,7.982631497315012,1.3661066499837924,1.3369438370633413,1.3130217052345352,1.295200718249643,1.284110312573682,1.280055629285139,1.2830408331025023,1.292748258675051,1.3098122210438525,1.3314209900128657,1.3573208264929677,1.3864452236894587,3.500573786916925,269.9999960875176,0.7194707323381532,1.8590086701398645
2021-06-10 04:00:00-07:00,9.774380983333334,5.2933607333333335,0.2737145677531843,3.5,5.538672521309463,85.88796663715755,88.56187250236879,60.765806919524096,0.0,3.389190325956704,5.990465278458953,1.0,3.389190325956704,0.003786266919224294,2.857142857142857,15.540769666666668,1.1284808666666668,5.2443932421099495,5.245569890680387,5.245569890680387,5.245569890680387,5.245569890680387,5.245569890680387,5.245569890680387,5.245569890680387,5.2462467579161585,5.2462467579161585,5.2462467579161585,5.2462467579161585,0.8122735541052492,0.7947874790476808,0.7803287115915174,0.7694284774471947,0.7623700014670324,0.7598922928365252,0.7616044574199736,0.7673502911212421,0.7767872211350965,0.7894565522028699,0.8047726223631236,0.8234122410400649,3.065102294049212,90.0,0.7232646927971196,1.8585734337199935
2021-06-10 05:00:00-07:00,95.87834783333332,41.369845000000005,0.3219579088866956,4.5,56.44494781921018,63.30551234958323,80.95375720318515,67.46929048851008,0.0,22.072102055018753,99.12650060833528,1.0,22.072102055018753,19.438108954918928,2.857142857142857,15.002242055555554,1.0769526766666668,90.83692091100676,90.9411590682943,91.05502078545811,91.152083314061,91.40478573571858,91.56101606562247,91.63362642618594,91.86135768676928,92.06376029566044,92.22102054176831,92.26702645711683,92.41320892146858,6.176322477349197,6.1973285312836035,6.122346595803151,6.097107695903958,6.231363896808201,6.259504470148518,6.397774366997898,6.5475778904760125,6.642406968041691,6.896717541475198,6.99686661690959,7.271892791710009,19.253784338938363,90.00000120741828,0.5851234995779783,1.9130756146043035
2021-06-10 06:00:00-07:00,616.6807066666667,61.57488333333333,0.3461693613760131,5.5,272.4459684225714,23.256608142174883,70.00456178161761,76.15328781291294,0.0,36.89370580716246,699.4522720294221,1.0,36.89370580716246,95.0421311069539,2.857142857142857,18.424568555555556,0.8753274633333333,666.987586108112,667.4366419447499,667.883116467806,668.1127273426923,668.5174490155335,668.9444744302632,669.1416659014424,669.5494107493479,671.7994737651874,676.2222661800267,678.2281043712836,680.3339283150564,11.4877454531894,12.319726345661376,13.116436170421444,13.894086972403425,14.539824049328164,15.060733089043513,15.460412300472282,17.39104505026536,19.199900783111772,21.044922437165145,22.764788599677296,24.485199459814442,50.0,90.0,0.366977778440511,2.214355247456318
2021-06-10 07:00:00-07:00,632.7582883333333,199.65723333333327,0.3260478157826931,6.5,528.9509957039169,9.593381579949208,58.64024021067696,84.85474533105487,0.0,221.88215604338265,917.9091409322382,1.0,221.88215604338265,178.22303876681949,2.494419564653422,23.697603555555556,0.8914780199999999,860.1440242496689,861.8974088137477,863.5194734977875,864.0903737163258,865.8809797773281,867.6164858286628,868.0673207734808,869.3552322207124,872.4027427859736,879.0488060215384,882.2117784990994,885.3158934610049,101.42452825761575,94.68442132312649,88.40044916245024,81.33101482172066,76.55779049805354,70.91383079938399,67.50927165484967,66.46150149909755,66.30156174193515,67.70470636949626,68.83385359028946,70.51280375105176,50.0,90.0,0.366977778440511,2.214355247456318
2021-06-10 08:00:00-07:00,506.3958366666666,326.87831666666665,0.3001520878475134,7.5,671.4650857474164,3.235243534261259,47.11968124545002,94.41707775697449,0.0,359.78529566771675,917.6571715127758,1.0,359.78529566771675,214.12679969427444,1.879647202555092,24.408488777777777,1.415554413333333,854.8531904071592,856.7683762361808,858.5532270499996,860.441303277528,861.2605473949709,863.3482641635647,863.8019854117609,865.583331040884,868.8514102962855,876.1812463769178,880.1068844050716,883.4415569590137,110.85667303666521,102.21493424299052,94.27060013454751,87.45747950599498,84.00202798236107,80.75164920760668,79.09683033225501,79.75112754106478,82.30647501156936,85.18665772071955,88.59978367702936,92.41171071144669,47.034689774664464,90.0,0.3841167580051056,2.1755874207261106
2021-06-10 09:00:00-07:00,227.89339,395.68986666666666,0.2838715599768114,8.5,580.5616298629539,9.502115444304202,35.784661895918326,106.39872850031975,0.0,356.36522654843685,647.645498608314,1.0,356.36522654843685,176.1517244130953,1.5377713491534044,25.72696883333333,1.3585143083333333,606.6026135149797,607.7835684455249,610.4781610262819,611.922894091953,614.5257112017562,615.4570484325693,616.4870854782918,619.9153521915139,621.500267385743,622.9745145737759,625.4077914138452,626.8134296030397,92.85201398138683,87.53937132906054,82.37887666791497,79.33984791387222,77.7616827663512,75.8953807865701,76.4602011404422,78.2815719764777,79.89490107194987,81.20439698084226,83.45830846226943,86.24703988202408,34.66359695489184,90.0,0.4656214715571082,2.0346372886251594
2021-06-10 10:00:00-07:00,944.2918166666666,160.05305,0.2561249567348865,9.5,1013.4644920173469,14.002293351822422,25.343454962918017,124.42114670311639,0.0,640.578726648031,1093.9301237446477,1.0,640.578726648031,258.45570855729795,1.29554598306626,27.974019722222224,2.104463681666666,1077.6104204569356,1077.4710465604471,1077.7479415650541,1077.731054454138,1077.9072229419446,1078.847353506355,1079.9642154121989,1080.9686609521586,1081.6734366168755,1081.774091039957,1082.4264964393462,1083.3547122684333,139.9430756188424,128.29663892277958,116.8866709022203,108.41301503533992,103.01295728753563,99.68343097055367,97.9278619160217,99.52831464449099,101.67237866772805,105.94843852008069,111.17475792115528,118.06255566010061,21.34041222882433,90.0,0.5680458567352831,1.9257080719886783
2021-06-10 11:00:00-07:00,974.2740333333334,117.17621666666668,0.2394864463254468,10.5,1044.471769224499,16.369246133825193,17.86517554817408,156.73174753711896,0.0,678.5565439163172,1054.9317357046195,1.0,678.5565439163172,250.97070100049396,1.0955284980925075,30.754980944444448,3.210996633333333,1050.1806937195342,1050.45686022375,1050.4548642666693,1050.797712948126,1050.62863745224,1050.6292678982388,1050.9676700960395,1050.8244015198063,1050.8232145628706,1050.8222581477971,1051.1608483663097,1050.9326524464998,132.21662007883162,121.10804123929287,112.28370124905437,105.29140494611202,100.46142805074444,97.61825169527228,97.47251701191216,99.55701457084942,103.87259988291598,109.70368164557124,116.92792029893644,125.51530775974197,7.256323576622366,90.0,0.6868457733960092,1.8651518417358592
2021-06-10 12:00:00-07:00,866.0652666666666,190.30838333333332,0.2440411848754182,11.5,1014.8205631110691,16.37746107407757,17.820335180976215,202.87558308875393,0.0,659.2497744786068,1026.3466592481595,1.0,659.2497744786068,250.2215147924517,1.0937501605500126,30.601613222222223,3.494358366666667,1020.3500476828609,1020.8755026054241,1020.8736162577027,1021.2579218043176,1021.2601884240105,1021.2612225347384,1021.6351211143224,1021.6338328960899,1021.6325435395964,1021.6317717310062,1021.8856637390338,1021.8859798046387,131.0946179588226,120.85904746802014,111.5254989939624,104.63845729364121,99.86965900041338,97.30362273200184,96.89840279570392,98.93772211614326,102.90363261860088,109.08599505102943,116.21379433363775,124.72931422032003,7.122770353202613,269.99999758516344,0.6880020814093148,1.8648601190275098
2021-06-10 13:00:00-07:00,477.71461143333335,290.01781666666665,0.2682494644774686,12.5,722.0941572869743,14.026068328806588,25.24862161139254,235.37531384295917,0.0,457.9265887934678,781.8009721968368,1.0,457.9265887934678,203.21844353909847,1.2935185681655343,30.6083075,3.406444866666667,771.6704735615044,769.3732023090694,767.4841239217378,767.5265643995209,765.1913621253644,763.0934330635342,760.6153049515789,758.2115311607517,757.8852102815163,757.7024553787593,757.2949825574481,757.1853908202506,97.0065171165613,90.84856828688551,87.13561049611937,82.84753291842485,81.25028851785625,78.89075285825307,80.02299434130182,81.05569938220852,84.86849824204958,89.941399377266,97.67052257059186,105.7755571088674,21.210072136759614,270.0,0.5691057702440447,1.9248826410207711
2021-06-10 14:00:00-07:00,3.0837938166666663,212.22518333333332,0.2973226866072189,13.5,214.73033189597066,9.539174149533933,35.6729146876179,253.49013918852862,0.0,142.46384782996068,199.20832523962864,1.0,142.46384782996068,68.53571714031156,1.5350501337352234,28.27004188888889,1.861285315,187.16611030405147,187.52471660468254,189.04922996748851,189.4280988340213,189.8103951478077,188.95390502052862,188.00746566961024,187.08919277187516,184.75605635618004,183.77295364712393,181.5011705714941,180.4437438327048,40.100148892915534,40.04245826785758,40.054442803163475,39.92148603603003,40.49170179254681,40.270967406891224,39.26950663281184,40.1421036038533,39.39637361894467,38.92104037118595,39.39818312579661,39.54366217172277,34.538069975820946,270.0,0.4665231502236933,2.0333931970132735
2021-06-10 15:00:00-07:00,116.80380016666666,263.3498,0.2967630249262563,14.5,343.00793567434755,3.2826156360732357,47.00125052811187,265.50954769460196,0.0,203.012879478702,404.2533162573007,1.0,203.012879478702,118.55106630748051,1.8753482293292407,29.19323594444445,1.1607540488333332,384.5149698524368,382.7613944736851,381.2724537658926,379.2265721724064,376.5216207800505,375.627346080896,373.4385602657895,371.0822284502026,370.02395396704316,367.68572453502503,365.3314787771058,362.90609689251085,63.05435915174953,61.427143528356474,59.90744462455474,58.53894254530826,57.18161177121223,56.4981384918319,56.57325104634977,56.44011015991512,57.2055724040876,58.314145760618,60.00541131344826,63.19412236855286,46.913383076069195,270.0,0.3848390725355237,2.174039652485513
2021-06-10 16:00:00-07:00,312.51781151666665,165.66575,0.3073826059133724,15.5,328.86935454473473,9.462370793530146,58.518598253790216,275.08787588862646,0.0,151.4764293398697,524.7863124037688,1.0,151.4764293398697,110.99052568834679,2.4857693602686566,30.182199500000003,0.6773708285000001,504.6473449072849,502.78069723426376,500.87951644415637,496.8450635959935,494.9844164790937,493.6301429833572,493.087155350186,491.50009045690643,489.86474878449616,489.2430945156784,487.6734115280027,486.02742046797295,50.39286169252755,49.23804342151318,48.3518714125151,47.28820503222627,47.03596614703995,47.223456951559854,48.569576873483896,51.044341475165886,53.07154198281494,56.31894809071476,59.18158718960896,62.346534661928374,50.0,270.0,0.366977778440511,2.214355247456318
2021-06-10 17:00:00-07:00,427.111896,114.28249166666666,0.3274698674202553,16.5,261.194352272411,23.124901993074474,69.88132634468465,283.79498250605593,0.0,63.147996901122305,583.5046706490868,1.0,63.147996901122305,93.90786543817516,2.857142857142857,29.72069655555556,1.7353767983333337,565.308496171875,563.2267384517004,561.2095807131332,556.788058949871,554.5660332645256,553.5911415007636,553.1500421202442,552.1525299064823,551.1509155190573,550.6680505045177,549.6192843135981,548.5582850345459,34.43237793342712,32.65029164690098,30.867467504494552,28.949539399808828,27.10222644208581,25.16831183728336,24.54582228489065,23.855151128332377,23.05337997639707,22.24275951584055,21.42028252423882,20.651944294775763,50.0,270.0,0.366977778440511,2.214355247456318
2021-06-10 18:00:00-07:00,566.4966166666667,36.27238666666666,0.2504819272732373,17.5,126.55031631156308,62.91450703532157,80.83014430224732,292.4781552309452,0.0,16.718585545819263,317.6537887806587,1.0,16.718585545819263,34.77441686371103,2.857142857142857,28.245138444444443,1.4652609616666663,291.57019763093484,291.664184097302,291.74586770272623,291.8333767957758,292.51289848082314,293.16796984327385,293.17831561579936,293.76716303760367,294.37180761500395,294.31586465105767,294.83843987510454,295.44359092022023,3.9702618779256404,3.9116310382767514,4.124044444449977,4.198913756794452,4.463791108375901,4.48213958077439,4.647532314584286,4.949929248564967,5.170163099681225,5.483789610076324,5.74041812298659,6.059447812161379,19.54221709752612,269.9999982924527,0.5827493337045834,1.914747579939625
2021-06-10 19:00:00-07:00,9.337197166666668,5.643476333333334,0.2035106448045221,18.5,5.925204224272741,85.05453275369581,88.27097264221446,299.0204169334827,0.0,3.6150314865240527,6.442595610290822,1.0,3.6150314865240527,0.005817590668484063,2.857142857142857,26.09028922222222,1.9347436133333331,5.65495372557201,5.65495372557201,5.65495372557201,5.65495372557201,5.65495372557201,5.65495372557201,5.6536992506373815,5.6536992506373815,5.6536992506373815,5.6536992506373815,5.653803123370151,5.652014314337955,0.6546446885361074,0.6399397278289937,0.6270672888752958,0.6169228624100187,0.6092535127333681,0.6044409834939758,0.6028712868878843,0.60475731048541,0.6099558766881304,0.6183333288232628,0.6295933552010508,0.6433345142183711,3.6798157209989193,270.0,0.7179096217896858,1.8592045672144288
2021-06-11 04:00:00-07:00,17.343542133333337,7.186946683333333,0.2751475288874465,3.5,7.62628849093014,85.84951170312843,88.54844390501773,60.68277930562573,0.0,4.601701765368709,8.436962938995418,1.0,4.601701765368709,0.005245974208896611,2.857142857142857,14.60182811111111,1.3996323733333331,7.22865668494372,7.230254254232264,7.230254254232264,7.230254254232264,7.230254254232264,7.230254254232264,7.230254254232264,7.230254254232264,7.231172752927276,7.231172752927276,7.231172752927276,7.231172752927276,1.1086351089621749,1.08476537223904,1.0650316759919012,1.0501577909547637,1.0405257149589726,1.0371504965580056,1.0394936893071252,1.0473382269693228,1.0602159612526392,1.0775006245486904,1.0983920717962472,1.1238121161776033,3.0963284476912643,90.00000791757107,0.7229925870157525,1.8586027234598923
2021-06-11 05:00:00-07:00,354.2810166666667,52.45949333333333,0.2953538442573007,4.5,108.21179168988978,63.2806121766055,80.94587380309052,67.38468627129947,0.0,25.09735353328622,239.94630981395517,1.0,25.09735353328622,34.197177888902786,2.857142857142857,14.558535222222222,0.7805642946666667,220.00448750044964,220.12445164816077,220.25401415878392,220.37987047680804,220.852324417616,221.23948959428552,221.3031070903882,221.74132158455376,222.14176463071803,222.53001324675284,222.53171410211428,222.90834005429596,6.565316143043765,6.696966504511132,6.619403397340632,6.593172121991681,6.85470086163024,6.88488868203717,7.067249020445503,7.318307789754174,7.562530072523997,7.827450691257579,7.932884602464873,8.375546189425895,19.285749717243494,90.0,0.5848601771752119,1.9132597310781996
2021-06-11 06:00:00-07:00,636.73675,86.47754,0.3159030047262866,5.5,304.2302844806525,23.293553880352587,70.00230297421643,76.06424382202336,0.0,50.65181997102857,751.5132875139143,1.0,50.65181997102857,101.75266395100789,2.857142857142857,15.591645666666668,2.11638552,714.2687274231054,714.9911546870588,715.706877586858,716.0553822523793,716.7241593966853,717.4066906728646,717.7168680927134,718.3764699495422,721.0673162411664,726.3723147693368,728.8059957507593,731.328151843798,15.358806240798858,16.227828365585907,17.089600181796957,17.9354208639049,18.68232971664393,19.30445021407464,19.815818409019585,22.12801967664656,24.32952763107764,26.584421104314913,28.711533129375084,30.844211397593305,50.0,90.0,0.366977778440511,2.214355247456318
2021-06-11 07:00:00-07:00,783.7378333333332,102.88662333333332,0.3149257733389623,6.5,510.7397948668657,9.628982214127799,58.641255652393106,84.75697916814755,0.0,192.85423679865792,955.5551518493426,1.0,192.85423679865792,160.5903653408142,2.4942062108096748,16.62394816666667,2.1731609666666665,904.8578041203205,905.6886998684461,906.3927952877877,906.5559712036013,907.4656298621743,908.3459150760225,908.405703669071,908.8143619347579,912.1002845659691,919.1794441530009,922.5941086538056,925.9458473348803,91.04560242628463,83.5517483488426,76.42829668411218,68.45638054608168,62.82628518022502,56.28909367646838,52.13489042347783,50.944999749957844,50.7232259107939,52.132699871788276,53.328680350049915,55.13340396122492,50.0,90.0,0.366977778440511,2.214355247456318
2021-06-11 08:00:00-07:00,872.8878333333334,109.07283333333334,0.2988739185084793,7.5,703.031015547502,3.1521603791107604,47.12103401737018,94.30345028489296,0.0,346.8551468795894,1055.3807863023812,1.0,346.8551468795894,203.15272098727365,1.8798488933259159,18.052322722222225,1.95207821,1008.55378712894,1008.3252846589621,1007.9710740892127,1007.835429387503,1007.7045395056557,1007.9045681943425,1007.3778598667028,1007.2548552374352,1010.2214187563071,1017.0799951208456,1020.7796587100793,1023.9298904568584,104.56478990756155,92.41099333999313,81.8341555917724,71.79723512186854,65.9940405670013,60.4496287212709,56.97409470199017,56.51350484032533,58.45708284978115,60.97665328484839,64.22311608028993,68.01990817197573,47.04036382631562,90.00000085377364,0.3840830122808674,2.175659891549274
2021-06-11 09:00:00-07:00,926.3508333333334,110.43216666666667,0.2815657461886234,8.5,861.9350486369221,9.420668068590171,35.781678520046775,106.2567685283767,0.0,497.02210607777687,1063.5366167329237,1.0,497.02210607777687,237.19000424981593,1.5381301695126657,19.19135922222222,2.1550092333333333,1032.8154490054326,1032.6856891997952,1032.8404970765082,1033.0959135226417,1033.3706761895373,1033.0094642654315,1032.8244934395977,1035.6058617563776,1037.3887669083736,1038.9647521333218,1042.941216227327,1044.4611885592446,125.5267273805459,112.17231896688071,100.24000866219608,90.97212153411452,84.68877874754048,79.99697832247425,78.40306610819539,79.81170080859533,80.96667359467763,83.47094030190101,86.45421488604704,90.53049850070185,34.680110987950904,90.0,0.4655029503457039,2.0348012523629437
2021-06-11 10:00:00-07:00,946.2345666666666,114.0598,0.2681872888649038,9.5,969.3448797916815,13.924477134434413,25.326777046803702,124.23150652277707,0.0,612.1441162895027,1049.9462050000823,1.0,612.1441162895027,258.66209487416336,1.2960022585909743,19.767596388888887,2.841319866666667,1034.7064243851696,1034.4726737983322,1034.660769948627,1034.5576471329523,1034.6485604683337,1035.6276384333148,1036.7755424564493,1037.8095395662167,1038.6368033275821,1038.6470476188051,1039.3274609475836,1040.3744113283337,139.9477944258233,128.07317529256773,116.386593106378,107.77683297785143,102.1987865962305,98.81472266564047,96.99129643143316,98.5860714237559,100.733635395188,105.06383010638181,110.36283065891287,117.36597930019259,21.369703821925068,90.00000085377364,0.5678077896121146,1.9258942362601705
2021-06-11 11:00:00-07:00,941.1029333333332,115.96163333333334,0.2602231194751113,10.5,1011.9286323634861,16.297546124533504,17.81687392758363,156.51292218208005,0.0,657.4093806926845,1022.2971962731473,1.0,657.4093806926845,264.1046797662593,1.0960986493201166,21.044229277777777,2.5895849866666665,1017.5226279101452,1017.7980653182751,1017.7959377018592,1018.1390093281619,1017.9659458800214,1017.9664673258699,1018.3046370640617,1018.16098025923,1018.15977228227,1018.1587068573664,1018.4970810254881,1018.266351965498,139.1813095532196,127.48768445796715,118.20565828019991,110.85072962180239,105.77301178638938,102.78751934747476,102.640820589524,104.83750154959377,109.37021481355129,115.50270446324733,123.10246283105923,132.122119896959,7.29912294230954,90.0,0.686475287440892,1.8652464696218969
2021-06-11 12:00:00-07:00,950.4856166666668,115.7579,0.2581097770849113,11.5,1021.0412424097046,16.314245016784113,17.74113297539552,202.80095387008166,0.0,663.3237117368284,1030.8786905141399,1.0,663.3237117368284,264.3152692061776,1.0930167356516356,21.651281111111118,3.0535365333333333,1026.2175057850245,1026.4922034400524,1026.4902252436104,1026.6564971359533,1026.6589382800748,1026.660219019931,1026.8557412618966,1026.854379652509,1026.8530101721271,1026.8522055526141,1026.9578737572513,1026.9579262929929,139.3275690732799,128.3991884436856,118.340251185008,110.97262001772225,105.87210836931904,103.12262019437115,102.67773272063042,104.84352725925612,109.08083856610163,115.55138066396623,123.16247138364754,132.27075537821565,7.0676648469818035,269.9999974386791,0.688479285144545,1.8647413221910538
2021-06-11 13:00:00-07:00,938.1281,111.90756666666668,0.2622157477496899,12.5,960.9791221435336,13.97285696282377,25.167293785466995,235.40337420575688,0.0,606.8304415568914,1039.0929403482914,1.0,606.8304415568914,250.9654240622396,1.2925158865946547,22.7556435,2.481718455,1029.8502201127837,1028.9561710553082,1028.273943373676,1028.215571485668,1027.1648883489602,1026.4090206847975,1025.2547646490934,1024.3009065391884,1024.203109901345,1024.2908936936126,1024.1210363248945,1024.3410547100507,113.80169201080659,106.98750033149093,101.8903780711792,97.63313391366451,95.56188876579142,93.95715680766675,95.77078795700226,98.86162895821172,105.54533598675135,112.82017103972213,124.1224713139391,137.07219859581414,21.14549964265011,270.0,0.5696312148698431,1.924475496610344
2021-06-11 14:00:00-07:00,905.7890166666668,110.49883333333334,0.273190662338457,13.5,847.042968060206,9.496255639066012,35.594958179323456,253.53371815923117,0.0,488.5146183970864,1041.7114151151463,1.0,488.5146183970864,226.9954209367704,1.5335194997515627,24.32555261111111,1.8086969416666667,1023.6905459574403,1022.1560338661678,1018.184110775321,1016.5865580190437,1014.2999139670345,1012.3059802995717,1012.1879472512705,1012.5121180427714,1012.022696100205,1011.9377119907174,1011.7864316938835,1011.8703362361351,86.96323604975377,82.97717284879703,80.03516584674952,77.89222954870364,76.37693137315996,74.90174746197935,77.47519610284422,80.66791678933537,86.84355313653994,95.62386952545556,106.97428408177066,119.68938681965702,34.46723913661934,270.0,0.46703253928794886,2.0326929407060277
2021-06-11 15:00:00-07:00,865.3220166666667,102.28219666666668,0.2917608714965483,14.5,693.2588397901467,3.2491802921247506,46.924950552642635,265.54978749456507,0.0,344.50686888395563,1025.4350513470488,1.0,344.50686888395563,195.14352611586042,1.8727116087890927,24.758324388888887,2.0072535733333337,995.4854176493066,992.2044448207839,989.4800454169846,983.9913151674452,981.1726393612555,981.5073095202007,981.5256186249188,981.5379070634017,981.1857735024138,981.0919101031185,981.224874522183,981.6991047478891,66.73054323874568,62.77923322079553,59.97851755694868,57.85814818837314,57.20098728691565,56.99049912684605,61.23460258186185,65.30449440822942,71.99603541183703,80.12356884301255,89.86801420924074,103.03047036633384,46.83863714908314,270.0,0.38528495856165196,2.1730874835110905
2021-06-11 16:00:00-07:00,801.5715,89.17157833333334,0.3172141112985714,15.5,508.67851387025183,9.405148996000737,58.44239093383466,275.12196005486567,0.0,188.5689859656748,957.4535682741159,1.0,188.5689859656748,158.19295047077068,2.4801795179083252,25.0902335,1.9168857366666667,928.1849599883053,925.0529378996721,921.8611019476017,915.2482198915186,912.2021674604439,911.9371921508383,911.943961075187,911.1973960445104,910.4253055769308,910.3301573019749,909.7726966493944,909.0875717495893,52.02018201586248,50.462394178606935,49.52598809009049,48.37672858040895,48.88774789298783,50.387813794460136,54.72288402360337,61.49748422097813,67.34585298421884,75.57688164708729,82.9370589316258,90.65960875697945,50.0,270.0,0.366977778440511,2.214355247456318
2021-06-11 17:00:00-07:00,682.0663333333334,72.33825166666666,0.3399303068611257,16.5,307.8070638873941,23.068826166369494,69.80424840503917,283.82267744033265,0.0,46.41731975244514,777.4671948473749,1.0,46.41731975244514,105.92777850696618,2.857142857142857,24.88992311111111,2.2290468866666666,756.2812317342803,753.961188127234,751.7501945022263,746.8955891154603,744.4129182766459,743.9107635457333,743.6659403215326,743.1354664086306,742.6420864026802,742.3541550459613,741.8078073255965,741.2512167407325,28.99739175942664,27.17539222911346,25.3406346439131,23.361017050207966,21.40992139262149,19.304395145950274,18.839477061412744,18.199789678339823,17.397815644400612,16.418436904751825,15.383813988195032,14.302349786613837,50.0,270.0,0.366977778440511,2.214355247456318
2021-06-11 18:00:00-07:00,421.2346,46.756798333333336,0.2607177771710464,17.5,114.45474801635137,62.66575952104831,80.75170618122003,292.4991550494706,0.0,21.5186807700866,269.1177724276012,1.0,21.5186807700866,33.04726225274268,2.857142857142857,24.080951944444443,1.625528915,246.97073502205666,247.09156112619021,247.19632245855524,247.30886603700537,247.9786451460064,248.6274316095835,248.66977624846277,249.23412209776944,249.81666249846538,249.78375700905744,250.35894274632412,250.87573060083798,5.192483418678521,5.099783975739261,5.298502694014034,5.374235584595401,5.378358588401198,5.791666136803358,5.8387154857128,6.1441798755683275,6.3904992198018045,6.710187599907133,6.994179840368241,7.321541044051424,19.734539766910192,269.9999982924527,0.581168626837077,1.9158756954168745
2021-06-11 19:00:00-07:00,14.150157216666663,7.724572366666666,0.2500295090350393,18.5,8.129690561297785,85.30797180306705,88.35940092004633,299.19304211106913,0.0,4.9474028916789985,8.87486235177394,1.0,4.9474028916789985,0.007190611792888469,2.857142857142857,20.98503872222222,1.2024132533333334,7.74279170404307,7.74279170404307,7.74279170404307,7.74279170404307,7.744508780866352,7.744508780866352,7.744508780866352,7.744508780866352,7.744508780866352,7.744508780866352,7.744508780866352,7.744508780866352,1.0815350773543164,1.0584502959681876,1.0395135224703724,1.025406046768016,1.0166261530132892,1.0134156330977178,1.0157780742072995,1.0234623060866725,1.0369923459145975,1.0540988348611455,1.0746026967180298,1.0976592029463812,3.4967640719570903,269.9999980909041,0.7195039164095386,1.8590046124379596
2021-06-12 04:00:00-07:00,40.56643413333334,7.0514381833333335,0.2511580135620486,3.5,8.084925860049186,85.82576118264029,88.54015047908369,60.60422867880914,0.0,4.515002201737505,9.999045709027076,1.0,4.515002201737505,0.005214263211211959,2.857142857142857,11.558885444444446,1.263186565,7.696559586987049,7.69812703441335,7.69812703441335,7.69812703441335,7.69812703441335,7.69812703441335,7.69812703441335,7.69812703441335,7.699036445014479,7.699036445014479,7.699036445014479,7.699036445014479,0.9929295195539337,0.9715494019061061,0.9538759632458157,0.9405567716888864,0.9319834500533646,0.9289644478076889,0.9310665937317728,0.9380935614477168,0.9496256134342305,0.9651015521755753,0.9838049623849835,1.0065729672790047,3.116480889672995,90.00000709197654,0.7228169821942974,1.858621783668742
2021-06-12 05:00:00-07:00,457.0178666666667,42.816496666666666,0.2805119183855934,4.5,114.76013923135056,63.27102426451551,80.9428385756836,67.30494193670984,0.0,19.25720185791041,276.36165221228936,1.0,19.25720185791041,35.071135460356814,2.857142857142857,14.775219944444444,1.0078815843333333,252.81896257098327,253.03178887880463,253.12005291769975,253.21656105629836,253.76216887682358,254.38277617145852,254.4072827601859,254.96541476733844,255.49124348427773,256.03961765238574,255.9783553569679,256.5269755104043,4.913794156733776,5.140603863862703,5.084382675210841,5.163548796946588,5.400322916265531,5.422722258616706,5.59770626180512,5.8918122668244335,6.130167171551862,6.439381476648662,6.7086447096415345,7.020408708386257,19.305429700168943,90.00000190909591,0.5846980841964348,1.913373231372519
2021-06-12 06:00:00-07:00,727.4468166666667,66.39586833333334,0.3131251905485126,5.5,315.14255884397784,23.332309931339424,70.0045909609014,75.98063636040082,0.0,44.045066291800566,802.6614093034175,1.0,44.045066291800566,101.72064736886482,2.857142857142857,19.36024833333333,0.6613972638333333,766.5298559861612,767.0879700418832,767.6419712652863,767.9230414384778,768.4313740104712,768.9607672477898,769.2059244778479,769.713075409595,772.3233073186955,777.4552165335322,779.8006454717786,782.2459127488434,12.836377502160815,13.726581413891898,14.584414734594278,15.424493278708471,16.13078551284473,16.708539349385532,17.16035613146455,19.397920728141145,21.5132857966225,23.670706047324703,25.70175887590256,27.737295479240387,50.0,90.0,0.366977778440511,2.214355247456318
2021-06-12 07:00:00-07:00,843.6122833333334,79.81421666666667,0.3144907008229642,6.5,518.7579184887775,9.666824808985334,58.64665022570087,84.66539735716485,0.0,189.84337225035918,986.9947613242418,1.0,189.84337225035918,157.58506224367073,2.494324559833359,19.83772961111111,1.6118525916666668,940.1670402411085,940.7661017420932,941.2356090811855,941.288790892544,941.9808942595521,942.6497436444363,942.6008973778435,942.7766396863394,945.609200007559,951.8120098385837,954.8065028961091,957.7438719150045,91.24654892167155,83.29928651457955,75.71206817946644,67.230999333527,61.18198046498012,54.185518416905055,49.68943112851908,47.898894098532786,47.11956777687427,48.033997503544875,48.73325270956335,50.06704761996735,50.0,90.0,0.366977778440511,2.214355247456318
2021-06-12 08:00:00-07:00,911.86425,86.68872499999999,0.2983537234926568,7.5,707.1013755633745,3.0745788786912773,47.126787984494946,94.19705106362647,0.0,349.29317457153115,1055.8871920015206,1.0,349.29317457153115,199.9317112304226,1.8801937673060105,21.73828333333333,1.5083976383333335,1012.9136253332819,1012.718221599848,1012.3955197787311,1012.2893146378858,1012.1741366442562,1012.403263723867,1011.889549199199,1011.795694511058,1014.0171324500304,1019.4238432970994,1022.4158610821846,1024.867161248179,105.15642569109453,92.99869856892715,82.41174405650881,72.37565460329655,66.58224745771126,61.045096350068455,57.58064350815233,56.510063067689764,57.835866461494675,59.72024463988766,62.31835458684978,65.4539226353375,47.050062523809494,90.0,0.38402533878017653,2.1757837819261683
2021-06-12 09:00:00-07:00,952.2072,90.85109833333333,0.2809661035054897,8.5,863.3130097078199,9.345187823469043,35.78342482174062,106.12344271348832,0.0,496.7413939887518,1067.9722025942442,1.0,496.7413939887518,235.41929357929754,1.5385614634742364,23.2130805,1.5114752916666667,1039.1252180417405,1038.9305924200962,1038.96025055419,1039.1499139350328,1039.305862182864,1038.885779520726,1038.646553267192,1041.194596681384,1042.8029925248275,1044.2096181297984,1047.8924045019603,1049.2530608684067,125.09283035830529,111.56068492322794,99.4880678182835,90.06094353135504,83.6495282920986,78.7846167128504,77.11041159160928,78.35124699752743,79.33965293724809,81.75004826863365,84.59093358162998,88.53013408315637,34.69994878531875,90.0,0.4653606057275064,2.034998307253513
2021-06-12 10:00:00-07:00,953.35155,102.46538,0.2676201691239545,9.5,964.2623289592293,13.853053378561263,25.31568288469015,124.0515320680049,0.0,608.7867310840505,1045.1702328633223,1.0,608.7867310840505,256.4981945060411,1.2964962201998487,25.050162,1.8810411283333333,1030.4794887053692,1030.5670612834874,1030.393663099598,1030.270635424721,1030.3405005877223,1031.2858881029924,1032.3942243583358,1033.3839966987562,1034.2037137364105,1034.198269560613,1034.8489737006144,1035.8755053522575,138.8587007883576,127.01385496131337,115.33955125156862,106.7433434052447,100.16437505450838,97.76384777517248,95.9413010067413,97.49280504850049,99.62613829472548,103.90728379672701,109.52855146655278,116.14063197202513,21.401398002378382,90.0,0.5675502491235089,1.9260959444577739
2021-06-12 11:00:00-07:00,940.4651333333334,113.98061666666668,0.2597085499953228,10.5,1009.5483487520546,16.232536532049828,17.7754236019166,156.2984248525447,0.0,655.8704645354363,1020.0202704871431,1.0,655.8704645354363,262.96608994488116,1.096685843928914,26.596619666666665,2.2162851666666668,1015.28193698525,1015.619496336406,1015.5543859786236,1015.8976706675435,1015.724078580982,1015.7244523080192,1016.062623308605,1015.9183405004708,1015.9171793090541,1015.9160576122439,1016.2544386520525,1016.0771979291218,138.650037318575,126.91227741691168,117.66512429257513,110.33783768900697,105.28127975429618,102.31146575050893,102.17076576866701,104.36183547469538,108.87611471768066,114.98302617403421,122.97130370304647,131.52433813164654,7.343191070423983,90.00000319452846,0.6860938556843279,1.8653444810225803
2021-06-12 12:00:00-07:00,917.256,126.25696666666666,0.2578410530303214,11.5,1000.2462075580295,16.25783006353774,17.668172117577043,202.7164445078012,0.0,649.7703073224959,1009.6782991421496,1.0,649.7703073224959,258.68615464354247,1.0922830643408736,27.259184333333334,2.4306295033333334,1005.5627719870564,1005.5629948699077,1005.4037131015732,1005.4571427020604,1005.4584651547365,1005.4597790490279,1005.2643712487588,1005.2629553471065,1005.2605561660544,1005.093182729454,1005.0950754137467,1004.8205853238177,129.57391559002582,120.67845718057713,113.25816275984725,106.94434512210427,102.80771200959866,100.70010354842732,101.13677975925309,103.81637399759359,108.7876971059061,115.87920871474736,125.76170435793799,136.4056455148276,7.012526929365475,270.0,0.688956826513788,1.8646233742696348
2021-06-12 13:00:00-07:00,894.05755,129.84446666666665,0.2621079488379312,12.5,939.5382937491731,13.92635868523824,25.09044968413058,235.41948648612882,0.0,593.5609148376648,1014.490358048735,1.0,593.5609148376648,245.7256252508166,1.2915320303264166,28.05606777777778,2.60121642,1005.0825659636948,1004.1682543857177,1003.4584759683638,1003.3974399649,1002.3299639991797,1001.5424962848282,1000.3601287847948,999.3820653911432,999.24810129827,999.2948558701506,999.093518089997,999.267178674095,111.87467296619604,105.20928311586394,100.27346216422664,96.08286094617527,94.05904880639864,92.43538509393093,94.18479603903322,97.12669615091123,103.57913585375461,110.60940420994518,121.52102355455412,134.06176307206962,21.08206804375461,270.0,0.5701475987696817,1.9240766992061573
2021-06-12 14:00:00-07:00,720.7372799999999,188.2694833333333,0.2718820729288211,13.5,774.8826854362442,9.459813608736532,35.52055695143545,253.5674357289779,0.0,447.99223452169537,958.3249052054257,1.0,447.99223452169537,217.21361275027235,1.5320381994395502,28.22466511111111,3.2188618,941.8226243613819,938.850805709418,931.8725713115142,928.7509990432939,924.9511648722881,921.3854436546417,921.163470422175,921.3960927112748,920.8891870025037,920.6737009130178,920.7961903557209,920.4114200261957,88.51199403453569,83.92685999253366,79.29632836369844,75.94396017375624,73.34226518370495,70.61772769921406,72.83083546879139,74.41747208706713,79.95072841151956,87.77204510963308,97.95938006623894,109.34794635428025,34.398537140584274,270.0,0.4675270316602392,2.032014934557942
2021-06-12 15:00:00-07:00,686.6941,213.70335000000003,0.2932669315418558,14.5,683.3243410783448,3.2219111814141765,46.851881476024055,265.58188915250446,0.0,354.9716565856633,987.6656047273495,1.0,354.9716565856633,207.88144830871138,1.8701862321837979,28.932376166666664,2.7701559333333337,955.8346020005827,950.9202551127976,946.7577256215538,938.5800730784774,933.9374094458974,933.96802763963,933.3525067308951,933.1026365554767,932.1135338182369,931.3607320888464,930.8166374642323,930.9381104217147,82.26725643376294,76.96549220817296,72.76460250172467,69.203221320676,67.11395767466338,65.331736438462,68.83865058091827,72.15666317691958,77.96574037483946,85.0619523979011,93.71323558049409,105.86286848738929,46.7667961765272,270.0,0.38571410049751437,2.172173417171511
2021-06-12 16:00:00-07:00,157.16401491666664,177.37493333333333,0.2916430669158349,15.5,259.7980878801718,9.348668659907595,58.369422948927536,275.14904837891186,0.0,136.06509239686795,358.301432774462,1.0,136.06509239686795,88.58265422278266,2.4748654574944324,28.538584277777776,1.8428029183333332,342.30053241214,341.24579739523267,340.1711874479478,337.81428168867603,336.75595694345515,335.0213685590075,334.2784635432664,332.40236847042297,330.4710526675157,329.658836822468,327.7377219850195,325.759635614267,46.630860101076536,45.94769504668276,45.39748747525265,44.68900411314913,44.46035169490799,44.46157966995577,44.71109845521194,45.594234460610494,46.215314479644675,47.605726251650324,48.795877187399284,50.253095519915675,50.0,270.0,0.366977778440511,2.214355247456318
2021-06-12 17:00:00-07:00,141.12079839999998,98.98026666666668,0.291428652670232,16.5,147.86934438093158,23.013185412108744,69.73062777607143,283.84413225459616,0.0,61.55702303842324,249.03227012923765,1.0,61.55702303842324,51.010710269922335,2.857142857142857,27.7456735,0.715113278,239.45743313141497,238.86617571386802,238.2954234643911,236.97817442265443,236.34255690521775,235.25309299797806,234.76230178740033,233.65208270340182,232.52075850437177,231.9946930216869,230.8276300090664,229.64305585086785,25.656202090728954,25.159209389240665,24.648225212635467,24.044357331244985,23.489980733073637,22.896667642537313,22.32837013856195,21.748077590559085,21.112670003100934,20.551758018574283,19.98613627848807,19.51521440768505,50.0,270.0,0.366977778440511,2.214355247456318
2021-06-12 18:00:00-07:00,348.522615,50.76360833333333,0.2724747872580513,17.5,107.22366093905825,62.42869446964666,80.67709931807725,292.5144470132922,0.0,24.075456363427566,240.1453461339905,1.0,24.075456363427566,31.603292786442427,2.857142857142857,26.551636555555557,0.7606126114999999,221.2014667263843,221.32190840042847,221.45214325824674,221.5644372945204,222.07771810853154,222.55514545083855,222.555906661895,223.00891142081326,223.44847934776948,223.46971227045287,223.85448910913385,224.24440811612905,5.922309782962064,5.813678319452087,6.0231556128885115,5.988577356576943,5.99286995090647,6.308946373378026,6.371331639202349,6.754656475779216,6.842268387007269,7.2658758338617115,7.360023136790169,7.817609504138002,19.917407418729006,269.9999985212207,0.579667395099001,1.9169581865432135
2021-06-12 19:00:00-07:00,13.293610833333332,8.04894415,0.2529975355445877,18.5,8.447001857733127,85.09217679028647,88.28410531150318,299.2031280676108,0.0,5.15580883813017,9.17805154168789,1.0,5.15580883813017,0.00820039640366,2.857142857142857,22.690629666666663,1.1495068685,8.05846927640798,8.05846927640798,8.05846927640798,8.05846927640798,8.05846927640798,8.05846927640798,8.056680095752297,8.056680095752297,8.056680095752297,8.056680095752297,8.056864264290207,8.054312995684699,1.1601290048823996,1.1341043463800284,1.1115226182614413,1.0935302714057618,1.0799300813080208,1.071397570062074,1.068658674208233,1.0720074633009644,1.0812294021939142,1.0960857313137948,1.1160505323286438,1.1404114742521037,3.6582631478244125,270.0,0.7180973179678234,1.8591804953693205
2021-06-13 04:00:00-07:00,30.63500115,6.8559590833333335,0.2490131527011591,3.5,7.638145660501053,85.81656527689412,88.53693949040738,60.53023744693678,0.0,4.389866521637085,9.085678317272318,1.0,4.389866521637085,0.005099546207701228,2.857142857142857,15.291263333333331,0.7479057020000001,7.261951482931577,7.261951482931577,7.263475477773565,7.263475477773565,7.263475477773565,7.263475477773565,7.263475477773565,7.263475477773565,7.264443467080823,7.26436039281474,7.26436039281474,7.26436039281474,0.9571657067920728,0.9365547684679314,0.9195180522891805,0.9071511761778033,0.8984210306236868,0.8955124444375437,0.8975404341447231,0.9043148675938562,0.9154310044190286,0.930347514154433,0.9497688491398799,0.9703179961526245,3.125638983235273,90.0,0.7227371812939298,1.8586304862306087
2021-06-13 05:00:00-07:00,413.72295,43.564418333333336,0.278195515813021,4.5,108.68009078811725,63.27655949691759,80.94459079487672,67.2301400028868,0.0,19.713600207632876,257.6357459838853,1.0,19.713600207632876,33.20118277608087,2.857142857142857,16.820078333333335,0.5955365088333333,235.47418308837803,235.69205336014224,235.78251239885284,235.8812957980619,236.4289173021087,237.0537603219817,237.07997017404438,237.64190302977664,238.1713107517635,238.72175130513816,238.66168375597076,239.21236228643343,4.988154565011205,5.215817677955692,5.158783669307909,5.2389504909368565,5.476726251675399,5.499532195869526,5.676746381672304,5.972749256204469,6.213971646971387,6.525285288638342,6.7976976312089885,7.111697709413259,19.312914089379216,90.00000147877934,0.584636444598945,1.913416425288536
2021-06-13 06:00:00-07:00,670.3283666666666,70.79118,0.3096278705999644,5.5,299.93213963973005,23.372730110376306,70.01135540513734,75.90255135827778,0.0,42.696607785832576,761.1837933091743,1.0,42.696607785832576,95.9181670160383,2.857142857142857,20.77241455555556,0.9525133353333334,727.0501134926022,727.599750750604,728.1451388602038,728.4203656249063,728.922338246729,729.4433479737445,729.684275639612,730.1839915253842,732.631632546718,737.4453808426154,739.6448094723426,741.9377022254228,12.392273316582768,13.232755104996837,14.045109676257573,14.841136663970396,15.51406536767217,16.066324225211275,16.501036306278426,18.600478887950352,20.585331742741175,22.610343649448577,24.515843888523314,26.42531789716879,50.0,90.0,0.366977778440511,2.214355247456318
2021-06-13 07:00:00-07:00,792.3186333333334,87.06519166666666,0.3128381402248353,6.5,499.2055674496114,9.706674116432744,58.656345201908906,84.58009552003783,0.0,184.91353347891555,944.2765948003173,1.0,184.91353347891555,153.4884076015089,2.494770298682281,23.11243705555556,1.2247240216666666,897.0734860676819,897.7403724495024,898.2835205568507,898.3775920605902,899.1285438593414,899.8547580352503,899.8500224854381,900.1094818094996,903.1202098110247,909.6432663660349,912.7928051923907,915.8835446562557,87.7736742372217,80.29446691172734,73.16568636680077,65.19359592745977,59.52871763624701,52.967076341930074,48.768304918526844,47.36528626750238,46.92142455188226,48.08632123187424,49.046707356328845,50.61008730395888,50.0,90.0,0.366977778440511,2.214355247456318
2021-06-13 08:00:00-07:00,862.6765666666666,96.86425333333334,0.297017893182181,7.5,683.6995549612424,3.002565231949023,47.136857205611115,94.09799811817714,0.0,339.29299633509925,1017.4317078378474,1.0,339.29299633509925,194.92612048864817,1.8806795337569202,25.62491238888889,1.150085425,973.6398359702085,973.5726621578443,973.3811233019246,973.3903415833271,973.3346527709994,973.6601215512619,973.2197506206466,973.236185737929,975.6447868433893,981.3759725486443,984.5128249820555,987.1219440997445,101.82637812012175,90.28805186856236,80.2162269019833,70.70829615259419,65.24940369906697,60.031007959596224,56.788389235928,56.01914711709224,57.54245368188138,59.59231132672817,62.324724469652736,65.57153322417402,47.06371581733035,90.0,0.3839441669666886,2.175958221079217
2021-06-13 09:00:00-07:00,893.2869333333333,107.33676666666666,0.2794423120395348,8.5,831.9423985491851,9.27573226376187,35.78981006838723,105.99892305153992,0.0,479.7589834168212,1027.1346350920014,1.0,479.7589834168212,227.63691620310007,1.5390636445986927,27.2416365,2.011444828333333,997.188782075156,997.0639394247835,997.226432868278,997.4692558221117,997.7416442613403,997.3974428380656,997.2296634868599,999.7307530143661,1001.74433128398,1003.3228324710493,1007.2695951064837,1008.791584616695,120.29112884788016,107.5059814042672,96.0766687451127,87.19800970652031,80.04168566810458,76.74277852894483,75.23147084365506,76.62644809998737,77.78815755869803,80.23315452098208,83.1471459790875,87.10949692071173,34.72303082813896,90.00000120741828,0.46519502522092676,2.035227712274261
2021-06-13 10:00:00-07:00,917.5938833333332,114.69611666666668,0.2668802215858133,9.5,944.207678509923,13.788066676517714,25.31008786873541,123.88154118935581,0.0,596.3196705399986,1023.1353624905823,1.0,596.3196705399986,250.94709930827895,1.2970265789232962,28.75037216666667,1.9581278466666667,1007.7615829521202,1008.0957095254208,1007.955986213965,1007.8599697929609,1007.9527249969615,1009.2467856235587,1010.0918550031636,1011.1032924228542,1011.9688111844454,1011.9736346433236,1012.6646272538044,1013.7131053591484,135.70238443514555,124.20846603505696,112.89470318996403,104.59223047153466,98.23462961349212,95.94492052323392,94.44291593625032,95.7560141719237,97.84083140854473,102.05215124014309,107.5515384379809,113.81763330102496,21.43540731013528,90.0,0.5672739584763062,1.9263127034647947
2021-06-13 11:00:00-07:00,912.6716666666669,139.43616666666668,0.2608657339369613,10.5,1008.7055035313417,16.17424869502115,17.74079813671692,156.08883945673188,0.0,655.2439623149389,1019.0334090445363,1.0,655.2439623149389,263.8455615542549,1.0972888401586538,29.7389605,2.0907115283333333,1013.7057106371874,1014.0201586450142,1013.9734413847727,1014.2938191229373,1014.2137307764293,1014.1391801972952,1014.4542322862038,1014.4528036335288,1014.3285836703552,1014.3274032860563,1014.6426768012171,1014.4862438928357,139.23502318555902,127.5559468121776,118.36126729299386,111.07814427691967,105.63120151142361,103.11681640455681,102.9917017629772,105.29730407096139,109.68111832901,115.75446300224986,123.71487779642152,132.21618058084186,7.388435498784578,90.000004436338,0.6857022817930085,1.8654457190338993
2021-06-13 12:00:00-07:00,579.674342,227.09281666666664,0.264183192654283,11.5,779.6283487059478,16.208230509141515,17.601517064815283,202.62229421508897,0.0,506.41593887546344,790.0878549866167,1.0,506.41593887546344,209.8267124717656,1.0915504211808087,30.03792761111111,2.393612983333333,786.0526602326831,786.0530013842651,785.6489037902427,785.6916465450113,785.6926880887443,785.6937220157847,785.1969098711509,785.1956520386507,785.1937292110177,784.5962778278814,784.6533733580064,784.6549360466875,103.82344523767608,97.12689362802206,90.914626812267,85.98533079924361,82.69164466490818,81.01801574513802,81.36634415359273,83.49578534926235,87.44724376643981,92.91813945963398,100.76955761831057,109.22465037065452,6.957450882478305,270.0,0.6894338884665854,1.8645064763190997
2021-06-13 13:00:00-07:00,890.69975,155.40711666666667,0.2635134948670889,12.5,962.535839579648,13.886572973709608,25.01816714736036,235.42366450122458,0.0,608.397079014036,1037.0971295279871,1.0,608.397079014036,252.8308979165955,1.2905683888496635,31.778972388888885,2.3051263366666666,1027.0093618561484,1026.129441669837,1025.4638718552976,1025.397152021618,1024.3716457228675,1023.6325647156432,1022.4872937635917,1021.5668363652255,1021.3866157138779,1021.3919183210961,1021.1449507563773,1021.2781767200529,115.46481363776363,108.69615920076959,103.66229768987509,99.40868608366952,97.32455164540718,95.67958307951285,97.45308032842509,100.47488792812618,107.03028261035216,114.24703841257946,125.34040456425531,138.125466493252,21.019871235248473,270.0,0.5706541445340443,1.9236867754182063
2021-06-13 14:00:00-07:00,699.3846048333332,206.40903333333333,0.2758542369877335,13.5,776.144566881619,9.429832481772364,35.44979223534972,253.59129507140284,0.0,449.71950557516436,956.718260269032,1.0,449.71950557516436,221.55279831429598,1.5306079088551574,32.63831938888889,2.597558365,917.2323409471907,917.7392948550826,917.6610265002628,917.9929630987997,918.5574550427023,918.3717575859321,918.6891768375363,922.3566889834516,926.2715120806689,929.4893430449249,936.2441297328642,939.6894464027307,111.42012043901518,99.79344591345931,89.79707058227049,82.00338280488653,76.46169816824421,74.9578230163524,72.7767146871142,75.6213283841589,78.2869924756109,81.74323610421509,86.4824569673694,91.17568836371989,34.33205663180799,269.9999987925817,0.46800592121839546,2.0313599812435945
2021-06-13 15:00:00-07:00,10.5844446,126.89918166666666,0.2929505885485481,14.5,134.14713897459276,3.2007805746128275,46.78212791603041,265.60586410497933,0.0,89.80967529477675,119.04762566730362,1.0,89.80967529477675,46.3856586057389,1.8677742187088022,29.81020738888889,1.8966763233333332,111.38104657648444,110.89702647821933,111.27647271706961,112.77161619462973,112.33630209336988,111.64717370877703,110.08828391785768,109.37101945617052,107.71437472937389,106.06535434635846,105.31602903096804,103.60613493248391,29.555992486210823,29.857014879131363,30.039134624432933,30.29882669436487,30.556357792364242,30.722862068277777,30.08904722260219,29.340465016080064,28.8106702732295,28.29077339766614,27.92594815756666,27.89404224271455,46.697951819456236,270.0,0.38612587954767874,2.1712984886012774
2021-06-13 16:00:00-07:00,4.22913875,113.63723333333334,0.2888104797458115,15.5,115.8595395919079,9.29292043365524,58.299781259145334,275.1691610463432,0.0,78.03742453624695,99.88931257342148,1.0,78.03742453624695,41.20186992133941,2.469830399801431,28.65636677777778,1.8926487383333328,92.44692838016428,92.8440960520035,93.2463659420391,93.94591345554657,94.3622645680719,92.89789719726969,92.24639424917149,90.755833505322,89.22222463010253,88.53050024647878,86.96245496183498,85.37033581438818,27.062263095253645,27.43261617055115,27.781473218129086,28.02404142800464,28.33738504615048,28.63902216598502,27.977912331367108,27.375281147815535,26.731318416536524,26.27679725447704,25.823787904780275,25.53053580307662,50.0,270.0,0.366977778440511,2.214355247456318
2021-06-13 17:00:00-07:00,554.951265,149.35237333333333,0.3314450984750594,16.5,342.2430550756369,22.95803360811248,69.66055225388486,283.8593761389633,0.0,89.83453821561649,748.3537513608271,1.0,89.83453821561649,121.04555265144862,2.857142857142857,29.68749805555556,1.4696174483333333,724.9168750828069,722.7998462774383,720.7757342780824,716.2822315410156,714.010409076958,712.689933000476,712.0894125182499,710.7295184714898,709.3876135176174,708.7193313944363,707.3046614572329,705.8565747686623,45.17694797005885,43.55238435395273,41.90168865389846,40.05196977051025,38.26643809350801,36.3321763653573,35.49316410157192,34.5036527695624,33.320592545196135,32.06117146643328,30.72157645413567,29.433138326124205,50.0,270.0,0.366977778440511,2.214355247456318
2021-06-13 18:00:00-07:00,351.9500583333333,62.71784333333333,0.2724485334962349,17.5,120.16157636578562,62.203652289711854,80.60641043505512,292.5240704371395,0.0,30.544393782337753,258.65934220040566,1.0,30.544393782337753,35.3540027192096,2.857142857142857,28.861413666666667,0.8845919983333332,238.449320252076,238.78157209390477,238.94695257757252,239.08921931660683,239.63670828780704,239.62117821435328,240.14479566353782,240.64030069289154,241.09485040397084,241.0961142924323,241.52613361514102,241.9420844615205,7.462191531791762,7.324465521696761,7.517998477535558,7.492984486945338,7.615138460047474,7.8412850048969975,7.910858874450225,8.34308471849229,8.453172883605001,8.921622471028092,9.041023498785659,9.541617182684385,20.09049593991978,269.99999914622634,0.5782480422054993,1.9179916126805905
2021-06-13 19:00:00-07:00,10.556399416666666,11.617630233333331,0.2959100647337468,18.5,11.946805459946683,84.88857320435433,88.21308305264125,299.2078795052159,0.0,7.442673974196363,12.545289191757087,1.0,7.442673974196363,0.01284167601586097,2.857142857142857,26.63195811111111,0.5314773963333334,11.35912299942824,11.362805432146414,11.362805432146414,11.362494481778436,11.362494481778436,11.362494481778436,11.362494481778436,11.365076937177676,11.365076937177676,11.365076937177676,11.365076937177676,11.365076937177676,1.9251489589615185,1.883988689210158,1.8502870140836163,1.8252391783142206,1.8097271129127583,1.8037035008945586,1.8087503932586753,1.8231589842341147,1.8460942570436152,1.8778836962103607,1.9141670977080312,1.957928934521557,3.81052926320943,269.99999316981086,0.7167713672170795,1.8593535848746536
2021-06-14 04:00:00-07:00,35.452272,7.435705466666667,0.3040489193538227,3.5,8.339765271724318,85.82176687769899,88.53875579735595,60.46088678125495,0.0,4.761071850711838,10.013208881311172,1.0,4.761071850711838,0.005524587257000741,2.857142857142857,20.988709611111112,2.874194778333333,7.9309873447548185,7.9309873447548185,7.93264021004179,7.93264021004179,7.93264021004179,7.93264021004179,7.93264021004179,7.93264021004179,7.933690053440237,7.933580041174077,7.933580041174077,7.933580041174077,1.2674734067295081,1.2401793101639769,1.2176181615588975,1.201127853376235,1.1895445504720452,1.185692386813772,1.1883775820535813,1.197348577353584,1.2120694142432238,1.231823306543666,1.2575087605458355,1.284722401792368,3.123891397303796,90.0,0.7227524091836589,1.858628823601605
2021-06-14 05:00:00-07:00,189.902165,55.751785000000005,0.3216067386491199,4.5,85.61920363191886,63.29701750661589,80.95106753915839,67.16036118065409,0.0,29.306502096972526,162.0520122643979,1.0,29.306502096972526,28.96228786242812,2.857142857142857,19.325138222222225,1.43262094,148.74531881600927,149.06905732382194,149.20075682905392,149.34784156252033,149.50585434849233,149.81249275535134,149.91182581472304,150.18777591283154,150.44691861024046,150.609765140672,150.67822691168766,150.8414947881335,8.178453610711951,8.192159089383072,8.09262699719487,8.145208426511452,8.221629147004986,8.259053924411434,8.438006403099166,8.614153735199318,8.865636218312428,9.067962353009294,9.331993607700246,9.53661448216642,19.308309261424764,90.00000120741828,0.5846743685008969,1.9133898479939109
2021-06-14 06:00:00-07:00,318.32845,89.50071333333334,0.3276242575730649,5.5,198.25785261825405,23.41467231562875,70.0225241285616,75.83007203519698,0.0,48.00418356594088,446.2843881234924,1.0,48.00418356594088,73.18653298722103,2.857142857142857,19.853782944444443,1.0208211191666667,417.86678891586024,418.6737121695282,419.4713281206909,419.83848757414836,420.60028568516805,421.3589152120788,421.694337919189,422.4357919777827,424.44935649947587,428.446489708007,430.29128678282,432.18040443205325,15.70812128275943,16.29155425430587,16.916323793621345,17.5320909994737,18.14144048812139,18.666414749028363,19.13973399654819,20.881198768368975,22.562287042574688,24.302417579171674,25.945085828198817,27.59237434021183,50.0,90.0,0.366977778440511,2.214355247456318
2021-06-14 07:00:00-07:00,785.2217999999999,91.40589166666668,0.3177980143188608,6.5,499.69182270657177,9.748307998396573,58.67026040428233,84.50116534046691,0.0,186.1499666813015,942.9750962303353,1.0,186.1499666813015,156.58567686186473,2.495539189911605,23.66105277777778,0.8833833966666667,894.5793018013538,895.289236196661,895.8736998932841,895.9837440771134,896.7773232580321,897.5448135295537,897.5541612668819,897.84999819705,900.9426420971461,907.6361787166801,910.8667556562062,914.0371788305094,89.38108928739983,81.83337557294216,74.6446653800363,66.60394063606276,60.899452275766826,54.28754929557434,50.063796178804104,48.69205411015863,48.2895087340557,49.51527336807198,50.531602591095094,52.157143034880946,50.0,90.0,0.366977778440511,2.214355247456318
2021-06-14 08:00:00-07:00,911.4526833333332,84.35236499999999,0.3007844790820976,7.5,704.2008656465563,2.93618571495408,47.15115467357267,94.00640355359485,0.0,347.6239757001059,1053.040911723743,1.0,347.6239757001059,200.21613384196783,1.8813039067500756,25.615741777777775,1.088354285,1010.3371406725216,1010.1189460207653,1009.7702158841528,1009.6355959419398,1009.5136873786861,1009.717554178752,1009.1912986151431,1009.0754268072785,1011.2515754042084,1016.5805143983148,1019.5338290262488,1021.9456993836674,105.47803150233473,93.24348258914468,82.59466454992089,72.48917599264895,66.65713576484414,61.073014699726116,57.57754621674606,56.4506833236935,57.74054345936351,59.58386738605983,62.14426387422937,65.24401251648531,47.081251821035565,90.00000085377364,0.38383994208691985,2.176182323810448
2021-06-14 09:00:00-07:00,942.8373166666668,91.662225,0.2835890222573821,8.5,856.3563109231059,9.212359611012934,35.800742662981,105.88337188557416,0.0,492.82293507531256,1060.0940381727164,1.0,492.82293507531256,235.73126734241814,1.5396350979316078,27.66052711111111,1.2283169183333331,1030.7854626984522,1030.8848092772905,1031.5186196303682,1031.110814661442,1031.2725837329283,1030.8515311549477,1030.62084134745,1032.98341184148,1034.7926769373062,1036.2076531335656,1039.90679001016,1041.2764286608992,125.27961082710615,111.7449612817539,99.66519354049596,90.23062812154456,82.61518077410564,78.96037413736137,77.30082181696216,78.53815442410249,79.53135229481636,82.32299005463804,84.79060569392223,88.16360943145271,34.74927626226379,90.0,0.46500680808495237,2.0354887192914792
2021-06-14 10:00:00-07:00,956.2032833333334,98.62764,0.2698720981097628,9.5,963.0436795840358,13.72956057630302,25.3099058596154,123.72183538940335,0.0,607.9706444522975,1044.6070040195677,1.0,607.9706444522975,258.1214182542542,1.2975920181735026,28.982271388888886,1.966248453333333,1029.8263826556847,1030.0918006980799,1029.9136435475225,1030.1065989546014,1029.8381464875165,1031.0811941974296,1031.858846950199,1032.8339360098967,1033.6436873199088,1033.6296073090105,1034.2639140803594,1035.2789578171344,139.8272722433392,127.87736107920932,116.0850326988381,107.41496072298622,100.76323500465327,98.33168846725916,96.73137963450147,98.03429696802276,100.46598739486635,104.4722865970555,110.1409467655261,116.605737820906,21.471643361221943,90.0,0.5669796486729105,1.9265440155357796
2021-06-14 11:00:00-07:00,948.7319333333332,109.66801666666667,0.2619725252352413,10.5,1013.4230826106847,16.12271135909278,17.712966934911947,155.884742380945,0.0,658.4064784933282,1024.208330687588,1.0,658.4064784933282,266.2411113044784,1.0979063932393014,30.721585666666662,1.9331062883333332,1019.5289998788647,1019.8661305396525,1019.7992288801458,1020.1426345832334,1020.1473999650242,1019.9666221844219,1020.3043554260065,1020.3028892938945,1020.1578184997277,1020.1565541257736,1020.4945133566589,1020.4979461037542,139.40754324036854,128.4457121096225,119.06749777077846,111.63607805972957,106.07655787020424,103.50918378244269,103.37761619496902,105.77904646545376,110.17749943773057,116.35702022474784,124.46241667552611,133.1059126689035,7.434763128158547,90.0,0.6853013747426614,1.8655500215700895
2021-06-14 12:00:00-07:00,940.0756,116.79418333333334,0.260504022541486,11.5,1013.156560685828,16.165459087271522,17.54123090429266,202.51877206710859,0.0,658.1890876367642,1022.5020080499712,1.0,658.1890876367642,264.6945583529121,1.0908200523952336,32.173839666666666,1.8619696983333331,1018.6422745354594,1018.6427169872383,1018.3438296588988,1018.5389253986034,1018.5402571054891,1018.5415790863337,1018.3470005040252,1018.3452016991677,1018.3426971904818,1018.1069750509063,1018.1801767501892,1018.1821866531857,132.00691826267504,123.34351268717178,115.6016867272614,109.23996973220807,104.9888946485802,102.84010392542834,103.30807084634772,106.07354012144121,111.19381907995351,119.2105454598536,128.63961926219955,139.56631910463204,6.9025314122344215,270.0,0.6899096498978724,1.8643908240054705
2021-06-14 13:00:00-07:00,925.56065,116.06211666666668,0.2652896781267244,12.5,955.2423913296482,13.85349671805917,24.95052548811225,235.41593955304947,0.0,603.2588682084665,1031.3996164327014,1.0,603.2588682084665,252.47196363528877,1.2896263497824159,33.79853572222222,2.20996955,1022.2094849399776,1021.3126041795914,1020.3602791801709,1020.5559685568697,1019.5162988916661,1018.7550995320622,1017.5838323363606,1016.6458353053833,1016.5348435991805,1016.60872601552,1016.443333584604,1016.6541974572623,114.51173583957667,107.64607091823518,102.57534758697346,98.27014355246942,96.18936747037242,94.5431505774399,96.39373927898319,99.49895791026614,106.18984692194009,113.39165504861666,124.84028497794901,137.83312530178011,20.959003285448798,270.0,0.5711500723731282,1.9233062474774132
2021-06-14 14:00:00-07:00,907.6042,110.01926666666668,0.2763637156218007,13.5,849.9909642596953,9.406296803373376,35.38274666536336,253.60530853373464,0.0,490.1458217941387,1043.140420536694,1.0,490.1458217941387,230.23200895387615,1.529230278168126,34.90214711111111,1.9573416683333331,1025.1315944484393,1023.198914725322,1019.6625757703047,1018.0816939673183,1015.777935517198,1013.8010948852971,1014.0224971403982,1013.5273327218117,1013.5621756671806,1013.4621212045957,1013.6978390982613,1013.4199298581024,87.9863081756065,84.53847861195435,80.99469100550857,78.83661337684906,77.01572828088352,76.7145255965021,78.47477860451524,81.73763228362463,88.03502562068336,96.9241777533309,108.27889377730729,121.36316969133064,34.2678900569032,270.0,0.4684685025166627,2.03072887874029
2021-06-14 15:00:00-07:00,865.1405833333333,103.14603333333334,0.2961728531633794,14.5,696.3019453671832,3.1857581973812508,46.71577529557946,265.6217296607417,0.0,352.42125570167804,1026.455207716146,1.0,352.42125570167804,198.69616608163898,1.8654776769709738,35.18434966666667,1.96546614,995.9476104376721,993.1319595090199,990.4231420910999,984.9789809176091,982.1809836821623,982.53877574015,982.5840730483521,982.6224117958253,982.3122667488557,982.2230443167512,982.8478232485816,982.9112856294348,68.74480565207624,65.38801507829682,61.7942082676809,59.58555284991715,59.009389555334096,58.7565664342797,62.978961284055465,67.03328061029771,73.8099917331554,81.99425531064011,91.86329433704489,104.9898916208158,46.63219505288289,270.0,0.3865196813171187,2.170463724126013
2021-06-14 16:00:00-07:00,781.3491833333334,94.49339,0.3232681763470074,15.5,505.84091791147455,9.237907225777267,58.233552986930675,275.1823225457399,0.0,193.4146785919633,944.5023738347378,1.0,193.4146785919633,161.08060585554188,2.4650775707908736,35.10149688888889,1.5014024833333333,914.8231492649501,911.5989624026836,908.3099868905323,901.4914370151712,898.3445074099191,898.0369759129871,898.0645203061925,897.2671230731185,896.4503435206849,896.3465581971678,895.7706824603617,895.0522953283581,54.18821731261899,52.51545335819742,51.44346430136317,50.17596927542255,50.58575931333076,51.96094649058866,56.32431464372831,63.083581515062846,68.87896145897525,77.12794270597189,84.4836309550721,92.20954834970286,50.0,270.0,0.366977778440511,2.214355247456318
2021-06-14 17:00:00-07:00,652.9822499999999,77.09299,0.3482468060272609,16.5,304.7672737689492,22.903430039345736,69.59410917989922,283.868441661855,0.0,50.874138804561845,757.8817952089015,1.0,50.874138804561845,108.1755352059169,2.857142857142857,34.242501,1.336041715,736.4197816253767,734.015616144965,731.7188786914872,726.706713958427,724.1311415001412,723.5881783580583,723.3250077641834,722.7488589983576,722.2227255663378,721.9077560958011,721.3219691371692,720.7126943511971,31.450794797338496,29.62083910346567,27.775384117312267,25.777941600762887,23.80294509285465,21.666941900015026,21.179086756675744,20.48875014899814,19.60548882754639,18.507459670269068,17.31484891886423,16.065134156717754,50.0,270.0,0.366977778440511,2.214355247456318
2021-06-14 18:00:00-07:00,407.73151666666666,48.50485666666667,0.2705856170256788,17.5,115.52113330623207,61.990970286281794,80.53972521516869,292.52806733191215,0.0,22.420971575349743,269.8088477078737,1.0,22.420971575349743,34.61743666680728,2.857142857142857,31.72262988888889,1.3522676933333335,252.54149997560015,251.93658150955144,251.37238831167073,251.37147395124148,250.7844606854364,250.15346589149544,249.48778837992555,249.41561577102772,248.68515394529896,248.57559653354951,248.44890958423812,248.33173452566834,8.014480214814105,7.4327029705571075,7.34541194669164,6.8062309845783595,6.725750182876408,6.23248498828411,6.182086619999658,5.877019609716903,5.759065822449348,5.776936484494847,5.56268893459572,5.5639688308189985,20.253487336992766,270.0,0.5769129200335159,1.918972589550293
2021-06-14 19:00:00-07:00,18.513839916666665,8.4592212,0.2573539311268059,18.5,9.058060275156553,84.69740593473934,88.1464170887324,299.20734649796793,0.0,5.41992783108253,10.160125801782586,1.0,5.41992783108253,0.010064270372428349,2.857142857142857,27.225008777777777,1.0255582341666667,8.71382043718184,8.71382043718184,8.71382043718184,8.71382043718184,8.711940057016301,8.711940057016301,8.711940057016301,8.711940057016301,8.712136993714902,8.712136993714902,8.70945567985902,8.70945567985902,1.2402336873648592,1.2142284455242687,1.1896212473616048,1.17047493584158,1.1548838633436258,1.1457586493978873,1.142540499813094,1.145570539053822,1.1560909213323836,1.1719322427858234,1.193271936531126,1.2193564845150868,3.9533500506867743,270.0,0.7155278805800962,1.8595223421519116
2021-06-15 04:00:00-07:00,40.27434698333333,6.162882883333333,0.2323524475410483,3.5,7.185140371144851,85.84120243307608,88.54554238524213,60.39625583768015,0.0,3.946050035810075,9.079076259821257,1.0,3.946050035810075,0.004542178009551472,2.857142857142857,19.080071333333333,0.5107101721666667,6.842703601015854,6.844073533597396,6.844073533597396,6.844073533597396,6.844073533597396,6.844073533597396,6.844073533597396,6.844073533597396,6.844873988700461,6.844873988700461,6.844873988700461,6.844873988700461,0.8028492775304746,0.7855628918829015,0.7712730311553659,0.7605034219995457,0.7536088359633772,0.7511670335866941,0.7528659889378548,0.7585473524244092,0.7678718250577116,0.7803857835204935,0.7955098390965989,0.813930882272737,3.111335088904586,90.00000615664932,0.7228618214748391,1.8586169050187544
2021-06-15 05:00:00-07:00,480.9488,38.19260166666666,0.2665761181717954,4.5,113.74290992273552,63.33218720480725,80.96220429582092,67.09568361053557,0.0,16.550536474844016,281.07677019785996,1.0,16.550536474844016,33.027697605885,2.857142857142857,20.528661,0.7668931213333333,257.2328312579059,257.4066412431735,257.4921370521128,257.5750447985206,258.1548986778324,258.69102401505177,258.70692407108993,259.2362611966308,259.72790108705624,260.264672282373,260.19801706326353,260.72786309465374,4.059170554628149,4.284569885717567,4.23891705129771,4.223391479220349,4.541452820740452,4.5600286168637325,4.717098708093679,4.9956993883883705,5.204836562188126,5.49228182239688,5.555829768974854,6.024610122692318,19.291736743820053,90.0,0.5848108633331937,1.913294248249937
2021-06-15 06:00:00-07:00,751.8016,58.31290166666667,0.3084841327860833,5.5,314.97529916399975,23.45799954244636,70.03802378581538,75.76327813870091,0.0,39.990706387833455,813.6726448419142,1.0,39.990706387833455,98.53785341195399,2.857142857142857,26.85845644444445,0.5037260133333333,779.4040540654316,779.8713999102284,780.3359303689355,780.5786224060784,780.9992616843041,781.4438236163201,781.6526681792826,782.0758031976162,784.510634971197,789.2910112231986,791.4673228760017,793.7470906618823,11.281582585759619,12.158578562993137,12.991984365123464,13.807404712909113,14.475821368709575,15.017626871973553,15.429584156258061,17.515585923615323,19.476201605427768,21.471057706799932,23.342876037289884,25.217522242773278,50.0,90.0,0.366977778440511,2.214355247456318
2021-06-15 07:00:00-07:00,870.2092833333334,70.59959333333333,0.3156803564444329,6.5,522.8415812694222,9.791518640177678,58.68831493748292,84.4286937584078,0.0,192.74016645229315,989.4595618588871,1.0,192.74016645229315,158.2324795875364,2.4966271059664384,27.944157055555557,1.06383711,943.4404476025729,944.1010272464331,944.6307960954948,944.7096706856836,945.4614126841527,946.1881496499897,946.1631989026565,946.3945755883226,948.9543063902618,954.6292302738474,957.362647849484,960.0427695805785,92.55426840301601,84.59399884533234,77.0016055151091,68.51258754596915,62.47083936749271,55.47687395234259,50.9931130280966,48.96421479247045,47.94460956526652,48.62259683219651,49.0757551729566,50.160155229311464,50.0,90.0,0.366977778440511,2.214355247456318
2021-06-15 08:00:00-07:00,928.9619333333334,80.64099666666667,0.2986984730646756,7.5,712.1777447890681,2.875506026824684,47.16959308491723,93.92237262172421,0.0,351.01109516597984,1066.363800945631,1.0,351.01109516597984,200.30043242015356,1.882064626074281,29.514079166666665,1.3753223016666667,1024.1828032915184,1023.9287191948721,1023.5416026555223,1023.3685151548033,1023.2332974248401,1023.4027665997736,1022.8581875583129,1022.709306633336,1024.8108882481395,1030.0042106958217,1032.8912188851507,1035.2369392038383,105.76886225755177,93.42441563404672,82.68684040306671,72.4829179130302,66.58969978377272,60.9398926810521,57.39811932442058,56.1826671205143,57.406254475738336,59.18318310442008,61.68269202207663,64.72355955938193,47.102597515580804,90.0,0.38371312067459484,2.1764551988617447
2021-06-15 09:00:00-07:00,951.4946833333332,89.61118166666667,0.2824050305336064,8.5,861.1773631194054,9.155121313557713,35.81613093892385,105.77694063316717,0.0,495.46225892454606,1066.6136767217836,1.0,495.46225892454606,235.8293498106361,1.5402742388815776,30.6418135,1.84606133,1037.4804244743952,1037.5622012518356,1038.186993545641,1037.7673912754967,1037.9171989465121,1037.4876772605107,1037.2544657132541,1039.5943378515067,1041.3712307756116,1042.763141532298,1046.4220710064747,1047.770499719329,125.43234922564659,111.85587478261876,99.73828012413799,90.26627968213789,82.62300460366855,78.9386590939487,77.27343143494645,78.48212724578207,79.45012391206876,82.2219245852696,84.6769466387406,88.03108242253948,34.77860369324409,90.0,0.4647965593896574,2.035780580278323
2021-06-15 10:00:00-07:00,966.7828,96.27988666666668,0.2699673135336882,9.5,970.2227895157894,13.677575586615909,25.315049947279125,123.57269744929702,0.0,612.4637553672221,1052.7724817712315,1.0,612.4637553672221,259.98201200868033,1.2981912255589403,31.854303055555555,1.9654754866666664,1038.044399001649,1038.2986653675512,1038.1161380082158,1038.3031863737763,1038.0259617996062,1039.2625234458962,1040.0238491388066,1040.9889120481328,1041.7905634402223,1041.7718046632556,1042.6635813978476,1043.401271288125,140.90111673346274,128.95950707809246,116.93199389386498,108.18036066256076,101.45786411342651,98.99483536004952,97.38054522020957,98.6754732076782,101.1220335094046,105.15201168762854,110.86450726027215,117.37692354332573,21.510017737141425,90.0,0.5666680511739544,1.926789383371422
2021-06-15 11:00:00-07:00,938.4672166666668,114.01025,0.2621843342130471,10.5,1008.0921688993008,16.077948492262852,17.691895536884417,155.68669685185853,0.0,654.9299990441745,1018.9263387576029,1.0,654.9299990441745,265.06768673851025,1.098537328074083,33.07385633333333,2.2619577733333336,1014.1254672697406,1014.4620680463356,1014.397177062517,1014.7402576194977,1014.7449981581341,1014.5660932497476,1014.9032848319874,1014.9018153883927,1014.7583820309953,1014.7570597770246,1015.0948931090837,1015.0983618443191,138.8000898497861,127.90175928594597,118.58193503943077,111.19770738630243,105.6759257178599,103.13050222114094,103.01010750345147,105.40365519190941,109.77628891668348,115.91687767877038,123.97171630325337,132.5490567752813,7.482081192329346,90.0000020913098,0.6848919403986022,1.8656572232077187
2021-06-15 12:00:00-07:00,919.3398166666668,127.53441666666669,0.2595905801559647,11.5,1004.3852789443554,16.129525021220587,17.4873746729139,202.40617399085696,0.0,652.4496256656383,1013.4325471919992,1.0,652.4496256656383,261.4862116559507,1.0900932246768171,34.38393422222222,1.8603689883333332,1008.8991567887546,1008.8971932891984,1008.7664967540019,1009.0598618129817,1009.0623459970728,1008.9671326627767,1009.2584379745828,1009.2571502683417,1009.2019185125646,1009.0678119081145,1009.3598874324283,1009.3594552012722,137.9261278241211,127.17747085594596,117.90238458371556,109.92730571959301,104.97784788667852,102.25591007582011,101.89455194406823,103.90467689497245,108.0934281627308,114.02925123058547,121.98191175154574,130.52308246578147,6.847862632421721,269.9999954022882,0.6903832944575655,1.8642766054850286
2021-06-15 13:00:00-07:00,880.7666333333333,144.04913333333334,0.2674302391854197,12.5,943.0234439047762,13.827123734485879,24.88760459656207,235.39635962172096,0.0,595.935746929848,1016.1599018510914,1.0,595.935746929848,251.52646331893934,1.2887072897010028,35.20164666666667,2.142515873333333,1000.6672893847092,1000.5170525258184,1000.9843036294006,1000.9543716694069,1000.8775023311814,1001.813755584432,1002.9915855151318,1003.7580428607419,1004.7961332884383,1004.6117907342054,1005.5598090672333,1006.4593634722186,137.2851891882682,124.5253109610403,114.97179172255167,106.24726765040451,99.70465692759822,96.69193837635996,94.89517390517726,96.55935092316422,99.04128815899001,103.23249268864946,107.89611126330968,114.682400278818,20.899557411004885,269.9999985212207,0.5716346085398911,1.9229356271787936
2021-06-15 14:00:00-07:00,830.8760333333333,156.53133333333332,0.2800530039577981,13.5,834.4770232761628,9.389184628130959,35.31950332648322,253.609497181715,0.0,489.47475885665506,1027.8491267440563,1.0,489.47475885665506,235.15753349491396,1.5279069551956463,35.78967883333333,2.14277264,1010.0977235352848,1007.2384187426511,1004.7428330596681,999.1800987016953,995.8824409456903,992.8910961979315,993.1052618055454,992.5530503833086,992.5847849726875,992.4437532523001,992.6631427729674,992.3536324792201,95.06840375236798,90.61700792724123,86.1015354150481,82.94013800760747,80.17180500003454,78.94178927498004,80.52035562476128,82.81063894421202,88.9038900888867,97.51299036866376,108.62199434743471,121.43370544060838,34.20612865465609,270.0,0.46891407826125425,2.0301224109620395
2021-06-15 15:00:00-07:00,719.9760666666666,169.2540666666667,0.3004757601725014,14.5,663.4573559034054,3.1768109447110944,46.65290886583512,265.6295086241104,0.0,339.0332453480456,974.9806486213167,1.0,339.0332453480456,202.2008628700556,1.8632986761612713,36.21436366666667,1.7478230766666667,923.0542917232474,923.2318776242626,922.7519122753516,923.0769108253331,923.5929793390628,923.6655763345921,923.8417188083409,923.6027434051786,927.850142465372,935.8581164464377,940.063696779105,943.9284302305335,102.56178232220657,91.64302260497315,81.04862943221282,73.45230505952779,67.16382864564139,63.47621482631474,59.60887271726188,61.121419451097786,62.94208140064861,66.33186516137974,71.06119607439462,75.57743554077538,46.56961517746817,269.99999914622634,0.38689490206430116,2.1696701293838383
2021-06-15 16:00:00-07:00,511.35945,167.0442666666667,0.3257332723423031,15.5,436.729360328707,9.183643689090387,58.17082443651605,275.18856129316566,0.0,185.77062912039503,755.6725982550324,1.0,185.77062912039503,149.66283904144274,2.4606101439694164,34.853969166666666,1.8690358083333332,728.4588911017081,725.4076419861113,722.297753204743,715.7938697549099,712.7590198212904,711.7287312601457,711.3997435604153,709.993902885258,708.5492053226333,708.1007624334457,706.8165484040604,705.413681375247,60.309931346548765,58.43938811427973,57.016059118261104,55.392715399749086,55.07676013465389,55.484922565487224,58.352807818548264,63.03632476541065,66.97478163205524,72.85372170870792,78.06692572465799,83.65390509612851,50.0,270.0,0.366977778440511,2.214355247456318
2021-06-15 17:00:00-07:00,320.97920275,120.09211833333332,0.3276041564328014,16.5,232.3367015080026,22.84943845837799,69.53138447030845,283.8713643549311,0.0,71.33666281038015,468.9331069759979,1.0,71.33666281038015,83.4324078599826,2.857142857142857,32.914295,1.6852694133333332,452.95992468939073,451.65759018220774,450.3950084350123,447.6010627292046,446.2042916809034,445.05021590901305,444.5333061968993,443.3517921030574,442.1676282383198,441.6008691647008,440.36766928438584,439.1070805790136,34.13263821679424,33.09545455991774,32.049059267141196,30.8618811974286,29.743129717777762,28.54070641099468,27.89252414663582,27.172138452898647,26.334470881311223,25.51662475021508,24.648755958488575,23.862590730979424,50.0,270.0,0.366977778440511,2.214355247456318
2021-06-15 18:00:00-07:00,130.76672100000002,58.21606666666666,0.2828207318135725,17.5,79.85028569471575,61.7909792738495,80.47712736182781,292.5264819236037,1.5543122344752188e-16,30.568456091531985,141.97473349516724,1.0,30.568456091531985,24.379852748588334,2.857142857142857,29.817220222222225,1.79349599,133.30392215799355,133.12374166708082,132.851185439061,132.75597782814313,132.57630220196558,132.27232780743336,131.96686077872923,131.82331090681697,131.48935832077925,131.32303710250562,131.16921519348972,130.99143973227154,9.065582754736571,8.848915281673774,8.581116075374352,8.377451646202399,8.136176101320876,7.949308656751373,7.766286843282076,7.636974099386858,7.518953520608143,7.560945919471201,7.561774194498206,7.597894170570246,20.40607284733388,270.0,0.575664305505688,1.9198978184786113
2021-06-15 19:00:00-07:00,4.24784705,5.836479466666666,0.2566201751437492,18.5,5.966067551088446,84.99962884640587,88.25181971482446,299.35839691364436,0.0,3.7388235470922457,6.200539205526052,1.0,3.7388235470922457,0.006191921651291501,2.857142857142857,27.34514261111111,1.4704052266666667,5.662341302307632,5.664191287417791,5.664055822103419,5.664055822103419,5.664055822103419,5.664055822103419,5.665353199245619,5.665353199245619,5.665353199245619,5.665353199245619,5.665353199245619,5.665353199245619,0.8388030511339751,0.8208781526238378,0.8061943947169846,0.7952743626478576,0.7885034937121984,0.7860525465896597,0.7880737138076284,0.7943504565737317,0.8043482173964496,0.8175664597777011,0.8341429297324519,0.8532563619389517,3.7330796627018556,269.99999280597535,0.7174457784602798,1.8592646628527068
2021-06-16 04:00:00-07:00,21.18114195,6.9094607833333335,0.303636088944727,3.5,7.442764512945026,85.87470398607614,88.5572410417272,60.33642082975985,0.0,4.424005551101111,8.4281690712792,1.0,4.424005551101111,0.0050165804482687195,2.857142857142857,25.607483111111108,4.7601811666666665,7.057438655197043,7.0589745428047035,7.0589745428047035,7.0589745428047035,7.0589745428047035,7.0589745428047035,7.0589745428047035,7.0589745428047035,7.059848000982191,7.059848000982191,7.059848000982191,7.059848000982191,1.1761525429676363,1.1508295208820445,1.1298933703098724,1.1141122900749232,1.1038332317796642,1.100250523689007,1.1027347097325662,1.1110565692657994,1.1247195622423496,1.1430593963242204,1.1652272418146714,1.1921865574777966,3.0880739498109366,90.00000609716339,0.7230645162187055,1.8585949520056673
2021-06-16 05:00:00-07:00,229.53608333333332,58.60753666666667,0.3041622093563276,4.5,94.60219324144705,63.38185037308026,80.97793570587679,67.0361819704749,3.8857805861880464e-16,28.47280952503105,191.2469382957945,1.0,28.47280952503105,31.229005824317053,2.857142857142857,25.564014722222225,3.68672385,174.83715449593296,174.972722323415,175.11966758700117,175.26251229099833,175.74609689239156,176.13075918008764,176.2077498946726,176.65824117913814,177.06806952036595,177.45399049063843,177.46911699239746,177.84151367743658,7.630568596348719,7.750771065456707,7.659896194122831,7.62919903606434,7.897488098596983,7.9323931819362254,8.13332772629934,8.397992685189676,8.667726259998851,8.948398171575768,9.071197152610788,9.540572321878003,19.26333139745395,90.0,0.5850448480354394,1.9131305736627136
2021-06-16 06:00:00-07:00,432.09135,113.00865666666668,0.3266260453662309,5.5,260.38305763126715,23.502581068065037,70.05778068819644,75.70224506197485,0.0,62.62961519289971,585.3391055636206,1.0,62.62961519289971,93.29079248074717,2.857142857142857,27.128837,3.6790709,550.6315514103636,551.6823297217435,552.721003442706,553.1995834735328,554.1913899370223,555.1793329133013,555.6164448309102,556.5818481422845,558.7848853604119,563.1681781847684,565.1674916180835,567.2314015329608,20.43584056237096,21.200769690420092,22.018561300722972,22.824613685589124,23.62052692977771,24.30606128072192,24.92325520159041,26.84061361616926,28.671518591548605,30.572037112771355,32.33849623402929,34.10416976881205,50.0,90.0,0.366977778440511,2.214355247456318
2021-06-16 07:00:00-07:00,595.8549333333334,153.38876666666664,0.3240228223852314,6.5,462.85412288693345,9.836113851900114,58.71042807143555,84.36276204288696,0.0,186.95142341134212,832.9014354069723,1.0,186.95142341134212,158.13025536800825,2.498030074734593,29.388132944444447,3.5236809,778.6702814633201,779.9142898226223,781.0426343536752,781.4101578178936,782.7018860068861,783.9533673414951,784.219506556311,785.0630400517086,788.7637205820486,796.6061580915435,800.3781047765237,804.0832284107283,86.96260137331528,80.68234551812513,74.77967914470679,68.15374116204387,63.594072396295665,58.244223538755556,54.94386999281502,54.70895470312596,55.30932401252588,57.34374200786475,59.1687406910116,61.519388631313184,50.0,90.0,0.366977778440511,2.214355247456318
2021-06-16 08:00:00-07:00,652.0984333333333,266.9839166666667,0.3072338144768053,7.5,710.1126124761593,2.8205842743788243,47.19208576509731,93.84600265496437,0.0,370.1418191884343,1006.6690202534683,1.0,370.1418191884343,224.6274567754728,1.8829594960090856,33.315128333333334,1.9952374233333328,946.1275827631574,946.4889319632291,947.5755260606803,948.8035678531121,949.3246517673491,950.8172971396918,950.9278496581744,952.1012857064545,955.5571770661968,963.3740403457659,967.5568842864622,971.12296464761,115.85007776290576,105.35272691312313,95.93059687856727,87.4798370785253,82.94644147188579,78.62481161471429,76.18552641076937,76.54236847120654,79.1305305053641,82.1347867839422,85.77960461405904,90.98501066631455,47.127679612102746,90.00000085377364,0.3835641651032491,2.176775959348671
2021-06-16 09:00:00-07:00,228.7266105,385.7192166666666,0.2935181506349858,8.5,571.1472630338349,9.10406828043842,35.8358840988997,105.67976835946332,0.0,350.56938084619014,638.5401957592206,1.0,350.56938084619014,178.42472118149846,1.5409794892053703,34.03655111111111,1.4472808899999998,596.3294599037955,599.0506455268071,602.1373981011245,603.0975683154472,605.6428442705412,606.5370420462157,607.5452270022244,609.6520488069781,612.4819998108583,613.9300391713089,616.3480650413948,617.7309390513709,94.14113909425461,88.70045991999268,83.43460674403245,80.29346373377831,78.03872151884376,76.73488877664673,77.28754783556221,79.08107770366914,80.66299260745501,83.03220700420266,84.2159581490163,86.64829333378182,34.81093214876819,90.0,0.464564882900796,2.0361025562402433
2021-06-16 10:00:00-07:00,441.4848176666666,301.7217166666667,0.2885829086330995,9.5,700.7766462945216,13.632148451918319,25.32543333511747,123.4343888535991,0.0,444.6928954885209,760.3747765225803,1.0,444.6928954885209,211.76317853919244,1.298822911551545,34.53490288888889,1.7302510966666669,734.3827602320855,735.2470921449585,735.4199368957652,735.8611553116978,735.9374486588562,738.6234310597305,740.6849560714058,743.1294941850172,745.3215492263876,745.2778959430632,747.5702809286087,749.473579765856,110.42885814150097,101.3578853570855,94.06220375968412,88.85185299913158,84.62065966149807,83.2463582957664,83.27785742789636,85.10853063967662,87.4393281791644,91.15304241637853,95.80413799163216,101.19724982554737,21.55044304633891,90.00000147877934,0.5663398891784599,1.9270483163718244
2021-06-16 11:00:00-07:00,252.6352786333333,407.0235333333333,0.2899640349151368,10.5,647.7295149474468,16.039983592286518,17.677546005635293,155.49524683754066,0.0,419.7549821111368,654.7613768604614,1.0,419.7549821111368,190.86942944075267,1.099180406067797,33.817751,3.05220065,641.737544717709,642.3467383717352,642.3265915244585,642.9397837467026,642.9425382927037,642.7830806421116,643.3926663960015,643.3917779146586,643.2015215616904,643.2006920386873,643.8110036257362,643.8130385409472,100.49423055870672,94.17678422471815,88.81872928151905,84.62596314631311,81.52540554392017,80.16986176683785,80.23374380134875,81.94261919455712,84.61087510085208,88.29771408988431,93.0990094826698,98.18048869179984,7.530298400126355,90.00000307832465,0.6844747716149358,1.8657671575312818
2021-06-16 12:00:00-07:00,141.81478706666667,473.31395,0.2915944191203872,11.5,608.6096944594643,16.100436960898104,17.440006620414778,202.28481896056644,0.0,393.6466101881143,612.086086512979,1.0,393.6466101881143,179.13619288433492,1.0893711040956597,34.80720933333334,1.5563849566666663,597.38219543086,597.3823634110086,597.1137553532586,597.1208589325055,597.158067766833,597.1586967168136,596.890304677059,596.835871332917,596.834635165569,596.5653969450584,596.49684304295,596.4978437132156,94.39199346042749,90.0831578620329,85.91380962449931,82.85237270779407,80.62494958183522,79.44883803371152,79.43617514891794,80.58052318761636,82.725871710194,86.46921939659538,90.88964060640053,96.08497304434067,6.793536873843872,270.0,0.6908540208836845,1.8641639990509593
2021-06-16 13:00:00-07:00,29.28481333333333,397.44113333333337,0.2956818195899912,12.5,424.01890280033194,13.807447480829666,24.829483906033886,235.364988202264,0.0,274.8396452760152,427.06593632431213,1.0,274.8396452760152,129.13717056416792,1.287812524477898,34.892092444444444,1.2004451416666666,411.4395202039693,410.9113364312262,411.18864170753443,410.46844279328644,409.86032784266877,409.3937382186401,408.71931322290175,408.9749834045927,408.19209040240764,407.16816315943703,405.1881892932358,404.25860498129396,70.56261592321142,68.27720096488562,66.20664098045226,65.02322353215874,63.48592522074676,62.67300176368303,62.556521461110975,62.56388582575317,63.676910198752665,65.04105436538136,67.32023250607962,70.4235527781627,20.841624775446896,270.0,0.5721069952170547,1.9225754088561218
2021-06-16 14:00:00-07:00,482.7032,330.3122333333333,0.2888713869068191,13.5,724.4583926389148,9.378474586802204,35.26014465292271,253.60389016072952,0.0,434.1368422215305,864.77773975464,1.0,434.1368422215305,221.12822393046068,1.5266395182796697,35.858341277777775,1.2650323466666669,845.0911728315273,841.7467371953304,838.7171048486676,832.563502156475,828.7746069321004,825.2638581136833,824.9255109465942,823.3137546990239,822.7947254057063,821.5042661305437,821.1054895019897,819.6118400462119,99.73070187968285,95.17115711633893,90.52998272428147,86.96913115893105,83.65766349016697,81.98575674533974,82.59381996782645,83.2988127577283,87.82983062378312,93.99923001399665,102.21890009160558,112.22296321926275,34.14686128434315,270.0,0.4693419679871121,2.0295413369251794
2021-06-16 15:00:00-07:00,300.77393333333333,334.12724999999995,0.3026087081589956,14.5,540.809624438948,3.173906390545094,46.59361258691284,265.6292287967882,0.0,304.1319636455863,698.7378052503943,1.0,304.1319636455863,180.2243959813226,1.8612392048985709,35.85159994444444,0.977789805,670.2617621019492,667.6062449165204,663.6909196169368,659.0748495707148,656.4505538722326,654.3294513105957,653.6237455645321,651.2289428855934,648.7898920780915,647.9652161733886,645.7552744152931,643.4345087408965,85.90262848200956,82.8295212842564,80.02777038283008,77.02834421701519,75.45500194070122,74.58973134047062,75.25686550588587,77.0718355488289,79.12300612718668,82.65593415894084,88.22988584238142,94.10329952414212,46.51029869058588,270.0,0.38725095584194086,2.168918675753059
2021-06-16 16:00:00-07:00,65.10521058333333,260.3562,0.3046040440700236,15.5,294.74902082524846,9.130155539729655,58.11167998019842,275.1879091596012,0.0,171.45372291446108,349.7586771593487,1.0,171.45372291446108,105.04805541427207,2.4564311752449197,33.61402811111111,1.7843856866666667,330.86187804567385,330.557518160624,330.2440961955949,329.36195262422825,329.0785554074875,326.4798580178144,325.36140764797665,322.63482098025474,319.8289399194573,318.6177764711157,315.79465447243194,312.90525461681756,59.988095202768015,59.93119490407631,59.94678294283852,59.73676459728013,59.959876722273954,60.336801836477576,59.93714480096715,60.062835736984574,59.940224138832846,60.59329406750897,61.08908176831014,61.94112545717597,50.0,270.0,0.366977778440511,2.214355247456318
2021-06-16 17:00:00-07:00,15.836190933333334,133.68038333333334,0.3059164208158845,16.5,139.2334630925146,22.79612599160204,69.47246152103887,283.86818220953444,0.0,85.8700937883596,144.32413399998055,1.0,85.8700937883596,50.180501385753274,2.857142857142857,31.125204222222223,1.2280476916666667,135.19823482545692,135.64409094121243,136.1021215277815,136.88526611316263,137.34803827417323,135.73302951024445,135.01828032650295,133.3798333255084,131.69741407933182,130.93688588508263,129.2116944277709,127.46031452586229,31.03740043555245,31.46855328367424,31.868422165523196,32.134186828877354,32.46810622745961,32.76858478634274,31.97902109196108,31.22181150258116,30.41267024345157,29.78391099184786,29.15585498105703,28.702954434230243,50.0,270.0,0.366977778440511,2.214355247456318
2021-06-16 18:00:00-07:00,21.942442683333333,95.0492,0.3039403677689586,17.5,98.70145319074037,61.603999506250794,80.41869753952686,292.5193600812065,0.0,53.56622440435074,126.84055364914852,1.0,53.56622440435074,29.591629048297012,2.857142857142857,29.85331761111111,1.2932556066666665,119.22675990602488,119.53782460149748,119.8051664948938,120.09634560511472,120.33685464187559,120.24126181126417,120.11748779050654,119.73426287277195,119.64585847616777,119.91585362319572,119.8362736136161,119.42780178845058,13.90531225222249,13.793957342994009,13.455702388784248,13.479235715252864,13.490638661254296,13.426766293639714,13.654445210082558,13.670477675446273,13.971394611502202,14.017651100706654,14.334486464962286,14.405521910508163,20.547956368390416,269.9999982924527,0.5745043750675658,1.9207641183206339
2021-06-16 19:00:00-07:00,0.3528696,7.261430583333333,0.3004289008714428,18.5,7.2725506438766185,84.83421811164277,88.19412599292367,299.3473540703415,0.0,4.652111206782265,7.284981241610285,1.0,4.652111206782265,0.00822092424823465,2.857142857142857,26.699492111111116,1.1799416316666669,6.876482856858114,6.876482856858114,6.876482856858114,6.876482856858114,6.876482856858114,6.874868730720553,6.874868730720553,6.874868730720553,6.874868730720553,6.875066061185722,6.872764410244543,6.872764410244543,1.2424338964563097,1.2163413183358418,1.1916800503736469,1.1715340322995509,1.1569846238873283,1.1478407752316486,1.1446308089580364,1.1484459189844658,1.1582785194593566,1.174166974864107,1.1955527487599849,1.221678764375236,3.8564204982843515,270.0,0.7163717866880568,1.8594071340789862
2021-06-17 04:00:00-07:00,25.240527083333333,9.162799566666669,0.2994788856604466,3.5,9.791022046735534,85.92210215322753,88.57379309248894,60.28145402212511,0.0,5.866638526585419,10.951213275820468,1.0,5.866638526585419,0.006507565790740995,2.857142857142857,23.629610055555556,3.0998098833333336,9.275133201913489,9.277169978841128,9.277169978841128,9.277169978841128,9.277169978841128,9.277169978841128,9.277169978841128,9.277169978841128,9.27833014910625,9.27833014910625,9.27833014910625,9.27833014910625,1.5383499974515769,1.5052345098097277,1.4778504769168597,1.457204633268358,1.443763255028796,1.4390674667847068,1.4423072085972495,1.4531881517049312,1.4710621129868608,1.4950602255209147,1.524074061944095,1.5593674791405112,3.0542172879778704,90.00000677661822,0.7233595469866446,1.8585632934360024
2021-06-17 05:00:00-07:00,262.5588,60.15031833333333,0.3001929773860466,4.5,101.2317271061204,63.44578358584907,80.99819637687213,66.98192650553892,0.0,29.341237292864527,207.71320209868168,1.0,29.341237292864527,32.815046006502186,2.857142857142857,23.397332444444444,2.5756915166666667,190.0061841287264,190.14617642388953,190.2975904122444,190.42775941510908,190.92954627184574,191.311342069412,191.39228039456438,191.84409950831105,192.25489019367552,192.63794935458964,192.65707035646102,193.02647598214733,7.762226625674542,7.88085958529806,7.788566336649227,7.757285796343279,8.026313004948648,8.061839467898833,8.266094223164213,8.531184219506459,8.64964187197093,9.086864877064453,9.211923647514611,9.684357794620396,19.223239380406,90.0,0.5853751688848139,1.9128999541135647
2021-06-17 06:00:00-07:00,438.7414166666667,122.59222833333334,0.319602177459629,5.5,272.06243495572517,23.548293716473086,70.08172169748215,75.64704288742644,0.0,66.05434348534332,603.6846166978104,1.0,66.05434348534332,96.12530478116378,2.857142857142857,26.89479372222222,2.617654936666667,567.597144180365,568.7551053017386,569.9025331498007,570.4226546556621,571.5244913178768,572.6101540446151,573.090175694861,574.1557397058039,576.3949467136157,580.8698947919662,582.9109075749684,585.0109032534341,21.484313204092178,22.17732906064467,22.942650880299876,23.711604683708863,24.504920599238137,25.202578287114562,25.858434600122038,27.822473990127776,29.714571619880623,31.690626019730324,33.53158298737929,35.381782095871856,50.0,90.0,0.366977778440511,2.214355247456318
2021-06-17 07:00:00-07:00,650.7427666666666,137.19928333333334,0.3214180151721134,6.5,474.9181048717968,9.881918366675174,58.7365201895462,84.30344479471098,0.0,186.61015099952678,870.3799744431847,1.0,186.61015099952678,157.9134510915135,2.499744330307308,29.43522788888889,2.7235023166666665,817.6071554707838,818.6735179294806,819.6210741231346,819.903426696754,821.029304715915,822.1196898496261,822.3009812137432,822.9626592055689,826.5525928895437,834.1912192497437,837.8705927651225,841.4840695044089,87.63026226376019,80.93764747940057,74.61566333191492,67.52868902105267,62.59461941096763,56.83265703612578,53.22995215862232,52.697845216821705,53.04606455276666,54.892353936226634,56.53137413267364,58.72471857113662,50.0,90.0,0.366977778440511,2.214355247456318
2021-06-17 08:00:00-07:00,767.6287166666666,157.16558333333333,0.3031744932886205,7.5,678.5418843114624,2.7714795253614426,47.218547651166865,93.77738192876404,0.0,339.04347591125605,1012.0076667647531,1.0,339.04347591125605,205.69955728712773,1.8839863956841603,33.57113583333334,1.34616977,960.1658824297297,959.4583225750542,959.4164504979418,959.557713470096,959.5819936830085,960.0358196151896,959.6602158414812,959.8142745705192,963.4938346913248,971.7332655060642,976.0937298401217,979.8959973799322,103.97915823008482,92.52817865548768,82.50265279931293,73.08492440369595,67.73299609242237,62.59456791456236,59.4371845929017,59.728996591537545,62.354339826879304,65.49386572708761,69.33495034589664,74.40091408862298,47.156425478378395,90.0,0.3833935377862115,2.177143734016687
2021-06-17 09:00:00-07:00,815.3725833333334,165.128,0.2846325496725294,8.5,825.9480926783285,9.059246050399452,35.859913204125974,105.59198027279814,0.0,477.53784746857633,1023.830687387661,1.0,477.53784746857633,236.81028948648435,1.5417493238597642,34.62262016666667,1.6629388383333332,986.0504444797316,986.4034027231885,987.2966687929514,987.0133398212935,987.035389149155,987.1249502244,987.0314716145847,990.6460796422737,993.7304317918649,996.3321032119377,1002.3295963214329,1004.8202536920548,122.09655393060822,109.38065652902573,97.98189182648565,89.16909566391548,82.09695440027777,79.55841698179313,78.1763113654441,79.61401499167408,82.42688451340666,86.18832654455082,89.39961069136679,93.72117368967236,34.84618210755324,90.00000120741828,0.46431237350982285,2.036453926864377
2021-06-17 10:00:00-07:00,842.6804833333333,181.4825333333333,0.2745645908570204,9.5,943.0775445464044,13.593313780629634,25.340970264401847,123.30714714101033,0.0,595.8212392478813,1027.1191297849855,1.0,595.8212392478813,262.44101546833076,1.2994858016671542,34.41535488888889,2.7291482166666667,1006.2850879652772,1006.4307932340884,1006.5631979733618,1006.8059193524291,1006.5895084732882,1008.740359316148,1010.334666887801,1012.2185306920569,1013.8552525853346,1013.7235029773501,1015.6102661039151,1016.9885410514619,139.92294509362327,126.99259925387459,116.67248774754756,108.62739512585371,102.22148608329955,99.4724006744022,98.93605519377097,100.64792778698862,103.26625433606023,107.66451406763242,113.22740084088507,120.27407156492055,21.592834059432853,90.00000147877934,0.5659958683241759,1.9273203374624055
2021-06-17 11:00:00-07:00,655.4162,341.6596333333334,0.2761490876179115,10.5,966.1540781331491,16.00883618146279,17.6698773438155,155.31091077088945,0.0,627.273777147128,978.4230663774963,1.0,627.273777147128,270.1354118641651,1.0998344432375786,35.81926172222222,2.207704145,968.7699323984737,969.5689305983863,969.4121699816523,970.2179050381076,970.2224643932594,969.9720749282654,970.6955247136744,970.6940787465687,970.3518137627336,970.3505388551919,971.1516291950938,971.1550293269111,140.97449189690528,130.50226867440745,121.56786604210465,114.5021680472337,109.25884506710769,106.86899290900018,107.09006405961414,109.33600875207719,113.58445011937192,119.52975510243812,127.30302537017494,135.5640382288835,7.579326159239494,90.0,0.6840506376341884,1.865879659796072
2021-06-17 12:00:00-07:00,174.19877666666667,473.87015,0.2873437753051161,11.5,640.0983920924498,16.078197351964214,17.39918142646175,202.15504472955345,0.0,414.1012828552975,643.7715522013985,1.0,414.1012828552975,185.56128377774516,1.0886549285390925,35.35557427777778,2.063010113333333,629.0412469817356,629.0414381967397,628.7725450650644,628.7797479837513,628.8183568834859,628.8190119061074,628.5502778714474,628.4958102813661,628.4944949139687,628.2250297899639,628.1079650328294,628.1593120860019,97.50929399662479,92.75680557272405,88.5574409585675,85.32783717510422,82.98103576552629,81.7554813215499,81.75954701621764,82.98877996879683,85.2856631659813,89.26264991703138,93.95367665260756,99.45870038097237,6.7396434148001845,270.0,0.6913210540253966,1.8640531707613914
2021-06-17 13:00:00-07:00,211.49110676666663,386.0917,0.2907852994812593,12.5,578.1153324697175,13.79445583626699,24.776241282731945,235.32190302481035,0.0,369.4338001289823,611.6822704336108,1.0,369.4338001289823,176.55123162200363,1.286943353390376,35.07695777777778,2.108652488333333,598.7021837494601,597.1386384336538,595.7562488627104,595.6170567526912,593.8487579321841,592.2062668393764,590.7966266419302,588.8226294164318,588.4137601787514,587.6996433519203,587.2244728369257,585.7442076462036,87.93073666820214,84.14988731452293,80.63747609225742,77.97132570879195,75.99253535308594,74.63656791637592,74.89107608637735,75.33213406347996,78.43002706216987,82.39851714220177,86.7778807503912,93.37913083951193,20.785293220568217,270.0,0.5725665009765855,1.9222260620764557
2021-06-17 14:00:00-07:00,0.8616207833333333,164.70949333333334,0.3084238209558494,13.5,165.41352117228266,9.374142722772568,35.20475125216367,253.5885240320389,0.0,110.27870681921895,151.95945351045648,1.0,110.27870681921895,54.44752073264499,1.5254294736231566,33.77214566666667,1.2324048466666668,142.05993157143132,142.25188194353026,142.5661404817647,143.94922793230134,144.14782499744632,144.46521622737015,143.7358779354914,141.99412157645148,141.2033943440975,140.43733876749835,138.6662148261211,136.84048218451338,32.28781345021917,32.35161931789909,32.375852154025814,32.27545232632563,32.111950286621315,32.548927280831585,31.735680780219795,31.761720569894475,31.663295959741163,31.213012163341258,31.0126611954773,31.550281908223003,34.09017318759176,270.0,0.4697515172507798,2.028986379376101
2021-06-17 15:00:00-07:00,0.6122124333333333,107.03081333333331,0.3003215096967143,14.5,107.45193819199359,3.1770063692083927,46.53796793551758,265.6209224756843,0.0,73.19124050163589,91.16226747527703,1.0,73.19124050163589,38.388135666758906,1.8593011497045806,32.06324716666667,3.015839255,78.03078784123211,79.4971075377271,80.93425485376595,81.42082264745946,82.84209902449797,84.20553449669725,84.92531933996004,86.23219428074061,85.88446074884364,84.59220911046302,84.99071214701307,84.66758976891485,23.158846136919216,23.414150530670998,23.745664958252956,24.28519561854058,24.888637460937286,25.50674998093311,25.64007227934987,25.45341539287025,25.25452139515694,25.629758335586263,25.38325711825179,25.110573796484807,46.454328089921475,269.99999914622634,0.3875872820837363,2.1682102860082164
2021-06-17 16:00:00-07:00,0.3717091666666666,129.822915,0.2968247373582848,15.5,130.0195815500862,9.07747879319622,58.05620086699207,275.18040099656105,0.0,87.77505774166306,111.6397547880399,1.0,87.77505774166306,47.236746067409015,2.452543533762191,31.234047944444445,2.250245645,103.14160357606032,103.5813871238269,104.02679203592872,104.79508678353415,105.25557746304044,103.60799926800333,102.87798192014301,101.20239812088938,99.47800941474927,98.7028738112169,96.9397397911243,95.1497785437622,30.976756251095775,31.386678118724515,31.771311582359704,32.03179116336581,32.37419959791296,32.70221622028566,31.95067114704848,31.264964615946376,30.530652840059588,30.013882079073145,29.498128966310734,29.166694212450547,50.0,270.0,0.366977778440511,2.214355247456318
2021-06-17 17:00:00-07:00,118.90148665,152.888845,0.3093883362564613,16.5,194.68949914668775,22.743561976928138,69.4174200401704,283.8589351771141,0.0,88.38084815560373,305.7999975920037,1.0,88.38084815560373,71.32628910129428,2.857142857142857,31.446770833333336,1.8565791966666665,292.5894835285895,291.86121797506587,291.1506733454916,289.5128225001409,288.72745597345954,287.15914950552997,286.46183697601754,284.8655234676187,283.24197676309115,282.4902115907538,280.81481225449386,279.1092545383358,37.37278049659104,36.78365365753319,36.18170586368607,35.43475092457013,34.77005831608912,34.05465567934435,33.25616109382568,32.44132983202413,31.539218196543477,30.74648702725419,29.92893132222691,29.253873074285057,50.0,270.0,0.366977778440511,2.214355247456318
2021-06-17 18:00:00-07:00,0.7251052,41.86043,0.3008715727282365,17.5,41.98179768712919,61.430335645411915,80.36451224814573,292.50674875404957,0.0,27.26058048627755,40.79682939915166,1.0,27.26058048627755,12.412058231683147,2.857142857142857,30.874921222222223,2.4327926383333334,38.58606119342661,38.641606604791725,38.85403320947696,38.713239521724034,38.77398725755937,38.987600017573435,39.06745612512892,39.133663572796294,39.01111475316568,38.86310653321458,38.72675211879222,38.56852510738456,7.195519176584666,7.168741152320582,7.012726955379379,6.99865303679721,6.85064000340563,6.851297962036379,6.738948391287051,6.779839503806552,6.774299391581065,6.763103460914654,6.920368145356176,7.053603728262479,20.678858080400264,270.0,0.5734351777415162,1.9215684591587525
2021-06-17 19:00:00-07:00,1.998482833333333,7.454796866666666,0.3029293194192088,18.5,7.519626642731383,84.68194927109207,88.14102764780604,299.33119274953026,0.0,4.776446871471672,7.631081914090799,1.0,4.776446871471672,0.008942873973453362,2.857142857142857,27.830478944444444,1.60903802,7.124098248632135,7.124098248632135,7.124098248632135,7.124098248632135,7.1224411395632545,7.1224411395632545,7.1224411395632545,7.122645379626118,7.122645430266537,7.122645430266537,7.120282488139977,7.120282488139977,1.286133588935139,1.2591630989611573,1.2336835462949354,1.213827457737352,1.198779266394346,1.188359408015182,1.1850186673775096,1.1881579076161162,1.199094809464259,1.2155249097793914,1.2376608114814833,1.2647213080623452,3.9697273109321354,270.0,0.7153853035059677,1.8595420897281043
2021-06-18 04:00:00-07:00,0.7392381166666666,5.938838266666666,0.2968580441162153,3.5,5.956962148742207,85.98322733752,88.59514006986412,60.23142267355047,0.0,3.8023245936903733,5.9865244608596475,1.0,3.8023245936903733,0.004096310474263578,2.857142857142857,23.308322722222226,1.695011455,5.629560547006449,5.630880677242903,5.630880677242903,5.630880677242903,5.630880677242903,5.630880677242903,5.630880677242903,5.631633397773916,5.631633397773916,5.631633397773916,5.631633397773916,5.631633397773916,0.9883327674340998,0.9670621430166054,0.94946846303947,0.9362000264314918,0.9277355779441974,0.9245377833771182,0.9266113672325008,0.933598545141026,0.9450847734607705,0.9605114886989735,0.9791682555501036,1.0018692477857984,3.0098784167275503,90.00000644584966,0.723745934961064,1.858522360519778
2021-06-18 05:00:00-07:00,33.74478801666667,74.53502833333333,0.3054668840703604,4.5,79.8005421115326,63.52376167531026,81.02292162539612,66.93298200670637,0.0,41.74125639512169,107.6991222508868,1.0,41.74125639512169,24.54685475261367,2.857142857142857,20.81043877777778,0.9301759716666668,100.27839458076846,100.47713216404529,100.69246112308396,100.8773063205301,100.90692851914727,100.73126637046417,100.91474270970653,100.94236814087122,100.94604853493178,100.7721784386443,100.9728240026009,100.97699323845393,10.956195140121908,10.745970469179037,10.612035527429343,10.566488301369246,10.577362136599639,10.628167290783974,10.817584868705088,10.893435619070175,11.064602894681341,11.248335075969086,11.428716675903853,11.62735365635653,19.171616230443693,90.00000120741828,0.5858006142130446,1.9126036854677242
2021-06-18 06:00:00-07:00,94.82319833333332,176.74663333333334,0.3115230715276335,5.5,209.00729897903642,23.595023063121744,70.10977504217755,75.59773537886952,0.0,100.30072788791442,306.55975871905616,1.0,100.30072788791442,74.69212229995976,2.857142857142857,23.075284055555557,0.7210485025,280.60268921224383,282.6021347760292,284.5752492910396,285.4454357186339,287.36628050504044,289.2374034796073,290.05431176412674,291.89883794844013,292.03314994278264,292.4466473263617,292.53233271909494,292.6471469141037,33.5938443327258,34.188170289898316,34.976645614494814,35.77252770668859,36.7608358217122,37.67593890655499,38.61879509840829,38.84864110452265,39.02836875079219,39.29869983921511,39.40200526062621,39.476583801880615,50.0,90.0,0.366977778440511,2.214355247456318
2021-06-18 07:00:00-07:00,257.043535,246.05586666666667,0.3170444426975745,6.5,379.3398375640436,9.928775007769955,58.76651365532753,84.25080889300718,0.0,189.19160613076951,550.0180901978031,1.0,189.19160613076951,132.04526753550584,2.501766358695837,25.311595333333333,1.1457786733333333,505.7278286596145,508.28907150339927,510.7717878903273,511.787914534645,514.301983356927,516.7393250451188,517.6685784221161,519.8759385338252,521.0131495178739,523.6952550242029,524.8947203938541,526.0696238443476,76.72167222029819,73.87736942448066,71.42779829545412,68.62107748868334,67.10038311936964,65.11058850623881,64.27185881173945,63.58650275700836,63.295577050080105,63.835471557189415,64.11567134576516,64.62125459802789,50.0,90.0,0.366977778440511,2.214355247456318
2021-06-18 08:00:00-07:00,491.4603833333333,265.8937666666667,0.3072420420593196,7.5,599.504393853402,2.7282409109962416,47.248896182821866,93.71658846831303,0.0,316.9396655288843,839.8425360377062,1.0,316.9396655288843,195.9923654124208,1.885143324816743,27.374492666666665,1.739527105,782.601916214851,783.2362269184506,784.483876844999,784.776107859097,786.4210458452978,787.9702809341304,788.2133749843739,789.5002860949132,793.0686045345088,800.9353777676921,805.0841422594033,808.6931087959206,99.48564292331979,91.10041045359144,83.49533100847505,76.8017087496427,73.31450597938691,69.98555238091379,68.1890049007553,69.13947344118978,71.2402288343467,75.03638781240238,78.66831603773295,83.77360879097488,47.18876397898417,90.00000085377364,0.383201695911725,2.177557677439929
2021-06-18 09:00:00-07:00,576.5064666666666,281.4578666666667,0.2921055997520322,8.5,748.522121954926,9.020698154678655,35.88813206228416,105.51368617600326,0.0,439.60065705289355,910.303147189192,1.0,439.60065705289355,228.0129053353246,1.542582264769131,27.45754238888889,2.9216507,865.4955073069206,867.2084139679924,868.2765614983373,868.39057159542,868.778173205772,869.6007494122726,870.3430473262159,873.9107463349944,877.2517359201717,881.2363091379409,887.3546180455833,890.269461276175,115.90793737193981,105.28967064442244,96.05444353898362,87.36809778444892,82.835730362105,81.76326096176112,80.47623795466689,82.53356502560597,85.79519555747304,89.85035138878013,93.9868771851526,97.52688078693683,34.88427644275211,90.0,0.46403961030356344,2.0368339993955766
2021-06-18 10:00:00-07:00,729.9793000000001,280.14965,0.279939957809539,9.5,939.7755439692296,13.561100705608883,25.361576824776577,123.19118329875052,0.0,586.1593985255469,1023.034979721456,1.0,586.1593985255469,270.08469387308304,1.3001786840647966,28.42635083333333,2.506586765,996.9915447580344,997.2711954615584,997.6510679538541,998.0120009610658,997.9068233292476,1000.6139250247272,1002.6729855341057,1005.0853386535748,1007.2281091630728,1007.1094578133471,1009.4613588339885,1011.2911746503693,141.91307160088996,129.0808169642594,118.77724507749464,110.93264524614922,104.52921350822795,101.87502967703672,101.3343067794187,103.03735748982645,105.56914029997726,109.96493312290201,115.46730039651143,122.50698047171767,21.637108759639034,90.0,0.5656366680980841,1.9276049894902823
2021-06-18 11:00:00-07:00,761.2518666666667,287.40586666666667,0.2718142476081424,10.5,1012.7469373728327,15.984520611398935,17.668845817100788,155.13417552788576,0.0,648.416749702116,1026.6978473937984,1.0,648.416749702116,279.1137492878652,1.1004983475624792,29.59966766666667,2.30698109,1018.361998548525,1019.195343845527,1019.1931528403748,1019.9039990766697,1019.9087942878901,1019.5777328330839,1020.4309576604005,1020.4294098576117,1019.9978026642443,1019.9964125361821,1020.9293092669957,1020.9329104287131,144.0008140621764,132.69862768045087,122.98935614407073,115.21749546729235,109.31501189277199,106.41892882806205,106.28802185736696,108.23046570880548,112.32977233799721,118.54295834244604,126.15213674415158,135.0848267229286,7.629079717635052,90.0,0.683620274208573,1.86599456954134
2021-06-18 12:00:00-07:00,530.9056143333333,363.28656666666666,0.2717528194153094,11.5,869.995142487608,16.062807410106902,17.364949353474174,202.01720365997295,0.0,564.5637645578503,879.5887705972959,1.0,564.5637645578503,240.16551039598028,1.0879458111694902,30.52333616666667,1.7329447483333331,870.1222936524205,870.0557902154844,869.8663339064067,870.6939843818509,870.6961375753401,870.4032778399638,871.2300351359962,871.1794826890398,870.7846120085785,870.7841893823312,871.6111765499829,871.6108219880812,125.99039266951584,116.91500870500619,109.09678646312945,102.8710547910074,98.16679141027502,96.15691641091048,95.90048635149469,97.64295547485906,101.25555012844778,106.33297434085858,113.0137553743138,120.64566858443153,6.686267279614193,269.9999979086902,0.6917836552843768,1.863944272351373
2021-06-18 13:00:00-07:00,554.9358666666667,350.37623333333335,0.2762232274318493,12.5,854.4268184109367,13.788136304190553,24.727951880478685,235.26719500256814,0.0,542.0022547456606,919.0909765380625,1.0,542.0022547456606,244.721173638738,1.2861009778071715,31.0764425,1.9894642,906.7267298431253,904.7133674734541,902.5477209890927,902.752393744084,900.4793227629318,898.1115271775395,896.1707907435652,893.6283431151771,893.5075712534635,892.9705231704263,892.805158596036,891.781779233144,115.70238286268439,109.69501050772807,104.56593135257218,100.50655020191773,97.97795762028561,96.17664894029551,96.451180919195,98.54411365967809,104.04540867666303,111.25598027148438,118.82140405103854,129.84664372291275,20.73064604471006,270.0,0.5730124308793919,1.9218880247537848
2021-06-18 14:00:00-07:00,288.2093515,387.76256666666666,0.2868492141590695,13.5,623.4064079117132,9.376163277517954,35.15340072097975,253.56344232223924,0.0,380.8329290429265,715.8210081300771,1.0,380.8329290429265,192.04425119405826,1.524278227267224,31.395275444444444,1.6243947,695.6892922303352,693.8340959568067,690.7266609485014,686.0552837548922,683.455033385369,680.74702443467,680.0294419096494,677.7374208258078,676.854111359284,676.0722535450269,673.9785241548377,671.7088309910129,92.4143182417206,88.86331894297884,85.60919823720339,82.32613719388108,79.56050574792616,78.35516210425047,78.26376107578469,78.47410218135782,80.92361323136808,85.67005528411111,92.24597275179,98.719292020827,34.03614478083746,270.0,0.47014210663367806,2.0284582138181135
2021-06-18 15:00:00-07:00,118.23596,344.16865,0.2947221255899485,14.5,425.57778917041486,3.1860765229759704,46.48605272292744,265.6046261406013,0.0,258.03829957149907,477.11185541867087,1.0,258.03829957149907,141.12963811957854,1.8574862399031704,30.5933445,1.9278121616666664,454.05765769444247,453.520368826031,451.29017549477675,451.56025705442494,451.09249663093044,447.6869364504165,446.4378155846649,443.2270535698307,439.9169708969441,439.052830544317,435.834252090207,432.5204895834802,76.90931532257866,76.08268379962198,75.34391438384166,73.05493077269,72.85672758304106,72.97301710127363,72.3313695278554,73.53219914177565,73.62958398176208,74.5247351632365,76.70720997355528,79.14477899277624,46.40178069967199,270.0,0.38790335308832125,2.1675458203298525
2021-06-18 16:00:00-07:00,270.2708585,282.5012,0.3103211512452322,15.5,425.7050762927128,9.025659074445766,58.004464056983274,275.1660743421669,0.0,213.83984726394263,610.3968190457181,1.0,213.83984726394263,144.97703298020565,2.4489498351541292,30.47656355555556,1.6743748116666666,584.076693699406,582.845278896922,581.586340742643,578.7642587748988,577.5605098543413,575.1078379775464,574.1014886231967,571.3861844515977,568.5892704229084,567.4596573075659,564.7171441554806,561.876410141017,70.63044457405223,70.03424626570184,69.6752797694386,69.04096201934473,69.30511494965693,70.00161047214306,70.8870860090275,73.00098410134215,74.63050416900556,77.77198087176612,80.55042913660172,83.81053136084546,50.0,270.0,0.366977778440511,2.214355247456318
2021-06-18 17:00:00-07:00,36.165601566666666,135.07766333333333,0.3075259365998531,16.5,147.8221169956163,22.691816892232232,69.3663349047525,283.84366484239195,0.0,82.61965774885343,181.9167825356231,1.0,82.61965774885343,54.49253765697525,2.857142857142857,28.954795166666667,1.2554968583333337,171.97569401850387,171.9425008701387,171.92024018629962,171.71981135214793,171.67453011094628,170.14627439587218,169.46928934037703,167.9175212561747,166.32826994845988,165.6052803948486,163.9728000093485,162.31427763652061,32.01209828679218,32.0129905845617,31.991353785369277,31.840894623042313,31.761994412590205,31.648989941094733,30.892989549326547,30.15494915493306,29.35764141683186,28.71385822970629,28.06377391041857,27.57239457865689,50.0,270.0,0.366977778440511,2.214355247456318
2021-06-18 18:00:00-07:00,19.23850645,61.779755,0.2995732194577352,17.5,65.01639254051395,61.270275065218,80.31464271097701,292.4886955790985,4.662936703425655e-16,36.72890574384335,79.82493476639294,1.0,36.72890574384335,19.736803017998817,2.857142857142857,28.013342,2.843528256666666,75.34009425284636,75.3259368816507,75.49677766004034,75.32827326241062,75.31007984478204,75.31501346942906,75.48515253543866,75.46392090789509,75.29872732416631,75.09952586040605,74.91556859274661,74.5045616672965,10.112124010792929,9.955708600717587,9.719197635753957,9.64925249984742,9.429907069581082,9.37921527040399,9.27599483587267,9.215692804494854,9.208618214409308,9.182093001334358,9.342088872820405,9.520617669758245,20.798518075874455,270.0,0.5724586082337585,1.922307996411389
2021-06-18 19:00:00-07:00,0.17525685,4.178221416666667,0.2871636877752398,18.5,4.184054736391543,84.54302247231573,88.09259185336506,299.30996628954006,0.0,2.6773113598955613,4.189612139724046,1.0,2.6773113598955613,0.005275892391075073,2.857142857142857,26.83184061111111,2.782055915,3.95419191704216,3.95419191704216,3.95419191704216,3.9555162851739984,3.9555162556913825,3.9555162701741313,3.955407734944598,3.955407734944598,3.955407734944598,3.9563365018480012,3.9563365018480012,3.9563365018480012,0.6720186750519936,0.6576339519679001,0.6458743158432692,0.6364823279029147,0.6313593316452308,0.629704206804778,0.6320219188047479,0.6370513965235456,0.6450399960607925,0.6563313014286881,0.6690961642123078,0.6834071627167394,4.072835070038925,269.9999943367063,0.7144877338924167,1.8596682881318891
2021-06-19 04:00:00-07:00,0.6781724666666666,3.687215633333333,0.2475667578197447,3.5,3.7035337215934674,86.05791114623041,88.62122413443895,60.186388029428265,0.0,2.3606402914022544,3.7313870668081157,1.0,2.3606402914022544,0.0024516677082990724,2.857142857142857,20.08297427777778,2.1324744616666664,3.500681732214965,3.500681732214965,3.500681732214965,3.500681732214965,3.500681732214965,3.500681732214965,3.5006373187091824,3.5011579147721457,3.5011579147721457,3.5011579147721457,3.5011579147721457,3.5011579147721457,0.511745774310245,0.5007357706330432,0.4916260825343312,0.48475355133958875,0.4803665459656603,0.4785030156204432,0.4798254720096211,0.4834408364090651,0.4893895519541865,0.4973826404771033,0.5070528507184598,0.5179935268537269,2.955173736884643,90.0,0.7242226766860761,1.8584726821545994
2021-06-19 05:00:00-07:00,2.7028313333333336,55.55337166666666,0.3068970050895857,4.5,55.97376242029119,63.61555871413131,81.05204796302932,66.8894068305446,0.0,34.52191737012136,59.78337281481012,1.0,34.52191737012136,16.835685702001186,2.857142857142857,19.51644633333333,0.7978786655000001,56.39660792462271,56.560930697454765,56.73896432118084,56.89180052746125,56.81460549864563,56.722557604181844,56.72425783721552,56.65570424972558,56.572388981309615,56.32158494423528,56.5133661887735,56.440915299070575,9.05720452713268,8.832221595719139,8.720898757692805,8.682929992257082,8.636578808258644,8.678557431008539,8.779287823294741,8.838381114894583,8.980734216602627,9.067991435425746,9.217787771569387,9.311811706776115,19.108625507401104,90.00000120741828,0.5863199244046037,1.9122432162220124
2021-06-19 06:00:00-07:00,162.95859903333334,162.77418666666665,0.3132841083771545,5.5,218.12996982535682,23.64266437957322,70.1418708708901,75.55437900442246,0.0,90.92721641881612,365.03338048289993,1.0,90.92721641881612,78.72710149188681,2.857142857142857,21.206423277777777,0.5821192483333333,336.39504150058985,338.1733857837401,339.92930998209937,340.70643800429593,342.41267437620525,344.07730303474176,344.8051039419238,346.445172915253,347.2143305321281,348.85564428407866,349.53788459721613,350.25205861488723,30.34962230361291,30.95103066486463,31.71710579438302,32.4895092379045,33.415340554461814,34.264640054256176,35.126667980973515,35.87942899635016,36.581772758141426,37.37480637372592,38.013960259458614,38.63605716127952,50.0,90.0,0.366977778440511,2.214355247456318
2021-06-19 07:00:00-07:00,97.5293084,251.3889,0.3111621434907032,6.5,301.91123051041126,9.976545530655686,58.800333408594994,84.20491247241267,0.0,169.98750386363162,373.12902776878775,1.0,169.98750386363162,107.50301837691913,2.5040929252262023,23.018320944444444,1.335375775,336.42411175155166,339.2326828408261,341.97964363116796,343.1469966608908,345.8760270474281,348.5245382741771,349.61049127809895,352.1220403708669,352.3635883792439,353.1810839105117,353.4633116296271,353.7371377186779,63.659987423690445,62.52843070231069,61.75599368860468,60.80614077631043,60.68725941502916,60.29097732306894,60.52552782369446,59.96549161303145,59.58943717420373,59.700942746241125,59.57281982109955,59.53518974109125,50.0,90.0,0.366977778440511,2.214355247456318
2021-06-19 08:00:00-07:00,157.823878,284.57438333333334,0.3034116559053432,7.5,391.6384766098952,2.690916759387971,47.28305191731974,93.66368890037887,0.0,228.88640598385226,472.0049524672079,1.0,228.88640598385226,134.8795132726124,1.886428401586052,22.816398,1.1882771483333334,427.9737681422723,430.00714846086146,432.45880105761523,433.4170951845353,436.0036899256612,438.4732591597458,439.37252013096884,441.6756831681844,443.14566309937163,446.88847901535877,448.3938248205999,449.875217987098,72.36475124033092,69.2884684250428,67.01295843880298,63.94329614496361,63.32624706071177,62.778874983400726,62.91626034356423,63.42878259595785,64.40616538063291,66.16252904463013,67.72518685965456,70.60144705093934,47.22462604339351,90.0,0.3829890878210667,2.1780169767890385
2021-06-19 09:00:00-07:00,502.1688021666667,330.25075,0.2928846322440667,8.5,736.9232262634532,8.988458422530005,35.92045782817543,105.44497902888857,0.0,435.826294354886,886.8721102046808,1.0,435.826294354886,227.15406007897957,1.5434769364968302,25.91539238888889,1.6327694833333333,839.7120648311995,841.7699732497949,842.2394298308412,843.467041921094,844.0151428380176,845.1588688932203,846.0607538413972,849.6244027371588,852.9632158941955,857.1048690812095,863.0862162308863,866.007077773927,115.48155963340548,105.53865685256115,96.94353798530847,88.76653803774389,84.67376298109556,83.87978999588776,82.73858012119524,84.89662281412043,88.2061509815288,91.70467519428655,96.35653908420609,99.73863743162367,34.92514107840377,90.0,0.46374715171798514,2.0372421147345245
2021-06-19 10:00:00-07:00,176.139052,449.90791666666667,0.2909790862488404,9.5,609.0374509388221,13.535531640088509,25.38717147976995,123.08667949730568,0.0,387.68043011492756,635.4493289511511,1.0,387.68043011492756,183.77778806458946,1.3009004271978668,27.75018388888889,1.4167199333333331,607.3341232294083,608.3808934390619,609.2071642224853,611.2222623739999,611.880765824254,612.5623303379272,613.8300284257778,615.2274947637084,616.4282909464312,617.1099085662681,617.71284822689,618.7344526266274,97.61778511369761,91.8962475499787,87.23289435040142,83.57758238533677,81.29600716701577,80.2477584472354,80.49393835571226,81.8914373749588,83.91308002916867,85.9702823260848,89.49926178074739,92.92559684810033,21.68318909449582,90.00000147877934,0.5652629356923581,1.9279018398152874
2021-06-19 11:00:00-07:00,470.71794,354.3986333333333,0.2797289782101378,10.5,802.8973697282922,15.967048176397045,17.674405084092825,154.96549129338518,0.0,514.2719012659799,814.2661746542612,1.0,514.2719012659799,228.88575424084,1.1011710464917848,28.615496277777776,2.2480204633333334,803.6825479722172,804.465466696453,804.4638110073815,804.2833492870484,805.2207027635604,804.9251520758992,805.794445704976,805.7932359674419,805.7922378050215,805.3904049354823,806.3248496643175,806.3276074065127,118.28320906778096,109.60930500944954,102.17560039858506,95.76484811917778,91.76710506589505,89.60016793940973,89.64973605830494,91.2036068982967,94.4088445139935,99.2384763038892,105.12753635108719,112.50422368266965,7.67947901214848,90.0,0.6831843762626041,1.866111732657692
2021-06-19 12:00:00-07:00,1.9704812333333328,127.35212333333334,0.2841989092802129,11.5,129.2330791327397,16.054265043803262,17.337355383866353,201.87165934417362,0.0,83.07849035457514,128.1098767112607,1.0,83.07849035457514,36.146994190626415,1.087244785060467,26.510384277777774,1.9374027283333333,121.69524499182799,121.68514424794448,121.84491389273512,121.66856945094935,121.8312575683614,121.8313373716081,121.65494011182155,121.64733080952723,121.81245273603349,121.81242114449957,121.63599945244223,121.63598485302293,20.407215316228296,19.92891257382252,19.546119368718173,19.271388864747532,19.093386512103173,19.047002242368215,19.12267909617199,19.30574308086774,19.598081004168954,19.95636299449265,20.397375355119017,20.851378948891323,6.633488314795075,269.9999987925817,0.6922411306566669,1.8638374398372235
2021-06-19 13:00:00-07:00,688.3423048333333,270.90855,0.2752597640216274,12.5,896.3500141772943,13.788473109367876,24.684687100586416,235.20096779837112,0.0,566.9890981754568,970.0816892699563,1.0,566.9890981754568,254.1987123318579,1.2852865186197922,27.88849638888889,2.7245129333333336,959.7964711184919,957.8082689638924,955.4891410718899,955.8723608868597,953.6315073559535,951.3439955760074,949.2047197882442,946.6956938397709,946.7685248550041,946.4114184420102,946.4617343249452,946.196341263894,117.76883862089464,111.0557983514571,105.64352126267434,101.28660731443783,98.7650339406609,96.9427293652838,98.27965246257949,100.0107608417524,106.21930795514245,114.4334046068939,122.92264758204796,135.15231206461215,20.677761038635758,270.0,0.5734441344910867,1.9215616979601844
2021-06-19 14:00:00-07:00,403.78592455,212.6378833333333,0.2864686607680796,13.5,542.9702325294575,9.384508564174476,35.10616662940782,253.52869552485132,0.0,323.07079784241733,658.3677145321407,1.0,323.07079784241733,166.41193961571128,1.523187066632892,27.252969722222225,1.561488605,644.9181799828023,641.9688126005036,639.2319498669493,632.8500225013821,629.7258592865344,626.4901395723002,626.0395406982439,625.94646098452,625.2019962539114,625.0492608683458,624.3744580630009,623.5480254589469,74.43504298154913,70.46905683990616,66.86852107360133,63.33776766024834,60.92117027055214,58.32075604545576,59.37358095591543,59.63154171337669,62.94869307688358,69.05215069552608,75.63892616823208,83.485709144042,33.98485068380898,270.0,0.47051315906163566,2.0279574599190675
2021-06-19 15:00:00-07:00,55.4256924,129.143985,0.2836061152344717,14.5,167.3400389355425,3.201077007179409,46.437940105851354,265.5803804986223,0.0,101.54597056954957,191.1464668309404,1.0,101.54597056954957,58.15483989183,1.8557960401849982,22.69012961111111,3.225742056666667,181.63211641424368,180.72766413113845,179.1762524035288,177.8094493851283,176.8832189731717,175.53695577628724,175.0348493223351,173.75940711268817,172.4458604488535,171.90050356071444,170.80559555198585,169.4870628754898,32.850446757140375,31.859435381755624,30.349409746937347,29.348273275297185,28.6481048716677,28.07967902746017,27.810089701359825,28.256066998040044,28.267034729783013,28.57708911374108,29.37279429091134,30.266803354473677,46.35272770782575,270.0,0.38819868025381754,2.166926065026291
2021-06-19 16:00:00-07:00,50.172053483333336,127.910445,0.2841270293944468,15.5,154.5298478359594,8.97475119955371,57.95654125405804,275.1449694356219,0.0,92.6307976747443,171.76832594754512,1.0,92.6307976747443,53.11702624846443,2.4456523884843815,21.61387333333333,3.361999166666666,162.15612392092868,162.10394124396186,162.0490108985901,161.80973850099184,161.76561145794977,160.26431649758035,159.60485288890152,158.04436008223132,156.43876179436322,155.73007691185745,154.10484736762498,152.4466052376133,31.610547862999454,31.634328399368048,31.678888884697386,31.609301395106915,31.72247332258573,31.89195041142387,31.501282353751936,31.329560269753273,31.060219100036157,31.148753562861607,31.189214971753746,31.419030334835764,50.0,270.0,0.366977778440511,2.214355247456318
2021-06-19 17:00:00-07:00,322.5565501333333,85.791865,0.3202193867383101,16.5,199.70597671713244,22.64096157834443,69.319275215186,283.82241438800736,0.0,48.97364997040762,445.4852752849829,1.0,48.97364997040762,71.80478421774237,2.857142857142857,24.232315555555555,4.145933133333333,431.6936114648103,429.8196029975665,427.97645717061033,424.0535807270703,422.0522125623583,421.3505370187345,421.03144670035124,420.30665175794337,419.60029066941087,419.23709955069415,418.4871207093985,417.71428796077504,27.452013219217452,25.908049360657525,24.380639524571126,22.747722307947864,21.169675847288232,19.520181645522943,19.101300874042753,18.580313048032615,17.948214510823103,17.233653381727724,16.457978067429224,15.690457176849696,50.0,270.0,0.366977778440511,2.214355247456318
2021-06-19 18:00:00-07:00,91.68393826666669,54.168605,0.2871912408964317,17.5,69.66502638683546,61.12408174657511,80.26915395872543,292.46524878798834,0.0,30.953748744811055,110.75344008936186,1.0,30.953748744811055,20.984408637135875,2.857142857142857,24.686707055555555,2.94680993,104.37171176842483,104.23721498174157,104.0940319946413,104.10883744627407,103.9560561556668,103.81494107334794,103.64704260695089,103.48759763371936,103.48973761977814,103.16692137791753,102.98431726083237,102.81881449162266,8.775942822491926,8.524983980982384,8.39769292508626,8.176225262048076,8.054356618557089,7.846088259574796,7.7735601885707615,7.630840399326014,7.624947089252817,7.564541552438805,7.646240645438864,7.789930351128219,20.90669954703987,270.0,0.5715763836901466,1.922980102280699
2021-06-19 19:00:00-07:00,33.77203393333333,7.857784816666666,0.310725773922995,18.5,9.00761780717276,84.41761886311753,88.04887936845854,299.28372782954887,0.0,5.0355003887823555,11.132643026500636,1.0,5.0355003887823555,0.010379033320620273,2.857142857142857,23.23688716666667,1.436302535,8.85504866543104,8.85504866543104,8.85504866543104,8.85504866543104,8.857539279116294,8.857539326008421,8.857539482885283,8.857318428887295,8.857318428887295,8.859065117189324,8.859065117189324,8.859065117189324,1.3675275935783109,1.3382415864871,1.3143139901410035,1.2952012356079483,1.284801370980128,1.2824616276258383,1.2861034943132885,1.2963383958272117,1.3137254219654781,1.3355038892933215,1.3614545252587404,1.390542600846215,4.1655962429887605,269.99999704244135,0.7136803311642266,1.8597845831897912
2021-06-20 04:00:00-07:00,42.50925411666667,9.4563664,0.3004528999621775,3.5,10.456399779974733,86.1459872055599,88.6519881473446,60.14640458469068,0.0,6.05391546665361,12.307590271911824,1.0,6.05391546665361,0.00601434090552867,2.857142857142857,20.598910888888888,2.785608955,9.876512585783052,9.876512585783052,9.876512585783052,9.876512585783052,9.876512585783052,9.876374354714985,9.877709494182628,9.877709494182628,9.877709494182628,9.877709494182628,9.877709494182628,9.877709494182628,1.5926817698166933,1.5584254640938071,1.5300710871552725,1.5086713131677048,1.4950013787869671,1.4894757685881488,1.4924665403307846,1.5043607622277777,1.52287970843179,1.547778903283178,1.5779154933840904,1.6120148957633087,2.8902225272024094,90.0,0.7247887456057142,1.8584148808612941
2021-06-20 05:00:00-07:00,381.6171046666667,48.50594666666667,0.2828230763615774,4.5,107.6414015633037,63.720949740086844,81.08551321901344,66.8512521751219,0.0,22.965739927600012,245.25875837877572,1.0,22.965739927600012,33.50498614965572,2.857142857142857,21.7102435,3.128609533333333,223.4828781018461,223.5934479529393,223.71192605626086,223.81459689885784,224.45553745113475,225.05286113700572,225.05390557190822,225.63071227974785,226.1633625934763,226.67481747451345,226.67559962365138,227.14462688330022,5.880540758754205,6.082160439648487,6.028970458995873,5.991433478866097,6.336966266283004,6.363417451118044,6.425491175821035,6.870519809848188,6.958897954616517,7.456717840055417,7.549688669289181,8.086631193644363,19.034438222133208,90.00000120741828,0.5869317953233548,1.911820138440856
2021-06-20 06:00:00-07:00,448.711846,75.21698833333333,0.2919723573385646,5.5,227.37523337123878,23.691123105764476,70.17794141945785,75.51702222005224,0.0,40.56564345636168,558.0848383167548,1.0,40.56564345636168,75.09238850306227,2.857142857142857,20.273610277777777,2.328274485,527.7599084104824,528.363977763473,528.9675798483939,529.2532453028301,529.8224925490873,530.3927557987475,530.6534961134034,531.2094020222709,533.7278781130358,538.705546394695,541.020627811911,543.3785248902495,11.68680456358893,12.287718402351969,12.890560222597117,13.502778981786374,14.06101953217594,14.541806355946141,14.965226205491941,17.142746906802135,19.264114021426973,21.42912437915176,23.514214681122425,25.609286256391407,50.0,90.0,0.366977778440511,2.214355247456318
2021-06-20 07:00:00-07:00,803.6065166666667,83.33479000000001,0.3103488920783296,6.5,499.1698080620867,10.025110928281595,58.837907158416925,84.16580418899669,0.0,179.4917337464483,949.870065652066,1.0,179.4917337464483,151.64437481406782,2.506721074770788,20.625434055555555,2.4877150016666665,903.4340266847757,904.0697931128807,904.6017564008412,904.6839647099442,905.4017898905026,906.0899287909234,906.1031640836544,906.3357383839931,909.2648612669324,915.6250333828376,918.6970051063298,921.7109491411003,86.7823813240419,79.30036238146992,72.14733314383908,64.17916986870567,58.483175758834044,51.87273168018865,47.69837499421135,46.20540399770956,45.64982445905529,46.72061614587888,47.58095937122439,49.023666607235654,50.0,90.0,0.366977778440511,2.214355247456318
2021-06-20 08:00:00-07:00,878.7573833333333,90.59320333333334,0.2961937413388696,7.5,686.2949687827811,2.659544557300115,47.320938731756364,93.61873766377295,0.0,339.805018796964,1026.9586321611587,1.0,339.805018796964,194.00279152694355,1.8878398828636689,21.44297938888889,1.9759318133333328,984.6116746528473,983.7121247453928,983.4577230660402,983.0066830222961,983.3277465455308,983.5744786345042,983.1100351567499,983.0740083921047,985.3902566818333,991.4646100756846,994.0257578820751,996.5541430001523,101.77504878463782,90.13785756067337,80.21065022659934,70.37728623133717,64.88212538247727,59.57141512003373,56.274273634785956,55.39864161165128,56.0500988626282,58.8326665722228,61.48266981451967,65.14069479359515,47.26394481766026,90.0,0.3827561518826868,2.178520853314547
2021-06-20 09:00:00-07:00,917.3780666666668,99.13726333333334,0.2796772337359178,8.5,841.717956490624,8.962557274249844,35.956811203200765,105.38593402585424,0.0,484.9030465853083,1043.5508353025928,1.0,484.9030465853083,229.52033905655819,1.5444320274990115,22.299745166666664,2.0540637983333334,1013.5714312699728,1014.315398875993,1014.1159796283016,1014.0275177735024,1013.9627511099123,1013.8641756549291,1014.1901530317156,1016.1436923625748,1017.8703579533319,1019.8800155291814,1023.3885119360089,1024.8459655822323,121.74148644345976,108.7071846943471,95.78899490923088,86.65047315431815,80.64881364656296,77.47222577327987,75.70610552147377,76.18170879202866,78.05318571870448,80.21750660884594,83.77598119739022,86.67911240701606,34.96870519707996,90.0,0.46343553393014186,2.037677649129492
2021-06-20 10:00:00-07:00,927.6309666666668,122.9049,0.2676004069570865,9.5,960.7439043963178,13.516626861893247,25.41767524785323,122.99378773846502,0.0,597.8339861524719,1042.8994728051846,1.0,597.8339861524719,255.9286674849342,1.3016499250910325,23.249216666666666,2.274264253333333,1026.7574021281478,1026.8888453497188,1026.7866534996099,1027.0219662985319,1026.8061835129877,1028.2031358300237,1029.1009942659148,1030.1960741999333,1031.107980243219,1031.1043480765445,1032.1446310950205,1032.8579471038165,137.69598571140068,124.60591300889047,114.14457792252195,105.54828841059184,98.82846507457863,95.4430927390506,93.8913839592237,95.01885952417781,97.30530952178998,101.14806338041511,106.62629845954923,113.04526633809034,21.731001252300914,90.00000085377364,0.5648752837335939,1.9282104819350971
2021-06-20 11:00:00-07:00,932.2626666666667,127.29575,0.2600033667529642,10.5,1015.4932114065942,15.956424427082565,17.686506179626875,154.80526819767897,0.0,650.1056495800308,1026.9491658475192,1.0,650.1056495800308,264.77747145256666,1.1018515600073275,24.242851,2.42036895,1021.832247607876,1022.0559686899237,1022.053906454817,1022.0046491635484,1022.3405071030184,1022.339557871135,1022.5724973848421,1022.4978052360283,1022.4965547933821,1022.3607243458463,1022.6932731442013,1022.6967426834527,137.55787174030763,126.52684275248772,117.04437502368594,108.84640980482365,103.6810906395004,100.96783193189857,100.416731766568,102.42739757477617,106.40712501155207,112.45135490589078,119.81717988758864,128.73367994012935,7.7304490086587005,90.00000330665111,0.6827435949596152,1.8662310023726285
2021-06-20 12:00:00-07:00,585.4455111666666,284.2867833333333,0.2656458431322049,11.5,843.197235057559,16.052563237054446,17.316438557365558,201.7187846153387,0.0,547.5203532838318,852.8810291873921,1.0,547.5203532838318,227.58756699856184,1.0865528399859479,24.75671505555556,2.0543894533333336,847.7053815534504,847.7057905385094,846.8715961365738,846.8720754768331,847.298584793496,847.3466354570028,846.5124854550529,846.5109558811931,846.8405473324323,846.006065317347,846.0067658992084,846.2396758826426,113.00934700836835,105.44123227007414,99.22270532630148,94.22965017548013,90.62806453287907,89.01358234279658,89.31219042900638,91.35655596807194,96.05515986228659,102.24818310474183,110.01119668520538,118.9965997843053,6.581380791103337,270.0,0.6926928342202593,1.8637327932713594
2021-06-20 13:00:00-07:00,529.4877891666667,240.91338333333331,0.2736944497443832,12.5,722.1637038521146,13.795447369905618,24.64651393181781,235.12333813977477,0.0,456.79933075827256,784.0107546360784,1.0,456.79933075827256,206.44145120800434,1.2845010039434552,25.43000655555556,2.24960541,775.567718847862,773.7662286599992,771.3866475275581,771.7883871704707,769.548119322516,767.1969810862023,765.00864390019,762.5066531680204,762.5631539592061,762.2745181467964,762.3163472002205,762.100756803188,96.09002082697216,90.47566131606862,86.026716740756,82.29823988415984,80.1838386121313,78.4940991911843,79.49105352009843,80.65141076948001,85.62023231809322,92.16059334995849,98.72573303511197,108.31045636117369,20.626710047591807,270.0,0.5738610096120085,1.921247444043511
2021-06-20 14:00:00-07:00,279.63876508333334,237.6487833333333,0.2811216195877236,13.5,466.5386176268655,9.399148009634304,35.0631179495293,253.48434153933803,0.0,279.8756399053931,560.7347502935111,1.0,279.8756399053931,145.73831215967348,1.5221571572222987,25.831657777777774,1.642401386666667,525.4317594995068,526.1586885190783,527.0462748132709,527.3282758323317,528.2520538776353,528.4767998705379,529.001706731833,532.4286541921269,536.1056436842558,542.4563138143666,545.3975331600205,548.5020669649203,71.302362983644,65.04302844598702,59.91912944238579,55.733671787193984,52.61476397437205,53.07581330375082,52.29349241385932,55.06615034224978,57.70317019554603,61.241717179092056,64.84083919545806,68.09861112999397,33.936359254930245,269.9999987925817,0.47086414346569794,2.0274846778982685
2021-06-20 15:00:00-07:00,66.00687838333333,213.13818333333333,0.2879827620511834,14.5,258.66307394300605,3.2219690791137547,46.393698069264644,265.54823084110365,0.0,161.29661410958718,274.09760031182486,1.0,161.29661410958718,86.38025978435728,1.8542319252519355,25.79545333333333,1.9843346966666664,259.7196018237788,259.4971945558437,259.2697018268033,258.6167335961092,258.17889355045725,256.04103897738077,255.11638117614524,252.84719067418257,250.50269787703104,249.50871476587736,247.49406304978254,245.1196124233121,49.784318748804154,49.40382202374306,48.135647146539775,47.634866261453226,47.51527064670243,47.53440703622687,46.86071443091961,46.4966683198897,47.0471554939356,47.427962367283925,47.928790124595835,48.878377752248696,46.30723369213469,270.0,0.388472817371332,2.1663517274355404
2021-06-20 16:00:00-07:00,125.28347936666668,229.37276666666668,0.2970778717195561,15.5,295.9250769133082,8.924819264350312,57.91249842609452,275.11712949898055,0.0,160.81666739503473,391.2515583764113,1.0,160.81666739503473,104.11746919429164,2.4426531765743467,25.001603666666664,2.3442904166666665,372.53110778278136,371.33692099605275,370.11754451767825,367.42626861009103,366.2101783389094,364.05976677478145,363.15424060215895,360.8497495600478,358.4800746680953,357.47949662860816,355.12339162896905,352.70140197661976,56.27870446965688,55.42227206436703,54.69330579665104,53.76832135826474,53.370808664483015,53.20507417197806,53.275468010182635,54.011766237870575,54.46472672098898,55.8276807972126,57.00425655052888,58.51426726929336,50.0,270.0,0.366977778440511,2.214355247456318
2021-06-20 17:00:00-07:00,22.088630766666665,132.83472,0.2929538527730573,16.5,140.65104022749307,22.591067002980935,69.27630384541068,283.79522882015897,0.0,85.87287632552794,148.3299987860213,1.0,85.87287632552794,48.97339711949087,2.857142857142857,23.90949838888889,2.1792700783333334,139.36724647512168,139.8068993763681,140.25910013118676,141.0376339585184,141.4939058061046,139.87898609078792,139.15934576360314,137.51913563575422,135.83606584822522,135.0702718974586,133.34415500724182,131.59117363185743,30.310709452928077,30.740082697781574,31.140368702153978,31.41239581958993,31.74737722229428,32.04847159714223,31.265422105149284,30.508415858474468,29.70189901192874,29.059940977303707,28.418352988693517,27.941508984386402,50.0,270.0,0.366977778440511,2.214355247456318
2021-06-20 18:00:00-07:00,0.3229518166666666,40.49198833333333,0.2797231624342753,17.5,40.54680169276171,60.9919956076894,80.2281044030144,292.43645738872635,4.662936703425655e-16,26.503921363842267,38.85414596785328,1.0,26.503921363842267,11.169062380023902,2.857142857142857,23.322863611111117,1.3518882033333337,36.82002805110155,36.874338632805305,36.93145715485568,36.94389959221881,37.00279078248699,37.0813757361898,37.147601639949414,37.23043433290903,37.088735822241844,36.95549726707903,36.79908851367031,36.65692115199703,6.540010421216596,6.487268697900894,6.380778195004498,6.3358133438456425,6.24127084913649,6.203883907410659,6.143351276982139,6.150536619926681,6.145663228601795,6.205790918855341,6.279708098715084,6.399272307116623,21.003190773633865,270.0,0.5707900301890236,1.9235823894272435
2021-06-20 19:00:00-07:00,0.5603200333333334,1.8606561166666664,0.2545816237242449,18.5,1.8801138149072274,84.30590048122899,88.00994412428368,299.2525304630347,0.0,1.1924501211926888,1.9136938618453627,1.0,1.1924501211926888,0.002555676028962599,2.857142857142857,21.281161222222224,2.740098666666667,1.7832409160944316,1.7832409160944316,1.7828273152706742,1.7828273152706742,1.7828273152706742,1.7828702101920788,1.7828701766957518,1.782870164485642,1.7822804022635126,1.7822804060306583,1.7822804060306583,1.7822804060306583,0.26988092420347853,0.26424413678097025,0.2592132776686544,0.254993403273179,0.25161311595722513,0.24962731975224753,0.24891853610980516,0.24932566761888253,0.2513390834800534,0.25468177937188713,0.2596793199200603,0.26536333168740384,4.247881904879566,270.0,0.7129641879672641,1.8598899331018677
2021-06-21 04:00:00-07:00,0.01770895,2.4568559166666666,0.99,3.5,2.457261586493172,86.24728969839597,88.68737546506497,60.11151993868436,0.0,1.5727869542070512,2.4565324916657048,1.0,1.5727869542070512,0.0014824764367265242,2.857142857142857,10.125219366666666,1.497898926666667,2.3226764000094473,2.3226764000094473,2.3226764000094473,2.3226764000094473,2.322558069154084,2.322904951366755,2.322904951366755,2.322904951366755,2.322904951366755,2.322904951366755,2.322904951366755,2.322904951366755,1.3631870123933794,1.3338728683721164,1.3095994934919992,1.2912703031197876,1.279552974589832,1.2748039441969812,1.2770940663748007,1.2868901924685439,1.3029161501959843,1.3242505690941775,1.3500873716996018,1.3793274109316056,2.8151472820791907,90.0,0.7254430887954744,1.8583496691162407
2021-06-21 05:00:00-07:00,0.11611145,53.73601833333333,0.3099730726631102,4.5,53.75393541697296,63.83970959221814,81.12325634429116,66.81856195209839,0.0,33.51983339935997,56.34518890249988,1.0,33.51983339935997,16.321467105292893,2.857142857142857,11.074526166666669,0.7593729113333333,53.15331426423876,53.312806391842955,53.48555303222271,53.63387209338735,53.55838697130847,53.46800649792922,53.6355843757715,53.402705673560526,53.32114291804944,53.26177869720018,53.26306039280432,53.19225036051602,8.880801105922359,8.660038412385639,8.57471592992899,8.513368300152734,8.467755187902636,8.52284059293823,8.607580583366433,8.66510016072335,8.805070369745403,8.89143313537441,9.038298357108458,9.130267742220267,18.94923289191182,90.0,0.5876348764907453,1.9113361820388497
2021-06-21 06:00:00-07:00,0.6240822666666667,145.98715499999997,0.3113954653133424,5.5,146.1983716598943,23.740314718532094,70.21792082656644,75.48570537071856,0.0,91.19874135314544,148.82165186470206,1.0,91.19874135314544,53.71367729621045,2.857142857142857,11.880702,1.0335464866666666,130.7750930730239,132.64021947876353,134.4795866657508,135.28596598487627,137.0811408382104,138.82616049121117,139.5857565696217,141.30760955980168,140.82709812976276,140.02670517983017,139.55052189924393,139.0870967734109,30.83503947179002,31.28511151559484,31.928979985064778,32.58014365166278,33.437980041634425,34.24299217366607,35.091998845573386,34.79388410040082,34.46306940924686,34.207515474793205,33.807945018033976,33.37331679136534,50.0,90.0,0.366977778440511,2.214355247456318
2021-06-21 07:00:00-07:00,2.113021133333333,250.49883333333332,0.293326635709567,6.5,251.5909370310039,10.074371085104715,58.87916520879534,84.1335231645222,0.0,160.33394350765954,246.93435163217518,1.0,160.33394350765954,88.40274633351642,2.5096481085824,12.85220838888889,1.170916215,216.33774967751165,219.43513825529791,222.48127661450616,223.81401469508256,226.8033347279289,229.70762012786398,230.9602474289672,233.79062120961547,233.15010597834834,232.1559672167352,231.5500986533169,230.9509045540737,54.31039368825618,54.46256967119432,54.94421505399933,55.38391591516065,56.316223815069456,57.11677295333193,58.16659136568161,57.50590720959781,56.873311019207996,56.4689462545066,55.84361933334537,55.20798854904363,50.0,90.0,0.366977778440511,2.214355247456318
2021-06-21 08:00:00-07:00,35.449577500000004,386.3802333333333,0.2822779877925052,7.5,410.39228147431743,2.6341571342042704,47.362483660914776,93.58177702687243,0.0,262.2757896614664,410.1712308250997,1.0,262.2757896614664,134.30930000420693,1.8893761417103774,14.771130166666667,1.188454465,365.9361640527087,370.22808472660853,373.9342032749897,375.7309583465121,379.9482368851167,383.999291570432,385.7002749642322,389.58078586744455,388.9324411106222,386.3234166694872,387.90759498168234,387.33587384505097,80.24039182845519,79.51470121465871,79.0080976123113,77.9421446891208,78.89938659004049,79.88778355010578,81.26845227079244,80.55730622687163,80.02860791954312,79.95379937920919,81.1841461665133,80.81855719387323,47.30665543661889,90.00000085377364,0.3825033176339354,2.1790685590016112
2021-06-21 09:00:00-07:00,1.0747457333333337,207.6176,0.2865885193785254,8.5,208.48711935630686,8.943018198769481,35.99711629821184,105.33660875211632,0.0,138.6139523653092,192.2280762971051,1.0,138.6139523653092,64.81266456663217,1.5454463051749903,14.708701666666666,1.2818625566666666,173.3328238374511,175.61599208081367,176.66109320539798,178.81047422322007,179.80887270551275,181.83709435137445,182.93170118312887,182.55495673114999,182.17360608003347,181.9400930874646,180.25855866994698,179.90439181899137,37.20515043550612,37.14722219189787,37.38414505072505,37.24883242270364,38.01107923910281,37.94373762548675,38.26443320367981,38.366042669863305,38.52315419669758,38.52414403368595,38.584145481439585,38.508209245988326,35.01490099356425,90.0,0.4631052725151573,2.038140011381262
2021-06-21 10:00:00-07:00,1.8873569166666668,245.9086333333333,0.2835903530114931,9.5,247.6127996952006,13.504398372563426,25.453011645923766,122.91263018243393,0.0,162.10538797003446,238.6972170278569,1.0,162.10538797003446,70.75872776486246,1.3024261625510403,15.364880848484848,1.0791298913793104,224.56454684553736,225.4874158212158,226.29442732183367,227.16231031647655,227.8903424629751,227.7854500713866,227.57270442408785,227.45695957844728,227.365258530411,228.10157809129757,227.1731520867376,226.99496170332048,39.596471640300585,38.94545202692082,38.36844606691426,37.8704531995014,37.72398321158636,37.429793803573105,38.05976762450149,38.142275989153696,39.02941030930222,39.238402816723344,40.28428678129341,40.618071864940596,21.780475391875864,90.0,0.5644742924556069,1.9285305336404124
2021-06-21 11:00:00-07:00,1.1594572,254.62376666666665,0.2883592765991252,10.5,255.72830551290483,15.952651281853965,17.705097586343186,154.65387556407498,0.0,164.48038845430236,253.4111968758507,1.0,164.48038845430236,72.66851952151208,1.1025389287709466,20.0,1.8347895,241.4665962387374,241.41636413968877,241.41631423410666,241.7457264757022,241.39632936411562,241.39625477998493,241.3780518777964,241.35760684308337,241.35740827454134,241.6922244181904,241.34265407673234,241.34303222003098,40.76663521398399,39.703846629457786,38.854024097449305,38.176883452714144,37.822680792917744,37.720356752328186,37.876161528553,38.28557113391304,38.8841005789675,39.683881290737695,40.587051791326694,41.60393830424787,7.781919416512218,90.00000307832465,0.6822985401830655,1.8663522388209919
2021-06-21 12:00:00-07:00,1.1173212833333332,246.23605,0.2905641558520885,11.5,247.30281161825354,16.05769096477716,17.302231853290266,201.55896106527692,0.0,159.04184310478976,245.47126026830088,1.0,159.04184310478976,70.88164544174742,1.0858708901822767,20.0,0.0,233.57727206342275,233.57732381633303,233.88055219776595,233.88062075063772,233.58962677320716,233.58969118768493,233.90770976492314,233.9075268979591,233.6189955775639,233.6189219512686,233.92221997311594,233.63701931663354,40.59197353328432,39.55843206857404,38.68215599432178,37.93463494565434,37.33320621300975,36.9681512225722,36.845321135891204,36.95109937060591,37.357997392198406,37.96835167781722,38.80472368084438,39.83743123568359,6.530013692387256,270.0,0.6931381656697776,1.863630437901704
2021-06-21 13:00:00-07:00,486.8444916666666,421.6599666666667,0.269519962352323,12.5,864.2688118653596,13.80903664707299,24.61349498324462,235.03443653180284,0.0,549.1767089275237,923.3777460957206,1.0,549.1767089275237,241.38660377126706,1.283745377773147,20.0,0.0,895.5800367345715,896.2031425295077,896.5038106526044,897.17625453179,897.4311414406347,899.8173974574225,901.8574243590211,903.7209330333374,905.8536546002906,905.8005094849077,907.7222365643782,909.3679278873425,128.06352232843437,119.06716093421886,110.7484547368789,103.98885717776457,98.85149761915424,97.50374479933062,96.73173955532188,98.4383274782604,100.9692027810408,104.8340735242285,109.79635362250461,115.64522948227821,20.577559250616012,269.99999914622634,0.574262500148103,1.9209455891575153
2021-06-21 14:00:00-07:00,455.2580783333333,283.65351666666663,0.282653543186802,13.5,656.4682338864149,9.420051350759172,35.02431921564567,253.43044619345608,0.0,392.2317732459591,787.1484077713919,1.0,392.2317732459591,197.8678941020833,1.5211895290044692,20.0,0.0,770.4537149620041,767.2072188560146,764.2235420044508,757.6698361940455,753.7676094067078,750.226276202868,749.5874208730672,749.3636250032268,748.2643619828897,747.9631336954557,746.930794589604,746.0075943202247,88.66405473318918,84.84950450099936,80.81678180586675,76.84702734282922,74.15304313627496,71.22608503900308,72.417248035331,72.81231434176094,77.46607120325143,83.58717030443815,91.1299635896711,100.2343348717885,33.890732868051074,270.0,0.47119457306644863,2.0270403721148935
2021-06-21 15:00:00-07:00,11.952826166666666,380.7674166666666,0.2855964730325441,14.5,389.01735807483055,3.2487118097066605,46.35338965760189,265.50822740504987,0.0,251.0918701101449,378.55779273499843,1.0,251.0918701101449,128.9415374891564,1.8527951013925548,20.0,0.0,356.625661081094,357.1811788127508,357.7440747288178,358.58826125460484,358.8441881187095,355.03539828574907,353.33982014009257,349.3332235557982,347.4587818845335,343.37562665149176,339.68547105574385,335.43852273218295,78.29554736018464,78.62036414842773,77.38252830919762,77.69694868418001,77.85371967026465,78.40182375836226,76.86985542826726,75.6884977459785,76.06904685473833,75.77108829287923,75.64531347470238,76.14330635261292,46.26535689986554,270.0,0.3887253593531291,2.1658234403014833
2021-06-21 16:00:00-07:00,458.6829428333333,136.07876166666668,0.306973280699146,15.5,380.0093979364153,8.875937374339014,57.87239608710721,275.08260101665564,0.0,158.9329505069579,661.7562559034202,1.0,158.9329505069579,124.21633019869891,2.439953888788304,20.0,0.0,639.1523028875265,636.325847452467,633.4414215173157,627.4377182477597,624.5850730530211,623.786142909336,623.5558057946992,622.4396382041916,621.295613293642,620.9504444744514,619.953434860839,618.8633095855992,49.345678425287694,47.414015566144016,45.85950146421836,44.12856425824313,43.501966340648735,43.490306001868895,45.85051876173819,49.74556297621853,53.04450415490353,58.06985750868347,62.60564912224579,67.47316271626768,50.0,270.0,0.366977778440511,2.214355247456318
2021-06-21 17:00:00-07:00,705.3569666666666,65.29681333333333,0.3428022202610599,16.5,315.34261856856074,22.54220469226108,69.2374777605348,283.76215520963893,0.0,51.28474043957336,786.0555769262187,1.0,51.28474043957336,109.24318458333204,2.857142857142857,20.0,0.0,764.3635539206564,761.924028341963,759.5686440578314,754.5455688910725,751.9280930509966,751.4459987650973,751.216747658722,750.6976308588958,750.2482893290446,749.9515905279566,749.4419134840839,748.8933708247498,31.291236292824962,29.549919260195104,27.85091993069486,25.957618523112544,24.117943524920573,22.10678554728547,21.739703295319174,21.105367201891287,20.23974209547627,19.016943788514595,17.62439085192233,16.102528328800567,50.0,270.0,0.366977778440511,2.214355247456318
2021-06-21 18:00:00-07:00,464.5983,42.87164166666666,0.2559355180678631,17.5,122.01823454821414,60.874232797738905,80.19154618079449,292.4023714000323,7.771561172376095e-17,18.716584252076437,299.2159516031818,1.0,18.716584252076437,34.519476093074815,2.857142857142857,20.0,0.0,281.61876907878235,281.0722730328217,280.5011663337293,280.50077281724657,279.88730596310285,279.2523428519246,278.5749484930931,277.8741826294335,277.77400712084875,277.67900476826,277.56856104544653,277.4670359717573,7.01575796104118,6.434109720290457,6.364134616916277,5.82264415013886,5.760848475867832,5.259321275949787,5.219433625513005,4.7817415003701385,4.77798818303163,4.486520628508453,4.457108329392968,4.533682107651161,21.087805142468085,270.0,0.5701008851253933,1.9241127215795237
2021-06-21 19:00:00-07:00,32.358928266666666,8.4060822,0.2178901468526394,18.5,9.454416100166958,84.6889273679325,88.14346076143148,299.37304319498617,0.0,5.385939261254455,11.391256237410406,1.0,5.385939261254455,0.010065847845310508,2.857142857142857,20.0,0.0,9.204222692902572,9.204222692902572,9.204222692902572,9.204222692902572,9.202354124878987,9.202354124878987,9.202354124878987,9.202519775930092,9.202519816820155,9.202519816820155,9.19985534639863,9.19985534639863,1.0438455473263268,1.021969809803796,1.0012328564176107,0.9851274577130061,0.9729220723750577,0.9641689057166815,0.9614597662687079,0.9640065333167022,0.9728285633545704,0.9861548394740087,1.0041084843186499,1.0260558163883862,3.9661417784078004,270.0,0.7154165181765141,1.859537759351222
2021-06-22 04:00:00-07:00,50.44489051666667,5.962294433333333,0.2192583468895347,3.5,7.082698693548151,86.36165362528853,88.72732968840718,60.08177550150272,0.0,3.816623657197819,9.160065693435339,1.0,3.816623657197819,0.0033835555387887843,2.857142857142857,20.0,0.0,6.639269268343872,6.639269268343872,6.639269268343872,6.639205672551261,6.640047485810069,6.640047485810069,6.640047485810069,6.640047485810069,6.640047485810069,6.640047485810069,6.640047485810069,6.640047485810069,0.7328366920300476,0.717088585893568,0.704042414477757,0.6941854017124044,0.6878792561160311,0.6853152372068839,0.6865362728235811,0.6914255607073246,0.7003825587838077,0.712270337842806,0.7261797426754154,0.7419253848750393,2.73007409503745,90.00000988314447,0.7261846232606926,1.8582778455807045
2021-06-22 05:00:00-07:00,491.6052666666666,37.901361666666666,0.2497159167093556,4.5,113.40491909524954,63.97161338252337,81.16521712546322,66.7913735169655,0.0,16.519365595366885,280.0032808774262,1.0,16.519365595366885,30.980544974420813,2.857142857142857,20.0,0.0,255.30295209613908,255.38375452390966,255.46901175203521,255.54385938692238,256.12464880171706,256.6689116602434,257.19213248441815,257.19211954445916,257.6777375946501,258.1408170121705,258.1351784185384,258.5688421392912,3.8345132970168403,3.9634898116067316,4.014608648477751,3.9913200852847965,4.305226565306872,4.327231072319228,4.362212279947907,4.748071752363384,4.805190917791015,5.234048100020009,5.294045089168656,5.756192441648638,18.853195634119814,90.00000147877934,0.5884277688673138,1.9107932090173754
2021-06-22 06:00:00-07:00,723.0262833333333,62.91271666666667,0.3000987412916799,5.5,307.0958885095927,23.79016405792452,70.26174481344347,75.4604614907413,0.0,41.94415557164646,790.8296489960842,1.0,41.94415557164646,95.53651546092132,2.857142857142857,20.0,0.0,756.4581919455455,756.9781697444851,757.5030390217171,757.7627846915922,758.2450353634983,758.7392039339736,758.9710424005746,759.4491730097566,761.9777580546054,766.9697834411048,769.2450454598583,771.6027878072957,11.631626933413646,12.444092935981187,13.222279535612461,14.011865472841247,14.680907099628191,15.240883458782994,15.706156467315429,17.90784482176636,20.007751926655455,22.138221663222847,24.151303827647347,26.16410158599207,50.0,90.0,0.366977778440511,2.214355247456318
2021-06-22 07:00:00-07:00,835.9821333333333,80.27005666666668,0.310472543525385,6.5,511.782307987828,10.124243842732335,58.92404011950608,84.10809992349562,0.0,182.94113875220847,978.372287563718,1.0,182.94113875220847,154.22143011870017,2.512871553435127,20.0,0.0,931.936013920796,932.5449759582132,933.0474525312122,933.111871540032,933.8072967701532,934.4733838511387,934.4677665300255,934.6641478015697,937.5133550519905,943.7333316744712,946.7372688403151,949.6838278542446,88.81292961411879,81.07856297255539,73.67881237330114,65.43739418642201,59.536133350887376,52.69203906147723,48.36151358125861,46.67172908178013,45.94720444581547,46.89664773483713,47.6292911443541,48.96098341021451,50.0,90.0,0.366977778440511,2.214355247456318
2021-06-22 08:00:00-07:00,887.1856666666666,100.47004,0.2962110381100397,7.5,700.8978797668412,2.6147834363716593,47.40761657085681,93.55283827087055,0.0,354.47316200496425,1047.7024951116157,1.0,354.47316200496425,199.12266066820916,1.8910356502244445,20.0,0.0,1003.5219898091453,1003.4497422695977,1002.485518309321,1002.0635908127437,1002.4546151448753,1002.7682647534268,1002.3258342077736,1002.3595724199677,1004.8039523975098,1010.8865285183075,1013.8209747266582,1016.4696579644403,107.9876422428323,96.47834299592913,85.02792916009935,76.26840987608708,70.44021416449642,64.65284699500049,60.98937880299207,59.841940179618604,60.31323894682696,63.02970508380498,66.0953199290452,69.24337959036927,47.35269460849186,90.0,0.3822310080427653,2.1796593708355982
2021-06-22 09:00:00-07:00,914.4990333333334,111.10636666666666,0.2786519287621358,8.5,850.5639680120835,8.929859192092424,36.04130038070791,105.29704482484148,0.0,490.61386709161644,1054.0726517278806,1.0,490.61386709161644,231.87970253177104,1.5465185992958572,20.0,0.0,1023.3961111038634,1023.5721675221761,1023.421926880024,1023.3926699787353,1023.3645140493885,1023.3305023080086,1023.7059562192137,1025.7591866933617,1027.5679904503734,1029.6736521091477,1033.3323848833174,1034.9329033694557,121.23973951852471,108.28740303882086,96.91612898095093,87.78653047521456,81.80883023946062,78.7323028263225,76.98121241670697,77.51978605285954,79.47820054360997,81.7156009365905,85.3584539663152,88.85646540126245,35.0636631443499,90.0,0.46275686614225847,2.0386286372258575
2021-06-22 10:00:00-07:00,937.55295,121.79456666666668,0.265591928010968,9.5,968.0646174440008,13.498853441184789,25.493106663158702,122.84330156151543,0.0,602.3591942939481,1051.630752358544,1.0,602.3591942939481,255.89885636306346,1.3032281719399728,20.0,0.0,1035.7783605844402,1035.5484623986895,1035.45201812073,1035.6795573578995,1035.461594904918,1036.8668062554982,1037.7577338200715,1038.8498527272543,1040.0551237054526,1039.7593342998862,1040.802353018484,1041.5160453385206,137.71375080803784,124.6088814883888,114.12357286811138,105.72682247974404,98.79959552380251,95.41716656727098,93.8888119078694,94.98839641908499,97.2787418233466,101.13975432675187,106.61291349130353,113.45487190515146,21.83154497672136,90.0,0.5640605150810605,1.9288616326250294
2021-06-22 11:00:00-07:00,930.7922166666668,140.01683333333332,0.2588289761538637,10.5,1026.5978077139275,15.955725274999585,17.73012570311336,154.51164392987812,0.0,657.238759852684,1038.2876125609964,1.0,657.238759852684,266.3943413948571,1.1032322761466744,20.0,0.0,1032.8389953070966,1033.1475134174889,1033.054597331548,1033.0159915062902,1033.33617692783,1033.3345342127081,1033.563036222959,1033.4879907571772,1033.486709617044,1033.3629538860662,1033.6807141665458,1033.6841472768317,138.46801703088906,127.40384825173703,117.89351609683453,109.68543037409903,104.51684425195403,101.81135335741884,101.28220016147903,103.30721196138349,107.30186675077657,113.36471402503581,120.87757447571867,129.65736549921132,7.833823884713462,90.0,0.6818497874983793,1.866475307384647
2021-06-22 12:00:00-07:00,925.2097,145.79108333333335,0.2570477372294982,11.5,1029.1701811216562,16.069633521448008,17.29476288662451,201.39257956708292,0.0,668.4794803061301,1037.307319141488,1.0,668.4794803061301,265.1886217466138,1.0851997927622863,20.0,0.0,1032.4461110215589,1032.4025643774037,1032.6680833610585,1032.668007754425,1032.5910410672263,1032.59285835373,1032.803164639201,1032.6879093468187,1032.6872636982744,1032.6866217064426,1032.9528361022028,1032.9524239155724,140.05953807317934,129.23723836423625,119.86559344472988,112.38665523940853,107.11158468765153,103.92346374999597,103.62166727155781,105.5333383603208,109.8549113663716,115.84852657956759,123.33603121381744,132.43673862545847,6.479451640960001,269.99999692167535,0.6935765623291873,1.8635304665570556
2021-06-22 13:00:00-07:00,870.5651166666667,209.89761666666664,0.2641637758660998,12.5,1001.5373468619068,13.829216296802864,24.585689390663333,234.93440776856906,0.0,633.0090837874108,1079.8505200522789,1.0,633.0090837874108,268.1823665751416,1.2830205044048997,20.0,0.0,1059.4125671315624,1059.647008776233,1059.5277742430776,1059.8651769898588,1059.7403992002119,1061.6745178153797,1063.2741334634145,1065.0024663988129,1066.4470385105926,1066.399857477428,1067.9671603789989,1069.4508469764112,144.1941308570204,132.4585562392733,121.47359504729322,112.08507475700821,105.59907285103725,103.31208389257124,101.69155144799366,103.27903990447035,105.81719358567321,110.21162875274592,115.83889338888868,122.79857922191529,20.530370174408276,269.9999985212207,0.5746480879668642,1.9206564302335862
2021-06-22 14:00:00-07:00,405.8886851666667,260.2573,0.2777659852137565,13.5,592.7831581886351,9.447182136557585,34.98983153387271,253.3670833538324,0.0,354.1435410764649,711.9816944428421,1.0,354.1435410764649,177.6401888383745,1.5202851442016234,20.0,0.0,697.1609400336356,693.9700557440126,691.0025558571964,684.5103984325916,680.706426203967,677.2082848921605,676.6353590113466,676.4247582132386,675.4339371668068,675.1534219303484,674.2210133828717,673.388698188802,80.33739958522625,76.7122135313812,72.83864576994445,69.03243764356304,66.36686480711994,63.503220028900415,64.56603096758984,64.66509109511239,68.79398900644149,74.22552310805793,80.9156099763508,89.00026421685088,33.84802897864458,270.0,0.4715039979107708,2.026625002258771
2021-06-22 15:00:00-07:00,143.49570613333333,205.9686,0.2892005448231723,14.5,305.07633990127897,3.2812622173691355,46.31707403784606,265.4604253317747,0.0,179.05883106244684,365.8616758908575,1.0,179.05883106244684,101.25247681350028,1.851486648914525,20.0,0.0,332.108394729211,333.6734121527927,335.54464131313694,337.43473134407543,338.2634420834171,340.16919675782884,340.8641908279367,342.6104100898922,344.1327667459017,346.92161122089533,348.19617178662253,349.448233481206,53.77707335013373,51.449738610078995,49.71250689617769,48.133043080160164,46.89287363918442,46.49722854376945,46.615896545189095,47.1222382749576,48.20316339586138,49.37390306698161,50.69753975970966,53.02953619637943,46.227150349187454,269.99999914622634,0.388955935958383,2.165341776425827
2021-06-22 16:00:00-07:00,101.64127983333331,157.30464833333332,0.2957405382037378,15.5,211.41238771792777,8.828190928780433,57.83629040134528,275.0414336571084,0.0,115.80144935764051,277.0784069251698,1.0,115.80144935764051,75.3590991254653,2.437556010576154,20.0,0.0,263.5618814899986,262.57261582496693,261.56341751038474,259.3564541475867,258.3420822852047,256.7674600594519,256.1017927867408,254.41941602235158,252.68943905682426,251.95576444089167,250.232838335792,248.46302747258557,41.308345685250096,40.55835181316192,39.89791798646179,39.09951836617692,38.67136790369956,38.40520578780004,38.41035083343267,38.876908841929016,39.1463035156506,40.05316125994365,40.83221508031543,41.85051955252422,50.0,270.0,0.366977778440511,2.214355247456318
2021-06-22 17:00:00-07:00,2.070281983333333,65.92479833333333,0.3125678642356061,16.5,66.65987363886842,22.4944477473595,69.20284916793057,283.7232426358594,0.0,45.358403897677924,55.92219786154809,1.0,45.358403897677924,25.0267378906587,2.857142857142857,20.0,0.0,51.4429402024878,51.71990428090328,52.00086185790996,52.49625429026316,52.78517840764176,51.92158527912611,51.54137036971045,50.66642427380725,49.76575577867709,49.36237724543665,48.440318815358815,47.504924549487725,16.433183951180215,16.68828560775849,16.92596794240335,17.09333267116034,17.298835675940744,17.49055599079391,17.070827635332694,16.675717538604793,16.256129423856976,15.94474582614368,15.636240447015838,15.427337051468934,50.0,270.0,0.366977778440511,2.214355247456318
2021-06-22 18:00:00-07:00,10.841602433333332,29.323991666666664,0.3158576999136229,17.5,31.176881662965556,60.77098918416179,80.15952635375578,292.3630418576954,0.0,19.25521039826058,33.47975935542514,1.0,19.25521039826058,9.959798893130845,2.857142857142857,20.0,0.0,31.295072974188642,31.396467492793793,31.510270820825024,31.60537725967003,31.708179764073623,31.698720459235794,31.700043404749668,31.688710569725675,31.69102548760007,31.69146181138783,31.681499450147957,31.681979763531043,5.239104180715791,5.140395389970168,5.123802821483364,5.061931489929806,5.064777317220334,5.093026705409765,5.141617572573188,5.208986740181104,5.284928077624253,5.360981331959865,5.447414460537042,5.532526470487344,21.160378909304843,269.99999914622634,0.5695101177369548,1.924569208789716
2021-06-22 19:00:00-07:00,0.57880625,4.7868031,0.2997083199224394,18.5,4.8058492668835475,84.60525562334874,88.1142877922788,299.3320409727776,0.0,3.0671565012383124,4.835311140095573,1.0,3.0671565012383124,0.0059095680037998645,2.857142857142857,20.0,0.0,4.545102220662749,4.545102220662749,4.545102220662749,4.546619490535939,4.546619456553333,4.546489701777359,4.546489701777359,4.546489701777359,4.547553748856016,4.547553748856016,4.547553748856016,4.547553748856016,0.8034881955230211,0.7862922082268529,0.7722304752745939,0.761798460239279,0.7548594479147209,0.7528736979037919,0.7550014504582949,0.7616279167861435,0.7711832096102578,0.7846890732855086,0.7999603763028941,0.8170818357477547,4.02714842255128,269.9999982924527,0.7148854294842438,1.8596119715307995
2021-06-23 04:00:00-07:00,3.871691066666666,6.0762617500000005,0.2958857847288398,3.5,6.1592498454293105,86.48891343131305,88.77179462188967,60.05720801344467,0.0,3.8893396716457715,6.310157972573376,1.0,3.8893396716457715,0.0032126098365618267,2.857142857142857,20.0,0.0,5.815425109980174,5.815425109980174,5.815337653320593,5.815337653320593,5.816195557565733,5.816195557565733,5.816195557565733,5.816195557565733,5.816195557565733,5.816195557565733,5.816195557565733,5.816195557565733,1.0077293388520723,0.9860826575271171,0.9681405983945944,0.954575936351844,0.9458890724846586,0.9423470364518752,0.9440106498871337,0.9507258861363925,0.9630194442535629,0.9788193481945683,0.9984014644731724,1.020102552118635,2.635132544094782,90.0,0.7270122365462931,1.8582002907629949
2021-06-23 05:00:00-07:00,68.97777148333333,77.142355,0.3050837629767765,4.5,87.6814901429625,64.11643435406222,81.21133605749998,66.76971922936474,0.0,42.55510803282269,127.92078168579872,1.0,42.55510803282269,26.860652537729493,2.857142857142857,20.0,0.0,118.57929342140599,118.80956977857565,119.00385036064566,119.21754512050896,119.25091944122353,119.25883526060983,119.29194238958726,119.27074245936294,119.29842631932985,119.32531362633975,119.3075705787736,119.33383031244028,11.164208282181148,10.876171076875597,10.844443582639663,10.767790408085817,10.703862443606694,10.848232511221156,10.954694339087052,11.101781239557022,11.277424633299862,11.39132022015855,11.653085624716882,11.777758592874875,18.74651971397133,90.0,0.5893090270729758,1.9101932043739966
2021-06-23 06:00:00-07:00,121.4883515,147.10946666666666,0.3078072030542865,5.5,188.04394732823152,23.84060433568298,70.30935046887893,75.441317978357,0.0,83.19406915315899,301.8592943493251,1.0,83.19406915315899,68.59169982542178,2.857142857142857,20.0,0.0,276.0787129312126,277.7221783367587,279.3458207626384,280.0625822206076,281.64124380349745,283.17909273989926,283.8526231735905,285.3688184682293,286.11644582571137,287.70472478884506,288.3826521347405,289.07507642233605,27.51537411495115,28.036221799301806,28.708629272633484,29.395228357780862,30.22853315018528,30.998953172829612,31.79397420309906,32.52462374788808,33.22368834705996,33.99760924416598,34.64361747273787,35.271388408434234,50.0,90.0,0.366977778440511,2.214355247456318
2021-06-23 07:00:00-07:00,467.84046,223.1445833333333,0.3139368997939322,6.5,464.29291483594176,10.174663719743087,58.97246644635012,84.08955828247731,0.0,202.84284514438747,775.2194163122235,1.0,202.84284514438747,158.3999918271095,2.516389140813241,20.0,0.0,719.9141642960766,721.9201942163477,723.829684704389,724.5558337971902,726.5637373855728,728.5072588704267,729.1456878149235,730.7433502848331,733.7760613304135,740.2842400396202,743.3762611104682,746.4125386214754,88.04235468628116,83.00384979156135,78.36882949366633,73.15300219591333,69.75298937206503,65.65527872781253,63.35104428365051,63.137356184483,63.59830401361801,65.31530526384246,66.78656318891711,68.66970807561265,50.0,90.0,0.366977778440511,2.214355247456318
2021-06-23 08:00:00-07:00,335.0495,309.07745,0.3000220293354257,7.5,535.6220827593204,2.6014444558335152,47.456269909063046,93.53194396928251,0.0,299.3334325917696,706.705499665821,1.0,299.3334325917696,175.97714375800354,1.8928169744529422,30.94382993939394,1.750040566,652.7022318136575,654.8766834974736,656.3124439463493,657.0243067719508,659.3831430625812,661.6096254358063,662.2682533927355,664.281182583861,667.3336178327467,671.9440745172382,675.7549766161991,678.3670969677263,93.79193369303268,87.97561638591934,82.30182484386881,78.52620110419304,75.38676532093663,73.16982499672575,72.1637177714723,72.70513023510227,74.13923347922423,76.90162371028022,80.64732772139496,83.53870473002833,47.402000256522776,90.0,0.3819396414348788,2.180292585803872
2021-06-23 09:00:00-07:00,659.1087666666666,288.3472333333333,0.2856827664721932,8.5,820.9730057460035,8.92309430631142,36.089293739410266,105.26727088042276,0.0,481.13534780698325,1002.3440538068046,1.0,481.13534780698325,242.95985523242507,1.5476477889122722,32.825388,2.4696355766666667,956.5162300594658,957.5933333143811,957.8907734627137,958.7307085213778,959.1118431979821,959.903157488082,960.6872397087224,964.3111852284508,967.6629586096115,971.2970657137487,977.674971121662,981.1420689668167,123.10120253702338,111.19587744912941,101.21919933110308,93.07673725163819,88.08737470298965,86.74932667724092,85.33150737197302,87.2979563199709,90.60880208410838,94.14891156978898,99.01582421453894,103.74790471539546,35.114928242814145,90.0,0.46239080051551856,2.0391429833729506
2021-06-23 10:00:00-07:00,482.0943176666667,341.08341666666666,0.2783246484063127,9.5,776.0773101798617,13.499995958147046,25.537888967286833,122.78587337654402,0.0,486.3200015793103,841.270680313191,1.0,486.3200015793103,225.60834422094382,1.30405502175292,33.509686555555554,1.900566625,813.65433826033,813.8227035387727,814.0915982869436,814.6153809052328,814.7617805800122,817.6147913963617,819.9649223220165,822.4265359695186,824.8967792192095,824.6573480417511,826.905361051766,828.8166706194154,117.41870205622101,107.71117862099742,98.85522418112687,94.59899696314437,89.50570553518462,87.813781823385,87.2282062397495,88.93663915067927,91.30242327854987,95.08708447458419,99.91241235758712,106.53011548222062,21.884145961171136,90.00000147877934,0.5636344843975517,1.9292034311149864
2021-06-23 11:00:00-07:00,184.93600118333333,347.9674333333333,0.2825678943374073,10.5,524.0883489732125,15.965638716886714,17.76153582401828,154.37886918419417,0.0,336.0086575281512,530.4948129395588,1.0,336.0086575281512,151.22211811018843,1.1039307985782387,32.44928755555556,1.417015475,518.902835402562,519.5361500933161,519.4846647269947,519.4538020366214,520.0403458001373,520.039494787855,520.5080155372727,520.4664520424814,520.4658254455613,520.4652637894038,520.8586289713045,520.8601861725699,78.95351997672276,73.99538565734916,69.42897267049577,66.16406131538494,63.95035057070352,63.029449441311215,62.92283560902079,63.96001426381036,65.87865862005216,68.72670077131403,72.4512704706341,76.4956431929439,7.886098924080766,90.00000341509458,0.6813978874802179,1.866600076324536
2021-06-23 12:00:00-07:00,3.954774783333333,233.04205,0.2963597314026939,11.5,236.81803593293165,16.08837460710394,17.294055367467678,201.2200410572521,0.0,152.29048063313854,235.10852644532235,1.0,152.29048063313854,69.24544409824227,1.0845403320430038,31.562602833333337,1.8195954416666664,223.79969664756942,224.07209299098255,223.78108365020518,223.7811339469083,224.05693488633736,223.76622858758634,223.7517600705473,224.03012872968458,224.03005726731624,224.02998878345028,223.73904706555172,223.73899508478831,38.895815473197146,37.87704825859042,37.05026835099301,36.44583740027609,36.07814482634629,35.9338841348239,36.051718818789126,36.408004910891506,36.99875961021847,37.73501201898161,38.59856503305216,39.616417735236496,6.429756210334627,269.99999669334886,0.6940074877995122,1.8634329627018724
2021-06-23 13:00:00-07:00,266.5610873333333,424.36913333333337,0.2826354746828626,12.5,666.8074076002492,13.855960031125987,24.563154426362573,234.8234107784493,0.0,425.6855723506788,704.5662715441288,1.0,425.6855723506788,196.72108738750924,1.2823271966803613,32.73752527777778,1.770462955,690.2486257407655,689.0497058861628,687.4125386379865,687.0477641758145,685.8629147106864,684.0601405164497,682.3207339942984,681.7085479269746,679.8580245660331,679.0735684086662,678.5789114700563,677.8069113172959,97.47997727218629,93.11208572882819,89.21738297373626,86.25248541816742,84.06923429383986,82.65889215071743,82.87857336577146,84.24749371077591,86.74069446310655,91.86154888147725,97.78029538316034,104.13144498747177,20.48520118156648,270.0,0.5750172808530982,1.9203802447378648
2021-06-23 14:00:00-07:00,111.89858833333332,358.8661666666667,0.2831673117645416,13.5,450.57322927835025,9.480505231675282,34.95971422512955,253.2943343556603,0.0,282.4017499226773,489.7268130379623,1.0,282.4017499226773,140.3090951441457,1.5194448895674522,33.06752455555556,1.4112314616666666,472.8484144724587,471.21249573709053,469.7930387346835,467.37078013503026,465.78501280352737,462.91251372335296,461.6692877796353,460.7303985130543,458.3445670757992,457.31867742610234,454.5054403455945,453.346197712065,72.49165996447339,70.0533179587358,68.97722772920315,66.79185170864884,65.13749217681942,63.3161671382574,63.49493951208078,63.64426246132559,64.46072049065394,66.95928717197121,69.68549866881693,73.86915048409816,33.80830172762075,270.0,0.4717919934692115,2.0262389996426897
2021-06-23 15:00:00-07:00,77.15109721666666,304.921,0.2912168192248965,14.5,358.23812351178105,3.319578924545041,46.284808163848346,265.40488404724175,0.0,221.0384317665472,387.9881125444389,1.0,221.0384317665472,119.89162438742449,1.8503075767439718,32.8181765,0.8588463016666666,368.0355735275772,367.59769356257436,367.15066948465346,365.98484061435056,365.24833553958024,362.45369153996455,361.25959341990574,358.27787030598313,356.92237452580184,353.9145879261334,350.8804029736499,348.2137720243423,67.82152633450187,65.92663973417685,65.32608904144747,64.8183161754974,64.28563826127517,64.27177942309092,63.47988530230505,63.15406776411065,64.05280573391586,64.83239189355264,65.78577112079034,67.37794500057748,46.19266351351462,270.0,0.3891642019378209,2.164907270548726
2021-06-23 16:00:00-07:00,326.0689836333333,243.92826666666667,0.308509801750699,15.5,417.6622981486957,8.781678211529632,57.80423488328673,274.99367971345305,0.0,201.01330291693233,637.8052504744028,1.0,201.01330291693233,143.12661692325833,2.4354609538026133,31.943329722222224,3.6745266666666665,611.9254806163515,609.6866326470617,607.4003238858518,602.520959094275,600.2627775990444,598.3070077908149,597.5477301772352,595.306721128708,593.0038343335551,592.1133167174602,589.9031263524794,587.5945115659786,67.08847414901153,65.58338918137888,64.37590881465513,62.92155698690687,62.46090531581896,62.505136313190285,63.87984524758863,66.58909381595149,68.75971342245884,72.549981613772,75.93165754407846,79.7407023786772,50.0,270.0,0.366977778440511,2.214355247456318
2021-06-23 17:00:00-07:00,78.40827730000001,141.79558333333335,0.3009443243068229,16.5,169.6741277279479,22.447872186904956,69.17246726115376,283.6785417216772,0.0,87.66595938303419,230.8021376350784,1.0,87.66595938303419,59.8316080870124,2.857142857142857,30.280554166666665,3.2981398166666667,219.75322957122876,219.7079689395233,219.6797724914254,219.45892097204495,219.39868786492337,217.80715746230396,217.09892848541972,215.48029800957875,213.8274182379584,213.06833523809865,211.36844752199295,209.6390899726593,33.526293735422854,33.552558209308195,33.558443638484206,33.422219677508544,33.358182141749495,33.248000634036664,32.460138145719846,31.672114970875814,30.811263475065243,30.07697954116823,29.324845419591725,28.72094386672326,50.0,270.0,0.366977778440511,2.214355247456318
2021-06-23 18:00:00-07:00,70.16428321666668,62.08843666666667,0.2962872878067067,17.5,74.11300625534594,60.682445240392916,80.13208869728736,292.3185204668858,0.0,34.88275360872918,112.21559480619595,1.0,34.88275360872918,23.070749477134257,2.857142857142857,28.76609272222222,3.0433955666666668,104.25079953150103,104.4362286826387,104.64236690339544,104.81607790304983,105.0024973528418,105.17461153183059,105.35644748045974,105.50828248955199,105.52063775101877,105.67547061159931,105.81229489544921,105.82170340048125,8.997146544767524,8.862409521423839,8.848581035854062,8.809888594343466,8.836484106325756,8.995172341927756,9.078576297717495,9.312429001670862,9.442087848449392,9.699424170841255,9.84748158724752,10.128981211033219,21.22076732010665,269.9999985212207,0.5690187626771441,1.9249501909260753
2021-06-23 19:00:00-07:00,0.08470625,7.28482975,0.2855461485405374,18.5,7.287652934772896,84.53566872050912,88.09002836743427,299.2862490549785,0.0,4.6679752343472085,7.283676766299234,1.0,4.6679752343472085,0.009219204055166033,2.857142857142857,27.989924277777774,4.566086716666666,6.888970142015841,6.888970142015841,6.888970142015841,6.887350814533162,6.887350814533162,6.887350814533162,6.887538983705954,6.8875389578607376,6.887539009148414,6.885229941388557,6.885229941388557,6.885229941388557,1.1848386004177243,1.160029024759112,1.1378996963588848,1.1183243006731232,1.104474911808781,1.095755301450415,1.0917312440057825,1.0945997833784042,1.1034804558674307,1.1197619952474223,1.1401496007988081,1.1650890072552438,4.077385733240351,270.0,0.7144481222664463,1.8596739323344331
2021-06-24 04:00:00-07:00,0.0184939,1.62579555,0.99,3.5,1.6261761722544934,86.62890601792468,88.82071447202836,60.03785149876978,0.0,1.04058320455227,1.6260903814063223,1.0,1.04058320455227,0.0007926576499375504,2.857142857142857,19.154261444444444,4.76017625,1.5369993500133257,1.5369993500133257,1.537228895243841,1.537228895243841,1.537228895243841,1.537228895243841,1.537228895243841,1.537228895243841,1.537228895243841,1.537228895243841,1.537228895243841,1.537228895243841,0.9019683588729516,0.882600619386385,0.8665382145960606,0.8543865180530357,0.8465956320949173,0.8434093347440704,0.8448841915847269,0.8508868492845483,0.861074448912202,0.8749589606263805,0.893192429774662,0.9126679432859539,2.5304550359821487,90.0,0.7279247920394503,1.858117962170768
2021-06-24 05:00:00-07:00,0.0107300166666666,28.113683666666667,0.2741711964259927,4.5,28.11531381444268,64.27394735563236,81.26155442032092,66.75362845210515,0.0,18.407649650920487,26.852229450385373,1.0,18.407649650920487,7.511440058130358,2.857142857142857,19.38493711111111,2.1898623471666667,25.437411465040306,25.632858271727837,25.713740023495724,25.714668731429523,25.65659620974623,25.609678213394062,25.566697198408896,25.65294486377824,25.516682919516114,25.477551790727272,25.570030495802307,25.434601893118035,4.333352567177414,4.206671650133609,4.178545046231229,4.149261424070102,4.104403934515527,4.146888953553299,4.188919415073801,4.188819229050311,4.2784089940819605,4.298685721083779,4.388855653434791,4.407035257672541,18.629404513899626,90.00000120741828,0.590277166344048,1.909538263635812
2021-06-24 06:00:00-07:00,12.496039966666666,97.95843333333332,0.284732725238908,5.5,102.15832803209211,23.891576083150902,70.36067620735604,75.4282987158798,0.0,65.03148541834132,99.11465802770262,1.0,65.03148541834132,35.33591400886417,2.857142857142857,19.6199855,2.1812071506666664,86.77957264536597,88.12750859246799,89.45640019164246,90.04535194915205,91.34226192550499,92.60334441662589,93.15882943758585,94.40091308798449,94.02498677174441,93.38076023089428,93.01222161605904,92.65118887365173,20.870968739585344,21.197984702760685,21.653891887627633,22.119300643012522,22.720074915505847,23.29191386039904,23.892251203261644,23.649704564163923,23.38698571207714,23.16909049279879,22.861308613432705,22.530105338112147,50.0,90.0,0.366977778440511,2.214355247456318
2021-06-24 07:00:00-07:00,418.87861016666665,178.05806666666666,0.2998403626870223,6.5,393.6436967479291,10.225580556207376,59.02438063447037,84.07791770594793,0.0,167.94248581972394,672.6079980620905,1.0,167.94248581972394,131.02524680497658,2.5201987999704616,22.336956944444445,1.8320443283333327,624.69373947644,626.2418760892543,627.7104848402179,628.2651774800505,629.8196733413865,631.3244771533834,631.8087502954388,633.0222211970987,636.112940299489,642.62952285261,645.7493247130615,648.8145820675285,71.0446610494585,66.7747184249211,62.82203813475815,58.38157676752593,55.44479228842936,51.92814248901044,49.915937892289804,50.173478280052336,51.01050612629128,52.90282142668393,54.61403707337662,56.684014335007014,50.0,90.0,0.366977778440511,2.214355247456318
2021-06-24 08:00:00-07:00,255.65611833333327,280.99515,0.2887891200844633,7.5,453.6863546104596,2.59416146610175,47.50837860254993,93.51911077282762,0.0,256.16529736166854,591.1938494762447,1.0,256.16529736166854,148.5785774913899,1.8947187531846668,23.10865688888889,1.321163955,542.3085170748672,544.3809460285087,545.032085113543,546.5614065896025,548.7648482802458,549.6086286248185,551.5183234721983,552.2361098220822,556.3892632425104,560.9513020017962,564.6113759387158,567.1746067729329,77.92378119837952,73.48701175433554,69.17824945009659,66.38297428795217,63.3483242311459,62.39223155837563,61.233480333749284,62.672600300767726,64.28441658058347,67.54788742065662,70.54057747262678,73.31113374284169,47.45451130643314,90.0,0.3816296325609667,2.180967517773455
2021-06-24 09:00:00-07:00,662.8917833333333,238.8850833333333,0.2792431291215312,8.5,774.2151101345132,8.922735573850744,36.14102970058206,105.24730614268293,0.0,450.8964769088616,957.1542734582642,1.0,450.8964769088616,225.03183230953658,1.5488327913413296,24.732039722222225,2.50192783,914.4163311266663,915.0913183204194,915.221256406186,915.6873659790966,915.8999920858945,915.8123848554593,916.9321842243237,920.7531534219868,924.2988615016077,928.0916426689222,935.0253850421418,938.6414067881396,112.49355574625538,101.11886191332677,91.46402832555906,83.63342067525555,78.69490735784471,77.6113665001268,75.38871211321202,78.25482751747974,81.62297761775059,85.24032608975882,90.13824856521484,94.93580666592028,35.16863433027167,90.0,0.46200755162631596,2.0396825224972406
2021-06-24 10:00:00-07:00,172.9797711666667,523.8388666666666,0.2799460517179437,9.5,679.8542266362871,13.50782967551974,25.58729029114528,122.74039879843782,0.0,432.7489115687478,709.4097722553884,1.0,432.7489115687478,197.35151862221625,1.3049057884732478,25.638221055555555,2.066992125,679.2985593207343,680.1727814416523,681.106154928498,682.2376971075784,683.0246901881494,684.7267686131686,686.0284350024542,687.484306502792,688.9583600085095,688.7342735285149,690.0609479558454,691.1176296808209,104.92538777435033,98.76579605058244,93.02107702921988,90.33942818356888,87.28552333554717,86.1157408294214,86.41678242372058,87.2606989735827,89.76903047161358,92.2145790127074,96.01009532063317,100.5226280936097,21.938216016799707,90.00000085377364,0.5631967189993866,1.9295555907201107
2021-06-24 11:00:00-07:00,65.529888,491.2692333333333,0.2824336031911377,10.5,553.6624198426127,15.982385197523211,17.799273379783216,154.2558174650037,0.0,355.524293593862,554.8757341953183,1.0,355.524293593862,156.9713135682083,1.104633636029951,26.01278411111111,2.3565110166666665,536.5804204422993,536.896803444596,536.8427022957137,536.8447234070727,537.1222448825602,537.1215291809501,537.3946790245975,537.3545654318982,537.3115288791681,537.3112023249788,537.5087128954508,537.5099627374041,84.76031156226945,80.88315730034266,77.3612856344062,74.90867818538379,73.40905302430119,72.66215491167345,72.75700144510314,73.74840113854984,75.4964141432194,77.83833973216456,80.81778246551957,84.13430366615322,7.938682820329957,90.00000341509458,0.680943375112609,1.8667264143085065
2021-06-24 12:00:00-07:00,453.8725536666667,403.02001666666666,0.268835383479674,11.5,836.359430605193,16.11389594821631,17.300130863287052,201.04175710036793,0.0,542.5288747540915,844.660432923772,1.0,542.5288747540915,228.32633100576544,1.0838933049158266,27.285547222222224,2.162930166666667,834.4675943524039,834.3071989725569,835.0921746336874,834.8287089257235,834.8307322936469,835.6178426736321,835.5705808424035,835.2089181085544,835.2084198437647,835.2079246956166,835.9933883518081,835.540419595023,120.76763100229378,111.64464370572304,104.37075939600939,98.59062064885674,94.53059891935885,92.11163029676912,92.11683948423074,93.6678859551819,96.93374205014223,101.84987727149246,107.75103564962187,114.9090039130745,6.380987293538241,269.99999658490543,0.6944304201169438,1.863338003478677
2021-06-24 13:00:00-07:00,472.686758,330.4076166666666,0.2708024834574807,12.5,760.3769266646194,13.889238976802307,24.545947329200814,234.70161800587144,0.0,482.43393126869773,817.3116705498403,1.0,482.43393126869773,215.37903932124846,1.281666267286011,27.971236666666663,1.999975616666667,806.2039267012628,804.2094713821409,802.1570557465143,802.1621772540948,800.1879119123271,797.9286943641133,795.7103453869894,795.4107045624623,793.0485517218759,792.5449573718531,792.3872066142073,791.9368344720866,102.46395423390442,96.93899341891498,92.4299918230882,88.72084834668402,86.4278093204061,84.73984993061686,85.49159236839475,87.29352773959934,90.89096965128921,97.54958230980037,104.94257253320494,113.19483661717395,20.44210905363356,270.0,0.5753695996625128,1.920117300868176
2021-06-24 14:00:00-07:00,11.243656733333331,279.57008333333334,0.2866094446869753,13.5,288.787767452161,9.51998444534292,34.93402663679417,253.21228707045987,0.0,190.2263287602717,273.55684410882066,1.0,190.2263287602717,88.4514375180459,1.5186696357516762,27.330163833333334,1.1130592966666666,258.5732573202959,258.9593457276412,259.36304611853916,261.1306032529685,261.53061976555495,260.602646473339,259.24047475230356,258.0943041146806,255.42259012568513,254.19759780332464,251.14651578783747,249.8126655036425,50.66463252517414,50.47318130024917,51.17509588627478,50.91616622891619,50.730915684208455,49.360759423937104,50.06748487003925,50.3703271935706,49.620734770967005,50.034548435271596,50.07273615786919,50.55640904617449,33.77160366568136,270.0,0.4720581483128339,2.0258827845284935
2021-06-24 15:00:00-07:00,2.3609520500000003,226.39226666666667,0.2894368166536178,14.5,228.0246979207678,3.3636167692035066,46.25664857555333,265.34166636588077,0.0,151.8724961804388,205.38606968983066,1.0,151.8724961804388,77.97261664199208,1.8492589010392715,26.646942777777777,2.0171815483333333,191.85525114093798,192.37954754385177,192.91114940522218,193.5676657332471,194.1380740541525,191.58313655471574,190.42610368063782,187.75409730227392,186.49010031840544,183.7541497468288,180.94969901545102,178.38191091204683,49.73409597598454,49.12559007697233,49.485764299255024,49.81912575620714,50.0067554542279,50.36268848415332,49.176413060503535,48.13876350126986,47.151138748901516,47.47823256254095,46.93370154321702,46.7335410889053,46.16194413232593,270.0,0.38934982635120124,2.1645204427002076
2021-06-24 16:00:00-07:00,1.1589343666666667,61.28080833333333,0.2859272605235186,15.5,61.898782866907794,8.736511959250524,57.77628220619596,274.9393933248749,0.0,42.31798248251093,51.085634298921136,1.0,42.31798248251093,21.92601028819493,2.4336701932532097,22.81923088888889,6.8799183,47.11907396240966,47.3650950302696,47.61439381403417,48.05716412531065,48.314306720166925,47.5055931733319,47.144674007992904,46.32316928993268,45.47799879295154,45.09530135943338,44.23014794244321,43.35221270077348,14.605776494685664,14.829969010059957,15.039854507687018,15.192244729899413,15.376534911876234,15.550509027078547,15.168663292675138,14.809664063511743,14.432033944620498,14.14890883265967,13.870412799511529,13.678095321776189,50.0,270.0,0.366977778440511,2.214355247456318
2021-06-24 17:00:00-07:00,11.3165581,69.77809333333333,0.2869702470731334,16.5,73.80658045230803,22.402558282477845,69.14638005499296,283.62810399096617,0.0,48.284183854519505,67.55631607705367,1.0,48.284183854519505,25.796998917015458,2.857142857142857,18.691617722222222,4.9823284333333335,62.86140212759931,63.143498677427694,63.43087701772221,63.940044278578014,64.23418657840043,63.31375482906881,62.90268735762122,61.96804185550163,61.00748120149886,60.57116063313811,59.5869151687214,58.587918435491126,16.726018078372693,16.988816214944407,17.234619726771314,17.41257893793032,17.62467283447607,17.821157477262485,17.37879965099384,16.95585665839743,16.510103492062004,16.16365093748418,15.821338968544705,15.574603311621884,50.0,270.0,0.366977778440511,2.214355247456318
2021-06-24 18:00:00-07:00,0.50056225,44.55281716666666,0.2801663175752126,17.5,44.63879855380262,60.60877211373745,80.10927557555239,292.2688591149954,0.0,28.91430656465458,43.54805752006941,1.0,28.91430656465458,12.331416321163267,2.857142857142857,19.70606811111111,3.719500371666667,41.11645577832733,41.271351102484736,41.44219083832723,41.58715623447122,41.74180324699378,41.65281122364075,41.58146720602883,41.496928804604764,41.264260198294814,41.43457633945709,41.35876214959139,41.123730358297486,6.965165850329554,6.859587669191444,6.842451265475126,6.698356660657507,6.719037554323121,6.712487455885916,6.778371386191864,6.820297674413224,6.922269939465669,6.972160864024116,7.088883929475763,7.147305333685784,21.268840380072255,269.9999985212207,0.5686277561387297,1.925254217536755
2021-06-24 19:00:00-07:00,0.2234117,1.6608197500000002,0.99,18.5,1.6683411129161103,84.48027782858112,88.07071967371712,299.2357208091532,0.0,1.0642568932163916,1.680166738016527,1.0,1.0642568932163916,0.002142616095007148,2.857142857142857,19.54317233333333,2.18905287,1.578407222753332,1.578407222753332,1.578407222753332,1.5789336517120398,1.578933610185171,1.5789336354590329,1.578784892452032,1.578784892452032,1.578784892452032,1.57915407212503,1.57915407212503,1.57915407212503,0.9204351456661329,0.9007184480924422,0.8846043624882313,0.8716533746466019,0.8646411135393691,0.8623802526473648,0.865040370728815,0.8719325751437826,0.8828762806654616,0.8982165214411713,0.9157005386424845,0.9353008693152939,4.116778435669879,269.99999658490543,0.7141052346148814,1.8597230542154293
2021-06-25 04:00:00-07:00,23.3088208,10.034686,0.2868637521554882,3.5,10.560482348101942,86.30467225192785,88.70742207726217,60.18153753426725,0.0,6.423638226287291,11.531098410572012,1.0,6.423638226287291,0.005862788945593742,2.857142857142857,13.963686166666667,1.0383306948333333,9.961675848775956,9.961675848775956,9.961675848775956,9.961675848775956,9.961535809563538,9.962952601675571,9.962952601675571,9.962952601675571,9.962952601675571,9.962952601675571,9.962952601675571,9.962952601675571,1.6135791245908804,1.5788946617377864,1.5501675223132878,1.5284685903221478,1.514590813064862,1.5089573644379346,1.5116564295665986,1.5233393798996837,1.5427981673610565,1.568060204962586,1.598664382060626,1.6333044859663028,2.7701030629023533,90.00000638905694,0.7258357069310605,1.858311365968338
2021-06-25 05:00:00-07:00,323.34742266666666,73.24925333333334,0.2830234090966136,4.5,122.07082684942337,64.44392648648105,81.31581434518756,66.7431293669045,0.0,37.10240057912451,244.56884629841318,1.0,37.10240057912451,36.74572886042081,2.857142857142857,15.873509166666668,0.9764736496666668,223.2012582331202,223.3937408199193,223.55603600091322,223.7334252593325,224.01718508285484,224.47045011489064,224.90233449584525,224.98823456834518,225.29042210232188,225.67098265708742,225.7103706007104,226.01430310853183,9.264070977669633,9.231629625649543,9.227794610235831,9.166672246774626,9.304277749615183,9.476412620695825,9.563713609517615,9.794388301498582,10.100806455926387,10.368158152791976,10.698596987325327,10.97393604040464,18.502054546418513,90.00000147877934,0.5913306691203186,1.9088305806469887
2021-06-25 06:00:00-07:00,317.5735633333333,136.88494166666666,0.292319800481038,5.5,243.33370967271745,23.943026179184457,70.41566171169609,75.42142597021598,0.0,76.60556284346193,488.3561101384271,1.0,76.60556284346193,81.38946797650792,2.857142857142857,18.303769722222224,0.865474079,457.4129753777715,458.85331933933105,460.27962545904387,460.9188423920252,462.29795866091104,463.6464354618104,464.2450242016829,465.5716787468884,467.03405066851906,470.00181650877585,471.33736279027465,472.6998947662362,23.998185678099944,24.61900665588289,25.34346176106278,26.090251654899618,26.913770155918556,27.664592235037286,28.414886032735673,29.745939616083174,31.03442045896126,32.38526830382466,33.61688887766789,34.83858438629171,50.0,90.0,0.366977778440511,2.214355247456318
2021-06-25 07:00:00-07:00,731.2866195,82.94729333333333,0.3014805987808964,6.5,458.7152085936164,10.276958230944043,59.07972088742779,84.07319538930972,0.0,166.1307218948909,874.8461119608918,1.0,166.1307218948909,137.92149362217378,2.5242986491722434,20.006447722222223,1.186869823,830.9903575754552,831.622041067572,832.1607750034068,832.2641962983018,832.9658992034492,833.6395622627933,833.6802096107608,833.9491981332665,836.9024283226685,843.2428528252036,846.3078274143261,849.3162389084297,77.78741042396209,71.17824389747253,64.86590904950482,57.83246930643089,52.816841521185836,46.99072049965355,43.323112595627336,42.30448419557869,42.121491590598055,43.386485077119175,44.46792469186652,46.070181042900636,50.0,90.0,0.366977778440511,2.214355247456318
2021-06-25 08:00:00-07:00,895.0899833333333,113.08173666666669,0.2904986721787758,7.5,717.0596233965808,2.5929545902449824,47.563879914694446,93.5143518403935,0.0,360.8975389793148,1083.478079552819,1.0,360.8975389793148,202.06156053256927,1.8967396930072156,21.61410988888889,1.6816351533333331,1036.4438100862076,1036.2598610125087,1035.5235581635425,1034.6619048782634,1034.965386735097,1034.8005359424592,1034.6524981983036,1034.802789560756,1038.1429576944397,1044.97112780373,1048.4025697455738,1051.61858814374,107.90875650491424,96.17740944080766,84.49720170366481,75.80613957353079,68.59141716635253,63.65185352553001,58.80886992807504,59.137450226158286,60.100140097981495,62.93641621659168,66.89883434193302,70.5943264402709,47.51016745356457,90.0,0.3813013937865786,2.181683494112688
2021-06-25 09:00:00-07:00,751.472261,173.94107166666666,0.2741812370261269,8.5,780.3769017839755,8.928794646983015,36.19644457540773,105.23716350072453,0.0,450.5263492026907,976.5910956769052,1.0,450.5263492026907,218.91752512318848,1.5500725513286335,22.396158333333336,1.9885623983333331,938.9412186718066,939.1406433719915,939.0533205666296,939.0573308904703,939.0655936829969,939.2362941923809,939.4649037214317,942.9956008668162,946.2436084752972,949.7387900018574,956.2872069125618,959.6212030979137,109.8672448032618,98.06153684839875,87.86838585812498,79.67287617921369,74.31119397443963,72.7899557038471,70.69948607169,72.9383894248608,76.00365635421197,79.3430320859335,84.00413367608346,88.57389049796782,35.224720436793476,90.0,0.46160758893167,2.0402467383169802
2021-06-25 10:00:00-07:00,536.329329,338.9409333333333,0.2750720142041424,9.5,822.4532182212288,13.522355813076045,25.641245685259364,122.70691687894373,0.0,515.0564066032663,892.3835350111544,1.0,515.0564066032663,235.4782241640601,1.305779589679379,23.09525955555556,2.4596380166666667,864.5072295578356,864.6514976165378,865.2113644560612,865.4270824110188,865.5571270297894,868.41268589876,871.0113125113153,873.2069481009651,875.6818355720034,875.4227219067687,877.667770903345,879.7935059739852,123.1822239320195,112.56270754594155,103.17180458332979,98.5741157722713,93.16676776919839,91.86550024040328,90.6518657221118,91.27400145851921,94.79590254953398,99.54693237383145,103.77112908401304,110.635269876958,21.99369382017475,90.00000085377364,0.5627477290234284,1.9299177776414091
2021-06-25 11:00:00-07:00,222.0850903333333,243.11568333333332,0.2772741373108915,10.5,454.5180764570076,16.005956539620048,17.84328490405025,154.14272945142386,0.0,291.32991780680135,460.41893164189594,1.0,291.32991780680135,128.56478347251291,1.105339992287114,22.667209055555556,2.1082315133333336,451.72687462484157,452.2340488007192,452.19042418159614,452.19267375735694,452.63600578612306,452.63500953224064,452.6338363270151,453.0090481815081,452.9742969002184,452.97382204189233,453.28942534249046,453.2907884250003,66.90672146021834,62.47116231980267,58.377988184876166,55.44646672297684,53.63403739876889,52.46520476566223,52.471845760373135,53.37117714877132,55.12646941474565,57.575497178458605,60.84202510436669,64.42719096400185,7.991514658965887,90.00000319452846,0.6804867782168227,1.8668541881229137
2021-06-25 12:00:00-07:00,528.1219381,215.2191833333333,0.2648425056424634,11.5,719.4136326972852,16.146179555602227,17.313010190817764,200.85815038732315,0.0,467.29408479068917,728.0382433154707,1.0,467.29408479068917,194.09127163360725,1.0832594973927305,22.58845105555556,2.11273981,723.4050370881748,723.14099606433,723.9910619380308,723.6301838033742,723.6320444613041,724.4439754927481,724.4440167875686,723.9911328097054,723.9906788810634,724.8409136571782,724.840716959607,724.3021987654795,101.78102680862975,93.32797167098735,86.55698489396653,81.15541277999235,77.33390221181328,75.0257221519195,74.73779688362299,76.32992125504673,79.28734315191865,83.776970583884,89.1890126908989,95.76926912518324,6.333204302438706,269.9999948773581,0.6948448413692772,1.8632456623054439
2021-06-25 13:00:00-07:00,686.5789321666667,216.55258333333333,0.2661715992364414,12.5,841.1431241957589,13.92902628054066,24.534126770220368,234.5692151530982,0.0,523.5604698174556,911.6650136244333,1.0,523.5604698174556,231.34494584964108,1.2810385052291036,24.180311222222223,3.396903533333333,903.3109030370604,901.1821024101652,899.1982847633661,899.4230218633943,897.3183357023231,895.1442012333375,893.0145642666132,892.959419737871,890.7115700488526,890.4515552593328,890.5825658840809,890.4151307239448,104.9497774535964,98.4939531126856,93.3501167814336,88.95356709008222,86.325702498447,84.26583300926721,85.13512704035367,87.09047349176114,91.2639716914007,98.90286918462202,107.63986611924241,117.61566672225656,20.401150347785986,270.0,0.5757045673019413,1.9198678662451027
2021-06-25 14:00:00-07:00,0.5637189166666666,101.402045,0.2573073857024604,13.5,101.86430789496355,9.56558389404248,34.91282960365956,253.12103538023294,0.0,68.17700342857754,92.08379748491144,1.0,68.17700342857754,28.73719836863596,1.5179602643462355,18.42841333333333,3.23338185,86.51916513568828,86.70989057770447,86.9080457710998,87.72625231310545,87.93025931153363,87.6047563243906,87.05863370285144,86.58142960526162,85.49779459826017,84.98944002395932,83.76755577814932,83.21878003308865,17.25021547398969,17.271450734649402,17.61741399004243,17.59491205290175,17.565494831136462,17.03691398247635,17.335913628608015,17.394146910095426,16.983788926904378,16.98430223215859,16.777482359900826,16.70876666857386,33.737987191105894,270.0,0.4723020538298549,2.025556780556956
2021-06-25 15:00:00-07:00,0.0053214,17.750006666666664,0.2015054110690014,14.5,17.753687647897916,3.413333452588075,46.23265284354479,265.2708379726352,0.0,12.127533115786433,14.606716572932331,1.0,12.127533115786433,4.780384662074404,1.8483416841451996,15.60467872222222,4.285414583333333,13.692436066393267,13.753795825293444,13.816118878521392,13.919180013432026,13.984715937588783,13.758432114383382,13.650879590402486,13.415240953154276,13.300341462037517,13.057550607582446,12.808356369838656,12.570436081332966,3.3376010754556424,3.3041513689734714,3.3510317174674875,3.3945593710525865,3.429746427020774,3.468406126515751,3.362254345314072,3.2599459539122586,3.162655613255,3.1599102713116882,3.0820567512629853,3.02247620501269,46.135039683739066,270.0,0.38951248387943993,2.164181817195505
2021-06-25 16:00:00-07:00,0.0614143166666666,30.922891666666665,0.2250770666534987,15.5,30.955660984209825,8.692820697697023,57.75248564095293,274.87863004760516,0.0,21.25639205871278,24.839544319361803,1.0,21.25639205871278,9.380548058174586,2.432185375161125,15.649325666666668,0.8921866226666667,23.083043937148442,23.212110356184482,23.342964003764887,23.58388048618492,23.719091191668706,23.303537878912493,23.112087605240415,22.688349695251027,22.253165561875573,22.050570990367753,21.60453530525779,21.151762198870415,6.490150369666341,6.604768032426064,6.713002717155352,6.8009503420135164,6.897454514525367,6.98901006996936,6.79686144231915,6.6108390082996555,6.421359001715009,6.26653912946634,6.1173820352876005,6.003161653822257,50.0,270.0,0.366977778440511,2.214355247456318
2021-06-25 17:00:00-07:00,0.1861633166666666,23.607965,0.2322816260532281,16.5,23.674301743842438,22.358591689264216,69.12463582645373,283.57198155276075,0.0,16.225326479688324,19.050172183650957,1.0,16.225326479688324,7.237853606870213,2.857142857142857,15.726453,1.0535883766666667,17.697788533574666,17.80877643562431,17.92133414332482,18.1304514506154,18.24680684987438,17.930202442827138,17.784851151091207,17.462191984078178,17.130762930576456,16.976921067466364,16.637244936224114,16.2924569080365,4.974342355961629,5.073994635825826,5.168434355924352,5.246368930810418,5.331151457387065,5.411795122304938,5.264637769807141,5.122388554848583,4.977007142920592,4.858970594067389,4.744997968181785,4.658408677398603,50.0,270.0,0.366977778440511,2.214355247456318
2021-06-25 18:00:00-07:00,0.1927058499999999,12.606353166666668,0.2600613788391964,17.5,12.639514300421238,60.550136086679714,80.09112938228216,292.21410968458827,0.0,8.288830564193699,11.985841210562041,1.0,8.288830564193699,3.208646330097519,2.857142857142857,15.296108055555557,0.9455215216666666,11.360761145096502,11.405596208750737,11.454553744389738,11.496471236310539,11.54084452304253,11.508665734825426,11.481553347782814,11.455424384740542,11.377335451103223,11.427398745823936,11.400270593134739,11.325633122389819,1.8585057107002168,1.83042453347127,1.8270395106690482,1.7832242780276908,1.8052974833547428,1.7820738292767706,1.799828351131335,1.805701257298296,1.8330375716409522,1.8406384796368302,1.8719796062815404,1.8814606108807412,21.304479657948253,269.9999979086902,0.5683379632815846,1.9254800331226711
2021-06-25 19:00:00-07:00,0.5427854833333333,1.2636003333333332,0.99,18.5,1.2820093016665146,84.43919265009032,88.0563988203053,299.18050921594727,0.0,0.8097379484871146,1.3145445967328795,1.0,0.8097379484871146,0.0016527862992159012,2.857142857142857,14.477059333333331,1.0950933283333333,1.2166920375782273,1.2166920375782273,1.2166920375782273,1.2166920375782273,1.2170925280940093,1.2170925500812453,1.2169793769399477,1.2169793769399477,1.2169793769399477,1.2172602596533548,1.2172602596533548,1.2172602596533548,0.7003057062893082,0.6853025426667586,0.6730429051808057,0.6631914770088156,0.6578602988091686,0.6561436900964367,0.658169742894154,0.6634135572627576,0.6722416271589545,0.6834034390349794,0.6967018824809547,0.7116091020151009,4.1452558650906015,269.99999355415036,0.7138573678168518,1.8597588585969138
2021-06-26 04:00:00-07:00,0.0833982,1.4926100333333332,0.99,3.5,1.4944073753714848,86.4697664150775,88.76510420511633,60.17280216735914,0.0,0.955408020223733,1.4969493405920202,1.0,0.955408020223733,0.0007959524757558144,2.857142857142857,12.937295722222222,2.2108798666666667,1.4124370866227183,1.4124370866227183,1.4123652051463673,1.4123652051463673,1.4125759459828586,1.4125759459828586,1.4125759459828586,1.4125759459828586,1.4125759459828586,1.4125759459828586,1.4125759459828586,1.4125759459828586,0.8281168890072063,0.8103242805428881,0.7955776332823156,0.7844295934908739,0.7772912201758775,0.774381538237735,0.7757503889604704,0.7812705070551463,0.7913275570626236,0.8043121440498537,0.8201623677650678,0.8379939776734171,2.646442275832751,90.0000078714041,0.7269136453311026,1.858209385427945
2021-06-26 05:00:00-07:00,1.9501862833333328,39.98980533333334,0.2481753653017144,4.5,40.28230012623024,64.62614613380423,81.37405850865721,66.73825010379448,1.0103029524088914e-15,25.81809347964702,40.106493474711336,1.0,25.81809347964702,9.77212661826432,2.857142857142857,13.648842722222222,1.8420897966666667,38.00407485564389,38.13815675901924,38.252958578305325,38.37623789674653,38.306259747310065,38.1219564319465,38.057197612725176,38.18894524791094,38.139583668770044,37.94603833728699,38.0843029016318,37.90145096939149,5.530842682191319,5.365485825013515,5.297194852580317,5.30901037135787,5.236324143444594,5.26150255337852,5.349516613754184,5.349891853566079,5.467595708861841,5.48689410905536,5.606672424175145,5.630274837068967,18.364679453468273,90.0,0.5924679834690662,1.908072440856062
2021-06-26 06:00:00-07:00,62.35146895,163.44613333333334,0.2657426043236648,5.5,184.28589660574485,23.994906925158098,70.47424753807665,75.42072152898545,0.0,93.47114287521129,254.15588610887522,1.0,93.47114287521129,60.10479825765496,2.857142857142857,15.098546555555554,1.420259315,231.32204508695347,233.24124471221472,235.13471130070002,235.98113658136447,237.82488705772818,239.62051205227203,240.41957620349345,242.1853321889136,242.3099649096954,242.67654156358464,242.77450498426765,242.8817070299254,28.604133016125935,29.134783829559574,29.830635280874986,30.547149275920102,31.42550348647665,32.26336628575336,33.131203912038494,33.34278493449596,33.52949056508594,33.775912542961294,33.90907118678605,34.01652726214883,50.0,90.0,0.366977778440511,2.214355247456318
2021-06-26 07:00:00-07:00,398.6476381666667,297.07575,0.2759523051228044,6.5,501.5682971692531,10.328773436009568,59.138426717693626,84.07540746508141,0.0,232.16773070961048,779.4568181913706,1.0,232.16773070961048,155.45722588462138,2.528686960773151,18.014915666666663,1.2866421683333331,723.8085676799391,726.6406880856807,729.3889389671663,730.516124767465,733.3064370848687,736.0102307208042,737.0504942237462,739.4556701204212,741.6623700659422,746.5174836927243,748.7834577540015,751.0075993525843,88.20591783709804,84.32529676439749,80.85887940223414,76.93830381083694,74.6031702748825,71.66354479348985,70.26403047787196,69.8754720687054,70.02645129788996,71.2347027811587,72.19856813045742,73.48737599618758,50.0,90.0,0.366977778440511,2.214355247456318
2021-06-26 08:00:00-07:00,641.5723443333334,290.3875,0.273026420181307,7.5,722.8134184731996,2.5978443554168495,47.62271297857531,93.51767822158746,0.0,385.3075409794165,1017.6739130032165,1.0,385.3075409794165,208.67999019483008,1.8988785461909923,18.408176277777777,1.562673896666667,957.5108617580128,959.075520800834,959.2572593878407,960.7592613512456,961.9721435765623,962.5623046557773,964.0108414747629,964.9648981295852,969.4686145450196,976.2332302489806,980.7111072459271,984.2242767710635,110.34564300486545,101.42281938930358,92.62222647828817,86.38811705795956,81.32017016701415,77.58784823767374,74.4237433043838,75.69832334504606,78.37802261369247,81.30754699804011,85.49167439604605,89.38940346081694,47.56890864472344,90.0,0.38095533796194947,2.1824398486384604
2021-06-26 09:00:00-07:00,158.84229725000003,398.1758,0.274240556749606,8.5,526.2643341405633,8.941283615804613,36.255477227930406,105.2368512819988,0.0,325.7229692682796,581.5279955263593,1.0,325.7229692682796,157.91921634817476,1.5513660257387878,18.28019783333333,1.869175345,540.606259066017,541.8158128551646,544.6450993523783,547.2250234353527,548.4288551828243,549.8013906996875,552.319563896295,554.0798172997045,555.7093609304919,557.5765477646431,559.0898730953315,561.5349482132597,82.7369476989719,77.78002190391396,74.4709309289295,71.40913345938843,70.41504501906188,70.4775870374575,70.84956071974818,71.71639153506354,73.70214354976551,75.6349053211369,77.83173140239958,80.46880541075616,35.28312592300154,90.0,0.46119137994370357,2.0408351186491496
2021-06-26 10:00:00-07:00,327.303544,450.5109166666667,0.2658720423852197,9.5,745.4373790767652,13.54357765162554,25.699693245760244,122.68545514325895,0.0,470.7164250943118,793.6874507201496,1.0,470.7164250943118,207.07166952864753,1.3066755267165542,19.99846022222222,1.819438806666667,764.2014166766592,764.764494537636,765.68258461051,766.2669398800383,767.028321060059,769.0838087760785,771.1869313843897,772.9454694437552,774.9479636556405,774.7127158112626,776.5293226879239,778.2492580728647,109.09052510874618,100.97121363436911,93.87139759668874,90.5693801890533,86.61913078363301,85.89558037882027,85.19758727469313,86.56748937608145,88.86147831665836,92.76078195512567,96.1680159320769,101.63448023119348,22.05051824996323,90.0,0.5622880226081317,1.930289657237641
2021-06-26 11:00:00-07:00,35.854684,381.99298333333337,0.2690950394158731,10.5,416.11334645706256,16.036345896349726,17.893518219633947,154.03982334453212,0.0,267.3360103549709,416.2706051453558,1.0,267.3360103549709,112.31136566084956,1.1060490440318587,17.656494722222224,2.4928525183333337,401.09253835907225,401.0913550436069,401.2799062298451,401.28124589996094,401.4791911188747,401.47867215884844,401.477934347535,401.6451481303494,401.61437813810016,401.6143228378794,401.75537165898334,401.7561740061842,61.013388956761865,58.49785989394639,56.226374399740344,54.662898606205566,53.73073423283796,53.22479153851783,53.40146525323569,54.09066101470959,55.27185148600473,56.838472879472086,58.91434661671834,61.00618593117208,8.044533405063495,90.0,0.680028625399352,1.8669832604383747
2021-06-26 12:00:00-07:00,2.1004864666666667,302.73525,0.2674899806349675,11.5,304.74035516801797,16.18520900987408,17.33271392298157,200.66965567239322,0.0,195.99132222434312,302.7443857243233,1.0,195.99132222434312,80.43845891899483,1.0826396602615986,17.446257166666665,1.6459475433333333,288.767232387088,288.4238770340506,288.42393748364657,288.77474488727813,288.7748274323668,288.7748924812601,288.4334873998457,288.80074712774405,288.80045812361027,288.4611899667211,288.81205271998255,288.8121859875317,45.81248284816906,44.65355156830718,43.613546629020746,42.69334874584949,42.02470267003359,41.6203105106944,41.49887922755313,41.66574060645184,42.12595726731495,42.87136017868928,43.88254081095341,45.2408389585613,6.286467153607736,270.0,0.69525022915798,1.86315601096682
2021-06-26 13:00:00-07:00,32.829026866666666,350.7291466666667,0.2672438492971169,12.5,380.59569168411974,13.975294311033942,24.527753560534947,234.42640212459773,0.0,245.4880279767203,382.096669492686,1.0,245.4880279767203,105.12008605069322,1.2804447263348475,17.70040361111111,2.5347626,362.3653509574377,363.35355746314406,364.17039315806323,365.11018082434134,365.55668671754427,366.41759543768865,366.84666694583996,367.3475679317588,366.93529977251046,367.7277518485294,368.1880157162557,367.78295039068007,56.30870946991562,54.5365227435573,52.45232425182558,51.064650170890225,50.89921873497796,50.52040825786465,51.12357778489123,51.65580818332323,53.02100413785734,54.00166266103069,55.810615557083835,57.17325330537781,20.362382385401492,269.9999982924527,0.5760217007030379,1.9196322142726299
2021-06-26 14:00:00-07:00,0.3356866,93.89064666666668,0.2352156606763909,13.5,94.16597344484623,9.617266960545217,34.89618625365371,253.02067977915016,0.0,63.0684864005947,84.78305541529086,1.0,63.0684864005947,24.665748214496784,1.5173176950985403,13.570370222222222,2.8426838683333333,76.63501048936948,77.15155114404985,78.28693832898641,78.76646239041193,79.77891113006842,80.22904172781547,80.73624589871771,81.04170224432542,80.85533286877714,80.09116675147817,79.9105798367333,79.73662433848286,14.42077986806677,14.513303773755103,14.723763227676724,14.731146048358376,15.112770726820376,15.060669398604723,14.772668725919996,15.25070647390474,15.269866748172658,15.278656090468994,14.952796512709796,14.923338911294458,33.707505503635566,269.9999982924527,0.47252329742913424,2.0252614244124487
2021-06-26 15:00:00-07:00,0.2354512999999999,159.36138333333335,0.2534211662360842,14.5,159.52431113600954,3.468685595395651,46.212880396888075,265.1924678691574,0.0,107.69654725590865,137.70612908603738,1.0,107.69654725590865,50.18699030728531,1.8475570756152355,13.95500222222222,2.005278043333333,118.6347491657776,120.59698361386651,122.6987700481726,124.7470043010913,125.70386866822454,127.69768003841372,128.58341346475873,130.49462449491975,130.05379845914277,129.47418838869598,129.058490655403,128.64870774772433,30.541034454431852,30.892696937332047,31.45101220930105,31.363872977862382,32.16370283169033,33.00123668690463,33.90856056418634,33.6618821438451,33.49205929423962,33.22666471595267,32.93535523267532,33.35009542016053,46.11199828192957,269.99999914622634,0.3896518495863422,2.163891934335088
2021-06-26 16:00:00-07:00,0.3301036,104.56531833333334,0.2540337168020318,15.5,104.74154971977573,8.650749797919723,57.73289987782907,274.81144726421434,0.0,71.43949249234923,86.65285466762286,1.0,71.43949249234923,34.56055536120329,2.431008380251252,14.742218055555556,1.3563302716666668,80.30755641322344,80.66645550979284,81.03009919831658,81.67342974220846,82.04863113732789,80.67424847002749,80.05070491133934,78.65097872281754,77.21227281441995,76.55155930186447,75.07829956280062,73.58281386961453,23.391784424715073,23.7128920815459,24.013329335705578,24.232906070598467,24.49669380307224,24.7461408016767,24.11132892610913,23.509397825997645,22.885032351872724,22.401125409207044,21.929568761918905,21.588736318842173,50.0,270.0,0.366977778440511,2.214355247456318
2021-06-26 17:00:00-07:00,0.2382434833333333,50.170865000000006,0.2552257695748806,16.5,50.255827208234784,22.31606433153176,69.10728390629865,283.5102275276612,0.0,34.47648493061686,40.69299581337143,1.0,34.47648493061686,16.468153360294224,2.857142857142857,14.919375722222222,2.47988341,37.6631972379883,37.878340911642454,38.09646411050467,38.49345225806965,38.718573886186284,38.05019055034057,37.746886392374854,37.06686103376068,36.36788376437135,36.046683993377854,35.33056326505611,34.60380020344361,11.18160555642954,11.37510117455062,11.557119664887448,11.699126766886144,11.860065660392502,12.012072815093589,11.697486854226986,11.3958598508873,11.08427176888609,10.837955025220754,10.598525293273317,10.422426240083118,50.0,270.0,0.366977778440511,2.214355247456318
2021-06-26 18:00:00-07:00,0.0546972166666666,51.674931666666666,0.2624922039675439,17.5,51.68435668713636,60.50669970264219,80.07769328175523,292.1543245326651,0.0,32.96437364507697,51.90239082352399,1.0,32.96437364507697,13.408286656873079,2.857142857142857,14.974247444444444,2.8709491,49.04219414134403,49.307359528389824,49.39063041675055,49.19704710743174,49.476044040067904,49.55239821503858,49.63130522003093,49.72910448445578,49.55263963141914,49.386149105794274,49.1914178201158,49.01333568574438,7.661413433010818,7.600678202083745,7.4749579486479005,7.423210905108092,7.313712248941419,7.270342335716302,7.19918554549401,7.276217503224133,7.185478413959681,7.345111435078901,7.358109365789764,7.47079164635926,21.327576871523032,270.0,0.5681501909589979,1.925626572901404
2021-06-26 19:00:00-07:00,0.0303583833333333,8.36283715,0.252398842438455,18.5,8.363871699165104,84.41252369668032,88.04710353126453,299.1206674147717,0.0,5.359139442645526,8.35476192242121,1.0,5.359139442645526,0.011031056299898975,2.857142857142857,14.720903833333333,3.6907012833333335,7.905694052208462,7.905694052208462,7.905694052208462,7.903835097024209,7.903835097024209,7.903835097024209,7.904026061091229,7.904026021008924,7.90137531258176,7.90137531258176,7.90137531258176,7.90137531258176,1.2025928136763877,1.177445292684224,1.155010397735118,1.1361820899903026,1.1211040541481625,1.1122559979433881,1.108037527651973,1.110930283823697,1.1199215817695514,1.1364122028114565,1.157097611281905,1.182414911098019,4.162750541940521,270.0,0.7137050990323133,1.8597809766526394
2021-06-27 04:00:00-07:00,36.5541886,6.4052069,0.2995424736860099,3.5,7.153475284635149,86.64708375996567,88.82706697344459,60.16938568970824,0.0,4.0995811608343855,8.540035293333515,1.0,4.0995811608343855,0.003081092039984489,2.857142857142857,12.637281833333333,0.5929758636666667,6.681155471871236,6.681155471871236,6.682059819711503,6.682059819711503,6.682059819711503,6.682059819711503,6.682059819711503,6.682059819711503,6.682059819711503,6.682059819711503,6.682059819711503,6.682059819711503,1.075357345669216,1.0522724737790505,1.0331254723028795,1.0186386278377901,1.0093489302889025,1.0055478113269631,1.007303116680049,1.0144567791095251,1.026601101209414,1.0431549294839657,1.0649555974112759,1.0881805171268488,2.5134719930811307,90.00001269225773,0.7280728534994008,1.8581049194320989
2021-06-27 05:00:00-07:00,99.53191766666669,72.95263833333334,0.2686870451509457,4.5,87.77394647522698,64.8203788645297,81.43622925868007,66.7390190389249,0.0,39.00941638457804,139.07897790528807,1.0,39.00941638457804,24.404666643794577,2.857142857142857,13.422458,0.8867819833333334,127.83723347860462,128.01957939067324,128.21171110913758,128.39810333467557,128.5393886484912,128.68968786424088,128.6579589064658,128.81756150381312,128.95144683732659,128.91891881312762,129.0613503932348,129.1796570781206,9.163758084298264,8.97588913674006,8.863207539230553,8.903591781209402,8.895519548637195,8.936030593627365,9.116634601850622,9.226158007152966,9.46562531625912,9.609344986600837,9.76079401720076,10.015823730812297,18.21749546311157,90.00000120741828,0.5936875094119597,1.9072662224451427
2021-06-27 06:00:00-07:00,479.726645,149.4294,0.2804969664848751,5.5,309.27832686196666,24.047175080068925,70.53637420972734,75.42620692659159,0.0,80.01772409752965,671.2563748593254,1.0,80.01772409752965,98.72447223736772,2.857142857142857,17.229784444444444,0.8390352066666666,632.9581353317344,634.4540648242389,635.9376572073427,636.6001762969969,638.0289584848118,639.4283214190075,640.0534713384268,641.429304249779,643.5996814549599,647.9550105134612,649.9658310867362,651.9946366196344,24.30070415117213,24.960745929018238,25.72616200072609,26.520695772218833,27.382605925117215,28.173373262497797,28.96492685516093,30.899929107521118,32.805728389351636,34.77304830167945,36.635032820213894,38.48878384800746,50.0,90.0,0.366977778440511,2.214355247456318
2021-06-27 07:00:00-07:00,646.902447,179.05381666666665,0.2803002223544679,6.5,510.29135095122615,10.381014419374774,59.20043801734687,84.08456919114269,0.0,202.7602088542941,902.5415945503189,1.0,202.7602088542941,151.65281364689486,2.5333620867081628,18.676527333333336,1.112348255,850.4960105975208,852.0725898511934,853.5691281327709,854.1069609138855,855.7111231700142,857.2583997430581,857.7344331745305,858.9155416947801,861.9465480861734,868.4504834406636,871.564158610946,874.6216622653681,84.74121311071589,79.0394061126914,73.6851765964146,67.70737328965443,63.630663313993736,58.78469805882475,55.95004236504665,55.388226067587865,55.5655058081188,57.077747401829086,58.38852152022639,60.16050902320859,50.0,90.0,0.366977778440511,2.214355247456318
2021-06-27 08:00:00-07:00,812.51752,187.90076666666667,0.2734276252467948,7.5,734.8944482117661,2.6088517345953606,47.68481784978695,93.5290990605222,0.0,370.5238531525966,1090.1945454684403,1.0,370.5238531525966,205.4574952863888,1.9011340733524023,19.45135938888889,1.6561630833333334,1034.2695837472336,1034.0459270926797,1034.3458903924761,1034.7711561335905,1035.6232509626107,1035.7335699017406,1036.1265901571521,1035.9828202866029,1040.4961793336472,1048.8075745647154,1052.9698703615932,1057.3117381030515,106.70022299844057,94.66499381716743,85.49606282777997,77.74178127777171,71.29166808195195,67.18007187035029,62.91340391390663,64.19271940766959,66.18100007576562,69.38370505848548,73.28243921244781,78.35661328516247,47.63067411878018,90.0,0.3805918838730364,2.183235908849466
2021-06-27 09:00:00-07:00,806.0188021666667,184.4810833333333,0.2586604517552178,8.5,833.9239238452656,8.960214897461894,36.31806812061767,105.2463735978065,0.0,481.64618238916995,1042.341453664761,1.0,481.64618238916995,221.32329114200326,1.5527121608093553,19.567191166666664,1.6257819866666667,1003.4371180616646,1003.301733942829,1003.6523022150373,1003.3324517748147,1003.7464807961181,1003.9440403900627,1004.2485999242735,1007.8689621803281,1011.6245557487341,1014.7656771036967,1017.8510072359394,1024.8686251385088,111.032023504776,99.14768304573651,88.91905957687665,80.88453966419323,75.29939637383083,73.84155175669575,71.76780895087133,74.02614845976396,76.5182566621305,80.5643406540265,84.76406726674585,89.95308408019191,35.34378949306341,90.0,0.4607593971443045,2.041447145103928
2021-06-27 10:00:00-07:00,945.80445,149.98363333333333,0.2486347229510935,9.5,1001.7778462337892,13.57149715856845,25.7625731942789,122.67603045771118,0.0,623.8308866787419,1087.8880417437317,1.0,623.8308866787419,248.25351577249594,1.3075927038629205,20.18225561111111,2.122883556666667,1071.1719971433608,1071.010033373668,1071.3262462923958,1071.2688064194708,1071.4304902502872,1072.5170387668572,1073.6906475595513,1074.5092822708598,1075.669845407924,1075.4197016583944,1076.436289136866,1077.3964828987187,133.26581457210088,121.09849413707592,109.77997421896146,101.93707617090394,96.41794778192087,93.47101305627729,91.87195950641538,92.67449849959462,95.12778929015059,99.2804564961482,104.17247105990546,110.72298213681461,22.108627400415468,90.00000085377364,0.5618181138239643,1.9306708873235225
2021-06-27 11:00:00-07:00,513.7625068333333,397.63556666666665,0.2552206695599205,10.5,886.3913222434674,16.073544602312467,17.94992173444416,153.94729654207765,0.0,567.8322122571155,899.0388370168498,1.0,567.8322122571155,230.55973534564203,1.106760007695798,20.73429133333333,2.4258090733333333,887.1551098061027,887.1515877812318,887.9980707557256,887.9261434260729,888.6650064679648,888.6629164036657,888.6606068782218,889.285561027822,889.2231560080736,889.2228690296992,889.7492466500985,889.7518469894324,119.17091302811109,110.47783197893534,102.4300973787835,96.64455026932657,92.98020272183338,90.62684080863991,90.56840916488721,92.23790440197419,95.57594580969379,100.65647836395883,106.82092450006309,113.44955605440836,8.097676965401613,90.00000426886824,0.6795694541468831,1.86711348745561
2021-06-27 12:00:00-07:00,379.6783095,354.1404833333333,0.2526668625558333,11.5,716.525474471712,16.230965438274225,17.35926194737344,200.47672137813987,0.0,464.7962975873377,724.1234039529566,1.0,464.7962975873377,184.73910792239838,1.0820346452661274,20.694634722222226,3.160392283333333,716.3530506820291,716.8465387762801,716.8467634268202,716.0139018421964,716.0142932441528,716.0146765274851,716.4144654169033,715.6179100179577,715.6163285089957,715.9166495269722,715.0839536902397,715.0845594493356,92.29565105485314,86.83837857367715,82.07464840977937,78.0985516623191,75.47038462683928,73.98621696870711,74.33612165939404,76.14084129658966,79.42834558397563,84.0951995837759,89.96928875724566,97.32126812480779,6.2408371054117096,270.0,0.6956460493463841,1.8630691213498944
2021-06-27 13:00:00-07:00,127.67109993333334,183.51478166666664,0.2593446988536687,12.5,299.66567687192617,14.028017029714386,24.526890608642475,234.27339541101122,0.0,189.34751793490182,317.61863851360357,1.0,189.34751793490182,83.4583642219789,1.2798857449556613,18.9075105,3.3066853166666665,303.75671647940993,304.0155772410949,304.3620055339538,304.62883671062895,305.90716241891084,306.17529588595545,307.2749295111851,308.3791759094173,309.2462077501957,309.35655286830723,310.3564356723308,311.23185407478866,42.03352856067365,39.48326594495061,37.31220059284557,35.32376280661546,34.48764528266662,34.22674697570443,34.330970653101424,35.17125615439815,35.88442787937098,37.71681899850607,39.041033385859535,41.46882586729447,20.325863946655655,269.99999914622634,0.576320505191044,1.9194106286620274
2021-06-27 14:00:00-07:00,0.3361190333333333,163.90390166666666,0.2723254705749746,13.5,164.17962347028262,9.675000089221404,34.8841621943133,252.91132923974908,0.0,109.43203093630939,150.4119444449469,1.0,109.43203093630939,48.48868071534697,1.5167428667291944,15.33780838888889,2.7595558833333333,141.43552820823484,141.71563572946167,142.0070282559517,143.22858052197546,143.52575536791534,142.8825668760357,142.14115651992307,141.4051538882044,139.71969785519747,138.80786389344928,137.02544285717744,136.17621134859493,28.745989331580198,28.73255232194687,28.75114833335516,29.163095784782584,29.087612800609232,28.245307529020188,28.181638099687135,28.798777284537014,28.193663824387357,28.252415568447283,28.01231296337913,28.009109084506388,33.68021313616898,270.0,0.47272145879824967,2.024997171366552
2021-06-27 15:00:00-07:00,225.8502330833333,291.40693333333337,0.2677558001288131,14.5,447.7350479994818,3.5296314054700586,46.197392781840854,265.1066298583684,0.0,253.83426122896478,568.5045805290896,1.0,253.83426122896478,139.53151847737422,1.8469063185542445,18.030742333333333,2.018684365,546.0601982977577,543.4373138640901,540.7682021437595,534.7499679630622,532.0810352081793,530.1018188743947,529.3579235173139,527.14519506091,526.2241496836939,524.0612410160579,521.9639368232293,519.7909744091885,68.89414857844766,66.02547276970103,63.36327305415394,60.97954825723638,58.83478838605745,57.58210702960204,57.846848929991545,58.91280939005857,60.209299625501316,63.935347787354566,67.07490260367832,71.05819022579317,46.09286905448953,270.0,0.3897675968181152,2.1636513555430064
2021-06-27 16:00:00-07:00,1.1468857666666668,41.22687166666666,0.2256947555426882,15.5,41.83941527439859,8.610462278985107,57.71758127925686,274.7379054620835,0.0,28.538445955334197,34.22934334023579,1.0,28.538445955334197,12.665064119174593,2.430141345514335,14.40558161111111,3.4674047000000003,31.85955710662506,32.02639492414407,32.19551542066889,32.50568237923125,32.6805995058583,32.12696675970767,31.87214335263612,31.307206721399915,30.727006231868852,30.457206891979613,29.862784678463868,29.259277793102726,8.710212158118281,8.85913563972708,9.000095938308142,9.11377308026788,9.240427035071447,9.361357215064846,9.109072719090605,8.86708997751152,8.61963798824718,8.42076332445892,8.228717285818291,8.083661861095235,50.0,270.0,0.366977778440511,2.214355247456318
2021-06-27 17:00:00-07:00,0.2378917666666666,29.1099525,0.2355898878801502,16.5,29.194839351235963,22.275075101994396,69.09437488846154,283.4428972313109,0.0,20.007869731694786,23.533322067085635,1.0,20.007869731694786,9.022764983256478,2.857142857142857,13.167191,4.875248066666667,21.851579202058193,21.98577149258091,22.121857916628453,22.373825686747224,22.51446139014603,22.12444262389228,21.945684088649738,21.54830098325455,21.140080484888593,20.950863678391414,20.53250602721691,20.107861545895517,6.189362894958679,6.309855179851195,6.423904702274505,6.517197137571013,6.619320983677469,6.7163359875121005,6.5347331783513285,6.359382874321036,6.179881773310432,6.034671616725983,5.89431360888728,5.788138205487869,50.0,270.0,0.366977778440511,2.214355247456318
2021-06-27 18:00:00-07:00,0.0715332833333333,30.29142733333333,0.284916349149457,17.5,30.303764097540206,60.478623878409444,80.06901134211878,292.0895576461131,0.0,19.918015023029138,28.68717646821512,1.0,19.918015023029138,8.47915545668659,2.857142857142857,12.144430555555555,4.050295483333334,27.095434336780446,27.264038221833914,27.32170999371212,27.203288873106615,27.380958009155556,27.43442736303474,27.48975439637849,27.55763136690099,27.45109952188469,27.35151545732366,27.233781660486148,27.12735666583766,4.980024372522723,4.94323236273407,4.861545325030612,4.830440171409254,4.759373897345749,4.733554945511255,4.687540076948238,4.736169162770833,4.680981329018482,4.783735409201045,4.796988899371962,4.870884739870829,21.33803404014496,270.0,0.5680651875275409,1.9256929679687564
2021-06-27 19:00:00-07:00,0.0926451833333333,11.246066166666669,0.2882059055426307,18.5,11.249230155503174,84.40038364152178,88.04287218928887,299.05624986069097,0.0,7.206833860184852,11.240225932646785,1.0,7.206833860184852,0.014880166959355696,2.857142857142857,13.040064555555556,3.096813333333333,10.627787786771677,10.627787786771677,10.627787786771677,10.627787786771677,10.631352360994176,10.631352424100045,10.631352633374958,10.631059187162913,10.631059187162913,10.633559048469309,10.633559048469309,10.633559048469309,1.815461805129123,1.7765846754684727,1.7448215529228772,1.7194675392890362,1.7056632472430866,1.7026627893782584,1.7074979832915635,1.7210845400961245,1.7441887447654858,1.7730974508298416,1.8075450630279162,1.8461569417194579,4.169198142509436,269.9999925569739,0.7136489817690961,1.8597891516329685
2021-06-28 04:00:00-07:00,11.039205733333334,4.660674,0.2193095225068966,3.5,4.873898175593527,86.83645613547613,88.89325324579326,60.17132230299712,0.0,2.982755861556942,5.267890302778662,1.0,2.982755861556942,0.00199557332163304,2.857142857142857,12.268771722222224,1.007890285,4.575435442843495,4.576093480988382,4.576093480988382,4.576093480988382,4.576093480988382,4.576093480988382,4.576093480988382,4.576093480988382,4.576093480988382,4.576093480988382,4.576447675345179,4.576447675345179,0.5739496950671621,0.5615192592371184,0.5504169219279152,0.5426924849570282,0.5377314978134966,0.5356939524740685,0.5366167270120152,0.5404197071931539,0.5468912644324031,0.555722297744207,0.5665199419290724,0.5797930624647216,2.371340951531587,90.00001183023466,0.7293120537444868,1.8579992060501247
2021-06-28 05:00:00-07:00,88.45158926666666,39.13095666666666,0.2241173803853497,4.5,52.201472194487785,65.0263897141577,81.50226732521037,66.74546450582875,0.0,20.908570266356094,90.02646081508789,1.0,20.908570266356094,12.935751263510038,2.857142857142857,12.95565388888889,1.5001325816666666,81.88790030431501,81.98755164570802,82.0906937113999,82.18199243942959,82.40970951372265,82.6246030150946,82.8206768158495,82.82105933948732,83.01188506692614,83.18317408636747,83.18342028231075,83.35051044726781,4.208419099456313,4.18369936650272,4.143142464146173,4.17434409748474,4.2299143948681195,4.2536371744803505,4.4184625780686835,4.4687114838103,4.533263068573191,4.739816843400869,4.809121939409995,5.029656251065715,18.060727878012163,90.0,0.594987576618,1.9064144025413563
2021-06-28 06:00:00-07:00,197.44992161666667,143.89596,0.2634004780366223,5.5,209.4747103807312,24.099790849633838,70.60198094401386,75.43790304755788,0.0,80.95259334429946,366.9377313915562,1.0,80.95259334429946,65.97304190826087,2.857142857142857,14.543480444444445,1.5560067966666666,341.2931292284841,342.93338910164994,344.5506210796635,345.2755109413398,346.84944870533315,348.38382638406944,349.0683524791064,350.57672016308317,351.3283572098138,352.9054890999288,353.6009550710697,354.2992296237239,24.473837513955196,24.96536076597945,25.594113352666614,26.243206968780964,27.01903166517217,27.757792354876205,28.517706246889624,29.244153260774358,29.957934694299194,30.723950343573645,31.40175487199518,32.06058272496008,50.0,90.0,0.366977778440511,2.214355247456318
2021-06-28 07:00:00-07:00,125.840151,279.0322333333333,0.2685084535757656,6.5,343.3438074794035,10.433679683629824,59.26569379427503,84.10069446262412,0.0,187.18557701439084,440.023215244942,1.0,187.18557701439084,108.52992873058702,2.538322355272455,17.018547666666667,1.544394313333333,400.89993727396427,403.9472638803709,406.9322379598922,408.2235833356625,411.1828159500632,414.0567580459146,415.2658500529316,417.9853166200925,418.3395139191356,419.37420271186227,419.7711989715581,420.15809050247276,64.33516068974463,63.141760890001606,62.289930892887014,61.26270798396955,61.07773730987381,60.609450648365204,60.82602028883895,60.274243296225485,59.92666242871797,60.076983515621976,60.01700755260331,60.06391825496692,50.0,90.0,0.366977778440511,2.214355247456318
2021-06-28 08:00:00-07:00,38.37869921666667,263.63736666666665,0.2606401377230407,7.5,289.4418635712548,2.6259976080674448,47.75013424355958,93.5486210329371,0.0,182.15207104871916,300.60867133346557,1.0,182.15207104871916,92.91700958416718,1.9035049948986527,17.076001277777777,1.0694046495,266.9079224041535,268.1815516521863,271.0385944404863,273.8326053529083,276.6682667957329,277.8878625635941,280.5316288785122,281.69658770818376,283.48291054205464,283.0335400178352,283.40773920113503,285.1712788130193,52.890077328602,51.98862014181588,51.82292070040523,51.999551936043424,52.3300744319575,53.16692813324545,53.81724792726911,54.150055150730374,54.44033160985405,54.83966424650469,55.2851209442137,55.95382949006129,47.69540115747083,90.0,0.3802114633577527,2.18407097935272
2021-06-28 09:00:00-07:00,653.5744226,287.67313333333334,0.2587367023303742,8.5,813.8383486595648,8.985600533370818,36.384158031193536,105.26572978634066,0.0,477.3622257805518,993.4243938240445,1.0,477.3622257805518,220.9275221984546,1.5541098645754756,18.38846722222222,1.6547558219999998,948.8217639858589,949.1251065298824,950.3557394305085,950.468675159681,951.7037043929214,952.3140102913825,952.678059635107,956.9881166081607,960.7211494903058,963.8552037160778,966.932633443527,973.5401376593663,111.29531794391414,100.63839041358821,91.79136680953633,84.97366287311851,80.11012355234209,78.34756660185144,77.77322846558067,79.92703395846819,82.55326706127546,86.56254197547415,90.67704358854836,95.69574370535007,35.406648002028874,90.0,0.460312126333358,2.0420822806198613
2021-06-28 10:00:00-07:00,802.981883,239.91315,0.2515038037915993,9.5,962.6707836208626,13.606117865909473,25.82982656049134,122.67864884521316,0.0,599.5633160662346,1054.0371718307824,1.0,599.5633160662346,249.58998712759546,1.308530168042346,19.28281805555556,2.0946934816666665,1029.089906754511,1029.2396726284992,1029.5569087805927,1029.502542480954,1029.6671984022544,1032.212387714015,1034.7808874822854,1036.9451694564063,1039.6255209704962,1039.1244585964819,1041.3465138095596,1043.446332762769,129.57372535008201,118.53653813322484,107.54841416391352,100.78312108049009,95.44226864402347,93.48412082388336,91.95496100989432,92.92579137180995,96.07499423364081,101.15971415531153,105.90619312897924,113.14894710135496,22.167957483125452,90.0,0.5613385314883667,1.9310611106452082
2021-06-28 11:00:00-07:00,454.32388683333335,385.3969833333333,0.2550396859381782,10.5,817.4541762104614,16.117546672286156,18.01244320718243,153.86532654209987,0.0,523.6975753863609,829.6186366366364,1.0,523.6975753863609,212.99193480764743,1.1074719619053939,20.233415944444445,1.6297632483333333,818.0274254358693,818.0241711752108,818.8776899712147,818.8113373265696,819.5555037496614,819.5535421832999,819.5514040600092,820.1814862824732,820.1791178212877,820.1240560830471,821.1286471648664,820.6566770107078,109.92641372786287,101.3173967898102,94.58096985424265,89.56507830077773,85.96254951076082,83.81751098287734,83.77534626707421,85.31044489677113,88.37204242855417,93.07110075063956,98.7212832286138,104.79850377197764,8.150881239777913,90.0,0.6791098190089535,1.8672447164454282
2021-06-28 12:00:00-07:00,265.0929276666667,365.88433333333336,0.256515589911943,11.5,618.8568319155191,16.283430426188932,17.39267246708961,200.27981144734633,0.0,400.9156442859422,623.8981653418626,1.0,400.9156442859422,161.23385422498572,1.0814452615699064,20.41121377777778,1.7574782716666666,613.9039276270462,613.9040054018684,614.1786208218745,613.6481242850716,613.6484367165947,613.6487368921607,613.8525523091391,613.3214359339302,613.3526795542324,613.4814930125149,612.9511401895265,612.9516272215034,82.1873936164203,77.78118520530276,73.92579866190299,70.69094751047503,68.35422605272885,67.31481870677588,67.54007956851765,68.93528980757324,71.5206725157749,75.21655348512223,80.30587330851785,85.7611208654841,6.196377500079039,270.0,0.6960317496289447,1.8629850669467796
2021-06-28 13:00:00-07:00,67.44759931666667,285.7061,0.2649883838669913,12.5,347.06536651012357,14.087163697491087,24.53160242525317,234.11043118254585,0.0,223.29090267055014,349.67316341827564,1.0,223.29090267055014,94.41294719872258,1.279362443053726,18.49871411111111,3.4034963666666664,332.9757464116214,333.6922117559136,334.5074579366129,335.1927935780674,335.6336677857068,336.369116663712,336.6839314621334,337.0652567213963,336.6527520076552,337.34012969273385,337.69374691807354,337.2895394327024,50.692086468693276,48.91026941292252,46.850767560589524,45.460445458434315,45.193851385131474,44.75880785802516,45.22983683067186,45.67681827260893,46.50042771678263,47.783684309863006,49.02168888387792,50.70289961311853,20.291655775388474,269.9999985212207,0.5766004704017543,1.9192034067834918
2021-06-28 14:00:00-07:00,42.68666916666667,429.3881333333333,0.2637868777471925,13.5,464.4075607378382,9.738741256256132,34.87682532917395,252.7931037131301,0.0,296.5249473102996,479.6532043848817,1.0,296.5249473102996,134.78503317888016,1.5162368103775554,19.45314455555556,2.02031486,442.28095875058483,445.6921598704257,447.1664684288676,450.6525111577821,452.07765508617024,453.4006341830891,454.72952826724634,457.4383966658419,458.2412812539993,458.741237984937,459.43484093298036,460.1175475850315,72.72199620142123,70.42443025316739,68.83737429861365,67.11257355432315,67.10627438753501,65.88846570706238,66.66140948237368,68.3167962301567,69.7227800993917,69.90938895745342,71.48202731262771,72.90551329921972,33.65616622996258,269.9999987925817,0.47289610802418763,2.0247644983375426
2021-06-28 15:00:00-07:00,757.004666,210.8598,0.27154977213569,14.5,734.9464836085408,3.5961224994199017,46.18625359308784,265.0134045368721,0.0,379.440615266666,1053.2957703368663,1.0,379.440615266666,207.07482483250425,1.846390770624168,20.61869227777778,2.0045719083333333,996.7017445655705,997.3188107460234,997.8494470782869,998.6595823088769,998.8236520406085,999.8725255153472,1000.4480993843015,1000.4222353288328,1004.4378207016937,1013.5962174643756,1017.7199392912764,1021.7763556079096,104.4094136930167,93.94460214547571,85.06516076891964,76.17510924196803,71.24350615704905,67.8026937846014,64.14954778867195,64.93099297127145,67.6380294079921,71.09519141868309,75.22855373632152,79.87088341753406,46.07770222481985,269.99999914622634,0.38985939689239607,2.163460664800308
2021-06-28 16:00:00-07:00,856.0880333333333,80.02495,0.29726145528077,15.5,537.3943977106471,8.57213938993488,57.7065878293065,274.6580699262597,0.0,200.92877196526928,1000.6899449829331,1.0,200.92877196526928,154.76097368053638,2.4295866649712314,20.847282722222225,1.76057536,972.0214485821042,969.0797239142361,966.0699365512552,959.8443028668205,956.9571695798691,956.7917966472073,956.9129348924024,956.256054449541,955.5879936612358,955.5555219321607,955.1493424156554,954.6116571967336,48.84836117052677,47.27437258815191,46.29199284092399,45.08483758508959,45.557653217923246,46.99520650927464,51.29950636672268,58.020055826712515,63.82005704681284,72.23458661154115,79.86370159420451,87.89398096995072,50.0,270.0,0.366977778440511,2.214355247456318
2021-06-28 17:00:00-07:00,513.0395548333333,103.98878166666668,0.2998999405268839,16.5,287.1269217828935,22.235730425766405,69.0859605368922,283.3700496956016,0.0,68.14257229352178,651.218631772612,1.0,68.14257229352178,93.0293854383686,2.857142857142857,20.47659805555556,1.8259246283333328,633.1719321268356,631.1072359315793,629.094873636698,624.8125229616394,622.5978646839628,621.7237463049771,621.3237359458041,620.4140554516131,619.5404939061588,619.078526458154,618.1524003695903,617.1860230716485,34.22971800340802,32.717777700001754,31.24201170673392,29.591119418047178,28.02270639963855,26.31774455288639,25.834515870516512,25.160185317852296,24.289398335363398,23.17105138502485,21.90931572462061,20.584114782290865,50.0,270.0,0.366977778440511,2.214355247456318
2021-06-28 18:00:00-07:00,81.67390845,38.328215,0.257109425437579,17.5,52.41930258286763,60.46606471349533,80.065128352427,292.0198660668519,0.0,20.532427146895873,92.08246154339363,1.0,20.532427146895873,14.997949091970092,2.857142857142857,18.62711811111111,1.803503565,86.96182995692867,86.79189154572933,86.58135279825714,86.51882782373931,86.35732351067921,86.11322661656507,85.85606814981028,85.59601267260011,85.48607207609838,85.38212935925822,85.2608504973611,85.1496418873886,5.852448563060217,5.583321373879862,5.5062646574190826,5.2575058774965715,5.190422618378813,4.961672757870441,4.91800131894988,4.808150571454847,4.722141534774489,4.662697784283842,4.6546508200871965,4.723332078394347,21.33576440953545,270.0,0.5680836362121919,1.9256785549042328
2021-06-28 19:00:00-07:00,0.0626359333333333,4.3682496,0.2283373506800234,18.5,4.370387770440687,84.40288349308693,88.0437435636862,298.9873137137238,3.186340080674189e-15,2.7993006478733173,4.368591728673048,1.0,2.7993006478733173,0.005766916417551583,2.857142857142857,17.59545861111111,1.5011846966666669,4.131452306152911,4.131452306152911,4.131452306152911,4.130481298336499,4.130481298336499,4.130571601753275,4.130571537759516,4.130571518680955,4.129186943278309,4.129186943278309,4.129186943278309,4.129186943278309,0.5684053842805945,0.5565223129790449,0.5459209884649319,0.5370240093372176,0.5298867195265462,0.5257056101873829,0.5242179130547743,0.5250255467976046,0.5292741467522981,0.5370579388025326,0.5468327075942934,0.5587963850629499,4.164538130339266,270.0,0.7136895405521114,1.8597832418892954
2021-06-29 04:00:00-07:00,19.780091766666665,6.414650666666666,0.2661776347696838,3.5,6.7724242070596965,87.03770704304482,88.96360279674694,60.17864623938351,0.0,4.1049116337914775,7.434453094618865,1.0,4.1049116337914775,0.0024076785171703308,2.857142857142857,11.604925944444444,1.014227445,6.334307178288807,6.334307178288807,6.334307178288807,6.334307178288807,6.334307178288807,6.334307178288807,6.334307178288807,6.334307178288807,6.334794668524545,6.334794668524545,6.334794668524545,6.334794668524545,0.958662465446642,0.9379160941655335,0.9205885056583027,0.907343641915328,0.8981412728236279,0.8947172529397652,0.8962368367618749,0.9025755911017042,0.913389513066633,0.9281605356181722,0.9462394398098672,0.9668563672637052,2.220207166266369,90.0,0.730629885839584,1.8578935415515732
2021-06-29 05:00:00-07:00,148.25878516666666,49.796436666666665,0.2634401031413392,4.5,71.52591915205899,65.24393526188703,81.57211053555905,66.75761434561588,0.0,26.292129408924712,129.9886093311203,1.0,26.292129408924712,20.16730153515565,2.857142857142857,12.58469872222222,1.2438481716666667,118.17708523538644,118.43121441658914,118.55449357154595,118.54309603164516,118.80921805121983,119.04874312511456,119.28670666461045,119.2873754141846,119.49990958853492,119.70806593561024,119.70823553011331,119.89424202112683,6.135032108613885,6.080780598982324,6.020635415879806,5.978682734041193,6.109990478119322,6.1452404904415525,6.2551415025187875,6.420572161282545,6.513992391339298,6.778305290992956,6.879162921642446,7.153275560471638,17.894613516764252,90.00000190909591,0.5963664223626904,1.9055195622990189
2021-06-29 06:00:00-07:00,461.25921,88.61691666666667,0.2755736271492053,5.5,241.29001504379553,24.152716968455707,70.67100441745802,75.45582957913206,0.0,45.03270866787936,575.0505173562453,1.0,45.03270866787936,74.21808524682173,2.857142857142857,15.926310444444445,0.7075331461666666,546.0120637017435,546.8369259695075,547.651595328611,548.0179870141568,548.8037852074533,549.5748634411935,549.9209563387133,550.6786506673545,552.660556664449,556.6006956051328,558.4579478077196,560.3149924619429,13.37444381992191,13.76787931235356,14.218202380833825,14.686863346043253,15.18336887909724,15.641196226588871,16.0957002778664,17.82559494867024,19.555821049942768,21.31933894420942,23.040237785974206,24.757890160989707,50.0,90.0,0.366977778440511,2.214355247456318
2021-06-29 07:00:00-07:00,468.7987683333333,152.5562,0.2817856874943191,6.5,391.65792417947125,10.48677678822308,59.334130978671745,84.12379517661844,0.0,161.21579409953156,690.4538515505114,1.0,161.21579409953156,121.38166789413415,2.5435659705467746,17.37695638888889,0.9756129316666666,646.2744185858509,647.586324324333,648.8299673798787,649.2876548350695,650.6135160896299,651.8972448228794,652.3044063928731,653.3089294368426,656.2388825669095,662.4282331780223,665.4044849672405,668.3286196443054,66.81255848224176,62.71577068428722,58.84071028319531,54.44363466364793,51.424632010584936,47.76964300386491,45.62434321632624,45.66549667241785,46.2665793128276,47.89921302041276,49.385081469977564,51.22981948816236,50.0,90.0,0.366977778440511,2.214355247456318
2021-06-29 08:00:00-07:00,791.0067,122.64970833333334,0.2696079567850568,7.5,653.7949355029214,2.649301486665891,47.81860035678008,93.5762476430242,0.0,325.1942655376306,985.6026401616446,1.0,325.1942655376306,176.75313052993693,1.9059899461023084,17.893738499999998,1.688280013333333,939.027300141231,939.1140094512875,939.0557727888023,939.1055497045851,939.1743435089606,939.5236436037735,939.5808801355349,939.3128105533466,942.9969595072383,950.1438536106332,953.663886369853,957.213993920925,92.19945987884404,81.19565754447942,72.74343141714557,65.56432983306435,59.566854642084955,55.65398264164744,51.633020501330705,51.714784722927696,54.10020586036639,56.752924894362174,60.037272675357805,63.78802737225442,47.763023928527225,90.00000085377364,0.37981452782349745,2.184944326381417
2021-06-29 09:00:00-07:00,770.5554166666666,163.39693833333334,0.2570523878059462,8.5,783.1834811692769,9.017451415866432,36.45368686286183,105.29491371021345,0.0,453.1839672115366,976.1847261808334,1.0,453.1839672115366,205.88282750083192,1.555557981527392,19.099739944444444,1.81568506,940.1845038151512,940.0990507663892,940.5452182755793,940.2793391097738,941.245422370599,940.9996414859302,941.0276954488429,944.5610163868286,947.8464484272936,950.5775145055071,953.2638552432599,959.3617124135105,104.02216624896138,93.0286790846468,83.61666159958936,76.23713382475935,71.08021177112694,68.7655912197103,67.77073081766405,70.09992065184315,71.86297141629684,75.46114464297662,79.19153755416903,83.83886262938728,35.47163537892894,90.0,0.45985007411377565,2.042739958061037
2021-06-29 10:00:00-07:00,804.9426500000001,193.0547666666667,0.2446210992888104,9.5,917.1386347348848,13.647439142978046,25.901393957479968,122.69330511610497,0.0,571.2464026495825,1001.8110670722837,1.0,571.2464026495825,229.2573285963465,1.3094869477401627,20.262348944444444,2.381253276666667,980.5259044794799,980.6870834856236,980.9965400860822,980.9536089597675,981.1189123361114,983.102051851277,985.1248342671981,986.7941306049333,988.8803793660722,988.4853476457109,990.2365562325181,992.2013582174798,118.82355726411839,109.69688160407124,99.51728109009676,93.05071669910508,88.11704678024554,86.0748736881447,84.67842195717049,85.52103666125812,88.23878470070098,92.70453328265421,97.09784790378347,103.50377125508471,22.22844186233022,90.00000085377364,0.56084982687969,1.9314599481323111
2021-06-29 11:00:00-07:00,859.6478833333333,189.9319,0.2373680091881094,10.5,1007.1291232629692,16.16833999619795,18.081028586948023,153.7940715115525,0.0,644.7739567682863,1021.743696367164,1.0,644.7739567682863,241.9354642127045,1.1081840666857563,21.63346477777777,2.3843137,1015.205102967481,1015.2010691569582,1015.8094608767979,1015.7339726018789,1016.2661409224593,1016.2635930966424,1016.260925358201,1016.7094090679584,1016.7063692227914,1016.643857410673,1017.4285005401315,1017.0265826075014,124.7170440101017,113.89867251233086,105.39642681412644,98.88600387779715,94.26715532160267,91.49233064010811,91.35104637192755,93.17881791158642,96.91615879714647,102.52316785253804,109.48576059764714,117.03797952061366,8.20407932223235,90.0,0.6786502984798545,1.8673767835820665
2021-06-29 12:00:00-07:00,698.2557733333334,320.90113333333335,0.2453855205044828,11.5,987.0847195938122,16.342581915456055,17.432960994631145,200.0794064766563,0.0,640.8572253227376,996.1983515938612,1.0,640.8572253227376,245.31544613702928,1.0808723941568246,23.06298866666667,2.540837675,988.5999418081169,988.5990996873925,989.3668171431282,989.0784949104399,989.0310017451008,989.8000629942948,989.4224702047172,989.4219339571287,989.4213906133604,990.1893495465521,989.7268838080669,989.7267664342066,129.56955878568252,119.88130971823172,110.78949362085477,104.1305158241912,99.41780259171503,96.79976150441723,96.24565388977949,97.92989262844871,101.81866129917128,107.40988900314957,114.1245312393385,121.82431196336016,6.153154354840678,269.9999952463895,0.6964067544075214,1.8629039240349965
2021-06-29 13:00:00-07:00,2.77692535,286.2697,0.2694909776296998,12.5,288.79575061025724,14.152703205775548,24.54195454932677,233.93776789782908,0.0,188.44034999058493,280.0974175756758,1.0,188.44034999058493,78.18896823059212,1.2788757077743103,21.73155705555556,3.0172197666666665,266.45998583436955,267.526169240177,267.6036611462333,267.5948387301469,267.77134522958164,267.867641966346,267.9542874613279,267.1668102599357,267.27903743115013,266.4599648758501,265.5071172759106,264.6353077144237,44.7769438569662,43.997259293397825,43.1706782988495,42.53220620509241,41.85003411530909,41.391545239335116,41.06945743413299,41.41230059494888,41.257014839980016,41.66192675212986,42.9522998664904,43.62095034237898,20.259820949336653,270.0,0.5768610672998418,1.9190108622008872
2021-06-29 14:00:00-07:00,12.506555283333334,401.2024166666667,0.2665408894097187,13.5,411.4629068321675,9.80845156030571,34.87424558720778,252.66613630636186,0.0,268.91177246371615,397.35693850014354,1.0,268.91177246371615,118.07396935028225,1.515800569322317,22.35138261111111,2.644281408333333,377.2211042429996,377.5945204523549,377.9867731177885,380.0399403856191,380.4111633651564,380.5060811526496,377.20033983528117,375.6635937160692,374.02666186388586,370.1492665556741,368.4355379638677,364.5969891019024,66.76388770982688,66.50900353710828,66.05527000620005,66.83152139337473,66.31767746376636,64.52854748445898,64.57524837641813,65.90527672449583,65.0986786727613,65.88806191034134,66.2159123367794,67.15189329246647,33.63542270273352,270.0,0.47304680449767295,2.0245639059291003
2021-06-29 15:00:00-07:00,114.25705871666668,294.18151,0.2755229097699339,14.5,373.2932132338341,3.6681119095159187,46.179528321101344,264.91288101369605,0.0,222.52663168835767,434.9050842075431,1.0,222.52663168835767,121.60197313479614,1.846011884579121,22.6409325,1.777247635,414.82473530287416,413.2810942713194,411.709281485052,407.958402535413,406.39499068335,405.4019023540442,403.0057210036238,400.41290468064847,399.262717312539,396.6697799074004,394.08587213452824,391.4279791497024,65.15266093072042,63.4098531028556,61.77975039312559,60.30977814047822,58.92348914468763,58.15619141914672,58.13019529131568,57.91608292501582,58.238885052349445,60.63998973980875,62.280256785022466,64.58854364887303,46.06654911353214,270.0,0.38992691928749185,2.163320469074546
2021-06-29 16:00:00-07:00,2.1198628,196.03185,0.2722669715389706,15.5,197.1646043241442,8.535980893175283,57.6999790052172,274.5720121694874,0.0,129.36623428673732,180.7585396489074,1.0,129.36623428673732,66.69726935898396,2.4293469870526496,19.46831905555556,1.564971151666667,168.61226933533888,169.15620479977798,169.706436000204,170.64436136996332,171.217864478706,168.85493879543378,167.79848879470933,165.38121062039994,162.89552580744243,161.77096666947725,159.23422309889182,156.65599072613304,43.14609109322216,43.66784177670507,44.16861246301593,44.5084885941864,44.98374061843762,45.46023410672646,44.48313169765067,43.63880591113415,42.720152802386394,42.138404087060465,41.5505539986578,41.213955549962535,50.0,270.0,0.366977778440511,2.214355247456318
2021-06-29 17:00:00-07:00,11.55209685,142.30546833333335,0.2732652287553702,16.5,146.42991282736818,22.198144628846656,69.08209363171024,283.2917489255243,0.0,90.9171691909889,149.53871868400836,1.0,90.9171691909889,48.95786109936695,2.857142857142857,20.273936166666665,1.424181575,140.52932271152497,140.97561993132433,141.4335731328773,142.22794209790305,142.69141832818468,140.97012362566315,140.19543403333955,138.44491161590167,136.64889552894624,135.82555767550167,133.9838483261937,132.11322265112278,30.998106019980415,31.428296842017858,31.830051564334262,32.10928003016865,32.44806084064049,32.753486324663356,31.93116272447014,31.132951708717485,30.290362786365037,29.607374540917753,28.928601145315824,28.413320888924506,50.0,270.0,0.366977778440511,2.214355247456318
2021-06-29 18:00:00-07:00,0.4883537333333334,48.511565,0.276245757920238,17.5,48.595811930523105,60.46917396091083,80.06608961420156,291.9453110492631,3.108624468950437e-16,31.19360578974722,48.23647162053033,1.0,31.19360578974722,13.247878555519689,2.857142857142857,20.38203188888889,0.9158207133333334,45.56315781173085,45.81529356220759,45.895796089524794,45.712381101380245,45.978297431407306,46.05164912393777,46.127395268997866,46.22183100109468,46.05494193328329,45.89834972043493,45.71402022081961,45.54662683780903,7.6109421845022815,7.548612111274172,7.424166469865084,7.370900286552716,7.26250424414462,7.217692780218644,7.147454492682162,7.219140153230549,7.132285420022269,7.286215287034873,7.303370971069207,7.415599941016606,21.320693325889835,270.0,0.5682061487038632,1.9255828845572633
2021-06-29 19:00:00-07:00,0.1075631333333333,10.92933255,0.2843131772637574,18.5,10.93299309523302,84.42013555065706,88.0497565380151,298.9139199471754,0.0,7.003735171929309,10.925471821654401,1.0,7.003735171929309,0.014319395313771572,2.857142857142857,19.764727333333333,0.5008194608333333,10.329179822479054,10.329179822479054,10.329179822479054,10.329179822479054,10.332644006128755,10.332644061611973,10.332362941779378,10.332362941779378,10.332362941779378,10.334792397123278,10.334792397123278,10.334792397123278,1.7404978737878833,1.7032298814040618,1.672777505612177,1.6484696358336521,1.6352283763755413,1.6309654788564236,1.6369961914672282,1.6500217346377926,1.672180771187218,1.6999049308196232,1.7329367780478004,1.7699643081761383,4.148714345866913,269.99999680547154,0.7138272658977607,1.8597632236881356
2021-06-30 04:00:00-07:00,0.1456853666666666,3.533967083333333,0.1564401715528597,3.5,3.536837151102849,86.77328654545359,88.87117414293081,60.34949180166842,0.0,2.2617398834689824,3.5405986365098934,1.0,2.2617398834689824,0.0015686340337007039,2.857142857142857,14.387989611111111,1.964432542666667,3.3425223763774907,3.343021335357159,3.343021335357159,3.343021335357159,3.343021335357159,3.343021335357159,3.343021335357159,3.343021335357159,3.343021335357159,3.343021335357159,3.343021335357159,3.3432899040658963,0.31048004977306337,0.30327400077864325,0.29775680014782546,0.293579849339161,0.2908984943205946,0.2897984489941536,0.29029958520183674,0.29235791230294267,0.29585794211641714,0.3006325669393834,0.30646879123399084,0.3136547110192418,2.414433271883349,90.0,0.728936330226073,1.8580306075619506
2021-06-30 05:00:00-07:00,455.26455,31.190901666666665,0.2250758666134666,4.5,97.33812945655815,65.47275831525363,81.64569297874526,66.77549559046321,0.0,14.107738313145736,240.7160931573702,1.0,14.107738313145736,24.573279404806616,2.857142857142857,14.408612944444444,0.4014963478333333,216.75946249921682,216.8296706348632,216.8959320714751,216.95412164052485,217.44831418593608,217.97040027584933,218.46829768236893,218.4422863380129,218.93155766104059,219.36904678775514,219.3690239763262,219.7729345596621,3.170202502006296,3.1930575674004733,3.1654701026045817,3.32776845034305,3.437130360375904,3.449740953367616,3.6567655052495276,3.8261160592700914,3.870562381217811,4.263087930064635,4.3104899091165025,4.539690716876275,17.719402016506304,90.0,0.5978221788206765,1.9045843849405175
2021-06-30 06:00:00-07:00,740.2322166666667,49.90586166666667,0.281102776266572,5.5,294.0342669588235,24.205918084624336,70.7433779794668,75.48000464846041,0.0,29.797286701874658,785.2949867161589,1.0,29.797286701874658,84.4292939571875,2.857142857142857,19.160681722222225,0.5409626253333334,755.1588265219236,755.5508917891602,755.9440930417912,756.1305199067499,756.4973225571542,756.8648203733449,757.0369430171842,757.400071944415,759.5903214893299,763.9184708671536,765.9599717301531,767.9859130849238,7.835045404946984,8.305190463488632,8.781459721115136,9.288718037493478,9.724411123362195,10.124258982814421,10.487004669357434,12.41018747036767,14.32045772169896,16.216555219182077,18.078312057601316,19.914208284742458,50.0,90.0,0.366977778440511,2.214355247456318
2021-06-30 07:00:00-07:00,855.6281,60.242376666666665,0.288720977875068,6.5,495.7194564409577,10.540321438226586,59.40568367412408,84.1538808387394,0.0,176.71051088037126,956.0274726937639,1.0,176.71051088037126,137.84225799497412,2.549090943957178,19.930291722222226,1.01610003,915.2973229504313,915.8656770461911,916.3490629004998,916.4168354071334,917.0624299788343,917.681900406035,917.7073002543423,917.9133497120918,920.2395850719332,925.3949596568825,927.8887826496216,930.3341318828295,81.54825941760443,74.82784211699125,68.31192096054968,60.97305679923796,55.630214738961,49.32480355534236,45.337262445927024,43.45652200775457,42.422549343974225,42.90298831281801,43.205050828602204,44.047906618818466,50.0,90.0,0.366977778440511,2.214355247456318
2021-06-30 08:00:00-07:00,910.4845833333331,69.67626333333332,0.2741568992650484,7.5,680.2054682638524,2.6787842575423926,47.89015214602164,93.61197881656489,0.0,334.44069448366747,1032.0667518302685,1.0,334.44069448366747,175.69310020925383,1.9085874409337733,20.739922111111117,1.44994872,993.7532315470389,993.5407601210973,993.1696226635943,992.9156728914016,992.8624150490892,992.944235546435,992.72601428336,992.3050826514897,994.5508127042556,999.2135953048453,1001.4711079523098,1003.763593676841,96.13923899205012,84.09235771177603,74.77927458202063,66.83888162422983,60.182745652626046,55.764281348244005,51.255784308706126,49.961899393886966,51.15460106297935,52.61054548496252,54.72792287408138,57.33016315721658,47.833472779721006,90.0,0.37940155206196335,2.1858551680380494
2021-06-30 09:00:00-07:00,930.24195,84.36584166666667,0.2564835180321581,8.5,831.8903156776341,9.05577680717435,36.526592934159865,105.33391339722425,0.0,478.54871829738795,1038.7358392658991,1.0,478.54871829738795,207.79068622999,1.5570552766612287,21.628878166666667,1.7211330916666665,1011.2219432111863,1011.2344887178231,1011.377404395492,1010.9169825846967,1011.6230800253023,1011.2021961493757,1011.0905576535238,1013.1617311859865,1015.1365943791967,1016.5716032730448,1017.9988170600034,1021.6542136592376,109.16531102398596,97.14487207909563,86.73703190834185,78.52421003373838,72.82388514644458,69.0823796164387,67.78682083885988,68.99021130455291,69.80071193677112,72.3800488277501,75.07531517362241,78.22333822159332,35.53868198607722,90.0,0.4593737722379222,2.043419573128482
2021-06-30 10:00:00-07:00,927.4904333333332,104.05717166666666,0.2438298040524965,9.5,937.8416740939462,13.695460793504672,25.97721487814862,122.71998278962349,0.0,583.3189773483474,1022.4781087931581,1.0,583.3189773483474,227.98252105402824,1.3104619853336676,22.428116944444447,1.8140067683333327,1007.3210785945217,1007.3045754289574,1007.5393899091157,1007.4118445409424,1007.5020257682262,1008.5695224932726,1009.7168521957367,1010.5336171904909,1011.7644085763627,1011.6896308194376,1012.4382869855658,1013.5233081369364,120.80392143789655,110.83672170101259,100.36751820552843,92.93105484672346,86.87866182464664,84.44866677521829,83.53571455203584,84.18322600572155,86.49312635617017,90.42549536321778,94.9557070709797,100.82374724812503,22.290010501728595,90.0,0.560352578107308,1.9318669947764917
2021-06-30 11:00:00-07:00,869.4572000000001,148.34298333333334,0.2384876350081116,10.5,974.5131145683071,16.225912186086724,18.155621386647454,153.73367060599878,0.0,623.9441302931281,986.5778825326422,1.0,623.9441302931281,233.21366037214347,1.108895366234673,23.579056,1.97300101,980.8731795287396,980.869260814863,981.1779664997359,981.1044682005656,981.4470774561003,981.3735391190763,981.370944664201,981.5974904376214,981.5946495436662,981.5343670078423,981.8773577889433,981.7317067701727,121.15707908779733,110.73825298568154,102.55328196648622,96.20460421180145,91.74831092099166,89.09401693134589,88.97533739280486,90.76341821295382,94.34871488122384,99.64342252557404,106.32312038353625,113.6030478512289,8.257201052271931,90.0,0.6781914988529213,1.867509512589411
2021-06-30 12:00:00-07:00,659.4169343333334,274.80286666666666,0.2426066477597266,11.5,903.7686697164249,16.408396069157835,17.480139704543788,199.87600327243462,0.0,586.9003800964562,912.807497349381,1.0,586.9003800964562,222.68176033217696,1.0803169120924578,24.867775277777778,1.985030925,906.5102866527138,906.5095190053053,907.0141048833991,907.0135636209973,906.9705398495144,907.8159971698153,907.3819449767136,907.3814556448151,907.3809608572315,908.2253932101779,907.7021472235575,907.7020416507485,117.22878409972046,108.32953190185478,99.96948901933075,93.84077732653635,89.49828930501867,87.07730794389224,86.55453330865829,88.0840732046196,91.67168941564752,96.51139339682653,102.96389089529102,110.03095709795967,6.111236685444767,269.9999944014318,0.6967704619884305,1.8628257723392723
2021-06-30 13:00:00-07:00,119.176721,436.53795,0.2568713976584963,12.5,544.9340543972135,14.224597683415176,24.55801310008967,233.75568750029342,0.0,347.30609353136174,563.3134670176107,1.0,347.30609353136174,146.95433630573615,1.2784265057336337,25.260141666666662,1.827179626666667,538.0160373690701,538.8057976147596,539.7455414356403,540.518240765545,541.9975291319577,542.6405888382335,544.0285834172133,545.306180171428,546.3618039219317,546.3852895052705,547.5508390364953,548.0142922109346,76.43171757142726,72.74510624560628,69.18227025544543,66.70245621839867,65.32740171362329,64.72927701360199,64.61893102008165,66.25914123036979,67.53992548923485,70.17201028910144,72.31119965084848,75.7901882852969,20.230425075332146,269.9999982924527,0.5771017466323841,1.9188333261618964
2021-06-30 14:00:00-07:00,17.48568,373.07416666666666,0.2637306198345104,13.5,387.41918295316947,9.884083133006216,34.876494681719635,252.53057442524894,0.0,253.33443745426584,373.3523306504925,1.0,253.33443745426584,110.04430645269386,1.5154352773043032,24.671473555555558,2.5461908866666665,354.37522839900964,354.7569922318977,355.15722756100786,357.16999439845324,357.55284236241164,357.6790627491821,354.5476018880817,353.08881146548464,351.5366878724568,347.86717958303046,346.24159189949154,342.60530351122316,62.330795110183246,62.124894675016066,61.733430870424996,62.495630441491784,62.04239024223314,60.35684595182129,60.41889619768504,61.68903301219002,60.90710738018568,61.623913453424734,61.892252573495476,62.727576177799016,33.618042322808435,270.0,0.4731730965086809,2.0243959195840144
2021-06-30 15:00:00-07:00,0.84235215,268.02465,0.2710029047767755,14.5,268.607919286437,3.7455436125358315,46.177284197531094,264.80515780038854,0.0,177.78512671337648,245.16070175360753,1.0,177.78512671337648,87.25718214577158,1.8457712339744505,23.304215944444444,3.7045839166666665,213.49181548745062,216.80384557467167,220.04474522633038,223.21175869970884,224.67875030220264,227.77156211634485,230.75156403417355,232.07044710265163,231.4746356039934,230.81598080635445,230.26492499506395,229.72141814277586,52.32808139329667,52.51340214821354,53.08547068182526,52.6600741246841,53.74740083305165,55.07968889848979,56.235701349039545,55.85238400108286,55.661367654499664,55.328400062341025,54.973056016063836,54.584730208300805,46.05946211632952,269.99999914622634,0.38996983198536395,2.163231398470058
2021-06-30 16:00:00-07:00,5.579827083333333,204.40255,0.2665071759981546,15.5,207.3843235176511,8.50220494529818,57.69781565510285,274.4798106503368,0.0,135.05847114751683,193.22487976016023,1.0,135.05847114751683,68.8509488672524,2.429425215531657,24.02763483333333,2.3808760833333333,180.64836982376113,181.19828522856733,181.7544237141424,182.70177043519024,183.28292877475724,180.83481203851883,179.73794593478027,177.22991167952932,174.65137488240424,173.48314941759202,170.8528459213716,168.17875219201153,44.37208332215442,44.90467064897914,45.41932102905435,45.77133290003409,46.268343857384835,46.772139398404256,45.78623476880106,44.947982473883656,44.03114717744022,43.46976015416484,42.899586874114725,42.58653228404676,50.0,270.0,0.366977778440511,2.214355247456318
2021-06-30 17:00:00-07:00,14.2356887,161.31826666666666,0.2795035391338365,16.5,166.40066340842768,22.162440023792627,69.08282784903862,283.208064507469,0.0,100.72461575430891,177.63730461023488,1.0,100.72461575430891,56.13265967401492,2.857142857142857,23.71855711111111,2.26521205,167.30562495458054,167.77856986466313,168.26585515239694,169.09821063667067,169.58849503498018,167.68965458834015,166.8374045894993,164.90683277582554,162.92673888260893,162.02009112812743,159.98885411349607,157.9257277239505,34.84501421401605,35.30642433124959,35.73574715215765,36.024100785047644,36.380130819603885,36.697668555407475,35.783433757318,34.8949662507345,33.95368861526869,33.192388768511556,32.43416515971178,31.859936930148667,50.0,270.0,0.366977778440511,2.214355247456318
2021-06-30 18:00:00-07:00,94.91790853333332,67.10882833333334,0.2532466518463181,17.5,83.47376852175842,60.488098030478895,80.07194080410282,291.8659585967538,0.0,37.28508214744789,132.00209747478198,1.0,37.28508214744789,22.38663335304108,2.857142857142857,23.28256766666667,1.3866589516666668,124.63648170496214,124.63155434918147,124.48655589192776,124.32035252506525,124.33055721534419,124.1515874360601,123.96213626396911,123.78034260047384,123.58069181523362,123.39154776632321,123.17137212572476,122.9690179367623,9.441140196431201,9.165215211991086,9.027348731089003,8.774704335291744,8.65436025875303,8.424344498881979,8.346098291981377,8.290730776295746,8.161771302340613,8.19666664504722,8.193857030116318,8.316822269058571,21.292758751857825,270.0,0.5684332614698708,1.9254057279920826
2021-06-30 19:00:00-07:00,0.2598769166666667,6.59310025,0.252483723256631,18.5,6.601893535759207,84.45224949300966,88.0609499494854,298.83613384428185,0.0,4.224890932591065,6.6096979374727916,1.0,4.224890932591065,0.008525967265804813,2.857142857142857,20.61018061111111,1.1806672883333331,6.242582819365324,6.242582819365324,6.242582819365324,6.24111725478835,6.24111725478835,6.24111725478835,6.2412678479256165,6.241267821757864,6.241267863894409,6.2391780531854115,6.2391780531854115,6.2391780531854115,0.9484101474147734,0.9285672780536561,0.9108667996409575,0.8951912472995058,0.8841118774521287,0.877133992687004,0.8738114560819857,0.8760995908087611,0.8831980938448709,0.8962073994723762,0.9125216774846443,0.9324839424322304,4.121675297502691,270.0,0.7140626118250596,1.8597291934482723
2021-07-01 04:00:00-07:00,0.3070724,3.305835666666667,0.2420193090062692,3.5,3.3114647521342278,86.99772542822835,88.9496258664026,60.36782729410288,0.0,2.1155264286264863,3.320649009327734,1.0,2.1155264286264863,0.0012697531077221845,2.857142857142857,16.658566999999998,0.4288230686666666,3.129346021753735,3.129346021753735,3.129346021753735,3.129346021753735,3.129346021753735,3.129346021753735,3.129346021753735,3.129346021753735,3.129346021753735,3.129597253300424,3.129597253300424,3.129597253300424,0.44922764594827186,0.439504760732159,0.431385259235648,0.4247627925912581,0.42087134750418637,0.41926822171893036,0.41998223068185514,0.4229536618117222,0.4280205736208976,0.43494057907377087,0.44340876641245075,0.4530641990925435,2.245951588562053,90.0,0.7304053939865512,1.8579110493721522
2021-07-01 05:00:00-07:00,254.04173076666663,60.95604,0.2739832196695683,4.5,97.52786769034603,65.71259117117286,81.72294479279445,66.7991343318705,0.0,30.235977255530546,193.94669524064307,1.0,30.235977255530546,28.83610343362783,2.857142857142857,17.546685333333336,0.7936070995000001,175.2303305166756,175.38096979121852,175.50794144180813,175.64492810743013,176.06752643023262,176.36304727986635,176.7613822720856,176.81402996791962,177.16434188161668,177.47366818369937,177.47838028185532,177.78940984206287,7.432817291451413,7.309422144171007,7.30625097045522,7.384098007567074,7.37744788162802,7.520859505653925,7.699838944795626,7.928530425490095,8.037628256762565,8.272844897402418,8.552398442182515,8.788965372309013,17.53535560318725,90.00000147877934,0.599352873029298,1.9036116449940925
2021-07-01 06:00:00-07:00,392.7012683333333,179.96951666666666,0.2823898106543705,5.5,308.9926739843909,24.259360569488965,70.81903147744393,75.51044469445185,0.0,94.6586444026752,623.4315072661664,1.0,94.6586444026752,99.19246618703227,2.857142857142857,18.956892777777774,1.6766772083333334,586.1088714530907,587.9647242856935,589.8015887746416,590.6224978903649,592.4078944009174,594.1487436050379,594.9208686199933,596.6367789708542,598.1687849059074,601.3048009581912,602.7461281508569,604.1602362826163,29.449482395408406,30.07048472558171,30.852870299842344,31.66395621708072,32.61076055253668,33.510850982419626,34.43103347090187,35.84878180198263,37.258504391837896,38.72376852838307,40.08937925887041,41.41927338034519,50.0,90.0,0.366977778440511,2.214355247456318
2021-07-01 07:00:00-07:00,690.6948666666667,176.59935,0.2922313347237111,6.5,527.3582685880162,10.594336996404158,59.4802830158527,84.19095844906785,0.0,212.39198423844908,947.0978859800184,1.0,212.39198423844908,164.3294802303963,2.55489507114696,20.025478777777774,2.0304136333333336,889.9948697581852,891.569950856379,893.0513230405867,893.5699509786438,895.1773919926482,896.7321301535412,897.1857010481081,898.3435862320183,901.9613206232747,909.6786546626026,913.3885472816479,917.0321056797569,92.06109757757454,86.07639616883792,80.38642133035852,73.94017902850963,69.45550492573946,64.0567915483185,60.82971121179525,60.36736183525604,60.704180906012056,62.51019067266214,64.10810933023211,66.21670741341696,50.0,90.0,0.366977778440511,2.214355247456318
2021-07-01 08:00:00-07:00,560.7339850000001,183.46726666666663,0.2768032930030086,7.5,558.9280315261201,2.714461706269933,47.964723212056086,93.65581081866428,0.0,285.56591741575653,827.0612156407736,1.0,285.56591741575653,166.23902005222124,1.911295874612648,20.706875555555555,2.007854235,775.3658430461744,775.99471188426,776.4881195642233,777.0410979185889,777.3538279149745,778.1384328098902,778.0943064909959,778.6930935938431,782.8300026727071,791.6682458407198,795.8622611691084,799.9907193510539,82.41238218029345,74.62926914245301,67.91430229214089,61.331947272356004,57.60116322420463,53.85473752312836,51.60163988712948,52.840035604669204,56.02379691578026,59.397473239990184,63.297615784117305,67.59422149881112,47.906674133695645,90.0,0.3789730345031622,2.186802672239078
2021-07-01 09:00:00-07:00,517.7305648333333,296.44975,0.2613620501776456,8.5,712.07773985978,9.100583326346193,36.60281287966622,105.38271103759473,0.0,419.9436891082398,866.3203420237651,1.0,419.9436891082398,199.1162428471916,1.5586004372153024,21.84489811111111,1.8853622066666669,821.5171281678633,822.8205615860612,824.1704746740364,824.3953723231499,826.1804069258379,826.3962231818958,826.844353326848,831.2126062886264,834.9439632843452,838.1413778815356,841.2786165931277,847.8709356955911,102.18414228530244,93.09419515903106,85.44797800390408,79.42708170328619,74.85428574700066,73.34237849493978,72.6040397431972,75.04753493342666,76.69692219645162,80.32027694670671,84.01705680595059,88.14016917136881,35.60771454301824,90.00000147877934,0.45888377791888557,2.0441204829335877
2021-07-01 10:00:00-07:00,629.3658250000001,305.34433333333334,0.2559392854020297,9.5,870.7387400876501,13.750177749993334,26.057227614296934,122.75865429461705,0.0,544.120629403178,949.3476308034069,1.0,544.120629403178,231.26071744678262,1.3114541944031228,23.08298438888889,1.9576804666666665,922.7236375334671,922.7839882205191,923.7300935505374,923.842438310561,924.1741920199744,926.6303468675684,929.1161573528932,931.1693668160643,933.6705473470025,933.5836763037227,935.4920776677885,937.8037236471188,118.69110495515993,110.26605996663743,100.93604660112435,94.89187236306147,89.48341775278195,87.63507816174727,87.59492894101702,88.61672611970054,91.49295040326605,96.23923312095148,100.23990434159788,106.98409038218647,22.3525899171213,90.00000085377364,0.5598473903860826,1.9322818188089523
2021-07-01 11:00:00-07:00,167.96461,305.21455,0.2612502690258259,10.5,464.74309207053545,16.29024697453548,18.236162669154183,153.68424390010398,0.0,298.02001880179233,471.0118362033236,1.0,298.02001880179233,124.58040281126446,1.1096048911662706,23.239210388888885,1.7982366183333334,460.46049414980166,460.45874662805795,461.0486239583403,461.0517126931799,461.6227486943943,461.5213513270627,461.52020019589327,462.131196180887,461.9542064594882,461.95480123406054,462.53625047845117,462.2894501480588,64.77954237067406,60.38314494723097,57.16276896710054,54.501209395432966,52.55050069855764,51.69610388622769,51.747795987477566,52.60851534438096,54.48025505448259,56.75991662473587,59.696053243673084,62.850961227749906,8.310173002830437,90.00000319452846,0.6777340543011882,1.8676427144601866
2021-07-01 12:00:00-07:00,472.405011,283.8938166666667,0.2528861804558585,11.5,734.3495674160176,16.480844840050942,17.534217168549688,199.67011258578594,0.0,476.60153464652,742.0018895430107,1.0,476.60153464652,189.20766104229045,1.0797797565470548,23.904005444444444,2.0164135,734.6698655095884,734.6692398604843,735.1817631725461,735.1813315848519,735.1448073770084,735.5621815905429,735.5624557433202,735.5620619640686,735.5616605044554,736.3936501111139,735.8879627967362,735.887873193769,99.59553953475384,92.33803720061422,85.52509796847977,80.53912830956568,77.01493136106716,75.0599846128277,74.71226230506348,75.9298002451746,78.92708623560922,82.90553474088921,88.19820298173993,93.98805015707201,6.070696479015027,269.9999980909041,0.6971222448223784,1.8627506950511088
2021-07-01 13:00:00-07:00,88.43869326666666,262.98126666666667,0.2573313001151909,12.5,343.40586598902496,14.302809308044276,24.57984441821121,233.56449499949892,0.0,219.24885813457968,354.65283674580076,1.0,219.24885813457968,93.7980857067899,1.2780157960833654,22.910603055555555,2.360918948333333,337.1898963700446,337.7284540166602,338.3606858947088,338.8845770557143,339.9888874804768,340.42224654259155,341.45296037034086,342.40681457369936,343.2119271049137,343.2262854819111,344.0935744615431,344.8056091717865,48.80690115432706,46.26853738662303,44.18952075775476,42.70569782365475,41.94054898140446,41.67110868726485,41.635614824402865,42.77720292606613,43.585626712729365,45.33595716526559,46.65443066329733,48.923074558567926,20.203536221303576,269.99999914622634,0.5773219395426517,1.918671147528362
2021-07-01 14:00:00-07:00,326.16148168333336,368.4391,0.2566574137315489,13.5,635.9943055078943,9.96558672631627,34.88364584533061,252.38657978416668,0.0,387.15136167963203,729.9545339175742,1.0,387.15136167963203,176.82059054496457,1.51514210677093,21.035583777777777,3.15428315,711.6233729517868,709.4102259920865,707.1454901891136,702.6116315116933,700.0661140712828,697.0930722281903,695.3313406082536,694.6260387377868,693.8199310411612,691.4490626546702,690.6756855604103,688.4911856820895,84.34146706366724,80.93650881837154,77.47646745004616,75.67158138222077,72.98724469854959,71.80854040680775,71.12313060968656,72.03751758386667,74.45652718216154,78.96959199091785,84.31014473518805,90.684735845907,33.604086617265565,270.0,0.4732745220590037,2.0242610891629664
2021-07-01 15:00:00-07:00,0.7032186833333333,66.82927983333333,0.2264062062316966,14.5,67.31618861615796,3.8283623511705764,46.17958998885818,264.6903428336696,0.0,45.88701437708959,56.15919740387297,1.0,45.88701437708959,19.657788247272038,1.8456704884263457,17.774284166666668,3.256167915,52.47417032889888,52.68072645282843,52.89040980334073,53.215537602790434,53.43652247590409,53.04852686330604,52.19444370070732,51.314396856802524,50.88802992649721,49.98215195297441,49.05227516314015,48.1030462526158,13.155639812151309,13.322975759345116,13.476628086882393,13.617384971772136,13.720726208622006,13.844473168368223,13.468027732131807,13.05789781949694,12.691951948107578,12.692175290083084,12.40941995111503,12.203699104016302,46.056494603060855,270.0,0.3899878023037075,2.1631941054042705
2021-07-01 16:00:00-07:00,0.0801713666666666,30.612055,0.2216417608908393,15.5,30.65489456910626,8.47104750932111,57.70015982066691,274.3815507604335,0.0,21.046362847937527,24.59031635096541,1.0,21.046362847937527,9.201328970646399,2.42982450964967,15.723658388888888,2.58903188,22.863572757992827,22.991021225283536,23.1202363121277,23.35846951020388,23.492005989949963,23.08022772726637,22.890196312652737,22.470196960252075,22.038894314963564,21.83781558409594,21.39574005092882,20.946973109151582,6.379623527279529,6.492660760927946,6.59946098406133,6.686664883998051,6.78200138475301,6.872505543026513,6.682525276380711,6.498417217300048,6.311177131651482,6.15763712741488,6.009852994315355,5.896192332343422,50.0,270.0,0.366977778440511,2.214355247456318
2021-07-01 17:00:00-07:00,268.1145474,168.64944166666666,0.271407412856988,16.5,264.34759471673163,22.128746648332022,69.08821760197833,283.11907156087113,0.0,96.6251039340132,487.62336052421745,1.0,96.6251039340132,85.8741570824088,2.857142857142857,17.369536166666666,3.5058054166666666,471.3982048354816,469.86261741072605,468.35235586855913,465.0755948884449,463.4305362369197,461.819453836725,461.08599036163275,459.43581658467053,457.77364729418906,456.9748934441354,455.25204395936294,453.4909433375065,41.308820775538976,40.05861390990036,38.817719952294986,37.4271158750257,36.11782493023768,34.73693739251553,33.91923549372852,33.02173120482624,32.00735796546592,30.99002498281683,29.91738309619902,28.929213839991043,50.0,270.0,0.366977778440511,2.214355247456318
2021-07-01 18:00:00-07:00,421.33215866666666,65.08731166666666,0.2327298195438994,17.5,137.65168922795803,60.52297732103987,80.08272782970535,291.78187937976077,3.108624468950437e-16,31.554191116712378,306.0596383135324,1.0,31.554191116712378,35.021996944009686,2.857142857142857,18.30312744444445,2.470226275,288.7767033643819,288.3188275299285,287.83991935165506,287.7778126300284,287.3178109985202,286.78536625252025,286.21028403885555,285.6210130602783,285.45192010991786,285.2903436397582,285.1041286655859,284.9311531740341,9.029508824475315,8.489394054003492,8.380841330433809,7.879739621185252,7.784723094691707,7.322156047778663,7.260173356947053,6.8728068958130395,6.85384681523638,6.665788424695828,6.635889851382474,6.731491123134686,21.25191161578191,270.0,0.568765433208666,1.925147080757669
2021-07-01 19:00:00-07:00,34.85112096666667,8.818790283333334,0.2062199074228191,18.5,9.988047417291602,84.49933466470328,88.0773624633884,298.7540248966753,0.0,5.65093614615257,12.148331731500495,1.0,5.65093614615257,0.011193277912626021,2.857142857142857,16.852157555555557,0.5469133116666666,9.771425138118694,9.771425138118694,9.771425138118694,9.77422042435365,9.774220379314784,9.774220402757983,9.774055891234703,9.774055891234703,9.774055891234703,9.776016199156762,9.776016199156762,9.776016199156762,1.018903375219017,0.9970990346942851,0.9792749754434374,0.9650921542244681,0.9573293377395705,0.9548225756268539,0.9586550178927453,0.9662782657070127,0.9783857882279583,0.9955708771288616,1.0149164688017493,1.036605091387311,4.083374318264442,269.999993784434,0.7143959944722876,1.859681369584801
2021-07-02 04:00:00-07:00,0.0310566,3.926387016666667,0.1735064385563952,3.5,3.926911671836632,87.23341895479912,89.03202678478068,60.391657571038195,0.0,2.5123913833281133,3.926606143231784,1.0,2.5123913833281133,0.0012798820322796037,2.857142857142857,12.562769166666667,0.858921583,3.7120247947894436,3.7120247947894436,3.7120247947894436,3.7120247947894436,3.7120247947894436,3.7120247947894436,3.7123231859929273,3.7123231859929273,3.7123231859929273,3.7123231859929273,3.7123231859929273,3.7123231859929273,0.38252340571737564,0.3742533208189807,0.36734014815250576,0.36205084401786264,0.3585850352055951,0.3570617174302182,0.3576063952930193,0.3601299008142781,0.3644459174794337,0.3703470307372038,0.37757564578201686,0.3858279998942958,2.069024680696396,90.00000539973864,0.7319482774230753,1.8577947990329597
2021-07-02 05:00:00-07:00,108.55856788333334,36.33436833333334,0.2246905373862804,4.5,51.81084895630353,65.9631532872936,81.80379245889682,66.82855563024168,0.0,19.462012270927442,92.97238135316753,1.0,19.462012270927442,12.723594449975884,2.857142857142857,13.792199666666669,0.7746416348333334,84.15934444062712,84.25636935161342,84.34000552879617,84.428021319891,84.62351073450529,84.81413237266199,84.94037133589912,84.9874495359758,85.15551510661854,85.28151785347326,85.30544543855648,85.43224579659574,3.9335221906111704,3.86836394951358,3.8704339672339896,3.897935051212583,3.895004964715922,3.973814376500714,4.058092089300002,4.10499841391942,4.235493954716783,4.347795346471967,4.496392709518644,4.6090137911523215,17.34274765591675,90.0,0.6009564369031325,1.9026041909812603
2021-07-02 06:00:00-07:00,712.2066,59.72577166666667,0.2651765609157469,5.5,292.7972844317294,24.313012726578727,70.89789157711697,75.54716441077119,0.0,32.15878878627608,772.0643610573262,1.0,32.15878878627608,82.81441739599973,2.857142857142857,16.260421833333332,1.0897942216666665,740.5006168676116,741.0027493362937,741.5080567478708,741.7428121468814,742.2249622823279,742.7010266229383,742.919238823781,743.3893891011355,745.8250397405316,750.6401046129278,752.9450490839758,755.2088474145944,8.697096199226898,9.074909821369692,9.474320279811637,9.899932965485565,10.299318306500304,10.676041325277396,11.03403114095912,13.1508562826369,15.279377059624638,17.410491683615636,19.53471051152775,21.641483612634403,50.0,90.0,0.366977778440511,2.214355247456318
2021-07-02 07:00:00-07:00,810.1770333333334,93.55124333333332,0.2647856649906194,6.5,504.04204292703986,10.64885438260099,59.55785750954326,84.2350324823674,0.0,179.43229332040127,964.080475203291,1.0,179.43229332040127,136.2781433794418,2.5609759450751834,17.92139716666667,1.1502506633333334,918.7721762473884,919.5165709173934,920.1904198371926,920.365339562595,921.1747986966848,921.9496956089595,922.0920627564814,922.4957949210459,925.6522370210331,932.386360142004,935.6488744734786,938.8528589995814,76.98220225866736,70.93220379254848,65.07435636993982,58.46322700684806,53.689052795132554,48.02870018854382,44.50549478782457,43.657439068577865,43.59371055485938,44.919850002891735,46.08215448539636,47.76610840216787,50.0,90.0,0.366977778440511,2.214355247456318
2021-07-02 08:00:00-07:00,859.0840499999999,108.70113666666666,0.2571790700033045,7.5,683.069690997478,2.7563507742806195,48.04224515045641,93.70773627852697,0.0,337.47227307198295,1038.0660425764781,1.0,337.47227307198295,173.77527631957994,1.9141135201788222,18.773072666666668,1.6017010366666666,993.5590607119442,993.5248152623029,993.3292145410012,993.2213873648585,993.260435950307,993.4631680502093,993.0743730511622,993.0757998783215,996.2358604556596,1003.2736749435696,1006.586537374793,1009.8495161886897,90.09436006648787,80.23288281435515,71.61458887233488,63.14919576500775,58.153183232931745,53.12748247220488,49.95603218487382,49.79850745783977,52.00930153911372,54.45525929605212,57.53095339451679,61.07834334186867,47.98255084978754,90.0,0.378529494722346,2.187785960685476
2021-07-02 09:00:00-07:00,919.0050833333332,88.165235,0.2435056318100123,8.5,825.1709319795696,9.151879242568649,36.68228200982448,105.44128306494508,0.0,474.93859197973956,1030.7175648862653,1.0,474.93859197973956,196.88029458592234,1.5601920526394135,20.672334166666666,1.71737913,1003.1757361768056,1003.2641371988649,1003.4580717404355,1003.5433937650024,1003.7808035819653,1003.4187722029063,1003.3480881832351,1005.3059745312038,1007.534837953282,1009.0557699551275,1010.9383787078704,1014.3222310696424,106.74189647146973,95.64031622294112,85.52431850964133,77.44299373229619,70.47676675978431,67.57969889827217,65.88361315574778,66.60195720995144,67.34369639522292,69.24833503323813,71.55916041333803,74.36830985598488,35.678656500083555,90.0,0.4583806709450436,2.044842009127697
2021-07-02 10:00:00-07:00,944.0924,91.72117833333331,0.2345859290663476,9.5,939.2420737863719,13.811585296355428,26.141369626090302,122.8092811087533,0.0,583.9635229473876,1025.1492399030622,1.0,583.9635229473876,219.47086997613488,1.3124624063318564,22.23777983333333,1.9690931883333327,1010.7656319701512,1010.5361196584721,1010.7608026006753,1010.7845711946237,1010.8601736388207,1011.869627738545,1012.9053504509047,1013.7566926737675,1014.9329858154921,1014.8360640880868,1015.5465567766306,1016.5901670978332,116.3542907482759,106.68893731327881,96.5219441621299,89.311161149191,83.45865078872093,80.34165894910446,80.2095696950303,80.78666723101168,83.00495146693805,86.51141230251355,90.95793012616524,96.80597996887822,22.416103558078948,90.0,0.5593348928473723,1.932703963728096
2021-07-02 11:00:00-07:00,908.36475,135.94336,0.2298076238940497,10.5,998.2554689938702,16.361326655893023,18.322591422864363,153.64589174397588,0.0,639.1222753298711,1011.073127431593,1.0,639.1222753298711,230.32515882139597,1.110311595086384,24.248723,1.6033623,1005.5583114317967,1005.5542666793557,1005.9195540612221,1005.8829106475806,1006.1712599613069,1006.0822007556911,1006.0795847424549,1006.4427367776327,1006.3122163589929,1006.3140590406887,1006.6227168869909,1006.4584619428298,119.5250163571876,109.17551687567277,101.14913352721683,94.7452641662483,89.9195734449707,87.7032752132162,87.59402036793381,89.36074826508913,93.04689999534229,98.41927538925154,104.78097470295165,112.38181016734737,8.362918859725514,90.00000400455336,0.6772786235787172,1.8677761881845907
2021-07-02 12:00:00-07:00,631.0865799999999,231.2973983333333,0.2303397732083011,11.5,832.8592268499825,16.559896296241543,17.595198266775938,199.4622554378356,0.0,540.9666668652482,841.4784507445236,1.0,540.9666668652482,195.30911871439176,1.079261932054603,25.23686672222222,1.6357887066666663,837.561539449115,837.5616306197034,838.1031483440256,837.2438777128334,837.2443096012299,837.2447007343021,837.2443972061766,836.8377718446388,836.8372126911353,836.8759677090634,836.3767834810379,836.3774552104082,96.07424898137731,89.81060756544764,84.09117279938943,79.56677863650403,76.61009314439204,75.33058533181384,75.74737468620269,77.91022032310613,81.77298378689036,87.21818386184978,94.6384040752036,102.52598888175137,6.031608333343347,270.0,0.6974614526407493,1.8626787782714689
2021-07-02 13:00:00-07:00,942.7351833333332,96.82332333333332,0.2381695559282754,12.5,953.9407148305535,14.387293342039797,24.60751466938936,233.36451695062922,0.0,593.0461925281962,1024.2929694996258,1.0,593.0461925281962,226.81070797092107,1.2776446161141455,26.33683577777777,2.2161194866666665,1011.4569920976768,1011.299815751656,1011.3946964916555,1011.3502928603045,1012.4419998387502,1012.2534375562625,1013.3427701357764,1014.2830793732397,1014.9215269958887,1014.9712083119141,1015.6495260203498,1016.4429874091106,119.77669494313943,107.98734302885961,98.43086403864767,91.46029844028357,86.02112549363821,83.26477926744694,81.92535784724363,83.52031783088208,85.68898937928135,89.83744033650025,94.38030194832383,100.70957484140887,20.17922458582493,269.9999985212207,0.5775210603412886,1.9185246911686278
2021-07-02 14:00:00-07:00,793.4077833333333,186.24075,0.2515953647494146,13.5,836.9891163522984,10.0529086676793,34.89577344593857,252.2343276934586,0.0,490.8856690590524,1024.3759241111864,1.0,490.8856690590524,217.11616305972322,1.5149222860541671,27.40467081871345,2.089332425862069,1008.4515016617751,1005.5811045314709,1002.2587780889276,995.7567437010256,992.4033148149365,988.5393100231106,988.4083805458055,988.5728630567731,988.640580674566,987.889246000248,988.0972579865714,987.6765201519983,89.5984703870261,84.92409458480128,80.27387559660858,77.38569665818738,74.23274636559344,73.82107356734817,73.88486093290655,75.71333374320072,81.19478774785287,88.97606487348109,99.19761998655363,110.65093402607245,33.593618572749605,270.0,0.47335061119414945,2.0241599865546336
2021-07-02 15:00:00-07:00,39.01349328333333,102.38418666666666,0.2632986033773405,14.5,129.39373596276863,3.916504149643119,46.18651563665596,264.56855295583,0.0,79.13601569867798,145.2912742268127,1.0,79.13601569867798,43.354158102721556,1.8457114322983073,26.5176935,1.46454939,127.82908997862953,128.91572351079992,129.97485532054932,131.02719860869104,131.50298984315785,132.5454828452472,133.52448126275308,133.94273125180325,134.7273920659049,136.49224202037283,137.26256680879038,138.01894219166624,22.368602347878987,21.819878563044142,21.483336524450078,20.831038350917847,20.88534076606565,21.103224439305983,21.25581589291401,21.77817329925433,22.485683917620815,23.20866893204467,23.978155765176982,24.780845388524785,46.05770064617663,269.99999914622634,0.38998049877295593,2.1632092616562852
2021-07-02 16:00:00-07:00,0.45886855,86.89173166666666,0.2653754578717177,15.5,87.13688126233832,8.442761306654148,57.70707440385828,274.2773243674516,0.0,59.78294035271861,71.08215187056628,1.0,59.78294035271861,29.639141086094963,2.4305482755287007,25.066262777777776,2.1821399616666666,65.67275802015017,65.98712465521291,66.30568834235721,66.86897437824733,67.19717311023871,66.0431438717357,65.5222852647925,64.34882920374172,63.14228463248418,62.59050104964089,61.35469390990712,60.10058006102928,20.036461102793407,20.317546001457345,20.57939873375209,20.768844579358735,20.995873175939867,21.208528267027106,20.66428759924944,20.14556881041444,19.606734621066504,19.18768147017088,18.778922789376548,18.483994002276216,50.0,270.0,0.366977778440511,2.214355247456318
2021-07-02 17:00:00-07:00,0.57044525,88.59161833333333,0.267788884202001,16.5,88.79513347728067,22.097201687412262,69.09831774027104,283.02485030090435,0.0,59.67712202229203,76.16690873454874,1.0,59.67712202229203,30.028863177889832,2.857142857142857,24.058667,2.228446235,70.67422667730412,71.00628368243973,71.34357509149031,71.94365804539945,72.2902419363795,71.14123100159581,70.62307223957671,69.45494062260049,68.2543198535751,67.70509730414611,66.47496738653865,65.22649506801622,20.016409109460877,20.317859741299134,20.599515239354194,20.80664711853991,21.050816683349524,21.27853805391623,20.733234316620475,20.21097695614615,19.66712788228441,19.2401080445031,18.82230175745594,18.517473648205904,50.0,270.0,0.366977778440511,2.214355247456318
2021-07-02 18:00:00-07:00,442.16054471666666,91.83965333333336,0.2725442582918479,17.5,167.87134736107316,60.573945347052884,80.09849657255928,291.6931482979628,0.0,47.14436306007756,347.3156353981111,1.0,47.14436306007756,48.37315916594466,2.857142857142857,23.959879722222222,3.092145925,323.64290868989417,323.8964751162636,324.1748937889515,324.412215983863,324.6644044370372,325.1990386502649,325.7313541926766,326.21164577793445,326.5415001563501,326.6964605527046,327.12870862925973,327.4549435087988,11.404628128873549,11.23713780789748,11.245004140394917,11.346637497893111,11.37987511401901,11.76552893783397,11.87078308001604,12.364899240035236,12.527975862608649,13.066326286808234,13.252220332289642,13.835615925242042,21.198116300157114,269.99999914622634,0.5692030409516375,1.9248071673854292
2021-07-02 19:00:00-07:00,24.75289025,14.013086266666669,0.2765735879782126,18.5,14.834190572579354,84.56149698401488,88.09903234910246,298.6676663501527,0.0,8.978972296725788,16.341741849260018,1.0,8.978972296725788,0.017356827453059463,2.857142857142857,22.57931688888889,2.9097982,14.24830754197281,14.24830754197281,14.24830754197281,14.24830754197281,14.245192606348027,14.245192606348027,14.245192606348027,14.245543136326635,14.245543228764346,14.241101509901329,14.241101509901329,14.241101509901329,2.2076509959508934,2.1614017480056096,2.1201500944990954,2.0836365578509413,2.057824556237206,2.0397848779684553,2.0340351410307935,2.0393969338909104,2.058117429742736,2.0862974280933244,2.1242845031669835,2.1707404592973916,4.033769883353514,270.0,0.7148277892459118,1.859620094313517
2021-07-03 04:00:00-07:00,49.70937098333333,4.344393166666666,0.1968965404644832,3.5,5.109318050253473,87.48014748524331,89.11830110875607,60.421014863754415,0.0,2.779589245891718,6.52871880935849,1.0,2.779589245891718,0.0011740227296196221,2.857142857142857,21.032209555555557,4.2925050166666665,4.610505556092465,4.610505556092465,4.610505556092465,4.610505556092465,4.610835714250564,4.610835714250564,4.610835714250564,4.610835714250564,4.610835714250564,4.61081964042588,4.61081964042588,4.61081964042588,0.4801389188519006,0.4697661296436375,0.46108652704540315,0.4545536058076873,0.45018901024486524,0.44826257837657624,0.44881881507455934,0.45180162926798717,0.4575169771339746,0.46493897282486885,0.47403907087881436,0.48443799442027097,1.883853002009497,90.0,0.7335632431322064,1.8576833371548407
2021-07-03 05:00:00-07:00,488.9073333333333,30.968995,0.2325242411968721,4.5,99.95666798446743,66.22415679809525,81.88815933916383,66.86378332267321,0.0,14.121932623059507,248.0193951946328,1.0,14.121932623059507,25.75035235374556,2.857142857142857,21.602035722222222,4.3420027333333335,222.06235162515338,222.12348937174042,222.18660381977273,222.67258920610755,222.70147757403768,223.19157593055152,223.64725875089283,223.64764929008214,224.07905009851203,224.47611146902216,224.47584569624792,224.8483752874045,3.2644694545180504,3.207080130436837,3.1767980878493813,3.410802587860847,3.4082665630412836,3.4246402642136897,3.732442136745344,3.767956764204769,3.9448913291540446,4.173134837586584,4.22259711704489,4.612635960184726,17.141860729797955,90.00000241483653,0.6026307218513801,1.9015649255057672
2021-07-03 06:00:00-07:00,737.8281666666667,50.651136666666666,0.2863572704409993,5.5,291.1094281671938,24.36684524376305,70.97988231773456,75.59017659907579,0.0,24.902584126594355,783.7341803313902,1.0,24.902584126594355,85.20553827327659,2.857142857142857,23.27081638888889,3.106183516666667,753.1315516297223,753.5321595145799,753.9354716754821,754.1218543492121,754.508367296034,754.8887919146724,755.0609578544454,755.4386791088841,757.6426804342734,762.0014708680263,764.106776581053,766.1509444674552,7.172565805740462,7.447941367796193,7.747814956191871,8.068270489067796,8.375655561857398,8.67150211951183,8.953636494700362,10.864869944336576,12.793386888924525,14.730615760498827,16.665967570944947,18.59348486059788,50.0,90.0,0.366977778440511,2.214355247456318
2021-07-03 07:00:00-07:00,841.5394166666666,63.59427333333333,0.2910169549984216,6.5,488.95591585735554,10.70391220123967,59.638333593219116,84.28610477945051,0.0,170.77235580440816,946.3446101462728,1.0,170.77235580440816,138.00619557766632,2.5673309860842783,25.907158111111112,1.3861442633333332,904.908494201758,905.4995697838066,906.0172032379008,906.1084643391806,906.7789565397494,907.4172073802968,907.478434436659,907.7172815042251,910.1410191082643,915.4770762744148,918.0577187025151,920.5892312043841,81.06979798325527,74.43036848895977,67.98519661094012,60.71716712866654,55.43360753490248,49.18638184880617,45.26208335514048,43.48477284097503,42.54529530675507,43.09773207885904,43.4624481428081,44.38030963304767,50.0,90.0,0.366977778440511,2.214355247456318
2021-07-03 08:00:00-07:00,898.22055,72.94760333333333,0.2757141131676995,7.5,672.5442121545261,2.804466258874918,48.12264811724644,93.76774410530417,0.0,331.1799254570785,1023.9931816734008,1.0,331.1799254570785,175.3728666123268,1.9170385506334764,26.301622222222225,1.672064345,984.8387487136797,984.670930148419,984.3308355614524,983.7723419927271,984.067103261157,984.1478217084406,983.6773474229477,983.5575724122646,985.6867365535505,990.741522487186,993.0801581227207,995.8083725159324,94.64344920730328,83.9464140308716,74.72799987799013,65.67275065818313,60.30171168665714,54.88534991563821,51.45521435140105,50.252853055097994,50.77093143071247,53.09287200671355,55.268031242857035,57.925885631490466,48.06102280856558,90.0,0.37807146965377897,2.1888041157414624
2021-07-03 09:00:00-07:00,836.2862698333333,130.06512666666666,0.2559612842163115,8.5,800.0122381626769,9.209664935449624,36.76493487054707,105.50960007914932,0.0,460.80129898317773,1006.0910701337334,1.0,460.80129898317773,206.19703459837984,1.5618286844558567,28.00192133333333,1.9072453016666664,972.3324984469472,972.4281583160536,972.3567723406943,972.7309376864739,972.7127320805362,972.6217090045332,972.5640094454953,975.9885554248172,978.7513705300713,981.2274331591457,984.049788623457,989.3657001856728,108.84019449883101,97.56568209409602,87.30244489868888,79.10815342315234,72.18931136340233,69.81337229401827,68.13157282661363,68.86402166834912,71.14726029883971,73.17347969261894,76.92815953802098,80.60879111938816,35.75142863654727,90.00000147877934,0.4578650492122539,2.0455834433517506
2021-07-03 10:00:00-07:00,640.6409171666667,264.47861666666665,0.25104926426074,9.5,839.1529496346067,13.879674227177151,26.22957807745325,122.87181363056965,0.0,523.5750728277828,919.6678391249591,1.0,523.5750728277828,219.65728144477177,1.3134854347800238,28.661462222222223,2.308488533333333,894.1610405542384,894.4209459878238,894.5378536320618,894.9066643405383,895.1518315131017,897.5160375490364,900.2148728807975,902.813090658063,905.1603722165675,904.955802764472,906.9626942193711,909.4705051203675,111.9336472164665,103.9102851359819,94.83567974213805,89.10193184532986,84.23960099926622,81.32457263540249,81.5251005314396,82.98679405799277,85.85757565093306,90.28367475502671,95.14791047045853,100.98549656940696,22.48047241198301,90.0,0.5588157335646191,1.9331329518548992
2021-07-03 11:00:00-07:00,703.8123451666667,312.7029166666667,0.2454933065725701,10.5,980.4759854079657,16.439130497061857,18.414845030671696,153.61869369141687,0.0,636.7573731144051,995.8458720838746,1.0,636.7573731144051,244.82270960481304,1.1110144125585222,30.610593,1.7656385916666666,986.4755712158429,986.3905832180644,987.3705012538055,987.1894101005666,988.0872935652579,987.7911627492265,987.788490588139,988.7663384057519,988.3686332319949,988.3706613534778,989.2902102819567,989.2931965011337,129.760208755909,119.94640605888563,111.63850206613714,104.75039092224853,99.37353927783097,96.76383938509207,96.30107127070966,97.7567825917235,101.46520103757861,106.71559818195657,113.08422718188936,120.69471797817351,8.415360015078873,90.0,0.676825884878633,1.8679097220807428
2021-07-03 12:00:00-07:00,833.7756166666666,188.68711666666667,0.2378429832389358,11.5,983.1561939561077,16.64551622501743,17.6630840789485,199.25295878970547,0.0,638.6271795351487,991.5489207917437,1.0,638.6271795351487,236.12998458767845,1.0787644444923241,31.6455165,1.8424374,987.4960154972769,987.5291559856943,987.5296377938282,987.2915361461886,987.2920607258371,987.2924885193121,987.2921188534995,986.9872696596263,986.9866254402879,987.0338744181378,986.6602496896094,986.6610666311085,116.73261851719832,109.06900042118052,102.0713365608836,96.64720843561236,93.03674497462913,91.47856373376483,91.99408698496764,94.64744841497843,99.37856831099033,106.67298680318827,115.12749833519082,124.65554793203148,5.99404888968728,270.0,0.6977874173868605,1.862610110136775
2021-07-03 13:00:00-07:00,593.7076155,324.3104,0.2509520222411386,12.5,863.9534219768002,14.478004156326863,24.641089319010614,233.15609946967115,0.0,540.1854799371254,926.8038207420095,1.0,540.1854799371254,225.79379953075238,1.2773140014440383,31.436012277777778,2.28221061,901.5769854251955,901.743887281172,902.1468131763579,902.3904145682956,905.004348709379,905.0353143135394,907.499133457177,909.7548301089395,911.6479283680412,911.692216012038,913.5476308123266,915.4443166146913,116.013178108633,105.67992744599091,98.17291449835072,92.15980903471706,87.79021248802577,86.11794103211207,85.09806691556781,87.5997924412452,89.65779530136008,94.45982285874787,98.5556436294682,105.32475220763017,20.15756196957367,269.99999914622634,0.5776985109098691,1.9183943352109747
2021-07-03 14:00:00-07:00,451.6320363,277.15225,0.2560184414688546,13.5,647.5006878241243,10.145990960065776,34.91295244314547,252.0740061024008,0.0,386.65002937866217,773.3629174215218,1.0,386.65002937866217,179.41402881224033,1.51477709261894,28.41032694444444,2.8663334066666666,733.7944687883421,735.0282845709673,735.3172640774234,736.7775759769905,737.14007467529,737.41554004312,738.3236391271594,742.1278332690632,745.4954112047175,751.7387283213694,755.0709549115397,758.0161230632973,89.48907424525767,81.69007532075335,74.59057392786309,69.51454389915006,66.08846688332103,65.43221310197808,66.29855620550805,67.08570144642921,70.29212071712811,72.89318433873086,77.11131790166543,81.33515109451814,33.58670215354543,269.9999982924527,0.4734008896765732,2.024093201556136
2021-07-03 15:00:00-07:00,25.449385933333332,164.22808333333333,0.2635935702707493,14.5,181.84330101812984,4.009906585228718,46.19813174319105,264.43991324963486,0.0,116.80993404849718,180.48663308671158,1.0,116.80993404849718,58.92158271546302,1.8458959283023963,27.227306166666665,1.7939307683333332,170.23997502467753,170.08195848024727,169.9200126260581,169.29681218838584,169.14686218465442,168.36914099319966,166.5972695272676,164.7443308992827,163.87428118919786,161.9846868197612,160.0607033806501,158.09223856595167,35.64255084758552,35.39323071606315,35.14807849249941,34.91862376161328,34.64082934481221,34.53980320324151,33.97542030286951,33.305750912173124,32.82434559455367,33.34987567377045,33.289925448076445,33.502052376954836,46.06313459210422,270.0,0.38994759397505363,2.163277553454462
2021-07-03 16:00:00-07:00,676.7213600333333,137.20802166666667,0.2975447008415612,15.5,498.6297334517137,8.417614427011936,57.71862268533386,274.1672292536486,0.0,198.28840940699456,897.3294799485275,1.0,198.28840940699456,154.41766984765317,2.431600148383326,29.529401166666663,0.92572259,869.0980483960523,865.436829102539,861.6996805303999,853.9560696052173,850.273371775714,849.6337832344458,849.51691146549,848.4484278176342,847.3556205347552,847.0936308002181,846.2131927328165,845.2121776127232,57.05117383186392,54.61017268550173,52.68908995663072,50.55950867805562,49.91403013831866,50.11158552490356,53.565511984716906,59.10649156253671,63.8453129672183,70.88728060560625,77.25793666274346,84.02783471854534,50.0,270.0,0.366977778440511,2.214355247456318
2021-07-03 17:00:00-07:00,561.2773865,87.58383833333333,0.323636464950899,16.5,287.69215849616063,22.06794870858552,69.11318310566173,282.9254855130773,0.0,56.470228422190885,687.3681766322261,1.0,56.470228422190885,99.60580212479506,2.857142857142857,28.54043711111111,1.722472385,667.951826517417,665.3719784093789,662.8504983742013,657.5062919847547,654.7461442846666,654.0902677633757,653.786658154905,653.0970783646695,652.4558549144035,652.0907444030732,651.3942191170897,650.6622152722564,33.325193025542234,31.333085047648783,29.38172566581231,27.265765662513555,25.215543243517736,23.03527324626491,22.610615302061714,21.977545517171556,21.151751203758458,20.069434829770547,18.85187869599545,17.559275019347098,50.0,270.0,0.366977778440511,2.214355247456318
2021-07-03 18:00:00-07:00,166.50697101666668,78.68796666666667,0.2767701123761922,17.5,107.26012783046303,60.641126871253434,80.11929248402969,291.59984395313484,0.0,40.53106379080439,192.00589843157496,1.0,40.53106379080439,31.895241198416556,2.857142857142857,26.40679355555556,1.1432525546666668,178.16286285168778,178.38046806589094,178.61978356348024,178.82355816891902,179.04030569680532,179.43459346314285,179.83026843368728,180.18370502890565,180.54355268144008,180.5444044732583,180.86263095878115,181.18101981399278,9.945927582608284,9.765438614535855,9.767440487312768,9.843514426008442,9.85070238450779,10.144707954486181,10.236411904722507,10.621843591424714,10.764379642564435,11.18515676977658,11.347004664747601,11.803749022285253,21.13135139659355,269.9999985212207,0.5697463737649118,1.9243864468639438
2021-07-03 19:00:00-07:00,0.3301913833333333,7.58129535,0.2527657975767686,18.5,7.592093165960852,84.6388406309291,88.12599712050658,298.577134665428,0.0,4.857509893035882,7.603037409930768,1.0,4.857509893035882,0.009108822088304899,2.857142857142857,24.114636277777777,1.319777655,7.178762569464723,7.178762569464723,7.178762569464723,7.178762569464723,7.17707734134878,7.17707734134878,7.17707734134878,7.177250652427917,7.1772506955394375,7.1772506955394375,7.17484765727068,7.17484765727068,1.0917459320456917,1.068860618119819,1.047203306800756,1.0303549141581037,1.017585899549733,1.008583264567899,1.005748016002795,1.0084112141150792,1.0176651522538074,1.0316067271875908,1.0503903974254585,1.073353319238751,3.9728261781267076,270.0,0.7153583257205651,1.8595458354890884
2021-07-04 04:00:00-07:00,32.365845533333335,4.3563651000000005,0.2224543541677991,3.5,4.898033148566683,87.25926876477754,89.0410650019051,60.614341039106186,0.0,2.7874868594707154,5.902600467082211,1.0,2.7874868594707154,0.001387494450564125,2.857142857142857,20.60463183333333,2.670783661666667,4.50148920935245,4.50148920935245,4.50148920935245,4.50148920935245,4.50148920935245,4.50148920935245,4.501820277334156,4.501820277334156,4.501820277334156,4.501820277334156,4.501820277334156,4.501820277334156,0.5440987445964325,0.5323360900039219,0.5225021191953413,0.5149770029967268,0.5100449536557722,0.5078759634760227,0.5086407437849353,0.5122292876440276,0.5183691610996704,0.5267653840931122,0.5370515924145671,0.5487962194390674,2.045173779549129,90.00001322660445,0.7321562816642931,1.8577798565950965
2021-07-04 05:00:00-07:00,390.5802166666667,39.62915,0.2495004782365587,4.5,94.14964677784647,66.4953049071152,81.97596622801547,66.90483972418525,0.0,18.157546657349286,219.62465233199148,1.0,18.157546657349286,25.945845790415543,2.857142857142857,21.588351111111116,2.01638621,196.2629170433346,196.34106604812348,196.42221320918162,196.92423614247662,196.92457488500523,197.40460267518367,197.84884608770892,197.8400219561421,198.2720825163725,198.65922995767,198.6587922015027,199.02369576869327,4.3230132003638895,4.243484399686709,4.20138785546931,4.421531071588588,4.422981163202799,4.439860467031033,4.749784304996669,4.798697654113918,4.859703348504967,5.231825865462208,5.299896841802345,5.7004582967912585,16.93298458968667,90.0,0.6043735134431463,1.9004967858853488
2021-07-04 06:00:00-07:00,655.4623666666666,79.89308333333334,0.2949501042920394,5.5,292.58833719578377,24.420831705437628,71.06492568419364,75.63949191222503,0.0,37.76959726255808,754.3123024300023,1.0,37.76959726255808,92.29552437359828,2.857142857142857,23.576641444444444,0.6710695746666667,719.4556682347769,720.1301887460468,720.8031834247021,721.1074370730302,721.7576824254938,722.3940976209757,722.6775630615764,723.3077654538562,725.8430991328311,730.871388855875,733.2938952702704,735.6515523379986,11.59853708816354,11.927471375249914,12.310327879187268,12.714161721296774,13.138466723498496,13.544648832952978,13.945227392981485,16.14638094307731,18.368395057081305,20.618427684338798,22.85375353405719,25.084332938091674,50.0,90.0,0.366977778440511,2.214355247456318
2021-07-04 07:00:00-07:00,798.5507833333334,77.95686333333333,0.2968318684447532,6.5,480.5874057017756,10.759556927839071,59.721636221421036,84.34417431508825,0.0,167.93038813582805,934.8084425327614,1.0,167.93038813582805,140.40709797244682,2.5739574740190982,26.358328611111112,1.048763825,891.2125224286798,891.7961130990873,892.306263187899,892.393320470521,893.0568857374171,893.6882889137665,893.7454640884628,893.9769943790909,896.7799660851796,902.8607730274824,905.8057455024757,908.6961207015742,81.21954694096536,74.56354222315235,68.10244046926587,60.816431300093626,55.51950022156422,49.25646826678269,45.321381350530984,43.8533081765521,43.230849141298634,44.109902176956524,44.80627226202795,46.06281518486721,50.0,90.0,0.366977778440511,2.214355247456318
2021-07-04 08:00:00-07:00,868.0608166666666,87.13911333333334,0.2779538778631431,7.5,665.6636300019252,2.8588212021287385,48.20586140609414,93.83581926791226,0.0,329.605631852528,1010.94519127447,1.0,329.605631852528,177.7118848045397,1.9200690552134605,26.181809666666663,1.7477692866666668,969.878615876276,969.1068492343142,968.9021130891842,968.3955728574675,968.8195563334651,969.0073844558704,968.5975279423799,968.5950259765159,971.0255371750953,976.6483407880393,979.2624002541892,982.2635986880051,95.1273138261322,84.59511900248418,75.56475370873447,66.70180260317916,61.47210998294182,56.18635703983106,52.86932899709103,51.96026943394779,52.76463489211994,55.34020146945318,57.76551777257739,61.16411008807872,48.142007516856616,90.0,0.3775995097065685,2.1898561876245406
2021-07-04 09:00:00-07:00,906.8603,97.17358,0.2712525472335793,8.5,822.8440369682369,9.273945661540985,36.850705797260055,105.5876266106871,0.0,474.1234044642873,1030.7445749657986,1.0,474.1234044642873,217.89557842294144,1.5635087986391678,27.432849166666664,1.86808557,1000.719545293103,1000.7986598533855,1001.2948280884821,1001.1032765870922,1001.0784844263083,1000.9613787889061,1000.9009743907635,1003.4212118344676,1005.1165849449619,1006.8555055709664,1008.8332136892128,1012.3497222045451,118.6019697251649,106.32180276084229,95.16080652842199,84.96525462892109,78.70142229272837,75.29327499727447,73.43066834558948,73.29821941467834,74.84083861241251,76.59919392008307,79.30048113353747,82.29122702699132,35.825949681055484,90.0,0.4573375241177367,2.0463440529738732
2021-07-04 10:00:00-07:00,733.6728366666666,205.6489,0.2502213786898643,9.5,863.2529667202077,13.954433779877592,26.32179033850354,122.94619087294961,0.0,537.321315143626,950.2061243503276,1.0,537.321315143626,223.6570060277545,1.3145220510238027,28.081509222222223,1.882045925,926.9267647600062,927.0466523028938,927.0366656682893,926.9434028247766,927.0794763346695,929.6493832267532,932.2423930049886,934.7442320525636,936.9933987808878,936.6887313620297,938.9754860043269,941.1168457938049,114.28685343034451,104.51471355901387,95.96781505410966,89.77236600743734,84.48730282798856,81.32611181250785,81.41492665739776,82.3113427381702,85.30735446272662,88.89900851343106,95.14846415016379,101.19201140825173,22.54561563419984,90.00000147877934,0.5582905743820336,1.9335682881356127
2021-07-04 11:00:00-07:00,698.56741,174.87101666666666,0.250228944429091,10.5,837.2892497507758,16.52363316124553,18.512859674826757,153.60270735296854,0.0,543.9587552835887,850.8572393271307,1.0,543.9587552835887,212.61172505378357,1.1117123144102705,28.61183711111111,1.8734463466666669,844.7298268003464,844.6275397135682,845.4162242657376,845.2417005205416,845.9585016400686,845.6943299527827,845.6919286602459,846.4785076341952,846.1363766644793,846.1387360601976,846.8746420563122,846.8773124874973,112.71763725501086,103.91221892787186,96.41261506233019,90.21696383572775,85.37243462241356,83.00653326325134,82.56463719577562,83.83989157602521,87.08510876762415,91.76835930785049,97.43824239074173,104.23382220522771,8.467416200365797,90.00000269986933,0.6763765303546189,1.8680430953040918
2021-07-04 12:00:00-07:00,531.6191022,290.95491666666663,0.2475671652262511,11.5,797.3010123733212,16.73766743529919,17.73787171049176,199.0427511921185,0.0,517.4858306117728,805.0998745094355,1.0,517.4858306117728,200.81682091425543,1.0782883252355036,29.329895944444445,2.133578045,797.6223565602817,797.6216999632115,798.1379590387521,798.0980753178594,798.0985625848978,798.5190775793234,798.5193704050474,798.5190679369134,798.5186490356933,798.847667280967,798.8472590544654,798.8192741902714,105.6530323403732,98.07881331081046,91.30429867832595,85.47023251416184,81.70001417636583,79.60053801418127,79.2206720271649,80.51105605935605,83.44193805692693,87.93741037779624,93.59369832182362,99.77843366111968,5.958096215092625,269.9999963777452,0.6980994585886899,1.8625447799253052
2021-07-04 13:00:00-07:00,190.3950864333333,175.65228333333334,0.2683487598605415,12.5,348.65465974304493,14.574891821950342,24.68063252733309,232.9396062261029,0.0,218.3231654479328,378.2608244406217,1.0,218.3231654479328,102.24202964380724,1.2770250234764575,28.005324833333336,1.777807915,372.9141472013596,371.4458715132803,369.9538924211878,369.9352099040427,368.3857626445206,366.6377467261722,364.75963247301485,364.76805227156945,362.94551930413223,362.8304411311495,362.42429809491955,362.330908500465,48.89027296743663,45.39831921484803,43.75552018628374,41.162634081555794,40.15039093483344,38.540192904313415,38.95073934438891,39.23785174194206,40.96977215096709,43.49235566379532,46.193687470005315,50.548986193500696,20.138621192016675,270.0,0.5778536855633555,1.9182804680231738
2021-07-04 14:00:00-07:00,745.4838535,199.7124,0.2574286728238895,13.5,810.859796584857,10.244775644555162,34.93525777441443,251.90581469149268,0.0,476.3972028857766,990.9199749209063,1.0,476.3972028857766,216.331530535711,1.5147078149977486,29.861141944444444,3.01637813,953.2126396682787,953.7246403567342,953.5648671412491,954.4015068474721,954.3767424406025,954.2568523655208,954.4701929327101,958.419761990974,961.8592085435968,968.5005343651978,971.9056014961423,974.857979371652,109.92302769105125,98.71369014753486,88.69732834469359,81.10889668231262,75.77800297692089,74.0841922918819,74.1498054384313,74.6107424794665,77.8476010768297,80.77301953777041,85.47218251138372,90.19496196377624,33.583401765340476,269.9999987925817,0.4734248830654741,2.024061337259831
2021-07-04 15:00:00-07:00,80.88494061666667,267.7467666666667,0.2715612061787339,14.5,323.71594095824867,4.108499940838331,46.21450899172867,264.3045564327794,0.0,199.9395646678766,348.29385450239766,1.0,199.9395646678766,102.66947197985796,1.8462259286627445,26.319452944444443,3.690445916666667,330.88456987096214,330.5285654048863,330.16503732188903,328.9295008043921,328.60437549187503,327.5018151092528,324.9253919198756,322.1909207851825,320.93875917328234,318.1741050694965,315.384737861935,312.52422686659634,57.75881182914014,57.20894169381029,56.704708469426706,56.27749791631407,55.83651316106692,55.820596210761536,55.340521386681964,54.6832694636005,54.431352253161336,55.97940340988722,56.689139572763516,57.93618026550444,46.07285057301071,270.0,0.389888767750448,2.1633996758208083
2021-07-04 16:00:00-07:00,688.4267904166667,168.374635,0.3003656372172727,15.5,535.8829195565227,8.3958887171018,57.734867780126294,274.0513686121968,0.0,219.7263161814727,943.3091372782104,1.0,219.7263161814727,169.22181546807113,2.4329839708666334,26.635989,1.905441425,912.4228873553584,908.6243929033692,904.7469330716035,896.6863747829989,892.8644425758818,891.9090872067916,891.6593580723672,890.2547040339823,888.8160732166706,888.4078656738495,887.1826073179318,885.8276447365182,65.16044306933854,62.62546086260507,60.6261174980913,58.38851953838814,57.706424006631806,57.896972738584445,61.342891082542636,66.96472149921529,71.74558191666131,78.95478981405483,85.46800907765324,92.42928134270421,50.0,270.0,0.366977778440511,2.214355247456318
2021-07-04 17:00:00-07:00,454.1998696666667,86.90530666666668,0.3091483322938684,16.5,248.69222195954484,22.04113684600167,69.13286802646246,282.8210660830289,0.0,52.65208618116734,584.5338890619817,1.0,52.65208618116734,86.14667751041748,2.857142857142857,26.013050444444445,2.094080093333333,567.924889951969,565.3483927963965,562.8107333617664,557.4628665581874,554.7118417295161,554.057281905199,553.7552563970423,553.0714104693764,552.4225745468685,552.0678821886399,551.3714690683153,550.6446036422324,31.346536606791904,29.26169141607031,27.21659949044632,25.04180765755728,22.932593448123384,20.727281756060066,20.326503956728732,19.761430606921376,19.04050433874333,18.12669459937931,17.106179811765827,16.037648496230567,50.0,270.0,0.366977778440511,2.214355247456318
2021-07-04 18:00:00-07:00,422.0367435,41.64838333333333,0.2434061976774864,17.5,113.88106535805345,60.72463651941482,80.14516013057688,291.50204818274034,0.0,17.974607449905026,277.94998990523504,1.0,17.974607449905026,31.05919279167287,2.857142857142857,24.77649483333333,1.5118578566666665,261.87011312104835,261.33003001185836,260.7649979728759,260.76461641920446,260.15847967411054,259.5302701267721,258.8608515478461,258.1677278451806,258.07147290545,257.979710231578,257.8736862501697,257.7755830099443,6.618409792971971,6.0484597479355955,5.9841514054631215,5.453363923277196,5.396433849412726,4.90467201529117,4.867864632377406,4.436909011409872,4.433112733285684,4.143030160573776,4.111313594507049,4.180993431985316,21.05161050833978,270.0,0.570395625818074,1.923885617632295
2021-07-04 19:00:00-07:00,0.39483375,6.950995366666667,0.1823372892551523,18.5,6.963684657628264,84.73146465260174,88.15829312399538,298.4825090376237,0.0,4.453391137765211,6.979200082313658,1.0,4.453391137765211,0.008050383262906673,2.857142857142857,22.52003394444444,0.971222025,6.585071619550076,6.585071619550076,6.585071619550076,6.585071619550076,6.585071619550076,6.58352649931865,6.58352649931865,6.58352649931865,6.583641147897968,6.583641147897968,6.581437895406023,6.581437895406023,0.7226523809502982,0.7075021659798663,0.693103394638297,0.6819474399031062,0.6726076995808965,0.6672953067157305,0.6654263027259655,0.6675803381314614,0.67328678461163,0.6825138995880758,0.69493810410172,0.7101201036887735,3.900513743516677,270.0,0.71598788179278,1.8594591882075417
2021-07-05 04:00:00-07:00,37.962220783333336,4.2512276,0.2077181314428646,3.5,4.824468748672718,87.52727876053956,89.1347833161185,60.65500474088776,0.0,2.7199257855913253,5.887958294080681,1.0,2.7199257855913253,0.0011011567556591991,2.857142857142857,17.187837555555557,1.2029848383333333,4.390095742985123,4.390095742985123,4.390095742985123,4.3904188208973265,4.3904188208973265,4.3904188208973265,4.3904188208973265,4.3904188208973265,4.390402227627308,4.390402227627308,4.390402227627308,4.390402227627308,0.4956573190602709,0.4849515319553725,0.4759914149246359,0.46912653143735866,0.46473097389816814,0.46273919691831683,0.4633113976097242,0.466388725411676,0.47181581405609985,0.4799533629911702,0.4893530002674563,0.5000960240463691,1.8443355087775415,90.0,0.7339079158115476,1.8576609016749823
2021-07-05 05:00:00-07:00,435.15095,33.935433333333336,0.2385666845104866,4.5,93.99180691186027,66.77629784037367,82.06713182686703,66.951745315935,0.0,14.826409693702184,228.5713408093137,1.0,14.826409693702184,24.642218796674527,2.857142857142857,19.54446338888889,2.515331433333333,203.75358716899095,203.82417715985855,203.89049796724092,204.35768082137778,204.39442432573247,204.79849575389818,205.21740206401995,205.61015957664057,205.60548108584518,205.97086835511067,205.89948945584084,206.30922571470305,3.443288759325194,3.3894189067804765,3.348303476987981,3.4640136549605556,3.558321808661851,3.571835866613065,3.735659395664943,3.895221568698319,3.9410239982317297,4.277483093205526,4.331313521776423,4.522534853856619,16.71641445747931,90.00000147877934,0.606182544448573,1.8994027264629043
2021-07-05 06:00:00-07:00,695.7054,56.25777166666667,0.2934236243149637,5.5,281.00058965038806,24.474949032376628,71.1529420968123,75.69511858742027,0.0,25.187587096398705,752.714187054362,1.0,25.187587096398705,85.89832099312522,2.857142857142857,22.19725055555556,1.3614938583333334,720.9782784436113,721.4461007146157,721.911316811053,722.1221704747994,722.5736784965377,723.0129190132739,723.207725551921,723.6437822692233,725.9887726395573,730.6254907827948,732.8763787300554,735.0679961634188,7.838066844992478,8.026167342979504,8.260400426148214,8.507248132282022,8.773838204383122,9.037211522056431,9.297184927934035,11.309123814812908,13.347921774106778,15.422726092165764,17.499756297007373,19.589645349114285,50.0,90.0,0.366977778440511,2.214355247456318
2021-07-05 07:00:00-07:00,817.4196166666667,69.09649166666667,0.2981163252140859,6.5,480.18004772105746,10.815843002252805,59.80768935511518,84.40923696444452,0.0,169.2906757008998,930.0301122316821,1.0,169.2906757008998,140.00411313018694,2.5808525740151693,24.38051455555556,1.0317092333333333,887.3333666351407,887.9744330034945,888.5416221694293,888.6544491121438,889.3727725810113,890.057439047982,890.1390590230435,890.4254354736174,892.9847661715884,898.5891956454602,901.2987172897468,903.9571898934646,81.74167712572033,75.13783779557801,68.73421250453788,61.51071605761855,56.27172958197738,50.07074568582818,46.18576012656324,44.539393569810976,43.7294466068734,44.411305821315636,44.90373053302297,45.94861998762701,50.0,90.0,0.366977778440511,2.214355247456318
2021-07-05 08:00:00-07:00,884.4948,77.93011333333334,0.2810271412698245,7.5,666.4172503951445,2.9194266435042873,48.291813929011774,93.91194257835173,0.0,328.8590621805845,1016.8714679511452,1.0,328.8590621805845,177.83390838708752,1.9232030537141565,25.83507955555556,1.3292461533333333,977.1060895359991,976.2310009290347,975.9350158291256,975.3645087301144,975.7194644671567,975.8138327680649,975.3578014060442,975.2708262976835,977.525916940724,982.8015301759528,985.2461671072087,988.0838402298284,95.86033067719835,85.11905495331192,75.86743018070241,66.7889060824948,61.41009567061184,55.96113927641487,52.53501285441822,51.40303082124782,52.03397468723808,54.453028932795974,56.71445692662172,59.91285561728247,48.22542062118372,90.0,0.37711417543996373,2.190941200458691
2021-07-05 09:00:00-07:00,921.8170166666666,84.79176833333332,0.2835875414049498,8.5,821.5726651118541,9.34471843253588,36.93952937170664,105.67532090354179,0.0,472.72340276368885,1032.6618492530365,1.0,472.72340276368885,225.4485554286051,1.565230856127998,26.484428,1.8139191383333333,1003.409841472214,1003.3709403816042,1003.8376413319943,1003.5222113614509,1003.4504078221051,1003.2222015539453,1003.121790758975,1005.5069166437471,1007.0231251822012,1008.4801806462559,1010.4088876628476,1013.6585949393451,123.52198988193277,110.56883078058323,97.37857831392873,88.06850396019315,81.42133588723306,76.36926517574223,75.67493691213816,75.30092151314312,76.70008568751413,78.31830623340602,80.99070625135381,83.9052098445975,35.902136841131586,90.0,0.45679871661961635,2.047123085966632
2021-07-05 10:00:00-07:00,936.42085,94.58536166666666,0.2460767970859614,9.5,933.2180873588278,14.035852749755042,26.417944395514343,123.0323402258161,0.0,580.2956434599837,1020.4369944353517,1.0,580.2956434599837,228.51647116461987,1.3155709780876816,27.871233888888888,1.9315910483333332,1005.4394164172071,1005.5041980479858,1005.4423081952165,1005.5826731575476,1005.3768229347785,1006.7274037637332,1007.60511727678,1008.742402686988,1009.6728156290901,1009.5712641421887,1010.3917671371075,1011.3476014264462,121.30151781196462,109.94477093227157,100.6218602797072,93.11202159969024,87.23389544573817,83.79345623957283,83.29196759319183,83.74003006128738,86.40782149677054,89.67033405317054,95.17422442625296,100.82195948973593,22.61145109557052,90.0,0.5577600864248491,1.934009463469725
2021-07-05 11:00:00-07:00,941.9193833333334,107.45083333333334,0.2386428700526842,10.5,1000.0853429894726,16.614810026131018,18.616570665788547,153.59796758843413,0.0,649.785410560732,1013.7528941318071,1.0,649.785410560732,239.5673197953875,1.1124041591308387,29.068284222222225,2.27740056,1008.7809438922664,1008.7564633856937,1009.143625666432,1009.0871741114364,1009.4773755928212,1009.2820775281134,1009.2793028500423,1009.6637192468346,1009.5124038857664,1009.5157495207641,1009.9080484305103,1009.8454381491011,128.08191267461447,118.073482646409,109.22867713149334,102.10951050013868,96.54192795123242,93.80049764335203,93.28667939763915,94.8843093779253,98.29923454216096,103.66374179329581,110.13685593801542,117.92713450276547,8.51900603275588,90.00000120741828,0.6759312613967443,1.8681760792140483
2021-07-05 12:00:00-07:00,900.87555,170.96901666666665,0.2413908290094204,11.5,1028.6250697084038,16.836311307691982,17.819554131716004,198.83215881929328,0.0,668.2475171174533,1037.221135971718,1.0,668.2475171174533,250.52720965950377,1.0778345641021532,30.238689722222222,1.9109931066666663,1033.6083837597641,1033.6436120446544,1033.6441610580216,1033.4084559456296,1033.4090097870387,1033.4093661563252,1033.4089741389932,1033.10706670317,1033.1064571475756,1033.1566487652606,1032.7867969856013,1032.7876613968801,123.71538518345287,115.51392294173326,108.02453200355602,102.2314357879428,98.38722108195702,96.72914611455273,97.2927707979908,100.14742277478005,105.22151962142348,113.03765158837265,122.09263152593476,132.29522824531523,5.923829272872746,270.0,0.6983968879696567,1.8624828773934277
2021-07-05 13:00:00-07:00,625.0962866666666,345.34323333333333,0.2505065217574357,12.5,913.128788239371,14.67790355171522,24.726206589072675,232.71541657400368,0.0,571.054306083438,978.1475494261684,1.0,571.054306083438,237.50222090945343,1.2767787662431613,31.101961222222226,1.658345965,966.0670822703864,964.1695384337947,962.3203080946074,962.2741439049838,960.3960310669679,958.1393466680333,955.6687663920535,955.6187160530917,953.4644188390929,953.2138950068004,952.2948258889361,952.1030670799389,110.79988414283379,103.763522402562,99.69412977168203,94.79532337700898,92.30795435001467,89.7582816707886,90.81801799056153,92.64478544761573,97.23654539364537,103.55888388517862,111.5119473942625,122.37645314572913,20.122475595428938,270.0,0.577985975206096,1.9181834857657947
2021-07-05 14:00:00-07:00,3.8214728,137.15372,0.2723687508697246,13.5,140.28551110293665,10.349198932936215,34.96276379701926,251.72996407061652,0.0,93.41477590977567,128.78298595678504,1.0,93.41477590977567,41.30119521493984,1.5147157868553212,28.715724166666668,2.5087721833333334,121.08749135690555,121.33580692340483,121.50712443197673,122.65291272701275,122.91595962888896,123.08216335795719,121.75245647641486,121.12764505226144,120.46586565966973,118.9226981083383,118.2255730007015,116.68932265494709,24.438684089321793,24.489217069577755,24.45585893285351,24.86275694363051,24.753502270382032,24.039061740493004,24.056283407131225,24.532653589602273,24.026852645477902,23.663321436820066,23.894309530425854,23.906315435194927,33.58378179610018,270.0,0.4734221202449973,2.0240650062063983
2021-07-05 15:00:00-07:00,0.3786070666666666,66.61393833333334,0.2694361128375659,14.5,66.87581822938972,4.212214266777295,46.235717628827445,264.1626223411243,0.0,45.6316966749491,56.076414035165584,1.0,45.6316966749491,21.994840367437106,1.8467034467598713,26.61996127777778,4.184494183333333,52.12378763821853,52.338913276479005,52.55720542871379,52.880623607350074,53.110624607044926,52.73537599269577,51.89627535782078,51.031223360956595,50.61646001646916,49.72724936339407,48.81339123393091,47.88047421901991,14.389373167987676,14.567406964878714,14.72948483082756,14.876488384620892,14.973822913967563,15.100718920754106,14.72621761829255,14.304639180876334,13.93321270048805,13.940502194363988,13.664657365077101,13.477988450199442,46.08690208719608,270.0,0.3898037099925179,2.1635763277749938
2021-07-05 16:00:00-07:00,0.4522328166666666,63.00264,0.2672511279022031,15.5,63.24391879588523,8.377878067944028,57.755872164545096,273.92985062793525,0.0,43.36908723229846,51.56806432719097,1.0,43.36908723229846,21.487742383546042,2.4347037766085866,24.208437555555555,6.331366366666667,47.64596684346474,47.89323133112901,48.14382657777799,48.59186908094543,48.85029022374601,48.01403415603452,47.63698883706138,46.786715868862025,45.91242055952925,45.5129506669042,44.61750866616919,43.7088009202158,14.494818473965175,14.717351750832917,14.925602126959339,15.080452619390943,15.262820156574344,15.43448521951203,15.040218710796331,14.66499346699259,14.274734965696963,13.972353550136168,13.677162489760077,13.465071207413654,50.0,270.0,0.366977778440511,2.214355247456318
2021-07-05 17:00:00-07:00,0.5930364833333334,78.20417333333333,0.2785304381805639,16.5,78.41517660033007,22.016920067149602,69.1574258893652,282.7116846113699,0.0,53.25419460345651,65.68800052639008,1.0,53.25419460345651,27.286792491502112,2.857142857142857,23.06205705555556,2.9986972183333336,60.72880810241967,61.03450594248726,61.34468580736293,61.896089022734024,62.2152105739184,61.19139472074473,60.732332835895235,59.69239012852873,58.62297027452183,58.13638479422881,57.04098583955281,55.929429898076386,18.19864243569049,18.476173513834272,18.735297746163983,18.9243219375821,19.149244163348428,19.359469852406676,18.871043698891647,18.405747076531398,17.919295730275216,17.543496416576126,17.175089916008485,16.911850136456113,50.0,270.0,0.366977778440511,2.214355247456318
2021-07-05 18:00:00-07:00,172.37128656666667,66.82340500000001,0.2835835024403711,17.5,96.23335856369039,60.82457842446053,80.17614281248625,291.39984567867646,0.0,34.81439740273882,176.84441871994616,1.0,34.81439740273882,29.267472727360044,2.857142857142857,23.450703111111117,1.963369606,166.69974826072115,166.40359831443993,166.08901910556483,166.1055291644339,165.77132380123908,165.44153211698222,165.07335525620587,164.70585279021319,164.51975850247516,164.34496422861244,164.1395432492366,163.95311380950227,10.450690176437492,10.033793108070425,9.892046928679141,9.507710671322378,9.381540534543374,9.029667204757382,8.94901104719382,8.678739214658295,8.672160761979768,8.494460641244284,8.59286368183558,8.752208892897634,20.958902795180848,270.0,0.5711508912949008,1.9233056201140661
2021-07-05 19:00:00-07:00,0.1838074666666666,15.109327216666664,0.2959035364100831,18.5,15.11511371821666,84.83946320984921,88.19595519606395,298.3838710046003,0.0,9.679631302321887,15.109103693088134,1.0,9.679631302321887,0.0167563424080741,2.857142857142857,22.871776833333332,2.1504738333333333,14.280172864011266,14.284962057657024,14.284962057657024,14.28455765750163,14.28455765750163,14.28455765750163,14.28455765750163,14.28791627392046,14.28791627392046,14.28791627392046,14.28791627392046,14.28791627392046,2.503708909867282,2.4501771780196266,2.4063475661391625,2.373774061109834,2.353603343548873,2.345772329920224,2.3523380048332334,2.3710768891735223,2.4009033448938126,2.4422424403456344,2.4894248480238694,2.5463324693310634,3.816809939993952,269.99999669334886,0.7167166793405754,1.8593608758145073
2021-07-06 04:00:00-07:00,17.658399183333334,3.759056283333333,0.2996884147427677,3.5,3.995706788600894,87.80559482713697,89.23212285908194,60.701290301110824,0.0,2.404788496304076,4.43443443215329,1.0,2.404788496304076,0.0007660608223647951,2.857142857142857,17.544374666666666,0.7164963486666667,3.691894841493555,3.691894841493555,3.691894841493555,3.6918736750760073,3.6918736750760073,3.6918736750760073,3.6918736750760073,3.6918736750760073,3.6918736750760073,3.6918736750760073,3.6918736750760073,3.6918736750760073,0.632275207383507,0.6186344041633878,0.6072045860964829,0.5984359804034041,0.5926660526273201,0.5901045074123069,0.5908175445756206,0.5947352611504724,0.6016604821673461,0.6113670585616754,0.6232334972651443,0.6368661856699449,1.6359156023524593,90.00002041929575,0.7357258828434579,1.857550441046374
2021-07-06 05:00:00-07:00,82.3106137,39.66769833333333,0.2865644426963138,4.5,50.893220855632826,67.06683038218054,82.1615731071501,67.00451853822642,0.0,21.14739750548546,85.50670645689067,1.0,21.14739750548546,15.60452857250889,2.857142857142857,18.0275725,0.8664355531666666,77.03242126976889,77.03295097515408,77.11738580071562,77.33028540022866,77.53170869332232,77.58811979224066,77.71013199269078,77.88720366854082,77.92117046985699,78.04363220050298,78.07285910851093,78.18795353842545,5.325993350135935,5.28273165106956,5.210735687731849,5.224120010350679,5.2745222772625935,5.296482314162851,5.386096611495562,5.521809445763724,5.59834238413705,5.7305147067776865,5.904664582351373,6.038765210051139,16.49244953952701,90.00000190909591,0.6080555057027526,1.898285702945844
2021-07-06 06:00:00-07:00,131.1913959,125.19320666666664,0.2802184733476192,5.5,167.376631346965,24.529177767505537,71.24385078298751,75.75706228369705,0.0,70.14540670775877,279.34454465453825,1.0,70.14540670775877,57.064991497856205,2.857142857142857,18.520294,1.7151714416666666,256.8998770243356,258.35066361117686,259.7830645362226,260.4185067406461,261.81428633539747,263.17197591351896,263.77138826053545,265.1091081805916,265.7993628813738,267.2520879154371,267.9103267971867,268.551568458602,22.25237699099976,22.60849333582391,23.1075629499117,23.61666197672162,24.26527946116481,24.888935768423213,25.540321137663973,26.20082188808528,26.858105919953747,27.576594350554505,28.217602588683565,28.85042045805539,50.0,90.0,0.366977778440511,2.214355247456318
2021-07-06 07:00:00-07:00,692.859355,97.37682333333332,0.296973961275185,6.5,444.8907208394124,10.872832766401004,59.89641633303435,84.48128537825397,0.0,155.27992216597653,859.4709032212172,1.0,155.27992216597653,133.88424124954832,2.5880133543543304,20.682126166666663,1.5497866966666665,815.5882840632694,816.2686285359922,816.8900433735583,817.0461910745416,817.7967216157992,818.5089536959814,818.6453373599348,819.0002488256443,822.0191349678432,828.4662326395728,831.5869275031497,834.6518122460218,75.70742830652857,69.73796308225036,63.945118218280726,57.41044443304095,52.67812339752177,47.06669928683738,43.60667387913259,42.65395864642453,42.49196854374287,43.696102774269576,44.73313872824106,46.267215479366286,50.0,90.0,0.366977778440511,2.214355247456318
2021-07-06 08:00:00-07:00,868.4281166666666,85.37712499999999,0.2822755787429605,7.5,662.1710426635348,2.986291460685921,48.38043457734026,93.99609060286696,0.0,327.73775315481976,1009.7929951415434,1.0,327.73775315481976,178.8939985966169,1.9264385066488274,21.894952666666665,1.642631775,968.6290717513759,967.8214176537514,967.2335461414326,967.057038242105,967.4798428569172,967.2785454873284,967.2024269242821,967.1776438301954,969.5921227884922,974.953607754155,978.192056716388,980.722479275774,96.06089542486765,85.62781478527316,74.989168976445,67.31014374720733,62.01203174798143,56.6312605636459,52.32848881713738,52.289580994253825,53.07549307979104,54.89497582172479,58.01055415626425,61.369247330386834,48.31117630234445,90.0,0.3766160349545441,2.1920581568318855
2021-07-06 09:00:00-07:00,910.1428333333332,93.219515,0.2627349467965176,8.5,819.7921800322483,9.421981416216283,37.031340756960766,105.77263487712736,0.0,472.1805876628964,1028.7904461974356,1.0,472.1805876628964,210.38548437082378,1.5669932611655464,22.64083133333333,2.1515153216666665,999.4490371732098,1000.0816757618626,999.9882869297703,999.7864966705802,999.7696307158135,999.6461419914577,999.6062133630032,1002.0824768566248,1003.7384661286469,1005.3433968896012,1007.3441582947399,1010.8675594013265,114.52731426530914,101.2138766419257,90.51313245526714,81.98875944379306,75.9050224982024,71.28827430831313,70.86321633203468,70.72467015728913,72.23436005900727,73.94733451320562,77.0207639582562,79.48414573527397,35.9799061961895,90.0,0.45624925428211466,2.0479197744513504
2021-07-06 10:00:00-07:00,882.7224343333334,111.36133333333332,0.2476752247074876,9.5,901.2163385077786,14.123914108851835,26.517979145070697,123.13017753655828,0.0,560.7810466967364,985.2860166195394,1.0,560.7810466967364,222.9025811936725,1.3166309582198563,23.627354,2.16912092,969.4515780195574,969.554766322548,969.5381988713737,969.709097252525,969.5487250811514,970.9749711275583,971.9393624046937,973.1577751454215,974.1591831011266,974.0765993933813,974.9559917872353,975.9772462004985,118.05533657022775,107.15654808564409,98.20681779252725,91.03373039720572,85.42526043769561,82.12355703522061,81.75071393601972,82.18807732157303,84.85355010520576,88.02798054683159,93.42829503024214,98.89939942453361,22.67789576846415,90.0,0.5572249469240494,1.9344559570265405
2021-07-06 11:00:00-07:00,624.4228523333334,180.70423333333332,0.2454320424682515,10.5,772.0733742073724,16.71263127852584,18.725912717160693,153.60448635066462,0.0,501.6651800323208,786.4669916507418,1.0,501.6651800323208,193.7595102604538,1.1130888716608238,24.883534333333333,2.021035985,780.5409047360777,780.3757876075797,781.3844957964938,781.1276735544939,782.1382352344305,782.0681845627721,781.7040132602688,782.7102672449981,782.7078855885181,782.2538103805927,783.2664003563522,783.216545930058,102.01272519541831,94.18819677043521,87.13290941138352,80.98133517244807,77.01633286547015,74.86972360875518,74.33601989055063,75.94153394485897,78.66095968832887,82.93142270189185,88.12139948904755,94.32648258720486,8.570047389968138,90.00000269986933,0.6754907853926224,1.8683084383677182
2021-07-06 12:00:00-07:00,557.9509118333333,228.10118333333327,0.2490393347476,11.5,759.0198393476007,16.94140432755528,17.908120106353195,198.62170210317484,0.0,492.97214261731324,766.9330101157534,1.0,492.97214261731324,192.4246452383512,1.0774042500206447,25.3041425,2.237651288666666,763.1454947156534,763.1723408812077,763.1727504695809,762.8552220177789,762.8556346868927,762.8558662297288,762.8555743261742,762.4496944910682,762.4492647989401,762.4494069947718,761.7319458405792,761.9899021063301,94.74391714044845,88.25660905849604,82.72108971978324,78.49612744660227,75.60776062574828,74.35297094413323,74.7663116763438,76.89878031892398,80.69501847254676,86.54811950843053,93.33267557741121,100.90468915559804,5.891327566305217,270.0,0.6986790125584359,1.8624244924827433
2021-07-06 13:00:00-07:00,512.3189456666667,308.1509666666667,0.2604393178951318,12.5,773.3055277128653,14.786984536073751,24.777871500955396,232.48392384409104,0.0,483.7058572850944,830.2681129813552,1.0,483.7058572850944,210.64629162088713,1.2765763127665648,25.776971,2.5080465050000003,819.6537415687603,817.7682453001811,815.9110624816292,815.8705865272361,813.9754651346216,811.7324371578231,809.2874595574123,809.2637788251793,807.0640061783124,806.8497903961241,806.0547251300576,805.8928488033998,98.63559972794882,92.24885440738099,88.67790982449922,84.18150936514542,81.98999436583584,79.57263802153085,80.49656765430123,81.96064384103535,85.96069744611955,91.5079119741029,98.336105094942,107.87301083002498,20.10919871058461,270.0,0.5780947701702139,1.918103790954089
2021-07-06 14:00:00-07:00,196.57770225,368.7763000000001,0.2675629040520537,13.5,529.8120953836358,10.45919417261849,34.995543872654856,251.54667507751407,0.0,328.74584616804924,584.0501359693644,1.0,328.74584616804924,153.55306106282836,1.5148023634507302,26.322202333333333,2.4563447333333333,565.6915273708107,564.3109216982373,562.6138236159948,560.4652104424368,558.8619962743671,556.8892729822783,554.7004744077713,553.7574938927917,552.7186261764259,549.949161081222,548.9072519410256,546.2743741855406,76.88303602695282,74.53312738398792,72.08164090994325,71.10217292952991,69.12748612215385,67.78055037330087,67.28826676488167,68.23566522321224,69.53267335590489,71.94087860777353,76.24094426911118,80.65985318586239,33.5879063180413,270.0,0.4733921357873079,2.024104828105304
2021-07-06 15:00:00-07:00,142.68370986666667,300.5882166666667,0.276271255689246,14.5,399.23458696709906,4.320975924141774,46.26182710443953,264.01425750043063,0.0,235.92286872001378,471.48067736225045,1.0,235.92286872001378,128.42989673430702,1.84733056230888,25.675443055555554,2.2043327833333333,427.3043350326397,429.5218321321952,432.1220819006283,434.74021868986813,435.89575396698615,438.52256990361127,439.51104254677136,441.9276948195144,443.48277630408256,447.267399173989,448.84200785107817,450.38859979112084,68.47330439977976,65.77840453984895,63.81133653026602,61.08197194332951,60.579310005547256,60.257492910666905,60.55460581943443,61.22381429065045,62.581640768864816,64.04565193766376,65.69147750506183,68.67650515595446,46.10534174377719,269.99999914622634,0.3896921224469239,2.1638082095932125
2021-07-06 16:00:00-07:00,69.42294741666666,197.8763833333333,0.2815021582744689,15.5,234.88898878959932,8.36388667251575,57.7816973615183,273.80278813800356,0.0,138.09513252576417,271.61421902551183,1.0,138.09513252576417,79.3497918770609,2.4367637849219066,25.7307785,2.160525895,257.2384019578561,257.07090529618006,256.89669633844903,256.35917951364456,256.20258531116525,254.05446602926213,253.11824791500806,250.8728415760853,248.56406094055387,247.55090506913217,245.22287554239864,242.84431045848544,46.26569776056961,46.23515023588961,46.25056612863348,46.097274505535694,46.247388862342255,46.50171256481632,46.050448286671475,45.96648390206339,45.71815573196969,46.04752049549352,46.28981862913229,46.8062502042223,50.0,270.0,0.366977778440511,2.214355247456318
2021-07-06 17:00:00-07:00,5.126253533333334,97.92976833333334,0.278580855560507,16.5,99.75123153405556,21.995456587940563,69.18690886568993,282.59743710760006,0.0,65.4363351527798,90.786445392889,1.0,65.4363351527798,34.33221730701388,2.857142857142857,25.284709,1.8435981883333332,84.52103597204689,84.88102410783806,85.24767940507559,85.89431280045125,86.2695290647221,85.01849086314715,84.45732192305768,83.18621533198183,81.88006141826848,81.28463269507914,79.94617480690374,78.5876112559479,22.412322949070163,22.745297211265864,23.056110308698443,23.27924977912361,23.546312017770433,23.793252990495795,23.19493648941508,22.621627439382788,22.019990720899518,21.54869632200021,21.084476679815367,20.74659098792695,50.0,270.0,0.366977778440511,2.214355247456318
2021-07-06 18:00:00-07:00,0.3414485333333333,18.673400666666662,0.2598419931031992,17.5,18.731446321922586,60.941043895740904,80.21228233022346,291.2933236905318,5.440092820663264e-16,12.269430759043635,17.823226581697988,1.0,12.269430759043635,4.755568534131047,2.857142857142857,24.81473738888889,1.813537015,16.88977748958178,16.920743783541514,17.024163982875567,16.958629747909864,16.992592944342547,17.035369401162725,17.073218622585518,17.175843350962754,17.119546651487912,17.05304636766821,16.918487714246716,16.851995700169475,2.792808557808303,2.777104348050427,2.7173636289432026,2.720597772284865,2.6615316358973646,2.6669500971587996,2.640477389614697,2.6493786372275405,2.6468299924745144,2.63928215464966,2.7098200340411833,2.761030666647267,20.853253079605196,270.0,0.5720121626243472,1.9226476356540831
2021-07-06 19:00:00-07:00,3.0691170666666663,4.420047516666667,0.2817401003320329,18.5,4.5234335505215535,84.47699036086304,88.06957371344917,298.1244750868841,0.0,2.8322748324270104,4.7098474375320105,1.0,2.8322748324270104,0.005588741155663062,2.857142857142857,24.00637438888889,1.8775078,4.303249925319807,4.303249925319807,4.303249925319807,4.3046509449136785,4.3046509142513125,4.304650929547762,4.304538280593344,4.304538280593344,4.304538280593344,4.305520802445483,4.305520802445483,4.305520802445483,0.6974981382089905,0.6825680609711412,0.6703628000581142,0.6606168018091119,0.6553000433522221,0.6535825374042205,0.6559989826677819,0.6612190631593368,0.66951024330999,0.6812313736614106,0.6944795856720622,0.7093324191259827,4.075568864313008,269.999993784434,0.7144639373261142,1.8596716781113272
2021-07-07 04:00:00-07:00,28.80553666666667,3.76609335,0.2102811899505054,3.5,4.101421700886337,88.09397322693457,89.33299860210063,60.75322383609068,7.227551890309716e-15,2.4090515434225073,4.723595958578409,1.0,2.4090515434225073,0.0005783919753147078,2.857142857142857,15.994934555555554,1.1076113033333332,3.733107885255559,3.733107885255574,3.733107885255574,3.733107885255574,3.733107885255574,3.733107885255574,3.733107885255574,3.733107885255574,3.733107885255574,3.733107885255574,3.733218494544306,3.733218494544306,0.4452551893369906,0.4355724921832812,0.42684828719940915,0.4206761403184227,0.4166064723034029,0.4147912480218035,0.41527959310306084,0.41802856392175675,0.42289902839540805,0.4296676682007431,0.43803782022169674,0.4476606914755162,1.420138941443948,90.0,0.7376082187256859,1.8574500168026864
2021-07-07 05:00:00-07:00,420.4848,33.60467,0.2389674721405862,4.5,90.24049470857614,67.36659505352331,82.25920554876863,67.06317572307331,0.0,14.759301934270288,217.90345580192616,1.0,14.759301934270288,23.704174647690046,2.857142857142857,17.17050188888889,1.5470733766666669,193.18477734015195,193.2516795415264,193.308345172402,193.74779438203703,194.1457221920462,194.15563359033786,194.54181486678112,194.94007693592408,194.89752870884018,195.30039745948523,195.22653553329852,195.53363687839575,3.3722014061017407,3.3094739575504506,3.3354005140121767,3.454492480091052,3.4492062293391443,3.5582619413939196,3.718287515368366,3.75676256442579,4.055717803135269,4.109366039354308,4.307163643470031,4.496408546186998,16.2613918593436,90.0,0.6099900545768262,1.8971486588633053
2021-07-07 06:00:00-07:00,701.60565,56.408095,0.2937170696930271,5.5,280.9161614320229,24.583502181421473,71.33757001569158,75.82532605526802,0.0,25.383628426720826,757.9256636430823,1.0,25.383628426720826,85.97458018723887,2.857142857142857,21.180042166666667,1.209742443,726.1526243233365,726.6245531209744,727.0997440884552,727.3090780614347,727.7618880945563,728.2049685203172,728.4014310648562,728.8412808075279,731.1839299382234,735.8163846319442,738.0650093366731,740.2544081425883,7.880218711783706,8.061591969204837,8.306323161995225,8.553478022498354,8.821161831195923,9.087645168170347,9.349856320881319,11.36623038761208,13.405624425839617,15.485360668070115,17.55859285385282,19.65671560821247,50.0,90.0,0.366977778440511,2.214355247456318
2021-07-07 07:00:00-07:00,824.80365,69.41071000000001,0.3009288304858334,6.5,481.9653685191939,10.930596214725592,59.98774010162456,84.5603090016831,0.0,165.5704296271261,937.9135160400026,1.0,165.5704296271261,141.63932085598418,2.595436794497357,21.61044383333333,1.486278496666667,894.7825166161787,895.4191469680078,895.9918041716028,896.1124234530672,896.8319708066093,897.5120605476327,897.6136427432757,897.8968769470778,900.4654641573306,906.0830597077463,908.7980953624783,911.4623783176312,82.60401680658978,75.91558775469521,69.41260800370095,62.08113151164899,56.7481316520209,50.43659505351361,46.52256933777751,44.78487832152257,43.917225330486026,44.55613848638578,45.00288640922638,45.992879118162364,50.0,90.0,0.366977778440511,2.214355247456318
2021-07-07 08:00:00-07:00,882.0307833333334,80.75442666666666,0.2837661658302831,7.5,665.5324736496322,3.05942232831521,48.47165243528839,94.08823574087569,0.0,322.5989890762776,1018.3122574400234,1.0,322.5989890762776,179.60370484768006,1.9297733200422296,23.22374316666667,1.444698385,977.2189851252565,977.0815820226914,975.8080178014544,975.6079882922543,976.0040196102138,975.8181979108344,975.7124524836854,975.3414460744635,978.0090661356711,983.2274626853865,986.3682965551477,988.8297617044148,96.5413788147487,85.89853190877396,75.030076983881,67.17155777183098,60.55979903576581,56.120185487513254,51.65734279776182,51.414303159264186,52.13999824231941,53.80211099393093,57.19739580692941,59.977639706441536,48.39918752153231,90.0,0.376105662166047,2.1932060404631075
2021-07-07 09:00:00-07:00,940.0698,83.503295,0.2641667020670767,8.5,833.0297081419683,9.505729612775328,37.12607589042428,105.87951430537288,0.0,479.197691922662,1047.8540251767372,1.0,479.197691922662,213.5330825695848,1.5687943919716356,25.93438411111111,1.3236954849999998,1019.9197346190908,1019.5836777200661,1019.7275661400803,1019.4436886330153,1019.3898235349603,1018.9431003635713,1019.6062641542848,1021.4851392843773,1022.9987413345575,1024.4744071337434,1026.3591520958294,1029.7075322164674,115.31536252101273,103.11133783713505,92.10645648683858,83.30879372892355,77.00401703293196,72.41085527861694,70.7692866994819,71.3657991907192,72.75745542210981,74.35491879762594,76.74107647990948,80.23198683495214,36.0591729279218,90.0,0.45568976948610945,2.0487333366277642
2021-07-07 10:00:00-07:00,962.9327166666668,90.235545,0.2494540305737071,9.5,951.0815415143663,14.218600708671495,26.621834568087422,123.23960752607955,0.0,591.297650083636,1041.3252738257693,1.0,591.297650083636,235.6166705899376,1.3177006905931892,27.65801433333333,1.7770204083333332,1026.2633348793747,1026.3115885041573,1026.2442242906718,1026.367065943627,1026.146652882261,1027.4712066471434,1028.3137957495999,1029.4397310101358,1030.3347945166367,1030.2269391635966,1031.023597961347,1031.9568762429642,125.29213754001232,113.48652439490732,103.81291645618657,96.00410397527405,89.92399252780753,86.34171587175753,85.80501983144006,86.23450647112227,88.93873487430459,92.35003711904177,97.98869608584049,103.7486690296633,22.744865940487163,90.0,0.556685837439734,1.9349072374585532
2021-07-07 11:00:00-07:00,944.0433833333334,116.00941,0.2420356984783473,10.5,1009.4704040435623,16.81706626681647,18.840820163722753,153.62225318300378,0.0,655.8667178239814,1023.5285264026049,1.0,655.8667178239814,245.23531350659132,1.1137653204784044,29.066183444444444,2.1274136,1018.2411163105544,1018.2208903174009,1018.6114978259366,1018.5588382450305,1018.9510837396974,1018.8608370411181,1018.7535860561394,1019.1406962348813,1019.1376390050624,1018.995873790095,1019.3911740758808,1019.3265077787662,131.12901645986858,120.90604811907637,111.87182020056771,103.99915055052384,98.93169157872082,96.15495069617428,95.48163550957429,97.28011560030482,100.77176367996807,106.24350278909621,112.84863523523066,120.79617537315129,8.620457603533081,90.00000330665111,0.6750558140598166,1.868439931095274
2021-07-07 12:00:00-07:00,912.6399166666666,141.00906666666666,0.2412652894394748,11.5,1008.9637102449295,17.052901942480336,18.003554209753275,198.41189303697703,0.0,655.3297222566332,1015.6508823578408,1.0,655.3297222566332,244.18630793245973,1.0769984156030061,29.896034888888888,2.37520501,1011.4565460091003,1011.4565760976022,1011.4916773939783,1011.3683290440528,1011.3688584502122,1011.3691146135099,1011.3687394384491,1011.119271655652,1011.2095790237859,1011.2097619571774,1011.0108630692434,1011.066084335367,121.41953133863615,113.04656377061264,106.11570030127886,100.66103997148869,96.87160245381057,95.32454633968904,95.86199199411092,98.61951346606602,103.52273243734757,111.08067574643476,119.77629254900793,129.76025841901983,5.860670972396824,270.0,0.6989451361506491,1.862369715411891
2021-07-07 13:00:00-07:00,918.3892833333332,128.91976666666667,0.2462817927860792,12.5,962.3727918944459,14.902076810433481,24.835684678349057,232.24553387574926,0.0,598.8450735606299,1031.6852890614641,1.0,598.8450735606299,237.02015654705897,1.276418759737279,30.425522,2.3173844333333333,1017.3468230221888,1017.2397142029902,1017.6005202318718,1017.596056266192,1018.5727793177846,1018.4174035569297,1019.5933109999335,1020.6102169499367,1021.3038568174587,1021.3539321008672,1022.0976456916596,1022.9550687986946,125.13663054532967,113.00124426082043,103.20984715432661,96.04112973302419,90.49816864542557,87.66647329178093,86.32898035688136,88.00600448441136,90.6278845317594,94.87707919684489,99.29642485046674,105.88080589018236,20.098864119173548,269.99999914622634,0.5781794614471512,1.9180417922272455
2021-07-07 14:00:00-07:00,906.65655,109.33478333333332,0.2581588413735532,13.5,851.7186196200967,10.574693943600678,35.03367011241246,251.35617821572316,0.0,498.9988075716681,1035.718487017393,1.0,498.9988075716681,216.73837567333146,1.514968906734763,30.558412944444445,2.3078006416666668,1019.1760727823512,1017.6917256809083,1015.7818968139128,1012.2927312521044,1010.4379375501181,1008.0946035412135,1008.036746193755,1008.2486822002306,1008.3602084439142,1007.6614358572925,1007.9228672484013,1007.5729609203677,85.11807664095761,81.65129280722117,78.16382203951513,76.30376073957213,74.34604408619751,74.05454803083649,75.37543445132611,78.47435769882237,84.27251987186256,92.48448694155495,103.23099362613446,115.28933540506708,33.59583897373353,270.0,0.4733344709810692,2.0241814293380034
2021-07-07 15:00:00-07:00,842.7001166666666,110.89495,0.2800269711136035,14.5,693.1770681701132,4.434711434520686,46.29290586587375,263.85961479742264,0.0,348.5953551546304,1021.4034522394621,1.0,348.5953551546304,190.44667802192885,1.8481094114986343,30.93795188888889,1.8121077933333332,992.8477162874315,989.7081376056252,986.518677958677,979.3419687846235,976.3225955067468,976.3667662537208,976.8203518805967,976.4903587846186,976.68057660547,976.6222503477709,976.8748191034329,977.7840618141396,65.9578973346296,61.622648340827325,58.35451196184836,55.78339186609242,54.009702586963755,54.215777592327846,57.368237324690035,62.38311445943883,67.88693236606582,77.23159984167242,86.80806772946826,97.97763206554865,46.12822116831238,270.0,0.38955371953487894,2.1640960220765413
2021-07-07 16:00:00-07:00,779.6988666666667,95.68391,0.3097265173906803,15.5,511.0240960574662,8.354227247657029,57.81240377738821,273.6702983817977,0.0,195.35557367714443,944.941015257639,1.0,195.35557367714443,156.9882470214642,2.4391684062002223,30.752385222222223,1.463763685,916.0132262914984,912.7637781438459,909.4423334643992,902.5665966181256,899.344937542793,899.0271521539484,899.0755999682644,898.2822324331464,897.4731696958002,897.369283167162,896.8089415716177,896.1194178670581,52.46840387566751,50.555737905682975,49.21785112746971,47.65618310326916,47.73099943728857,48.74146073788281,52.81340394024328,59.22085978076338,64.7350111363865,72.79311298862487,80.09383312812979,87.80180212463989,50.0,270.0,0.366977778440511,2.214355247456318
2021-07-07 17:00:00-07:00,684.6962500000001,72.30446833333333,0.3421012592226329,16.5,315.20614973123975,21.976908439139898,69.2213677889599,282.47842277691154,0.0,49.26702194788169,785.1152295542291,1.0,49.26702194788169,108.58195303627951,2.857142857142857,30.50302027777777,0.9486672833333334,763.5058423951967,761.1680528543294,758.9154289535529,754.077137620934,751.5704729697076,751.0738442518466,750.8355858457779,750.3045308435736,749.8384527690014,749.5355307531116,749.0039531684022,748.440322331992,30.13190957174357,28.406094415951706,26.702698828566948,24.829088226616342,22.996706157502015,21.003282713294197,20.603364936676407,19.970243374045534,19.136692355720303,18.021288691505728,16.778046703049647,15.445758711579046,50.0,270.0,0.366977778440511,2.214355247456318
2021-07-07 18:00:00-07:00,457.9492833333333,42.98321833333333,0.2435959531449296,17.5,120.50819500150337,61.07411239464857,80.25361890281297,291.18257183533285,0.0,18.8207294341205,294.4451973591712,1.0,18.8207294341205,32.65173152349262,2.857142857142857,28.92252455555556,0.7292222916666666,272.7722696572583,272.9964917580522,273.09296694818613,273.1950594446304,273.2821264238671,273.95937557600297,274.56149652747683,275.2046642577726,275.8167661945732,275.7774391490438,276.38805187365523,276.93372553608293,4.369581491207032,4.296354196975814,4.5352308003194866,4.618989795218925,4.6234054357521845,4.922164971881692,5.102432599368596,5.430396935885156,5.659978329578868,5.996269690231088,6.2654454444504095,6.60620085549881,20.734701513336475,269.9999985212207,0.5729793320555778,1.9219130819100312
2021-07-07 19:00:00-07:00,32.33166838333333,7.793999066666667,0.2121350036686347,18.5,8.855869725492571,84.61559713041062,88.11789328247711,298.0179807914151,0.0,4.993778252098044,10.818568601531563,1.0,4.993778252098044,0.00934680017250549,2.857142857142857,25.816983222222223,0.9485208915,8.654847733061498,8.654847733061498,8.654847733061498,8.654847733061498,8.65311522354216,8.65311522354216,8.65311522354216,8.65326475630202,8.65326479334889,8.65326479334889,8.650794334521052,8.650794334521052,0.9423376132258937,0.922591189406227,0.9038668037325603,0.8893291748872965,0.8783116919031875,0.8703838707901389,0.8679380114498434,0.8702364497457254,0.8781952919698136,0.8902245282378717,0.9064311617380073,0.9262432266577202,3.9690932601221736,270.0,0.7153908233699336,1.859541323677739
2021-07-08 04:00:00-07:00,7.985997166666666,3.354110083333333,0.2170254352546806,3.5,3.455933416484819,87.91229645279574,89.2694456049305,60.96964543387646,0.0,2.145647134911286,3.644418442043845,1.0,2.145647134911286,0.0006154321102346514,2.857142857142857,23.817305944444445,4.922875183333333,3.2278026009484204,3.227788924622059,3.227788924622059,3.227788924622059,3.227788924622059,3.227788924622059,3.227788924622059,3.227788924622059,3.227788924622059,3.227788924622059,3.227788924622059,3.227788924622059,0.4085472112643612,0.3997375583188949,0.3923524163260793,0.38668361194514994,0.3829505609563699,0.381290223421787,0.3817464213371081,0.38427634300937374,0.38875130862168733,0.39496414796969864,0.4026417489688103,0.4115537566475713,1.5522751433506998,90.0000081444815,0.7364555009964915,1.8575098313844163
2021-07-08 05:00:00-07:00,304.7547655,35.49546333333333,0.2436361845306701,4.5,76.01240782610101,67.67528309483181,82.35994325549106,67.12773112724568,0.0,15.942469009852678,173.76324749249497,1.0,15.942469009852678,20.744890687141865,2.857142857142857,24.431630055555555,4.7352078,153.44213123162368,153.5079172309431,153.57559670482686,154.0237648745943,154.43956833815685,154.43945065376144,154.82802915885165,155.19539986897365,155.1957562399024,155.53611436574624,155.53109537867982,155.84426301177083,3.685564074959739,3.616444723754166,3.7841680602237626,3.759234154041488,3.7577634140462766,3.7713792652540774,4.030343030942928,4.074379677881572,4.38119781964867,4.440129991115105,4.500813774435461,4.844238066326991,16.023545395792645,90.0000017075473,0.6119838210440155,1.8959945140731942
2021-07-08 06:00:00-07:00,401.10875475,72.91414333333334,0.2735697844871207,5.5,200.6257874924062,24.63791021636655,71.43401721970025,75.89991042162455,0.0,29.359743860165455,507.99009606698917,1.0,29.359743860165455,65.05103571237142,2.857142857142857,25.64220977777778,3.1592174,479.8068194613134,480.42179300277604,481.0278559751958,481.2975297001004,481.889256640952,482.4646168469176,482.71915472319495,483.2854366462887,485.70659631276214,490.4926377730342,492.8134875810111,495.0993760192464,9.243221014980534,9.388341634045522,9.590957231059194,9.798300461896954,10.066213508524745,10.323462732568688,10.593540176880166,12.650001122931627,14.741279565323174,16.893982567055716,19.05079367216505,21.238906622848944,50.0,90.0,0.366977778440511,2.214355247456318
2021-07-08 07:00:00-07:00,375.3328287666666,186.28409,0.2878385437185712,6.5,373.4874796574712,10.98921057647646,60.08158330621606,84.64629419321244,0.0,164.2600623672206,614.3785021715371,1.0,164.2600623672206,118.810574840035,2.603119783003202,26.885823944444443,0.9713950361666668,572.3252216686881,574.1798737517855,575.9785833760872,576.7040158226876,578.5460213941192,580.3261700071088,581.0041533361198,582.551412177047,584.4882448487475,588.699802497911,590.6867686199621,592.6378885886244,67.46070166075053,64.24196774066428,61.2697018669505,57.86521420594196,55.68407840968424,52.95093579523604,51.531103776552946,51.15668779876874,51.24329940571411,52.20147498405909,52.97503089083822,54.028724891307185,50.0,90.0,0.366977778440511,2.214355247456318
2021-07-08 08:00:00-07:00,772.9599833333334,143.25643333333335,0.2916983361733142,7.5,654.774115707324,3.1388237516364836,48.565396858091646,94.18834641214335,0.0,320.4638184499942,1002.1730738582177,1.0,320.4638184499942,190.7383455356837,1.933205345232909,28.661094166666665,1.5925263716666669,951.6510044350498,951.2527546970585,951.1842857453706,950.5104220897971,951.0941032158936,950.9803241231,951.0574514670061,950.7716551144396,954.8736327117684,963.1269683014077,967.1188372091611,970.8276195695827,98.67539496289616,88.20967291588211,77.72202961656517,69.77333222549667,63.316999871954096,59.01395473779332,54.68401525047534,55.58276456221184,57.467250144323806,60.79308686561668,64.31996879547428,68.98768604876349,48.4893661312836,90.0,0.37558363587705607,2.1943838171382564
2021-07-08 09:00:00-07:00,910.0224666666668,129.45378333333332,0.2672334100140024,8.5,854.0865295896524,9.595955769571376,37.223671546789944,105.9958991343741,0.0,493.80051642490423,1068.733213797898,1.0,493.80051642490423,224.6732826131156,1.5706325960252168,31.814388166666667,1.4072634566666666,1035.8954407218412,1035.685947340231,1036.1333136399237,1036.133803873159,1036.205904987819,1035.8783441814842,1036.8438796259525,1039.087628622396,1040.9425148233936,1043.2174148587649,1045.0022769953687,1048.9271431349546,120.49212125318746,108.23437688399994,97.36411202873707,88.38338881525883,82.14323196782281,77.66589322828948,76.21582860058508,77.12363305713406,78.8452393555166,80.76494457578798,83.47711562516284,87.32528441561873,36.139851408939826,90.0,0.4551208986512363,2.049562977285154
2021-07-08 10:00:00-07:00,753.7025883333333,216.27255,0.2542644147522898,9.5,889.4347108232845,14.319892509740283,26.729451784537993,123.3605244359245,0.0,553.7997969061535,980.3922318245951,1.0,553.7997969061535,233.76370273453412,1.3187788647191423,33.406757222222225,1.6583808166666667,955.9731819964061,956.1071226638461,956.1302500879227,956.3254210756004,956.1972573912384,959.0688232723911,961.4171508818285,963.9772994609068,963.6562525777199,966.184582131862,968.4820932021983,970.4095311012379,119.7517751977318,109.706350220185,99.43748115653561,94.07539360545405,88.62352094812164,85.30374386424792,85.87240100941015,86.30480433775317,89.94882702172868,93.18795364875871,99.63705820056435,105.7919031619381,22.812277277367002,90.0,0.5561434433058059,1.9353627631363297
2021-07-08 11:00:00-07:00,576.3563166666667,344.7667166666667,0.25125139769494,10.5,889.8491764042344,16.92808182993636,18.96122710369741,153.65123622789088,0.0,577.7124217545619,904.667099029321,1.0,577.7124217545619,228.33526895607636,1.1144323690893287,34.30405872222222,1.7269999166666667,893.5527913917334,893.3957106846785,894.4312981293522,894.4382213030322,895.3000562465896,895.2178289404055,894.9267248942799,895.9589087713204,895.9563580799093,895.5623667529651,896.6016722970447,896.5418385135239,120.78976631178698,112.2440322417889,104.54807554159956,97.86434447602478,93.59331932093916,91.32848214113804,90.82979065886268,92.69284200365563,95.84985996703129,100.49992120886697,106.241746818683,113.56596430287394,8.670153494171423,90.0,0.6746270631435718,1.8685703096995512
2021-07-08 12:00:00-07:00,287.74849183333333,415.48865,0.2594768513741433,11.5,688.9890097112852,17.170756434427883,18.105836894131244,198.20323307300774,0.0,441.32166600494526,693.8905713451334,1.0,441.32166600494526,181.17416302437306,1.0766181275244933,34.55301888888889,1.669586791666667,681.8125127131566,681.7572210346052,682.1992646454887,682.199158720228,682.0653629688848,682.5439448905421,682.5441686654419,682.544035502823,682.335387422313,682.8132341172922,682.7877976597671,682.7877738305284,93.8361401500782,87.80034829625568,82.77366434527718,78.75218309488646,75.77583595729648,74.43456670380303,74.43645260743537,75.70180542891802,78.31983493053511,81.91882477309457,86.51576035566414,91.84636231216541,5.831939726970071,269.99999680547154,0.6991945594580291,1.8623186370691072
2021-07-08 13:00:00-07:00,214.54546385,337.26241666666664,0.2739599982820478,12.5,531.8650672167112,15.02312109458282,24.899700760847097,232.00066374764543,0.0,335.9845565554855,561.5373334083849,1.0,335.9845565554855,153.62588948221702,1.276307194726718,33.76864472222222,1.672415861666667,550.1681895397517,548.7818000460474,547.4214699186059,547.3952308235797,545.9998432690159,544.3505150020226,542.5609521527501,542.7457092397617,540.9227839285368,540.4823361034162,539.9054094539249,538.8198146538896,75.92924318167711,71.7944116406679,69.36938877373119,66.26896329757952,64.95165893611727,62.890262348782855,63.26229046875632,63.99303689448522,66.10991415424476,69.37285620604287,73.32130628504446,79.14926546367342,20.091545450297758,270.0,0.57823944082435,1.9179979049407638
2021-07-08 14:00:00-07:00,398.2552678333333,298.65245,0.2718562481417934,13.5,624.5759329237109,10.695627743601944,35.07721321762594,251.15871321441665,0.0,374.45348802705035,742.7139014592519,1.0,374.45348802705035,183.9543133396297,1.5152168039456095,34.83355411111111,1.6624940516666666,726.6296410652164,723.6649388021423,720.6275173501015,714.0696230079761,710.682983479817,706.8458114385069,705.8165894944109,705.4882033129907,705.0658451873846,703.4676829202264,703.1150951314968,701.7465793403445,84.33239260075868,80.08498580307749,75.82855500773107,73.23068310840416,69.96917136224836,69.10008049638444,68.17364448656826,68.80384928673078,72.13747537662974,77.54995849821647,84.18511500041824,91.92094520820106,33.60764298058105,270.0,0.47324867400262455,2.024295443606153
2021-07-08 15:00:00-07:00,82.26650621666666,311.50068333333337,0.2808036654582658,14.5,368.30703264278225,4.553340790312899,46.32902125856234,263.69885325670333,0.0,226.65561187327143,400.1608886030056,1.0,226.65561187327143,119.65255185053311,1.849042211720196,33.918295055555554,1.199097525,359.8223938605619,362.55231363934,365.64412687434873,368.7108155449626,370.095312765289,373.1341805588113,374.3573074422932,377.2043573905095,377.63387038500287,379.17958806623807,379.6535216771248,380.11790210004324,67.23693154207307,65.63932097597498,64.67855763456957,62.784867566672645,62.97799327370321,63.30865365489055,64.10657995920508,64.13495001859116,64.68079419822813,65.21345506299868,65.8424532110361,67.7892166092068,46.15559102294013,269.99999914622634,0.38938822848177984,2.1644404672451727
2021-07-08 16:00:00-07:00,19.336192200000003,210.40658333333332,0.283420303493974,15.5,220.69665581536628,8.349219182241002,57.84805064628892,273.53250284698896,0.0,141.17340162424853,214.79542804461585,1.0,141.17340162424853,75.41866734968335,2.4419222550542807,32.664246500000004,3.1030850233333336,201.1030520776093,201.67136841226446,202.24562491023102,203.21277952972045,203.817034686507,201.33059983585252,200.23020456195724,197.6767734463812,195.05041691227885,193.87476442330143,191.20163413138724,188.48197851430126,47.29382622217328,47.87166110737986,48.43926481995717,48.821057811828446,49.3924739718991,49.98652130254133,49.05777262737976,48.33215017126452,47.49978943060447,47.09890434474689,46.669307733958014,46.523561825384114,50.0,270.0,0.366977778440511,2.214355247456318
2021-07-08 17:00:00-07:00,25.1407513,95.66709833333331,0.2873815654669771,16.5,104.5697881262219,21.96144113448605,69.26085213053642,282.3547438958933,0.0,61.74389428190296,118.16866875629267,1.0,61.74389428190296,37.39223297432716,2.857142857142857,31.48285227777778,2.139083003333333,111.34950649202364,111.35485523760569,111.36580348717922,111.28286863640494,111.28200596457724,110.1223855654369,109.6037417210089,108.42526495750195,107.21689029443189,106.66466697106779,105.42449878544862,104.16499257714995,22.989331378497702,23.003382531733127,23.001307158667903,22.914053297508772,22.874799493595997,22.815200941885433,22.251825191039284,21.70468245077276,21.122729808288362,20.654826261169433,20.18822631335819,19.837437767992427,50.0,270.0,0.366977778440511,2.214355247456318
2021-07-08 18:00:00-07:00,0.3369071,36.66106883333334,0.2830673715838318,17.5,36.71783299356004,61.223850585194484,80.30019116790008,291.0676819907894,0.0,24.078937087922885,34.95940001565865,1.0,24.078937087922885,10.209853928290286,2.857142857142857,30.497591222222223,1.6803596583333331,33.07364259765614,33.21354923527078,33.334851510856595,33.46564912093118,33.57489497186573,33.51408242667782,33.44235512243477,33.2514881973862,33.19571001496216,33.3212585857594,33.1314002174926,33.069639664897274,5.833273370338566,5.771034865226428,5.634443180076749,5.646468374479131,5.651712369578811,5.611519466972091,5.707740213947745,5.701588899476711,5.827367368072464,5.8337480012560174,5.965501485847685,5.982395128484915,20.603302981184807,269.9999982924527,0.5740521951582207,1.921103605890306
2021-07-08 19:00:00-07:00,0.2224533,2.54133365,0.99,18.5,2.5484310232643006,84.76981897658223,88.17166769218781,297.90772188986847,0.0,1.628124860089124,2.5587424932844574,1.0,1.628124860089124,0.0028693599349532404,2.857142857142857,28.977843166666663,1.3652343216666667,2.4105825710367896,2.4105825710367896,2.4105825710367896,2.4105825710367896,2.4105825710367896,2.4100176640227167,2.4100176640227167,2.4100176640227167,2.4100176640227167,2.4102452393862692,2.409439714507908,2.409439714507908,1.4311077970238144,1.4010138305501583,1.3727433228142445,1.3502543934349303,1.333474365412831,1.3229290768316757,1.3192281513391688,1.3237508025002869,1.335091969076528,1.3534166100887226,1.3780803947660578,1.4082100843152268,3.851204718449294,270.0,0.7164172000314913,1.8594010156903198
2021-07-09 04:00:00-07:00,8.49778125,3.3437375166666667,0.2381248000761246,3.5,3.4361309172585477,88.21983659648082,89.37703077329212,61.033127779199226,0.0,2.1387932977430433,3.607273158690474,1.0,2.1387932977430433,0.0004454998032716452,2.857142857142857,26.08836527777778,5.3613699,3.205864422860564,3.205864422860564,3.205864422860564,3.205864422860564,3.205864422860564,3.205864422860564,3.205864422860564,3.205864422860564,3.2059626276563704,3.2059626276563704,3.2059626276563704,3.2059626276563704,0.4476521648492229,0.4379227726475412,0.4297149644491338,0.42335469939999126,0.41884493689029534,0.417013187785916,0.41749867333663315,0.42025995459954385,0.425158622160769,0.43197076411451363,0.4403991233628833,0.4500926461922846,1.3227310709892628,90.0,0.7384580191534668,1.8574093272897503
2021-07-09 05:00:00-07:00,345.5067233333333,56.052695,0.2626282710427629,4.5,101.36739355883918,67.9925824652907,82.4636989975904,67.19819700870102,0.0,27.900037619259475,211.19086568561082,1.0,27.900037619259475,28.30334437344397,2.857142857142857,25.838646,3.886306666666667,187.6146269684803,187.60312811914508,187.7216206881423,188.07678259985582,188.42226093701777,188.49038547333555,188.73393332554076,189.03428838268255,189.03499300399454,189.30447937197854,189.3063036142291,189.5600169281392,6.574240833013298,6.46014401821328,6.446758550158219,6.488660928126087,6.485266488817421,6.587051041139795,6.752419528444445,6.83018311129713,6.999282516546509,7.240009479664218,7.354897189705888,7.6972954759446575,15.779215416774232,90.0,0.6140344122497896,1.8948261547049543
2021-07-09 06:00:00-07:00,372.4953683333333,145.59535,0.3033610434343254,5.5,263.5857178741002,25.174175418295942,71.53310900945063,75.98081347293491,0.0,73.74236460209174,553.3127103177354,1.0,73.74236460209174,89.27590743112515,2.857142857142857,27.574142277777774,3.2984029500000003,520.8660689143352,521.5435773745355,522.899625417181,524.3790574668443,525.8420609373723,526.4775264606105,527.8777645022409,528.5162884467373,530.6885440857336,532.8840471834582,534.9283408470234,536.37887054228,24.737734898549135,24.558032902577303,24.953227984232207,25.535750138934304,26.120136228485414,26.8376371693884,27.43397139380681,28.77224077957773,30.04492101305353,31.323218165719066,33.281589910934386,34.67832482432413,49.42534288870944,90.0,0.37022045927310443,2.2067045420190685
2021-07-09 07:00:00-07:00,568.9687666666666,157.6888,0.3041080578569576,6.5,440.6421545082535,11.048759830841197,60.17786832521555,84.7392243694584,0.0,172.115262940028,799.5362788407816,1.0,172.115262940028,141.40033171081868,2.6110591111950976,29.059003500000003,2.770068735,751.3645564022175,752.7258620286703,754.0240124071622,754.4892926299465,755.885061270266,757.2258677809673,757.6549494429651,758.6686462812233,761.5391621055774,767.6939041540256,770.6447316365603,773.5429059617256,79.71633117056571,74.57361319150876,69.66810764190272,64.10565098811365,60.233628451846236,55.560761883867684,52.82165985300273,52.16974086754893,52.21736694527947,53.517256560643254,54.61952709434486,56.15659617815203,50.0,90.0,0.366977778440511,2.214355247456318
2021-07-09 08:00:00-07:00,783.9722833333333,130.3277,0.2875632643094635,7.5,648.1453558076482,3.224497479836249,48.661597493188445,94.29638727318053,0.0,317.98185280694423,989.9429343502047,1.0,317.98185280694423,186.15217268548545,1.936732378056909,27.99761055555556,2.106302375,940.5603099368708,940.2026525552916,940.2069522100765,939.6088118323086,940.2419615569135,940.1483358239145,940.2857098464781,940.0362169732944,944.465216239993,951.8423665735711,955.4924204675558,959.2232813614636,96.67766318544196,85.2146861928531,76.39064849800143,68.97324282440621,62.44726587017699,58.28999473429698,54.11584218222624,54.93589901583366,56.7254159779069,59.91596444681151,63.27401891957037,67.74576187598639,48.581622931719174,90.00000085377364,0.37505053917378345,2.195590434953566
2021-07-09 09:00:00-07:00,882.6522,117.00108333333333,0.2770242906064758,8.5,818.9027805571751,9.692650445118291,37.324065344645355,106.12172383982444,0.0,473.0412864963186,1028.378979837955,1.0,473.0412864963186,222.67127785601411,1.572506189461306,30.287448444444443,1.4945084033333331,996.395188898238,996.1361618248544,996.5022394700709,996.0528346709256,996.4543071136388,996.0868391932868,996.9842520497048,999.1834780998529,1000.9914226818566,1003.2229836263574,1004.9709758229212,1008.8501469913937,119.5536687909674,107.27945764731794,96.39850161546333,87.42650265281874,81.14810412705411,76.66300471546265,75.19880639265774,76.04689091332754,76.98314448321517,79.59331075179236,82.25221607043876,86.0520910570106,36.22185523459417,90.0,0.4545432818652722,2.0504078877531424
2021-07-09 10:00:00-07:00,911.62215,115.9085,0.2529722327603061,9.5,929.3167980703781,14.427767218402083,26.84077305447545,123.49281274794464,0.0,578.3094203683684,1017.5598827465171,1.0,578.3094203683684,234.42630709671684,1.3198641537142204,31.66583711111111,1.6833017316666667,1001.085079326411,1001.0865854635665,1001.083603150016,1001.250061243263,1001.0885763484946,1002.533180124055,1003.4981932745719,1004.7524289544098,1004.5745962860474,1005.6939152279134,1006.7984615427854,1007.5812329927995,124.37645611508458,113.00390703149954,102.23605180975726,95.84885636192774,89.99315266739066,86.49033408315033,86.11397725532055,86.53946717806464,89.29742786860366,92.69462178311888,98.32579906261005,104.20615482664086,22.88004482750132,90.0,0.5555984535484849,1.9358219820135472
2021-07-09 11:00:00-07:00,794.9581978333333,208.82085,0.2468438372807738,10.5,960.0744290331509,17.045640435280728,19.08706750452852,153.69138341892562,0.0,623.6733027339923,975.4910744631849,1.0,623.6733027339923,239.98459281362187,1.1150889327610813,33.000163888888885,1.9887105566666667,968.1666403212055,968.0609988405273,968.7575442119444,968.7653075474758,969.3788884847473,969.3746280754493,969.0531619885982,969.816856763546,969.8143598389088,969.5058247397617,970.2774910989644,970.2804874431176,127.68376959123054,117.80740344219241,109.17512536703653,101.6629854443534,96.84028669097742,94.24011501536592,93.88445350910114,95.48697061984973,98.95166421162375,104.08508140257365,110.72505062690162,118.36403304922293,8.719051357778799,90.00000330665111,0.6742052525428791,1.8686993205502782
2021-07-09 12:00:00-07:00,562.9972833333334,289.1395333333333,0.2495217975126338,11.5,823.9253337282858,17.294918661358484,18.214944571662556,197.99621128523694,0.0,527.4615414753492,831.6690446785867,1.0,527.4615414753492,208.84266802652522,1.0762644162293569,33.696644388888885,1.7827968216666668,825.1426827402464,824.9155014795724,825.6026456424727,825.6024936681843,825.2822995888446,826.0115017995306,826.0118042875033,826.0116542177526,825.6026101266808,826.3308277332785,826.3015810419508,826.3015486682087,106.11871364730524,98.02012724731159,91.21894196695646,85.7613254607083,81.68357759237026,79.78560331604677,79.68226289230584,81.26693944641897,84.65739069163321,89.37695184224958,95.41669395496399,102.46919136487053,5.805214450137165,269.99999680547154,0.69942657990767,1.8622713494994536
2021-07-09 13:00:00-07:00,72.70221183333334,425.4288833333333,0.2699008559020647,12.5,491.3355580364924,15.150053921524396,24.96997144344824,231.74974052937807,0.0,315.45796904016566,497.4716021190779,1.0,315.45796904016566,136.36158335813508,1.2762427361155875,32.78601,1.902150241666667,481.29600978744395,480.74965202785864,480.28440801721445,480.2650719606682,479.80237590873134,479.15419316638787,478.434762289611,478.60058512889304,477.88579465208943,477.0163461049888,475.97287843281,473.91366924977586,72.6359327387667,70.1406111945536,68.33741342179425,66.40039486329805,65.22136238428466,63.86348907080378,63.753276807939216,64.39421129679825,65.22272367062564,67.05381902241312,69.656225891008,73.33461458851676,20.08731641169931,270.0,0.5782741007408156,1.9179725519827664
2021-07-09 14:00:00-07:00,0.9197316333333332,218.18774,0.2835874220593854,13.5,218.93997587536987,10.821922717298495,35.12624234375364,250.95452860069636,0.0,145.32525126022415,203.13467331839752,1.0,145.32525126022415,66.76841937529584,1.515547465299433,32.235887444444444,1.0355617483333333,191.2136291740708,191.55469083317118,191.9099370768002,193.42193128421178,193.78016142397055,193.98034100933114,191.96620941033805,191.0265447720956,190.02803233031463,187.68083909942237,186.63051380562894,184.30270422033172,39.11195724169418,39.132848379256245,39.01872282639145,39.594533551825165,39.37397670175249,38.27039627024028,38.27886594183122,38.99830650005115,38.272939325712976,38.43376684634907,38.24096763748789,38.379780627197746,33.62338116533768,270.0,0.4731342998723219,2.024447512871471
2021-07-09 15:00:00-07:00,10.086547416666669,226.53711666666663,0.2839678686063992,14.5,233.49679000183332,4.676786749444619,46.370239441205435,263.5321378249092,0.0,154.57359428870046,213.2736567561845,1.0,154.57359428870046,78.25655104529362,1.8501312395348974,31.67890988888889,1.718375448333333,199.70589368047587,200.22912546592076,200.7597464952363,201.64865975138358,201.98909141258298,199.4332794765673,198.2766520679993,195.6012411661384,194.33637802287217,191.59861843323242,188.79473017409512,186.22714341357255,49.547973253834506,48.93113481595389,49.28780287986835,49.623471061535014,49.82389260705135,50.20386531893469,49.04837492697152,48.052847567698606,48.08063845292127,47.50920851033965,47.03793727299883,46.91825321556356,46.18750104351377,270.0,0.3891953893421759,2.1648422492330965
2021-07-09 16:00:00-07:00,0.4246646666666667,147.17713333333333,0.2881212901373199,15.5,147.40287050405325,8.349186499116813,57.888695983894884,273.38952712052543,0.0,98.75817116946767,128.60185560581456,1.0,98.75817116946767,52.332404713853784,2.4450301646529615,31.30061633333333,3.288068733333333,119.14642933205522,119.6197277060754,120.09900458948005,120.92441814725942,121.42057883496658,119.57579612688438,118.75511521989408,116.87595590471352,114.94247444777872,114.07080994323914,112.09449977412531,110.08762661783949,34.235831792881,34.67850129058885,35.095815253120094,35.379361899624946,35.75632930497881,36.12155431919969,35.299105255195265,34.55723195040801,33.762071376349965,33.21314980904857,32.66540785356866,32.3205827262402,50.0,270.0,0.366977778440511,2.214355247456318
2021-07-09 17:00:00-07:00,0.1178564,61.12390333333334,0.2908196749761023,16.5,61.165552195878895,21.94922332570278,69.30540998430752,282.22650569374207,0.0,41.99722502226504,49.879228222658845,1.0,41.99722502226504,21.914226348239474,2.857142857142857,30.44912961111111,2.6204669383333337,45.92297585176239,46.18040852088167,46.44132894042369,46.90689410670351,47.175786641316556,46.369904577059806,46.01095160680118,45.193199946881116,44.35177004954353,43.97129141571924,43.109695166229294,42.23555016357813,14.617954208119173,14.852049012557627,15.070823328881058,15.230930172647676,15.421780609178777,15.60088235860346,15.214117908547292,14.847903911294809,14.463296698563163,14.171719542522364,13.885219308154863,13.685574743064056,50.0,270.0,0.366977778440511,2.214355247456318
2021-07-09 18:00:00-07:00,24.401171666666663,34.34811166666667,0.2861867034962244,17.5,38.43760386351995,61.39031342049659,80.35203619064701,290.9487481942498,0.0,22.179981589665562,45.77510447403043,1.0,22.179981589665562,11.120038470587918,2.857142857142857,30.50933222222222,3.046918,43.17899817729747,43.301602292436364,43.29912605259362,43.183832254355075,43.30671107083442,43.304888836467605,43.31363876036274,43.198002889359714,43.20908102539492,43.088448091144414,42.976962500160724,42.8480198997906,5.7842175672853,5.739531108344935,5.602810808282852,5.567713275577341,5.43878786754609,5.415810711338842,5.3176464708482545,5.336874096805968,5.274385358418113,5.305233518786567,5.420190375458318,5.458953165214423,20.45912641545337,270.0,0.5752304548582138,1.920221075795165
2021-07-09 19:00:00-07:00,0.25124095,9.98105385,0.2971397083939793,18.5,9.988809978909513,84.9397271973366,88.23092505698703,297.7937873879962,0.0,6.3937622326524695,9.99268855219222,1.0,6.3937622326524695,0.01052563867580023,2.857142857142857,28.913369777777778,2.657006833333333,9.437818153667886,9.440981841831556,9.440713604316157,9.440713604316157,9.440713604316157,9.440713604316157,9.442932269042728,9.442932269042728,9.442932269042728,9.442932269042728,9.442932269042728,9.442932269042728,1.6607414604380029,1.625249825272312,1.5961738209549063,1.5745486139219105,1.5611377981736592,1.5562810125421642,1.5602478849584742,1.5726763713776026,1.592474817663344,1.618653397728756,1.6512818062351062,1.6890891818313316,3.721907577180553,269.9999937260706,0.7175430670517607,1.8592519863486736
2021-07-10 04:00:00-07:00,0.2045688166666666,2.3849574166666665,0.2015438102840263,3.5,2.3867858730411458,88.53665416705232,89.48787782053434,61.102330946471014,0.0,1.5253708569030124,2.389967158954519,1.0,1.5253708569030124,0.0002144168405156259,2.857142857142857,17.44683527777778,0.768486655,2.255437251750679,2.255437251750679,2.255437251750679,2.255507297397188,2.255507297397188,2.255507297397188,2.255507297397188,2.255507297397188,2.255507297397188,2.255507297397188,2.255507297397188,2.255507297397188,0.2702278789706597,0.2643628274944968,0.25940923531432747,0.25556488904983565,0.2529822451677768,0.25176145200172034,0.2519406924669363,0.2535014738112928,0.2563653306201652,0.2607511398789223,0.2658586592397668,0.2717390622841848,1.086551296310702,90.0,0.7405186195148435,1.857322666460361
2021-07-10 05:00:00-07:00,33.8254771,39.439996666666666,0.2538318158360731,4.5,43.8139070566322,68.31818128736074,82.57038431437336,67.27458367383986,0.0,24.252489463183572,55.0776050660585,1.0,24.252489463183572,11.105807783299156,2.857142857142857,16.399504166666667,0.7595655165,50.84447053563596,50.94882537413588,51.03661273612947,50.94391853491652,50.94974993223741,51.03830247508938,51.0423313052696,50.94971459407019,51.0391184656976,50.947019689024856,51.04298946572379,50.950195669005566,5.297082709996579,5.2012159550597445,5.096987913476228,5.066634771128755,5.080611420873193,5.078675540875699,5.119622237401029,5.21155893144031,5.261233196189677,5.3542411897208275,5.478201515856025,5.545485104278627,15.528707716228055,90.0,0.6161394180334229,1.8936464231161
2021-07-10 06:00:00-07:00,594.2431333333334,77.712655,0.308956432200242,5.5,264.94279811340266,25.814391686355282,71.63476129054499,76.0680309494178,4.662936703425655e-16,32.15284944062644,688.1622537519595,1.0,32.15284944062644,88.20223055170662,2.857142857142857,19.980892166666667,0.9020142,655.1976832763008,655.8598800263729,656.5121523988264,657.1480657455908,657.4345305869007,658.0525838356435,658.6539461290423,658.9256840196816,661.6595414509115,666.2032848808337,668.5414273849086,670.9876564947197,10.731785313774155,10.826872270392503,11.037405439030902,11.292724916818443,11.546767673901114,11.864429234829684,12.12785687550362,14.194847951541592,16.33446454796762,18.471800303518837,20.640548116942725,22.839557844642577,48.7363104759294,90.0,0.37415887483684396,2.197617425833062
2021-07-10 07:00:00-07:00,762.99275,89.543695,0.3125569961072564,6.5,467.8466667138296,11.109334279888314,60.27651736519822,84.83908012847166,0.0,158.6533065311468,914.6942133962535,1.0,158.6533065311468,145.9603718298556,2.61925147168174,22.68167833333333,0.9617173318333332,868.1803798273345,868.8688941209762,869.5036518005166,869.6548875234676,870.4314264462614,871.158056546975,871.3044758974229,871.6424178313425,874.6830293255648,881.2375495488811,884.4038924860668,887.5132585029544,83.21599323101435,76.60229385515528,70.15555019844683,62.9044811248002,57.588791783175125,51.31929981548222,47.4802865079666,46.14504975147714,45.65892347783812,46.6960678939194,47.55030277696476,48.94931691644144,50.0,90.0,0.366977778440511,2.214355247456318
2021-07-10 08:00:00-07:00,832.1060333333334,104.01970333333334,0.2935896445967097,7.5,652.5541227270633,3.3164457428919816,48.760184368923724,94.41231940371603,0.0,316.3411915027165,1009.4101261870728,1.0,316.3411915027165,185.84255909820948,1.940352152224642,22.85864472222222,1.6659754566666665,963.1977882879992,963.0345150643644,962.7495141884987,962.471845691621,961.908454704508,961.9997756439484,961.8741991569054,961.9901498171834,965.3931116030727,972.0814778055644,975.341180275647,978.5986290905421,97.95250542211573,85.77227990876081,76.33348088101492,68.37023833354685,61.6596793209269,56.90283780891489,52.36654043934075,51.79084938907306,54.402872625236924,56.741076607865246,59.72428734733834,63.22578994349602,48.675867798344235,90.0,0.3745069584172112,2.196824825515957
2021-07-10 09:00:00-07:00,878.5738,115.37271666666668,0.2728856537000439,8.5,813.0712215341026,9.795802061075607,37.42719582707894,106.25691773136327,0.0,469.63546180173245,1022.034692258449,1.0,469.63546180173245,218.03677336112162,1.5744134584190963,24.0856355,1.96119335,989.9533061468456,990.0928304595075,990.4597741112693,990.0250630661648,990.4193552396969,990.059175171984,990.615553378552,993.143305606096,994.9576959665026,997.1851184571597,998.9405272810396,1000.6646897776016,116.99317815762507,104.97460288654305,94.33173399060178,85.55650862699527,79.4021047611217,74.0111506384319,73.63192932611133,74.47850605853124,75.42086258755114,78.01051349789562,80.64167942294125,83.82033128587979,36.30509733882534,90.0,0.4539575619277825,2.0512672467407125
2021-07-10 10:00:00-07:00,913.58785,115.10066666666668,0.257127925575823,9.5,929.4335402028981,14.542199777242754,26.955741856993313,123.63634778121059,0.0,578.3720852361379,1018.4329054323715,1.0,578.3720852361379,238.1395843330281,1.320955222647955,24.769156222222225,2.146009341666667,1001.8198544801179,1001.808705250215,1001.8060080991431,1001.9652307573821,1001.8000514606274,1003.2438800557967,1004.2027560034082,1005.4632510038496,1005.2755951218106,1006.3963352178757,1007.5008538680491,1008.2782066759322,126.43355336162226,114.8461976752214,103.89189104471845,97.3867265595146,91.44417578232672,87.8718539889872,87.48996818720416,87.91107272218184,90.69319384535228,94.16565128957835,99.8690012591582,105.79851352978747,22.94808312968519,90.00000147877934,0.5550515599793077,1.936284332214085
2021-07-10 11:00:00-07:00,900.3433666666666,130.17736666666667,0.2478999389128302,10.5,980.3458806705064,17.169705423209432,19.218275358445325,153.74262346611147,0.0,636.9042423717447,994.3586854727711,1.0,636.9042423717447,243.955381554263,1.1157338279441809,25.73003322222222,2.2155896733333336,988.7408275786781,988.6324759455676,989.0127244515634,989.0207955516153,989.3552718651583,989.3508356956282,989.1665126799887,989.5490015645387,989.5469581662497,989.4135958163024,989.8043856802301,989.8068120542404,130.57353098635062,120.35758852467278,111.42441026243543,103.64926302387059,98.65813595520271,95.95039601941782,95.443808196061,97.09225838035418,100.66752134055409,105.96148661578592,112.79215698732675,120.51966358257103,8.767067056927742,90.00000307832465,0.6737911055285153,1.8688267044802913
2021-07-10 12:00:00-07:00,889.7610333333333,138.75188333333332,0.245692551595238,11.5,983.3631295818604,17.42533652643389,18.330849712306303,197.79130234604523,0.0,629.4658957653029,989.7860296285643,1.0,629.4658957653029,242.39199393747205,1.0759383438012662,26.42417638888889,2.697780881666666,985.6564631629338,985.6565053687311,985.6908919085382,985.4365074516293,985.5660003646229,985.5661476174104,985.5657836251996,985.3102046599937,985.4040567781882,985.4042412447028,985.1981135153093,985.2562456924303,119.26259539920518,110.77103656629401,103.69488792156558,98.02075196189283,93.95589040617271,92.0663017146268,92.21194787051213,94.52229566415072,99.45926066618345,106.0559251121984,114.40464526518466,124.17311516840996,5.780576068509755,270.0,0.6996404923385221,1.8622279462321933
2021-07-10 13:00:00-07:00,869.6251833333333,144.65953333333334,0.251524181213672,12.5,932.5087876191644,15.282810100117429,25.04654526895946,231.49319975343016,0.0,580.6208854300872,998.7818076533118,1.0,580.6208854300872,234.7011784577699,1.276226501675426,26.895650944444448,2.565673835,984.0649369230944,984.2447512386835,984.412905083566,984.43744910574,985.5580621910822,985.2566135743425,986.4265382976826,987.4391230498866,988.1307682221559,988.1796376425623,988.9211295372143,989.7748114510832,123.94603674943309,112.04409317927994,102.45704318326351,95.43634316342583,90.03033760485259,87.25969669101252,85.96783561004692,88.0735114134021,90.2286493580054,94.42130238521325,98.95187440527678,105.2489298502942,20.08625072198567,269.9999982924527,0.5782828349577676,1.917966164012414
2021-07-10 14:00:00-07:00,774.2320666666667,173.0859,0.2674052532729689,13.5,805.8950080763408,10.953503788204948,35.180824894265434,250.7438810787012,0.0,473.787925006071,982.298762458894,1.0,473.787925006071,219.69102104704666,1.5159623244379692,27.19824055555556,2.3675146333333337,965.539503290911,963.0728422554832,960.5548932399713,954.5891455924049,951.6789353046684,948.2526564417158,948.0193091433246,948.145468463043,948.1606854543686,947.2954067368183,947.4493964127802,946.9186155204955,90.31789936734528,86.00453125966823,81.68743138997158,79.12573044897238,76.30519991473305,75.8563412192657,76.23567879425565,78.42037461898468,83.8870350120085,91.90599838555418,101.99243557388367,113.51561196409287,33.643115903793,270.0,0.47299091110362274,2.024638287380507
2021-07-10 15:00:00-07:00,655.2006666666667,183.45906666666667,0.2911659381768701,14.5,635.1605556462584,4.804965750048537,46.41662522104287,263.35963901351505,0.0,326.87535269315345,920.9536610287389,1.0,326.87535269315345,191.84813982312872,1.8513788614316098,27.42479066666667,2.230589641666666,891.759038794022,887.7729863808202,883.7207168498772,875.2245154049742,870.7937140582917,870.343484608355,870.523352170456,869.7303828339203,869.6488574765137,869.082875816804,868.7707407937219,869.0809219656667,74.26813114955407,68.95651340078157,64.92671950415297,61.53198148265579,58.82468676213224,57.94181489254157,60.502363708158704,64.74812406661164,69.77379317190399,77.75218332546154,86.1176493613258,95.96729134453166,46.22399999043929,270.0,0.38897495554537537,2.165302074082083
2021-07-10 16:00:00-07:00,492.1442166666666,161.31635,0.3237694617210717,15.5,422.5907586905957,8.354455522530783,57.93439645516174,273.24150061827885,0.0,176.12129464663823,729.9431067439184,1.0,176.12129464663823,144.45914177407755,2.4484971958618393,27.434903055555555,1.823147945,703.6134264620352,700.5789127009389,697.4865086973934,691.0302883702916,687.9822522640034,687.0004748760473,686.684875297143,685.342554286964,683.958016659556,683.5285973817022,682.2942706630528,680.9533148208232,57.31386112345304,55.33154736531772,53.76766429267073,52.00419328651722,51.49274442945551,51.68272745816633,54.34678620282648,58.79621545914395,62.582318153560266,68.3252193800094,73.50494028175267,79.10610199542451,50.0,270.0,0.366977778440511,2.214355247456318
2021-07-10 17:00:00-07:00,321.02739583333334,111.86323833333334,0.3428899057778388,16.5,225.04956315318893,21.94042630503499,69.35508796061026,282.0938161159625,0.0,62.48069664474703,483.61534041164606,1.0,62.48069664474703,86.81016600270064,2.857142857142857,26.693753666666662,1.707434025,467.1278924113692,465.02958220577165,462.9656015452733,458.5514779071813,456.30947423070023,455.36809154385213,454.9478101881672,453.98030413096745,453.0280348248757,452.55429466010884,451.5497991220065,450.51756925710646,34.84661175236235,33.117877652948444,31.404140726180454,29.55203127232015,27.775595707066522,25.916918087297557,25.366230934502433,24.709970333906455,23.91984863191765,23.069058062019163,22.14785388889051,21.262525827906593,50.0,270.0,0.366977778440511,2.214355247456318
2021-07-10 18:00:00-07:00,94.2650055,56.14956,0.2683461713969882,17.5,71.85510964918333,61.57354438148477,80.4091893859511,290.82586642312737,0.0,31.86943734995901,114.30627848638781,1.0,31.86943734995901,20.261318472971773,2.857142857142857,25.289450833333333,1.2980947516666668,107.51576898834946,107.51734607148857,107.37976238070664,107.24576697399273,107.24809745984453,107.0953254642931,106.94882692188851,106.79078747523809,106.61406967095672,106.4582659355855,106.27814817567074,106.11146153534258,8.414416595465601,8.173594774465629,8.05080092694986,7.830372973621546,7.717432441984537,7.612900335005597,7.451142415989567,7.403654939912019,7.299025374397431,7.340384380409122,7.42113478345178,7.461362381474432,20.30225423966924,270.0,0.5765137242413654,1.9192675730599489
2021-07-10 19:00:00-07:00,0.9328969,7.037838300000001,0.276138405217443,18.5,7.06558396414093,85.12538702465727,88.29569171939585,297.67626777248137,0.0,4.507862745862358,7.110240112847753,1.0,4.507862745862358,0.006871499196499188,2.857142857142857,23.78394361111111,1.0010924033333333,6.683309277033584,6.683309277033584,6.683309277033584,6.683309277033584,6.683309277033584,6.683309277033584,6.683309277033584,6.68174485269301,6.68174485269301,6.68174485269301,6.68174485269301,6.681920604516456,1.1052966775617972,1.0812334110075377,1.0606349974379652,1.0434440241909724,1.0304574508572026,1.022118659257753,1.0197273232579427,1.0229395488576456,1.031756476976223,1.045943511743909,1.064997672904316,1.0882370446108909,3.5812119198916115,270.0,0.7187683753178006,1.8590955924911068
2021-07-11 04:00:00-07:00,9.532283183333334,3.247911933333333,0.2918895611265661,3.5,3.3421706561333626,88.38103672618546,89.43342902106536,61.3363790138772,0.0,2.0773925268218836,3.5168667500497053,1.0,2.0773925268218836,0.00035581759639207155,2.857142857142857,14.950442277777777,1.8590479433333331,3.1124145349462786,3.1124145349462786,3.1124145349462786,3.1124145349462786,3.1124145349462786,3.1125099253669144,3.1125099253669144,3.1125099253669144,3.1125099253669144,3.1125099253669144,3.1125099253669144,3.1125099253669144,0.5329787323963698,0.5214032305702028,0.511631817569202,0.5040539476935485,0.4989683983500024,0.49657029316444773,0.4969316651926751,0.500337042338643,0.5061714144284181,0.5142940521632269,0.5243484500924491,0.5359200119286859,1.199427293459737,90.0,0.7395337867701305,1.8573619643855954
2021-07-11 05:00:00-07:00,167.90973166666666,47.81099166666666,0.2978027692267135,4.5,69.20477338658638,68.65176668271735,82.67990979014404,67.35689942947926,0.0,25.18731320881617,126.19713268838746,1.0,25.18731320881617,21.548531754628016,2.857142857142857,16.030654555555557,1.5575232733333333,112.2013803440295,112.30998461002834,112.39946306438915,112.60551045567551,112.79972415606038,112.90771229817435,112.96910232341452,113.08689379718872,113.12684735853588,113.28095965842985,113.28086889745063,113.41284337950307,6.564583461148739,6.478868449854789,6.435488249363394,6.383271284882163,6.42902358239206,6.495999388450178,6.545031135564403,6.7020234308581585,6.830773950699964,6.940347349167334,7.146390179204675,7.297826313884388,15.272327512331055,90.0,0.6182964194488978,1.8924581068331627
2021-07-11 06:00:00-07:00,336.5409833333333,112.46470333333332,0.3191153769308281,5.5,217.91913410635283,26.455596703364286,71.73888954555339,76.16155622859026,0.0,52.5213535584382,488.0199625488135,1.0,52.5213535584382,79.67254749766161,2.857142857142857,18.46615711111111,0.6309515465,457.24792909613177,458.3193897120357,459.3740886970244,459.8281262497285,460.86384669097447,461.86163031284923,462.2925131171031,463.264546592438,465.27809276523834,469.3000097924067,471.22346226202507,473.20124600567834,17.86858399789463,17.729912952983625,18.058123569952006,18.40436974795469,18.868552753755225,19.326847354415577,19.810988716174556,21.53602365277876,23.288377660873792,25.124910519039393,26.919775914076492,28.732540092820543,48.055925745691354,90.0,0.37810119900956196,2.188737944468288
2021-07-11 07:00:00-07:00,489.3706333333333,163.36145,0.3229323533597253,6.5,405.2495217805541,11.171030330555437,60.37745275185761,84.94583927204138,0.0,162.73462152886208,727.6735817089454,1.0,162.73462152886208,139.5369260948853,2.627693472592275,20.091925,1.064167825,679.6379881133653,681.0451948210195,682.3922558077695,682.8848261185078,684.3232970048851,685.7039019208255,686.1699243520243,687.2461564527972,690.1423909580594,696.3058254401612,699.2654268036031,702.172662807075,78.95108288294772,74.35816723417331,69.94026780703851,64.85887390991027,61.271020932510005,56.87983096634685,54.331928798317406,53.78572463648003,53.85534325440134,55.15852410343008,56.25849631613871,57.75853096977829,50.0,90.0,0.366977778440511,2.214355247456318
2021-07-11 08:00:00-07:00,643.0987833333334,189.8395833333333,0.3036499074414917,7.5,612.9258281483666,3.414664804317518,48.86108818404025,94.53610036989647,0.0,307.7079250200524,922.2996710523083,1.0,307.7079250200524,193.02773692122398,1.9440623622620903,21.22406161111111,1.2162112966666667,865.6306180990617,866.2069513797564,866.6705177592287,867.114329159687,867.4596903242564,868.1778914605695,868.6954842863223,868.6181779244671,873.3510963081476,881.6843171137803,885.8853737401256,890.3164834317718,98.82808950262121,88.11811901673519,79.96309634391429,73.17026098804165,67.49280883141687,63.79088170611181,60.05349746530852,60.77010046335835,64.08852766007719,67.36920448632702,71.234797906578,75.57379858994271,48.772010018237125,90.0,0.3739534810477925,2.1980859079072785
2021-07-11 09:00:00-07:00,727.4626499999999,201.63421666666667,0.2822213977764246,8.5,778.5139591230308,9.905396899359129,37.533002736166,106.40140508407917,0.0,451.3786764493308,983.8931006655071,1.0,451.3786764493308,226.01772146095146,1.5763526654938478,22.615863111111118,1.6258600883333334,941.5176214030198,941.834359468998,942.379778225127,942.0426554947752,942.5971638385809,942.8307280094865,942.9655301715434,947.1642519925539,950.5529835118369,954.3150991282798,957.5699545651476,960.7531480834892,116.39978417907373,104.77542720634256,94.51754675471543,86.03304880842725,80.14150675468471,75.01742939308913,76.21688048344691,77.95232176915893,80.18927216880829,84.0750926265789,88.02486568015068,92.54375458027711,36.3894903292125,90.0,0.4533643818632978,2.052140223475969
2021-07-11 10:00:00-07:00,796.3413,194.54696666666663,0.2649012896200754,9.5,903.6228175984056,14.663165293318304,27.07430313699888,123.7909959983142,0.0,563.0320387873729,993.4558519702995,1.0,563.0320387873729,243.78516029108346,1.322050699287633,23.9286145,1.9099876233333333,970.7614986913126,970.8947774187162,970.9642486582339,971.18579435558,971.0904688825499,973.4317504166931,975.2539924713901,977.3493248575077,977.4028098502927,979.0672903365123,980.9253016878031,982.4172278878624,126.90577387763638,115.98453434375826,105.21152711251436,97.42965654210423,93.56460013384829,90.07402046576264,90.32175608783065,90.76331866230066,94.14022780312081,97.60797794270545,103.89685069392398,110.4153070709718,23.016306544092703,90.0,0.5545034545012874,1.9367492441748624
2021-07-11 11:00:00-07:00,849.0992666666666,176.30275,0.2537923749089373,10.5,977.414738329773,17.30023613503867,19.35478494248308,153.80486630421058,0.0,635.0453204777956,993.8538189265664,1.0,635.0453204777956,251.0608455034582,1.1163659228106357,25.2824445,1.9996661983333333,987.2486119575715,987.1380079492494,987.8370441042948,987.8453770982036,988.4598641553889,988.4552777452485,988.1029153934128,988.8947241717616,988.8931727912144,988.8988842154984,989.3583012764925,989.3601117026326,133.51126535262316,123.01821405509787,113.09129394536866,105.8496280719755,100.72279481353203,97.9659675637419,97.55625341979848,99.24264634787603,102.91099441716888,108.33588986710562,115.3580192811435,123.43672760049999,8.814116345833694,90.00000147877934,0.6733853459505992,1.8689521978368897
2021-07-11 12:00:00-07:00,862.7745333333334,166.6182,0.255984138104794,11.5,985.029509357761,17.561954575637618,18.453520934514884,197.5889639443095,0.0,630.4994725002132,993.0337401804356,1.0,630.4994725002132,254.3282981677094,1.075641026047434,26.48979322222222,2.1424598366666667,988.7415376219512,988.5571554753109,989.0608961167629,989.060700896111,988.8081123145296,989.3634848328765,989.3638685147852,989.3637455800551,989.0450820369458,989.5991840861471,989.5632788882742,989.5632309713264,129.45110350205647,119.12266329775579,110.3437770419898,103.3606799249041,98.13054234474366,95.67546833802972,95.50985963771235,97.49604784027196,101.78101119635738,107.77176013195346,115.32541991850715,124.29893872131916,5.758105500376787,269.9999943367063,0.6998355917569143,1.8621885222196486
2021-07-11 13:00:00-07:00,819.1564999999999,183.01856666666663,0.2563683207141326,12.5,924.6423240517769,15.421323877486548,25.12946730537155,231.23148337027456,0.0,575.493117981261,995.6877024551657,1.0,575.493117981261,241.44826890329634,1.2762595910721672,27.478556277777777,1.932951385,976.9053864116659,977.0294837860756,977.1718513883054,977.171265543134,979.0899849764075,978.7853386684395,980.7166081345913,982.4510106165625,983.8229482113663,983.872724553627,985.2572816459423,986.7165636473917,125.55092371860466,113.45202416040968,104.10524051049839,96.96118861383712,91.51938230413883,89.07059142456625,87.74514721522877,90.3540232204972,92.53235046229837,97.30148323477594,101.89809957886888,108.84611170958792,20.088421811748958,269.9999985212207,0.5782650411272767,1.9179791783285962
2021-07-11 14:00:00-07:00,753.8766333333333,191.8233833333333,0.2708610650513071,13.5,807.5385082267387,11.090292968243043,35.24102614785839,250.52703456914296,0.0,474.13680871561786,989.6310954310899,1.0,474.13680871561786,224.97972931259284,1.516462841582855,28.154088444444444,1.8153911533333331,951.9116662706879,951.9655938479407,952.1549145437616,952.9410910643805,952.8855065206382,952.7133355011892,952.5341182499523,956.7774977135746,960.1497909073266,967.0923154048199,970.0439430697729,972.9324544874439,114.98008058890453,103.16797424815603,92.81424674077955,84.59532612345177,78.96286259745789,76.07565940266194,76.91678215719571,77.3570378659186,80.53766671341876,83.45611771842076,87.66722555860594,92.93599805713721,33.66690884386133,269.9999982924527,0.47281807992845304,2.024868423592359
2021-07-11 15:00:00-07:00,650.6397,194.46746666666667,0.2928496351007998,14.5,642.5998122118366,4.937794982612877,46.4682417057763,263.18153229685777,0.0,332.02805184631444,928.1964332858677,1.0,332.02805184631444,195.79764068442967,1.852787509066749,28.42846133333333,1.7607889533333332,898.3066569628879,894.2787055330234,890.1837532498532,881.5875034187528,877.1032476596164,876.5603949543713,876.699795054547,875.8134210599216,875.6832236418579,875.0219429372712,875.2974517302484,874.8282714645615,76.64157505603512,72.01114123710629,67.17089842957162,63.73519032307691,60.97900890342135,60.066512011328,62.59532013690988,66.82445761010479,71.86244199762764,79.85389964386817,88.2318328453122,98.11553941650723,46.265135401517455,270.0,0.3887266956332136,2.1658206470211128
2021-07-11 16:00:00-07:00,480.3633,179.60826666666665,0.321537099440987,15.5,434.2672020454103,8.365352165651155,57.985207056128814,273.08855611339607,0.0,187.69553900268727,740.2038541127126,1.0,187.69553900268727,149.116532296841,2.4523286341414456,28.20282733333333,1.53008966,713.1517280704908,710.0304653982563,706.8499570177003,700.1945517361577,697.0763402136406,695.9256629915446,695.5373037027341,694.0251970286247,692.4710749421763,691.9641024043237,690.559233071731,689.0383633960579,61.83998930441531,59.8545421764162,58.2977677122095,56.54211835877604,56.04692146278185,56.24594201492144,58.90762804605284,63.3090643030462,66.9945543608728,72.55403408670303,77.47821100270842,82.77752729005876,50.0,270.0,0.366977778440511,2.214355247456318
2021-07-11 17:00:00-07:00,308.7421333333333,126.67293333333332,0.3424821552699839,16.5,235.25118118040805,21.935223249627537,69.40993089883449,281.9567854045789,0.0,74.33094127052125,469.642902796438,1.0,74.33094127052125,87.99470712122671,2.857142857142857,27.82213116666667,1.0937904916666668,452.8985689112217,451.5610619490062,450.2647316790253,447.38743271665305,445.9524406271879,444.74512452557474,444.20894892240597,442.97451612647336,441.73637258334065,441.14831412780404,439.85945889566875,438.54225568047167,36.28449224745153,35.22232089916294,34.14926677542156,32.92250468547767,31.772263392336786,30.534548488888536,29.852602352224864,29.099677466435825,28.220868537481092,27.37381898751422,26.47295836717483,25.665154300437734,50.0,270.0,0.366977778440511,2.214355247456318
2021-07-11 18:00:00-07:00,155.28681666666668,73.19000333333334,0.2870142799519788,17.5,98.89540821502956,61.77357373104854,80.47168426196274,290.69913418841276,0.0,37.838776376790804,175.64555748837228,1.0,37.838776376790804,30.330541483845817,2.857142857142857,26.64887077777778,0.64670435,162.26171465563996,162.45808994783238,162.87684537220963,163.05194670924118,163.2489115884748,163.40722503617343,163.76773743160058,164.1077067590616,164.41081302826896,164.4124652610877,164.69984847211012,164.9854147179519,9.55113807466745,9.370790426587552,9.44777426545783,9.415179015268343,9.536975819664166,9.677219526548424,9.766934002900793,10.113112833474762,10.265993854074953,10.65230977631525,10.798144674647661,11.217978297091912,20.132782156029347,269.9999985212207,0.5779015263794806,1.9182453858980202
2021-07-11 19:00:00-07:00,1.440083783333333,5.6049731,0.2706139076649233,18.5,5.646037022204665,85.32685883066144,88.36599202093242,297.55525459969215,0.0,3.589664333604348,5.71728086710155,1.0,3.589664333604348,0.005017717682826446,2.857142857142857,23.175691722222226,1.0236236066666666,5.343323662055295,5.342532298810223,5.342532298810223,5.342532298810223,5.342532298810223,5.342532298810223,5.342532298810223,5.342532298810223,5.341286382667776,5.341286382667776,5.341286382667776,5.341286382667776,0.8619733929330208,0.8438426493005495,0.8277178606631704,0.8142697770399608,0.8036481897328015,0.7976157488708636,0.795769650108734,0.7983026224064155,0.8052081059888304,0.8162928069840802,0.831165062062487,0.8508878093251967,3.429133618275255,270.0,0.7200930257794044,1.8589333142252018
2021-07-12 04:00:00-07:00,2.74844465,1.57178945,0.99,3.5,1.5933564137092824,88.71532583240091,89.55039710218516,61.41727328123443,0.0,1.005233445603541,1.63330109464815,1.0,1.005233445603541,0.00010825069557127254,2.857142857142857,19.31780088888889,2.9662241833333334,1.4937412622601542,1.4937412622601542,1.4937412622601542,1.4937412622601542,1.4937412622601542,1.4937412622601542,1.4937412622601542,1.4937412622601542,1.4937412622601542,1.4937412622601542,1.4937412622601542,1.4937412622601542,0.8747473430888599,0.8557758933424924,0.8397425153278368,0.8272888898693161,0.81891266779554,0.8149412040639447,0.8155066864619614,0.8205509419950759,0.8298278708363445,0.8429174690260995,0.8592602097416324,0.8781696485226693,0.9509945440908235,90.0,0.7417013880659107,1.8572806005495455
2021-07-12 05:00:00-07:00,66.37258166666666,40.43847333333333,0.3127019774134658,4.5,48.76614456754764,68.99302742673784,82.79218555304317,67.44515035044543,0.0,23.198576700099167,72.83193580578214,1.0,23.198576700099167,15.6340147277452,2.857142857142857,17.67889788888889,1.2249276783333334,65.68436317776172,65.76763313780032,65.76726818260039,65.8613489969044,65.940596766509,66.02340314522097,66.02302812858481,66.09004158115548,66.09041895176833,66.16134172115827,66.16136263055279,66.21754117565844,6.27170308438989,6.1754096877674876,6.10046330632347,6.049479258069987,6.042566858489328,6.105132638269881,6.158488799989974,6.231431891931891,6.370239559097483,6.475331742563531,6.592952856746804,6.759693017246987,15.010377917812109,90.0,0.6205030010620676,1.891263926290612
2021-07-12 06:00:00-07:00,172.67065,118.22225333333331,0.3257601594238581,5.5,172.0233072015606,27.097324103287196,71.84540935514694,76.26138013009347,0.0,65.84256673335749,306.79791189368115,1.0,65.84256673335749,62.97273201680511,2.8571428571428577,18.45431466666667,0.5963095348333333,285.0336961918431,286.3620172529894,287.52802356741364,288.0890339917907,289.3777876796801,290.61498004461475,291.14881492630167,292.3476486386151,293.0867548694676,293.7783573999353,294.992920071015,295.57164934513185,22.333839887043926,22.58624453396597,22.90722935959934,23.42359633715784,23.530922392485955,24.098432765748626,24.703327929278288,25.298662952124207,25.89519478300954,26.56519394775718,27.6937244744408,28.280334311913496,47.38406514836502,90.0,0.38204559556518736,2.1800621935376343
2021-07-12 07:00:00-07:00,247.9848333333333,200.30976666666663,0.327004068209366,6.5,322.49642412850153,11.233950552325812,60.48059745948807,85.05947663522818,0.0,151.91751378734384,507.2612258194513,1.0,151.91751378734384,118.76294846808635,2.63638167149486,21.633882944444444,0.5629353028333333,464.7261206800839,466.680357489194,468.58254318635596,469.3516900541757,471.2849554174445,473.1519945262571,473.87795437989325,475.547584772822,477.5412746995288,481.8345202974331,483.8533363951369,485.83640673391795,66.93569686302406,64.36903362117323,62.03319528933511,59.294652143946195,57.60394852313897,55.39129104032283,54.33519537101155,54.2533949988197,54.54004480108808,55.637797907211606,56.532051277031066,57.657786139585056,50.0,90.0,0.366977778440511,2.214355247456318
2021-07-12 08:00:00-07:00,314.07756666666666,269.3896833333333,0.3166335502434878,7.5,475.59100522766994,3.5191511644755735,48.964240831251935,94.66768406183837,0.0,260.04770124166885,642.2924358231066,1.0,260.04770124166885,164.1928535417928,1.9478606678265882,23.704174055555555,0.6974137406666666,590.2931073151251,592.2388091348552,594.0955707031408,595.8960010687457,596.7939902016377,598.7136747976382,599.275815146752,601.0829354617274,603.6373016519465,609.2038602921989,611.7685346093297,614.2958969129359,86.2926136669736,80.87675968574192,76.38635961138985,72.04608923192414,69.98031912043315,67.7902361110547,66.81866498102066,67.35139082170328,69.55684809938091,71.62163468016062,74.0208595678898,76.6877213939479,48.86995887274994,90.0,0.3733906920022387,2.1993725959438657
2021-07-12 09:00:00-07:00,383.56555,326.1283833333334,0.2997188838598514,8.5,629.8541016668676,10.021418970670826,37.641427513569646,106.55510495802753,0.0,378.1680069067192,748.8288026058184,1.0,378.1680069067192,198.93582610228282,1.5783220626201704,26.324700777777775,0.7377177516666666,704.5753705369484,706.4202457134766,708.4022627813686,708.8839579137762,710.7764024162935,711.7279204352105,712.5008079729528,716.1211382537226,718.433324303759,721.0995883429772,723.3197212126805,725.8730142712043,104.88821083238322,96.62554531159657,90.08564989573178,84.42233167121506,81.10672898683283,78.30349819340559,79.46348622515067,80.49908637827949,82.26788749119662,85.1759032260037,88.03066558818993,91.2384718307254,36.47494709400181,90.0,0.4527643805460321,2.053025983727516
2021-07-12 10:00:00-07:00,459.77145,353.94713333333334,0.2958232023224604,9.5,762.8885791767457,14.790632890821936,27.196403743578554,123.95661480729245,0.0,478.73218501867854,832.5033923382127,1.0,478.73218501867854,235.2278547774011,1.3231492568046819,27.566085722222223,1.50364981,802.3402437731305,802.5299541180493,803.8601793765167,804.0658699164156,804.2872814098625,807.1816280327192,809.5636661567846,812.1862157454945,812.2271662583189,814.4054278436342,816.7403059941703,818.7008152386121,120.8458180968066,112.02563443669399,102.93382041985804,96.63645236386101,93.84896517227551,91.0572718498516,92.01843574572975,92.58154342184989,96.20939564530975,100.08112223775488,105.21776880945993,111.75997623471497,23.08462988162585,90.00000085377364,0.5539548240318296,1.9372161448888665
2021-07-12 11:00:00-07:00,595.38905,327.87198333333333,0.2668093410632594,10.5,889.122436708135,17.437189590590133,19.496531165836913,153.87800272473453,0.0,577.2966373885206,904.6865942961125,1.0,577.2966373885206,241.97468558839645,1.116984098306556,28.93406677777778,1.8491478766666667,893.6946386083243,893.5891418704539,894.5631704919018,894.5707149506865,895.4267602180242,895.4225799555223,895.3368841332612,896.0763052689845,896.0754679101118,896.0806701503188,896.7184870989216,896.7195108430384,128.35128897238684,118.9226925843149,110.0236256890492,103.5588928021954,99.0094877181092,96.33063535943894,96.45669095663311,98.04221410498232,101.4176259489907,106.35796690756183,112.74446418550681,120.23168468278539,8.860115513369793,90.0000020913098,0.6729886927081423,1.8690755344381762
2021-07-12 12:00:00-07:00,636.4671833333334,307.08775,0.2602410023899839,11.5,910.3717197429079,17.704718089450214,18.582923024000138,197.3896335055425,0.0,582.8038915188879,918.2761916113942,1.0,582.8038915188879,239.95584515110534,1.0753734509886184,29.7961615,2.31956505,911.1635754667655,910.9063688966672,911.6078444825009,911.6076712997472,911.3069558188772,912.0092688881928,912.0096136085716,912.0095288232116,911.6215297978802,912.289021736479,912.2889325666391,912.288885900841,122.30484431050728,112.9998373755713,104.98802149593257,98.87459220100311,94.1843747741685,91.99744071344932,91.87665349900509,93.69724821473413,97.5911335241329,103.02164902964743,109.70268656557022,118.05275764027911,5.737883021970204,269.9999948773581,0.7000111788625898,1.8621531732540402
2021-07-12 13:00:00-07:00,640.6499,284.68011666666666,0.2637152964102645,12.5,864.2680443384,15.565525656686575,25.218778632507348,230.96503716647956,0.0,539.2862779112916,930.2259707731556,1.0,539.2862779112916,235.90710849470972,1.2763431253157844,30.432816722222224,2.034097256666666,906.7987587280282,907.1895895404348,907.4584304273425,907.5764068109099,910.0205999429011,909.7286138034476,912.1532941197931,914.363347463526,916.1961421108551,916.2429706706034,918.0551956317029,919.9134074105575,121.44808303213563,110.24340879352805,101.95556125221333,95.3876293685742,90.5235314045574,88.57679827140782,87.41958281331162,90.31389182117447,92.40160338435268,97.31561395003976,101.62993902578125,108.57802157915975,20.0939022142972,269.9999985212207,0.5782201259081285,1.9180120358895436
2021-07-12 14:00:00-07:00,633.9755666666666,256.2313833333333,0.2746529298996288,13.5,773.5984970352033,11.232214439830555,35.30690864540923,250.3042589252445,0.0,458.05453943280895,936.9426306186238,1.0,458.05453943280895,222.2986062568698,1.5170504573245651,30.64720272222222,1.9472988533333333,919.1388815089089,916.1043305082378,913.0014529422822,905.9616374947833,902.450892184558,898.289197997515,897.8042273181223,897.7514320558467,896.9773381053088,896.841547991899,895.6441128476009,895.3525240221874,95.63212363472432,90.37653277338663,86.88861928910343,82.61293636914016,79.85488049886492,79.17449778038838,78.4396230551435,80.42299309153816,85.3734417772432,92.87852714296605,102.24096152134746,112.99879794980204,33.6948203372155,270.0,0.47261539263845215,2.025138579271932
2021-07-12 15:00:00-07:00,366.0554073333333,240.2857833333333,0.2854831570804034,14.5,492.1451218231801,5.075189738942416,46.52514969447795,262.9979972850976,0.0,265.33342196638137,677.7563662822088,1.0,265.33342196638137,157.01008006852214,1.8543596753606173,30.364772388888888,1.3760356283333333,653.2819628970632,649.6528165013377,645.9612030978777,638.1980202315506,634.1351755200125,632.9419877027834,632.6442931556559,631.1984821195093,629.781184739316,629.3673930243668,628.7035524192886,627.4552598527127,70.54589335991572,66.5414801328551,62.003340407219646,58.28841571644392,56.01289325454436,54.472075570742845,55.68716654543701,58.02917845152269,61.21387249903053,66.07073043600103,71.20049882867252,77.39827836484089,46.310953066908795,270.0,0.38845039666396664,2.1663986662080164
2021-07-12 16:00:00-07:00,504.96745,179.89038333333335,0.3203266292468446,15.5,447.1745047739481,8.382198806530203,58.04118052779506,272.93082908156833,0.0,192.3089558311847,765.5830871792457,1.0,192.3089558311847,152.1069730130488,2.4565299679795816,31.129401055555554,0.9742939866666666,737.9538559960444,734.835634373294,731.657831875131,725.0071256819678,721.898747163594,720.7519158577877,720.3688304759419,718.8484960582974,717.2860642193588,716.7814284024203,715.3744405338889,713.8480947768397,62.489178527096676,60.54114104420628,59.035470939281,57.326250490902446,56.91634970481558,57.22322902824201,59.99860562393164,64.5721746385211,68.40675513485363,74.17347060380726,79.28301678097966,84.77482938694169,50.0,270.0,0.366977778440511,2.214355247456318
2021-07-12 17:00:00-07:00,158.50738288333332,103.77875833333334,0.3071849962306076,16.5,159.36699303856446,21.93378813577089,69.46998130978845,281.81552550730237,0.0,59.95708564646607,293.16801244876626,1.0,59.95708564646607,58.81452119790053,2.857142857142857,29.81595088888889,0.7558957591666666,282.20746058575054,281.00158728223016,279.8166060281168,277.23267097954346,275.9440652335614,274.92992808222914,274.4741621561865,273.4387333969915,272.39146012601174,271.8983442010166,270.81313704520187,269.70807285904016,28.424994045771957,27.391294329878303,26.350280904094532,25.215487535578212,24.13611595973345,23.013687125136695,22.46203835797301,21.877986360954246,21.219331649928844,20.60518938107431,19.969570826659,19.41424139820656,50.0,270.0,0.366977778440511,2.214355247456318
2021-07-12 18:00:00-07:00,73.55128273333334,66.70143166666666,0.3027801304488023,17.5,78.79081497117978,61.99041714775357,80.53955190318351,290.56864995736,0.0,36.8283737864599,119.91734143032767,1.0,36.8283737864599,24.835045217727355,2.857142857142857,27.264054722222223,0.534157547,112.71822331154699,112.57917264930805,112.5950636663696,112.44639443569909,112.28992446796312,112.14425687484254,112.14112563433115,111.98853280936666,111.80627027129484,111.63669832151547,111.43748852408606,111.255949228406,10.778979377026403,10.492837451625364,10.33489859865354,10.07286722822958,9.926058419843878,9.698554523584791,9.592913902714528,9.446167942053325,9.440452858858048,9.5005927225903,9.500588768209424,9.686541443522847,19.95081947203693,270.0,0.5793932895713614,1.9171570054265272
2021-07-12 19:00:00-07:00,4.262123466666667,7.518567383333333,0.3085536359014744,18.5,7.647160985616001,85.05476104273357,88.27105220361919,297.2736324496191,0.0,4.815925359640624,7.878477387178581,1.0,4.815925359640624,0.007500274934273761,2.857142857142857,25.513071555555555,1.3896681641666668,7.251434296833134,7.25122449331879,7.25122449331879,7.25122449331879,7.25122449331879,7.2528957777841825,7.2528957777841825,7.2528957777841825,7.2528957777841825,7.2528957777841825,7.2528957777841825,7.2528957777841825,1.2989592741051035,1.2712123842092204,1.2484675359616262,1.231537473128311,1.2210221427603267,1.2171973839101102,1.220059566357571,1.229996122323527,1.2454939468091488,1.2660030994464895,1.2905734784906817,1.3191657859690242,3.619899275755927,269.99999280597535,0.7184314308583513,1.859137996548784
2021-07-13 04:00:00-07:00,0.3010532666666666,1.4473899,0.99,3.5,1.4500099293622124,88.57517303432228,89.50135561937097,61.663173060207214,0.0,0.9257092665959694,1.454753642743353,1.0,0.9257092665959694,0.0001220535992424001,2.857142857142857,19.20464583333333,1.1181880543333331,1.3693758725763847,1.3693758725763847,1.3694183820822514,1.3694183820822514,1.3694183820822514,1.3694183820822514,1.3694183820822514,1.3694183820822514,1.3694183820822514,1.3694183820822514,1.3694183820822514,1.3694183820822514,0.8055339811980021,0.7880535009073361,0.7732871855398952,0.7618249986099397,0.7541223601335387,0.7504786089502933,0.7510093652166349,0.7556602593456921,0.7641987888498332,0.7762416413289575,0.7924975378127136,0.8100393871900784,1.0523090124957362,90.0000154389095,0.7408173877576237,1.857311512100292
2021-07-13 05:00:00-07:00,57.22081243333333,39.3293675,0.2832121196818832,4.5,46.39488625915627,69.34165613281705,82.90712196200008,67.53933979328463,0.0,22.60069918595445,67.7261803316457,1.0,22.60069918595445,13.53173955118148,2.857142857142857,20.069954722222224,1.6798682333333337,61.033804042918405,61.115936513511514,61.20138788822641,61.27857667049415,61.28586000892279,61.36685778265884,61.358625618988505,61.432941508398116,61.495136753937054,61.502415040288525,61.55165918132571,61.55830749530731,5.55127319889498,5.451472597727089,5.4039711533118,5.369258915979704,5.3529107414621695,5.371495035345928,5.459435695792541,5.5237335601154705,5.608480977380911,5.746586718388336,5.849917747510359,6.004047286738448,14.743158080168097,90.0000017075473,0.6227567662302582,1.8900665220796546
2021-07-13 06:00:00-07:00,72.49633263333334,101.58505333333332,0.305101203820161,5.5,124.04271474644078,27.739153624139988,71.95423711625898,76.36749046867783,0.0,57.81241496589131,190.59245910926006,1.0,57.81241496589131,45.7439921864979,2.857142857142857,23.314246944444445,2.604411616666667,173.3760280538807,174.54325747090135,175.05844349888383,176.18233371823055,177.31013547984588,177.7974999919579,178.861412734956,179.3331919280336,180.4728473353963,181.13614510307042,181.6912123483804,182.75386025869062,18.496719410003774,18.64445702865072,18.995120644349143,19.437627673147084,19.869968090104773,20.42979538134697,20.907372321820343,21.518341022135722,22.075444770703587,22.629542659542455,23.241529745034402,23.78490150341795,46.72061432519767,90.0,0.3859902701715274,2.1715863923926446
2021-07-13 07:00:00-07:00,22.848576833333333,98.36276333333332,0.2906606923658705,6.5,109.58412221321507,11.298203990229515,60.58587584040913,85.17996364689738,0.0,68.29825006706956,113.92351686709274,1.0,68.29825006706956,39.508156327903635,2.645312626711497,23.270253,1.937219905,99.26253287198921,100.57205978395707,101.86107889709119,102.42526425396979,103.69075996307629,104.91915986823727,105.45243685834721,106.64801857994502,106.65648301157017,106.78530700285913,106.79905912334326,106.8114672935237,23.40840603246252,23.451020646896524,23.623010183905976,23.767927376283613,24.119895485744863,24.40349391298123,24.815413178203872,24.72952119586412,24.663392998771748,24.708002825068117,24.66425667181378,24.62418225534401,50.0,90.0,0.366977778440511,2.214355247456318
2021-07-13 08:00:00-07:00,533.5216866666667,274.92145,0.2995102569686685,7.5,624.4539560630662,3.6298979371602926,49.06957611782053,94.80702021528589,0.0,326.5589200928329,894.6160846784952,1.0,326.5589200928329,198.8399329553708,1.9517447285005094,23.601193555555557,3.5276243666666667,833.831698231721,835.3635123785319,836.7907509973991,837.009513137603,838.9161251075101,840.4874797786977,840.7904824020331,842.2313459576616,845.853887597667,853.6434431764561,857.2807609864374,860.8663732671889,102.88605988038213,94.75692395224748,87.81318707735905,81.07939535065215,77.49220587724405,73.73427875618948,71.72606743751432,72.34764325826157,74.58253274199811,78.17642306338833,81.54197698600382,85.3139011960567,48.96962443516589,90.0,0.37281916894476164,2.200683808353126
2021-07-13 09:00:00-07:00,155.291815,391.0559166666666,0.2886209404702077,8.5,513.8395299943453,10.143849687163783,37.752413976190546,106.71793061025704,0.0,318.72863662611525,571.8965270420474,1.0,318.72863662611525,161.86496608592378,1.5803199097494274,23.361103388888885,3.0120533316666664,529.0319352023,531.8320254940179,533.1045650769775,535.7246774708219,537.3312948146133,539.816916126508,540.9871723538679,542.7451839791366,546.0163317764375,547.5213705898095,549.013734446525,550.7950599492069,86.48782911031769,81.46160787130978,78.08949839347508,75.7683194903435,73.10269830473473,72.69664866463985,73.85792420455752,75.06168117168559,75.86515443932404,77.6326900782092,79.99296955689756,82.18081272135923,36.56138164744813,90.0,0.45215818668801083,2.053923698399675
2021-07-13 10:00:00-07:00,401.8532651666667,365.05561666666665,0.2703813963075204,9.5,722.078579422802,14.924572941039264,27.321992997178285,124.13305176167955,0.0,453.6851685064728,786.2654359335643,1.0,453.6851685064728,206.05151444208343,1.324249539290839,23.60775938888889,2.070801573333333,756.4954398358709,756.7741313435534,758.1441178036318,758.424060638316,758.9792412877257,761.5859772264648,764.2411546801065,766.3643130462976,766.6370691120869,768.842530715729,771.1675566838966,773.1546844700861,104.93057071619451,97.65655079243896,89.95498078109023,84.6977278704644,81.85963653429006,80.71030728955166,81.30829146240076,82.44916111385703,85.19151260590053,88.64402887547045,93.19485346098651,99.06033628069167,23.152969305711792,90.0,0.5534063432591693,1.9376844641108106
2021-07-13 11:00:00-07:00,745.9848333333334,294.2837166666667,0.2576087684317861,10.5,996.8543170928837,17.580521576370217,19.64344992689415,153.96190318610118,0.0,647.4860110933648,1014.4211267992009,1.0,647.4860110933648,261.1852158528845,1.1175872264247861,25.610224055555555,2.121990305,1004.9313097107791,1004.9236037797631,1005.7425539529428,1005.7510416236524,1006.5636610742539,1006.5589619808626,1006.4661789090586,1007.1678512632027,1007.167405328916,1007.1732515403876,1007.7798559178358,1007.7803468267355,138.58219823814954,128.01346694019247,118.02326677895495,110.75279619274141,105.62391944229088,102.58443026818101,102.61874378452674,104.35036432603614,108.0920142983207,113.58000107533051,121.12911625910094,128.9551361096447,8.904982321276822,90.00000241483653,0.6726018516799097,1.8691964484007204
2021-07-13 12:00:00-07:00,432.2538715,346.33485,0.2697689681545851,11.5,755.7241395255942,17.85356875530659,18.71901681716922,197.19372434869078,0.0,483.8847944384569,762.6419668811129,1.0,483.8847944384569,207.20179660964632,1.0751366592015021,27.028090833333334,1.8450389916666663,755.1156301913265,755.1156710739642,755.1157441483147,754.4145507649023,754.8069193394401,754.8069704969906,754.8066883547183,754.0755517607402,754.3740914246748,754.3742310544224,753.6437875909069,753.8847657816611,102.75938233839572,95.82496335737233,90.31772653488771,85.83481415684678,82.61042780907026,81.08717645207527,81.15741681164715,82.92399669973699,86.74541060686113,91.698011164339,98.25463244567761,105.87960652654212,5.719987317802505,270.0,0.7001665683197923,1.8621219948751877
2021-07-13 13:00:00-07:00,5.036757483333333,196.50503333333333,0.2828902053483242,12.5,201.05813241017995,15.715345049549969,25.3145155991202,230.69430778831304,0.0,131.37511782435206,194.27170051443267,1.0,131.37511782435206,56.87691748223142,1.2764781950488864,25.651988111111116,2.1347477833333333,183.2488517643199,183.87448837640991,185.21785386186846,185.7775272443359,185.02883189151743,185.5945405134493,185.49860001992906,185.39751322331213,185.23738365365912,185.2435908098484,185.09925456457023,185.015632615274,31.992256100955878,31.179419928407626,30.542910853001295,30.29481511386163,30.44352727719501,30.205600202165925,30.46161427021379,30.77613389405526,31.310456735242425,31.739767458054754,32.28884081730551,32.80628364924783,20.10276263987043,269.9999985212207,0.5781475126772012,1.9180651764348824
2021-07-13 14:00:00-07:00,0.1923559333333333,51.45206333333333,0.2569451355342328,13.5,51.60889974232889,11.379185462300171,35.378531305005666,250.0758284285875,0.0,34.58020637339767,46.43057013401532,1.0,34.58020637339767,14.478451439367944,1.517726647989915,22.607596222222224,3.0240047,43.592014698083695,43.70228941901375,43.81672638621926,44.263637539854734,44.38195402416482,44.23008594788347,43.951023775969084,43.706843526568896,43.15289809685056,42.892822725922954,42.26846143481365,41.98780633014966,8.701366196920732,8.725716691198844,8.913289785277877,8.914300352752253,8.910440224500281,8.641267861198795,8.803239649456183,8.840562995328742,8.627635543583954,8.623227824233185,8.51152056213121,8.469567004279222,33.72690856016814,270.0,0.47238245617472724,2.025449405538427
2021-07-13 15:00:00-07:00,117.64043131666668,317.05025,0.2896649758908687,14.5,397.898305883596,5.217064513792114,46.58740678648495,262.80921676327335,0.0,237.0306009380794,465.96618275851256,1.0,237.0306009380794,134.0114011594983,1.8560978888599666,25.3270765,2.019951551666667,444.20432244519645,442.64408016561003,439.68114937804353,437.55051457119134,435.99377332350866,433.1083202796585,432.0806028330612,429.3621534482535,426.570477457733,425.44204990110677,423.1985158790896,420.42327392207085,72.13557150127896,70.32470728682682,67.4428630231663,65.6040868906526,64.55642073713143,63.86018429377321,63.502082112295696,64.80706025743629,65.20222498448183,66.39865137772199,68.84137946062525,71.51379965152884,46.3614962074409,270.0,0.3881458693819353,2.1670368126695614
2021-07-13 16:00:00-07:00,27.88546726666667,230.13583333333327,0.2919359421147043,15.5,244.87060540171083,8.405310801423429,58.10236648354304,272.76845694296736,0.0,154.3160981066982,246.8870721516937,1.0,154.3160981066982,84.67259317362502,2.46110684674884,25.5165995,2.499572366666667,231.5536611318584,232.14488042349626,232.74235702776588,233.7341943688653,234.36991457238446,231.71339299077187,230.5438713605663,227.80875385059784,224.99466822019582,223.74417231100887,220.88392908599718,217.97111142066143,52.13678428555539,52.77760118567956,53.41709252164658,53.84843282098037,54.51708546759891,55.2259048494983,54.31857355372117,53.674064681084715,52.89067185526709,52.61194723107013,52.27685449364128,52.25610750801999,50.0,270.0,0.366977778440511,2.214355247456318
2021-07-13 17:00:00-07:00,0.7839918,115.372185,0.2871074069378946,16.5,115.64629250846349,21.936294346141686,69.53527853657162,281.6701493941058,0.0,75.21591602017362,107.39468805719405,1.0,75.21591602017362,40.59866429913815,2.857142857142857,24.72287161111111,2.4034769,100.00795409938337,100.41051046159737,100.82154699934054,101.536560609572,101.95582362320664,100.5205202066551,99.87936025221677,98.42202107634685,96.92378489751346,96.2436460235597,94.70852602007486,93.15095175687983,26.24011073981396,26.611625216771117,26.956135935749803,27.19606100700063,27.48935284517016,27.758829796871417,27.06672037965426,26.406190226694374,25.71100481105425,25.173528243813042,24.644532555900515,24.26590472968683,50.0,270.0,0.366977778440511,2.214355247456318
2021-07-13 18:00:00-07:00,0.6576742,35.408815000000004,0.2809276976001881,17.5,35.51608508748897,62.22407530568137,80.6128201731309,290.4345124745539,0.0,23.22563884880356,34.014952093145354,1.0,23.22563884880356,9.774050750940145,2.857142857142857,24.419174666666667,6.139876183333333,32.21501669525,32.26101278197539,32.44646190428612,32.31889111796694,32.371300035094876,32.558739771058214,32.43698676202542,32.49426129615585,32.568008146885084,32.44648573348381,32.3343996578442,32.204075976274154,5.714123527424817,5.690834037061209,5.569727025461707,5.555241729349725,5.436456415349334,5.438257670875327,5.384519917565039,5.385380865606339,5.381418085345265,5.4164328552754695,5.503462021025014,5.611947235622922,19.75649001351606,270.0,0.5809883375884586,1.9160051244620617
2021-07-13 19:00:00-07:00,0.6878561,2.108042033333333,0.2672785148574047,18.5,2.127820747764191,85.28757086111159,88.35228170627643,297.1457744379372,0.0,1.3500967771142989,2.1626477355896285,1.0,1.3500967771142989,0.0019049083816703955,2.857142857142857,22.90803233333333,4.99128345,2.014502103630385,2.014204470268996,2.014204470268996,2.014204470268996,2.014204470268996,2.014204470268996,2.014204470268996,2.014204470268996,2.0137358786180766,2.0137358786180766,2.0137358786180766,2.0137358786180766,0.3201976045237774,0.3134647492151859,0.307476933786031,0.30248262089839034,0.2985369939262061,0.2962959435881417,0.2956093382539462,0.29654924089468176,0.2991134804168316,0.3032305960232995,0.30875510028252035,0.3160818507437563,3.4452130428924805,270.0,0.7199529587442085,1.85895013965435
2021-07-14 04:00:00-07:00,0.0300964666666666,1.61514185,0.2554655600781771,3.5,1.6153393332458237,88.92577639611721,89.6240409935002,61.75583024271112,0.0,1.0329013615095997,1.6156288083812966,1.0,1.0329013615095997,7.727838767549196e-05,2.857142857142857,17.00755061111111,1.039874922,1.5270340737975023,1.5270340737975023,1.5270340737975023,1.5270340737975023,1.5270340737975023,1.5270340737975023,1.5270340737975023,1.5270340737975023,1.5270340737975023,1.5270340737975023,1.5270340737975023,1.5270340737975023,0.2319484197543401,0.22692265465899883,0.2226720074746887,0.21936721421650243,0.21714128797966123,0.21608240500451648,0.21622771144398123,0.2175627480488111,0.2200240861952351,0.2235012674601547,0.2278455517359423,0.23287660647556863,0.7926518601112361,90.00003270075668,0.743083028254531,1.8572385507177427
2021-07-14 05:00:00-07:00,4.277097299999999,52.28604,0.2952956635212692,4.5,52.80546205067354,69.69735087347583,83.02463040682792,67.63946766318952,0.0,31.417427096882744,59.718548095415784,1.0,31.417427096882744,15.195989189718427,2.857142857142857,17.86500238888889,0.8313633748333333,55.683454761274106,55.811433703458285,55.74426993081749,55.86627070702268,55.81980289342777,55.635724398177025,55.765057604843776,55.591381447525904,55.724334682555764,55.54176517607591,55.678487540962784,55.505276695602596,7.910421853290371,7.716615974697415,7.595538838372656,7.563301048775152,7.5390847085874215,7.524221998537863,7.584439566262414,7.695514787706315,7.765891093116091,7.898932978254026,8.060013895071505,8.161667853712844,14.470961165425965,90.0,0.6250553539195741,1.888868442700676
2021-07-14 06:00:00-07:00,7.774819833333334,124.13595,0.2915411206785138,5.5,126.53007379905614,28.380710867060248,72.06529088551228,76.47987135783808,0.0,77.56972303979258,132.95732417435485,1.0,77.56972303979258,42.7038419252179,2.857142857142857,18.397462666666662,1.0354460646666666,118.20641351500967,119.78559700312961,121.33239245013326,122.83661739757517,123.53499993577222,124.99926725091079,126.41943726399869,127.04921946971675,126.64733750401022,126.0937891811845,125.71233202811469,125.33633928422167,24.083266348609364,24.390875694354122,24.860583898995035,24.84664214030957,25.488311398979302,26.22033732175406,26.860877920908443,26.641972467412476,26.480595495002582,26.223371313227684,25.938149963096606,25.623448227203845,46.065462414768625,90.00000085377364,0.38993349903349567,2.1633068105677653
2021-07-14 07:00:00-07:00,6.022459583333333,190.71291666666667,0.2907586481568796,6.5,193.66082467468667,11.363906655648323,60.69321448647439,85.30726762090262,0.0,125.05830153238138,184.40405361246505,1.0,125.05830153238138,68.02868168416515,2.6544829615577523,18.936609444444446,1.8441588,160.74315581008972,163.21806932703197,165.6555036348393,166.72607306072592,169.1140698933645,171.43315589270392,172.44431939563353,174.71260930918118,174.1322451896783,173.19183401285997,172.63821323095073,172.0910861643099,42.073194217387396,42.34477948875594,42.861475724715156,43.35288326704532,44.18519369397184,44.91874235748734,45.822090830811234,45.28154636306395,44.745768597169786,44.36633405835995,43.815627604311956,43.247387404742085,50.0,90.0,0.366977778440511,2.214355247456318
2021-07-14 08:00:00-07:00,19.863520666666663,301.78355,0.2936943074428473,7.5,314.7688106668197,3.7468948443833052,49.17703061403921,94.9540536214937,0.0,204.25731503781984,301.94075660985266,1.0,204.25731503781984,109.08356933537522,1.9557122368410025,19.422833944444445,1.754364125,265.0986865265314,268.7271519907861,272.2921912932104,273.8088826475579,277.35346654783984,280.7541704914077,282.1980915715201,285.52058980474783,284.84824920595736,283.84890680781945,283.2133832850322,282.58602865701437,65.31442090182514,65.14609151889485,65.46045652216796,65.84028415948703,66.93193576027684,67.96321056883924,69.2640969349826,68.62917094558314,68.12859680065904,67.90091393227517,67.41413781654131,66.9101363324224,49.07091851700984,90.0,0.37223947671210406,2.2020184810271304
2021-07-14 09:00:00-07:00,9.235941833333332,309.05985,0.2929369191142494,8.5,316.35115914365196,10.272666609744691,37.86590910366517,106.88978850860747,0.0,208.4612051861302,299.558780554413,1.0,208.4612051861302,100.55694715616309,1.5823445030795744,19.8712235,1.7404342183333334,270.76712144899284,274.0187818778252,275.51666847756184,278.6194606963763,280.29793261170437,283.2361927595639,284.5879194947031,284.1014288678701,285.38267970068614,284.88717572820855,284.41540512010954,284.18715978485716,58.48132580415149,57.121613656148625,57.113118447451264,57.57326145530725,57.24262884043123,58.33150346179924,58.47034870909977,58.54759184977139,57.75286575845626,57.75194137651329,57.910266151893566,57.86007397250907,36.64871015463768,90.00000120741828,0.4515464116171463,2.054832554126878
2021-07-14 10:00:00-07:00,2.074828833333333,291.4765333333333,0.2912748588649831,9.5,293.31774725783765,15.064949776282672,27.45102331326615,124.3201432299255,0.0,192.16977251134037,282.9263493019902,1.0,192.16977251134037,86.4929514741325,1.32535026265018,20.295894444444446,1.48990543,265.5917522741961,266.5834371836469,267.7271523028705,269.704757320424,270.71792414634024,270.4684009458059,270.3332061076115,269.0858316802733,270.11281268810274,269.8794920597911,269.7670435043198,268.52450511263953,48.58765347096119,47.431263543557634,46.49353462406922,46.48125145508662,45.70627562494194,46.437216431044696,46.24963127303973,47.28637914206838,47.37374170816077,48.56552870964946,48.89950548561677,49.66138533771885,23.221243433867443,90.0000017075473,0.5528586658232273,1.9381536420614134
2021-07-14 11:00:00-07:00,1.6073329166666668,256.3629833333333,0.2878728463666331,10.5,257.8753349263567,17.73018550857805,19.795478428932427,154.05641598379566,0.0,166.34661269610635,255.0902724231587,1.0,166.34661269610635,73.10023111746567,1.1181742133944288,20.747478277777777,1.1566236416666666,243.25031488853435,243.24932867807684,243.18782432992467,243.188718838823,243.16153062114049,243.16093229155936,243.16023910055253,243.1107272945791,243.11095471671877,243.11165541793227,243.09210194697414,243.09212924310853,41.1020953376512,40.03695420851279,39.10224251546477,38.50719977541493,38.169769639130195,38.04624237598251,38.2466569824781,38.65914306679103,39.28496266165857,40.07399123079095,40.97416712748568,41.96617680775312,8.948637171580593,90.0,0.672225505687292,1.8693146776816665
2021-07-14 12:00:00-07:00,1.6474728333333333,275.94315,0.2887180171273256,11.5,277.5021557514822,18.008445538321993,18.86175894815976,197.0016215511121,0.0,178.05394854982143,275.8116790796357,1.0,178.05394854982143,79.12689236530379,1.0749316920131586,21.21019961111111,0.977575895,262.6404669272768,262.6404764102232,262.640488898892,262.94443878447953,262.6615610876007,262.66157099351443,262.66152475410007,262.9538866554362,262.67350596965395,262.6735184523608,262.96599560542575,262.7048298200243,45.05245435888306,43.876979809935044,42.86617305015706,42.008357764031224,41.33559936413901,40.93941559320569,40.80313049244399,40.94436417432989,41.42707127613872,42.154689839111846,43.12869056897836,44.32003380146566,5.70449428484416,270.0,0.7003010991676831,1.8620950808907628
2021-07-14 13:00:00-07:00,3.423075,326.26585,0.2878161108397201,12.5,329.3576061397462,15.870710370923746,25.416708884496984,230.4197395260996,0.0,214.63104881007789,320.5686391318667,1.0,214.63104881007789,95.01948585766439,1.2766658522921026,22.16567733333333,1.19893428,302.9323402363337,303.8935428177192,305.976385430065,306.83851730984713,305.75538631413474,306.62140664708755,306.54646137383963,306.4573868211211,306.2659282323366,306.27683204302986,306.1084943308642,306.03575338999946,53.11471716408312,51.56101843459373,50.364791209601826,49.8127124642653,49.91757225926245,49.510956891042206,49.8815233890431,50.445831459138326,51.344715768117005,52.14960314394018,53.11025795510891,54.10908175484655,20.115070793637468,269.99999914622634,0.578046651338697,1.9181390320512564
2021-07-14 14:00:00-07:00,2.3048856666666664,290.5337666666667,0.2889883306111914,13.5,292.41123836750586,11.531126192807173,35.45594831195168,249.84202015585421,0.0,193.05538088662314,275.5120324141164,1.0,193.05538088662314,90.48067647144475,1.5184928313615296,22.628358944444447,1.3882438185,260.1035888240014,260.49414268608405,260.9024582391802,262.71232550919535,263.1179845172659,262.1528141733178,260.74636806373417,259.5614120790974,256.80270331869826,255.53692348388623,252.38742677830078,251.01012465967338,52.150259622868695,51.96045095054049,52.68784835267517,52.419784674364145,52.21662667050342,50.79716371467487,51.504116438891145,51.77046443626502,50.950708449953886,51.315185038012814,51.27726297911809,51.69183410103805,33.7632283805661,270.0,0.4721189065433949,2.0258015363861865
2021-07-14 15:00:00-07:00,0.8702761666666666,169.2929683333333,0.285088256883046,14.5,169.8903162268549,5.3633335026523925,46.655066260512584,262.6153756621209,0.0,114.45259693837255,148.29666578911852,1.0,114.45259693837255,58.05193674857158,1.8580046812820523,22.652561055555555,1.56089871,138.38203157303667,138.82687111067176,138.17650435308988,140.04894431201348,140.53192086149178,138.35879396471876,137.44990674516643,135.37051949575456,133.20628807533893,132.45641163375234,130.27061871499913,128.03916934723844,37.64682010049711,38.00655777971713,38.333776117740584,37.72498546485435,38.00693582655488,38.283993721785066,37.33128019868429,37.23906388999708,36.38537296280575,35.64934215312075,35.24201213950716,34.951686778814526,46.416804410053324,270.0,0.38781295481046263,2.1677357370842607
2021-07-14 16:00:00-07:00,1.54741465,34.766425,0.2501631021553904,15.5,35.58255990829692,8.434992758074594,58.168810310781794,272.6015782603225,0.0,24.171188810664646,29.58701802221285,1.0,24.171188810664646,11.4306520476428,2.4660650213669317,19.216920666666667,4.478618883333334,27.477552965378298,27.624715248682943,27.773876703265984,28.04554891802567,28.19992369762218,27.736527988773393,27.52591908122021,27.05360825030666,26.56819738249252,26.3450163531604,25.848029846791235,25.34345683381875,7.7129325505310815,7.84679875038954,7.973625209436931,8.073324236581364,8.187757236240058,8.297411765204794,8.086174958586069,7.886863573173156,7.67988769194851,7.520396272746817,7.3647386630474445,7.252621589275451,50.0,270.0,0.366977778440511,2.214355247456318
2021-07-14 17:00:00-07:00,2.5738417833333336,57.96042,0.2711908095613144,16.5,58.857342659520384,21.942913042305072,69.60585769070602,281.5207703325138,0.0,39.883272963785956,49.39898291490575,1.0,39.883272963785956,20.015258380925296,2.857142857142857,16.64149711111111,1.9745288233333331,45.74351594113938,45.98699020993544,46.23416180671564,46.67870991201776,46.93317555227341,46.1646540217463,45.81870842726162,45.037667286328904,44.23460690397457,43.86803761587055,43.04538027961156,42.21060523789344,13.372107822274906,13.592950324046962,13.799899954922541,13.956123271593587,14.137429665861445,14.307637860729468,13.942194419085109,13.593287251311775,13.229865683231576,12.947005311413145,12.67057493555011,12.471167516571805,50.0,270.0,0.366977778440511,2.214355247456318
2021-07-14 18:00:00-07:00,23.58658555,59.65446166666666,0.29193630221968,17.5,63.46959196441775,62.4745290509043,80.69151269847991,290.29682003715425,0.0,35.422733153074084,79.14592724152243,1.0,35.422733153074084,18.705185940061057,2.857142857142857,17.478587277777777,1.7073437851666666,74.4870702360788,74.64503829792827,74.63041314629447,74.4739485923497,74.63315661821123,74.61836006747703,74.46128146321861,74.44446905582679,74.44785766316049,74.26221571984246,74.09230220504942,73.89338041292409,9.409638281028354,9.322845650748874,9.106843533593606,9.032987718897571,8.824861204024097,8.778293349782054,8.623773191856642,8.580850659905181,8.62464658050251,8.612326396464459,8.787299484519691,8.932397786374173,19.549933469291602,270.0,0.5826858761642545,1.9147926378186892
2021-07-14 19:00:00-07:00,0.5591043666666666,3.8092425,0.2642133976856815,18.5,3.8244722512732885,85.53631103519128,88.43909568650291,297.0146897659737,0.0,2.439291672127537,3.8496753660103806,1.0,2.439291672127537,0.0030807003752592738,2.857142857142857,17.74340388888889,1.4730882283333335,3.615626758365627,3.615626758365627,3.615626758365627,3.6164735058230315,3.6164735058230315,3.6164735058230315,3.6164735058230315,3.6164735058230315,3.6164735058230315,3.6164735058230315,3.616962351619377,3.616962351619377,0.5643008681977277,0.5521414107651706,0.5416222244008229,0.5342577187973957,0.5296591098890328,0.5279591132735691,0.5291680392741083,0.5331664176008104,0.5397145158440899,0.5491702572608074,0.5599068838619472,0.5719824046166835,3.259246832941132,269.9999921750353,0.7215730425299924,1.8587603491049842
2021-07-15 04:00:00-07:00,4.659918316666666,2.2351322833333334,0.2347318531001581,3.5,2.2555045594367598,89.28430649435747,89.74951295736996,61.85428358964345,0.0,1.429270719955052,2.2932913983445005,1.0,1.429270719955052,4.737987199052023e-05,2.857142857142857,12.1899735,0.6673389191666667,2.1173318926611104,2.1173318926611104,2.117330421996427,2.117330421996427,2.117330421996427,2.117330421996427,2.117330421996427,2.117330421996427,2.117330421996427,2.117330421996427,2.117330421996427,2.117330421996427,0.29491089548625277,0.2885308163352517,0.28312739160059464,0.27891970893910595,0.2760792373878588,0.27472070864035114,0.274895072557075,0.27658782008869015,0.27972041097663575,0.2841550384436399,0.2897115942685973,0.2961442354678711,0.5275984994783098,90.0000213614098,0.7453958995945942,1.8571852535226698
2021-07-15 05:00:00-07:00,238.94463,39.86882666666667,0.2578422760337741,4.5,68.39011902797749,70.05981957004757,83.14462416667854,67.74552951700082,0.0,19.223071476132183,141.4827663260971,1.0,19.223071476132183,19.001680230641334,2.857142857142857,13.314539055555557,0.7641978568333333,122.81872691328027,122.89229343248661,123.11351693551114,123.16686930323891,123.42967591909125,123.6672438514805,123.66718254867713,123.89104125591041,123.88549281079057,124.0908109508485,124.09104304769558,124.27724041106656,4.48261355212794,4.453437678470521,4.398077210664801,4.36153292399359,4.422249143932515,4.494422091299149,4.530296441822975,4.663526986762823,4.7889561527199405,4.8608686877157465,5.044804494978286,5.187693045997229,14.194072299872865,90.0,0.6273964560993404,1.8876721334528654
2021-07-15 06:00:00-07:00,485.0441333333334,90.95764333333334,0.2933308919944754,5.5,239.40671516929257,29.021665786899092,72.17849128757304,76.59850234979922,6.217248937900872e-16,41.393866879930805,581.0692735719504,1.0,41.393866879930805,77.07310529466207,2.857142857142857,18.1069425,0.4579936921666666,553.8312314168583,554.6652445312712,555.4800376408438,556.2746092864719,556.64179131778,557.4134092899819,557.7520007787534,558.4892130493123,561.7510331999799,563.5141849289274,565.5314293151885,567.2033377651737,12.69663160475338,12.849459907785649,13.046652083046371,13.357866881580152,13.698854723184315,14.053038057204112,14.440149286783159,15.97404327710651,17.5775568335204,19.168087776990777,20.781044295224397,22.414969695130754,45.41849714161535,90.0,0.3938736554091385,2.1552197083912263
2021-07-15 07:00:00-07:00,631.7824999999999,127.19806666666666,0.2998943576903244,6.5,435.39478249845195,11.431182085131468,60.802543153674314,85.44135087613392,0.0,157.17505064255428,835.2176519765825,1.0,157.17505064255428,138.08606000876318,2.663889437036481,20.43063138888889,0.9400741283333331,786.9857304082143,787.9748858634471,788.9140419783657,789.2208250317983,790.2772816763422,791.2728472780989,791.5831201884996,792.2509575191077,795.6746168938616,802.8797451714526,806.3709404567772,809.7989922347201,76.89240364954166,71.74220021761508,66.67869690006422,60.89228303855623,56.63430184407315,51.496613284368046,48.42716310486858,47.95705154291501,48.17540785785114,49.707655614972204,51.08030211009235,52.914960975919854,50.0,90.0,0.366977778440511,2.214355247456318
2021-07-15 08:00:00-07:00,708.751,157.67268333333334,0.2885974893285801,7.5,619.9742535960634,3.870127435192574,49.28654455488625,95.10872314661628,0.0,300.87923998351755,953.2799835899928,1.0,300.87923998351755,182.69560933285752,1.959760956945885,21.05258311111111,1.431131085,901.053701324872,900.6278585424997,900.3075632287309,900.4828462308471,901.2421482382244,901.6756803787347,901.4439995936744,901.7479186560302,905.7587413141475,914.2218812254009,918.2283019110837,922.1777841458228,92.25204988450476,82.78195484303056,74.46160208136881,66.36611984190885,61.63756503795753,56.682144733821794,53.7094674712306,54.267244234630624,56.54995089100465,59.608229846341025,63.885834243994275,68.6690809155243,49.17375568640805,90.0,0.3716521614250482,2.2033755803672075
2021-07-15 09:00:00-07:00,767.1875833333332,174.68398333333334,0.2706237141516515,8.5,779.3855272103963,10.407846398837352,37.98186385943016,107.07057711830225,0.0,450.4039710989896,992.8422053532257,1.0,450.4039710989896,215.89814948196977,1.5843941757583324,22.370736722222222,1.7235735633333331,952.9987591304247,953.1185716084418,953.1335266908228,953.6631098248749,953.6644848898285,953.6775025835877,953.7547033044847,957.4047825844814,961.1584762503171,964.4458737781584,967.5447436220936,970.9575593528659,111.70335160180144,100.07681895049686,90.02269460276652,80.72209983457557,74.75065231859023,70.82393388696187,71.8866968733949,73.10242100342526,76.01299400993082,78.55841297342187,82.91656762181233,87.2074174928061,36.73685203912773,90.0,0.45092964153295934,2.0557517648879062
2021-07-15 10:00:00-07:00,732.9964816666667,224.58355,0.257501530911229,9.5,874.2657160771785,15.21172849064146,27.58345083516603,124.51771276476615,0.0,544.6600309862089,966.8317611959494,1.0,544.6600309862089,233.05689154265437,1.326450145689678,23.830338166666664,1.6719333016666666,941.4148590629543,941.2456470467139,941.6377029320086,941.5345417225869,942.0191691960661,944.6004900113114,947.2157684420171,949.6802603282098,949.6202935774802,951.7892652733032,954.1047637655072,956.7427370900613,118.22136715035772,109.43136479155744,99.28328599267361,91.94345378603839,87.85290526482699,85.01753672876848,86.10827194405424,86.9575002223615,89.6781772245034,93.69882492797984,99.5501271779879,106.34797437720026,23.28937454948861,90.0,0.5523124146444078,1.9386231380376537
2021-07-15 11:00:00-07:00,695.6130511666667,255.46431666666663,0.2512496422602937,10.5,909.3235512964519,17.886130960822157,19.952555450867223,154.1613651428038,0.0,590.7065623791655,926.55933965894,1.0,590.7065623791655,233.20421339558982,1.118744052846711,25.79854838888889,1.762216198333333,918.0599483685753,918.052976061308,918.8994924419492,918.9071991054375,919.7327863819935,919.7285090180795,919.7243976629483,920.3597854163547,920.3603000353268,920.3656088920361,920.9817869214696,920.9810867163121,123.3228097382941,113.81379098731465,104.81937428802418,98.27389232287356,93.65733951970158,91.2947309337758,90.99881419443835,92.54097017235505,95.90497084509342,100.82122882856541,107.65043867361008,114.67248681870362,8.991004401537172,90.0,0.6718603033667011,1.8694299680702158
2021-07-15 12:00:00-07:00,742.47365,240.7577,0.2479919313085181,11.5,942.733478432565,18.169286888303148,19.0111015287071,196.81367783785674,0.0,603.4512849222787,951.2173881073506,1.0,603.4512849222787,237.00876561941638,1.074759470305135,26.537657000000003,2.24609241,946.9921558348684,946.9922094459778,946.9922992462839,946.267112317468,946.7041929608565,946.7042171358565,946.7038691334417,945.9442402716148,946.2918192005944,946.2919956604983,945.5332348859138,945.8342252062312,115.7574829277578,107.2772336461407,100.50011366065779,94.99866139500362,91.0676451235435,89.24172589724454,89.38922213568037,91.63769834629147,96.42700156352731,102.65655696515226,110.81374625901113,120.27321594095092,5.691475702082131,270.0,0.7004141464011575,1.8620725216933993
2021-07-15 13:00:00-07:00,249.70120161666668,253.4188,0.2704542161498059,12.5,478.7477849921076,16.031548293613785,25.52538247759107,230.1417710050959,0.0,301.6530850392117,507.36929241202836,1.0,301.6530850392117,135.81868429783478,1.276907097869933,26.888827944444447,1.7634550066666668,498.0974302002352,496.92966995946796,495.78847331404427,495.76432048294157,494.595359164023,493.2064141955515,491.6956807579874,491.47989845659106,490.32387669744116,489.9973904735634,489.062011209816,488.7387048425911,66.13651426982058,62.33814103459052,60.210999342091434,57.472757470251864,56.097972670966556,54.528337363954854,54.931014138038464,55.690342110010135,57.761008485063876,60.83370833691019,64.6160171647238,70.04517744057561,20.1308900627252,270.0,0.5779170291999907,1.9182340199054115
2021-07-15 14:00:00-07:00,14.947202066666668,177.43030666666667,0.2866062865799487,13.5,189.59311326942142,11.687954338328172,35.539207911928855,249.60311228214024,0.0,123.68091973725275,186.46268946164847,1.0,123.68091973725275,59.97190456322011,1.5193503854337878,24.66911127777778,2.731209016666667,169.36105948269454,170.15872135363475,171.99838720832008,172.72758623770875,174.3316876641416,175.01222381312738,175.83269715394562,176.83955254452604,177.03332819295395,176.85724965232362,177.02044275191696,177.29538691474517,33.23734043489827,32.22844739459131,31.975508284023764,31.54530778454593,31.86925807392018,31.897188560569536,32.06136499650927,32.59410864829791,33.04749935470262,33.5931390836181,33.50826053812529,34.04809106244057,33.803830103718134,269.9999982924527,0.4718244180794398,2.0261955769303093
2021-07-15 15:00:00-07:00,306.5638881166667,184.15621833333336,0.2870289006640092,14.5,394.29361742089304,5.513911095826964,46.72817585056696,262.41665999427795,0.0,210.97729000036074,552.5011742151252,1.0,210.97729000036074,128.00641838660727,1.860082550432855,24.446042833333333,1.45644512,532.5690068381241,529.2227021299516,525.3761676352411,518.679667678788,515.2833884743224,514.4590989488499,513.9433604118468,512.9091727182506,512.2695176161461,512.0268214025141,511.22393192769573,510.34976871283163,57.25307383737758,53.61810886293301,50.25011148246374,46.812719380624706,44.03404897467179,42.476568580904505,44.002843627891174,46.010118420698426,48.21446038707337,51.622788227387176,56.60012518474111,61.77246202771482,46.4769124472171,270.0,0.38745153148542505,2.168496044973553
2021-07-15 16:00:00-07:00,577.51275,148.81306666666666,0.3133734785772391,15.5,452.7892929296231,8.471534746804474,58.24055196785194,272.4303319148854,0.0,185.60919959644428,810.9769397455377,1.0,185.60919959644428,150.86589725644805,2.4714102754796787,27.159009277777777,1.5071531283333333,783.5620011410379,779.8455819135597,776.0599409822532,768.1987907071741,764.4726499569026,763.6761431980957,763.4530057091164,762.262304360642,761.039811089146,760.6982484922521,759.6521614212281,758.4850530975222,59.31895232693127,56.874577447501686,54.916137749940525,52.78312657318576,52.02034126264116,52.03448317686847,55.20993363251126,60.29174910535033,64.59853752780676,70.90954592174275,76.51819766233177,82.48153977817641,50.0,270.0,0.366977778440511,2.214355247456318
2021-07-15 17:00:00-07:00,408.0354725,105.28310666666668,0.3239382354307961,16.5,246.9670581462238,21.953811423521866,69.6817484855663,281.3675011453372,0.0,59.7101748856337,556.8979207995292,1.0,59.7101748856337,88.10703557431793,2.857142857142857,27.29777383333333,0.778767622,539.9016643734618,537.8601065418854,535.8788259990852,531.5651985033928,529.3846375796612,528.5007057880956,528.0967546225454,527.1875472443738,526.2848924874876,525.8385029918969,524.8883189314863,523.9229657201254,32.642805884841316,30.937321911220696,29.224897000023724,27.387079090909776,25.605577600289426,23.730281320906155,23.160100561786592,22.49571879352333,21.712395690822184,20.888482284729374,20.031533947051596,19.210735797993834,50.0,270.0,0.366977778440511,2.214355247456318
2021-07-15 18:00:00-07:00,71.74747211666666,38.16610833333333,0.2674889181199894,17.5,49.66728067790581,62.741737380592866,80.77564775685256,290.15566975439515,3.885780586188046e-16,22.521829563015828,77.60347821795352,1.0,22.521829563015828,13.979848142291809,2.857142857142857,24.80486433333333,0.7203492418333333,72.71629273353292,72.69759723201737,72.61676150135156,72.60727148437051,72.50286303047415,72.3914045830418,72.30187924119738,72.17805543456839,72.17168988542139,72.05888824231243,71.95500797434315,71.70608774706409,5.899644913212424,5.805526256359384,5.646473675742978,5.5556970865074415,5.402491022723317,5.32841252393554,5.216481391316628,5.191275158651441,5.1811854386196226,5.1475626160935555,5.210085900102617,5.286776987097255,19.331306869183017,270.0,0.5844849781563801,1.9135226421323774
2021-07-15 19:00:00-07:00,0.23955215,2.3103610166666666,0.2291595548184532,18.5,2.3165000897313495,85.80099712615639,88.53150351692226,296.8804676451513,0.0,1.4792561461307108,2.326251939513288,1.0,1.4792561461307108,0.0016492816402271873,2.857142857142857,23.906211555555554,1.62004452,2.190174848859354,2.190174848859354,2.190174848859354,2.190174848859354,2.1898744118705054,2.1898744118705054,2.1898744118705054,2.1898744118705054,2.1898744118705054,2.1898744118705054,2.1898744118705054,2.1893608472138713,0.3009429540842076,0.2941233285651908,0.2885262456777962,0.28389648187321587,0.2804480134595563,0.27834845967220384,0.27772296600769225,0.2786285316974479,0.2811770345504554,0.2851602440744029,0.2904437236556616,0.29683331974714044,3.0620515034856615,270.0,0.7232912779185845,1.8585705880210321
2021-07-16 04:00:00-07:00,3.7579334333333336,2.081963083333333,0.2402361388241208,3.5,2.1011159893739753,89.16563620460816,89.70798167344427,62.11811206445021,0.0,1.3313606899667767,2.1366259710867084,1.0,1.3313606899667767,5.968962837097252e-05,2.857142857142857,18.488264388888886,1.6169606475,1.972897323808615,1.972897323808615,1.972897323808615,1.972897323808615,1.972897323808615,1.972897323808615,1.972897323808615,1.972897323808615,1.9728959217660196,1.9728959217660196,1.9728959217660196,1.9728959217660196,0.28114688211044886,0.2750613730571133,0.26990978932851045,0.2659002312474252,0.26320379169110353,0.26191238532387034,0.2620818437478728,0.2636971112646009,0.26668258202175193,0.2709061031988612,0.27618740864617736,0.28230875927661697,0.6135798951879924,90.00003199088827,0.7446456076463089,1.8572001978217885
2021-07-16 05:00:00-07:00,179.94958833333334,40.080845,0.2719843816191142,4.5,61.17856823461185,70.42878080599856,83.26701926661177,67.85751563345661,3.885780586188046e-16,19.386677859722592,120.33461164855274,1.0,19.386677859722592,17.98000418651574,2.857142857142857,20.23485422222222,3.172770616666667,104.22627038612087,104.29310577086758,104.5727544961964,104.83293333954147,104.82643850278376,105.06825344687648,105.06825624423679,105.2845522159051,105.27692970017048,105.48791436606476,105.4882154403778,105.66791555730674,4.74938926846701,4.71444027637389,4.6552118889806025,4.6233974405520195,4.657762454378235,4.746793147699624,4.78517469161499,4.835929939568282,5.050220239382028,5.126047131619513,5.211861308466613,5.462469667233698,13.912766587827377,90.0,0.6297778347101013,1.8864799270316712
2021-07-16 06:00:00-07:00,462.77658333333335,89.12939,0.3036858055691497,5.5,229.87676619776346,29.66173577279389,72.2937624135858,76.7233575487968,0.0,40.49408494202212,556.0978252441354,1.0,40.49408494202212,76.40522758648669,2.857142857142857,21.98255627777778,3.278125866666667,529.6801425411795,530.4870614962344,531.273671452114,531.6207737698059,532.3959036599853,532.7353477433194,533.4672882774641,533.7882209418051,537.3497748162288,539.1242582437818,540.8062574279767,542.6920207755688,12.755530162220033,12.848595361462028,13.083896379106402,13.118065456220936,13.40331218789985,13.782593885325022,14.124505254400962,15.64500089901636,17.158761946751007,18.738387807733286,20.300681059155682,21.88368569192548,44.779600828329315,90.00000085377364,0.39780923254151807,2.147321292756411
2021-07-16 07:00:00-07:00,644.1430333333334,124.22353333333334,0.3096811059083381,6.5,437.3575522742419,11.500161834976936,60.91379566785845,85.58216983296131,0.0,153.24695599368053,844.803282269839,1.0,153.24695599368053,141.5857975493451,2.673529027280566,24.538426555555557,1.829631145,796.2213054116436,797.1707442654769,798.0785132435503,798.3624937663166,799.3965312854558,800.3582675625022,800.6676119198229,801.2927861273915,804.6671067926228,811.7964708462431,815.2551937834769,818.6471883617322,78.89401980627858,73.60670133330947,68.35255037406753,62.35112909039267,57.88163322303613,52.48805049382226,49.25973563322419,48.597759656450414,48.643386894408074,50.0442013980201,51.280616643045555,52.98829824041668,50.0,90.0,0.366977778440511,2.214355247456318
2021-07-16 08:00:00-07:00,754.1164166666666,141.75853333333333,0.2904613744301025,7.5,632.5374138697061,3.999576290396058,49.39806271574197,95.27096072691269,0.0,304.41406499695216,981.5487615084711,1.0,304.41406499695216,184.15286832356455,1.9638887639762699,27.70265905555556,0.8695261750000001,930.924193147579,930.3036453582224,929.8881577736059,929.8828950400207,930.4988856735893,930.3297924068075,930.4432328761791,930.5877965200855,934.4026863875397,942.2337994171742,946.2918515763281,950.0548724135118,93.84410377739931,83.89045227268555,73.85646361776183,66.56682922866692,61.53596252612084,56.24847342408921,52.13081512280646,53.309138304379296,55.350657493941014,58.19759370457384,62.310968389682216,66.85038399658063,49.27805427465814,90.0,0.37105774475328596,2.20475411662526
2021-07-16 09:00:00-07:00,806.3721499999999,165.88164999999998,0.2703332957227009,8.5,800.4421036835743,10.549356216823046,38.100233977899244,107.26018566593115,0.0,456.2483571119866,1014.6345000962791,1.0,456.2483571119866,219.50421032322674,1.5864673789199788,29.392583833333333,1.4425195183333337,975.1807531079872,975.445976609627,975.5350425143414,976.2092256112103,976.2714424254945,976.4147308480728,976.5532727415078,979.8475464926562,983.2380579688154,986.2556878247206,989.0151293234081,992.1029457939637,114.51807577811962,102.63331445751278,92.37917868958264,82.88066877586166,76.7133401322523,72.69185219214381,73.32630547313909,74.09708222498678,76.57727180748897,78.6894449957722,82.65257973021326,86.51089250949762,36.825731080883436,90.00000120741828,0.45030842989251796,2.056680583687044
2021-07-16 10:00:00-07:00,784.507305,202.6393,0.2539503741373052,9.5,897.1145960698886,15.364866033056918,27.71923601686278,124.72556949331185,0.0,558.4053018759004,993.5396596040174,1.0,558.4053018759004,234.98779771984667,1.3275480327190012,29.8954245,2.033875628333333,969.0604730637618,968.8366472651627,969.186130983338,969.0328950822706,969.223264636439,971.8306672010947,974.5043600944341,976.8984471826855,976.8013931092369,978.898173247,981.1453873101324,983.7476529987763,119.44823096831048,110.37658954878381,99.97740586074515,92.4083400747307,88.159819965726,85.1869067767141,85.62393655295902,86.52464317459659,89.73606321356547,93.80465221093502,99.71484430292969,106.52610752196303,23.357289798344638,90.0,0.551768172408888,1.9390924390722861
2021-07-16 11:00:00-07:00,361.109724,311.50668333333334,0.2592602144498764,10.5,650.5910691257943,18.048305214972356,20.114621569453167,154.27654852308683,0.0,422.3015098141706,663.3386882453653,1.0,422.3015098141706,173.87334064209168,1.1192957877488403,29.523722666666668,2.365834366666667,651.8070842134211,652.8837233229549,653.7786487428411,653.7839413714963,653.7831416299599,654.6279900343243,654.6251343737351,655.300500437267,655.3012096362822,655.3048830867893,655.935268174242,655.9344391660295,91.63541012262611,85.13757854417226,79.00998654182735,74.57416872722604,71.4684107629064,70.05451744838835,69.91373699182537,71.01683136692722,73.39526895474003,76.81316149989046,81.7051006073642,86.78984146604955,9.032013556702685,90.00000319452846,0.6715068482392071,1.8695420772187887
2021-07-16 12:00:00-07:00,624.5958833333333,278.6116333333333,0.2441162095392471,11.5,868.5834647731257,18.336028515420566,19.166991851320063,196.63020991059253,0.0,556.029625314124,876.3894839651275,1.0,556.029625314124,215.2585464702187,1.0746208737487861,30.86237355555556,2.474808645,870.0563049039636,870.5198598981282,870.5197017817002,870.5195460608271,870.1917858889548,870.9324081999241,870.9327171153095,870.9327074642671,870.5153528406466,871.2247461241188,871.2246664022217,871.224617224656,109.37592250022502,100.97444888442355,93.73321834631048,88.22583051618304,83.98206131928002,81.99625792991213,81.87797005150826,83.51380919691114,87.02041766183102,91.92171267786055,97.95586595049467,105.52998337678476,5.6809979218475695,269.9999985212207,0.7005051323632496,1.8620544026271382
2021-07-16 13:00:00-07:00,663.1149066666666,262.6167,0.247995725537565,12.5,860.4323473879026,16.197784090086895,25.640552710962755,229.86083196549765,0.0,536.4739027596345,927.5788323882208,1.0,536.4739027596345,221.82813663469392,1.2772028609006647,31.369976444444443,1.9842013816666664,918.0582465768025,916.1771986335236,914.3323667452848,914.2876856785231,912.4086896981739,910.1714690471612,907.7252547862784,907.8331118122877,905.240234586282,905.1384418281025,904.8940691393461,904.8826096551354,101.83951664288205,94.99696789847604,90.85412715417502,86.04059705167516,84.00475811069924,81.56339819545899,82.68897124551279,84.45275758074412,89.07713403194147,95.30631843843832,103.08761413827733,113.70108442062167,20.15027822853809,270.0,0.5777581816283157,1.9183505350523626
2021-07-16 14:00:00-07:00,156.63814785000002,248.51936666666668,0.2706459577868914,13.5,375.8368290540271,11.84959116923989,35.62835124983761,249.3593823922232,0.0,230.87497270344517,429.1650492820771,1.0,230.87497270344517,114.34365271248664,1.520300578451381,30.0111705,3.1338303,417.3629220612308,415.29439056400474,413.36937894588016,409.52356610725144,406.71941816385515,404.47224436847415,403.7205543693972,403.2042525149798,401.7849562093134,401.2084828126523,399.76400029583016,398.81996755592866,57.05964480916321,55.104430436378934,52.670763210165894,50.23336875790553,48.35259891749007,46.360940793155756,46.71867092532103,46.23152226617377,47.858814759824476,50.42954853046043,53.41676557495318,57.45556207332001,33.84875824599408,270.0,0.4714987124693751,2.0266320917850944
2021-07-16 15:00:00-07:00,69.32170721666667,291.7745333333333,0.2793572135321481,14.5,339.22253029984813,5.66871234584554,46.80677657085165,262.21325580587376,0.0,210.3386085124289,364.2833545452683,1.0,210.3386085124289,110.89521773852631,1.862333923583333,28.255518388888888,3.584356183333333,346.04013509303223,345.6293818535365,343.7070510241349,344.11171333030177,342.2039672168595,341.02201240147457,338.25482964440346,336.97386187728625,333.9888488352358,332.73710315163726,329.78503352149073,326.753407901974,63.57165604854506,62.95866567303639,62.39115114859253,61.63245766124187,61.37318343772683,61.021687567739285,60.471208428790476,59.71272499788713,59.70293677704751,59.90513318920266,61.00697673659807,62.31557361998377,46.54184913438528,270.0,0.38706152238620767,2.1693182822187485
2021-07-16 16:00:00-07:00,6.815148416666667,154.65301666666667,0.275170642355826,15.5,158.23240013276455,8.51520867691048,58.31762483630744,272.25485630897117,0.0,104.53199160422942,142.64789070128163,1.0,104.53199160422942,53.99323236685406,2.477148357804671,28.63119661111111,2.4585809000000003,132.82502138614723,133.3070084603602,133.79505803931156,134.63860007297743,135.14678248085195,133.2177569605117,132.35410663286032,130.38359362551265,128.35685383953881,127.4395112177228,125.368965366076,123.26530846862265,35.122779830993075,35.58428845581964,36.02590309285256,36.335098725896465,36.74765529865014,37.156708117164726,36.33949210786474,35.621098289047744,34.844906612887776,34.3291614665123,33.8094566505546,33.493975491333444,50.0,270.0,0.366977778440511,2.214355247456318
2021-07-16 17:00:00-07:00,174.26817476666665,144.55326166666666,0.2911694453100699,16.5,204.8334254618444,21.9691510454371,69.76297413168776,281.2104535058294,0.0,84.06298465426389,347.4299973083945,1.0,84.06298465426389,69.90859332757474,2.857142857142857,28.38624588888889,2.4296662183333333,334.27731985221413,333.5633674413565,332.87970032914274,331.2670591013968,330.4988095426891,328.99528308067704,328.31897743516714,326.7885649198018,325.2250337148202,324.5017410352779,322.89046830054014,321.25691485349137,34.64261762170656,34.0329463073686,33.405871178689296,32.64991247549414,31.96425650918833,31.22864583683634,30.444089523195647,29.654979174676136,28.796561248321062,28.051489227712654,27.30987441426298,26.702621716109935,50.0,270.0,0.366977778440511,2.214355247456318
2021-07-16 18:00:00-07:00,90.58288696666666,47.36317666666666,0.2625738824285428,17.5,61.74385552357633,63.02563449989196,80.8652372249575,290.0111568508542,0.0,27.309579649945608,98.38812944271967,1.0,27.309579649945608,16.993821599379373,2.857142857142857,25.8563455,1.072693995,92.11797939878883,92.02157720581422,91.9215903886691,91.90615681801447,91.79719264942855,91.66829830965347,91.66714713757068,91.54424366244234,91.40152701983095,91.27850550112032,91.1375132170228,91.00487649407374,7.020854860333632,6.820825314843404,6.717707527486853,6.532279590061173,6.434357638609216,6.27806376347093,6.20980316477309,6.180019835236862,6.105050193622737,6.130705394817903,6.2048344467268945,6.260583137854753,19.100785829599236,270.0,0.5863845703903775,1.9121984329703905
2021-07-16 19:00:00-07:00,0.3299278,6.5689598,0.2455267903895474,18.5,6.577840085787524,85.58946146424603,88.45764936654817,296.58565513361,0.0,4.206351053943013,6.589184532094744,1.0,4.206351053943013,0.005147497238381992,2.857142857142857,23.56639716666667,1.145978697,6.216668133007888,6.216668133007888,6.218128331461633,6.218128331461633,6.218128331461633,6.218128331461633,6.218128331461633,6.218128331461633,6.218128331461633,6.219055799488924,6.218977312564187,6.218977312564187,0.904296952536582,0.8848165783943828,0.8691736870516444,0.8561925188922671,0.848815732608636,0.846082246402697,0.8480115367452772,0.8544162496652371,0.8649130886043211,0.8789889434651957,0.8973096643692363,0.9166841715257397,3.2081877873336615,269.9999901908876,0.7220179072753368,1.8587100802635155
2021-07-17 04:00:00-07:00,2.9819949,2.0084778,0.2322258390061223,3.5,2.0168782219637933,89.53883826826309,89.83859484090728,62.22836508302817,0.0,1.2842659923837914,2.032461438426124,1.0,1.2842659923837914,1.7554443159055833e-05,2.857142857142857,18.703065833333334,1.646617496666667,1.8999725162015197,1.899981320488193,1.899981320488193,1.899981320488193,1.899981320488193,1.899981320488193,1.899981320488193,1.899981320488193,1.899981320488193,1.899981320488193,1.899981320488193,1.899981320488193,0.2626316712706365,0.2569071727086859,0.2520301935291474,0.24819923445000852,0.24557178606958044,0.24425523884198505,0.2443009476516687,0.24570200081815513,0.24839460666823046,0.25226103485963314,0.25713678063957485,0.26328395723068976,0.33878143761810586,90.00008579894174,0.747043591461433,1.857160337998541
2021-07-17 05:00:00-07:00,251.93191833333333,36.591141666666665,0.2609045030764401,4.5,65.58357792209488,70.80396696852326,83.3917352194162,67.97541019928724,0.0,17.551905478150744,138.14103001962727,1.0,17.551905478150744,18.343671658641668,2.857142857142857,18.99056577777777,1.8029790516666664,118.74291196751467,118.80578278750995,119.01081990635052,119.25396156066978,119.27974677044553,119.48512940558824,119.48770848281903,119.69257291083635,119.68180308265073,119.88690005900524,119.8544023182171,120.05952146598388,4.148890815050309,4.074945337905248,4.071778059757642,4.0436843268562965,4.078886027078222,4.091381586538777,4.195525445459733,4.2409612892247015,4.347947502539609,4.505326635989871,4.57934289468959,4.704623940138911,13.627307434350245,90.00000085377364,0.632197336249489,1.88529403677359
2021-07-17 06:00:00-07:00,553.65765,76.10661499999999,0.3016857430858923,5.5,243.4143957976072,30.30068102063061,72.4110325905724,76.85440484069841,0.0,31.794412679542965,623.601616820114,1.0,31.794412679542965,80.7003508611344,2.857142857142857,21.49063361111111,2.107890703333333,595.5489892617759,596.116412191102,596.3922706185313,597.0014345486132,597.602459407876,597.868022511135,598.4877000841122,598.7354220612191,602.9177869981878,605.2801801674527,607.3743222948455,609.4290772908402,9.776427379204907,9.883274343086006,10.060807051583366,10.260528020300635,10.515410384221086,10.81239458198173,10.862800891618763,12.699081687397111,14.54851632894083,16.435112200388442,18.388256748446647,20.78463784733309,44.14864766072887,90.00000085377364,0.4017388603398247,2.139607691168127
2021-07-17 07:00:00-07:00,710.3786333333334,99.90104333333332,0.3074607565312067,6.5,444.0075832684248,11.570985752601999,61.02691069316059,85.72967423103768,0.0,148.273573849901,880.4567645946563,1.0,148.273573849901,138.0213041991738,2.683398988533295,22.438216166666667,1.698634085,835.4298089527913,836.1331625460342,836.7967162823605,836.9675830629402,837.7714461621208,838.5072199603089,838.7122973192551,839.095838805601,842.1181731686178,848.564025664872,851.6988312122609,854.7710486435408,78.4274379627096,72.77192219663822,67.11908857704404,60.67526667531131,55.81554348122027,49.98672518420027,46.438731222055466,45.26691637957398,44.83701966419774,45.816968051262556,46.63559300328632,47.94791449268582,50.0,90.0,0.366977778440511,2.214355247456318
2021-07-17 08:00:00-07:00,798.7124833333334,115.7088,0.288999255186258,7.5,634.3087783537142,4.135216333050754,49.51153514185503,95.44069050646118,0.0,303.7848260580967,988.9665748335395,1.0,303.7848260580967,180.84969686768994,1.9680936796550834,24.85816872222222,1.0324574816666667,941.005671437707,940.5570638193183,939.8294295977041,939.7232000880778,940.2527045908839,940.0265477067851,940.0513191263046,939.733830373808,943.5778003064747,950.7443380586268,954.4352051486853,958.28380249455,93.42288592099058,83.13525495139368,72.98036600187734,65.58617907727782,59.38321189266293,55.0760722328316,50.88110874397327,51.752453695455046,53.47496456398154,56.00242771073874,59.66230679197702,63.95416230700596,49.38373724427687,90.0,0.37045671905592326,2.2061531555646967
2021-07-17 09:00:00-07:00,852.6282166666666,126.26631666666668,0.2679264321743264,8.5,796.1169562546829,10.697163979706232,38.2209805959726,107.45849310507982,0.0,451.091720888592,1017.4782845014502,1.0,451.091720888592,213.19695644577132,1.5885626288026953,26.944914444444446,1.3353316966666666,982.0990973643866,981.7482560901153,982.5679469724031,982.3760116633796,982.2978644866005,981.8988650589171,982.1864027006727,985.6214953925048,988.220698221443,990.775447567528,993.7009297376297,996.0833440661006,112.01485917297583,100.11180112061027,88.13221432357868,79.71421254098846,73.55802550504545,69.19133186156223,68.62721565194917,69.93890962388537,72.1124567463029,74.54130336462528,77.13651670852455,81.31219365922058,36.91527635273278,90.0,0.4496832909863772,2.057618312711038
2021-07-17 10:00:00-07:00,883.6452666666667,135.00333333333333,0.2521420379242463,9.5,916.2390594190986,15.524317845328703,27.858344057273666,124.94350686097061,0.0,562.1270882035778,1006.2309559917713,1.0,562.1270882035778,230.85016541253546,1.3286428237224506,28.724136222222224,1.5158985033333332,988.3619932586423,988.1799249897812,988.5704583191997,988.4562446461945,988.6851840626266,989.919920750524,991.2686409875258,992.4016506634249,992.5018780555243,993.438840941566,994.5816096840362,995.7786664599388,120.57411462743225,110.57550032957558,99.97183144298263,92.15307766766303,86.99126078595053,83.68458509900096,83.19837806849723,83.71958806390609,85.98076615349588,89.7079680580537,94.72811556283423,100.41787671744994,23.424922201066355,90.0,0.5512264735604139,1.9395610674657273
2021-07-17 11:00:00-07:00,881.0363,157.84773333333334,0.2432885263741638,10.5,984.2599453775063,18.21665347682816,20.281619299246785,154.40173663753535,0.0,639.3899168723842,998.7566069725065,1.0,639.3899168723842,240.28645364049055,1.1198285099803253,29.82299055555556,2.230528443333333,991.9231454349446,992.3265948093461,992.6135660181748,992.6044739367632,992.6029040598949,992.9204205751308,992.9161570886018,993.1101382681189,993.1115929944856,993.1172076815883,993.3606948039164,993.3588348319659,128.68953964515867,118.72240310043944,109.29195606608224,102.43536833274469,97.60275668993368,94.87086307356222,94.5637785922365,96.1542193400402,99.71149077429052,105.06634642736944,111.6649612924344,119.37525431754095,9.071600464231324,90.00000307832465,0.6711656895092842,1.8696507782086442
2021-07-17 12:00:00-07:00,115.12466516666667,479.1997166666667,0.261073552194853,11.5,587.8349647379448,18.50860455773014,19.329372185725592,196.451495732517,0.0,376.69905867637493,590.1953504461179,1.0,376.69905867637493,154.8382801209541,1.0745166691126862,29.9955555,1.9722249816666664,575.3152135043683,575.3152416867647,575.3152838220925,575.1116400391375,575.1344147886452,575.1344206363746,575.134257951925,574.9081920683466,574.8747084441095,574.8747813063118,574.8748677629001,574.5874211877117,81.10046676513753,77.03685027368,73.78563464401562,71.11256975172623,69.14772439292094,68.15916804531714,68.08589386844126,68.9875965465539,71.0720692126885,73.8232649985149,77.51376731076228,81.84889931068871,5.67312077561362,270.0,0.7005735362746298,1.8620408027110424
2021-07-17 13:00:00-07:00,245.473588,466.18715,0.262329656141632,12.5,687.2620144083237,16.369342342190656,25.762227489273812,229.57734043126868,0.0,436.0263038726365,714.6317692519283,1.0,436.0263038726365,186.26666249756423,1.2775539742244757,31.201493777777777,1.6127851933333333,687.6741091583542,688.4586364753052,689.4360168625615,690.2208874750999,691.7107101042355,692.3467098507041,693.7614694391959,695.0478994390493,696.0648734549429,696.096334166064,697.0994853544831,698.1825018126551,98.24726930818244,91.61516788130061,86.81909768750263,83.19236435837752,80.92598056223166,79.79597776836576,79.48811734532673,81.30595637083293,82.97439557976367,86.20571411502267,89.10908863209848,93.53880059608402,20.17328639672346,269.99999914622634,0.5775697009074121,1.9184889444469357
2021-07-17 14:00:00-07:00,802.20465,205.82278333333332,0.2607381807670975,13.5,857.0886337932909,12.015952273929134,35.723411423458344,249.11110597476505,0.0,503.6919364888116,1050.051780721314,1.0,503.6919364888116,230.19438463201197,1.5213446249323264,31.99285961111111,2.154219658333333,1032.7802248240819,1029.4462452291882,1026.4355056352022,1019.3911454396498,1015.6901571928539,1012.052896929139,1011.7269738211913,1011.886811797618,1011.457917996305,1011.5420784941385,1011.2637088189705,1010.6284894206705,95.503374793898,90.93576209412053,86.5493344867969,82.2868394396323,79.73132825364762,76.87223512884904,78.68206574169072,80.22357175717147,86.95948706201129,95.33121165015751,105.83810757681576,118.0194292243364,33.8980505298418,270.0,0.4711415661198387,2.0271115954330257
2021-07-17 15:00:00-07:00,581.772923,190.38871666666668,0.2802126734846802,14.5,587.9663461784897,5.827653342810222,46.89090175878522,262.0053482578496,0.0,304.9156669653704,851.5253447667105,1.0,304.9156669653704,175.53347912135246,1.8647611272657554,31.88667033333333,2.2880112233333336,824.341716448663,820.3089113405339,815.8370983961023,807.5897871760064,802.9871926322335,803.0016644669065,802.4770637186057,802.2432954668841,801.4248115452865,800.765801440392,800.9547339126832,800.3903806386753,70.93207435106522,66.4096312203329,61.71744591714918,58.11322228959428,55.75919296736866,53.657856130475075,56.543694404297725,59.27042344112685,64.07893479592875,69.92796962496021,78.18694661437893,86.72471237011725,46.61163640177407,270.0,0.38664290049529687,2.1702029231179694
2021-07-17 16:00:00-07:00,13.52312525,215.96035,0.2768109412080623,15.5,223.0462660206639,8.56626507877764,58.40005479358563,272.0752886867681,0.0,142.90722883608734,215.9793927667922,1.0,142.90722883608734,75.24631429241923,2.4832849269496924,29.91805205555556,2.517336705,202.2821530104291,202.84973586768365,203.4239558658478,204.39190152234426,204.99711701084863,202.45657793899994,201.32329392982138,198.71579589498162,196.03367545321214,194.82718316445045,192.0932670028222,189.31252138654253,47.56442669684394,48.14627951389648,48.71795914827871,49.108504574890496,49.679386440505745,50.27139520395541,49.31182453172195,48.54716808067075,47.681311524820785,47.22229580146536,46.7346446228451,46.52609085554297,50.0,270.0,0.366977778440511,2.214355247456318
2021-07-17 17:00:00-07:00,0.2999186833333333,67.18646,0.2793346333889198,16.5,67.2897779206634,21.989086376443332,69.84955045027478,281.0497373532831,0.0,46.16421114731668,54.89787169716824,1.0,46.16421114731668,23.515216902794535,2.857142857142857,28.73391966666667,1.597134545,50.63023182976046,50.90238295600774,51.17824895873852,51.67051079239742,51.954780355703946,51.06598292464369,50.66767851640948,49.76501621188764,48.83652764605178,48.41446916944668,47.4635594776241,46.49871674182109,15.772171100045098,16.01814650620926,16.247961665313152,16.417013741156172,16.61735102144957,16.805290671080144,16.381365699115374,15.978357103252664,15.55735864812794,15.233847475487238,14.917121396742562,14.69243341987098,50.0,270.0,0.366977778440511,2.214355247456318
2021-07-17 18:00:00-07:00,83.67618368333333,23.201443333333334,0.2699181696268156,17.5,36.34856482900992,63.3261278666721,80.96028574587628,289.8633741071615,1.5543122344752188e-16,12.603102506039225,68.41558320907292,1.0,12.603102506039225,10.614069781864925,2.857142857142857,27.121380944444446,2.498761,63.74945205927574,63.62977316354697,63.6344232730745,63.506749941118834,63.37681549831699,63.37682824651385,63.23213664791473,63.08632818083975,62.9263515993408,62.869691293890526,62.80468395331327,62.74358966445851,3.642534753534858,3.4836420185193493,3.434763510435919,3.286984370347155,3.2404031620033518,3.111759630265699,3.083362631093342,3.06531423617114,2.9798075311886714,2.999391828938981,2.990361151489287,3.008359724497055,18.858565215029646,270.0,0.5883834251151743,1.9108234972595302
2021-07-17 19:00:00-07:00,6.398154916666667,5.343763716666667,0.2590241873923261,18.5,5.504434694613666,85.8855610571353,88.56103253626836,296.44525141580567,0.0,3.4212798973390797,5.799189111221477,1.0,3.4212798973390797,0.0036345578430503176,2.857142857142857,24.672868444444443,1.1792414731666667,5.210338382913266,5.210338382913266,5.210338382913266,5.210338382913266,5.210338382913266,5.209651247241014,5.209651247241014,5.209651247241014,5.209651247241014,5.209651247241014,5.209651247241014,5.209651247241014,0.7854206477405006,0.7688443074404695,0.7541904819707435,0.7420754481309639,0.7330564311333914,0.7275720344601669,0.7259469232922668,0.7284041760801233,0.7350523236628336,0.7454711449654936,0.7592843874699367,0.7759824590506965,2.9888543209322957,270.0,0.7239291534741058,1.8585031604325306
2021-07-18 04:00:00-07:00,2.6973473500000003,1.90449265,0.2262946909214284,3.5,1.9058234536785723,89.91923358116904,89.97173169512777,62.34440115084606,0.0,1.2176915147204095,1.908294427786521,1.0,1.2176915147204095,5.094085909619143e-07,2.857142857142857,17.414119333333336,1.110811835,1.8005688561574953,1.8005688561574953,1.8005688561574953,1.8005688561574953,1.8005688561574953,1.8005688561574953,1.8005688561574953,1.8005688561574953,1.8005688561574953,1.8005688561574953,1.8005688561574953,1.8005688561574953,0.24266362466461702,0.23738361399049726,0.23287914890221606,0.22933458400580775,0.22689801719652508,0.22567091563891264,0.22570393214513942,0.22699334797865264,0.22948285420733952,0.23306573885263518,0.2375906255952229,0.24287226553108981,0.05926965464012892,90.00039622364635,0.749482774782251,1.857143392186852
2021-07-18 05:00:00-07:00,253.578265,35.31483166666667,0.2579398927328953,4.5,63.938494298109624,71.18512513176705,83.51869553893825,68.09919075111264,0.0,16.91405414244874,135.2067231682368,1.0,16.91405414244874,17.66921821979019,2.857142857142857,18.323141333333336,0.9082560533333334,115.59685384062807,115.6574393277509,115.89508565469058,116.09560686654564,116.11997772429042,116.32772697380882,116.32302937664484,116.51264419324741,116.71316463629277,116.68059377716594,116.68080402998268,116.88168936857541,3.9594423963936873,3.889048529814956,3.8380554791355963,3.8598260427462354,3.899330819884183,3.9062746633004615,4.009025353384744,4.050427830923541,4.15372595993858,4.217118937713467,4.376445016651953,4.498091190257809,13.337945398560752,90.0,0.6346529020269499,1.8841165533068396
2021-07-18 06:00:00-07:00,583.2270166666666,69.8922,0.3002434801673053,5.5,244.97839832030812,30.938305513309412,72.53023490046819,76.9916053778864,0.0,28.398796195235445,637.3851166572072,1.0,28.398796195235445,79.75996289518858,2.8571428571428577,20.614023555555555,1.124511576666667,610.6207185541288,610.8722195414307,611.4190820647393,611.9586666135195,612.2015728954639,612.721549294403,612.9493397543782,613.4410566081456,617.4089022614338,619.456402047737,621.628058197704,623.5629487371286,8.737706548069644,8.831174423511658,8.7797894822092,8.982312225511878,9.202949641165398,9.43633058945828,9.705428129651365,11.440167089407248,13.240593649880857,15.052081184618734,16.89729557132682,18.803450733849733,43.52550247978607,90.0,0.40566131337339156,2.13207494613793
2021-07-18 07:00:00-07:00,749.2110333333333,88.21046499999999,0.3088046893022546,6.5,449.8119774960771,11.64380185129552,61.14183222445722,85.88380662735325,0.0,149.214716152218,897.6653120610424,1.0,149.214716152218,139.69927024633625,2.6934969100845394,21.80539438888889,1.5008810916666666,852.4809460775767,853.1575138759569,853.7939580740101,853.9498998013465,854.7310132162382,855.4435867031449,855.6356292650137,855.9881602241021,859.0014565563005,865.4390454355965,868.5709448834965,871.6399444468727,79.62516957704744,73.8245023651737,68.02231215774114,61.409962692017125,56.41499914408825,50.428664843848786,46.77664463711446,45.50661812024228,44.995263786015315,45.924407899888564,46.68972234636648,47.95977558743065,50.0,90.0,0.366977778440511,2.214355247456318
2021-07-18 08:00:00-07:00,838.8410666666666,99.39389166666666,0.2905188438033682,7.5,642.7633077058185,4.277016380147052,49.62691758925589,95.6178283067702,0.0,305.35124030464243,1010.6993142832602,1.0,305.35124030464243,180.50673367557533,1.9723738975247547,24.08166033333333,1.4719297383333334,964.7242910247633,964.5156859240491,963.6079842564129,963.3220302019358,963.7060345572975,963.3825357668026,963.2480503791433,962.843554989149,966.3244106982103,972.9687387492405,976.7541282859819,979.8900704044728,94.27549719932516,83.81705438489132,73.04183514876571,65.30279468980541,58.80237808338303,54.23557991155926,49.81257049226547,50.356205189323944,51.764792768556575,54.000682875372014,57.31201168682376,60.725566087814165,49.49073276661688,90.0,0.36984954424954813,2.2075718264072686
2021-07-18 09:00:00-07:00,880.22595,112.02258333333332,0.2694081590072877,8.5,802.3832841439468,10.851227149792555,38.344070601929175,107.66536752405376,0.0,456.0084055201317,1017.9683469727561,1.0,456.0084055201317,212.46046360290373,1.5906785988123928,26.47331033333333,1.284631801666667,985.9701102569619,985.6463313809052,986.0306604527501,985.6247079124215,985.9681219469209,985.641507044455,986.0672661791149,988.7516857006999,990.6195639234402,992.4614887601357,994.7284874320804,996.5067665480981,112.53819281528186,100.73881397657392,90.2029944732937,81.85311264449689,75.75796792218878,71.43431484520133,70.35015022645605,71.10249856890627,71.99196363471893,74.53676263544348,77.08009680669582,80.69317615991069,37.00542283245678,90.0,0.44905469583127267,2.0585643102264197
2021-07-18 10:00:00-07:00,898.04585,123.54491666666668,0.2534819503671469,9.5,916.4668554163006,15.690033637420514,28.000745093408867,125.17130207068237,0.0,561.9816995200283,1007.923659765782,1.0,561.9816995200283,231.91658558122032,1.3297335344699852,28.58473372222222,1.6797233,990.3314589385097,990.4420344696989,990.4873948294158,990.3457741672167,990.5564085668871,991.7813373799518,993.1221808624462,994.2582798225607,994.3303336516461,995.2621843757737,996.4649017224676,997.6200175839582,121.14693083715754,109.73925138507957,100.30445397898048,92.37172677597538,87.16277831160019,83.78326252948982,83.29902246303061,83.78812376398011,86.06147360261654,89.81925471264692,95.28754514803951,100.58517946762927,23.492211309550157,90.00000147877934,0.5506877991697667,1.9400285859635047
2021-07-18 11:00:00-07:00,908.8939,127.86426666666668,0.2432797611977073,10.5,979.457989893288,18.39111610101578,20.4534931251321,154.5366726809879,0.0,636.3473521218336,994.5805685693203,1.0,636.3473521218336,239.3299424539735,1.1203414492663812,29.405876944444447,2.4065847783333334,988.2860920434671,988.7202626959578,989.069862628173,989.0264137013287,989.0245108209897,989.3661124628165,989.3618574229445,989.5771472711409,989.5790372625199,989.5847047949002,990.0349933907711,989.8436835792531,128.00486089501572,117.15289892551924,108.47737275123077,101.57140188144238,96.70038164844142,93.95924642580177,93.6386894074897,95.22304126788306,98.79498772830891,104.16539565726565,110.80843107252097,118.54805185050725,9.109707919495062,90.00000256132094,0.6708373162007414,1.869755862102516
2021-07-18 12:00:00-07:00,909.38335,131.93396666666666,0.2397364658113582,11.5,989.1660871301649,18.686946081752474,19.498179745675742,196.27777324382447,0.0,633.1703810949662,995.4881194246591,1.0,633.1703810949662,238.01237789367124,1.0744475700187113,30.296463555555555,2.9115895166666665,991.4783081424669,991.4783659559578,991.4784567369403,991.2394825140337,991.3811311444977,991.3811239472819,991.3807719820973,991.1068345704377,991.2113011397007,991.2114796442296,991.2116592005261,991.0529491086608,117.03312857853682,108.56838623647987,101.68761754176029,96.10201723578203,92.11467348287147,90.26247007520884,90.4146819376134,92.69994893363115,97.56371043987153,103.99116127017794,112.27276713816137,121.87336145325656,5.667896889571114,270.0,0.7006189002029239,1.8620317940291338
2021-07-18 13:00:00-07:00,879.0635333333333,138.22683333333333,0.2439655677380183,12.5,929.0595584558907,16.54614752936338,25.890405861342813,229.29170055583643,0.0,578.3915917570117,996.1130159730787,1.0,578.3915917570117,227.17423280930643,1.2779611570126426,31.18932311111111,2.282332436666666,987.2854141480252,986.6272721558657,985.6390136341736,985.5896322341936,984.8522967453197,983.8097444534856,982.6152911722669,982.7349495690913,981.5251296743602,981.4967233380024,981.3203864835918,981.3967239114877,101.88043914755339,95.57520548280237,91.09789305602146,86.9237817994632,84.77018735894669,83.08646691044754,84.36109644614461,86.98525891388663,92.2295618750867,99.01660615543626,108.42507134669424,119.80569818004189,20.199958346776086,270.0,0.5773512416363764,1.9186495833566268
2021-07-18 14:00:00-07:00,845.4060833333333,134.52315000000002,0.2571048616936788,13.5,819.9906634592893,12.186956552850923,35.82441291952337,248.85855524309733,0.0,479.9583176799566,1008.2262627693763,1.0,479.9583176799566,212.70010487560697,1.52248360311162,31.60028111111111,2.308544835,975.6332652348051,976.4101394743317,976.4326315257599,976.2324354601216,976.4142555183147,976.1484298307688,976.34771693115,979.1915907457708,981.9273693707382,987.6326037276374,989.939969401577,992.566248794591,110.65675382426045,98.88910703741237,88.64305489544589,79.35718547901416,73.89565377337418,71.88084160995435,70.09822960069631,72.30554551894566,74.21335912130344,77.76145184101107,81.42274623748797,84.94285906008808,33.95173728977999,269.9999987925817,0.4707528144966438,2.0276345464226955
2021-07-18 15:00:00-07:00,778.9017500000001,134.63743333333335,0.279555960403411,14.5,666.0402333501384,5.990651449693482,46.98057651579689,261.7931209325077,0.0,338.4792714553912,982.1835155782803,1.0,338.4792714553912,187.2833163535032,1.8673663700103154,31.86119111111111,2.2579277683333334,953.283518022427,949.6535806956613,946.0776618820817,938.8866516951487,935.1224615614726,935.3773728556425,935.2763954763717,935.250357956775,934.8186380541517,934.597686002653,935.0855162808309,934.9849432726413,68.74978569363384,64.67299531527856,60.39997047110518,57.38710545855389,55.84396379140568,54.61572188478298,58.32346992537441,61.880003055037015,67.86399815336776,75.11578462388637,83.87394518029193,95.55919350435528,46.686288767847394,270.0,0.38619569186333014,2.1711503633611864
2021-07-18 16:00:00-07:00,699.6868666666667,117.48588333333332,0.3099201667002391,15.5,483.1976673468519,8.624930536992638,58.487859687292946,271.89176464739745,0.0,184.28538547874754,897.9764076418454,1.0,184.28538547874754,152.19112866612414,2.4898255217708885,31.49493338888889,2.214818683333333,870.0070527630137,866.588818558573,863.1075759790747,855.8936889238928,852.5160835733024,852.0509268570304,851.9557552620804,851.0554318901407,850.1255172189784,849.9328788980519,849.1897433984919,848.3285908362119,53.934258738476544,51.95297015147659,50.53603091403387,48.923031843255096,48.81941352969895,49.61117822756537,53.38896243421744,59.36022763768602,64.49564151216002,71.79416695049822,78.31317493718885,85.18184127097324,50.0,270.0,0.366977778440511,2.214355247456318
2021-07-18 17:00:00-07:00,575.4969166666667,88.08128833333333,0.337393409674472,16.5,285.4650177095743,22.013763794913427,69.94148539259416,280.88546050247226,0.0,50.298514173682776,702.9593080090808,1.0,50.298514173682776,102.23115745498063,2.857142857142857,30.802865444444443,2.041392891666667,682.8663875911285,680.3411797130252,677.8921801257607,672.5292297025688,669.8230847922453,669.1497351445297,668.8381718251438,668.1483162657171,667.4630532838305,667.1188685306773,666.3875182591638,665.6579226343224,31.698377750892433,29.518629256623296,27.338272217643926,25.023617385055122,22.759651110931756,20.398175283899715,19.838828897777383,19.197809497926013,18.439900079865602,17.603376136564457,16.776020534459164,15.948353152003667,50.0,270.0,0.366977778440511,2.214355247456318
2021-07-18 18:00:00-07:00,321.2371,49.868583333333326,0.2390719693090371,17.5,99.78447558214572,63.64309757034078,81.06079029305779,289.7124115085952,0.0,23.741085345115316,219.38934341031577,1.0,23.741085345115316,26.13618039059823,2.857142857142857,29.140145,1.57003356,203.52566902654047,203.16214972316814,203.17846227534793,202.7999520693709,202.43737144091162,202.40650074255302,201.9781619282137,201.5272594085482,201.0623701162549,201.06132679599702,200.95527463021483,200.7031291777167,6.645206101849958,6.4182740260355695,6.178025972613696,5.95127055869914,5.738774071239952,5.534008046135733,5.485541097513303,5.35304439999671,5.19976152639968,5.231665848684842,5.2051319505672256,5.143885778047436,18.60485883275712,270.0,0.5904801592978381,1.9094014991292756
2021-07-18 19:00:00-07:00,9.326533566666663,5.7331452333333335,0.2493070001320823,18.5,5.94962245497319,86.19753339383831,88.66999405082156,296.30195389855106,0.0,3.6700073576560106,6.34832990379592,1.0,3.6700073576560106,0.0033217019734227936,2.857142857142857,26.699507222222223,1.52221803,5.620581056518022,5.620581056518022,5.620581056518022,5.620581056518022,5.620581056518022,5.620581056518022,5.620581056518022,5.6197715967159185,5.619841130252524,5.619841130252524,5.619841130252524,5.619841130252524,0.8110825650255498,0.7938781806491628,0.7786787840088483,0.7661337768324907,0.7564199732919744,0.7506096845231667,0.7492709934664415,0.7520704637568605,0.7589619277341366,0.7697369871211085,0.7840009556531081,0.8012218310641659,2.7585394696864873,270.0,0.7259365008941536,1.8583016325014572
2021-07-19 04:00:00-07:00,1.0292966666666667,1.4143902333333334,0.99,3.5,1.415525140575693,89.81950097991346,89.93682539698467,62.62615154721107,0.0,0.9043457760604149,1.4176309433762604,1.0,0.9043457760604149,1.8800031982408173e-06,2.857142857142857,19.82487494444445,2.07585635,1.3372473118221933,1.3372473118221933,1.3372473118221933,1.3372473118221933,1.3372473118221933,1.3372473118221933,1.3372473118221933,1.3372473118221933,1.3372473118221933,1.3372473118221933,1.3372473118221933,1.3372473118221933,0.7884239356832243,0.771261138215912,0.75662457861954,0.7451120445759047,0.737203260178387,0.733225410370396,0.7333406157228245,0.7375342694794088,0.7456219332263826,0.7572540525799953,0.7719389075877497,0.7890745711895965,0.1321185068473591,90.00010210718763,0.7488470495480906,1.8571455157358803
2021-07-19 05:00:00-07:00,145.63697166666668,36.361144,0.277413480742033,4.5,52.47432247079095,71.57201840475985,83.64782796211261,68.22882805454009,0.0,19.359757085255456,94.75759635366828,1.0,19.359757085255456,15.201037996542421,2.857142857142857,21.08946222222222,2.93499515,81.99135660812026,81.99181400509381,82.13089929062626,82.26564599641027,82.26544752401836,82.38423760281162,82.4718949257402,82.49805930581525,82.58020914980078,82.59589272423952,82.59608873228422,82.68926528044648,4.741246284281154,4.641824886447037,4.578765853199979,4.535006679077231,4.58678418446839,4.594721381292872,4.631677624336565,4.73240296018003,4.821979935082432,4.900357881885166,5.045960574663258,5.15787208572262,13.04491768295726,90.0,0.6371425731413981,1.8829494447182908
2021-07-19 06:00:00-07:00,422.2189,93.59347166666666,0.313086041854752,5.5,219.49330702288648,31.574453398694466,72.65130737518525,77.13491350925437,3.1086244689504376e-16,42.919678603987975,518.4112695782999,1.0,42.919678603987975,75.75972888998952,2.8571428571428568,22.690257666666664,2.57402526,492.7264807273018,493.5654124713398,494.38002369908924,494.7493352566852,495.5448064989866,496.3202289549447,496.6582642838501,497.05632695899993,500.5193022536954,502.178470451537,503.810554641389,505.70983680684446,13.63578505853386,13.452512030589304,13.680787857950715,13.984520540573365,14.27412946093675,14.38200328550041,14.789146797897336,16.223850724556936,17.687602964153193,19.220894616778587,20.73522008087989,22.27002424102003,42.91002108625369,90.0,0.4095755095023723,2.124719028285738
2021-07-19 07:00:00-07:00,570.20815,136.4969,0.3158574184011973,6.5,410.6863638792639,11.718765698295107,61.25850974772134,86.04450236614292,0.0,146.30054860643733,784.5251132288039,1.0,146.30054860643733,138.8247979020698,2.703820741801235,25.36124883333333,2.0732856833333333,735.2923481189177,736.3800839056231,737.4350603107533,737.7891768695875,738.9504701322451,740.0421318517926,740.4322678654461,741.2099641376261,744.6778369094554,751.9689467968503,755.4992510820465,758.9679964019078,75.65690112378749,71.02237878461335,66.36199671160871,61.013942277596726,57.03178790072629,52.227643755959186,49.35149931169842,49.06135569229331,49.42743620819523,51.03972805065205,52.496820018358434,54.38659401237031,50.0,90.0,0.366977778440511,2.214355247456318
2021-07-19 08:00:00-07:00,674.5010500000001,168.56976666666665,0.2962892937733494,7.5,604.4334348222868,4.424939096913148,49.74417163479019,95.80228164406213,0.0,295.631010363809,931.3322527120893,1.0,295.631010363809,184.28418969231146,1.9767277953278943,27.443956555555555,1.3878850173333332,876.6942952937392,877.0650812984719,877.3944712862282,877.036941420231,877.3397447081469,877.8474873844609,878.2413850033973,878.1125912178651,882.7927367551556,891.0601919678318,895.6456507088574,899.9461329266708,93.50677775570972,83.01847079678892,74.57957583579801,67.86328123714645,62.260263763471826,58.41833058905022,54.67515398408504,55.48243181663154,58.660376573187605,62.406140945864124,66.17323860727029,70.3955535554932,49.59897445310598,90.0,0.3692366466967502,2.2090093252799714
2021-07-19 09:00:00-07:00,768.0573666666667,174.19261666666668,0.2740508766071698,8.5,775.5352052107593,11.011500690075831,38.46947667601567,107.88066626447818,0.0,441.13694703390286,992.6066132620723,1.0,441.13694703390286,217.2306292705356,1.5928140697459714,28.541831166666665,1.5568245466666668,952.2201066018574,952.3119733867399,952.7218726392388,952.3433661386953,952.7004368615414,952.4007310200201,952.8483340326235,956.9431405974937,960.2148753884888,963.4300806088321,967.0284130026602,970.111391819406,110.78045179561697,99.23287698292637,88.92673220352988,80.76533274992157,74.80061124459287,70.58936135942137,70.62584880063561,72.4792810414912,74.51274850625933,78.20745464175837,81.93214804747905,86.18162069833956,37.09611161878939,90.0,0.44842307086035954,2.05951799341128
2021-07-19 10:00:00-07:00,822.1889,172.83163333333331,0.2584791831634825,9.5,897.7926009465035,15.861960460239413,28.146414150082666,125.4087165953299,0.0,550.6253380016325,992.7300470681084,1.0,550.6253380016325,236.42116221510597,1.3308192621297366,29.832069944444445,1.6766761966666666,970.0215878212105,970.407161702244,970.4568014424507,970.316642145333,970.53538590116,972.6334657310547,974.8154307449922,976.7689013782181,976.7336223595074,978.6661577240586,980.4823012907565,982.3481397522412,121.05113689114478,110.11874213257626,100.91889286942225,92.8389935201111,88.11877776324286,84.81496003401118,84.80628579715203,85.39625471572474,88.11626240610343,92.02415358594179,98.11408059156655,103.60451919598724,23.559103397400886,90.00000147877934,0.5501525755497495,1.9404945997603398
2021-07-19 11:00:00-07:00,846.9182333333333,178.5924,0.2481222234422264,10.5,971.2011702092645,18.571630865378843,20.630189493800376,154.68107421081436,0.0,631.006617810326,988.6126942864031,1.0,631.006617810326,244.15290318872053,1.1208339091243538,31.374999777777777,1.8046010483333328,980.7626668470881,981.5498200196708,982.4389198295916,982.1697381866959,982.1674934821262,982.785829746222,982.7812164849853,983.6605467517888,983.2382855479475,983.2440568016792,984.1342304842989,983.7072805004445,129.7063476165394,118.69424348854213,109.88817729694014,102.88016365856063,97.70189535485521,95.29654396976166,94.9688236992226,96.57023009935922,100.1972493321549,105.94395019687194,112.54375430974171,120.38497048553468,9.146285846483881,90.0,0.6705221558285697,1.8698571390533836
2021-07-19 12:00:00-07:00,828.5346166666666,197.48585,0.2449530321040018,11.5,977.6566259232654,18.87098235186999,19.67334696722449,196.1092407520947,0.0,625.809083919532,985.2518991313971,1.0,625.809083919532,241.70296630544325,1.0744141819861084,31.68435538888889,2.32681449,980.0438561099029,980.3775177518452,980.3773369340394,980.3771573118721,980.1338742940427,980.6891784067602,980.6895328297006,980.6895434132614,980.3783393520279,980.8983349730372,980.8982435610865,980.8981849314922,123.18206479822166,113.51228793161681,105.1713917024808,98.75651592029293,93.85922347583393,91.5589542597628,91.40734388400932,93.2749485337106,97.29338711315216,102.92141007664758,109.85426120567041,118.46565124377204,5.665371562391693,269.99999680547154,0.7006408301472506,1.8620274420246963
2021-07-19 13:00:00-07:00,745.3631166666667,230.04466666666667,0.2513879182584155,12.5,899.8295189836452,16.728120801241516,26.02507810336226,229.00430119846035,0.0,560.2891362603074,972.2750478454295,1.0,560.2891362603074,233.91786685144217,1.2784250635709264,31.84424338888889,2.2160427100000004,950.333493170198,950.2583359517887,950.4383518598654,950.4675870770526,953.0303892853672,952.8536248031169,955.2769198123374,957.4881614959127,959.3343704395459,959.384242496493,961.4135276760819,963.5475524335723,118.93523544102624,108.92704728754843,100.16583683400539,93.41608815721733,88.32113117917311,86.32781961620275,85.0581316131991,87.5427625172798,89.68344833569871,94.69937831373123,99.16857253430395,106.36747688677183,20.23033045836542,269.9999979086902,0.5771025213842894,1.9188327551225712
2021-07-19 14:00:00-07:00,684.5454166666666,223.0625333333333,0.2661742523351297,13.5,777.3529616566414,12.362524324122308,35.93137160319093,248.60199825452688,0.0,458.43663364082465,950.6783572866161,1.0,458.43663364082465,215.96788890863854,1.5237184705509375,32.40487488888889,2.037018155,910.8076646574607,911.4690770092677,911.934933143417,911.934667817902,912.0548572211451,912.4534942238563,912.854425623809,916.5675953552679,920.1443687539927,927.4951140969943,930.5949557557562,933.9884845955047,109.8655788691526,98.82478985606606,89.3675540906692,80.70489301426058,75.79274124699377,74.72147008679597,73.1413461591423,75.39539794188343,78.71831969996921,82.93508491562469,87.26237024270286,92.09549542760438,34.009841453748706,269.9999987925817,0.4703323522505515,2.028201347017347
2021-07-19 15:00:00-07:00,657.8941833333333,194.1139333333333,0.2848476964193027,14.5,642.1595996233872,6.157625458648096,47.07581771524822,261.57675531374014,0.0,332.0821291841487,933.7476391813295,1.0,332.0821291841487,191.23229819544326,1.8701517440995454,32.514440444444446,2.0008598066666665,904.4610566750943,899.6914311118527,895.5377472201203,887.3138149737695,882.7481596181279,882.8089611962198,882.3155358073301,882.1174769353453,881.2835561077625,880.6670407501335,880.2465965529026,880.3950178148914,75.59960357635396,70.42054194874056,66.26002671933662,62.698873109651515,60.507838349210594,58.614171087062125,61.89572990591032,65.01194690547017,70.42112408415687,77.02395574958521,85.05756312404549,96.28113585963632,46.76581338246247,270.0,0.38571997518886947,2.1721609200858216
2021-07-19 16:00:00-07:00,607.30345,150.66903333333332,0.3119833721415446,15.5,467.25141226088533,8.691405983984625,58.58104938434522,271.70441779819396,0.0,187.57626459500335,842.9371791802066,1.0,187.57626459500335,154.30430433512672,2.4967755706274093,32.040968722222225,2.0076343116666666,814.8016164228786,811.0940709724911,807.3199041930956,799.4804080340285,795.7731152061477,794.9532002652443,794.6922315837373,793.4714206727018,792.2117466322167,791.8515456299195,790.7520029300543,789.5390366610576,59.98477267865459,57.60750209604621,55.747681404564446,53.689270836643615,53.034103998137375,53.19974944851248,56.44253250750056,61.69224206754574,66.17043576125312,72.66690039574942,78.45573824090428,84.60904000483514,50.0,270.0,0.366977778440511,2.214355247456318
2021-07-19 17:00:00-07:00,470.7506333333333,110.34050333333332,0.3349639231900555,16.5,271.0472653037965,22.04332116454271,70.0387791310479,280.71772839042205,0.0,60.010495657877975,624.07047384453,1.0,60.010495657877975,97.63695018550044,2.857142857142857,30.92755138888889,2.1731586333333337,605.0437437306549,603.0060907650121,601.0141740048758,596.6492001376453,594.4646531115343,593.5258554998561,593.1047645584697,592.151479757593,591.1828168967237,590.728409042171,589.7145903743882,588.6971026032354,33.425376753065315,31.626650898440786,29.823739185123223,27.893078662494016,26.01902579220374,24.083799466746296,23.441678398917038,22.775328070674554,22.010903283032857,21.252471772122515,20.5177373347028,19.835787195996197,50.0,270.0,0.366977778440511,2.214355247456318
2021-07-19 18:00:00-07:00,207.86365333333333,59.23097,0.2562040040336978,17.5,91.15040208856433,63.976397570467,81.16674030632517,289.55835605606984,5.440092820663264e-16,30.97395186113884,172.8182247408767,1.0,30.97395186113884,24.853926948499613,2.857142857142857,29.164425833333333,2.010233131666667,160.40977096187078,160.24127555983424,160.1739151588505,160.0187061562788,159.76883806753835,159.66963953678012,159.39903533783888,159.23235881396988,158.9483153420004,158.80037347192012,158.66317174766866,158.50230227896304,8.17950419094275,7.99456593861817,7.750587803756768,7.570850035819881,7.349401499402377,7.192904930015246,7.028005987867174,6.997005553729057,6.9313808996501445,6.8800123872575,6.964805913987616,7.0136393538754636,18.339897788176977,270.0,0.5926732449506673,1.9079362576174488
2021-07-19 19:00:00-07:00,2.6830368166666667,5.0060964666666665,0.2660911456955399,18.5,5.071097921303971,86.03084132352109,88.61176954051294,295.99803286676024,0.0,3.2048371477301743,5.188670764931235,1.0,3.2048371477301743,0.0031441370423410707,2.857142857142857,27.00363011111111,1.0971953966666668,4.79412797663336,4.79412797663336,4.79412797663336,4.79412797663336,4.79412797663336,4.794063168531689,4.7947699766954965,4.7947699766954965,4.7947699766954965,4.7947699766954965,4.7947699766954965,4.7947699766954965,0.746737810569061,0.7306785048848532,0.717384713813317,0.707350349442112,0.7009392958011111,0.6983461257084344,0.6997540920015154,0.7053687288257202,0.7140517626066236,0.7257281815357108,0.739862440120272,0.7558561709521192,2.872102681094763,269.99999355415036,0.7249466712117256,1.8583989846377458
2021-07-20 05:00:00-07:00,163.07447333333332,38.43049616666666,0.2791654601877747,4.5,56.10167096912489,71.96442511863367,83.779064460117,68.36428658565256,0.0,18.696066419397646,107.56621951723261,1.0,18.696066419397646,16.80769791627801,2.857142857142857,17.597493944444444,0.5917180248333334,91.68285014004059,91.73876436738611,91.92242896256543,92.14973533609854,92.16985097821859,92.35359606494397,92.54550311708007,92.54048201466496,92.71440320389132,92.7142163579056,92.68745931408333,92.87120099569093,4.7051954025043825,4.619410360117744,4.547237646244185,4.511519066250616,4.5314491109091035,4.6113392660752215,4.642739013055159,4.7302067323719585,4.879908512459796,4.957068395904639,5.040098570595487,5.267128160810465,12.748448056107266,90.00000085377364,0.6396644918495987,1.881794559064283
2021-07-20 06:00:00-07:00,413.97795,96.22469,0.3115270470264898,5.5,218.81941410186624,32.209003740138456,72.77419295165016,77.28427732429384,0.0,44.33933547249981,512.0102125564184,1.0,44.33933547249981,75.46841859499217,2.8571428571428577,21.72717727777778,0.5155199158333333,486.659012000902,487.51569038832025,487.8885055809073,488.7255405575828,489.533136931558,489.8977576474018,490.66793065291415,491.0045470683141,494.07320165288394,496.12161404582247,497.72836283310545,499.30325717659775,13.772350126318335,13.901015122575565,14.134607892372676,14.12069157569314,14.456059509345963,14.852339017705678,15.236448525224155,16.725855152335175,18.2014561371517,19.704176970602145,21.27401603877259,22.820822044879733,42.302051354892846,90.0,0.4134805029928327,2.1175358584359953
2021-07-20 07:00:00-07:00,558.91525,141.28876666666667,0.3169805280677938,6.5,409.03478360768435,11.796039369599688,61.376898141682496,86.21169021488943,0.0,148.9540050800453,769.4392338248324,1.0,148.9540050800453,135.4154200894458,2.7143688034335685,23.870335277777777,1.1245814683333333,723.902248208438,725.0980332265439,726.2599653061642,726.66311617932,727.925732935221,729.116635820417,729.5516108578676,730.4347209908738,733.1242869760928,738.8885566908956,741.666699403391,744.3946633740727,76.09239193641355,71.59977659469962,67.09695875689364,61.92353983462267,58.099221963016525,53.469151158290586,50.72390862907682,49.868140192976036,49.63992640542587,50.62282773094254,51.43321580605511,52.652736582822286,50.0,90.0,0.366977778440511,2.214355247456318
2021-07-20 08:00:00-07:00,630.8817,173.42658333333333,0.2972547635335131,7.5,580.1017156203279,4.578941531878983,49.86326452927517,95.99395052039733,0.0,285.2778673732158,891.8537068702649,1.0,285.2778673732158,179.45149320323952,1.981153936295077,25.011374888888888,1.5770059416666666,837.2552258174311,837.7117017967413,838.1347466972932,838.4704598596725,838.2196558860757,838.789541877336,839.2629849778876,839.1846658123807,843.944104370804,852.6935613855567,856.8618628606532,861.2217749229534,90.62819585234693,80.68847053750777,73.05219926561165,66.32808196848639,61.04973196436823,57.43562702830883,53.921155475564085,54.91336145074213,58.72802692939968,61.97952277204362,65.77997647881392,70.01618913114007,49.70840129655836,90.0,0.36861841976645354,2.210464914860726
2021-07-20 09:00:00-07:00,716.1812666666666,193.4909,0.2754420361629471,8.5,753.2232349851262,11.17793399079112,38.59717711009151,108.1042370193859,0.0,429.9258623522011,961.7617017325967,1.0,429.9258623522011,214.27298763012269,1.59496795383861,26.80221777777778,1.9532153033333333,919.6792574573158,919.9267207276083,920.4881795100399,920.2048481967576,920.6955514216608,920.4861149236065,921.1355703579217,925.2930813396216,928.7229541936083,932.0937686829594,935.8331900782324,939.0620640807091,108.68760127729132,97.64438411245162,87.76683645506012,79.99983153537784,74.33808647669649,69.65050559686065,70.62113994961221,72.64272246227115,74.84458110407795,78.65139025866712,82.48413649995945,86.82130602881858,37.18728978548784,90.0,0.4477887991500625,2.0604788374185103
2021-07-20 10:00:00-07:00,783.7208666666667,194.95885,0.2588114450652216,9.5,885.0376000043614,16.040040302208105,28.29533098489125,125.65549802021452,0.0,543.5275907484285,977.2734897797387,1.0,543.5275907484285,233.97879602378663,1.3318992191538306,29.15872488888889,1.93314885,953.5430643879979,954.0538969796843,954.1637441320818,954.0830237109651,954.3627334177596,956.4874290438311,958.6970435395557,960.6870588039342,960.6940454313028,962.6526891988091,964.4482152120746,966.3449335185885,119.76390585374314,109.13567271005032,100.2293636260068,92.37990963401725,87.8441799866087,84.68297744162773,84.73592486891873,85.36701692593704,88.05432964958878,91.93442507749917,97.94734951031695,103.30036156867914,23.625551219825876,90.0,0.5496211763183767,1.9409587555126904
2021-07-20 11:00:00-07:00,530.47015,228.24453333333332,0.2485215178978781,10.5,724.1033148473317,18.758131177006096,20.811656944005776,154.8346365688883,0.0,470.38395039997005,739.4711566479738,1.0,470.38395039997005,185.01963964531592,1.1213053334744003,30.58634588888889,2.0702524133333333,730.6157371036307,731.6507290496137,732.8362386351954,732.511820710223,732.5099552494311,733.3222494925895,733.3188057326066,734.4968902592988,733.9645020416954,733.9687626693967,735.1545658867892,734.5734916148282,97.30264543117835,89.21251302634639,82.74797221424912,77.6097238932461,73.95281350894255,72.24942654513558,72.02378559987815,73.2139927187773,75.89818239728199,80.30588084682066,85.21263952058415,90.97921583214688,9.181290946653464,90.00000372151304,0.6702205774763127,1.8699544379608106
2021-07-20 12:00:00-07:00,729.3596833333334,216.98141666666663,0.2466161065127112,11.5,902.985292845984,19.060642134983652,19.854802266542322,195.94605881460615,0.0,577.9953972256434,911.2191949883804,1.0,577.9953972256434,225.86879029132803,1.0744169664472898,31.897880722222222,2.0873350283333334,907.4877226219744,907.4877774309937,907.4878630238697,906.7679809833031,907.204648340181,907.2046384711568,907.2043065987424,906.4515845121239,906.8006024954659,906.8007710266463,906.8009402295693,906.3509235236161,110.1463187983037,102.01879096965801,95.52963460634416,90.26296162589597,86.50428925574471,84.76019250127675,84.907198687535,87.0665257434043,91.6577453911149,97.62365724637839,105.43862801294313,114.49671282444996,5.665583228824002,270.0,0.7006389920320103,1.8620278067242957
2021-07-20 13:00:00-07:00,785.0080999999999,202.97018333333327,0.249769123329747,12.5,907.5294471866331,16.91518692974152,26.166226453432152,228.7155150176262,0.0,565.3924295912271,976.8626907334631,1.0,565.3924295912271,231.6542426888862,1.2789461951654952,32.9020845,2.26157626,967.6727654710373,966.103177109065,964.4879871136404,964.5621244619626,963.025485384179,961.2751521927212,959.3385311726564,959.4593646994332,957.4303950125876,957.3717519209752,957.1562716218331,957.1992336315216,105.15937117453997,98.34949013251543,93.8857616998576,89.21834574827761,87.08399567537336,84.89497157589166,86.1479893659885,88.35351734791756,92.49975874632318,100.14006298625208,109.09414334617344,119.05272059722259,20.264432273084594,270.0,0.5768233161240864,1.9190387346452704
2021-07-20 14:00:00-07:00,761.8514833333334,182.036,0.2611277022242579,13.5,798.0404148347457,12.542575220814076,36.04429538222414,248.3416981260677,0.0,468.3094016813892,982.8425145938772,1.0,468.3094016813892,214.78379237910806,1.5250500980415314,33.492468333333335,2.0858363866666667,967.0479170000991,963.7446387456324,960.7421941959534,953.7466998060587,950.3809937119016,946.8759923074757,947.0447423042002,946.4707266813436,946.4762185318663,946.6194551434764,946.4332720750328,946.0661401900169,89.13305287362451,84.4399230420893,80.26795711531676,76.21916726960573,73.09974159406002,71.39241491011978,72.77104251356651,74.19373593998992,79.42919861968025,87.2322290152234,97.07836404816528,108.47283011909857,34.07237918311747,270.0,0.46988012854345923,2.0288123491566523
2021-07-20 15:00:00-07:00,543.1958,175.9187,0.280820201464596,14.5,545.1508652039166,6.328495827687058,47.17663467713902,261.35643025011996,0.0,277.46163044386884,796.1494235647576,1.0,277.46163044386884,164.0099827297479,1.8731192498555396,33.74612938888889,1.883134075,770.7987749034411,766.2292815370641,762.1178851621929,753.9386044794297,749.4439785741931,749.4708627023875,749.0166634505136,748.809436431402,748.0652153590523,747.5061912663425,747.0923775842944,747.1938912644573,65.64847369314708,60.78288460441593,56.788204896888416,53.30990742196813,50.90264930099084,48.832091689234105,51.62987424679995,54.27547727798419,58.823257896694706,64.38832922417991,71.13342331850309,80.53758460807092,46.85021072696178,270.0,0.3852158774224105,2.1732348401835644
2021-07-20 16:00:00-07:00,51.352253866666665,136.61796333333334,0.2755828780387996,15.5,163.31204146225414,8.765865963377484,58.679626482993655,271.51337937211383,0.0,97.51320758919205,182.85034408135147,1.0,97.51320758919205,55.035558223865294,2.5041404475629667,31.680554,1.6598901566666666,172.85910725291905,172.79448929398978,172.7271139556462,172.45882209998092,172.40475457737534,170.8114322387527,170.1029235982215,168.4481312166452,166.74540928642836,165.98930878786058,164.26157827517108,162.50080214496757,32.970654332975016,32.99847062502897,33.04968078292693,32.98441788221306,33.107592319919426,33.28924987836494,32.873154241151596,32.687290871307,32.3983164322353,32.459764323050905,32.46904474506242,32.664981116581096,50.0,270.0,0.366977778440511,2.214355247456318
2021-07-20 17:00:00-07:00,0.3963146833333333,88.17833666666667,0.2753771122265414,16.5,88.31296461935693,22.077888029101988,70.14142481599009,280.5466438033578,0.0,59.10542160332508,76.64699161716828,1.0,59.10542160332508,30.37982497155331,2.857142857142857,29.87981711111111,1.7086797816666668,71.1066953719619,71.43944107922022,71.77744762720485,72.37619009083389,72.72338147178695,71.58645336735475,71.07576600126464,69.92072645691331,68.73290619540794,68.1917486451056,66.97495249263919,65.74039397059454,20.106837053233537,20.407844443305528,20.688443464502203,20.892428602457386,21.13514318407594,21.361606482202003,20.81875073196381,20.30136136168358,19.76132329365134,19.342550928285963,18.933201084828266,18.63931657256687,50.0,270.0,0.366977778440511,2.214355247456318
2021-07-20 18:00:00-07:00,23.2903758,39.12455833333333,0.2866932265206631,17.5,42.6562717771077,64.32585903802806,81.2781184899026,289.401291585154,0.0,24.59732377170608,50.837656033937954,1.0,24.59732377170608,12.272990035312647,2.857142857142857,28.45579261111111,1.362333748333333,47.78594070020159,47.78159522064995,47.781221081453204,47.78872184798363,47.784961792879585,47.78438831680293,47.79092065513641,47.787256159396186,47.782396999849226,47.67750528154567,47.55642733220243,47.44221667762125,6.383813647700679,6.282542202107748,6.1811568363341065,6.08263412179449,5.988087068415452,5.914925911197376,5.86085886690812,5.825273096006233,5.8713408140447525,5.872912402832394,5.934025310634603,6.100640488634956,18.063927333713814,270.0,0.5949610320286391,1.9064317161323494
2021-07-20 19:00:00-07:00,0.4837269333333333,12.224676883333332,0.325576566375166,18.5,12.235384613376901,86.3738840534324,88.7316028706314,295.8489905677598,0.0,7.824790184293276,12.248879557317034,1.0,7.824790184293276,0.006390816293473794,2.857142857142857,27.400524444444443,0.8777861845,11.564177007541204,11.564177007541204,11.563983401568594,11.565709397357645,11.565709397357645,11.565709397357645,11.565709397357645,11.565709397357645,11.565709397357645,11.565709397357645,11.565709397357645,11.565709397357645,2.2308044310438815,2.182887889809588,2.143168591431971,2.113136850964366,2.093901296914247,2.0860546955484778,2.0897322331918065,2.104595120114377,2.1297837159037156,2.1667770557021275,2.210054472115257,2.258111762218245,2.620298429063754,269.9999894049477,0.7271415525027787,1.8581884209887014
2021-07-21 05:00:00-07:00,153.39450856666664,42.271763,0.2840457377691414,4.5,58.539234371281196,72.36213859505412,83.9123411937147,68.50552565820232,0.0,22.283877977537962,103.62405040055404,1.0,22.283877977537962,17.267952101843804,2.857142857142857,19.567641944444446,0.4187673676666666,88.97809842015572,89.13479036972481,89.1975448950472,89.3238228224469,89.40594607251344,89.44581204261566,89.52250570389648,89.55098314293541,89.63322016001663,89.650359967224,89.65033810219859,89.72786993985068,5.5350765161949536,5.470483618367496,5.393575601303325,5.3549182128740185,5.341795411529914,5.349151149756832,5.43829847482062,5.514541508845257,5.593419411795523,5.746231284482409,5.8476586542620845,5.973573269782161,12.448746867275489,90.0,0.6422169021936436,1.8806536276533243
2021-07-21 06:00:00-07:00,434.44155,87.36010833333333,0.3106173845680737,5.5,215.11185458556253,32.841867541551295,72.89883933423523,77.43963986238157,0.0,39.795786701445586,514.1562329996641,1.0,39.795786701445586,73.21251026129323,2.8571428571428577,22.641375611111112,0.63546867,490.28366391944724,491.04523790928846,491.378121531836,492.12279286704216,492.4475709453065,493.1623973335608,493.4742790275128,494.2036000386267,497.1267776743323,498.7001462021241,500.48747451041424,502.0261524740842,12.384777009031488,12.26219193954527,12.418807820715688,12.688523029149174,12.98927068523398,13.048215347027893,14.433711003557304,14.784866515581921,16.20398702994262,17.615265412104197,19.089036492885235,20.545813036416185,41.70143436984881,90.0,0.41737547692901567,2.1105213287851488
2021-07-21 07:00:00-07:00,438.6098241666666,204.2757333333333,0.3057046759241826,6.5,413.5827216078162,11.875790154987376,61.49695747187608,86.38529371509581,0.0,175.9084064008457,704.6881400044049,1.0,175.9084064008457,136.30385901527785,2.7251397873055216,24.737142944444443,1.3629537833333332,658.4277340857533,660.4333871827264,662.3907507964972,663.1665319970552,665.1854430621967,667.1220555129427,667.8972262871323,669.5692358495959,671.4947225548834,675.7140393897871,677.7151917764504,679.6786028968284,78.87012347722448,75.6286695421648,72.44817365996333,68.69191137541418,66.06986873995608,62.73960659250621,60.939721166297744,60.02091610942703,59.57315857255031,60.168325617452346,60.536109415072744,61.227291865781304,50.0,90.0,0.366977778440511,2.214355247456318
2021-07-21 08:00:00-07:00,599.6199368333333,228.60533333333333,0.2913527983416691,7.5,614.1605007013394,4.738976273657978,49.98416895654495,96.19272902331386,0.0,310.7347851278517,911.7884931667132,1.0,310.7347851278517,187.90416224062054,1.9856510650639696,26.51956394444444,1.5165569583333331,854.2785870769952,855.377536809073,856.4419729708595,856.457602089238,857.9905134268988,858.5493442444084,858.7163228338263,859.8148696957799,864.044694141956,871.8485187503463,875.5099225375999,879.7070102697298,97.44028700575613,87.99394248598608,80.85998361648187,73.96146925610898,69.58611539222626,65.49015744410822,63.2700909394962,64.69693210566818,66.91870700022119,70.46735677051126,73.81384954996427,77.5665528177882,49.81895747407027,90.0,0.3679952251863829,2.2119379221970754
2021-07-21 09:00:00-07:00,728.1734666666667,202.40363333333332,0.2713264417543964,8.5,770.4765003974825,11.35047273524273,38.727155578886624,108.33591991227058,0.0,440.2381137903869,982.8238910038938,1.0,440.2381137903869,216.3403850633435,1.5971392830331799,28.006748055555555,1.6950064,939.7369711015629,940.0469917133021,940.6776652032402,940.43004098924,940.977330668268,940.8040077012745,941.489053628534,945.7127018973008,949.1846743903757,952.5985406108622,956.3821202429817,959.6501980894233,109.76497131628479,98.71147493385708,88.82021512029215,81.05957758808843,75.39943240934576,70.74030041278905,71.73407307387981,73.77925692764386,76.01452934655147,79.86220559923403,83.73266915430193,85.37949902465009,37.27891002773515,90.0,0.44715222309024455,2.061446372242191
2021-07-21 10:00:00-07:00,481.8946163333333,352.92736666666667,0.2592976989402922,9.5,776.6351981169082,16.22421117092998,28.447479986288716,125.91138315683317,0.0,481.1744361113452,849.490507168538,1.0,481.1744361113452,212.01567607614317,1.332972726075686,28.961230166666667,2.006005441666667,818.690961390188,819.910216821315,820.3548735478819,820.9075950065811,821.2213289768446,823.9086949265773,826.6555769272645,829.4208024620158,829.398215658184,831.8249043680524,833.9088460119074,836.2534390970975,106.85875457373498,98.76069814623776,91.96514862740887,85.83205155430815,83.23859773978373,80.62388988137522,81.20242063487638,82.16125517757241,85.55425505856157,88.38211655455818,94.03460148923313,98.74248706223351,23.691513468764416,90.0,0.5490939268921191,1.9414207381823707
2021-07-21 11:00:00-07:00,690.3548195,244.03895,0.2475617711646471,10.5,888.549995059723,18.95055218318127,20.997846509497776,154.9970377409335,0.0,577.2351249918362,906.272970950439,1.0,577.2351249918362,224.85322071639402,1.1217551381936364,29.59177011111111,2.567652633333333,896.7028588415081,897.7490032694301,898.9375266020559,898.6068949294454,898.6043464610375,899.42558404221,899.4213173334264,900.6004730865834,900.0621252924584,900.0673693838079,901.2556166682564,900.6792315926075,118.73544400053598,108.80628619153048,100.86991117276614,94.56303386958108,90.00666857657593,87.8979863448713,87.61732763539247,89.07199268604174,92.36764954373999,97.68070484073286,103.67758066612092,110.74125179656961,9.21468595195017,90.0,0.6699328982786068,1.8700476049570591
2021-07-21 12:00:00-07:00,581.8984873333334,286.6050666666667,0.249253049458829,11.5,833.263103861153,19.25585158198512,20.042471321633826,195.78835314976243,0.0,533.4357266225935,840.7637433903874,1.0,533.4357266225935,210.89081973734034,1.0744563993980905,29.874221555555557,3.18508345,835.2495604641686,835.2496098113754,835.24968708281,834.5493105899059,834.9580115045536,834.9580069855648,834.9577074655664,834.2267371551712,834.546153081342,834.5463036929414,834.546456945669,834.0835821404619,103.58228263171857,96.21632238844697,90.35209744942216,85.5871293748938,82.17738574703334,80.58349949713556,80.69358720830049,82.61716198818678,86.73300471060018,92.07242165831572,99.10044728205055,107.25551336440377,5.668564395739635,270.0,0.7006131035945646,1.862032944694109
2021-07-21 13:00:00-07:00,397.8165543333333,366.33793333333335,0.2531204631326039,12.5,722.9325308339473,17.107266344650792,26.313826467869397,228.42569778290883,0.0,453.7010142947441,773.0842024958788,1.0,453.7010142947441,193.17294005121366,1.279525046192161,30.758118777777774,2.313422885,761.5729917575234,759.6737316996937,757.6496322287876,757.5772451065606,755.7006572213285,753.4749697290497,751.2700211244021,750.893307865753,748.3163363225985,747.9596125719344,747.4438949846491,747.1357794892035,92.2942957930807,86.5283097772218,83.17314803886254,78.97691801708159,77.27796578287727,75.45021382116875,75.62629756846724,76.70189440705535,79.31339681970202,84.70932652900518,90.74385494689531,97.71616005759303,20.30228758088108,270.0,0.5765134513600517,1.9192677749682665
2021-07-21 14:00:00-07:00,187.17993178333333,427.5162833333333,0.2660093160267945,13.5,578.6340602249338,12.72702808457736,36.163185479066215,248.0779121400879,0.0,359.7174942370949,637.5728108966052,1.0,359.7174942370949,166.96434329696746,1.5264793019172467,30.689872333333334,2.1165178366666666,595.4658251480193,598.426847459875,599.6429471186901,602.369026298976,603.5986300187762,606.4892973806282,607.5573404036877,609.3145328525164,611.3190865290485,613.4780542485171,614.9757888723361,616.741608694596,87.98119849748322,82.538750480372,78.81327003218995,76.35037865441568,74.2345859136124,74.11351614959878,74.7610153178575,75.29907402947683,77.36056318407212,79.42297193763687,82.05127042918164,84.54173066573723,34.139361066322145,269.9999987925817,0.4693961383590188,2.029467865779293
2021-07-21 15:00:00-07:00,126.93319241666669,234.14488666666665,0.2705729049883328,14.5,320.253483430051,6.503185108803997,47.283030438893995,261.1323212567813,0.0,188.58858316947106,379.30354387364014,1.0,188.58858316947106,103.06479917118699,1.8762708402202675,30.16166338888889,2.68391415,361.9913452277532,360.3596793670401,358.9494261747948,355.8617291441129,354.46769953347024,353.6319308081363,351.6176329144183,349.4550972320899,348.4730204705174,346.32204074168413,344.15533502419396,341.9236865638361,55.20442910797097,53.67396793265972,52.241828519329175,50.946364826641776,49.675844963552954,48.988887269053315,49.02007925939106,48.88571778102759,49.1499411888136,50.46966659314358,51.92129004439268,54.70257487166475,46.93947588897231,270.0,0.38468356593006353,2.174372315896603
2021-07-21 16:00:00-07:00,1.1096395,10.245559666666669,0.2403404552038373,15.5,10.820654757904407,8.848458816983234,58.78358760619436,271.31877768769,0.0,7.228777812996749,9.339612888918214,1.0,7.228777812996749,3.329120606171112,2.5119255714902016,23.02790877777778,5.2716032,8.720450401384449,8.766936891940393,8.81405692586356,8.900943187694288,8.949902911062873,8.813120207579242,8.750661069100605,8.61090433249788,8.467300655842767,8.401117684303019,8.254159168877269,8.104907103282816,2.2263394567569863,2.269452186016754,2.310801644548214,2.3444343503026,2.3828632048040905,2.420368676930465,2.360696583738958,2.3057081337447696,2.2482613251389107,2.205366116705043,2.1633245046369374,2.133806641805043,50.0,270.0,0.366977778440511,2.214355247456318
2021-07-21 17:00:00-07:00,0.0330624666666666,11.814835666666664,0.2487276649120816,16.5,11.826008347375856,22.11758631472553,70.24940990244053,280.3723064673316,0.0,8.117581433651473,9.493377044343825,1.0,8.117581433651473,3.759048602111636,2.857142857142857,20.636198666666665,4.706998466666667,8.79727990154249,8.856632783382645,8.916816850904565,9.028613324999208,9.090837403287038,8.933140792390184,8.861342723109319,8.700824634528033,8.535859775466857,8.459840859005116,8.290815320466875,8.119271220446157,2.558402565311877,2.6121221884779016,2.6630408737021516,2.7047520962285807,2.750503266540101,2.7940439753473147,2.720088691672535,2.6490323648807843,2.57586164599723,2.5176064130984366,2.461100964068838,2.41917671131053,50.0,270.0,0.366977778440511,2.214355247456318
2021-07-21 18:00:00-07:00,29.6880285,26.950756666666667,0.2900579772354522,17.5,31.3927779437751,64.69129545392195,81.39490217756864,289.241298483126,7.771561172376094e-17,16.262500218420733,43.21241345746854,1.0,16.262500218420733,9.567005802057121,2.857142857142857,22.368678944444447,2.099991478333333,40.34490810272423,40.285869966984784,40.285854151659244,40.21671116999825,40.20837137893927,40.14902412166623,40.06963062447629,39.99402983849602,39.978384692887786,39.91304687576291,39.836851663396374,39.7651353391923,4.553436300877238,4.427598532347743,4.359417818694372,4.239547838054662,4.173723149457694,4.0829334910981805,4.039899630942368,4.022860307033515,3.9748559514535433,4.003845960491908,4.044935442862455,4.094131527552146,17.777202488849564,270.0,0.5973417817711192,1.904891906169988
2021-07-21 19:00:00-07:00,0.09517465,4.52714235,0.2823217749344339,18.5,4.529040976382146,86.73255533003122,88.85693832292151,295.69726784869874,0.0,2.897274651972247,4.530650535230293,1.0,2.897274651972247,0.0019164536139006638,2.857142857142857,22.35869061111111,1.5283255999999998,4.280479316849056,4.281118501729533,4.281118501729533,4.281118501729533,4.281118501729533,4.281118501729533,4.281118501729533,4.281118501729533,4.281118501729533,4.281118501729533,4.281462548164187,4.281462548164187,0.7176410268315151,0.7020987038749292,0.6882068405371979,0.6785471259375467,0.672342292827455,0.6697930307528246,0.6709454696711364,0.6756999054835409,0.6837924116449623,0.6948364639415269,0.7083411693547254,0.7249258001808997,2.357877590160179,269.9999921750353,0.7294294436942872,1.8579895111277953
2021-07-22 05:00:00-07:00,80.02188816666667,38.257845,0.2597605866367622,4.5,46.55629309949864,72.76496754792865,84.04759847632536,68.65250100786261,0.0,21.641026634999758,70.74640026457973,1.0,21.641026634999758,12.342088491420702,2.857142857142857,18.89699861111111,1.0831439699999998,61.897271371181745,61.96593204664066,61.960025961593715,62.02290105735014,62.08030942018869,62.07509960889976,62.127708799211476,62.12777941627836,62.12964606502463,62.174610531792155,62.17000011313652,62.21206734719068,4.88318062843067,4.778331028537685,4.734527010434435,4.6860368450901335,4.674201252699015,4.684721183573674,4.716128917038666,4.80031602250522,4.869536292077444,4.954247149196978,5.076905728719047,5.1750662021211635,12.146011040702009,90.0,0.644798150829629,1.8795282686037242
2021-07-22 06:00:00-07:00,380.16575988333335,96.57773666666668,0.291429896858056,5.5,207.56754501014183,33.47298391968947,73.02519884372,77.60094077565317,0.0,44.63152242342587,477.5339037847285,1.0,44.63152242342587,68.5538600167642,2.8571428571428568,23.538483166666666,1.2144756451666665,453.5498293755952,454.40967157479525,455.24626832220076,456.074679877193,456.4351768245297,457.2296747604257,457.5782786984634,459.2572830826787,461.25153920179423,462.9018804748751,464.46583434243416,465.9990086964491,13.027787429143496,13.156447522803909,13.386226763732758,13.410872681308476,13.700596527034735,14.082994701647285,15.51888344573894,16.932038546725185,17.385528595741274,18.849239376801286,20.336770555171764,21.84531191230539,41.10800532273694,90.0,0.42125973665933275,2.103671320165623
2021-07-22 07:00:00-07:00,771.5342166666667,106.456635,0.3052719594722944,6.5,473.1960217319845,11.958189206642851,61.61865276420333,86.56523300189491,0.0,154.68523028793746,949.6844187858354,1.0,154.68523028793746,145.80682014273626,2.7361327603563566,27.02530411111111,2.120954943333333,902.339888170565,903.1083732690535,903.8459514793954,904.0397770708855,904.9186658475012,905.7346593186713,906.0099817763002,906.4493768357202,909.542152016187,916.1184155804102,919.3307865458233,922.4848118175092,82.55885301692501,77.39907084880069,71.9194214464653,65.54229924820127,60.54317037384852,54.55229546633517,50.76770367569921,49.36272595845854,48.68438636000515,49.4918170175229,50.121955458911806,51.2781544657133,50.0,90.0,0.366977778440511,2.214355247456318
2021-07-22 08:00:00-07:00,833.2696500000001,185.5942,0.2881208361461999,7.5,720.0181374108225,4.904993015610936,50.10686277456373,96.39850744015786,0.0,345.5060288723692,1112.2330596627778,1.0,345.5060288723692,209.77565664691883,1.9902181013237479,28.748459722222226,1.7395183316666667,1051.6403369897926,1052.0985247237002,1052.5456846121338,1052.1823652326907,1053.2184808911547,1053.7992794676584,1053.5975015188078,1054.088159813196,1058.3410888780527,1067.2091580441797,1071.3910096901166,1075.5194429600174,106.78967953364918,96.09458310168631,86.64727122960772,77.507448487872,72.2554134116303,66.55113624207048,63.254006179454635,63.792216800424924,66.0698877067357,69.98900901159928,73.70325965714153,77.94351431628976,49.93059209277973,90.0,0.3673673947171167,2.2134277357593892
2021-07-22 09:00:00-07:00,874.3332833333334,149.63536666666667,0.2661131635838855,8.5,830.4681323850313,11.52906042426692,38.85940092339399,108.57555016596937,0.0,472.02492051698914,1063.328737323026,1.0,472.02492051698914,222.2771241399351,1.5993271998712553,30.041161722222224,1.8806538433333333,1024.5155672877654,1024.5675796552266,1024.5875620688823,1024.5940267925193,1024.5499684641618,1024.6243769683222,1025.236252864077,1028.7006351910934,1031.5104507454557,1034.735667022221,1037.4563437634188,1040.110698075145,115.25381823770181,103.18975411646268,92.6663083013967,83.92778677692782,77.64466830103021,72.48165071441404,72.87469496067719,73.4599338380144,75.87554885698755,78.5439274946851,82.55749933958622,84.11221425814664,37.37093020568851,90.0,0.44651364775731783,2.0624201784619713
2021-07-22 10:00:00-07:00,912.87975,104.95575,0.2513405591229311,9.5,906.4268903416187,16.41441150048767,28.60285015317742,126.17610183232587,0.0,555.4171497260318,1000.0652096723591,1.0,555.4171497260318,227.0919261692375,1.3340391623502599,30.685598944444443,2.1694152316666666,982.8852831870104,983.1805477170797,983.198910444733,983.3267980614179,983.2172513349518,984.6765891759089,985.6744243433205,987.0812608126857,986.8227203038875,988.0130609058256,988.9129631587989,990.0577593364376,118.71647601850972,106.75881449964845,97.05315320216003,90.18093038370563,85.2944890126207,81.67839226734623,81.50542530786946,81.64819600246261,84.18557970060581,87.58549832296204,92.95297293660967,97.85196534612356,23.756954076298225,90.0,0.5485711101776534,1.9418802667461188
2021-07-22 11:00:00-07:00,923.6400166666666,111.58798333333333,0.2378804389195265,10.5,972.7853405360648,19.148824270289357,21.1887123079418,155.16794385032506,0.0,632.0552270666997,988.4242654596196,1.0,632.0552270666997,232.52682162597318,1.1221829419899694,31.79304733333333,2.2743721666666668,982.4071725182484,982.8440368427068,982.8490883345354,983.1561190074907,983.1531300605167,983.4967913496182,983.4922097109308,983.9473806322343,983.7155609983828,983.7211709749523,984.1856718852735,983.9797721672276,124.27309079030513,113.67091070445272,105.18931268582608,98.44673588628417,93.37047666903435,91.0434354815457,90.72717214607678,92.26120500370641,95.76872778838951,101.15680438517676,107.47785370467496,114.99559114553686,9.24643866571233,90.0000020913098,0.6696593917243853,1.8701365012121485
2021-07-22 12:00:00-07:00,798.7006833333332,217.3021833333333,0.2360001084428979,11.5,966.7024265300092,19.456538191963816,20.236278642122087,195.63621810995892,0.0,618.8210907444789,974.051959172179,1.0,618.8210907444789,230.33372078951075,1.0745328506044989,32.27024877777778,2.109110433333333,968.2018852473807,968.5342766693329,968.5341055538646,968.5339363543494,968.3069254054368,968.842980609139,968.8433154293348,968.8433136641933,968.5490513823219,969.0514897403261,969.0514033593035,969.0513491831615,117.50022168068001,108.38209326632615,100.52040813037084,94.48217227304085,89.87082620196804,87.7093226688792,87.5742804504653,89.34307128871735,93.14118377000389,98.45486985705642,104.99827700824285,113.13216900892506,5.674342841883787,269.99999669334886,0.7005629239801641,1.8620429113793997
2021-07-22 13:00:00-07:00,730.8941566666667,205.62955,0.2420508091856997,12.5,859.9147452112903,17.304283588015117,26.46784872322898,228.1351879105164,0.0,535.1400116815394,930.8230289965356,1.0,535.1400116815394,215.89216168904545,1.2801620132490945,32.97090861111111,2.284527475,922.9189331550441,920.8002228182919,918.8374154413535,919.0661946839762,916.9732359685464,914.8235648520576,912.705767105682,912.6570915424803,910.1681661300661,910.1653884520834,910.2811310774354,910.1136655082358,97.9913568263104,91.91205705826324,87.09521682887356,82.39237990306151,80.44634606014087,78.48168016916985,79.26988628001334,81.04337298181721,84.91555887112936,92.04688513512613,100.12838348894944,109.41790531933698,20.343915801685956,270.0,0.5761727908366162,1.9195201156215793
2021-07-22 14:00:00-07:00,509.5310385,293.13015,0.2537615455109828,13.5,703.8385926659424,12.91580845004463,36.288038032503394,247.81089085553933,0.0,420.4768142289708,843.730498305762,1.0,420.4768142289708,191.89575697130425,1.528006817293039,33.570396833333334,2.092252053333333,826.7846475129139,823.4561860620272,820.3817698141372,814.1072316124109,810.3621782322296,806.8331152449745,806.51996504892,805.1061167975573,804.6365075761985,803.4943410495418,803.124987517994,801.8040609804912,87.04970024526236,82.68694731265813,78.27947012931148,74.82455057379721,71.61694660656397,69.8686985635565,70.39964310289204,70.72144414413732,74.6942840879261,80.09811147937315,87.2755400372931,95.99134352707912,34.21079361211999,270.0,0.46888041165901123,2.030168185097835
2021-07-22 15:00:00-07:00,191.95342383333332,301.26688333333334,0.2681782305457084,14.5,431.20786497314,6.681617843291714,47.39500332120385,260.90459976626306,0.0,249.7073939253221,522.8092709323029,1.0,249.7073939253221,133.44694260547504,1.87960847876096,33.07707738888889,1.9971291383333327,476.9770366064188,479.66980306603716,482.2753005461143,484.87044175653716,486.05673481010626,488.6836732952422,489.66221306788816,492.1034920403505,493.6286538834131,497.1066816261491,499.0098672193773,500.5458464457305,71.6068055415599,68.52305427491163,65.26049662113797,63.11970249574049,62.48907325767093,61.96218034557924,62.11745652199959,62.657777494590185,64.03235281124977,65.45853942042157,67.08404969143551,68.8529283941106,47.033600117216906,269.99999914622634,0.3841232390194644,2.175573504033749
2021-07-22 16:00:00-07:00,86.72318616666666,168.7872166666667,0.2814284665094763,15.5,213.591801956665,8.93930754370665,58.892924972702176,271.1207375624448,0.0,117.58573870601064,276.9860792718665,1.0,117.58573870601064,74.66947246988636,2.520136527926819,31.7317965,2.5668871450000004,263.5535873606798,262.53029680105453,261.48863849783373,259.2138079237301,258.16615470539983,256.4721020035861,255.72787664904655,253.9343647369438,252.087878692381,251.2882377741038,249.43006507352783,247.5291377052861,42.15776476139763,41.38849759841135,40.70084645449274,39.883294728785856,39.405372004568825,39.07408668480766,38.95880401143801,39.27681273057827,39.41324082048678,40.0994869825806,40.66642829491092,41.45851203137147,50.0,270.0,0.366977778440511,2.214355247456318
2021-07-22 17:00:00-07:00,4.0501652,113.02725166666669,0.2677720357947118,16.5,114.3883683842694,22.162531310784956,70.36271774027551,280.1948126087658,0.0,73.32366424941553,108.94923967195436,1.0,73.32366424941553,38.18005631544792,2.857142857142857,30.173895833333333,2.438317533333333,101.92320797935713,102.31143177368646,102.70605210656471,103.4005220685067,103.80512171027186,102.39329978822921,101.75652953524735,100.32140060661756,98.84600520262843,98.17148478488524,96.6597942463085,95.12588198969283,24.687907014115716,25.037642979195496,25.362268439176415,25.596003761875807,25.874500605727796,26.133660107348152,25.46066715762905,24.81729985937788,24.14804110056402,23.623322046174096,23.11175239440957,22.7395943958415,50.0,270.0,0.366977778440511,2.214355247456318
2021-07-22 18:00:00-07:00,1.0979484,41.839468333333336,0.2740091467781013,17.5,42.00143201212636,65.07250863232065,81.51706494710177,289.07845339713344,0.0,26.790371456435363,42.23270950875389,1.0,26.790371456435363,11.226968965064186,2.857142857142857,26.809599055555555,1.5403011236666666,39.990102115146435,40.123614741495864,40.23612515649012,40.357475338876185,40.28891702420228,40.23472495146207,40.05418632826595,40.1741928408429,40.12715577866628,39.946013262420735,40.07238243820737,39.89270863944886,6.22966765199639,6.120236064120695,6.071182494590855,5.97353101945961,5.967333770819845,6.024679473698696,6.022842204411931,6.099176270193644,6.221770812657017,6.263711617404865,6.39346042892027,6.436274865159235,17.479983233236933,269.9999980909041,0.5998137039746733,1.9033209104752564
2021-07-22 19:00:00-07:00,0.3399548,6.363067783333333,0.2903445643762476,18.5,6.3701036700065785,86.60995317820436,88.81409117709212,295.3847945949251,0.0,4.072427947640662,6.380285674666908,1.0,4.072427947640662,0.002884631477302152,2.857142857142857,25.270718388888888,1.4574086846666667,6.021517893788241,6.0210343236649555,6.0210343236649555,6.0210343236649555,6.0210343236649555,6.0210343236649555,6.0210343236649555,6.0210343236649555,6.0210343236649555,6.0210343236649555,6.020135925424715,6.020135925424715,1.0478458260562031,1.0254439307802243,1.0044243698864381,0.9884727488766315,0.9767773390684354,0.9698962836245161,0.9682175877164559,0.9718895799508707,0.9808459911347921,0.9948020009192736,1.013238954824191,1.0373629927756047,2.440047107600247,270.0,0.7287130078871691,1.8580495402464057
2021-07-23 05:00:00-07:00,204.73346,33.653740166666665,0.253712725749144,4.5,54.39744934397912,73.17273496480105,84.1847806385372,68.80516639743905,0.0,16.25545941856305,109.53052585937633,1.0,16.25545941856305,14.777794810604131,2.857142857142857,20.58045844444445,1.3796050966666666,91.34714860810404,91.55201583633436,91.7448626245907,91.74478926361756,91.91701039193457,91.91698652527663,92.07723879860822,92.07733238265175,92.21800273734853,92.21791803793148,92.18690853852046,92.3460899274706,3.713931831086628,3.645052638969414,3.5869631564603406,3.5814353415285747,3.6239311414798356,3.6317224187703894,3.6544839271158187,3.7203656480429363,3.842063938033024,3.903589481276625,3.9961121365421883,4.153479179726363,11.840424319767187,90.00000190909591,0.6474066857421318,1.8784199916296695
2021-07-23 06:00:00-07:00,594.0243666666667,75.706905,0.2976065594820611,5.5,247.86299695393228,34.10231643430633,73.15322815952602,77.76811798353634,6.217248937900872e-16,32.144931409864036,633.2167349529011,1.0,32.144931409864036,80.62723474373482,2.857142857142857,24.951019388888888,1.91109305,607.0312973320628,607.6429050882687,608.239003430849,608.5125598197088,609.0817920625399,609.3460475823404,609.8935491908405,611.9784468825994,613.9786706676279,616.1142415836724,618.0028007213009,619.8920124031526,9.563381383265162,9.467226367700512,9.622874732467027,9.798067247812257,10.037297604996683,10.10949559400088,11.733591724347459,13.41482424018724,13.751398783432204,15.506014961283883,17.270125564813572,19.06787004255769,40.52159474474588,90.0,0.4251327006274033,2.0969817221238256
2021-07-23 07:00:00-07:00,720.1659,113.14829,0.3014984979428809,6.5,454.1060609612517,12.043410183099652,61.741953666079894,86.75142658418373,0.0,151.39905905120884,906.1078922553039,1.0,151.39905905120884,140.84048057222154,2.7473471557444706,28.42883461111111,1.5440724916666668,858.8917504244449,859.7338588831639,860.5453707305878,860.7812563291782,861.721335437406,862.5994799753478,862.9080890550202,863.4339245693252,866.6340417466081,873.3936050514611,876.6915447013973,879.9305176653513,78.77145154900136,73.99897104358531,68.94093327503423,63.04853145600633,58.45145733031585,52.92902233368598,49.46268779864996,48.43076698493201,48.079357171865276,49.12069616805825,49.99476689655686,51.36201702066282,50.0,90.0,0.366977778440511,2.214355247456318
2021-07-23 08:00:00-07:00,448.2139778333333,218.3222,0.2797986853619468,7.5,505.039982353671,5.077123866666841,50.23132864704259,96.61117428807358,0.0,255.29912346087252,743.2951981422573,1.0,255.29912346087252,155.84672419741725,1.995143183114505,27.74660438888889,1.7157814999999998,690.5189039322377,691.7138714055031,692.8921607118191,693.0790784684787,694.5853474852619,695.7902658597551,696.0512991375706,697.1934556010467,700.9732336940898,708.7490570494931,712.4281570318117,716.0572778266434,77.59646169786333,71.42890765131044,66.09603374181887,60.950884308027305,58.218888741538294,55.19183169987853,53.629425718869264,55.03701101819679,57.48951388244788,60.97310954708246,64.30272059610292,67.95549087529841,50.0,90.0,0.366977778440511,2.214355247456318
2021-07-23 09:00:00-07:00,770.4354166666667,181.75131666666667,0.2593127002893837,8.5,780.5436478853568,11.713639811902734,38.993906817812075,108.82296063267478,0.0,444.5535314603696,1001.0340910663822,1.0,444.5535314603696,208.73225231742052,1.6015309452921853,29.476190222222225,1.8404929966666663,959.9872583223362,960.152177301522,960.228829183355,960.3596463892128,960.366124424229,961.0386372689946,961.1694458561575,964.89553547262,968.5403540041243,972.261765813033,975.499165165817,978.6590020254305,105.98508052734424,95.07197096809873,85.57723053444644,77.66364810241686,70.9634144534405,67.38732182551848,68.68295730112672,69.49999818487471,72.3533313617643,75.45383840961308,79.79393730201383,81.34080697334889,37.463312764281255,90.0,0.4458733451276522,2.0633998816245707
2021-07-23 10:00:00-07:00,868.8238166666666,132.56335,0.244731356485866,9.5,894.2010185975784,16.610579102374512,28.761434943126282,126.44938045345414,0.0,548.6751747304846,985.0377486686757,1.0,548.6751747304846,219.20099711330673,1.335097984184328,30.23880705555556,2.436845556666667,966.7138143986472,966.8593029410854,967.2303305837345,967.4195508966397,967.3838316347889,968.915754760208,970.001517863532,971.4839455669107,971.2752579530179,972.4915778136576,973.468378048585,974.6826094129954,114.3419827874172,103.01341721848601,93.9208063053376,87.42838931531796,82.92909790667393,79.52527949192833,79.48707851706006,79.65281260609397,82.17851290547237,85.4322813841318,90.3914098705329,95.3244091014254,23.821841402821647,90.0,0.5480529731663364,1.9423370890083453
2021-07-23 11:00:00-07:00,879.6202,138.96118333333334,0.2348522720052696,10.5,958.0250948656823,19.352881668570724,21.384211957090134,155.34701435420357,0.0,622.3945656754146,973.1791829674887,1.0,622.3945656754146,226.1623730913695,1.122588319344901,31.04552438888889,2.325117338333333,966.5019374413752,966.9441245443905,966.949233269358,967.2630981615844,967.2599893604297,967.6077689828824,967.6033083503098,968.0426328365296,967.8326652422598,967.8380781406964,968.2860053157651,968.0991871688537,120.91293485512229,110.71916034207283,102.56844928360229,96.09483541762187,91.2334133561561,89.0140124887718,88.72212370856587,90.20909944245939,93.59895298812351,98.79772193333578,104.88510705594035,112.11620793209097,9.276520913318654,90.00000352019892,0.6694002967303051,1.8702210003926134
2021-07-23 12:00:00-07:00,860.8629166666667,169.89983333333333,0.2340661672890342,11.5,976.581658685245,19.662631807021498,20.436148935630655,195.48972046703744,0.0,625.0978568772888,984.3332756699758,1.0,625.0978568772888,230.85798326980608,1.0746465948182768,31.927276722222224,2.1665271616666666,980.65002271647,980.6500766667118,980.6501650292079,980.1180357273902,980.4412712425745,980.4412836982905,980.4409411673548,979.8751191532117,980.1308567389034,980.1310308270781,980.1312056373861,979.797660323741,112.83238278724087,104.53225517017621,97.8555104936444,92.43726278223043,88.56903632389383,86.77543589933121,86.92728703200862,89.15034970058929,93.87746124088744,100.06260366334642,108.10751404538327,117.43340994202016,5.682942867307242,270.0,0.7004882429036778,1.862057763476522
2021-07-23 13:00:00-07:00,448.53567833333335,263.6582,0.2462552457707617,12.5,664.6191687339386,17.506164401837637,26.628260378513172,227.8443065569003,0.0,415.7243442517298,715.969950915608,1.0,415.7243442517298,173.2973272468436,1.2808574703609104,32.12379405555556,2.6739848816666667,707.1411235249261,705.1495173439519,703.2078665987702,703.2895425622978,701.3150703598394,699.1742205219055,697.0422366020226,696.8277297815587,694.5482807072037,694.1509054347581,694.0267818234336,693.6749030255272,81.45250778033756,76.74399793218177,72.91174083278881,69.58710575608566,67.47463043699196,65.72669452197295,66.02613153451016,67.01338162356527,69.60454214441258,74.7325014275498,80.37571508150046,87.01905403161497,20.389333364956563,270.0,0.5758012252694368,1.9197959909671165
2021-07-23 14:00:00-07:00,102.7556602,259.6865416666667,0.263159304091657,13.5,342.373874276767,13.108839539447272,36.41884558734955,247.54087766044174,0.0,213.39007643988796,371.96732773188387,1.0,213.39007643988796,101.45277131135043,1.5296334116155412,30.0847475,3.2550273133333336,358.8551121305734,357.4659713121207,355.58886395196066,354.31610054099605,352.76265965929304,351.344642583112,349.5824811724609,348.60653272079537,347.74090980191454,345.8521949671514,344.98242411655826,342.9397959380516,53.33423375019778,51.60768579632841,49.800337366800484,48.312544898062605,46.802685037714205,46.04075001890328,45.7177549570341,45.393747284089734,46.455001256095755,47.59115268408849,49.41404074425493,52.31187716915327,34.28668069442426,270.0,0.4683330029178056,2.0309135844716475
2021-07-23 15:00:00-07:00,0.2374564,72.45671166666666,0.2669340610110844,14.5,72.61709653892558,6.863723951133363,47.51254838836344,260.6734327512966,0.0,49.64995008791604,60.373989615650075,1.0,49.64995008791604,24.032623874150456,1.883134178542912,26.81657361111111,2.704228195,56.08004051982771,56.31860995971432,56.48992256195252,56.91632706474405,57.167828751728244,56.24893051565491,55.82752336354616,54.876585366064866,54.42254919558199,53.44563447983531,52.440221766117844,51.50750026965389,16.21547679868928,16.062455116364085,16.246529866631914,16.414334654349076,16.527413970849754,16.671821762018862,16.225514315199327,15.79994831316265,15.38295144667449,15.052316896537917,15.076457904697252,14.85805170904575,47.13257228923844,270.0,0.38353511704341514,2.1768385441780884
2021-07-23 16:00:00-07:00,0.1585945833333333,86.58726166666666,0.2629110080576509,15.5,86.66892581672738,9.038510962954716,59.0076278444773,270.9193800514959,0.0,59.514090807952506,70.47745945984033,1.0,59.514090807952506,29.310311059784716,2.5287791847414947,25.4668355,2.5661351333333333,65.12103903508022,65.43585449982457,65.75488942145695,66.32026447468307,66.64893632040182,65.49802391342224,64.97783464632711,63.80748315178155,62.60421099496184,62.05323552145887,60.82064082904364,59.569806289002464,19.855968783433394,20.136941755526802,20.398704041218576,20.589344588098783,20.816195506711967,21.02852430711623,20.485218132009223,19.966208442602653,19.428027111907088,19.007105066302792,18.596993097626484,18.29925107662362,50.0,270.0,0.366977778440511,2.214355247456318
2021-07-23 17:00:00-07:00,0.0866256333333333,85.66748833333332,0.2615816968421457,16.5,85.69643117194724,22.212832659034635,70.48132901149098,280.01425481181815,0.0,57.47025305005022,73.75616551692521,1.0,57.47025305005022,28.527768694350925,2.857142857142857,24.51712288888889,2.7971403,68.5182337160597,68.83989203973903,69.16584351461539,69.74822631938395,70.0839639754667,68.97287567127022,68.47028259086483,67.34039686226552,66.17883603211045,65.6464927899618,64.45648160733937,63.24894588955633,19.04559102669967,19.333880385501654,19.602915669585986,19.80341220941566,20.037490743227824,20.25697392769507,19.73112707445573,19.2278864318919,18.70648168354647,18.296612280338543,17.897640441922295,17.606370966453717,50.0,270.0,0.366977778440511,2.214355247456318
2021-07-23 18:00:00-07:00,0.0962219499999999,28.717409666666665,0.2516020701673098,17.5,28.731391995498118,65.46929295457822,81.64457803962628,288.9128292164219,0.0,18.758930272516384,27.591593733731507,1.0,18.758930272516384,7.021070438758584,2.857142857142857,24.09927483333333,3.3275343166666667,26.2931070603297,26.373674859574535,26.372992497669802,26.32691545744361,26.40628666886703,26.364341892323697,26.31798011257185,26.31854260889344,26.28213462517188,26.24132965755331,26.24096206391015,26.209796978646633,4.024872072094272,3.941848765508917,3.8981943678540723,3.8437005105736333,3.839474797572936,3.8627509608978396,3.870866375688346,3.921044853147837,4.000391750375367,4.023360004946442,4.094721211232913,4.132224240599411,17.17253034453572,269.9999987925817,0.6023749893480254,1.9017228317508743
2021-07-23 19:00:00-07:00,0.01962805,1.51927855,0.99,18.5,1.5196381986652066,86.99907949725586,88.95009927835513,295.2277015427011,0.0,0.9721934742936055,1.519767887206071,1.0,0.9721934742936055,0.0005382279974333015,2.857142857142857,23.861557777777776,2.411528983333333,1.4366053804980745,1.4366053804980745,1.4366053804980745,1.4366053804980745,1.4366053804980745,1.4364899208266164,1.4364899208266164,1.4364899208266164,1.4364899208266164,1.4364899208266164,1.4364899208266164,1.4364899208266164,0.8515406536463295,0.8333545030987926,0.8174141951565965,0.8043958035347074,0.7948683391949475,0.7892900116381723,0.7879579302019204,0.7914838590788453,0.7991250485569601,0.8107968570705524,0.8260604839736878,0.8443289692054294,2.1569679810062024,270.0,0.7311813492485224,1.8578513913854557
2021-07-24 05:00:00-07:00,0.57506355,24.61143966666667,0.2636886171636493,4.5,24.668316781011555,73.58527616519824,84.32383554431938,68.96347478382171,0.0,15.926778436517743,24.19775985824107,1.0,15.926778436517743,6.29409448951524,2.857142857142857,20.82379255555556,3.08690385,23.099590237453828,23.024602278871107,23.000860810841797,23.0500048874515,22.974821653992493,23.029915248304036,22.9550250037005,23.008927067730415,22.933851129224013,22.992898432614528,22.99278642998567,22.917679812784822,3.5856826879089305,3.5155690987125863,3.4509640083631434,3.4125702364703296,3.4016012386619887,3.4055476236346034,3.4295982936342626,3.4576696428960023,3.508976653646021,3.569958154687,3.6269107631230537,3.6979841244666627,11.532158318521422,90.0,0.6500410480529925,1.8773302058147459
2021-07-24 06:00:00-07:00,3.8090172666666655,88.84133833333334,0.2829292160281426,5.5,89.9369891056002,34.729848281535425,73.28288773916698,77.94110882639052,6.217248937900873e-16,57.50358496692881,88.12637650640004,1.0,57.50358496692881,28.30234560748704,2.8571428571428568,21.317930222222223,2.879948633333333,79.23987923958003,80.32715466639935,80.81655972009612,81.87640068080282,82.41967350474138,83.43450694605349,83.88324253542137,84.09990833429988,83.80351795489148,83.58758262409572,83.3132163696552,83.58059767234373,16.23835633051146,16.330208893723746,16.610949181693808,16.63473912410165,17.050131741392395,17.479158478104466,17.45073417784645,17.353922475284957,16.930476572096577,17.330094892832964,17.214020485871444,17.03049904774592,39.94203102617076,90.0,0.4289938821106973,2.0904484661952276
2021-07-24 07:00:00-07:00,5.13624845,180.4077333333333,0.283119600586203,6.5,182.82958968202374,12.131627797407306,61.86683379981763,86.94379254344909,0.0,117.94132519836896,173.69658208756456,1.0,117.94132519836896,63.14323676953346,2.7587827348152625,22.363007111111116,1.8450930333333333,151.43761223411747,153.79540440238827,156.1185134439682,157.1427633530463,159.41766570598253,161.62726694184423,162.59863537045067,164.7602584554597,164.20127576708822,163.28539925617096,162.75158898316545,162.2242533979739,39.034481556132455,39.37991465035685,39.92885416417069,40.455048506937885,41.27181983838457,42.0045307086299,42.87530665921593,42.36705848154677,41.85768623644125,41.484928953555844,40.95619169796248,40.409467251909724,50.0,90.0,0.366977778440511,2.214355247456318
2021-07-24 08:00:00-07:00,129.7311035,319.2977,0.2822820481295733,7.5,402.06544827493155,5.257101058937395,50.357553357989346,96.83061765671926,0.0,232.90442518376497,487.9208938682027,1.0,232.90442518376497,134.62644658574985,2.00060562385782,24.75545227777777,1.661403885,439.5063642776416,442.4121401654903,445.2762942169994,446.3855747777457,449.35197073592184,452.1118889584721,453.1990051609921,455.89605012482275,457.5077718961088,461.0014867029053,462.56532992967084,464.1070807799443,72.89996575596774,70.49955906975396,68.7230847567471,67.05161770313651,66.77103559387534,66.30444544236569,66.58832804241916,67.22136224341514,68.33053015495035,70.01745566143823,71.48885665177866,73.0827013776127,50.0,90.0,0.366977778440511,2.214355247456318
2021-07-24 09:00:00-07:00,128.97448233333333,422.2344166666666,0.2685390479697515,8.5,522.2810431289338,11.904153756392478,39.13067108853432,109.07798347689452,0.0,326.3454424663862,561.9532245039882,1.0,326.3454424663862,153.23671415130778,1.6037498405701867,25.56118766666667,2.0462218016666665,519.8021824245477,523.2444086498086,524.8371949600103,528.1479301616118,529.6095198072152,533.1666011807736,534.6227796534761,535.4102286128757,537.7693743556796,538.7751813550656,539.4384390813447,540.1043997240934,83.6615678785017,80.51186193869198,78.17638022978848,75.63157297307333,74.60336010801055,74.8520973275812,75.55073145993933,74.94779236811748,76.0688343814885,77.09275786053374,78.59558600631256,80.29558284031822,37.556023917094315,90.0,0.44523155989877894,2.0643851440469367
2021-07-24 10:00:00-07:00,316.93073166666665,430.15821666666665,0.2588615323790327,9.5,707.5577023956453,16.812652445043735,28.923231688114253,126.73094452895288,0.0,442.6801669898091,759.7603124343627,1.0,442.6801669898091,193.00228954101422,1.3361487016404876,26.396372944444447,2.78314465,728.2998286216575,728.9154302446218,730.6546044673414,731.5127612208213,732.148400462358,734.5044304524323,736.4524789880919,738.6856334657675,739.013495691138,740.473743448708,742.201634282454,744.0945090764997,98.78945517823426,91.29900718962047,86.12713810006784,82.0842319833162,80.16314363212888,78.23088550513764,79.37821429770388,79.83328252760631,82.70253284413415,85.1581619721236,89.63991318189161,94.45242871632243,23.886147270409857,90.0,0.5475397347437625,1.942790975223486
2021-07-24 11:00:00-07:00,80.907342,473.3673166666667,0.2658309889165725,10.5,548.6012159529114,19.562659057127288,21.584306399313434,155.5339062416914,0.0,354.9651871264363,550.1282105642779,1.0,354.9651871264363,146.56904839357475,1.122970907018024,26.14319961111111,2.457160983333333,531.8792303274029,532.2482121397327,532.2507635985701,532.5233879416671,532.5222053086532,532.811803969564,532.8097159716449,532.7278864487923,533.0133726442427,533.0155639958763,532.9366635499266,533.2312779731272,80.08553041264763,76.12131170873428,73.06701057284705,70.725468659559,69.14774989036322,68.52357662807384,68.69043091128802,69.56448413683209,71.17204186289345,73.579660179259,76.17338026391289,79.22834590732691,9.304907448737852,90.00000241483653,0.6691558270870094,1.8703009859071167
2021-07-24 12:00:00-07:00,157.08861233333334,429.1495833333333,0.2587990769294866,11.5,576.1533145815815,19.87406136567775,20.642007781763457,195.34890349170286,0.0,369.19339813269,578.5553844409399,1.0,369.19339813269,150.408264910579,1.0747980041632488,26.951104111111118,1.6779531583333334,563.959034730189,564.0125733257464,564.2297246003568,564.2296518706953,564.2573826213658,564.4749346165477,564.4750958774176,564.4750786925819,564.4496190401795,564.64538501641,564.6453430402298,564.6453163698189,79.3582667304785,75.04168238030296,71.36403927431212,68.6140867129243,66.5305779199009,65.62341692949234,65.6857840053188,66.65817848047965,68.60212529464333,71.25070037703529,74.47502103792974,78.50077119587417,5.69438646402611,269.9999944014318,0.700388870494669,1.8620775611361977
2021-07-24 13:00:00-07:00,447.304562,403.81855,0.253841711759058,12.5,803.0937648251961,17.712835891596207,26.795026166148972,227.55335873759023,0.0,510.5269223629459,856.8497176587666,1.0,510.5269223629459,213.19936767551562,1.2816117858896643,28.440863944444445,2.132348488333333,829.7439423915858,830.3667889736495,830.6933019560029,831.3522145590916,833.5718934651151,834.0308516969806,836.1167016488622,838.25196704784,839.9330834742323,840.1035511218467,842.0441975400857,843.7447533776067,112.36146618885856,104.6201267241787,97.5674303726219,91.30839574466829,88.03915227466054,86.3255573773577,85.76261912758434,87.36123678955897,89.68259186417042,93.18649132123113,97.58895949671238,102.80186899143087,20.43855489182104,269.9999982924527,0.5753986627015062,1.9200956373858642
2021-07-24 14:00:00-07:00,70.28903981666667,356.0254333333333,0.2649282597393751,13.5,412.48716291888167,13.306048864097571,36.55559809934422,247.26810925728702,0.0,261.9219664628775,426.7389655140016,1.0,261.9219664628775,119.6956446343949,1.5313598508890398,28.20503661111111,1.5851172366666666,393.7253500810805,396.76158445894254,398.0970574706088,400.9221028361791,402.50564377544924,403.6727757687417,406.3137956896769,406.935179650756,407.7546105739808,408.26686807172484,408.4115893489252,408.8981613016922,65.120272369184,63.08742136836303,60.79683961086209,60.09748915269879,59.22225483642325,59.17345662744655,59.93055737363239,60.986006965914136,61.11481322097111,62.08787532909808,63.35118393087957,64.46647319569657,34.367024689901285,269.9999987925817,0.46775398290883624,2.0317043413558253
2021-07-24 15:00:00-07:00,6.35439215,247.21415,0.2689308256244567,14.5,251.4960105973399,7.049432144286149,47.63565845106748,260.4389831386574,0.0,166.2918528984268,229.33290856735957,1.0,166.2918528984268,81.95591220595098,1.886850070874345,27.72594422222222,0.9620419366666668,215.03508319741712,215.58455633471678,216.1411374796085,216.82020710121262,217.41182659327436,214.61002807353844,213.34484518540782,210.43542962996008,207.41142639447642,206.07857850362518,203.02250361079817,200.21621156674846,52.61098728849067,51.9183164198226,52.303049948606485,52.50580368007058,52.88317719563237,53.2913737276552,52.06281385557819,50.977285144234486,49.923027928079314,50.340897458203116,49.78004029088167,49.58117784894798,47.23637997997684,270.0,0.3829194359410953,2.1781675719072418
2021-07-24 16:00:00-07:00,0.66229955,182.4665666666667,0.2692567980746956,15.5,182.80641018441602,9.1461448137399,59.12768351372735,270.71482287506274,0.0,120.11064615003924,166.52501704029027,1.0,120.11064615003924,61.5189691088107,2.5378597771398828,27.401509111111118,0.93081762,155.30083510360197,155.82481339267352,156.3553167137688,157.26656438650542,157.81958738709704,155.60091118656243,154.60325721288177,152.33589224615145,150.00387461790154,148.9458269083999,146.56236851354885,144.14171313717856,40.03287074500683,40.537750255494224,41.02124993993391,41.357669749462595,41.81266757069847,42.26515223236981,41.33399868455472,40.52198382926345,39.64361920355559,39.060668649941796,38.47467393457942,38.11830859809245,50.0,270.0,0.366977778440511,2.214355247456318
2021-07-24 17:00:00-07:00,0.4888719,118.35206833333334,0.2718537914234662,16.5,118.51441054424029,22.268595137729463,70.60522268817951,279.83072249675206,0.0,76.09757423270355,112.8570746308359,1.0,76.09757423270355,40.01006862637552,2.857142857142857,26.752256722222224,1.1371309933333331,105.51103598246172,105.91111729833764,106.31632425909666,107.02796849889057,107.44415647240046,105.98044457454876,105.32173844768869,103.83443397901658,102.30513521075008,101.60717427039498,100.04041517719585,98.45094275457163,25.841611828564478,26.20155572117412,26.53467334501142,26.772036466017674,27.057010953119583,27.322112172784983,26.622570739698496,25.954741332440648,25.259315625039992,24.71666746341453,24.18714377885409,23.804437563587896,50.0,270.0,0.366977778440511,2.214355247456318
2021-07-24 18:00:00-07:00,0.2192247333333333,46.24188,0.2675786532605306,17.5,46.273233332750564,65.88144040146635,81.77741126879509,288.7444956296043,0.0,29.103874609759888,47.72972143994978,1.0,29.103874609759888,12.071378484123995,2.857142857142857,25.691808444444447,2.3883576566666664,45.15863686904888,45.28302797531315,45.41304754491137,45.340506474104586,45.46861753633118,45.28389489001879,45.218296142465384,45.16940949875499,45.16972886777921,45.11231303519286,45.11152044263591,45.06877344259334,6.641211360915129,6.50381696727988,6.43107252276685,6.347485320119638,6.3494392006052225,6.3777044476256215,6.396597004261624,6.484591622670364,6.584162045172938,6.658471700702994,6.774513556723193,6.8446625772199505,16.85510260520923,269.9999985212207,0.6050238308737765,1.900101770489866
2021-07-24 19:00:00-07:00,0.0719700333333333,2.4978023000000005,0.99,18.5,2.4991623843032733,86.90486223584642,88.91716418811532,294.90980193675983,0.0,1.5984113516343712,2.5007517767871996,1.0,1.5984113516343712,0.0009364744081103823,2.857142857142857,24.35499777777778,1.3890635466666663,2.362496544865553,2.362496544865553,2.362496544865553,2.362496544865553,2.362306720930419,2.362306720930419,2.362306720930419,2.362306720930419,2.362306720930419,2.362306720930419,2.362306720930419,2.362306720930419,1.3999880681330505,1.3701284648896523,1.343944897502308,1.3225522929262357,1.3068908023734984,1.2977107712471816,1.2955102264886023,1.3004693939599539,1.313846174706648,1.3330284194227346,1.3581233844384062,1.3881694499341484,2.2189609150055007,270.0,0.7306407532739312,1.8578926991419706
2021-07-25 05:00:00-07:00,0.1668826,24.445776833333333,0.2556698454480214,4.5,24.461874122451732,74.00243716574924,84.4647136065404,69.12737879729463,6.217248937900872e-16,15.811628538356153,23.938088884069373,1.0,15.811628538356153,6.048259272772678,2.857142857142857,19.981166388888887,3.2411136500000004,22.850361891081082,22.826722754865642,22.801461164497873,22.80143556573118,22.781655959565057,22.781552246287344,22.76075579845742,22.760871746454956,22.745125877216406,22.74507096307735,22.74498403259623,22.728352757852228,3.4590830166670603,3.384826139641596,3.322257431337095,3.2900667995711594,3.2742312951334136,3.280615156182163,3.3012242519532666,3.3279371972635325,3.377765757799731,3.4370995345185866,3.4900764992837576,3.560371932712527,11.221374687050883,90.0,0.6526998542416468,1.8762602308609901
2021-07-25 06:00:00-07:00,108.58158141666668,115.52343333333332,0.282667775154807,5.5,146.51824572689856,35.355575795545185,73.41414077553814,78.11985047412452,1.5543122344752188e-16,63.36072150112592,238.90442560320014,1.0,63.36072150112592,47.59234770740642,2.857142857142857,20.473881777777777,2.0353649166666665,222.8109177300552,223.3513881516596,224.5256581339042,225.67439148621997,226.17377645771424,227.27516535437832,227.76465204904378,228.36426019918906,229.4065858423454,229.89286910376669,230.37663674556984,230.92607744260752,17.881129621718994,17.69942871242702,17.988525282959195,18.371965350740528,18.783486255951427,18.915203469251843,19.519256172906264,20.076885159707356,20.65778704654202,21.162425272338186,21.696084665920203,22.274149669324558,39.36914461779358,90.0,0.4328428587461041,2.084067575552102
2021-07-25 07:00:00-07:00,78.172333,220.6271,0.2822967712285555,6.5,257.33489485856734,12.223016133287711,61.993269673378755,87.14224890835449,0.0,143.1054337483743,321.4704988398514,1.0,143.1054337483743,86.53823787560326,2.770439505486361,22.642267277777776,1.81560557,290.1754645071632,292.7059159936875,295.1968152581449,296.2785254828126,298.73893466694756,301.12297009443387,302.16498086705326,304.4486960185126,304.63906433055297,305.2665356251974,305.4853866960741,305.69808488754427,51.08163127993298,50.79275135567788,50.64038204630837,50.336833716887206,50.50309217941413,50.45284401825782,50.83308174059486,50.409129128505235,50.08676651527545,50.10744776936816,49.95189965515298,49.855148974406504,50.0,90.0,0.366977778440511,2.214355247456318
2021-07-25 08:00:00-07:00,46.86052299999999,257.6537333333333,0.2744441621697931,7.5,287.4698244018974,5.445169951453469,50.485526685287574,97.05672560513928,0.0,178.31966767964366,305.44436099886116,1.0,178.31966767964366,96.7846628553876,2.006140082530256,23.62309638888889,1.3742495683333331,270.00370556842466,272.87191236050427,275.6986945879877,276.8871852272448,279.720132699689,282.42142029281973,283.56056272774435,286.21027914216927,286.55300257192715,287.47273347340024,287.804150727613,288.1304439963891,55.31981607875698,54.67016149345406,54.43703623901177,54.26241658696705,54.841341476237666,55.31395220271945,56.14176104185692,56.2029061347308,56.45096848580187,56.99745960532146,57.357730313796445,57.7465376688873,50.0,90.0,0.366977778440511,2.214355247456318
2021-07-25 09:00:00-07:00,718.6773433333333,188.30955,0.2610202685735132,8.5,744.6916652759369,12.100545272032852,39.26969455395707,109.34045074272439,0.0,424.9831903473294,955.9243492708669,1.0,424.9831903473294,202.06740899945063,1.605983261506294,25.28464861111111,1.7634148033333332,914.5105904945646,914.2860457489086,914.8640630917058,915.0884495180584,915.118969257815,915.8636370999984,916.0295294380421,919.7939814779668,923.3032865421984,927.2994452890474,930.5959835093214,933.8160796723841,102.13004808359406,91.76573148084115,82.78081913014422,74.17221347935262,68.9022883255443,65.57719211783616,67.01326516899607,67.91143675379256,70.81470873189697,73.9574223960631,77.74572762177472,79.82902880841472,37.64903252203647,90.0,0.44458851740227273,2.0653756532313587
2021-07-25 10:00:00-07:00,810.19865,177.95095,0.2465014311371356,9.5,885.9608822157909,17.02057001680209,29.088240431819134,127.02051988512359,0.0,551.871362864905,981.8056379545931,1.0,551.871362864905,223.52213842296214,1.3371908668965904,27.760788222222224,1.8496054583333328,958.989898081049,958.801597456579,958.887528510974,959.3525461766072,959.3182946861849,961.7131848893266,963.6305438239021,965.9255045974579,965.6336440948585,967.6883622250589,969.3945139330468,971.3120486105385,118.7536915241771,107.43919649210291,98.64180336399029,90.7748302833072,87.39283221746962,83.51348486630506,83.62048078422806,83.4287691814922,86.22795157331232,88.89103095599285,94.60372049982524,100.42540686624986,23.949845810168117,90.00000120741828,0.5470315949591829,1.9432417102890265
2021-07-25 11:00:00-07:00,830.1885333333333,183.8897,0.2374033789890214,10.5,954.7673837181535,19.77809112170187,21.788958962713156,155.72827707822194,0.0,620.3113187194294,972.4361725317351,1.0,620.3113187194294,230.0386594484745,1.1233303922953588,29.3934675,1.803193705,964.1921198013712,964.9913000449469,964.9968918538308,965.6281243643521,965.6245307999494,966.2521829369056,966.247597401421,967.1340146594976,966.7199084306513,966.725413741999,967.6198817517857,967.192834688318,122.05943376074366,111.7388338843148,103.48447089252177,96.92898471617507,92.10709209393822,89.90494038919908,89.60435522339306,91.1025870123154,94.53756041109952,99.92237019819464,106.1160995949967,113.41784558542392,9.331574817294864,90.00000190909591,0.6689261812759847,1.8703763479472815
2021-07-25 12:00:00-07:00,825.45915,192.57961666666668,0.2358335060157707,11.5,963.9645381222454,20.090760039251947,20.853781441234556,195.21379129659567,0.0,617.0463810327063,971.6074073369316,1.0,617.0463810327063,229.64240344101555,1.0749872734526298,30.590047833333337,2.069627671666667,966.3676824186924,966.1452532031959,966.7085305343289,966.70835889601,966.46018977525,967.0243034496176,967.0246421388316,967.0245964557597,966.7076503337094,967.2382937687252,967.2382063360737,967.238156655865,116.9353315845756,107.75251789121059,99.83609684494527,93.75641145926323,89.10964618109382,86.92998706054037,86.78910650849913,88.56350654148173,92.38184638670576,97.72228310567971,104.29982051428145,112.48023275725714,5.708694375938229,269.99999669334886,0.7002646281044284,1.8621023699617392
2021-07-25 13:00:00-07:00,827.6815333333333,181.74098333333333,0.2522043843111999,12.5,919.4196663511292,17.924228733769382,26.96810865828288,227.2626355451203,0.0,580.9182811042072,992.650099005833,1.0,580.9182811042072,236.587911191961,1.2824252898981827,31.442378055555555,1.8810269083333333,983.6115349672007,982.0028114858618,980.3981853090709,980.5069620212016,978.9193529170617,977.1652143544536,975.4917529285681,973.5180661883726,973.6393866991359,973.3553266021725,973.4763491634858,973.2838706915522,108.34007782459064,102.07237678586117,97.06490617358418,93.06033188930601,90.78114308831576,89.26965392923206,90.67619144499326,93.44924495963116,98.2844411048641,106.58014896261784,116.13682910947531,126.48398466182255,20.49159411273849,270.0,0.5749650210345966,1.9204192989068516
2021-07-25 14:00:00-07:00,801.7965499999999,174.02186666666665,0.2541704007113743,13.5,816.8971685753111,13.507366635193637,36.69828333210964,246.99281718457556,0.0,473.07906251942643,1003.4050557419183,1.0,473.07906251942643,212.56150523903528,1.533186921484635,31.789112944444447,1.9800184483333327,967.1041992687286,967.1697695956988,967.5861396685045,967.9342098896371,968.5041948328588,968.3416317062201,968.6967031886384,971.8173675727777,975.1733890715949,977.8769819317154,983.9259915582687,986.5030025879506,108.23799849164678,97.15479286967647,87.2114840495765,79.62054182257526,74.23877782188119,72.44761831133833,70.34756355246326,72.73849350537036,74.99628535820685,77.99293067176725,81.72161619979038,86.40323392808254,34.45182722867727,269.9999987925817,0.46714343331231817,2.032540740527439
2021-07-25 15:00:00-07:00,490.56326566666667,235.6050833333333,0.2721156413585233,14.5,565.3527452150144,7.238675135667215,47.76432451867061,260.20141110907093,0.0,301.238562505029,798.5791508381315,1.0,301.238562505029,167.8982396060821,1.890758401008332,32.04761905555556,1.83742798,771.7977635099265,768.1967041882399,763.8709906308428,756.3575245096584,752.754358276703,751.6029622109161,751.3623261583514,749.9960729945492,748.538173133821,748.256344104474,747.7329435017624,746.5233908205546,73.58391704648027,69.70533048575396,65.3261272352125,61.74790576242471,59.658150622858265,58.615526030486585,60.37196093503839,63.486173764834334,66.6364000475826,72.09376948292322,78.95735802262175,85.91813307669895,47.34501005769191,270.0,0.3822764436345239,2.1795607260504664
2021-07-25 16:00:00-07:00,139.94908500000005,190.11493,0.2800434476207062,15.5,261.66346874493377,9.262262618682886,59.25307775873669,270.5071816123536,0.0,138.40784011949182,358.12976401782714,1.0,138.40784011949182,87.85327333605461,2.5473849561470576,30.80155811111111,2.22883708,342.24023249246306,341.1594080754705,340.05847056742186,337.64924446477613,336.56198967081417,334.70174105839584,333.8845522756817,331.894877176982,329.846194966054,328.97027472368995,326.915675395711,324.8118987864717,47.67655511180679,46.98302397275901,46.40644266912996,45.67998256639129,45.405944652215744,45.33200275736126,45.44477787546863,46.16776865363907,46.618483352182885,47.75665687749441,48.707146505358246,49.89527224008041,50.0,270.0,0.366977778440511,2.214355247456318
2021-07-25 17:00:00-07:00,39.43693113333334,127.12858,0.2669897738852635,16.5,140.14071929458197,22.3299191611596,70.73437644683798,279.6443030720176,0.0,76.25774728984854,177.77230514157583,1.0,76.25774728984854,46.88140306399026,2.857142857142857,27.491095500000004,3.1048037466666667,169.0614175204729,169.02468393761228,168.9834859694737,168.78487253447412,168.73600474825037,167.27393394097768,166.61411442763492,165.1281989804446,163.6008288714823,162.90147592235263,161.33614487649095,159.7486319799078,27.65869538511299,27.60249711456463,27.524866698529696,27.360904538402888,27.24726582939567,27.120779192614474,26.41734249211788,25.742845002843758,25.04249544599537,24.487679777119542,23.947997578784786,23.55151597885859,50.0,270.0,0.366977778440511,2.214355247456318
2021-07-25 18:00:00-07:00,15.479238783333331,44.99276816666666,0.2541616356050211,17.5,47.16965721799687,66.3087408180796,81.91553335653497,288.57352028409514,0.0,27.420741284753294,55.52789957427837,1.0,27.420741284753294,12.027099998558697,2.857142857142857,24.26660822222222,2.7027268033333334,51.69185473894835,51.822549773458796,51.93361725865523,51.94169972771137,52.058939699568725,52.05494220088331,51.94526401144007,51.95247332927769,52.05851823080443,51.949334972040596,52.06336775207931,51.945761556387325,5.971244638946439,5.900799031743435,5.818762548939436,5.750269651887875,5.775543258519331,5.8015536235796885,5.82083912719921,5.931080458886941,6.020016481006532,6.089069254535545,6.230389467653152,6.29892194866287,16.52795546507189,269.9999982924527,0.6077584333385112,1.8984618117191245
2021-07-25 19:00:00-07:00,0.0365520499999999,0.5198985666666667,0.99,18.5,0.5204958615995868,87.32397854834277,89.0636913110281,294.74755194786195,0.0,0.33264218005767915,0.5214598200037027,1.0,0.33264218005767915,0.00014530288342009604,2.857142857142857,23.69397605555556,1.968872075,0.49188835791973695,0.49188835791973695,0.49188835791973695,0.49188835791973695,0.49192786832926577,0.49192786832926577,0.49192786832926577,0.49192786832926577,0.49192786832926577,0.49192786832926577,0.49191819640177914,0.49191819640177914,0.28889192448212897,0.28264939975031705,0.2774405161239203,0.2734408773806428,0.2708159879877722,0.2696582522633879,0.2699940940216522,0.27178963663078276,0.2752128232712957,0.2796774135963229,0.2851506215676503,0.2914038865498758,1.915807091275191,269.99999141968107,0.7332845443832169,1.857701826279058
2021-07-26 05:00:00-07:00,166.35571833333333,34.2965445,0.2642668865500736,4.5,49.93070734316156,74.42406917448075,84.60736640016553,69.29683064209604,0.0,16.768791596580794,95.11902078239629,1.0,16.768791596580794,14.056763125775781,2.857142857142857,17.700022222222223,1.0144546666666667,78.40969369158486,78.40558659795526,78.57609608437967,78.59219914877562,78.73067607379508,78.72768014147661,78.86631913555276,78.86645815047022,78.9904728823872,78.99043603246027,79.09654965507826,79.09646096887685,3.9402471442931186,3.86500910419731,3.8672048952146487,3.8317060457805603,3.8139507188901565,3.8210864568696183,3.8448819881757146,3.9647959930722143,4.019044180756749,4.084908256909476,4.176261492792259,4.327158365278131,10.908228127916935,90.00000225887273,0.6553817709544266,1.8752113101758003
2021-07-26 06:00:00-07:00,450.9210166666666,86.86366166666667,0.2976606666655684,5.5,214.5778100305297,35.9795009144756,73.54695180001995,78.30427972244166,0.0,39.78884273248814,511.0358785758258,1.0,39.78884273248814,70.1127876843366,2.857142857142857,21.55784,0.93924894,488.6540466032928,489.3944797950685,490.12187277152117,490.4510786966415,491.1940594566356,491.5103955516795,492.1691514578806,493.67588654968307,495.1510944157906,496.64515855137086,498.2766897304393,499.63115354937946,11.494283403229941,11.581511234496933,11.716140201779016,11.728882240868234,12.015946926967612,12.33566700849159,13.589330089039754,14.906055305720011,15.857476647069443,17.17730243002922,17.601055220036105,18.937479976433625,38.80277318239169,90.0,0.43667923425263044,2.0778352214777573
2021-07-26 07:00:00-07:00,625.7291333333334,122.21378333333334,0.300437242993016,6.5,414.8060867158538,12.31774675447606,62.12123926786715,87.34671336869133,0.0,139.99836101407337,821.7375857136644,1.0,139.99836101407337,132.29952310426643,2.782317606096657,24.533024444444443,1.06409654,775.1074419368582,776.054370866367,776.9737558492153,777.2753154995797,778.3020613632428,779.2643679382603,779.6460608232229,780.300839766103,783.6121126442765,790.5473945358704,793.9243471093854,797.2426284417079,71.37651967443614,67.5826917568396,63.393756222356174,58.43905524192696,54.5535630362965,49.877493961558166,46.939671344763056,46.48798057399246,46.62689520038716,47.97686017857974,49.183156924123615,50.82655599077905,50.0,90.0,0.366977778440511,2.214355247456318
2021-07-26 08:00:00-07:00,730.3718833333334,145.76496666666665,0.281728398676064,7.5,609.204151891263,5.6410910405072086,50.61523995348592,97.28938583203711,0.0,294.7489555425483,960.576453410478,1.0,294.7489555425483,174.6284915488238,2.011745597457924,25.260324611111116,1.6393493266666668,909.0912648711903,909.3001562943947,909.4956908904649,909.0997495354542,909.8110186132027,910.1277932119801,909.8858306573447,910.1375058582421,914.0946284056847,922.3470646595734,926.2591090202862,930.1181109897551,90.15713817621827,81.30111384308401,73.31068551983836,65.35061299498703,60.632040011169096,55.39948615917078,52.28182464992412,52.802573495332766,54.817364909918865,58.28567394308003,61.614015149800196,65.42172074804185,50.0,90.0,0.366977778440511,2.214355247456318
2021-07-26 09:00:00-07:00,787.48675,163.92121666666665,0.2617352258409498,8.5,772.3428718337703,12.302756975445398,39.41097951830917,109.61019410012466,0.0,440.66791218787415,989.5585904436538,1.0,440.66791218787415,206.48143819011338,1.6082306070865187,28.054752166666667,1.216773765,950.0475228484268,949.799964750792,950.3873021211369,950.612076471723,951.144105110665,950.9709550889767,951.5653632529883,954.8293938733947,958.2959808074729,961.4299407541417,964.272014951214,967.44101057442,106.43719977042409,95.40186850717167,86.04988482830473,77.34064509233916,71.5784005367174,68.12689930760475,68.32545799541468,70.0362999884738,72.10882680011954,74.8617941785735,78.26926560839168,80.37054284191619,37.742308748329386,90.0,0.44394443290177577,2.0663711079049767
2021-07-26 10:00:00-07:00,820.90985,175.9919,0.2561040967198468,9.5,892.1872203352023,17.23427201808203,29.256462355814453,127.31783295997703,0.0,555.6990307531806,989.6997325323974,1.0,555.6990307531806,233.15273523441508,1.3382240201045317,29.64896733333333,1.6400815866666667,966.6183078555505,966.4022401804784,966.4767262066166,966.9285485599017,966.8829429495282,969.2722812045547,971.1690324273649,973.4738049882648,973.1623481419826,975.2133891832759,976.9029251741724,978.8252557442956,124.20560507558507,112.34287590626988,103.06358727317314,94.8150772923908,91.21283878221408,87.13565985676671,87.17267599443579,86.97056285258954,89.82939692021328,92.61482180184183,98.50929897462508,104.49287963474416,24.012912194200894,90.0,0.5465287451869079,1.9436890849906245
2021-07-26 11:00:00-07:00,842.4486333333333,181.63721666666663,0.2387008161227447,10.5,962.7522659325732,19.99911322430402,21.99813389657936,155.92978719054736,0.0,625.5074338654985,980.6619649941465,1.0,625.5074338654985,233.17327329839134,1.1236664450315994,31.123695444444444,1.9376854583333332,972.4111533159062,973.2107283345737,973.2165994530608,973.8470893097862,973.8432365063336,974.7323166440323,974.4665230634135,975.3550134739834,975.0159973263288,974.944056546923,975.8404144815765,975.4114458196441,123.73429249066163,113.25787826347732,104.87846026936828,98.4631235044701,93.32613975630878,91.09441486769569,90.63155697121591,92.30669045342624,95.79600678984248,101.2529523234787,107.53716425954582,114.9409905075133,9.35650021614206,90.0,0.6687115523003778,1.8704469804501738
2021-07-26 12:00:00-07:00,840.62185,186.89125,0.2373468450236345,11.5,971.3033571517828,20.312658530164352,21.071396056077717,195.08439311935965,0.0,621.7388706519929,979.0675736944015,1.0,621.7388706519929,232.85148680737956,1.075214713510153,31.47711083333333,2.4502967333333334,974.8090054272575,974.8090534781885,974.8091426177305,974.2752984873504,974.595647766886,974.5957167035953,974.5953714955842,974.0276028104021,974.2790701449359,974.2792452046197,973.7123202875027,973.9386471505052,113.99107732261395,105.68171187435205,98.99837549480885,93.57176299432017,89.69061001210136,87.88781764139496,88.03177150275663,90.24766973382911,94.97223330033712,101.15517008328683,109.20314731480408,118.53993751687996,5.725887034391797,270.0,0.7001153401939689,1.8621322627951657
2021-07-26 13:00:00-07:00,829.4778166666667,182.08625,0.2441112318811377,12.5,920.1847197004795,18.140269391679702,27.147468008310234,226.97241695301716,0.0,581.4167056090438,993.5923471974345,1.0,581.4167056090438,229.5847006888821,1.2832983874633324,32.1496835,2.325898135,974.261113440521,974.454352266626,974.349296110713,974.6309852412621,974.5204489476573,976.5021477602768,978.1817755865625,980.0074588982253,981.7740166788925,981.4327786069775,983.0352293124952,984.653561463532,122.58523950425777,112.57273275954734,103.33999585818852,95.59290608657076,89.79377353265832,87.9871351159704,86.63618367397162,88.14234458918826,90.35824550503759,94.25724916075251,99.1365526327263,105.22961489328503,20.548464566143664,269.9999985212207,0.5745002223639615,1.920767231552996
2021-07-26 14:00:00-07:00,830.8985666666666,160.56498333333332,0.2566001739503227,13.5,825.4840037235169,13.712721642422537,36.84688681592347,246.71522992749766,0.0,477.10778646618536,1017.8353641089412,1.0,477.10778646618536,215.56689597657544,1.5351154658883737,32.66685422222222,2.2758908083333336,1000.8573626575178,998.3325621406564,992.3392318518834,989.6934275535954,986.8197305031574,982.9746029238105,983.064153454329,983.2873571978575,982.3791767604097,982.5352339930072,982.2235262877052,982.226370826791,86.60538254112883,81.92200012301274,78.21673980390081,74.63865423893961,73.02954631076952,70.72312744806018,72.00508676532917,75.12446120802338,80.4685545075794,88.36195056281412,98.62766641894171,110.0900100521362,34.54108965693632,270.0,0.4665014434226175,2.033423078532338
2021-07-26 15:00:00-07:00,787.4824166666666,143.41738333333333,0.2788540526421291,14.5,671.381488298094,7.431385061811342,47.89853586165861,259.96087589851584,0.0,340.269839157823,1007.8456035776946,1.0,340.269839157823,188.06289986623847,1.894861555488421,32.940866944444444,1.8396816983333333,978.2021768321906,974.5475164326374,970.6272320092495,962.9560109729673,958.5266057735212,958.7996497276642,958.7370725907848,958.7848425380564,958.3202545245313,958.8836904881867,959.4354707586089,959.3893230076033,69.40746408699721,65.35133008222498,61.06428903749403,57.68175896746921,56.09884020391771,55.07544290894599,59.25560442507954,63.31332729777509,69.85941223943172,77.44155759825337,87.67608362946312,97.96632794481913,47.45844894755226,270.0,0.38160639842265376,2.18101815173158
2021-07-26 16:00:00-07:00,699.7562,121.95141666666667,0.3080591453034405,15.5,478.32664145303323,9.386896353970961,59.38379493080634,270.29657131492326,0.0,175.89802962862868,902.4070227653644,1.0,175.89802962862868,151.0181833554563,2.5573618121692774,32.62828566666666,1.7558775683333332,874.5773770445844,871.1390030113099,867.6377720755924,860.3916283996317,857.001307710156,856.4544703397111,856.258443286755,855.3170894447367,854.3345702209407,854.1008053849343,853.2603352101548,852.3432365140263,54.56003593660966,52.74304751537727,51.47869415802561,50.020546946630375,50.056953435226625,50.92679690164966,54.61399936707375,60.58554237431875,65.60346133841311,72.6072078873505,78.80583966105571,85.23356448351204,50.0,270.0,0.366977778440511,2.214355247456318
2021-07-26 17:00:00-07:00,551.4268333333333,90.18251833333332,0.3259413606866498,16.5,270.90326896713697,22.396901027278428,70.8687667231033,279.4550834433704,0.0,42.92650054790513,680.8789461232914,1.0,42.92650054790513,95.88256815182486,2.857142857142857,31.68130811111111,1.86127602,661.9013769838562,659.4384768270098,656.8881661566792,651.6058540159224,648.9499533912195,648.2150368014912,647.8922445572829,647.1545499477672,646.3981800022781,646.0504809052452,645.2625012323654,644.4770623899834,28.523611368819967,26.168433993827062,23.820275958946844,21.43686108120985,19.098588032817847,16.7780763308203,16.32181111776858,15.85946627795216,15.389930087986231,14.95857626041242,14.538259850493834,14.220387542738687,50.0,270.0,0.366977778440511,2.214355247456318
2021-07-26 18:00:00-07:00,286.81545833333337,45.35962666666667,0.2601687681666635,17.5,84.9845667680509,66.75098281956924,82.05891190723584,288.3999702498519,9.325873406851305e-16,21.73238728171854,182.2433726719438,1.0,21.73238728171854,23.87028196219553,2.857142857142857,29.64494161111111,0.8644780999999999,165.24869777572644,164.99414832209072,165.001508041065,164.72480538257852,164.71934240686406,164.43316930028976,164.11313974564527,164.0645051535093,163.77879876077742,163.414374177904,163.33174338757254,163.2331573369612,6.180079157376619,5.9956326751667595,5.778331869875719,5.693121738811324,5.4114145757082435,5.35036942561553,5.212706934841312,5.097491144065269,5.106704076273151,5.143495900064094,5.0330748220861325,5.13412181721212,16.191340591950095,270.0,0.6105770156536333,1.896807017061997
2021-07-26 19:00:00-07:00,1.8512386,3.77082375,0.2344985745895056,18.5,3.796169175902477,87.75817046450395,89.215535314813,294.58290954065893,0.0,2.412278572538254,3.8425016535101415,1.0,2.412278572538254,0.0007375916692399274,2.857142857142857,25.56265094444445,1.1363961333333334,3.5799608655825534,3.5799608655825534,3.5799442518128792,3.5799442518128792,3.5799442518128792,3.5799442518128792,3.5799442518128792,3.5799442518128792,3.5799442518128792,3.5799442518128792,3.5799442518128792,3.5799442518128792,0.49628927244909554,0.4855844399868276,0.47661304346904054,0.4697289382947219,0.46519773087134486,0.4631846046193523,0.4637420953513651,0.46681629845050626,0.4722522353970211,0.4797953830857808,0.48921460517987225,0.4999220331528309,1.6027212740051315,269.99998156956,0.736015442317182,1.85753406937353
2021-07-27 05:00:00-07:00,278.0696566666667,28.442771333333333,0.2522527348509204,4.5,53.87816056105173,74.85002425036684,84.75174522472311,69.47178175886205,0.0,13.44918882719457,116.27027881412545,1.0,13.44918882719457,14.701273426512683,2.857142857142857,20.6141095,1.9634196066666665,93.25978067379987,93.27763002526707,93.47817783709125,93.67643445194327,93.67366174693161,93.85198550761092,93.85198421562035,93.81053171100984,94.00874318482813,93.9481824621851,94.14855318475936,94.14849772650115,3.0848663221318384,3.0515778353284677,3.007906739546009,2.975664104685018,3.025462896562589,3.0282870900416294,3.0708263326521683,3.1020544403283936,3.2218605526597544,3.2723976905927854,3.3526342066755497,3.41258770725474,10.592869466837307,90.0,0.658085489187473,1.874184622624027
2021-07-27 06:00:00-07:00,617.8093666666666,63.98129,0.2953115766919473,5.5,237.57348867995876,36.60162443920989,73.68128526008803,78.4943325651883,0.0,25.934074446942617,619.7107545436643,1.0,25.934074446942617,75.63194745018586,2.8571428571428577,23.423101444444445,0.8482845423333333,596.6503185978864,597.1261191480668,597.3433557545776,597.8044457268854,598.0063401887008,598.447336464798,598.6452367707152,600.6682543984589,602.393409117225,604.0814831546418,605.7635201005163,607.3777789261673,7.450132168086912,7.508746525386742,7.477692662949582,7.628069759920629,7.816087263138191,7.849111050294995,9.260284767933392,10.69695976487808,12.179809033211681,13.678903522056386,15.234872859628139,15.624795505054461,38.24276620568479,90.00000120741828,0.44050260232867783,2.0717477697258824
2021-07-27 07:00:00-07:00,766.0127833333333,85.09851,0.2993403267915264,6.5,441.7566584363541,12.415986805649911,62.25072061855559,87.55710277362051,0.0,134.5821642132119,907.987993174798,1.0,134.5821642132119,133.5914180471202,2.794417182669618,25.772882777777777,1.1489390166666666,864.1881225440951,864.8440856631456,865.4622562811489,865.624360981723,866.3751578089366,867.059734147014,867.3385701842918,867.6922503334562,870.6325558015282,876.8711924337184,879.92149066099,882.9175736812002,72.42986399495932,68.52787789819276,63.920839155436916,58.3694330600451,53.864485711739114,48.49891814349254,45.00892293201534,43.826170197901334,43.290897727109446,44.06789614830679,44.70941824798836,45.83220702745893,50.0,90.0,0.366977778440511,2.214355247456318
2021-07-27 08:00:00-07:00,850.6642833333333,98.14213333333332,0.2804973064250304,7.5,636.4000755814559,5.8446310675827275,50.7466845967737,97.52848512802483,0.0,296.58959401438756,1019.0799699595765,1.0,296.58959401438756,173.31502449419952,2.017421196217285,27.204018,1.3820709333333334,972.7491942924725,972.6269001014942,972.5041663037325,971.9470310709326,972.3710220402673,972.4183332665124,972.0192335394231,971.9619418256877,975.2136350154176,982.0946465718679,985.3414642049722,988.5432876604638,91.6176015503826,81.89386326578521,73.06433991150361,64.25575134974326,58.938147286826634,53.04249932443642,49.43645600536458,49.110997008270104,50.31485689112616,53.06562178083017,55.670371213738996,58.79821679675326,50.0,90.0,0.366977778440511,2.214355247456318
2021-07-27 09:00:00-07:00,905.79055,103.87301666666669,0.2684650556781726,8.5,802.2546317097249,12.510730369472608,39.554528281897014,109.8870443625139,0.0,455.53733944492114,1030.445746659764,1.0,455.53733944492114,210.83567644533474,1.61049126898846,28.39149772222222,1.875319545,997.7389524525437,997.3269602990996,997.6824878830034,997.8819636464001,998.0876476768606,997.781672110625,998.1749221868442,1000.2868582364603,1002.6464337699017,1004.5010821475666,1006.4396221000685,1008.6015086695522,112.49240494585042,100.45980590663265,88.83870215016574,80.56753012286252,74.2290616850339,70.35533907026146,69.45558346542997,70.14027223173984,71.07743979998784,73.23248212317795,75.74002267506319,77.76501369988952,37.83582280407234,90.0,0.44329952040625226,2.067371204531889
2021-07-27 10:00:00-07:00,929.5650666666668,111.25968333333334,0.2456045009335731,9.5,920.887318961516,17.453694223792485,29.427898217340715,127.62261082703357,0.0,573.1094950883627,1018.1281052299944,1.0,573.1094950883627,225.7623518793785,1.3392477424013531,29.79806372222222,2.2271770566666667,1000.5697539038159,1000.3130564832236,1000.3505110004083,1000.4972124108592,1000.6447130945301,1002.1339374026312,1003.1766306612274,1004.6155548252848,1004.3430268093177,1005.6037179566383,1006.5401942041206,1007.7492949188966,122.85449170520634,110.97342251551832,101.18255470663883,92.90793025158936,87.8246926697047,84.64650591357035,84.08898701595186,83.8665083710499,85.63517929148325,88.87322397577958,94.10254632211905,99.36588118186505,24.075321459918346,90.00000085377364,0.5460313775221027,1.9441328877680009
2021-07-27 11:00:00-07:00,953.1820833333334,110.33128333333336,0.2368994310249268,10.5,992.7803769680345,20.225658652276053,22.211794892188507,156.1381013738021,0.0,645.0586599330966,1009.2042949273498,1.0,645.0586599330966,236.3455002078816,1.12397875897319,31.04493855555556,2.22000805,1002.9886318772114,1003.4353850101004,1003.4416083418082,1003.8582609037279,1003.7519699043575,1004.2200888230103,1004.0985280366385,1004.5660327114721,1004.4086421987221,1004.3350162983246,1004.810338881268,1004.8071681380037,125.38765242855806,115.49649223062016,106.86365299786084,100.14286640234288,94.84736770522142,92.51023748767662,92.0257427104423,93.74293084406277,97.50956812906769,102.79662303775005,109.22503786934196,116.83679665223889,9.379660478897188,90.0,0.6685121364418226,1.8705127783540056
2021-07-27 12:00:00-07:00,959.2517666666666,109.51976666666664,0.2353577351736727,11.5,1003.2779846686793,20.53968646193187,21.294776748917887,194.96070708052576,0.0,642.1875260859803,1010.0067760987852,1.0,642.1875260859803,237.09448794401152,1.0754806312706022,31.947843555555558,2.38036908,1006.3544548520031,1006.3545014060388,1006.3881353639752,1006.093251791031,1006.2524267352671,1006.2525250468909,1006.2521675791035,1005.9560938601213,1006.0767139796483,1006.0768956813612,1005.829181413591,1005.9108463427108,116.32818038019809,107.94825038986666,100.95589816084316,95.3607160510879,91.3592324475318,89.50329552992267,89.65635504558475,91.94718756415305,96.82828127424402,103.34608453097732,111.58488552077,121.22526931076715,5.74598536024265,270.0,0.6999408273832808,1.862167321288976
2021-07-27 13:00:00-07:00,940.95455,111.8957,0.2411473977794637,12.5,947.7949598996815,18.36088707091286,27.33306155345593,226.68297435397844,0.0,598.5260432640563,1020.4794571858002,1.0,598.5260432640563,228.80151424307562,1.2842314367300829,32.59428255555556,2.423230713333333,1006.0301991153842,1006.1776839847339,1006.0297175601114,1006.2722991873081,1006.1179840107127,1007.3191448184878,1008.2446953133132,1009.2834685756194,1010.3432572415034,1010.1144116840912,1011.1878255924773,1011.9068804499124,124.26428788276168,112.68022725828962,104.00586306760626,95.93005728432652,89.93425479745288,87.68372988172334,86.12774349622312,87.28524236181104,89.36145446005031,92.96956837790867,97.76249574744926,103.63461732642851,20.609180151462763,269.99999914622634,0.574004188515914,1.9211397068488894
2021-07-27 14:00:00-07:00,914.0250166666666,107.74595,0.2552927102613288,13.5,837.7054243357314,13.922039885418595,37.001391665880796,246.43557484918543,0.0,483.12443163128654,1031.3299905884135,1.0,483.12443163128654,211.00238522509818,1.5371463920139163,33.1525216,2.41129065,1014.3256317535446,1012.729998007277,1008.6997205737009,1007.0390405822303,1005.1837508296891,1002.4161010116711,1002.5522099489249,1002.8354694007174,1002.5263578449344,1002.2602852407698,1002.0570920725406,1002.1298173018918,81.44012134978045,77.60310628052794,74.73435522336372,72.34195285322447,71.09071788784884,69.61848794303347,70.99902301938262,74.94340238636372,80.45433367271254,88.58439003932529,99.08489078299046,110.82346004161813,34.6348133590698,270.0,0.46582810788491963,2.034351666787163
2021-07-27 15:00:00-07:00,880.9905333333334,96.88353,0.279085041164705,14.5,685.9437135948679,7.627492109328138,48.03827993950526,259.7175374467532,0.0,346.799695043493,1028.3113180173077,1.0,346.799695043493,185.0037166048774,1.8991620715398319,34.167276666666666,0.0,985.7946988401136,985.7802399867811,985.1777468400794,985.1516562482772,984.9463028049865,984.8520398562432,985.403073992163,985.0621544372636,987.8707414215065,993.4286203850434,996.347717656431,998.9919240332266,99.92609865673258,89.31323663169576,78.7526933335002,70.92376984067447,64.43198078334692,60.214253905360145,55.61469704644237,55.68649000222637,56.70978582133451,58.69917220607358,62.04165251216859,65.13153823220745,47.57668276741399,269.99999914622634,0.3809095681450539,2.182540001788303
2021-07-27 16:00:00-07:00,767.1473666666666,94.78522166666669,0.3085997606371125,15.5,483.91328627411286,9.520057094684669,59.51981791928767,270.08310797232286,0.0,173.31237873224356,928.9889395440766,1.0,173.31237873224356,149.5679871680641,2.567797891847595,33.560699166666666,0.0,901.2997692503145,898.0863060041374,894.8130374595004,888.0455864592102,884.9050314501587,884.5264217531923,884.406706340578,883.6188690189105,882.7937952760138,882.6398142508581,881.9677807030354,881.2187189177303,51.33751159019953,49.80147592231606,48.838778366142016,47.681472165641544,48.06862039910339,49.32112296894562,53.26334489705188,59.58474021641766,64.91570214699094,72.29594721215577,78.83486111081791,85.59109997488402,50.0,270.0,0.366977778440511,2.214355247456318
2021-07-27 17:00:00-07:00,595.9490000000001,79.37098333333333,0.3246311052032741,16.5,273.3106949171504,22.469632975100776,71.00836866370913,279.2631513700936,0.0,34.78521508457554,709.2467604682035,1.0,34.78521508457554,94.19349330264983,2.857142857142857,32.810519166666666,0.0,690.3512319769554,687.9876040314535,685.5617444883205,680.5460092038423,678.0176846974059,677.3990843306929,677.1277074269968,676.5047826963496,675.8663335177594,675.5773321901715,674.9122776016906,674.2479850990705,24.759936483065253,22.495085128438188,20.25451452279227,17.990898438018537,15.783788734472825,13.600276532053165,13.246537258779377,12.896364464321582,12.53651716173192,12.22753659999247,11.91983508842954,11.702209464480672,50.0,270.0,0.366977778440511,2.214355247456318
2021-07-27 18:00:00-07:00,298.9685766666667,46.58897666666667,0.259035499132795,17.5,87.12482624535913,67.20795477752829,82.20751330478802,288.22391331939207,0.0,22.459415423101575,186.19677113639136,1.0,22.459415423101575,24.280395968619874,2.857142857142857,30.977955833333336,0.0,166.16894768589373,166.2611483594157,166.35651904038147,166.71130576465617,167.05397990968333,167.10050684939438,167.36540600513422,167.66354842278693,167.66410513080146,167.9332855894111,167.93303999547896,168.18703446402225,5.277054631112908,5.173194434681527,5.197732484859149,5.243222874626299,5.240652034991523,5.260423722434718,5.491044102649026,5.552867405762332,5.7088723304085045,5.92080699534664,6.011830618004045,6.329199449360519,15.845505595820276,269.9999982924527,0.6134778118795262,1.8951414181609856
2021-07-27 19:00:00-07:00,1.4311031666666667,3.354549916666667,0.2295026122699067,18.5,3.3745963063458064,87.70630425376288,89.19739462937845,294.2572072009684,0.0,2.1460125018612755,3.4111419601858013,1.0,2.1460125018612755,0.0006833499680763203,2.857142857142857,28.223325,0.0,3.183510594597793,3.183510594597793,3.183510594597793,3.18349612953245,3.18349612953245,3.18349612953245,3.18349612953245,3.18349612953245,3.18349612953245,3.18349612953245,3.18349612953245,3.18349612953245,0.4321006229261658,0.4227785566773641,0.4149674539147932,0.40897500192011677,0.40503183096797507,0.4032812568401236,0.40376852533253593,0.4064458731182576,0.4111785508788946,0.41783289315059,0.42594242325618525,0.4352590206995422,1.6355850665443288,269.9999840959591,0.735728766137106,1.8575502763700094
2021-07-28 05:00:00-07:00,225.62763268333336,31.123336,0.2568330643473805,4.5,51.188974893975825,75.28015365174967,84.89780000848378,69.65218257108307,0.0,15.144340892359594,103.29303270016302,1.0,15.144340892359594,13.899174383689243,2.857142857142857,21.1663875,0.0,83.08878350074728,83.22058628496202,83.2341873326669,83.36297106093753,83.36182274656308,83.49358410902143,83.47812482161625,83.47565830151382,83.57823606700227,83.57824620197474,83.71005861561974,83.66706950123131,3.4758660358637057,3.4179093865315977,3.367828870166751,3.335036128197032,3.3175313485274223,3.3683907504855646,3.403602592135575,3.4386117977911757,3.487547416593492,3.6019055892216127,3.6842873884852443,3.751006117386913,10.275447932523376,90.00000283164684,0.6608097051045381,1.8731812902176839
2021-07-28 06:00:00-07:00,533.4332166666667,73.43512333333334,0.2937212293591912,5.5,222.10531760501638,37.22194003616852,73.81710444880426,78.68994388776503,3.1086244689504366e-16,31.370001612680838,559.2715157050613,1.0,31.370001612680838,72.40147760363715,2.8571428571428577,23.9200925,0.0,536.0112632702585,536.2715337032811,536.8414887679833,537.390460213863,537.6762415116827,538.1980355051702,538.4336048334947,540.3007057185541,542.1274643198226,544.0953636715413,545.8000044462585,547.4656700381772,8.849980935353242,8.9118690593701,9.037494684754119,9.017240934397673,9.240590885972342,9.483967737907525,10.98908295702559,12.523341867633944,13.786045059727188,15.336426226878517,16.924308875363593,17.3880652095938,37.6889876741122,90.0,0.44431252266790966,2.0658018024708715
2021-07-28 07:00:00-07:00,692.8728333333333,101.41758,0.2986667627369803,6.5,422.61901635971685,12.517897405472102,62.38169075143937,87.77333279432865,0.0,135.79880144009306,862.5995893335862,1.0,135.79880144009306,129.8622219393394,2.806738293085315,26.0109875,0.0,818.8737534118916,819.6161556875683,820.3133917746981,820.5208142492452,821.345119091933,822.1084304782122,822.4185338499942,822.8678289893791,825.8916561325574,832.2368730091966,835.348935117685,838.4059557957845,70.77066384026129,67.36712898588682,63.27387516415164,58.250764268219875,54.137218719565446,49.18137822967168,45.944848343143455,44.99095870839173,44.63290177834343,45.52483378315431,46.25620766925436,47.461146710507556,50.0,90.0,0.366977778440511,2.214355247456318
2021-07-28 08:00:00-07:00,764.7980666666666,126.73191666666666,0.2813724458441036,7.5,609.2802447768605,6.055563750291893,50.87985108580453,97.77390903757559,0.0,286.6259578324601,972.2885217628416,1.0,286.6259578324601,171.23586864584166,2.0231658468933578,27.979810344827584,1.322000275,923.3184964065853,923.3751182358833,923.4288526181699,922.979386371816,923.5437704730633,923.7489673058132,923.4440309241875,923.548357882185,927.2348349873308,934.9500328401031,938.6059343367588,942.2104400409163,88.88840845589824,79.77535290389824,71.52070348320264,63.286886212664385,58.356873083706,52.87938953681445,49.56096273081983,49.78683751294943,51.461078939574605,54.60821190790662,57.61761028893748,61.12724021590076,50.0,90.0,0.366977778440511,2.214355247456318
2021-07-28 09:00:00-07:00,819.1466333333334,142.2995,0.2616555321869047,8.5,772.547431573648,12.724405349394662,39.70034203940509,110.17083124396531,0.0,439.2292620323543,997.0124171097574,1.0,439.2292620323543,204.60641627537365,1.6127646089546634,29.053543222222224,1.7134954233333335,958.9408496484414,958.982045320086,959.9650786151581,959.6291527809773,959.8891441157893,959.6471681754483,960.0892927779865,963.1906835542962,966.5127337134633,969.3379853148325,972.1247430297954,975.1893645828109,105.89925690042762,93.33638476816257,83.86435216259733,76.17721852618723,70.26010087726972,66.6990486303816,66.72671435084902,68.24001412223049,70.029174163526,73.39474593647545,76.11869376926711,77.65795259453813,37.92954401267613,90.0,0.4426539990165155,2.068375627398974
2021-07-28 10:00:00-07:00,857.5514000000001,148.81629999999998,0.247023971239708,9.5,894.4340621275293,17.678773670623528,29.60254721276623,127.93458139694906,0.0,556.5044771547891,994.6473036904549,1.0,556.5044771547891,225.02358497952622,1.3402615552534802,30.76575461111111,2.164038505,973.0849016578236,972.8149191489905,973.1587046386323,972.9609473112828,972.8849350949932,975.3577840848066,977.1572792758476,979.4587690061169,979.074927115467,981.0374715610524,982.896495052747,984.5005560140692,119.98637673735455,108.42259776841098,99.19148532304204,91.07132381638698,86.58735650501406,82.66113116431079,83.43102298049149,82.6552797154823,85.50830162993913,89.13703387301304,94.38338344535845,100.14221491446389,24.137047664162235,90.00000085377364,0.5455396915229601,1.9445728987123296
2021-07-28 11:00:00-07:00,854.6497333333333,164.43235,0.2384101650748693,10.5,954.4252823668635,20.45765930244747,22.429904043605223,156.35289028988225,0.0,620.1388308225314,972.5202487935697,1.0,620.1388308225314,230.87282547723606,1.1242669963755494,32.44407011111111,2.2835621983333336,964.688447393093,965.5737888988734,965.4819998847044,966.2011652568993,966.0983091958091,966.9863620251426,966.7119712898074,967.5994341817145,967.2538108840794,967.1825350351093,968.0773008421729,968.0742205138085,121.59576589393272,112.02487385712578,103.6713538539272,97.27189937097032,92.14911632269522,89.92911928743689,89.46034135692409,91.12137359261857,94.90457159230961,100.01766440124685,106.54692515864407,113.63404252959103,9.401031343175509,90.00000190909591,0.6683281395781429,1.8705736356176108
2021-07-28 12:00:00-07:00,852.51695,172.08193333333332,0.2367482404874298,11.5,965.1485679741966,20.771772086930596,21.52384703037562,194.84272287496063,0.0,617.7883229363387,973.0439857748958,1.0,617.7883229363387,230.83076440055888,1.0757853097247023,33.484601,2.3190006233333333,969.108783234925,969.1088249570314,969.1413539873361,968.5713418422108,968.8967748581683,968.8968999632522,968.896553719492,968.3254001726832,968.5823665687649,968.582542440282,968.0581675491298,968.2441481470329,112.84407476674495,104.75658946449124,97.92437203046057,92.52321979628368,88.65687101109202,86.86259639018968,87.00713261707124,89.21426421811502,93.9223574022643,100.21093081604694,108.10158020634537,117.4077512358726,5.769011340381539,270.0,0.6997409014613839,1.8622076371127576
2021-07-28 13:00:00-07:00,816.6639166666666,179.67135000000002,0.2428510675053913,12.5,903.8975145892462,18.58600618934341,27.524843564981747,226.39457209311075,0.0,571.1412006356668,977.0044342296438,1.0,571.1412006356668,224.63027428573403,1.2852248616461888,34.30279633333334,2.185058215,968.3096051014372,966.7330837614799,964.8742409757275,965.2123709543556,963.4348118809972,961.6045819175813,959.9258542145783,957.9322233259812,958.04108747228,957.7683922712558,957.8621677544114,957.6767777467634,103.0341996597401,97.06942659050974,92.2682577658046,88.45260061555267,86.27528061461705,84.77189141719289,86.09020274190412,87.81927594593432,93.50028229214774,101.04455095649345,108.8975790142836,120.01856154456043,20.67375553361713,270.0,0.5734768378114423,1.9215370144698816
2021-07-28 14:00:00-07:00,766.15345,182.43023333333332,0.2557377286245296,13.5,793.0032495924718,14.135247113752266,37.16177846109498,246.15407930459085,0.0,458.32437657807435,983.3270167439018,1.0,458.32437657807435,209.65103413273928,1.5392806477041119,35.13833183333334,1.98763889,966.9036755737044,963.9577551430775,957.0799325946872,953.9914524844047,950.4468649824883,946.4208019963841,946.4869589621902,946.7069738723196,946.3031851972572,946.0059284683964,945.685987157485,945.3072457515664,85.16094986340227,80.66535842858711,76.65118280561985,73.2932486334691,70.83139151139366,68.21775934133971,69.39166430374188,70.98040701868592,77.07637208066565,84.663646747963,94.5072890435544,105.480661721012,34.73300000200562,270.0,0.465123525007538,2.0353268339457693
2021-07-28 15:00:00-07:00,672.30445,191.2017,0.2769240712616679,14.5,639.4583882463319,7.826926785841352,48.18354235907147,259.47155737303547,0.0,325.44338781120405,943.371874139003,1.0,325.44338781120405,185.8768317571866,1.9036626294595618,35.019361694915254,2.6195288,913.5374419162268,909.1487601367389,904.963093989803,896.6582976167192,892.0372916318485,892.0701600240509,891.5300734306423,891.350878849702,890.3984221025745,889.828894610262,889.353258874828,889.4423983032877,74.00178487160818,69.06114240876701,65.14922103838607,61.84250380904725,59.57460539682585,57.92520585701648,61.49949791477548,64.92883999119962,70.3803766717964,76.94744795180839,84.74819261006375,95.04304837661078,47.69969745156094,270.0,0.380186229425836,2.184126438045315
2021-07-28 16:00:00-07:00,469.88643666666667,144.5701,0.3004655544816664,15.5,381.91597515937616,9.661735781125861,59.661128148148755,269.86690939235314,0.0,153.2703871832849,684.6769334412836,1.0,153.2703871832849,123.81880042084732,2.5787012196188956,34.36183416666667,2.077334455,662.0559855251555,659.2146149201786,656.3223927405801,650.3028302502235,647.4666581874287,646.5417944751753,646.1631932727353,644.9554730332492,643.7030558851732,643.283637673067,642.1166198905937,640.8877467795656,50.768931980624174,49.07062217454057,47.75745727101844,46.27980948460163,45.875311070573495,46.05436387073261,48.362359924985334,52.27625214127522,55.51302248937557,60.19689082261168,64.32305626845255,68.66783005785108,50.0,270.0,0.366977778440511,2.214355247456318
2021-07-28 17:00:00-07:00,102.2123075,101.49403666666667,0.2854594509838856,16.5,134.51265436569264,22.635763630882842,71.15315612358094,279.06859627955333,0.0,58.14609670602667,219.55076837447464,1.0,58.14609670602667,47.288171694157384,2.857142857142857,32.505178388888886,1.9289865583333328,210.6559200381388,210.07183842548812,209.47828963390816,208.17397673223365,207.55117914714862,206.43372418145458,205.93465564011132,204.79986204729613,203.63210926453775,203.1033014487112,201.90782863484245,200.69484007585214,24.367234463063927,23.79378650786011,23.215228405537093,22.573545110745236,21.98889574443667,21.404526169018816,20.868966888090906,20.3601778077261,19.828494382985177,19.422154847988182,19.024220354937235,18.744510979937512,49.904984410715144,270.0,0.367511283420711,2.2130857736804415
2021-07-28 18:00:00-07:00,5.54186295,39.60306716666666,0.2487528411836228,17.5,40.339723858118205,67.67944342695084,82.36130268494222,288.04541878654106,0.0,25.175357185874166,42.157568437401295,1.0,25.175357185874166,9.747000369209736,2.857142857142857,30.458424944444445,1.64837295,39.67241916835039,39.82473693489563,39.70824570156125,39.85985060668414,39.75341116969132,39.905579252197306,39.947268944484854,39.84840062725988,39.99951164812386,40.04723262900275,39.95588470922712,39.84756041012652,5.496803945247454,5.445660225280775,5.334272855364087,5.241220013318788,5.206590434350436,5.124748293346829,5.082955014065357,5.102566661711207,5.096839396700057,5.12774234552661,5.251279120476688,5.348804447172907,15.490693554706162,270.0,0.6164590740607644,1.8934690096212146
2021-07-28 19:00:00-07:00,0.2402478833333333,1.8551470333333333,0.99,18.5,1.857832602969135,88.16977157029207,89.35951564578146,294.0877242272116,0.0,1.1866192283002817,1.862580135932412,1.0,1.1866192283002817,0.00023995169001621872,2.857142857142857,28.86996255555556,2.3518546,1.7551608252365156,1.7551608252365156,1.7551608252365156,1.7551608252365156,1.7551608252365156,1.7551608252365156,1.7551608252365156,1.7551608252365156,1.7552153104748727,1.7552153104748727,1.7552153104748727,1.7552153104748727,1.0325338946452496,1.0100945957264187,0.991162599431602,0.9764903248975914,0.9660692023428874,0.9618409238862504,0.9629582388703974,0.9693262750579602,0.9806261869646808,0.9963428217773581,1.0157898317536285,1.038157960610134,1.3032759079131835,269.9999893022469,0.7386277529008324,1.8574015466111469
2021-07-29 05:00:00-07:00,99.42681183333336,26.852530833333333,0.2404310571232049,4.5,35.43952560633774,75.71430383977335,85.04547876933341,69.83798242045992,0.0,14.414174855843045,59.8307838616836,1.0,14.414174855843045,8.889702503030666,2.857142857142857,21.553465888888887,1.8064559266666669,49.3353388054091,49.41406230727212,49.41144170267475,49.48237663699392,49.48233351467751,49.54539285754578,49.54306905373937,49.598686859298056,49.59875595181089,49.59878557797289,49.64697612907888,49.645073533407924,3.0394769830028507,3.002291524945527,2.951777365711443,2.9224256056762754,2.9092069926246285,2.910874779455269,2.961598897987827,2.992226865797674,3.034823162369507,3.086528994994068,3.183070029463799,3.2456882260829674,9.956112219079971,90.00000085377364,0.6635531112138735,1.8722023809328499
2021-07-29 06:00:00-07:00,545.8642333333333,70.448065,0.2928940561503253,5.5,221.32646462549184,37.84043487465043,73.9543709783741,78.89104739536992,0.0,29.748127200450142,561.3335327129327,1.0,29.748127200450142,71.59099111453011,2.857142857142857,23.936068944444447,1.603191545,538.4901822269662,539.030481834963,539.5632431971695,539.7992833022901,540.301239884996,540.5269994767996,541.006908877315,542.8353282751592,544.5861530888795,546.2969033593092,548.0014805499184,549.633196452296,8.374486782489205,8.433900435866542,8.393478328800656,8.559528287299386,8.771488349267418,8.829768083546782,10.232436087233333,11.711183185648887,13.196785491855133,14.737591291953805,16.29437989859739,17.885500650542244,37.14131639117691,90.00000120741828,0.4481085128671823,2.059994113189169
2021-07-29 07:00:00-07:00,714.6288000000001,93.86578166666666,0.2952229614731418,6.5,423.6883572853649,12.623632539277677,62.514125168018765,87.99531785480178,0.0,130.19893922059725,873.7907120725617,1.0,130.19893922059725,127.43284419405336,2.819280857572067,24.283937833333333,2.9819564166666668,831.4283275589289,832.1109987938582,832.7336787239985,832.9144183966293,833.6675554201427,834.3569621944472,834.6564825386431,835.039433066417,837.9321315055785,844.0106408102854,846.9953383976894,849.927325418989,67.995570906524,65.10914802291572,61.29615902316099,56.47331807641557,52.41430317197309,47.5219154298316,44.27282959261064,43.234034753565936,42.768698707355256,43.522935949419804,44.13103774726384,45.20649852185221,50.0,90.0,0.366977778440511,2.214355247456318
2021-07-29 08:00:00-07:00,799.5330166666666,110.77453333333332,0.2779037722974616,7.5,613.7772226553344,6.273670292918967,51.01472841060685,98.0255418213456,0.0,288.4105569019291,981.1823298912445,1.0,288.4105569019291,169.33611089074896,2.028978434505232,24.88071227777778,3.174792333333333,933.4665793766078,933.5114410322346,933.5535697921903,933.1006632873127,933.6523663115497,933.8461857816976,933.5377256519521,933.6309223697442,937.1356431025861,944.4918664799799,947.9731617399168,951.405672280911,88.3869025332796,79.29543711947588,71.05817792028171,62.84188443881857,57.91854703328025,52.449893877836246,49.13410176458534,49.214504078999006,50.73692708411437,53.72456577731408,56.57363164474176,59.91917414087722,50.0,90.0,0.366977778440511,2.214355247456318
2021-07-29 09:00:00-07:00,826.1671166666667,136.3687833333333,0.2588195387366822,8.5,770.6522225180934,12.943720039798347,39.84842034234848,110.46138343834157,0.0,430.6136595215554,996.679841168135,1.0,430.6136595215554,201.60344646951387,1.6150499479777414,25.979566388888887,3.0188781833333334,959.7007634778452,959.6826160424797,960.0483684313859,959.7231712848534,959.9536845606817,959.7176224076161,960.1380773016582,963.2045235911991,966.467703029887,969.2567287414536,972.0106275038439,975.0724621726754,102.58711255828153,91.4240004991061,81.98707591733528,74.22053671066273,68.24659148560785,64.6249708271936,64.47749251687401,65.81991193815799,67.44559087970154,70.61978868276302,73.80857339154554,75.37274849966781,38.02344039245381,90.0,0.44200809576482153,2.0693840439885043
2021-07-29 10:00:00-07:00,830.4010166666667,160.35128333333333,0.2443943845895911,9.5,881.085683646821,17.909444262553226,29.780406431969826,128.2534738330603,0.0,548.4935968683809,979.5591898864195,1.0,548.4935968683809,220.12415416974335,1.3412649717028136,26.447356944444444,3.3265076166666665,957.3436559929175,957.1150319332003,957.4850321449358,957.32343296257,957.286238910047,959.7103548795584,961.6896969865294,964.0471745440228,963.6843340418318,965.7015107802335,967.6119658294737,969.6080255788917,115.77440451081732,105.87004547554126,97.00165561785266,89.14973915924344,84.9116401979721,81.1176967028622,81.32314369093862,81.22832525867531,84.1021060035083,87.65961370576312,92.80211537262657,98.46200186217591,24.198063491735706,90.0,0.545053897317161,1.945008886730363
2021-07-29 11:00:00-07:00,832.1353833333334,200.56808333333336,0.2383132681828052,10.5,968.5110694607836,20.69504583351852,22.652421398878094,156.5738314569403,0.0,629.1958786367633,986.4287507339782,1.0,629.1958786367633,234.20309583993608,1.124530768867376,27.4787695,2.940943415,977.4844015203789,978.3597330176816,978.297341899601,979.0334318671313,978.9291803237637,979.807211396102,979.5578401753933,980.4353202582912,980.1130765983386,980.0406236010837,980.9251365541179,980.9220519297867,123.45833774642935,113.89886253893377,105.56073948340527,99.18732843799226,94.08484599305777,91.8864095729607,91.435578399902,93.11166444819139,96.92046177492409,102.04276064154054,108.57968372865395,115.66829324672848,9.420587107430006,90.0,0.6681597801476828,1.8706294443307974
2021-07-29 12:00:00-07:00,701.7366816666668,242.9374666666667,0.245177413722277,11.5,894.6784863105404,21.008840914823896,21.758528618894417,194.73042318995297,0.0,572.7131471723843,903.0676894013366,1.0,572.7131471723843,222.6753595006463,1.0761290680180422,28.503341555555554,2.703505658333333,898.3102342306942,898.3102704778682,898.3414804226746,897.5835481421468,898.0173903286834,898.0175409952822,898.0172121308883,897.2582066939489,897.6017616163301,897.6019279100923,896.8878080256012,897.1369675913352,108.83755324819789,101.1768153973756,94.63489988113338,89.5139651358077,85.84148005683154,84.13202565275587,84.25809313713972,86.33592114208311,90.78304489192526,96.7284079767807,104.14410918233693,112.95395732041708,5.7949882989439265,270.0,0.6995153630500953,1.8622533126565632
2021-07-29 13:00:00-07:00,837.9721333333333,162.35411666666667,0.2398111954673464,12.5,904.1344746327595,18.81554886043902,27.72276519166076,226.10746776097895,0.0,571.0392024742574,978.5599237003726,1.0,571.0392024742574,221.67066062017503,1.2862791113675123,29.732547,2.2609306266666667,970.2720184392052,968.726737320675,966.8820025307664,967.2408548610786,965.4941498630072,963.6777821065507,962.0324585288108,960.0729394018283,960.2116572025168,959.9754202371648,960.0969687538034,959.7376306858584,101.1784950506609,95.40186807862995,90.63913255146386,86.86101568229977,84.72404404647223,83.2408044331403,83.90524893745811,86.32592830383052,92.01088657199186,99.54579025986594,107.3883768671563,118.47293738861114,20.74220633417584,270.0,0.5729180835837601,1.9219594636240207
2021-07-29 14:00:00-07:00,792.1961333333333,167.80951666666667,0.2553831764204795,13.5,797.7456434835597,14.352265104709922,37.32802519768844,245.87097076054263,0.0,461.87268353889004,985.3028331608912,1.0,461.87268353889004,208.64768721628263,1.5415192573611471,30.94272238888889,1.83116179,948.6989649054623,949.1686174622337,950.1005270369352,949.9327544685316,950.431490367992,950.2504300651719,950.2388347860888,953.8474643644897,957.0331156480362,959.7304165726896,965.7675511522731,968.3444250902847,106.29183860830162,95.3978040476176,85.60122205226621,78.07887699561876,72.05754612994814,70.18308523990784,69.0692436377912,71.36784319739311,73.51223276722436,77.15608833829361,80.22548169401465,84.3621056724413,34.83565166105837,269.9999987925817,0.46438779593896257,2.0363489271180395
2021-07-29 15:00:00-07:00,738.2945333333333,159.458,0.2764420028193303,14.5,650.2637822431119,8.029613328213612,48.334306856122964,259.22309914673707,0.0,326.21944213898934,975.6724569856833,1.0,326.21944213898934,184.0707418719668,1.9083660935932203,32.29282316666667,1.5332504433333334,946.0291784918903,941.9787149229658,938.0049671280415,930.000132627599,925.7505440315425,925.9415765434088,925.7130674210067,925.1971023994107,925.0383597178813,924.817182869846,924.6910221527284,924.4127050028803,69.11925227372829,64.94735296435096,61.24605102480644,58.177415740389385,55.3602695714574,54.868338510037525,58.80066038046502,62.61825662413271,68.52473987933406,75.60501415149488,83.9710109175777,94.90921987955183,47.82747883277549,270.0,0.3794366671717045,2.1857776320583704
2021-07-29 16:00:00-07:00,497.7243366666667,160.20780000000002,0.298087621541335,15.5,410.5152143295018,9.811904117401816,59.807705580030294,269.64809538998776,0.0,163.2282133537473,732.3180557577551,1.0,163.2282133537473,132.22738874693627,2.590080321864441,31.892633166666663,1.7822933483333334,708.1053798484694,705.167577832413,702.1773930280118,695.9449056941748,693.010607174615,691.954705075845,691.5030685508822,690.1528611758522,688.7493396228581,688.2613591236055,686.9409680253975,685.5618470483831,54.45760441694274,52.74715147305105,51.42853562336213,49.931525669313956,49.562189119169744,49.82150419634867,52.19192496019066,56.28936406185408,59.67059529836622,64.57374378787348,68.89278113423178,73.43765970758814,50.0,270.0,0.366977778440511,2.214355247456318
2021-07-29 17:00:00-07:00,11.016827933333332,67.99997833333333,0.2721155082810135,16.5,71.53155157084187,23.667473283429484,71.30310168170118,278.8715094583216,0.0,46.41945923905121,66.55338982211993,1.0,46.41945923905121,23.82953470995475,2.8571428571428577,30.411336777777777,1.6327161966666668,57.964995502082175,58.9333920007918,59.88699245609425,60.817877488513275,61.24161782961928,62.145458505297455,62.54425846595265,63.42811681827697,63.148077712365286,62.662005009114466,62.39148354909562,62.124548667682305,14.27683370842955,14.494965724794955,14.803738335890067,15.126647539939183,15.539341606548954,15.945976384469429,16.368940124495566,16.189310553544033,16.039889166562077,15.834913621647896,15.614091264465669,15.377022464969972,48.88537383321029,269.99999914622634,0.37330222178128925,2.199575267050137
2021-07-29 18:00:00-07:00,0.34973325,11.128679,0.2677971908607399,17.5,11.174205834703672,68.16523688197138,82.52024395171571,287.86455763540044,0.0,7.2451827252247085,10.865009447199379,1.0,7.2451827252247085,2.880603250542059,2.857142857142857,28.499722833333333,1.7708107916666669,10.351814875302537,10.380029925380713,10.409146368788232,10.390727014712532,10.371133734179725,10.322525834414808,10.355153788133522,10.337869614838967,10.337989671387168,10.324515916832919,10.324508162825339,10.309854307478092,1.6510669566009248,1.6216708514947564,1.5863462056561797,1.5729611347636452,1.5711351628843928,1.5664437554837793,1.5793638731452955,1.6005035865562933,1.6133704292969087,1.641828927964161,1.6729832058441185,1.690535545805485,15.127142423252636,269.99999758516344,0.6195190762091207,1.891793742000198
2021-07-29 19:00:00-07:00,0.0938674166666666,1.0695598833333333,0.99,18.5,1.0706233172452546,88.14507623902304,89.35087615522457,293.75707084527403,0.0,0.6841333645138294,1.072456890539654,1.0,0.6841333645138294,0.00014137412198633446,2.857142857142857,27.577636722222223,1.0884957283333334,1.0116797718006336,1.0116797718006336,1.0116797718006336,1.0116797718006336,1.0116797718006336,1.0116797718006336,1.0116797718006336,1.0116797718006336,1.0117111845264897,1.0117111845264897,1.0117111845264897,1.0117111845264897,0.5952957217563767,0.582357491436219,0.5714423694661213,0.5629839136187876,0.556976763010399,0.5545403208114689,0.5551855521047536,0.5588574718940535,0.565372049963435,0.5744317470016134,0.5856411562634077,0.598533470050372,1.317486651926827,269.99997484625766,0.7385037731964268,1.8574072185477717
2021-07-30 05:00:00-07:00,4.413063716666667,31.6391015,0.2704142636037818,4.5,32.00878182205428,76.15231889796668,85.19472759791995,70.02912958580856,0.0,19.505092611374685,34.608215137141755,1.0,19.505092611374685,8.413090072497694,2.857142857142857,19.903159,0.7129016848333333,31.978697582263692,31.90284623705736,31.958305961428767,31.88261007674794,31.940140177028955,31.860794173527573,31.92046469895043,31.844701087028866,31.844801999688258,31.906753589320495,31.82812816304862,31.828094273900305,4.521897281942625,4.430803996513699,4.358106758935538,4.305619659515046,4.285057111795253,4.289285532838224,4.307576190618251,4.347830179021904,4.413056780225865,4.489474887179997,4.5721497521940675,4.664522318615031,9.635010449093393,90.00000225887273,0.6663143969670828,1.8712489077851853
2021-07-30 06:00:00-07:00,123.574615,109.90419833333334,0.2863974252018947,5.5,143.77303007569867,38.45708655654773,74.09304476808325,79.09757564999961,4.662936703425655e-16,60.32361218076643,239.82168652443744,1.0,60.32361218076643,46.15969150124947,2.8571428571428577,21.628017222222223,1.639142685,224.83128310221701,225.91623434870877,226.41782298646228,227.45564850403005,228.00415460569127,228.98641376644164,229.43762381727697,229.9082583633924,230.91466886147134,231.34639870512942,231.77001475933483,232.2495339504826,16.753742540935214,16.561823597888257,16.784206069542183,17.117820686375733,17.166330191954106,17.615135799506056,18.16036019117362,18.70126692862449,18.887528291855723,19.381462536803898,19.91587939595929,20.402082980621675,36.599644410879115,90.0,0.4518900537462194,2.0543216816758223
2021-07-30 07:00:00-07:00,214.49696666666665,201.7222833333333,0.2865786429017209,6.5,300.27417646517534,12.733338452386695,62.64799782700385,88.22297119646714,0.0,143.2253221725419,455.25311132664297,1.0,143.2253221725419,98.9339234888233,2.8320446531453336,22.70196427777778,1.9848345033333328,419.58097276313686,421.7711299425193,423.9106699928951,424.8216167212005,426.9661323251919,429.03437806645036,429.9430088055659,431.86771141756367,432.8623679707487,435.10048556176787,436.1281170473402,437.13638367299717,55.708865635472215,55.055139152509746,54.237066773198606,53.04704711080612,52.34836380414493,51.29416526954044,50.90911621065133,50.52546872184094,50.342497375398565,50.69678898751443,50.877339121123285,51.210194292863775,50.0,90.0,0.366977778440511,2.214355247456318
2021-07-30 08:00:00-07:00,361.98491666666666,267.57006666666666,0.2767797866403867,7.5,494.6308785528755,6.4987397176232555,51.15130405157324,98.28326656131424,0.0,262.97767848754313,688.0387265303912,1.0,262.97767848754313,152.94985992698423,2.0348577604504903,23.895998777777777,1.5375036766666668,636.2852527493775,638.3354999756688,640.3548919885305,640.9814194881376,643.2463490098137,645.2517009579651,645.9113541981451,647.8294460802098,650.437249751934,655.9629685283663,658.5267099505473,661.0530653491871,81.38148610624002,76.63382029251441,72.56796638800286,68.52899451036217,66.58320040098644,64.2877485885084,63.271751814801654,63.919721772421404,65.38960331400028,67.78456113475114,69.99350803152555,72.47292701684627,50.0,90.0,0.366977778440511,2.214355247456318
2021-07-30 09:00:00-07:00,502.52231666666665,277.01896666666664,0.2609790608431937,8.5,661.9803795557805,13.168610822675486,39.99876105834075,110.75852880042021,0.0,380.7932712361196,827.149873094005,1.0,380.7932712361196,186.45513627630845,1.6173465667739562,25.851906,1.5733878933333334,781.3843942671054,782.5365187204659,783.9595873106543,784.2442534815306,785.4924645718027,785.8233227376722,786.3920980601687,791.1683521318411,794.5380394960433,797.8658246361825,801.1421217270065,804.6870101525305,92.88862573962803,84.41757039740331,77.67624135557405,72.27564207354669,68.42765107372846,64.98168411852734,66.75083580016216,68.95063393001483,71.33336788839847,74.91904764387793,78.49741640533222,80.26352574944283,38.11747870646854,90.0,0.4413620452039016,2.0703961053623834
2021-07-30 10:00:00-07:00,852.5868166666667,177.36661666666666,0.2441594953973059,9.5,916.0149576437695,18.14563694213641,29.961470811103926,128.5790188985734,0.0,570.5649771497384,1017.386319791488,1.0,570.5649771497384,228.61053724995816,1.3422574962925,27.97663138888889,1.971175525,993.9426720419689,993.7412957235235,994.1619595054922,994.0266557149115,994.3353666114447,996.5035522255835,998.5277643445233,998.713047746059,1000.8723165805624,1002.6616469276837,1004.6157185508265,1006.6257226070455,120.3752366790184,110.17520353384612,101.01439301937775,93.15018833630631,88.57183115128309,84.67016530499212,84.88325903077286,85.22359139178039,87.77899852235954,91.46918979757893,96.75511220329575,102.55852497184173,24.25834031052659,90.00000085377364,0.5445742151474143,1.9454406098763515
2021-07-30 11:00:00-07:00,878.6309833333332,146.31848333333335,0.2343426657222176,10.5,955.8239610660344,20.937744517051183,22.879304958297325,156.8006096235215,0.0,620.9505531766189,971.3903340426084,1.0,620.9505531766189,225.24347649903515,1.124769746594191,28.759529722222226,2.3648820816666665,964.2610066998649,964.7072112628503,964.7231637855585,965.1873788952088,965.0450918219904,965.4939127056278,965.3988719989809,965.8471654537391,965.8542407060878,965.6453438358626,966.1002451483494,966.0972434855362,119.55052250308793,110.27941757065055,102.19270331627808,95.3564854296088,90.97093791992529,88.77137343795684,88.37271222474902,89.99844822664944,93.66335146069773,98.53719975563246,104.84321879701683,111.7137930198391,9.438300691199832,90.00000241483653,0.6680072886407749,1.8706800949790483
2021-07-30 12:00:00-07:00,872.972,150.72491666666667,0.232198519022791,11.5,960.1376432763749,21.250815625843675,21.99874151601418,194.6237840147422,0.0,614.6191790406572,966.5170904666327,1.0,614.6191790406572,223.90305947696103,1.076512270187201,29.923690944444445,2.34484927,961.3304023697593,961.2699071336256,961.5004446746761,961.5002751873444,961.4005848055648,961.6767212092708,961.6770565364684,961.6768670532974,961.5383851814356,961.8134406895368,961.7817422058034,961.781709309749,114.69303075294182,105.74457336956264,98.11436862073649,92.07858554291343,87.5641855436565,85.45753552891418,85.3315346356797,87.06930858182109,90.80124128420526,96.00078778547957,102.4971091756255,110.27317772937306,5.823940840069322,269.99999517032694,0.6992640021220325,1.8623044611823336
2021-07-30 13:00:00-07:00,860.23175,149.43576666666667,0.2380223596647023,12.5,909.4908357403176,19.04943539856722,27.926774476217513,225.82191153613792,0.0,574.2409739556895,985.2947212686503,1.0,574.2409739556895,220.9622219022617,1.287394652729363,30.582542944444445,2.188735728333333,977.2193921363272,975.7139411343675,973.9046478901612,974.2741466236718,972.5674571837326,971.0428756406166,969.1868873796379,967.2713249302184,967.4334323677921,967.2229360564445,967.3645162183446,967.3542415583147,101.18632511739013,94.80224934408324,90.03736433090087,86.27805714467246,84.16179703361965,82.70010736390219,83.7336810126979,85.8517202941104,91.58260227780802,99.16534806350529,107.07612146158115,118.21519394202069,20.814549069985834,270.0,0.5723278347654466,1.9224073829024375
2021-07-30 14:00:00-07:00,813.4521166666667,167.4657,0.2526613108217758,13.5,812.8197273223375,14.573015913691027,37.500107210242774,245.5864761693907,0.0,470.4771809745664,1005.0968126113873,1.0,470.4771809745664,210.11470039443395,1.5438632819680016,31.4422965,2.152887171666667,987.8891283427528,985.3165901626238,979.6712089160627,976.3700819560634,973.414900004058,970.2335543326352,969.8046075117759,969.5885459166155,969.4950224466811,969.250147778251,969.2655556260473,968.2783044374407,84.81952699454015,81.3739133707105,77.06013336325594,73.96780322327565,71.15445605263827,69.56233496710101,71.01887872686737,72.58808659959223,77.55401082538717,86.50345511988907,96.17283359835854,107.17291065529794,34.942770756619716,270.0,0.4636210252096203,2.037418311217798
2021-07-30 15:00:00-07:00,199.431228,197.56455,0.2686640787541697,14.5,329.73629990533914,8.235475511536364,48.49055519685347,258.9723276628881,0.0,184.2236767431342,433.0592466487997,1.0,184.2236767431342,104.25163270573626,1.9132754860817915,31.091287055555554,1.67671079,395.40116481312316,396.9670873194036,398.4544803574636,399.930121430641,400.63778316300557,402.1757985744522,402.69517491416264,404.1238506420206,406.3460988084329,411.0815582423075,413.3022167692051,415.4869911803186,52.90571998886777,49.95729758247804,47.57161238067629,45.268310905579526,44.26161069365826,43.249105418298534,42.88088558041623,43.88263605504395,45.74974228988717,47.636635769125505,49.735090139574346,51.99113384861557,47.960012587514,269.99999914622634,0.3786611748775993,2.1874937640897416
2021-07-30 16:00:00-07:00,1.0935133333333331,137.5017566666667,0.2616594754519057,15.5,138.04918212591906,9.970515531025235,59.95952862411908,269.4267874741529,0.0,92.33538920574428,120.28429589904364,1.0,92.33538920574428,45.95403143438365,2.601944245082875,29.21196022222222,2.75250958,111.87243304929551,112.31562253030135,112.7645656147542,113.55096944895472,114.0164844811049,112.27296147156272,111.48467986632537,109.70645807694287,107.87802771855678,107.04296196117927,105.17205893490919,103.27273454875757,30.507095636795704,30.920501940592775,31.311991929913717,31.59434687181729,31.950216954288138,32.295444578870374,31.52537729557528,30.822635952217176,30.078785561148404,29.53679061994728,29.00068256809181,28.63592280926118,50.0,270.0,0.366977778440511,2.214355247456318
2021-07-30 17:00:00-07:00,3.2968487666666664,125.10880333333331,0.2666283003713324,16.5,126.15719071409225,24.692574077498115,71.4581765664114,278.6719837960533,1.5543122344752188e-16,78.67759675403735,127.56208824656014,1.0,78.67759675403735,40.846690816504584,2.857142857142857,23.475732444444443,4.211581683333333,119.93220029202128,120.31870476150166,120.71050038238833,121.40541887137775,121.81320377711967,121.14022695824552,119.65977290852882,118.13675689376343,117.41469647563683,115.84929910042364,114.24045187920285,112.60533679364056,25.585179970842173,25.91887004488841,26.226009586138037,26.50746566790177,26.700204644269057,26.94209221323957,26.2935985571511,25.54299060294661,24.861625135003823,24.321301512188178,23.814636900945885,23.458746805076732,47.89266270192567,270.0,0.3790550099736869,2.1866212262482874
2021-07-30 18:00:00-07:00,0.03786095,54.57511333333333,0.272472231658015,17.5,54.57993441056831,68.66512238245507,82.68429972266178,287.68140231112653,0.0,32.79354409816606,60.77960280253194,1.0,32.79354409816606,14.48457139121018,2.857142857142857,23.179833277777774,2.76074781,56.98781040499238,57.107480381664594,57.23147783423021,57.03804322470367,56.986358667781374,56.93804270012806,56.92654728464778,56.880752562197834,57.0196753558415,56.84002962370199,56.97259505117696,56.79206832144277,7.624466387427817,7.4340336815173,7.3380846350562505,7.289605119253323,7.267034267656968,7.242215335662533,7.32399822790405,7.414074293928312,7.4789300131182666,7.622038823841303,7.766531192165102,7.867128427644709,14.755084605526646,269.99999758516344,0.6226561170676537,1.8901195162048778
2021-07-30 19:00:00-07:00,0.5873654166666668,2.6450291,0.2681366769721577,18.5,2.6499179478688286,88.6373207168204,89.5231016740643,293.5829703703974,0.0,1.6916304699479026,2.658809071482178,1.0,1.6916304699479026,0.00018816242930704737,2.857142857142857,23.9006125,2.7433977033333337,2.502496894467832,2.502496894467832,2.502496894467832,2.502496894467832,2.502496894467832,2.502496894467832,2.502496894467832,2.502496894467832,2.502496894467832,2.502496894467832,2.502496894467832,2.502496894467832,0.398703865941324,0.390056236042333,0.38274836216512564,0.3770726613381726,0.37325574835178926,0.37144662267069894,0.3717051313957765,0.37400465745288475,0.3782326200586371,0.38419772337099817,0.391644571345526,0.40026034376631914,0.9665208309402004,269.9999755367404,0.741565914622385,1.857285134856645
2021-07-31 05:00:00-07:00,0.1113147833333333,15.701467666666668,0.2223056695322187,4.5,15.710500548049163,76.59403932545976,85.34549096373877,70.22557124375845,0.0,10.125953232874998,15.435096841734161,1.0,10.125953232874998,3.361255487778599,2.857142857142857,17.81481911111111,0.4419245688333333,14.707977119357821,14.69512913938533,14.695172881108808,14.682312740930577,14.682303340672467,14.672231272403723,14.672197363113392,14.63014056231713,14.662307123008146,14.662333664585319,14.620299092939712,14.654907966853173,1.9320257664900435,1.8887929340598828,1.859097486780512,1.8391588396287735,1.825714673024918,1.8237855677667383,1.8347062537915806,1.8541164406665358,1.8810524607072343,1.911581154163615,1.9445598182411967,1.986268968203323,9.312289489992562,90.0,0.6690922549482282,1.8703218261739434
2021-07-31 06:00:00-07:00,125.0177528,78.51958166666667,0.2454791659731768,5.5,112.48997896672789,39.07186845917101,74.23308434485546,79.3094600637022,0.0,45.172396661024734,193.29178040823595,1.0,45.172396661024734,31.78642136455832,2.8571428571428577,18.348707111111118,1.2217234633333334,182.22004679620653,182.59862795872795,183.40743376189667,184.17761223003788,184.53367997447475,184.87662487442583,185.64778579189547,186.04119037004912,186.42345862487898,186.79641820787265,187.20100850748287,187.6275510102474,10.974386633731926,11.076437305334386,11.023757466977395,11.26813712638054,11.574386899908758,11.900301768865946,12.040128087039683,12.481938124199992,12.915219094062568,13.320229912064457,13.725194012235733,14.153070256240587,36.063874588813235,90.00000120741828,0.4556566016515379,2.0487816412283912
2021-07-31 07:00:00-07:00,53.49711981666667,192.6584333333333,0.255030403442917,6.5,217.12573877788293,12.84715339534088,62.78328143395978,88.45620489566835,0.0,123.87135087156851,259.6168634826513,1.0,123.87135087156851,69.44679356310291,2.845029336620431,19.861640555555557,1.2173328816666666,232.84849442579076,235.15718288976092,237.4260472319594,238.43154303218202,240.66417376852286,242.82995717720888,243.7984711953157,245.88851656392762,246.0421313205849,246.5311262491573,246.6994991465745,246.86340596392,40.397985434862036,40.635278681117626,40.90996833416302,41.06044368102057,41.490452157402025,41.78086126288079,42.31461624475843,42.10084219959813,41.94182804682571,42.004351071472136,41.93545556339604,41.899981137587126,50.0,90.0,0.366977778440511,2.214355247456318
2021-07-31 08:00:00-07:00,253.476984,331.98606666666666,0.256575426460369,7.5,490.50671761156616,6.730568952016865,51.28956425264602,98.54696519741753,0.0,274.2032086676043,630.3088564368073,1.0,274.2032086676043,145.5271424140034,2.0408025571811095,21.03322155555556,2.151967093333333,579.5092378319796,582.4732729008145,585.3930070429524,586.4978513518198,589.5697831263482,592.4092617267083,593.5044824663029,596.2528541667391,597.8152941965816,601.2682019897102,602.8103815523057,604.3296845012105,80.56341930377819,77.32238679052942,74.70869510237725,72.13249865463517,71.25217211491096,70.09510689674629,69.9268050315137,70.14050231483692,70.96109066426814,72.51046493054767,73.85381282471906,75.38187471023575,50.0,90.0,0.366977778440511,2.214355247456318
2021-07-31 09:00:00-07:00,112.47752766666667,454.2702,0.2539830502693925,8.5,540.2416889444551,13.399012373686563,40.15136061632385,111.06209440884743,0.0,335.7156829907371,582.0172879585564,1.0,335.7156829907371,152.63677993283775,1.6196537136553575,21.69224211111111,2.2750993016666663,537.117112955367,540.7668967071392,542.4604184671456,546.0130254937094,549.4674652145615,550.9669838880818,552.5373988897511,555.6051095074442,556.4165829332239,557.2272739228779,558.3652461667405,559.165086711947,83.14051827215437,80.19794616361388,76.95839442920004,75.64698246538991,75.2087577223113,73.95328777476952,74.75927232242776,75.72994483144862,76.58751350705262,77.69100876420869,79.26616587318998,81.11578156760989,38.21162481308114,90.0,0.44071608693707104,2.0714114498019454
2021-07-31 10:00:00-07:00,107.6696795,524.7119333333334,0.2476937975387819,9.5,617.8193791695306,18.387283280297172,30.145733344051518,128.91094904970078,0.0,396.8179897630095,635.594134135157,1.0,396.8179897630095,160.24899349559172,1.3432385799157778,21.837257444444443,2.6298481166666665,602.9656710550111,605.7950494812151,607.36157245932,608.5254701834583,609.9662829450849,610.8824679278598,611.9697744674777,613.0739976874763,614.0805009484177,614.8352109162995,615.7571438321486,615.391813332688,86.36756575438032,83.01050311959665,78.98717057174295,76.89102181860521,74.98390566494463,74.75898978541478,74.73910352112,76.0948792241787,77.08457448054091,79.70397141275008,81.7185436637913,84.38492913206822,24.31784851820724,90.0,0.5441008726008826,1.9458678177913296
2021-07-31 11:00:00-07:00,10.864976,487.2723833333333,0.2495778075446691,10.5,497.2654396630445,21.185682476259277,23.110510862088546,157.03291659077559,0.0,321.27525009318293,493.63703405110783,1.0,321.27525009318293,122.68414510916237,1.1249834899850808,21.879455,2.926074516666666,473.78398681261194,473.14719556177954,473.8042137382875,473.17169836740925,473.77023104425217,473.1339009411992,473.78293628845927,473.1472157889295,473.1491960999893,473.7564824305545,473.12184607149044,473.12116829158845,68.26553428142037,66.03294187848637,64.20140163929558,62.75453533728461,61.96066609600811,61.732002056452274,61.9176838858384,62.656269765477106,63.901469927845895,65.41620978256447,67.19747872197748,69.15165189265075,9.454143969446974,90.0,0.6678709047330091,1.87072547750962
2021-07-31 12:00:00-07:00,6.525261333333333,423.56645,0.2489908178037162,11.5,429.60608494660516,21.497618357878615,22.244404131962657,194.52277425055377,0.0,276.38534074073607,427.4554662987916,1.0,276.38534074073607,105.71005065732126,1.0769352085390809,22.28373977777778,2.27607755,408.8468449918212,409.22874211628107,408.82306546524217,408.82305063995244,409.2055807581544,408.8217950771641,408.82185704594895,408.82181501076656,408.82171614737325,408.8204334283792,408.8051399332757,408.8051287191506,59.19323383695826,57.347819110317126,55.802136128451934,54.54574292979993,53.82365595625011,53.526806184579044,53.6554579386692,54.18283000391636,55.139190053804136,56.38215588165967,57.85468261543089,59.620157510115384,5.855894526039491,269.9999964798011,0.6989866008179724,1.862361206520179
2021-07-31 13:00:00-07:00,0.7615826666666667,246.37646666666663,0.2490925597723781,12.5,247.04804856124534,19.28758358439346,28.136816315557283,225.5381450394805,0.0,161.77296543670582,238.1932929549941,1.0,161.77296543670582,62.06311505630933,1.2885719823885284,22.101093166666665,2.1646627,226.8979311571302,226.99862021272642,227.89609384209686,227.16817410042458,227.27161918837882,227.46909195379507,227.58676062797304,228.55535781638167,227.7950623238919,226.98811076667968,225.36079221005465,224.55924003101504,35.98693471849576,35.43227536539892,34.54278946939745,34.37013378641038,33.851830820334634,33.4649014987685,33.19685180610442,33.184568127068566,33.29731688222203,33.35839210752692,34.259485569277444,35.12905488757589,20.89080085815033,270.0,0.5717059983850508,1.9228811186816732
2021-07-31 14:00:00-07:00,0.39466305,223.7358333333333,0.2518941565557969,13.5,224.0481926863994,14.797415271053822,37.677996985642466,245.30082098670954,0.0,148.8144301585316,206.38756643138973,1.0,148.8144301585316,62.537850411232554,1.5463138832933863,21.783328166666664,1.95412307,193.76666716708488,194.12410809018252,195.89328161215755,196.13843602461145,196.5235936008398,196.90474607147624,195.73963616956522,193.55293471228072,192.46997522588478,190.1521613005901,189.01675939533786,186.55673094894752,37.435220291131934,37.51305558124672,37.47309782047779,37.48072778007337,37.352111145868925,37.267299963958635,36.960309871539586,37.04904006680552,36.24980064192957,36.38515105831739,36.09238273800166,36.08230906444894,35.05435979553505,270.0,0.46282332267051435,2.0385353663440093
2021-07-31 15:00:00-07:00,0.9074439666666668,70.26704333333333,0.2391588112442572,14.5,70.86652560557312,8.444436994938652,48.652266952225645,258.7194085494707,0.0,48.42975116076104,58.50816153174559,1.0,48.42975116076104,22.0007171878722,1.9183939828389196,20.192479166666665,2.4777648833333337,54.49851467113905,54.6713914030352,54.90728979417905,55.33104493438865,55.576658359959275,54.663758868622914,54.24317854187989,53.303200509047755,52.33130687316374,51.887537491461025,50.8949119827143,49.885772936459105,14.81990934462559,15.018304891987928,15.202301004165337,15.338119337448093,15.496845229098712,15.646863460546449,15.219165744570507,14.805814933695116,14.397613913175594,14.06897884881242,13.762005477414768,13.859474994188686,48.09728401969123,270.0,0.3778600558686708,2.189275019971666
2021-07-31 16:00:00-07:00,0.0465847166666666,36.26615666666667,0.2334961934567014,15.5,36.289366893919706,10.137506160124072,60.11657391294408,269.2031083172919,0.0,24.9228637819031,29.156642426820127,1.0,24.9228637819031,11.245963770244341,2.6143025645908726,17.20173788888889,2.698513613333333,27.061671159628855,27.214738724075286,27.369921639646133,27.654819675331197,27.81512889578562,27.32894467585102,27.105880986866325,26.610434502795016,26.101481691216808,25.865394353332555,25.34380548338149,24.814378127939168,7.740072044652974,7.8765168899241065,8.005237599113663,8.108735261045702,8.223270540617174,8.331814566983704,8.10587730374404,7.887745945420095,7.664690611392091,7.484097600594856,7.309689144126376,7.177594374076263,50.0,270.0,0.366977778440511,2.214355247456318
2021-07-31 17:00:00-07:00,0.0223327833333333,47.80375833333333,0.2641657278305631,16.5,47.810800867547464,25.712013195600658,71.61835044594093,278.4701133335892,0.0,32.69572838662704,39.48262180638814,1.0,32.69572838662704,15.439767218350406,2.857142857142857,16.883450111111113,1.7363486683333331,36.64668696681383,36.79938606495517,36.9980685366352,37.36311486256319,37.57180308828317,37.29660313771312,36.68649410213298,36.0583214791769,35.75781976138879,35.11262545106935,34.44870413784379,33.77259658381879,10.215959212049663,10.385991562207069,10.544154017487447,10.69077612923143,10.801081377814686,10.930476639710161,10.660396226761886,10.352481640419988,10.076938242358954,9.856223329626925,9.653013698774451,9.723014376229706,46.92362293199071,270.0,0.384778036538183,2.1741701859323754
2021-07-31 18:00:00-07:00,0.2435662999999999,31.300589833333333,0.2681988062608829,17.5,31.330891425494364,69.17888818764466,82.85343114599682,287.4960263049567,0.0,20.270060305679838,30.6524771207159,1.0,20.270060305679838,8.14612031789945,2.857142857142857,17.399755000000003,2.12424315,29.226767266137983,29.227426391133278,29.179973744021193,29.259054600528284,29.224707086624303,29.10168308758597,29.18611873506235,29.069176047589906,29.156175203235804,29.123600744935448,29.123808143946913,29.007148057737293,4.638325949848122,4.520699834872409,4.460132696746737,4.43128158982101,4.417533901683443,4.40446717827559,4.440377677543326,4.5049800523553705,4.542936234981527,4.621429714348747,4.715740633507312,4.772260070516024,14.374746836093287,269.9999982924527,0.6258685204174028,1.8884501798160689
2021-07-31 19:00:00-07:00,0.1227432666666666,0.7746608333333334,0.99,18.5,0.7756810000589851,88.63927971458538,89.52378715062589,293.24757731521413,0.0,0.4954342520665675,0.7775209230101963,1.0,0.4954342520665675,5.467162322171567e-05,2.857142857142857,17.253201833333332,1.3453341133333334,0.7327616584589925,0.7327616584589925,0.7327616584589925,0.7327616584589925,0.7327616584589925,0.7327616584589925,0.7327616584589925,0.7327616584589925,0.7327616584589925,0.7327616584589925,0.7327616584589925,0.7327616584589925,0.43112279309479057,0.4217720208598483,0.4138698034788101,0.40773235432569815,0.4036047774146419,0.4016482395491178,0.40192757060108353,0.4044140089175956,0.40898592483566476,0.41543643768688443,0.42348947100195866,0.43280676038298554,0.9626870794309775,269.99997406157536,0.7415993656744962,1.8572840084188402
2021-08-01 05:00:00-07:00,8.124846416666667,14.690724833333332,0.2430418612403135,4.5,15.328516367142019,77.0393051183793,85.49771213344123,70.42725333721673,0.0,9.469627158469184,16.321619001159892,1.0,9.469627158469184,3.6687480589338595,2.857142857142857,16.752048722222224,0.9246326816666668,15.080425634077244,15.080385241839593,15.078295067572945,15.078329143610476,15.07778750483817,15.07776236582705,15.07773237236529,15.076019122521485,15.076032725468199,15.076061228326854,15.075680550036711,15.075681133980478,1.9853458512807143,1.944913632646259,1.910718053708293,1.8902770649013099,1.8802695770613826,1.8790636022979224,1.8902848963867676,1.9096371299323986,1.9374919648365365,1.971092266644458,2.0088730790443146,2.0496895895767433,8.988094074668608,90.00000307832465,0.6718853887999916,1.86942203116606
2021-08-01 06:00:00-07:00,0.1561552666666666,54.66428333333333,0.2347217277580188,5.5,54.70634365206988,39.68474836806109,74.37444725638295,79.5266307999957,1.5543122344752188e-16,36.7446943610124,48.42406426542393,1.0,36.7446943610124,14.269101769286983,2.857142857142857,17.317832777777777,1.0898844923333333,43.50689269995439,44.17105497988843,44.820759802215115,45.110924947857555,45.7632955708944,46.03655825481568,46.31436052408649,46.439837650876356,46.29917347683983,46.12838147495594,45.96259246450027,45.38543066661112,8.667222269568263,8.570082911653794,8.708100875266043,8.905911948196849,8.95595505805605,8.880520036593596,9.159359148843484,9.136731756165222,8.899150911906032,8.84485161921015,8.762162900094523,8.666046310058084,35.53391806288352,90.0,0.4594076022195721,2.0433712470403136
2021-08-01 07:00:00-07:00,65.98597323333334,228.3037183333333,0.2454944038571369,6.5,258.34283936970115,12.96520753132805,62.91994784168429,88.6949297813681,0.0,143.10681746928108,322.6762290281669,1.0,143.10681746928108,79.541291867171,2.857142857142857,19.20084027777778,0.8350162166666666,291.76561354167035,294.3798253593751,296.9476877189168,298.08823511805696,300.6179159305394,303.0714288788454,304.17359366623504,306.53285737027204,306.7781777406972,307.4736350937459,307.7379467577975,307.99597412633204,46.12299717438999,46.344588154994064,46.5713447934659,46.634282327374365,47.01503824828405,47.22377274618344,47.73970494470818,47.475217012146835,47.28683282002297,47.37011832010036,47.31083330436928,47.30159465122561,50.0,90.0,0.366977778440511,2.214355247456318
2021-08-01 08:00:00-07:00,395.74033,374.46678333333335,0.2516745734453481,7.5,621.2018591526922,6.968962686106592,51.429494392767246,98.8165184519338,0.0,330.1751254088951,848.0917444934087,1.0,330.1751254088951,178.04222845232985,2.046811508651101,21.64871966666667,1.3620939966666663,786.0554068797209,788.9723912221932,791.8513876368744,792.8615881379064,795.979710895894,798.8217550105412,799.8409347665936,802.5493986182419,805.2602783783436,811.0435424665503,813.7085700375053,816.3345761754858,95.87160449370073,90.82323908632272,86.55757413549614,82.34035319371245,80.42645438665075,78.12141361329256,77.23071620479547,77.84069929332321,79.3104245463957,81.79746399704838,84.06769497602934,86.62245670613247,50.0,90.0,0.366977778440511,2.214355247456318
2021-08-01 09:00:00-07:00,131.50587233333331,341.74986666666666,0.2424972374723105,8.5,442.036004776732,13.634857639020964,40.30621433591849,111.37190648487503,0.0,271.60024958559916,491.26606435165775,1.0,271.60024958559916,123.59082825493178,1.6219706152514974,21.94340055555556,1.20068184,452.18582786842546,454.85337828940544,456.0963647585961,458.6996533016887,459.8189550825624,462.3262923245029,463.4835141033169,466.74030253173817,468.29636323768375,469.83369681079716,471.60060716618557,473.08546006290413,64.39049367940109,61.72506084276394,58.90237631231608,57.57006128444284,56.95644887350816,55.811653337600234,57.046197931098504,58.168414201769416,59.811956911498996,61.4241083299238,63.00240585333719,64.99237182801677,38.305844125197304,90.0,0.4400704624230992,2.07242970767391
2021-08-01 10:00:00-07:00,284.5102923333333,466.0557,0.2360642649723341,9.5,711.617439916396,18.634310611870458,30.333185359299954,129.24899830985873,0.0,450.93485354070634,762.6101733400803,1.0,450.93485354070634,179.16358318892742,1.3442076985703486,23.032327944444443,1.61060566,729.1911033441709,731.0516291140507,732.1965098797689,732.9048063426363,733.9377335985052,736.1172858317045,738.4234439492783,739.0395717463537,741.1698806906984,742.9938623872195,744.9391163796543,746.2500887655663,93.049856839441,87.61133799577264,82.56408335791039,78.71459893406994,76.49780130793918,75.2621821419779,75.66825131479206,76.7423518102246,78.67211296234773,81.66591478175319,85.11276530848168,89.24262171364322,24.37655800683653,90.0,0.5436341009105561,1.9462902550320536
2021-08-01 11:00:00-07:00,84.1819635,553.8185666666667,0.2375218923790396,10.5,631.1084320439979,21.438782279378692,23.345993599917463,157.27045071994417,0.0,408.49254635732206,633.4946505898776,1.0,408.49254635732206,151.11348603238193,1.125171644359338,23.78284688888889,1.480111495,613.2983269630213,613.2665657125433,613.7544816764691,613.7300749568952,614.0986377241842,614.0678173753333,614.4517348978206,614.4213162344264,614.424610282982,614.7144551978107,614.6862456077351,614.685024795086,81.92857188034068,78.0803123017777,74.81748101759565,72.24321966615858,70.63627753886163,69.96948931865421,70.06673357959237,71.02303884287161,72.97218136491064,75.27044012990021,78.13584512263951,81.22844169342191,9.468088228871736,90.0,0.6677508733702664,1.8707654827700546
2021-08-01 12:00:00-07:00,627.4371333333333,352.9486833333333,0.220392445261079,11.5,932.6441442939033,21.74916778672861,22.49543337679334,194.42735513996328,0.0,605.143639469489,940.59135989489,1.0,605.143639469489,208.87259914990398,1.0773982644886726,24.65251233333333,1.7961127833333337,932.0977041575777,932.126897058018,932.1273174028022,931.7939084885943,931.7943306032707,931.7945653922184,931.7942691201214,931.36811630696,931.3676757332535,931.3678168341512,930.704780763732,930.8867504189092,104.27633498339665,97.6029162987362,91.89852172311507,87.53436379436154,84.5347412665818,83.20061774629549,83.57740866949918,85.71391301768308,89.5561875561069,95.50831599530937,102.42477289472863,110.15900579240501,5.890875448293368,270.0,0.6986829371954362,1.8624236825712348
2021-08-01 13:00:00-07:00,626.1367166666666,281.64116666666666,0.2222113496029131,12.5,832.6664120335263,19.529908607022485,28.352832368354612,225.25640013686603,0.0,527.3385369094088,899.686818638331,1.0,527.3385369094088,194.6520655619467,1.2898116269133044,25.00428583333333,2.1071358416666666,875.7381207503882,875.83338390492,876.1983406549443,876.3706282927988,876.6753270776873,879.0738830026928,881.5649247203935,883.6787863007146,885.9206987799695,885.773028921294,887.8711651071937,889.8489383189657,102.05476868840277,93.09678989807165,85.23908635125785,81.27891748031425,76.74405515256335,75.71585730892889,74.53457330438731,76.87018925502404,78.39759435578912,82.63410593644662,86.20873068686159,92.28006728121882,20.970979019209135,269.9999982924527,0.571052482891461,1.9233810328628342
2021-08-01 14:00:00-07:00,641.1392716666667,244.9990833333333,0.2345058071159963,13.5,751.1752818752799,15.02537909355435,37.861663911222685,245.0142281393823,0.0,438.6446690736545,922.130708458199,1.0,438.6446690736545,188.95453667241628,1.54887225708453,25.85532333333333,1.6987235166666668,880.9292288467165,881.8089096487972,882.0750507266994,882.7691901303484,883.0929097938906,883.5658621049306,884.3744151998083,888.1987285784318,891.783741075053,895.5555124206164,902.4554919717359,906.0475801022758,92.74930602319824,83.62366169287885,75.97959901439961,69.71758562320167,65.8758377737933,65.57532263352697,64.29455394094983,66.71683046681375,70.03080443806049,73.56326741870939,78.13732709951147,82.65147508418316,35.17042101632475,269.9999987925817,0.4619948061069647,2.039700484151011
2021-08-01 15:00:00-07:00,439.0489871666667,243.96568333333332,0.2424001465106503,14.5,533.0506428863068,8.656415962839693,48.8194191980615,258.4645074335386,0.0,282.9649640494467,752.1738006771045,1.0,282.9649640494467,148.17553877242506,1.9237249404743624,25.8263735,1.666567915,727.7740879796531,723.7800994629597,719.3172057993822,712.188883077007,708.4564483825469,707.1014941040177,706.7064303350148,705.2109036069189,703.5207376654209,703.1541117689889,701.7924686223255,700.8486407423419,68.74792896222019,63.943871186052796,60.46903386643511,56.88312236162488,54.370626805307786,52.87475303487924,54.11910760229312,56.50687529202209,58.862353382723555,62.61218794082629,68.04302889725022,74.1414406678896,48.239277754291464,270.0,0.3770336250456915,2.1911215867514615
2021-08-01 16:00:00-07:00,218.0021473333333,236.8909333333333,0.2636814953129626,15.5,344.9719930543931,10.312795897159493,60.27881600356593,268.97718119339396,0.0,170.7285944648226,499.81109187526283,1.0,170.7285944648226,106.78454647902606,2.627165387428876,25.188624277777777,1.5601071716666666,480.2422781638988,479.09451793745524,477.9249849370951,475.351546090126,474.2147262922159,472.0026812681634,471.00294649606167,468.62143341037563,466.16308357103634,465.10562586709096,462.6423773868852,460.1273813542813,55.62270598231379,55.030061595628815,54.60088791165523,53.993717781523856,53.9841339186774,54.251165348781484,54.58137529854216,55.78853364794102,56.63539715551656,58.35560740625074,59.82044833609667,61.54396956144972,50.0,270.0,0.366977778440511,2.214355247456318
2021-08-01 17:00:00-07:00,92.279811,144.66437333333334,0.2696816200411803,16.5,173.51168513360489,26.726588310992593,71.78359115459088,278.2659927924315,0.0,82.09488487082427,257.88858354688415,1.0,82.09488487082427,54.55665310882,2.857142857142857,25.352577277777776,0.7598773073333334,247.94337403531046,247.86584787279645,247.67167166364504,248.1925464459144,247.3157737110833,246.63881860847897,245.12407686212606,244.41756179240235,242.81403609111018,241.2088420658639,239.55977229113063,238.79818364909124,28.140158868431065,27.94578426247781,27.806500303778858,27.648604253884685,27.475769384800987,27.232858924411875,26.551436872557563,25.78721032190036,25.1842201041162,24.57291214565637,24.613532362188575,24.268512061318432,45.97563508394771,270.0,0.3904778333906527,2.1621786516861423
2021-08-01 18:00:00-07:00,0.7986551666666667,37.28584266666667,0.242603409552682,17.5,37.38279241536927,69.7063224991554,83.02759765550388,287.30850372196437,0.0,23.59635992954389,38.277957183703435,1.0,23.59635992954389,8.785858037390677,2.857142857142857,23.905675888888887,0.7862634108333333,36.22948607408481,36.31171981684899,36.269907780659295,36.356264726985515,36.22360349915589,36.187988039695675,36.18797108819109,36.14822492943115,36.14799347748365,36.11789306450722,36.11820729776753,36.08518266919148,4.862110948406911,4.767344784426645,4.703062424245396,4.660714081248658,4.623545086172252,4.6422176139692635,4.683725985553149,4.739434534014797,4.788394080796484,4.871204450382808,4.9649449967490575,5.031232419322503,13.986350233129377,269.9999982924527,0.6291546340439855,1.8867895245326025
2021-08-01 19:00:00-07:00,0.2698234,1.1981125333333331,0.99,18.5,1.1994973678782426,89.15978882169857,89.70593535218462,293.0690949163318,0.0,0.7661567200397077,1.202037051805496,1.0,0.7661567200397077,3.2151332558787275e-05,2.857142857142857,22.279156722222226,0.9715246061666666,1.1330425039287269,1.1330425039287269,1.1330425039287269,1.1330425039287269,1.1330425039287269,1.1330425039287269,1.133045828839147,1.133045828839147,1.133045828839147,1.133045828839147,1.133045828839147,1.133045828839147,0.6694815218591758,0.6549586533412282,0.6424301205495314,0.632411766590138,0.6253313338490376,0.6215015012668939,0.6210966651097042,0.6241612729056693,0.6305771412336633,0.640086713718328,0.6523033884401669,0.6667333524479019,0.5936204636764024,270.0,0.744819776878488,1.8571965280063152
2021-08-02 05:00:00-07:00,83.40530166666667,25.753403666666667,0.2484671341867779,4.5,32.077668892230776,77.48795485095451,85.65133357464236,70.63412041762757,0.0,13.807736219205044,50.38115076613629,1.0,13.807736219205044,8.259887171772638,2.857142857142857,15.6895575,1.304316565,40.806509705207404,40.82220336898375,40.863472464040825,40.87444236782169,40.91569348728902,40.9138116180539,40.91777972800301,40.95899270994133,40.95899326889291,40.95635559131618,40.9976346836231,40.99618699363959,2.9966786464435695,2.954056746055114,2.9077073011497765,2.8726012745969958,2.8575239034097875,2.8601720341650414,2.8756700381771005,2.9277533357022967,2.9675716273484767,3.0195936433095767,3.0775747370820214,3.170107405808501,8.662565984523702,90.0,0.6746925206651998,1.868550355540223
2021-08-02 06:00:00-07:00,382.9202,87.230775,0.2789707262677826,5.5,189.45167767855372,40.29569341420767,74.5170904623461,79.74901665315076,6.217248937900873e-16,40.40944750142776,434.8103323657351,1.0,40.40944750142776,59.42999243315533,2.8571428571428568,18.717719722222224,1.2778020283333331,415.3005455790101,416.0108933160424,416.3379545385723,417.0078511031799,417.3195465056923,417.95169536435617,418.28972465774814,419.6329207512794,420.9411039792574,422.2568474767807,424.5838903053521,425.9215449978463,10.705750618949729,10.723122641122814,10.863345293997142,10.87314263059922,11.143131224353114,12.193774933246944,12.301362531815629,13.424100732295654,14.595450241966853,15.758034086300432,16.969121358881146,18.17902500389237,35.00969210882883,90.0,0.4631425023714508,2.038087850310503
2021-08-02 07:00:00-07:00,430.9018333333333,150.35913333333335,0.2716797389930398,6.5,345.5959282829076,13.087622849817825,63.05796841557626,88.93905533785365,0.0,124.59602050763833,649.2173690184198,1.0,124.59602050763833,107.04112105969158,2.857142857142857,21.34771405555556,0.9941312691666668,608.0684479268417,609.4201921540653,610.7256674601034,611.2536396167222,612.6078157206266,613.8931307050957,614.4835788110028,615.5752171658324,618.3149544426278,623.9961701091585,626.7506613181155,629.4578481685161,52.64945766002576,51.886856582053994,50.345065014981266,48.07248516211573,46.16927488560994,43.741542287475916,42.21414081110061,42.49223666479222,43.10758002372005,44.47676005695377,45.73683135449216,47.278318326207966,50.0,90.0,0.366977778440511,2.214355247456318
2021-08-02 08:00:00-07:00,637.0530666666667,194.3430833333333,0.2587976150789837,7.5,590.2991353339999,7.213733094459682,51.571079321435704,99.09180573647377,0.0,284.71271944787577,913.5143887669509,1.0,284.71271944787577,165.90915887713402,2.0528832697038526,22.73991838888889,1.223532828333333,857.6191011801226,858.5409946263637,859.4556002418892,859.5004588603548,860.7896375410342,861.7970274256768,861.9230663682679,862.8053297623937,867.0980697379971,875.949169309389,880.1581620384163,884.3064507565829,83.47984103714741,76.29428622063469,69.875589126806,63.49013054129031,59.82208661036694,55.68535889215407,53.320265899744335,54.63883525590946,57.09596795090743,60.791859240224284,64.3565059347451,68.32969572723067,50.0,90.0,0.366977778440511,2.214355247456318
2021-08-02 09:00:00-07:00,619.4474666666666,235.50033333333332,0.2420991553759739,8.5,706.7893553049774,13.876077798004415,40.46331671907808,111.68779029416748,0.0,401.6396729158745,901.4031453050457,1.0,401.6396729158745,184.4037049205494,1.6242964866507164,23.99928827777778,1.57901638,856.7109735196927,857.4384035728226,857.8028683348085,858.5878093674739,858.8020844606664,859.6099925120419,860.4356876554866,864.3745072730087,868.5596805848829,872.1863131654943,876.09697054629,879.5600312990772,90.77334990279512,82.22452860048452,74.61039582248395,68.75571221381536,63.617776149795844,61.20593373050627,62.63903779781611,64.32176794449369,67.45800311003482,70.73997966274173,72.32676148636526,76.81151839213119,38.40010203658874,90.0,0.43942541203151736,2.07345050600446
2021-08-02 10:00:00-07:00,652.5902166666667,279.6381333333333,0.2320272547225429,9.5,841.7911657299051,18.88664556430053,30.5238167536418,129.59290214704555,0.0,526.2356513882588,932.2739166064537,1.0,526.2356513882588,205.47767900011476,1.3451643096195185,25.164544444444445,1.5391841233333332,903.427405491429,903.9792802678058,904.5651017867401,904.6513967913183,905.142838359677,907.8932335547472,910.7635002081272,910.7987747804941,913.4509152973599,915.7536232445708,918.3154032469735,920.6075423101365,105.85305686675153,96.42391927955549,90.30915892395277,83.96441276903163,80.6710523156765,77.97203334761862,78.35858566225487,78.95520170618306,81.60032373223265,84.99172246439318,89.84008939012925,95.18205597055814,24.434438588233814,90.00000085377364,0.543174131579777,1.946707664167057
2021-08-02 11:00:00-07:00,759.8236833333334,227.85715,0.2194353777124989,10.5,924.207121492726,21.696966303435556,23.58570618280523,157.5129164973888,0.0,600.4403782595562,943.2059135902715,1.0,600.4403782595562,207.87594062328688,1.1253337991174446,26.426098111111116,1.78698188,933.4899793643156,934.6637715985676,934.5360565267305,935.7259518651879,935.3858381234671,936.5620096742629,936.1978715440072,937.3737139939684,937.3805854674464,936.8481248831541,938.0293798893304,938.0266265263435,108.71592266487168,100.28153811379687,92.92228406338126,86.88411584964359,82.89324694479485,80.89630195181665,80.5940704066068,82.06755964953761,85.64207376019512,90.06573473111021,95.86324993040083,102.09999338391759,9.480104584721284,90.0,0.6676474411954382,1.870800003854324
2021-08-02 12:00:00-07:00,763.2912666666667,233.28695,0.2177960447886784,11.5,937.1859090231533,22.005380594755565,22.75174473746229,194.33747986561963,0.0,608.6850476986035,946.0862168527007,1.0,608.6850476986035,207.53341170444943,1.0779018343994042,27.48806455555556,2.2226680966666668,941.3203442962014,941.3492995323423,941.349744552524,941.0265253747664,941.0269740733467,941.0272678588457,941.0269511241333,940.6137416725778,940.6132434848291,940.6544998608447,940.1473404351001,940.1480417542332,102.28131834043363,95.63593030457591,89.56421439351202,84.76730074644824,81.64391544868238,80.2883946569766,80.73220178625307,83.03010575634296,87.12526584795181,93.44052132142338,100.76175831470542,108.94716779400972,5.928909831125103,270.0,0.6983527886943067,1.8624920328545644
2021-08-02 13:00:00-07:00,722.4746833333334,239.92906666666667,0.2243998064340239,12.5,874.4018223388287,19.776326033349758,28.57476098630947,224.97689793309792,0.0,552.9642956323296,948.5002706080904,1.0,552.9642956323296,205.2682256997218,1.2911140905673326,28.3775045,2.172481123333333,925.5130050835807,925.4889971833769,925.7590358796772,925.8266327752297,926.036275266729,928.455077942192,930.9666808408413,933.0874717206037,935.3552569271435,935.4044354748381,937.3124747883875,939.3076523228813,107.89381716882178,98.10200778156087,89.72084670984468,85.02032208268079,80.013974324036,78.71997437845616,77.38664703024534,79.74254395679145,81.35950448171192,85.79158619153051,89.6717988864066,96.1085362014024,21.05510071757779,269.99999914622634,0.5703672011690069,1.9239075007956088
2021-08-02 14:00:00-07:00,347.00882399999995,224.12063333333333,0.237502110341915,13.5,497.3767687013516,15.256823782504776,38.051074063729644,244.72691710748134,0.0,293.75421507799183,605.2085189140936,1.0,293.75421507799183,133.3858654489286,1.551539626053641,28.394279055555558,1.649390116666667,593.2537503525975,587.0095552906635,583.9943821119695,580.6633370024981,577.4513386867695,574.0570794626334,573.1601400196744,572.6611172858452,572.2634713860917,571.42907387965,570.417467240856,570.0760326325375,62.60714475470826,58.62984716808993,55.172468692335286,52.124524880711164,49.211340575393116,47.042605450334996,47.62787324239225,47.02419676418096,49.249661640080824,53.12475075578292,57.76986015604507,63.499630513724135,35.29095607572802,270.0,0.46113560353879923,2.040914064567868
2021-08-02 15:00:00-07:00,262.7588633333333,246.0985,0.2535185195445562,14.5,418.51155942301403,8.871331767617317,48.99198626364279,258.20778928919214,0.0,230.2501660365752,553.2579662360977,1.0,230.2501660365752,124.61345356704976,1.9292718558334554,28.772574666666667,1.4471060866666667,532.4722487413868,530.0191932875764,526.2676794392316,521.8803002083846,518.2851677044439,517.588618056638,515.808302954201,515.0285966665618,512.9704432463179,511.12323012875555,510.8686332188757,508.9413236317219,62.47009832689013,59.90118022869039,56.21136817354627,54.107667046434294,52.36950020467757,50.944305699237304,51.85432384311537,52.64087065518587,54.39850764975528,56.63770743929729,60.864009576313926,64.4326951658264,48.385977475321646,270.0,0.3761822103410896,2.193033648850948
2021-08-02 16:00:00-07:00,0.35138855,91.57365666666666,0.2477317048175862,15.5,91.74697561966467,10.496289573293366,60.44622712808823,268.7491294838568,0.0,62.769436316076614,75.11255445056786,1.0,62.769436316076614,29.80481339619758,2.640543359151083,27.388279055555557,1.0944090495,69.61967383848038,69.94643784709069,70.27759630742243,70.86854690576298,71.21018915951932,69.99494754510789,69.44138249570183,68.20379822167742,66.93193287962673,66.3458432698059,65.04287748982173,63.72041154656556,20.305979310321053,20.59751659784652,20.87038493549883,21.074682383976928,21.31400759242281,21.539630440790006,20.975408448710684,20.436493587465442,19.880229807500477,19.440695958588876,19.013615806432927,18.69855228373774,50.0,270.0,0.366977778440511,2.214355247456318
2021-08-02 17:00:00-07:00,0.00514695,69.06736833333333,0.2481955996745711,16.5,69.0689627694067,27.736976082354246,71.95386445830208,278.05971716004393,0.0,46.69847908347038,58.953667730572434,1.0,46.69847908347038,20.978435683835645,2.857142857142857,26.5599735,1.49831147,55.06818865214378,55.310941973778704,55.557676526511514,55.809443352873146,56.21529004988542,55.82973007947312,54.97062744207444,54.56468079814146,53.657053675829786,52.742191652362266,51.806330890887764,51.36866736630239,13.739541232085493,13.903294074511193,14.086571788007898,14.254406959915714,14.408951767773754,14.524668443490087,14.135215681696804,13.714811381168282,13.690258191616586,13.343335195256147,13.062442028553264,12.86703665037397,45.04654241486153,270.0,0.3961595281684775,2.150610705025077
2021-08-02 18:00:00-07:00,0.2054415333333333,34.01240116666666,0.2495872712973665,17.5,34.03670220244761,70.2472130266006,83.20675676805581,287.1189089088581,0.0,21.697229019547272,34.228248558973455,1.0,21.697229019547272,8.225868244244738,2.857142857142857,25.386153333333333,2.4368436800000004,32.29667097681214,32.41276657225971,32.327171613920484,32.443320024774756,32.355757729198935,32.47215879122855,32.392878093964015,32.50867049662801,32.426216067151174,32.46966970044471,32.58586334351574,32.50816684519383,4.759239874183249,4.6946602139905576,4.607361469464817,4.525723855248465,4.48287023956031,4.429270670682825,4.388091308468237,4.373479413338871,4.41551586871853,4.448894701317088,4.512626282876798,4.6001181811674225,13.590110300300246,270.0,0.6325128292353022,1.8851412836755985
2021-08-02 19:00:00-07:00,0.1241375,1.1179481833333331,0.99,18.5,1.118564016560078,89.1878632035148,89.71576043091946,292.7291855119373,0.0,0.7148893543499513,1.1196798175044742,1.0,0.7148893543499513,2.7888587517882727e-05,2.857142857142857,23.82123072222222,4.440676533333333,1.0570672943756947,1.0570672943756947,1.0570672943756947,1.0570672943756947,1.0570672943756947,1.0570641919516066,1.0570641919516066,1.0570641919516066,1.0570641919516066,1.0570641919516066,1.0570641919516066,1.0570641919516066,0.6221206940683264,0.6086580116635095,0.5972589753927758,0.5883847576055424,0.5823964496873715,0.5795348603915619,0.5799063808983057,0.5834836295300188,0.5900907473037419,0.5994410327246907,0.6111352550223029,0.6246925747921815,0.5723485682826521,269.99995726012196,0.7450053995745721,1.857192750454348
2021-08-03 05:00:00-07:00,3.0269220166666666,8.711421233333335,0.2328841014668353,4.5,8.93277575432232,77.93982887215867,85.80629725508184,70.84611555882577,0.0,5.610141962951394,9.236627606525763,1.0,5.610141962951394,2.0431222151319766,2.857142857142857,20.5691245,1.5785942455,8.61197121548336,8.611956378721331,8.597427015314725,8.611102122599918,8.595865473047828,8.609630779203071,8.609621339485551,8.595076294775666,8.608953070274795,8.608961221374585,8.593889026198134,8.607886647454794,1.1293060282035958,1.1038736909429614,1.0862659545965945,1.0741819897114577,1.0663713314754244,1.0664785231510308,1.0723624579742024,1.083470615272418,1.0985040952409864,1.1183587354759181,1.139190469074423,1.1622155023433454,8.335843469934296,90.00000225887273,0.6775123966234359,1.8677075689977012
2021-08-03 06:00:00-07:00,0.0423094666666666,33.284025,0.2397728933743214,5.5,33.29521712477189,40.90466907487197,74.66097061777953,79.97654499380644,7.77156117237609e-16,22.337178080015907,29.551421933554177,1.0,22.337178080015907,8.666225273277718,2.8571428571428568,20.067155,0.8093223966666667,26.86188355513575,27.046965261967916,27.435122126905217,27.80374491605397,27.99842802498946,28.160745134827522,28.504626379914637,28.387516445063568,28.290985973179918,28.176857994888035,27.804151683526975,27.696082417408174,5.266619361885056,5.30832760533003,5.280351719099179,5.395676932735218,5.4252628269047,5.383023162184426,5.536665921626773,5.51673196983318,5.384203550053373,5.337497701078927,5.280831590217537,5.226115239130208,34.491118589073416,90.0,0.46686075878349,2.032928879869142
2021-08-03 07:00:00-07:00,0.0963957333333333,68.65975,0.2445429514374491,6.5,68.703216704272,13.21451301406645,63.1973142950948,89.18848967013497,0.0,47.18167018992981,55.49954146381529,1.0,47.18167018992981,22.071463376124708,2.857142857142857,20.6717355,0.3206404731666666,47.068483298867896,48.06687284372807,49.05056512838544,49.493754581230874,50.45377281135451,51.388017267397,51.806657532272574,52.724174226435714,52.44548037544373,51.957344268821565,51.68722298841184,51.42073443603322,13.933010427623172,14.178349115655942,14.507019077713712,14.846180167831282,15.270308019787898,15.682915410528468,16.11189227752205,15.927666328630508,15.732143084812481,15.560556466307235,15.338116050242144,15.100951911944948,50.0,90.0,0.366977778440511,2.214355247456318
2021-08-03 08:00:00-07:00,2.2075995666666666,259.71896666666663,0.2511557582129673,7.5,261.08675804369904,7.464699509652231,51.71430358471184,99.37270513646808,0.0,171.62640186723408,239.1745680983783,1.0,171.62640186723408,83.46948483265432,2.0590164802598387,22.72884805555556,1.1591119816666666,207.98988635551393,211.28876438032023,214.5396453143474,215.97756410254337,219.17514074940436,222.27095006447598,223.63416094802054,226.66935415692902,226.055338185113,225.0729920002021,224.4803118164041,223.89527917965822,51.16811687501712,51.510302353949086,52.178184330950394,52.88045130062438,54.03700711734744,55.12302911649594,56.37521434009698,55.88140164003244,55.42129034376556,55.121224861982526,54.64136189680439,54.13835608598706,50.0,90.0,0.366977778440511,2.214355247456318
2021-08-03 09:00:00-07:00,225.18102416666667,450.5931166666667,0.2465081322951307,8.5,621.508633596248,14.122602269505636,40.622661631025586,112.00957016025251,0.0,376.5859889189728,706.0978783172363,1.0,376.5859889189728,169.29720233783232,1.6266305385486386,25.05518483333333,1.6340281766666669,658.7634199741769,660.0504725257845,663.3939477914045,666.5011585299686,667.7992153214581,670.8020360925348,672.593944570321,674.2805344085143,677.4202471381822,678.966326619664,680.8446515925564,682.3411232761249,89.83655942780412,85.28662458569453,80.73476881810055,78.19786923829723,76.15900347852335,75.90638234137003,75.87117345494848,76.76003767597052,78.48224089431224,80.1650569942985,81.79557528858962,84.45820213908628,38.49436421856279,90.0,0.4387811730072486,2.074473471705415
2021-08-03 10:00:00-07:00,298.06722666666667,500.90248333333335,0.2361420540481825,9.5,757.1494651664291,19.14421376450343,30.717616131894893,129.94239752264352,0.0,479.843922852691,810.9062400092716,1.0,479.843922852691,189.86503371780063,1.3461078608970414,25.90682438888889,2.3362403166666668,776.1865559217142,778.171143869904,779.3933058460768,780.1470439014313,781.2558061482184,783.4025824246042,785.7005294492603,786.3657962924187,788.4832915881898,790.2827055290009,791.6503294113365,793.4483528237279,99.0624587484643,92.46946557777241,87.81881599267265,83.71626459558443,81.27646786812802,79.96196896485512,80.29291656686931,81.41866981228625,83.3945870842907,86.55065165307245,90.10725761315041,94.36305080149562,24.491460283858252,90.00000085377364,0.5427211940930493,1.9471197879368316
2021-08-03 11:00:00-07:00,364.44160833333336,531.9493833333333,0.2293497966728209,10.5,865.3227328309766,21.960154848550456,23.829600257957708,157.7600244035275,0.0,561.215650754894,876.8287879829572,1.0,561.215650754894,202.20651504918953,1.1254695594513415,26.081585722222226,3.213139216666667,858.7033018758776,859.3556540351882,859.5874492630483,860.2526799220605,860.2936098296185,860.9477790090658,860.9796694145657,861.6340651117536,861.6397131341074,861.5197672392442,862.178091995065,862.1758873285294,107.40195487015589,100.61687480234222,94.75490685460608,90.02641521297795,86.94845805926157,85.49447700505608,85.40141812950493,86.76139448198317,89.85686597590217,93.58604258882255,98.39100182530792,103.55739726000209,9.490164251100218,90.0,0.6675608542372012,1.870828937042568
2021-08-03 12:00:00-07:00,107.57739966666666,475.1404166666667,0.2345906628666994,11.5,574.156210210278,22.26617229595177,23.01325237158595,194.25309357294375,0.0,370.6453880549453,574.7617342155967,1.0,370.6453880549453,134.91526446135117,1.07844628858685,25.877361666666665,2.81509615,557.1166054302386,557.1162916060375,557.294353074659,557.2671733549355,557.2673980886979,557.4125676242331,557.4126861030746,557.4125550244298,557.4123643286329,557.5258537008133,557.5256672927688,557.5065620109091,73.63163182955206,70.23879364759395,67.28593924071531,64.79739078126207,63.25937064066822,62.4862033210179,62.48966171506392,63.25822693044956,64.74475561909763,66.88931376843644,69.58275809781733,72.48669711034137,5.970023785926025,269.9999956465915,0.697995934296312,1.862566410306745
2021-08-03 13:00:00-07:00,22.01684323333333,197.582775,0.239794681798177,12.5,216.87581208330243,20.026747403975655,28.802537230889996,224.6998481120093,0.0,141.13665938508208,215.23761494410405,1.0,141.13665938508208,54.190399145107605,1.2924799310115664,25.10221111111111,2.576878846666667,206.8683214468228,206.66546280175862,206.50821405260643,206.50324942676838,206.2660801519769,206.09244619337096,205.8356412805055,205.62565757454206,205.05009423222435,204.51049150160014,203.87325946394924,203.30265366699842,30.36354172614287,29.499472963571495,28.858009571047585,28.17580435997184,27.73763155842651,27.24081062669729,27.122293424314837,27.045633476067685,27.37518878867571,27.983696469073486,28.567925991720035,29.653102199125005,21.143182744361457,270.0,0.5696500723871677,1.9244609100461072
2021-08-03 14:00:00-07:00,0.6732039333333333,175.13818333333333,0.2428508523696435,13.5,175.66688949257326,15.491659461148718,38.24619010690986,244.43910320885115,0.0,117.18274195885925,159.75769984466487,1.0,117.18274195885925,47.82315839344598,1.5543173100247518,21.530425166666664,4.868960833333333,144.38253449214383,145.3117461540684,147.28981488415144,148.1647854503112,150.04011564571098,150.98578230441504,151.82813134938831,152.41399481064724,152.18637272501817,151.85309182755637,151.5303539597026,150.16442355925548,28.20899829565859,27.776755821430772,28.083858856458217,28.601804008616725,28.699562335013024,28.56427030679452,29.41207489708901,28.923918264387435,28.931443086819765,28.947008831862895,28.877095531989536,28.837911323356426,35.415965863709204,269.9999987925817,0.4602458545872645,2.042176513749131
2021-08-03 15:00:00-07:00,0.2419068833333333,165.92668333333333,0.2434867504642134,14.5,166.0848463290799,9.089101978826896,49.16993959205251,257.9494179235347,0.0,112.13828194877021,142.20058958911955,1.0,112.13828194877021,52.212794203787226,1.935038383956396,21.781887333333334,3.1038757,133.20390025477707,133.65226981536,132.9971768564431,134.74105640239145,134.1152558903801,133.16221634547534,131.08788789404815,130.11951819829534,127.94116730751884,125.93238587354446,123.69289285951535,122.66152546635465,35.15400300462003,35.43896001603824,35.791753116362024,35.30130743315943,35.603486197625216,35.81839291426721,34.98205002233293,34.02135021526523,33.24564054001269,33.255034773064054,32.73894381426587,32.32630828426713,48.53736577830291,270.0,0.3753061534815362,2.1950113856624633
2021-08-03 16:00:00-07:00,1.2021210166666667,133.50912,0.245941131638619,15.5,134.0989024634928,10.687878304205428,60.618777060171105,268.51907630114306,0.0,89.70131497515041,116.43647548167264,1.0,89.70131497515041,42.904477387436735,2.654447680235281,22.687720055555555,1.6825381808333333,108.51738219836814,108.94568404916423,109.37956813066715,110.14674754608507,110.59667054037621,108.89246527805153,108.11521674692823,106.37568872929597,104.58766098297335,103.76509041865836,101.9349844519084,100.07705251307215,28.77068459941657,29.16777083520905,29.544250179312925,29.82424368972371,30.167422995805694,30.499521773145883,29.749158910846873,29.058081135516368,28.333156062532353,27.78737314512739,27.25085178628283,26.87033285897045,50.0,270.0,0.366977778440511,2.214355247456318
2021-08-03 17:00:00-07:00,1.0648100166666667,60.77265666666666,0.241408975981313,16.5,61.09941780030164,28.743753589054826,72.12913394269641,277.85138139249904,0.0,41.392446005006434,51.95253426463153,1.0,41.392446005006434,17.988130085327516,2.857142857142857,21.8124495,1.0623341483333333,48.61230245234905,48.82625689246728,49.044137491353865,48.864313601494615,49.68589862615367,49.34849156898301,48.540553099282015,48.1808912566414,47.38540880594719,46.57697710723875,46.20115308434572,45.430160694437944,12.017560416790605,11.919068632784802,12.049731208641012,12.194727253848091,12.328261668142053,12.429385216818325,12.36720001878613,11.996746925142347,11.671749492565565,11.401135364650845,11.159990610875253,10.994150823367661,44.134546142316296,270.0,0.40182717002010404,2.1394362862831766
2021-08-03 18:00:00-07:00,0.5583998666666667,19.97576833333333,0.2188762879046791,17.5,20.04003767069384,70.8013478667263,83.3908639941893,286.9273161979242,0.0,12.962752346279718,19.575290223626464,1.0,12.962752346279718,4.213220719592907,2.857142857142857,18.76434105555556,1.12612624,18.58683312941069,18.602883642721814,18.602761291176147,18.550116360306742,18.62357989033109,18.570080548065548,18.643330317722558,18.667859050831396,18.66794840642483,18.691557442708405,18.720390002806628,18.674003413356573,2.4850052669764526,2.452766990255885,2.405783819282378,2.3639619850606954,2.344515734401722,2.314487715472861,2.2948982415574757,2.2900951847482176,2.3120685687288702,2.3299860452258647,2.363255494426148,2.415347120551509,13.186236734167954,270.0,0.6359415020272368,1.8835091292139257
2021-08-03 19:00:00-07:00,0.2578724333333333,0.44343555,0.99,18.5,0.44385124842217505,89.73610617396757,89.90763737267818,292.5465632799307,0.0,0.2835315363307536,0.4446220939532649,1.0,0.2835315363307536,1.1648008651836367e-06,2.857142857142857,17.3204175,3.592709318333333,0.4192633137150777,0.4192633137150777,0.4192633137150777,0.4192633137150777,0.4192633137150777,0.4192633137150777,0.4192633137150777,0.4192633137150777,0.4192633137150777,0.4192633137150777,0.4192633137150777,0.4192633137150777,0.24718633028784448,0.2418036804347613,0.23721448162115802,0.23360603755562384,0.23112821318104812,0.22988317110282822,0.2299210798649866,0.23123687456441827,0.2337722356461875,0.23741715634441818,0.24201724068337774,0.24738396367198248,0.18572696933813013,269.9998169138203,0.7483792292760623,1.8571481109521377
2021-08-04 05:00:00-07:00,0.0095960666666666,11.3050307,0.2067422188976084,4.5,11.305736715624185,77.86535126451366,85.78074010334748,71.2186783527298,0.0,7.280759265223141,11.118612076972719,1.0,7.280759265223141,2.244425297389883,2.857142857142857,15.73259411111111,1.4369807166666668,10.565563423903258,10.584966998029921,10.556764242171685,10.577260328928142,10.54824168576047,10.569733384814036,10.569722404093184,10.541500842444497,10.563981468541803,10.563991616270362,10.535162665450814,10.558604321753357,1.2964657249416849,1.267228269108106,1.2448279270581402,1.230908419497266,1.2214214691606786,1.2215572939798267,1.2283433720399028,1.2412210248245221,1.2556851123208794,1.278665768278499,1.302061291661334,1.3301285838182488,8.368711525789298,90.00000391248236,0.6772286109235273,1.8677908976625504
2021-08-04 06:00:00-07:00,0.0827008333333333,95.928345,0.2224808291930147,5.5,95.95001984443442,41.5116406864381,74.8060442025644,80.20914179422016,0.0,60.09392575745464,98.17155286904554,1.0,60.09392575745464,23.459390061397844,2.857142857142857,16.409366,1.14355278,90.13367974555194,91.19513223024524,92.22317216020696,92.6853803909448,93.65797212696046,94.0920267652811,94.57865931012148,94.33616374613067,94.09525174012711,93.72258697084453,93.49595539428958,93.32053598628221,13.445040077799105,13.281522256694043,13.4944367449106,13.477883086520814,13.849370166090003,13.781427692991027,13.911714370146566,13.905886108589707,13.869299086067917,13.819561860243972,13.725401924689185,13.610227322124189,33.97812306741069,90.0,0.4705618420718932,2.0278918314727132
2021-08-04 07:00:00-07:00,274.8457865,141.33971000000005,0.239962142142122,6.5,264.670455048582,13.345983091305401,63.33795649424523,89.44313955276465,0.0,110.33609208224838,455.4511947534165,1.0,110.33609208224838,76.55973683869011,2.857142857142857,18.354732888888886,1.434089115,424.6889991906743,426.16887463062966,427.6096827250833,428.2341021662547,429.6809055182366,431.0770773966097,431.7145030287993,432.985519198714,434.6333970383555,438.0621687287867,439.712024078093,441.3334068657664,39.310105763677086,39.13086034252889,38.54082898028095,37.53334239352605,36.751055630773905,35.65782603543275,35.07427797553551,35.30618220315519,35.72583894330145,36.593435237256394,37.36487559216761,38.30004780074364,50.0,90.0,0.366977778440511,2.214355247456318
2021-08-04 08:00:00-07:00,798.9992666666666,117.61623333333334,0.2433484525666517,7.5,611.0755888393783,7.721688064543975,51.85915149411878,99.65909348772779,0.0,283.0256724824718,982.5409453429035,1.0,283.0256724824718,152.7538462638416,2.065209771558692,21.33178711111111,1.2560399516666665,935.6917201821291,935.9491186052182,936.2092327372363,935.9399010501879,936.6155970513395,937.0106519658008,936.8455558901859,937.1179613278812,940.7827042656428,948.3829452369256,951.9976054919225,955.5609182741983,77.91601709020372,70.09741593755116,63.026781041216346,55.98619954901345,51.766104263901745,47.06010312180459,44.22461728595908,44.83420177849288,46.64669394393539,49.73670703840522,52.71396363304093,56.120332451235605,50.0,90.0,0.366977778440511,2.214355247456318
2021-08-04 09:00:00-07:00,653.1293316666666,192.91661666666667,0.2253386462069259,8.5,687.4496438761221,14.374358755317127,40.784242332620366,112.33706959900144,0.0,387.54497991904134,888.0957405673466,1.0,387.54497991904134,167.20610514451184,1.6289719802960025,22.114087611111117,1.3270165016666666,847.5040596353346,847.4006736889866,848.1288315376471,848.6181148829901,848.6891528459386,849.5982466598326,849.8608723478758,853.7077936266246,857.398597160982,861.5622246937404,865.0345672661203,868.4323247244737,81.42421491557016,73.31389630708203,66.42065451671841,59.69167860460917,55.5905164535698,53.214381692156245,55.08667694431968,56.34029364832477,59.36688175882453,62.53799602396505,63.493185848793324,68.29142029415674,38.58859674539884,90.0,0.43813797862028786,2.075498232979267
2021-08-04 10:00:00-07:00,831.2104999999999,167.72713333333334,0.2165224776822542,9.5,880.8511151729513,19.406938133520757,30.914570812713336,130.29722314157826,0.0,548.605397972752,980.3324827689956,1.0,548.605397972752,196.965689301046,1.3470378193468693,22.983774888888888,1.9422904416666664,957.482958679887,957.6254305417112,958.0048974138875,957.9013728402861,958.2127643410141,960.3984098558527,962.7251825941648,962.6243722190675,964.7704313702131,966.5991366524845,968.7729818130572,970.6196531534356,102.80674071572633,92.99985030990564,86.43214088770885,79.71680296062596,76.01265499371792,73.02022149245363,73.05656270282809,73.40996640686872,75.81489743495966,79.01531830446964,83.99896544662029,88.5882811338714,24.547593431211787,90.00000085377364,0.542275515090257,1.9475263701133356
2021-08-04 11:00:00-07:00,842.078,182.48791666666665,0.2103749354140674,10.5,951.2997074264194,22.22826614127208,24.077626135859322,158.01149112196939,0.0,618.0536824919993,969.3214533578955,1.0,618.0536824919993,203.8192912857695,1.1255785510169578,24.26271161111111,2.1436717516666666,960.7341288784144,961.6342713061968,961.5560381625099,962.4719795288112,962.207047433004,963.1095418066465,962.8433117667123,963.7457109760046,963.7525260200556,963.3420917882581,964.2494191478905,964.2466877078234,107.09995719418113,98.7614295236867,91.48487500400364,85.4534387636698,81.50773331509036,79.5352026168265,79.21265088782353,80.66712656825482,84.12084097839232,88.48984588441184,94.19764540837775,100.35751485018419,9.49823862741217,90.00000283164684,0.6674913571818482,1.8708521822192692
2021-08-04 12:00:00-07:00,843.7830333333334,182.1212,0.2098168805185495,11.5,957.2078900501181,22.531458279321267,23.279869194957172,194.17413386579435,0.0,621.724960239806,965.5197978243414,1.0,621.724960239806,203.38546663591967,1.0790319161479722,24.988359722222224,2.4798516483333333,960.9927572967796,960.9928525312125,960.9932525776183,960.7419689425155,960.7424191968216,960.7428080887274,960.7424914562429,960.421029556412,960.4204604828152,960.4610367739303,960.0667309961513,960.0674318629405,100.44657862674211,93.89360377243521,87.90930704450508,83.23571539612192,80.14398605011276,78.80616312092995,79.24231881831354,81.50543705937712,85.54593390750655,91.77793554789513,99.0031161657485,107.25282002991771,6.014243244864478,270.0,0.6976121551280018,1.8626469773933885
2021-08-04 13:00:00-07:00,821.1032166666666,189.6661,0.2173778430232495,12.5,907.568246291705,20.281083370012453,29.036092961736642,224.42544868811504,0.0,573.7218566451608,983.2101721663445,1.0,573.7218566451608,203.44089159154962,1.2939097072461214,25.575845166666667,2.583639726666666,974.4498835161803,972.5187101009923,971.0263123019236,971.1169146476225,969.1454334851435,967.4889354734999,965.470467383527,963.5452269955696,963.36077494802,963.3205024636968,963.0634989322376,963.1142106938986,94.4290627556306,88.31810660144093,84.36422558551794,80.2744840800277,78.64505924530012,76.63855805805576,77.97679420276643,79.61307637921279,83.86323353590126,89.71400825365735,98.26799144987115,107.09190167741728,21.235241462159326,270.0,0.5689010225286688,1.9250416601500882
2021-08-04 14:00:00-07:00,428.5617266,234.49433333333332,0.2279996981813533,13.5,570.1370097870708,15.729800523807823,38.44697129733199,244.15099715634608,0.0,331.2581094790767,695.5019496639799,1.0,331.2581094790767,144.91369350608437,1.557206617788387,25.851064833333336,2.24179099,682.2392793776478,675.932609068889,672.8890647897236,669.783384188447,666.2809873305322,662.2500895417666,661.8725633887251,661.6609779616817,660.2824962934097,660.0585938305271,658.9744148606036,657.9230925377198,65.56216584116541,61.78818508251045,58.31897707028042,54.93713732425966,52.99055832642943,50.366618108532315,50.613911113078196,50.786765697156035,53.76550093833729,57.78277572552651,63.06057721635082,69.51122302291694,35.54545046594742,270.0,0.45932571078100465,2.043488243471843
2021-08-04 15:00:00-07:00,656.39075,195.65801666666667,0.2550684894390314,14.5,623.2267186021838,9.309642469638424,49.35324771910477,257.68955566164993,0.0,313.7427511726305,927.9031352212155,1.0,313.7427511726305,171.19638906992816,1.941028343563765,26.56675733333333,2.16332471,873.3871356732612,874.1757349611232,874.8594943319022,875.5263196499677,875.9571091545328,876.3634952225702,877.1000744026235,877.6301787882041,882.4654549463098,890.7891481128332,895.0251716756192,899.5289488534142,85.97321417470621,76.9846764151067,70.17243739213286,64.5190319227038,59.81595301116809,56.31696276421784,53.25641847028286,54.95937361428811,58.36740896698869,61.77162314210876,65.68317348556494,70.00586548880557,48.69342415271551,269.99999914622634,0.3744058099792804,2.197054970804441
2021-08-04 16:00:00-07:00,504.88458333333335,167.68656666666666,0.282256607905877,15.5,414.02682389959745,10.887440948520771,60.796433096455516,268.2871442755013,0.0,163.72333795715852,746.817004123006,1.0,163.72333795715852,128.5048690220329,2.6688901328039987,26.68948,1.9577969466666667,723.2602834310842,720.3458935107556,717.378074738755,711.2098072023346,708.2865801129296,707.1247185902178,706.5926581877733,705.1578563197841,703.6563951675668,703.1103502826098,701.6867714234986,700.2132289664621,54.72025874725121,53.07860894313605,51.802055704455064,50.365062364593825,50.00505488571389,50.194081602233005,52.354570630642414,56.18346736074413,59.29801502159564,63.69934143049123,67.52807080403043,71.48715578988181,50.0,270.0,0.366977778440511,2.214355247456318
2021-08-04 17:00:00-07:00,374.8898833333333,109.20931333333333,0.2914038688378779,16.5,223.12988035711766,29.747415786861723,72.30936100803615,277.6410802649765,0.0,50.90682436810388,505.1810976137282,1.0,50.90682436810388,74.3539283255912,2.857142857142857,26.467175222222224,1.47945339,492.55094932607113,490.861949958556,489.0688959139248,486.8991563841469,483.6547543954032,483.2591494530033,482.35874546826597,481.93418410948203,480.98606463831504,480.0141524628546,479.57595505754085,478.5768756642651,25.234976740353,23.574252295631048,21.888184421317373,20.272051687326847,18.6828892255618,17.082568654835963,16.643894440283784,16.183039923696107,15.789217306214717,15.477543737846414,15.513369909031983,15.34047493607574,43.23812851719831,270.0,0.40748397013405646,2.128629935404685
2021-08-04 18:00:00-07:00,0.6771350833333333,24.692955,0.1849722602156231,17.5,24.76867090504867,71.36851510919492,83.57987285012213,286.7337997999924,0.0,16.012681790247154,24.218880520866268,1.0,16.012681790247154,4.38894614080244,2.857142857142857,23.993943666666667,0.9082436508333332,22.974414012443763,23.056460067077047,22.992758166110423,22.992862982953145,23.01354646330597,23.016398462809345,23.038946991167137,23.120987679111042,23.066954353357037,23.093999412016696,23.176091839013232,23.126436185688036,2.595606411553083,2.562044045454113,2.5150102277540483,2.4699479343467146,2.432191524701823,2.4192925959793543,2.4003169359756176,2.392171252932037,2.416477649109063,2.4367548115635795,2.476764240406834,2.525480769644289,12.774933069778578,270.0,0.6394390759332588,1.8818966685945333
2021-08-04 19:00:00-07:00,0.2853522166666666,1.3684852833333332,0.99,18.5,1.368851811020016,89.78972838504511,89.92640500381727,292.20236749928125,0.0,0.8749978693699139,1.3695302331011427,1.0,0.8749978693699139,2.270961606147663e-06,2.857142857142857,21.424250166666663,1.4972031733333333,1.2938099594313839,1.2938099594313839,1.2938099594313839,1.2938099594313839,1.2938099594313839,1.2938099594313839,1.2938099594313839,1.2938099594313839,1.2938099594313839,1.2938099594313839,1.2938099594313839,1.2938099594313839,0.7628367984096935,0.746229426664446,0.7320675719523138,0.7209294993173119,0.7132789423850008,0.709432052942999,0.7095451360991365,0.7136035793039371,0.7214285197698176,0.7326812960634345,0.7468862382333296,0.7634607192432057,0.14762235594671835,269.9997659383014,0.748711753344892,1.8571461763072543
2021-08-05 05:00:00-07:00,72.56713733333332,25.908610166666666,0.2488417569902499,4.5,31.04900151400541,78.32326986144952,85.93797403719411,71.44097696657957,0.0,13.861639579427017,46.50378183944927,1.0,13.861639579427017,7.985379658379828,2.857142857142857,18.405973555555555,2.5240460833333334,37.48111518063931,37.48107660739589,37.53055668969964,37.530593330287445,37.575126726635574,37.575118131035474,37.575095871758464,37.61302385888799,37.61155540101346,37.611561178238446,37.64325484859014,37.64327692204827,3.019610165919579,2.95803647405138,2.905798242764746,2.8738404243677502,2.876629085442458,2.8744151113071204,2.889755201085681,2.918226413633261,2.959405426148056,3.009219692147342,3.0939258624610493,3.1548862714538015,8.039482990000423,90.0,0.6800722651589263,1.8669709288395016
2021-08-05 06:00:00-07:00,299.8476833333333,93.31015333333332,0.2801408717109395,5.5,171.15770564873588,42.116573294518375,74.95226749399217,80.44673169875739,0.0,43.867414512234724,371.5139684359932,1.0,43.867414512234724,54.9304825902625,2.857142857142857,19.792848,2.158128075,352.8219352644906,353.5746683058683,353.9169814796695,354.6729558087111,354.9974458262918,355.30439906343935,355.95632529027,357.27959240793473,358.51951674278314,360.73187396119147,361.9427094056957,363.07826562918893,11.511854174241643,11.553665718227013,11.48482122371866,11.699535862155408,11.97444827947486,12.73912547900201,13.762781442328158,14.20004218420408,15.356891520869727,16.13420898194799,17.28605242589786,18.434632305176773,33.470634523165835,90.0000017075473,0.4742452369362317,2.0229742635176957
2021-08-05 07:00:00-07:00,487.6895666666667,151.909,0.2797033946600379,6.5,369.6683764591696,13.482129177610782,63.479865844057464,89.70291052321392,0.0,131.14467864557804,707.911772274318,1.0,131.14467864557804,114.97008074343634,2.857142857142857,22.9884805,1.953614095,665.2868269914843,666.6661542157628,667.9884040430237,668.5349627513739,669.9022695216519,671.2127682039512,671.8080117528356,672.9197588581839,675.616235915672,681.2194976354915,683.9477087149563,686.6274033487921,56.17190145276912,55.90287037000002,54.574263316246444,52.32978944593197,50.314399453855415,47.69076373349913,45.972203135276374,45.97037891106882,46.31779991667833,47.47445464023255,48.491976710588965,49.82765928308146,50.0,90.0,0.366977778440511,2.214355247456318
2021-08-05 08:00:00-07:00,612.2604,189.58933333333331,0.2619867287400125,7.5,566.4872577762478,7.9845312869594975,52.00560703656866,99.9508465085197,0.0,268.8910637880704,882.6158110958308,1.0,268.8910637880704,161.77675080594912,2.0714617641309596,25.204061777777778,1.3991184933333334,827.3912224866918,828.3146519717831,829.2365999198869,829.3108328749881,830.5779379925895,831.5993196427628,831.7385415168043,832.6107287350263,836.8914986394238,845.6997171110548,849.8964754464432,854.0300578620939,80.90609152775819,73.91184539231875,67.69016368835543,61.46163686796425,57.867027631784836,53.80531070069739,51.478420576176454,52.86961265255999,55.2977517018074,58.92922320225445,62.43458627618701,66.35078979259261,50.0,90.0,0.366977778440511,2.214355247456318
2021-08-05 09:00:00-07:00,684.6167,219.34061666666668,0.2415468064762283,8.5,736.4344185712087,14.631273292941755,40.94805135888796,112.6701115366799,0.0,416.70650172235196,947.5537679666769,1.0,416.70650172235196,189.5638369577726,1.631320018735271,26.403496277777776,1.6805159066666666,902.5775950009794,903.1414464481364,904.0586396061798,904.1128237853223,904.8202957543094,905.3847846489947,906.2879311088332,910.1644789179973,913.8834684192398,918.23020587681,921.7313507742201,925.1600769068809,93.80551658976675,84.66572636985026,76.91781012052043,69.33617006888593,64.74625375579315,62.126101908014356,63.20906298173871,64.97987808011321,67.48285427867717,71.27749006711281,72.34416955991085,76.93979875460829,38.682766048154754,90.0,0.43749605849249473,2.0765244188715757
2021-08-05 10:00:00-07:00,719.0560666666667,237.5680833333333,0.2273119947890313,9.5,853.1770290476603,19.674740696465392,31.11466669810276,130.65711984543395,0.0,532.2875509418525,950.3296595928363,1.0,532.2875509418525,203.7763849707843,1.347953643255077,28.3432005,1.8152131433333332,922.7653682127107,923.004279276122,923.5624264199203,923.5385365993208,923.9402982887109,926.7163684789592,929.6246059636908,929.5522730124376,932.2312790435766,934.5641115336726,937.2612138000131,939.5903831149581,104.81290861972425,95.10595324663716,88.887213551002,82.30554862497958,78.94806038870345,76.11227027534353,76.46791389960414,76.97515121330467,79.69722465792873,83.04773812501796,88.46488406630945,93.33337390283452,24.602808618652634,90.0,0.5418373189051828,1.9479271551239854
2021-08-05 11:00:00-07:00,787.1522,218.69765,0.2175908278549429,10.5,935.9425523484881,22.501218356311842,24.329732719444078,158.26704000282746,0.0,608.084188800103,955.2231770730427,1.0,608.084188800103,208.67867897161102,1.1256603464685524,29.463205388888888,2.32919776,945.6038162179583,946.7716318454895,946.6411942029661,947.8250668318917,947.4825615012797,948.6527739402245,948.2875513987253,949.4577437509453,949.4646947635814,948.9318356570212,950.1069062758776,950.1041198705292,109.13783176091225,100.64139752587504,93.22649437991291,87.13798615502867,83.11700001461074,81.10714369988852,80.79817752829643,82.2787978286713,85.87327642904113,90.32294262353838,96.15855029155645,102.43258282599065,9.50429922069506,90.0000020913098,0.6674391940575746,1.8708696428211113
2021-08-05 12:00:00-07:00,786.3121166666666,218.7065333333333,0.2164253051724231,11.5,939.5198274219465,22.801149099774207,23.55150693516748,194.10053167042517,0.0,610.250675955048,948.7679097772021,1.0,610.250675955048,206.78354711705546,1.0796591886776135,30.5592535,2.2179711400000004,942.9671175225634,942.9664021403539,943.4670032448082,943.4664940332843,943.4265529647469,943.8343784828355,943.8347017220203,943.8342516202924,943.833791065585,944.6885357856198,944.1524377790666,944.1523407465612,108.64282810086237,100.27725683149121,92.41036890763101,86.63791031325262,82.54332001830073,80.25241072839196,79.81173999651351,81.17044636780565,84.54203698895965,89.08794775021977,95.14979772499552,101.78931261417314,6.061594040852396,269.9999947369858,0.6972012337956435,1.8627339064846329
2021-08-05 13:00:00-07:00,738.8079833333334,232.64971666666668,0.2236587234514205,12.5,877.096905156987,20.53924370569493,29.275356960846995,224.1538861285046,0.0,554.6142619250727,953.518247901652,1.0,554.6142619250727,205.18513758819083,1.2954039806048734,30.889788166666666,2.395633416666666,944.5692979162656,942.1302632410138,940.2312477060998,940.4067936564066,938.13768835799,935.8142565330655,933.3272153325047,930.8978911437316,930.7046906187279,930.6558850758862,930.3823369575977,930.4207040389796,95.9727455300792,89.54644467048945,85.61535421269264,81.22410239572393,79.60060529975766,77.29287843168984,78.59348665898551,80.25025029692729,84.09850846304876,89.61682071830087,98.05435516185187,106.78235243931385,21.331292880167325,270.0,0.5681199838585418,1.9256501631760545
2021-08-05 14:00:00-07:00,676.8649833333333,231.39861666666667,0.2384497030506825,13.5,759.9888541337871,15.97115515077836,38.653373554539876,243.8628048604405,0.0,442.9727761888727,941.4451786429494,1.0,442.9727761888727,193.05911478153828,1.560208960862997,31.563858222222223,1.71939893,924.7762449981941,917.952979789675,914.2880952272625,910.9039040723236,906.5718095520763,902.6594930090555,902.4229107707952,902.433894744151,901.5832548415954,901.1624382320496,900.3095582102716,899.5297265200054,82.62720955365094,78.33105997981816,74.49945049326723,71.4321435220881,68.94356948252695,66.50468360658785,67.55488056707159,68.29885970050914,74.07334910297963,80.6007425566822,89.0811955045167,98.24794708144161,35.6794092301711,270.0,0.45837533512092377,2.0448496715647275
2021-08-05 15:00:00-07:00,590.2726666666666,213.31436666666664,0.2594011910120224,14.5,596.3376425415818,9.532870598211444,49.54187632942112,257.42836321405974,0.0,304.86037070835704,872.7126992597033,1.0,304.86037070835704,166.30055556427533,1.9472457048811853,31.492037555555555,1.8545227316666664,845.0393934782853,840.9756766267847,837.3550829744726,829.6800490695699,826.0653530853848,825.0526170992717,824.888740489357,823.7510417293284,823.1976353845199,822.2534030813682,821.2745203537283,820.2009002535656,69.69878419949252,65.97665005278603,62.6305410923044,59.74570704269104,56.812748213645364,55.95174607708296,57.87796460877311,61.326991843909454,64.65327359652372,70.70890182792064,76.94921313140593,85.25982176034026,48.854133054049164,270.0,0.3734815485987067,2.1991645725334883
2021-08-05 16:00:00-07:00,403.33171533333336,166.28571666666667,0.2757968350371893,15.5,361.95310762094016,11.094845603864583,60.97916011898365,268.0534554940504,0.0,145.22263358427637,642.3706878377959,1.0,145.22263358427637,114.30650386832406,2.6838831157052794,30.759271555555557,1.8866134666666667,621.5005796518956,618.5959573754091,615.6373485071113,609.4960891876858,606.5540605900511,605.365966625599,604.8102187878696,603.3974668235549,601.9169209789379,601.3557198322985,599.9337199015916,598.4729418138062,51.17296853688028,49.344605192901035,47.8150729752544,46.15345658014727,45.379679472794436,45.05616181531832,46.701524673455225,49.71695699749269,52.142871297663,55.60416920068578,58.606399640107256,61.704085318787094,50.0,270.0,0.366977778440511,2.214355247456318
2021-08-05 17:00:00-07:00,332.60490000000004,111.17137,0.2943144771664297,16.5,211.21801463942592,30.74838980401989,72.49450493780098,277.4289083562892,0.0,52.05684465266825,467.0162324345996,1.0,52.05684465266825,71.80924042956295,2.857142857142857,29.97083922222222,1.47308939,441.19916579145,442.21066996042913,442.6542458015672,443.64145670181364,444.5948858602148,445.02716218911985,445.93617239347,446.3362165509484,449.4932057673,451.6910064496001,453.370163869178,455.01603516409875,15.541926871699332,15.703099467247783,15.981196644319754,15.969006836023933,16.36072235544187,16.820758138303415,17.26899357955297,18.833403750962404,20.382258949056595,21.95895603122828,23.606097426555806,25.227372604794947,42.35599524480462,269.99999914622634,0.4131324827566189,2.1181698513401273
2021-08-05 18:00:00-07:00,112.2856253,41.63615933333333,0.2481670310199488,17.5,53.81410524537502,71.94850399262869,83.77373493206038,286.53843382252086,0.0,21.972770912628185,90.97920767419623,1.0,21.972770912628185,14.027547265109504,2.857142857142857,28.035288722222223,0.9221380816666668,78.95834999448822,79.04222979858253,79.10392654690041,79.23137214801261,79.31474930504942,79.35349268309253,79.43220685330056,79.45961910211135,79.54310432961512,79.55918816986465,79.55478070284431,79.63854625894196,4.790114730971729,4.70060373740639,4.673496167135334,4.643047118715986,4.631707472643515,4.638629222285919,4.7218711130271664,4.790858795520963,4.858698990690048,4.999370656320323,5.087620930090236,5.197213375143661,12.356396248047178,269.99999914622634,0.6430040054545137,1.8803074418323305
2021-08-06 05:00:00-07:00,150.87131749999998,23.917507333333333,0.2457059788980221,4.5,34.66785504907291,78.25326604276094,85.91392199327849,71.82400763140726,0.0,11.586204653605835,62.928054459562134,1.0,11.586204653605835,8.99907785261679,2.857142857142857,20.193842,1.8761118616666663,47.93910972313391,47.939077801233616,48.02210434086665,48.02061114571316,48.09263489847789,48.09262730670811,48.092608681129605,48.153982169153565,48.15277075663528,48.15277643712996,48.20402832830892,48.204046291071876,2.520805699585669,2.4699906543110886,2.4269323177235766,2.4005648172912086,2.418855555163175,2.4171114210125393,2.429796756845435,2.453289265606001,2.487332640140278,2.5647208582264307,2.6187892109999176,2.6690853310906926,8.069838132873018,90.00000120741828,0.679809979833386,1.8670451628338354
2021-08-06 06:00:00-07:00,511.7268,70.84737,0.2833813298460997,5.5,202.43259449376933,42.719429986251704,75.09959644580815,80.68923812922975,0.0,30.967836760270234,500.99087520698527,1.0,30.967836760270234,64.08661574050875,2.857142857142857,23.662895166666665,1.6689116366666668,480.3457348047053,480.5908198889535,481.1028136556725,481.33071553829757,481.81477538685033,482.0609466561062,482.2708158966384,483.8518449361603,486.94375710610734,488.39398876993687,489.80169948739575,491.19349803677216,8.237904487746068,8.122421259502982,8.211423885382542,8.361108618527881,8.378289912112972,9.545277963639931,10.777348401632342,10.8797974542613,12.168002576169991,13.501726055437032,14.849629702364455,16.250936903991455,32.96858539538809,90.0,0.47791044003645833,2.0181737960712436
2021-08-06 07:00:00-07:00,694.1619499999999,124.44382833333334,0.2798725859322917,6.5,432.84289294036256,13.623037995243738,63.623012849613254,89.96770700825857,0.0,135.97789254686202,887.7548643013702,1.0,135.97789254686202,129.67412753610174,2.857142857142857,28.59939272222222,0.76897963,841.2875512643919,842.3402904471902,843.3289718781012,843.7148127810967,844.7804063515018,845.7916821534216,846.2602607379866,847.0211397203868,850.2718366393434,857.0102926362584,860.3171306863954,863.5647218353217,62.26446219292731,61.73363579356678,59.73703364959666,56.53089805710293,53.5489892475714,49.78152915905961,47.18752272190108,46.89941628190281,47.07175639014247,48.2749322583199,49.3347994952089,50.817472579108795,50.0,90.0,0.366977778440511,2.214355247456318
2021-08-06 08:00:00-07:00,641.08193,215.92023333333333,0.2592162555008493,7.5,609.2534908986856,8.253067668291227,52.15365370646725,100.2478389703382,0.0,292.8818654035524,933.619280820627,1.0,292.8818654035524,169.0622634592212,2.077771061386475,31.48731561111111,1.2560464633333333,878.3648568278245,879.5880804876539,880.8058181646621,881.0018297228219,882.5700027078085,883.8772273585611,884.1338130812162,885.2823021540012,888.9132763173513,896.4775497882149,900.053208187954,903.5748481243542,87.37630320350371,80.21184209035721,73.8684249519202,67.52079213468399,63.91876822769458,59.83080676416975,57.540576940040374,58.327620560357644,60.17180726024931,63.25460927798513,66.18192022106525,69.51852805595746,50.0,90.0,0.366977778440511,2.214355247456318
2021-08-06 09:00:00-07:00,434.649478,342.5675,0.2452775005298451,8.5,670.0332081555814,14.893270323268174,41.114080327520234,113.00851858479945,0.0,393.51495793953467,809.7102461989809,1.0,393.51495793953467,178.55634228699668,1.6336738548770275,32.652601777777775,1.8080191783333333,762.34581154933,764.420883861131,766.7306679232905,767.5232045484018,770.0349367120193,770.826186260597,772.9724550624388,775.5646509904088,778.0512298748836,780.8968722243109,784.2247346312777,786.5330637503833,91.90651932871164,85.35775100818479,79.15245660311052,74.34497073137219,71.54599298095216,70.28877954519866,71.09298243749186,72.86938284563784,73.7433984347419,76.53494148294777,77.91682434519974,81.21751491037656,38.77683878280552,90.0,0.4368556395059196,2.0775516578832622
2021-08-06 10:00:00-07:00,175.27864838333335,424.3995166666666,0.2392639100996413,9.5,574.1394685377118,19.947540353661182,31.317888090568122,131.0218310847884,0.0,366.6331848881037,603.1347369890385,1.0,366.6331848881037,146.17411276206434,1.34885481561832,30.568927111111112,2.2458516533333333,573.6494424877242,574.8082323181238,576.9944561477189,577.8466711361084,578.9713016759272,580.3709930600862,581.9156645679177,582.6869781703386,584.1030083578105,584.4787384332315,585.8433690170086,587.1948560865366,77.51734458560072,72.78565005064175,69.07022983181228,67.13284000168069,65.46463245300647,64.93766520969297,65.132128410398,66.22464951642509,67.51965800142916,69.94409130347938,72.92827717842353,75.16859538479811,24.657076537724166,90.00000120741828,0.541406828757373,1.9483218870702161
2021-08-06 11:00:00-07:00,420.90164383333337,309.17251666666664,0.2282807809994841,10.5,691.9146961173055,22.778926113906856,24.58586740426233,158.52640163592696,0.0,449.16860834920817,705.8800995847475,1.0,449.16860834920817,163.35497450235405,1.1257145917903546,31.498767166666667,2.280186786666667,693.5547588318194,694.6555369786937,694.6192496256975,695.7313939162354,695.5028108986658,696.6052507638478,696.3312289673187,697.4338396439796,697.4388198316052,697.0071216300734,698.1130390043336,698.1110640414012,85.28602328648066,79.25681209309987,74.01723286127869,69.83645495532893,67.03355286794674,65.66532419349596,65.53555544265677,66.65275801156787,69.406221479601,72.62874970766656,76.8560016106541,81.36511421255163,9.508317484950647,90.00000352019892,0.6674046096329674,1.8708812255458098
2021-08-06 12:00:00-07:00,364.66470575,321.6266,0.2291900996518488,11.5,655.2079469978419,23.07515778458495,23.82807618559235,194.03221224529062,0.0,424.92645380884306,662.0154781449897,1.0,424.92645380884306,153.7617953691085,1.0803283557358345,30.92883111111111,2.122837248333333,654.213994516992,654.2140677180566,654.6906024891989,653.8836103727699,653.8839228744253,653.884226684238,654.2693541516277,653.4617146662578,653.491259104553,653.4915829259603,652.9726859051093,652.973173477273,76.83987305070535,72.36280996454144,68.26476694445039,65.17836539684032,62.78463912948683,61.77528899689491,62.0541969119944,63.531135702737515,66.2198777234019,70.0381890268687,75.26963477983986,80.8549164276676,6.112102065265075,270.0,0.6967629530475301,1.8628273803815216
2021-08-06 13:00:00-07:00,166.03007948333334,312.21539,0.2395871724189623,12.5,456.6917037320575,20.801136363892642,29.520255089314116,223.88533564025948,0.0,293.38189445400633,474.96147920797887,1.0,293.38189445400633,115.59835597662969,1.2969633337847573,30.795649722222223,1.2696373941666663,462.7353749748967,462.2131979348013,461.35758935009534,460.83715909414605,459.84988788457224,459.33901452496985,458.3282231263671,457.0916420886998,456.3930042325827,455.7746979692366,455.13649342322645,453.4981053345374,59.89726293618248,57.74981461128623,55.41983671513375,53.3659383619814,52.454968999795426,51.63557970194792,51.35060512718143,51.595055931848,52.79980644452896,54.89809720982509,57.72569994724733,61.029351700554194,21.4313527958479,270.0,0.5673068938566534,1.9262868447162393
2021-08-06 14:00:00-07:00,259.90258295,147.70172,0.2411290016302761,13.5,350.06779051331034,16.215632254895635,38.865349581618496,243.57472733411194,0.0,205.9954179404242,433.0758923752255,1.0,205.9954179404242,96.42273005721864,1.5633257845097797,28.616982944444445,2.748849835,406.52966055484796,407.1222591085717,407.58432793137564,408.0574413359793,408.29872852883875,408.76752479472805,408.98433028317396,411.94004265136607,414.5445784681734,417.222548877,419.79716233861575,424.66982449056115,46.44620028109459,42.46716737272202,38.74734879768379,35.534011676051634,33.67860019300063,33.91200832014949,33.59497538554275,35.21455010799552,37.44271661562679,39.77217164480127,42.029716398870285,44.805853405469314,35.81784089418001,269.9999987925817,0.4573949012107285,2.0462612229630697
2021-08-06 15:00:00-07:00,424.032149,205.0481,0.2558457311815835,14.5,479.10570562066323,9.758698743812124,49.7357883566496,257.1659995951609,0.0,248.7345838854053,694.1968121473215,1.0,248.7345838854053,138.76196918711312,1.9536946421098231,31.52369377777778,0.991095565,670.6386659490385,667.0766929226825,663.46223470561,655.8455267102023,652.1865176927126,651.1192069686097,650.8562388978066,649.6994714980091,648.3125686146961,648.1044372802994,647.034105578269,645.8933544278028,62.022123056267326,58.38676531713399,55.044818445442594,51.58654020863068,49.04684447967638,47.60712271760401,48.92231136206634,51.40747391287586,53.784147179371566,58.25241697075979,62.86936676850958,68.26724967976328,49.01947202034698,270.0,0.3725337505678112,2.2013403547395907
2021-08-06 16:00:00-07:00,3.213866733333333,139.42430166666665,0.2481022929984651,15.5,140.97421950478594,11.309951079204316,61.16692069666585,267.8181314694377,0.0,93.51213129814144,124.98740096954548,1.0,93.51213129814144,45.15101707152138,2.6994396850352844,28.443254777777778,0.6986469311666667,116.65892976764947,117.10068304969649,117.5480679975785,118.33751896286911,118.80245562353421,117.03731901837783,116.23273680463352,114.42994873135757,112.57644566603453,111.72538110277205,109.82898939691428,107.90380584682558,30.054289278402816,30.47107749970716,30.868044554927113,31.163056471442946,31.529786068850868,31.88761274516462,31.124392739217654,30.432448932329557,29.700676753379515,29.161658708919443,28.628739954536975,28.25785461480986,50.0,270.0,0.366977778440511,2.214355247456318
2021-08-06 17:00:00-07:00,441.3895433,118.26207833333332,0.2902966798774653,16.5,249.634069603461,31.7470457807912,72.68452301324344,277.2149600605035,4.662936703425655e-16,56.03020502975258,565.9617254863874,1.0,56.03020502975258,81.12636878254933,2.857142857142857,28.22743461111111,0.8196894083333334,552.5196259342109,550.9162501767543,549.2805562255502,547.1723476493713,544.0495847100245,543.6221862196338,542.6543316575537,542.1894933069823,541.1786292031123,540.1236061500368,539.6470026387481,538.5674801521959,25.89892773030029,24.313871847099314,22.701116877359777,21.15981892100821,19.64691367337818,19.117920522039096,17.632450234562988,17.152367476816664,17.08330046756167,16.7590481551583,16.471751245385573,16.310625069526203,41.487031676422546,270.0,0.41877474367616024,2.108037178154354
2021-08-06 18:00:00-07:00,174.36349021666666,34.292655,0.2512175889686027,17.5,52.60213311819112,72.54110525291824,83.97240003773068,286.341292311802,0.0,16.513313063740746,103.68767935486576,1.0,16.513313063740746,14.235099197693,2.857142857142857,25.803483555555555,1.4337127066666668,87.49263186817122,87.7029143911116,87.90075665280132,87.9006755310641,88.0813335201392,88.07743969768177,88.24185096857654,88.24193291530945,88.38966728990346,88.38622697243078,88.35390535321628,88.51775207025648,3.7392869016239634,3.669984626406896,3.6115918910933362,3.6646747249015235,3.6506346186110785,3.658460127474903,3.681502495989903,3.8208088816849863,3.872079224781115,3.9338726367086156,4.027405212000457,4.187421701023655,11.930816129923302,269.99999914622634,0.6466347801570689,1.8787449190280583
2021-08-07 05:00:00-07:00,19.0159871,13.348016,0.2363838216641739,4.5,14.650273953802424,78.71650660430618,86.07318155048299,72.05635894259535,0.0,8.098778756481298,17.990883410618533,1.0,8.098778756481298,3.519828099549343,2.857142857142857,17.37979438888889,1.7392141449999998,15.528009760715861,15.542827758817946,15.542827251640762,15.553643771134508,15.556621027022121,15.556619767843443,15.568342258694791,15.56751890367283,15.567511673223768,15.57433656181783,15.577308404678234,15.57732103561366,1.6673271974061024,1.6331525888738314,1.6066189590757642,1.5863941044597585,1.5771900902197535,1.5821848877783389,1.589957338120847,1.6058256701395166,1.6277821756715156,1.6564293613136494,1.6883441455752426,1.731498570330299,7.738696665178835,90.00000352019892,0.6826722753893815,1.8662503755914899
2021-08-07 06:00:00-07:00,36.0864791,60.44856166666667,0.2494843506619138,5.5,69.63747583932397,43.32017398114442,75.24798661799154,80.93658343232369,0.0,38.503310039902345,87.46249798415637,1.0,38.503310039902345,19.035410012180215,2.857142857142857,18.174178611111117,1.91658489,81.2633355966842,81.92079838454471,82.55028943573959,82.8733073450282,83.15514063268276,83.72947572590215,83.98818145575419,84.01727989796422,83.73971928911511,83.76177759116715,83.75091227821372,83.74075917279849,9.089662757767046,9.13031158291901,9.251638738728262,9.257263096888419,9.480593029632702,9.371391641571876,9.46121989415083,9.74043912978928,9.86413662298168,9.787755096262833,9.861936464123847,9.923179914299855,32.471911470782935,90.00000120741828,0.48155695908070095,2.0134881083694043
2021-08-07 07:00:00-07:00,339.211332,164.39541333333332,0.2758790488863262,6.5,314.3325236138603,13.76878660590376,63.767367600482935,90.23743250040404,0.0,125.60365947409672,552.2668492736689,1.0,125.60365947409672,98.63191033403675,2.857142857142857,19.676986722222225,2.20174139,515.6848802845014,517.374656711204,519.0111877766929,519.7140827553274,521.3671654963468,522.9607957551764,523.6744407048626,525.1282585339411,526.8622137962201,530.533531518927,532.2955718587734,534.0268465721697,49.05850859114006,49.37127422348479,48.91105319689556,47.752211221503636,46.74478743742138,45.28703388584324,44.42823368356656,44.36078476111899,44.51785501933335,45.25103974462363,45.844410438341214,46.647408045838745,50.0,90.0,0.366977778440511,2.214355247456318
2021-08-07 08:00:00-07:00,361.7432166666667,276.2597666666667,0.2709809234196111,7.5,497.45916770546626,8.527141275687555,52.30327440114181,100.54994492309312,0.0,259.308967468057,697.763639290942,1.0,259.308967468057,152.01153527151874,2.0841362458604165,21.66504422222222,1.480593286666667,645.1047205675272,647.2952168941133,649.4624499551512,650.1876015583548,652.5638117561398,654.7247959667839,655.4582217091995,657.4911052453251,660.1054964752567,665.6283021568447,668.1953364321383,670.722972973449,80.60441774163665,76.00448607047278,72.09751860783291,68.19689609713419,66.3171378241856,64.07841860591914,63.102389925578386,63.8159793058539,65.24572838460703,67.57795625166686,69.72593458400392,72.14016920079304,50.0,90.0,0.366977778440511,2.214355247456318
2021-08-07 09:00:00-07:00,265.31511666666665,371.39208333333335,0.2636467745682969,8.5,570.7678395394187,15.160272812855672,41.28231982784456,113.35211336337125,0.0,340.8312246771214,675.3672889826446,1.0,340.8312246771214,167.77866941082456,1.6360326820940334,22.716837444444444,1.7194432133333335,627.1948177997259,629.5306718735742,632.0494428334462,632.9865004072752,635.6817892684074,636.6069000524922,638.9335190572233,641.6079823851294,644.1898451964221,647.1011419667254,650.6018865012663,652.9978498852413,85.58343243124193,80.3176649663077,75.37615072093178,71.48093419062133,69.44995253531401,68.72018424808125,69.90670233652509,71.92685382218001,72.92171472621,75.75206245385407,77.17544892630437,80.40470148147818,38.870781761044256,90.0,0.43621694627945556,2.0785795772540356
2021-08-07 10:00:00-07:00,210.74691666666664,403.0614,0.2639726296614534,9.5,582.7061265617506,20.225257287605704,31.524217603205027,131.3911034140226,0.0,371.5754097599343,614.8318018962503,1.0,371.5754097599343,161.48336948641852,1.3497407747815773,23.68640011111111,1.52832615,585.6867197993625,586.7902011493596,587.7598781124475,589.6551234484406,590.7488051232032,592.0849313018201,593.593773665972,594.3121147073928,595.6925531553,596.0458351213848,597.3795187422538,598.7067512659116,86.10373285274613,80.63517298843236,76.28273340167291,73.90507853902608,71.89349640973401,71.12205714922924,71.24312894925932,72.32249373945774,73.72638869553035,76.1325188765683,79.5173075832193,82.00867845537506,24.71036789299599,90.00000085377364,0.5409842674856062,1.9487103091538027
2021-08-07 11:00:00-07:00,214.686685,441.61836666666665,0.2564558705415478,10.5,636.4337817138567,23.06130470966934,24.845976078393377,158.78931432815818,0.0,412.3972108167859,642.5343377640361,1.0,412.3972108167859,165.4540474883238,1.1257408531619137,24.946911333333333,1.4799075433333333,625.641920027718,625.9412128271274,626.2493099810163,626.5578953684578,626.7228160963427,627.0233734931201,627.1934538124434,627.4945361070244,627.4987332684876,627.555680638018,627.8592312364083,627.8576196853303,88.71058090009375,83.76533282195784,79.52338469899416,76.1225982474367,73.94950562423656,72.97126858462164,72.97747306775841,74.06036086990743,76.40473376189132,79.21109770650241,82.78179360784455,86.62374287301223,9.510264714075195,90.0,0.6673878503539817,1.8708868402164938
2021-08-07 12:00:00-07:00,258.25696666666664,441.2796,0.253608961809939,11.5,677.0079222722104,23.35339151392631,24.10948653219313,193.96909599261014,0.0,438.36029009247363,681.8975797172113,1.0,438.36029009247363,174.16020528920404,1.0810399169945308,25.933432555555555,1.3042059566666666,668.3688278800632,668.3683204827847,668.8765400110722,668.7874149033594,668.7535619365958,669.262590247359,669.0951945245733,669.0948863812359,669.0945623582562,669.6029376008269,669.361615058479,669.3615305483245,92.94509475944548,87.27151647713015,81.98500829531983,78.15451365884506,75.48353591497003,74.05276115461702,73.84392166853046,74.94808063598272,77.40244308403565,80.79636937258894,84.83125927532704,89.43726819181123,6.165793384437587,269.9999945331813,0.6962970947965981,1.8629275927806277
2021-08-07 13:00:00-07:00,322.24961666666667,423.22448333333335,0.2503981952809572,12.5,702.9433997488775,21.06666786116076,29.770710489886273,223.61996130711321,0.0,448.9412878443891,745.0947907385741,1.0,448.9412878443891,184.90326760677863,1.2985883679405767,26.61345083333333,4.020568723333333,730.2549403858789,729.0983671234466,727.4463414142047,727.0225059172437,725.3266133978984,724.0053577782602,722.2770846004494,720.1712107165914,719.6792013144428,718.8570806660516,718.250693284952,716.5221063088754,92.18088079901032,88.156725500725,84.27461769902503,81.4762351007646,79.30646806685732,77.88588269830794,77.88782443663243,78.44279492238294,81.22767284823585,85.18293672191469,91.33060487762017,97.16024525569387,21.53543690573318,270.0,0.5664616944077165,1.9269521446966116
2021-08-07 14:00:00-07:00,288.23141666666663,371.1129166666667,0.2609558606847754,13.5,594.8482763788073,16.463141587690057,39.0828490097091,243.2869604452044,0.0,360.68070742967757,690.1082988539421,1.0,360.68070742967757,170.59321287551282,1.5665585700763849,25.983041055555557,6.98047,671.0491570130889,666.9771203712139,663.3823953564272,660.9443758665668,658.439125878594,655.3481553938449,654.4302808924405,652.4698035667541,651.4933303055157,649.4572961657665,648.46105269585,645.7361233166057,82.25706148236651,80.31280210271174,77.05466182680371,74.5556234599249,72.08261229380173,70.48248724532169,69.06217454216117,71.12720086217062,73.27160811468273,76.80501656997302,83.06194581767551,88.69357944156256,35.960743690938884,270.0,0.45638459255681924,2.0477233305388225
2021-08-07 15:00:00-07:00,194.29800000000003,287.6328666666667,0.2753515861257973,14.5,412.694132965941,9.987040782918907,49.934944102970746,256.9026219057548,0.0,235.65886274509367,511.271036208632,1.0,235.65886274509367,131.61370684126612,1.9603795030874789,25.82713561111111,6.159670566666666,488.4234515548935,486.93731669913643,484.0826471007283,482.0669129720562,480.54644497868816,478.11882759820065,477.15908038431223,474.6359670490789,471.9192780886402,469.3897613926775,468.36957252192656,466.22674995965065,69.79231602622325,66.996787044789,65.20702115519106,63.95157662634215,62.95286803462929,62.564159084132754,62.5416853982949,63.28779647058112,63.92736560809099,65.47375335297012,68.25655293898087,71.13647155658258,49.189419787525004,270.0,0.37156280880214154,2.20358247793287
2021-08-07 16:00:00-07:00,172.7446,213.9123,0.2860870232429752,15.5,296.71045621421007,11.532608323394358,61.35967520266361,267.5812929817752,0.0,148.27237784603116,426.9427151579374,1.0,148.27237784603116,99.43135517096624,2.7155735983717286,25.791003222222223,5.541002316666667,408.83219139343976,407.7619321281465,406.67122823389377,404.2739820292925,403.2092826534092,401.1794565410039,400.2545301030413,398.0812468968655,395.83152413843675,394.8734080136517,392.61917093303407,390.3254924265626,52.54161300218914,52.0198814595528,51.63214770624494,51.07310544192852,51.042773051716026,51.23688010781929,51.471749681020675,52.46216124122679,53.112690803129766,54.46074694779801,55.56723579571207,56.84474921212207,50.0,270.0,0.366977778440511,2.214355247456318
2021-08-07 17:00:00-07:00,130.71866166666666,124.21816,0.2849416649159622,16.5,162.6996999905884,32.743707740401696,72.87937063101103,276.9993294658862,0.0,67.56725195016864,273.4194649818179,1.0,67.56725195016864,53.01620721946361,2.857142857142857,25.332197944444445,4.077468716666667,255.2838342267558,256.57463130905955,257.1504097139582,258.41100329684076,259.6127471515541,260.1714516366302,261.32602127779467,261.96696132181916,262.5042420381696,263.0393518241534,264.1314208523146,264.72490216397557,19.480409075038366,19.28743897761187,19.55466660303074,19.989416447165915,20.487846771429748,20.63427866916635,21.233606799186212,21.864878061041672,22.40146992125441,22.969882447948656,23.5889902296783,24.146414643386553,40.63026908491795,269.9999987925817,0.4244123770924226,2.098215456637662
2021-08-07 18:00:00-07:00,42.87567141666667,40.866676,0.2633972789619676,17.5,45.217536752854066,73.1461120887863,84.17581629249922,286.14244916009557,3.108624468950437e-16,22.82136643345696,63.45999511763877,1.0,22.82136643345696,12.142755974100753,2.857142857142857,23.153842,1.1462368683333333,56.27131776188556,56.271738200303226,56.27189608841124,56.228762928522485,56.22912534802341,56.185267308288054,56.18537413011474,56.13161954772457,56.13213914807044,56.07859995408243,56.07865372035623,56.01412649796748,5.4915120528016,5.387224990160229,5.290970363109499,5.170409618962845,5.0968704175671125,5.039613518908789,5.005196825436099,4.973688542616799,4.98942282056966,5.044372582731628,5.119802448854441,5.220128588296943,11.498375036327142,270.0,0.65032992863726,1.8772124986488543
2021-08-08 05:00:00-07:00,49.815691183333335,22.351824166666667,0.2518684625150224,4.5,25.78308601603909,78.65025025720271,86.05038886189936,72.44959985299215,0.0,12.989871973762813,34.82632819907981,1.0,12.989871973762813,6.566570377461507,2.857142857142857,20.516904277777776,4.717854733333334,28.989768033829897,29.011192415648118,29.011192135443352,29.029453740663627,29.03138331677755,29.031380590936315,29.048530287099496,29.047123463747276,29.04711097371824,29.059527215885772,29.061448829928814,29.061470538880968,2.846509712777767,2.788105543809996,2.7427646851983303,2.708123188872747,2.692335812967235,2.6994712954429296,2.712680801447002,2.7397908617182782,2.77729311944585,2.826140508188639,2.880583791042055,2.9523177849764854,7.767130801737686,90.00000418261958,0.6824264089297772,1.866317322974759
2021-08-08 06:00:00-07:00,284.5703666666667,90.88070666666664,0.287548994581471,5.5,162.62470488284026,43.91876616407054,75.39739330457094,81.18868903956081,0.0,46.870678731356115,335.1161443736629,1.0,46.870678731356115,50.990143400934706,2.857142857142857,21.43391622222222,4.341184283333333,319.58901285382154,320.36806011097093,320.7144480308201,321.44330488895764,321.7716181156598,322.13987187674667,322.44657049419664,323.97060879281236,324.7230307246056,325.4059878502715,326.10875945655806,326.74678862501617,12.460310578944746,12.478286211705079,12.398336324975244,12.610429507545899,12.65922274869302,13.251377472690622,13.91663875805099,14.07085818855735,14.809783852419669,15.523928423573523,16.26299363381341,16.97904491577309,31.980551186852292,90.0,0.48518431633825077,2.0089149309655583
2021-08-08 07:00:00-07:00,491.32865,149.65831666666665,0.2812376868413236,6.5,365.7136893829165,13.919442398321193,63.91289988859311,90.51198974476807,0.0,127.03313309647783,708.3576928061364,1.0,127.03313309647783,114.1492826709885,2.857142857142857,23.62461022222222,4.04389195,666.1012053565646,667.466638218507,668.772014124938,669.3164556363672,670.6684808690923,671.9637323045224,672.5479235990999,673.6623589872817,676.318112273568,681.8410494015229,684.5300900379835,687.173180099572,53.88460224579796,54.08549676378189,53.110958859500776,51.14907624513006,49.30300706256648,46.84220749280106,45.20080618428213,45.24381185725501,45.6128246780914,46.75838279991134,47.7663233138543,49.08322021612503,50.0,90.0,0.366977778440511,2.214355247456318
2021-08-08 08:00:00-07:00,611.3933833333334,188.9996,0.2611651439923607,7.5,561.5777934596149,8.806601438282105,52.45445152634529,100.85703792531082,0.0,268.03974974139743,871.8528064718403,1.0,268.03974974139743,156.60695201012862,2.0905558860747866,26.565026111111116,3.1445686,820.7093407759911,821.716029517594,822.7197251524545,822.838873005766,824.1769381132979,825.2724463800511,825.4524267611157,826.4006027383452,829.9084755376075,837.1980303525261,840.6508355776289,844.0515493825446,80.45235938218914,73.65172695834386,67.6141061066401,61.570854601483994,58.10746012027401,54.18683939206685,51.96115589992019,52.763768801688755,54.56671264373024,57.536306840080194,60.367009831620116,63.5868949050059,50.0,90.0,0.366977778440511,2.214355247456318
2021-08-08 09:00:00-07:00,687.1141166666667,217.3590333333333,0.2408071876167196,8.5,732.3522989857739,15.432202432680995,41.45275951792674,113.70071880802823,0.0,414.472061047787,945.6235859046215,1.0,414.472061047787,188.0989967107883,1.6383956893520382,28.83101977777778,1.95050274,900.5975987623729,901.1478187998723,902.0655893162859,902.6348675354672,903.292360508218,903.4092297765019,903.76099018043,908.1508185251083,912.259487141818,915.9122381973467,919.4912282613233,923.0941171345735,93.12911934061911,82.93651720842885,75.3307496013104,69.25529760491854,64.32411888828396,60.9745706137435,62.824588452557414,65.14659590161068,67.73310019019448,70.82924545391354,71.87833194565783,76.49086976585583,38.96456208167031,90.0,0.4355802002818628,2.07960780444052
2021-08-08 10:00:00-07:00,699.40955,250.97576666666663,0.2342694744499706,9.5,845.8253216681962,20.507808488063404,31.73363628139577,131.76468686903593,0.0,528.1401700863663,942.0463505197013,1.0,528.1401700863663,208.06732453110823,1.3506109902986878,30.01849877777778,2.279805265,913.5386303135717,913.8179835567855,914.0584309291112,914.7555330172225,914.9233477298219,917.6846434546908,920.6030254544337,920.5545757295563,923.2352458422946,925.6582582830738,928.2340867549103,930.7896015054913,107.40670110681596,97.41761486128871,90.11229781423765,84.4833218317435,81.0787320560056,78.27185961564135,78.58992711638997,79.13662653871864,82.56020153187643,84.98378293610975,90.72777132799901,95.60627707841498,24.76265351481632,90.0,0.5405698566722942,1.9490921645805166
2021-08-08 11:00:00-07:00,708.1352,263.35775,0.2202701532930287,10.5,904.5704374617748,23.34826538776611,25.110003304784613,159.0555242327157,0.0,587.5692183316088,922.8160421810471,1.0,587.5692183316088,204.41733675369707,1.1257388030333946,29.840955944444445,2.588014795,911.8310599067937,912.9866641416895,912.8928347701395,914.0637415895349,913.7574927719245,914.915373395567,914.5818642519275,915.739849885079,915.7465144162127,915.2439062669245,916.4063905460968,916.4037263199069,106.96485130255606,98.8459488181186,91.76809969376089,85.98626955598878,82.16170839090884,80.26206405874656,79.99322975996745,81.43095838795125,84.9202447179239,89.19399967673533,94.79555538499655,100.809372928462,9.510112131148855,90.00000147877934,0.6673891635908731,1.8708864002153813
2021-08-08 12:00:00-07:00,708.8811000000001,267.5788166666667,0.2197430904767384,11.5,913.1674996180088,23.63576038672667,24.395646772111306,193.9110987406228,0.0,592.9154166268423,922.3488583852914,1.0,592.9154166268423,204.22428705104926,1.0817941417030568,30.619364944444445,2.2979764433333334,914.9382777948131,914.9375701157637,915.7804889936797,915.4495227897914,915.4513507534143,916.254271334723,915.8277660200209,915.8273129351301,915.8268548271675,916.6699648866864,916.6696946965405,916.1529852297349,107.38037058135704,98.70063628333838,91.74480207762751,86.20247409613647,82.2801248006279,80.10293421832122,79.63905855679454,81.28490745676693,84.33702133291072,88.98128702139185,94.56280223484819,100.96569532655653,6.2226941708284285,269.99999618180817,0.6958034407535392,1.863034748402475
2021-08-08 13:00:00-07:00,673.3083333333333,269.35536666666667,0.2267738246143912,12.5,852.3008732621926,21.335743527486958,30.02664380071179,223.35791582393063,0.0,532.1424194938477,925.7644364689161,1.0,532.1424194938477,202.8339857281823,1.3002797027537543,30.87161988888889,2.839341933333333,915.4989436443769,913.5880070832011,911.2429748061058,911.3488102651093,909.1443783621853,906.7093014988476,904.5805475477864,901.8984642823601,901.8679925238898,901.491303663013,900.9743733224163,900.6427100053929,93.39244436125114,87.96909347377442,83.74258742793658,80.22869876661099,78.18558566463018,76.61897030929659,76.83545051281406,78.42376702801732,82.91885323567762,88.27201900799885,95.71866253554309,104.9213404334477,21.643560761877566,270.0,0.5655843322498616,1.927646517207577
2021-08-08 14:00:00-07:00,605.3155166666667,263.90641666666664,0.2409721598432151,13.5,732.2849660025573,16.713587635784943,39.305818510025254,242.99969435069795,0.0,430.2237537304724,899.0088901916545,1.0,430.2237537304724,188.8022597915801,1.5699089082199378,31.150500722222223,2.5226219700000003,881.0847877933978,874.8887238877824,871.792284310483,868.2616004930991,865.0183839468925,861.4597204777614,859.9005581179293,859.7268288529283,859.260162811781,858.3656898914794,857.1167732557523,856.8173232047835,83.71098737374142,79.22088464225065,75.58100467523603,72.53552008177411,69.64219172884074,67.34471337873586,67.07753833787653,69.8306992187597,73.82502330586449,80.06772815809842,87.42733174978555,95.83280505811133,36.10811533186549,270.0,0.45534460273358446,2.0492364346859717
2021-08-08 15:00:00-07:00,412.86890783333337,248.4509666666667,0.2585993467572414,14.5,513.0682504568048,10.217809154961476,50.139301292936274,256.63838483863003,0.0,267.1932612672954,731.262033483086,1.0,267.1932612672954,151.64108122187358,1.9673048378239173,31.06091327777778,1.8836579533333333,705.591039133594,701.6134579809158,697.1226348819285,690.1182668483431,685.3852603927846,684.9102038369125,683.4726756429642,682.9407781200107,681.15069681113,679.7084343836511,678.72209689732,678.2758381678431,70.4690089856599,66.29465057530317,61.89295729501887,58.85557829784545,56.298248031249585,54.199653160184766,56.01641529129737,57.80710796507395,60.799801193727625,64.49174726919821,69.92760943289966,76.01243463891295,49.36395429929168,270.0,0.37056912773433315,2.205891098844378
2021-08-08 16:00:00-07:00,348.2106606666667,196.72965,0.2743782500289629,15.5,362.57486068876244,11.762661730847595,61.55738185088592,267.34305967331704,0.0,156.9696234782044,602.1791380193515,1.0,156.9696234782044,113.29856831267531,2.7322993542969125,30.8140685,1.371305325,581.3966793619495,579.4420324662259,577.4519184901189,573.2683720855633,571.3131527873504,569.6426740759601,568.851724157131,566.974165509306,565.0242104276213,564.2339036762412,562.3155605758234,560.3591801751509,54.053116038044294,53.06498786448705,52.321572200781375,51.41377033778424,51.28920591440602,51.51316356615464,52.661728585614064,54.913633404912254,56.658261216539174,59.2233942754758,61.36562273291905,63.49675365598782,50.0,270.0,0.366977778440511,2.214355247456318
2021-08-08 17:00:00-07:00,257.189705,122.338895,0.2964865154511898,16.5,197.19468960166054,33.7386585580364,73.07900134445703,276.7821100087965,0.0,62.18079056442779,392.37145356046415,1.0,62.18079056442779,65.84847554178094,2.8571428571428568,30.795987222222223,0.4492528873333333,381.793999931395,380.80381767981896,379.2377200381206,378.1895363351373,377.12449002907226,376.0378431985634,374.99555887013264,374.4000880711395,373.3146737327927,372.7916501723481,371.64707785824754,370.4763781471196,24.776815121956272,23.763855759890358,22.755513321434204,22.172594604252634,21.188919603236187,20.557230912753926,19.546124732231412,19.030982968960853,18.57755200973957,18.196485037772934,18.319960737053268,18.167028775516375,39.7848586567364,270.0,0.43004667715154804,2.0886902009610093
2021-08-08 18:00:00-07:00,69.99556796666667,46.041720000000005,0.2641302468162155,17.5,52.89162824949755,73.76332056488273,84.38393020087992,285.9419777890507,0.0,25.078734769473385,78.83461746492912,1.0,25.078734769473385,14.173007594407299,2.857142857142857,28.273590555555558,0.5921503208333333,68.78411637942122,68.74548993121019,68.75001427535997,68.7500872697857,68.70600689417032,68.70580478359727,68.66146805227781,68.6616536732363,68.60688535321553,68.60690762151151,68.5523037675002,68.48063483994963,6.044201155652844,5.928956983776357,5.787939685350321,5.690919227600172,5.60890697879771,5.546764783222214,5.486057029989796,5.47548914241478,5.501866218503658,5.5547887301033265,5.61620451421386,5.740936221610904,11.059247471341399,270.0,0.6540880210144037,1.8757135070884245
2021-08-09 05:00:00-07:00,79.24851906666666,24.1445175,0.2581785146275225,4.5,29.38085144367082,79.11809679676378,86.2114298492286,72.69174111664098,0.0,12.940462350570314,43.91355828852521,1.0,12.940462350570314,7.804734533229833,2.857142857142857,23.07083777777778,4.892083133333333,34.764121335263205,34.797906474085025,34.805857341922454,34.83968824338346,34.839715841675144,34.840087606518786,34.87388223619889,34.87387114768755,34.86976983625709,34.869758787217364,34.90356554114688,34.90358346482899,2.9243822694082158,2.864740635745054,2.8183670231618847,2.7868974540076046,2.7673798410814325,2.7660180719668026,2.7792087782041395,2.8243751987583066,2.862922391402499,2.9103892419093125,2.969394152898521,3.029288698426854,7.434642726476976,90.00000269986933,0.6853024166122565,1.8655497496561502
2021-08-09 06:00:00-07:00,328.17626666666666,92.843525,0.2876373481815914,5.5,174.747361163081,44.5151691392881,75.54777191938146,81.44547553100625,7.77156117237609e-16,43.96060992250941,380.93097942409577,1.0,43.96060992250941,56.42451882411761,2.857142857142857,24.260636166666664,4.1161330666666665,362.6408034893854,362.98111333225324,363.6773777764648,364.04247032301845,364.6942211160688,364.9882476849807,365.3114885682281,367.40147792080086,368.541297126608,369.68396873454014,370.75085509095004,371.8202787318545,11.693399516741513,11.521363459697929,11.637483783783946,11.637202902760192,11.880455186669142,12.809048598047312,13.515419618321861,13.932110265191765,14.976872501413746,15.716734911415548,16.75603643536892,17.838939107060458,31.494444244659622,90.0,0.48879205751836324,2.004452032084888
2021-08-09 07:00:00-07:00,476.18865,157.14975,0.2817648550190616,6.5,365.45194642857126,14.075063395298775,64.05957958323688,90.79128082107172,0.0,126.91667075207896,702.4777782020657,1.0,126.91667075207896,115.14465142358208,2.857142857142857,26.354064277777777,3.4586194166666666,659.476019207944,660.9237248079717,662.3076753800273,662.8918928000605,664.3181916651959,665.6914707040128,666.3043400516901,667.5117195671589,670.1831176882605,675.739045855519,678.4405426294107,681.0962503746198,52.49724438525074,53.15245071430906,52.582019541018624,50.97695597251027,49.39112622049721,47.19062469881843,45.711136816558536,45.89277400349067,46.37092877173698,47.58055180007932,48.65991807139395,50.03270665113223,50.0,90.0,0.366977778440511,2.214355247456318
2021-08-09 08:00:00-07:00,553.2242,215.3324333333333,0.2636169916729368,7.5,551.2924662202787,9.091302439690514,52.607167361925946,101.16899113382055,0.0,268.07481684050725,842.9331233289685,1.0,268.07481684050725,158.6006070706133,2.0970285578001238,29.2455675,2.6640867333333333,789.3721360915863,790.6530589272337,791.9264201498627,792.1823722610957,793.7652948253262,795.1094619276013,795.415090573514,796.6147101580085,800.2368922189446,807.7506913217833,811.3076329409589,814.8108034025033,81.21583343681431,74.84183974534285,69.2221283000892,63.599547740101514,60.45622900356502,56.873502447294804,54.90529389233232,55.929922675926235,57.905672201565004,61.00453759007525,63.957959823016246,67.28137843961562,50.0,90.0,0.366977778440511,2.214355247456318
2021-08-09 09:00:00-07:00,623.0336000000001,268.47805,0.2446190972677722,8.5,734.1980478734487,15.708979683753062,41.62538848161946,114.05415825217928,0.0,420.4470324072774,930.5498487305869,1.0,420.4470324072774,192.11029038896882,1.6407620720467122,30.04960294444444,2.316685333333333,883.9950582939052,885.0367262735949,885.5589471245553,886.7397118881826,887.8704986985614,888.2275975052399,888.7966545312439,893.046710055365,896.8121883502337,900.1157306860936,903.3540139343332,906.9040482589876,95.91302431298597,86.90734723630803,79.7703279951726,74.15084079025563,69.46083247396491,66.47888333280152,68.18081268049914,70.32886420810419,72.6961650978637,75.76867355668792,77.48908803295384,81.86701683877766,39.05814755909456,90.0,0.4349456169396352,2.080635971881811
2021-08-09 10:00:00-07:00,625.6784493333333,352.79833333333335,0.2320085767337969,9.5,883.7152862185501,20.795109755593607,31.946123956174475,132.14233494957975,0.0,554.3903038320192,972.4234893367333,1.0,554.3903038320192,215.57034936821648,1.3514649419544986,31.92979283333333,2.3610015566666664,940.1140383134186,940.7155739160808,941.2427208503887,942.5248474867808,942.9605031062713,945.5782154415095,946.058458645455,948.5916483267697,950.8587369337374,953.4315112005188,955.6522121229241,958.105001185869,112.1462584807978,102.47618523734063,95.71321238917156,89.18673309855969,86.70921009645262,84.25070568011674,84.51368691642482,85.29600387641463,88.69964329525801,91.14766067058139,96.76344384189919,101.40452032020079,24.813904788332785,90.0,0.5401638132656671,1.9494671997920738
2021-08-09 11:00:00-07:00,400.8340908333333,418.9586166666666,0.2319224158306183,10.5,781.1125097658778,23.6397213632052,25.377892647667128,159.32478482813826,0.0,506.697044672159,792.430722273893,1.0,506.697044672159,184.89108487725835,1.1257080076416313,33.12797416666667,1.6891782983333334,776.6042933112948,777.2883795464206,777.4543849818118,778.1504101420314,778.1372027079602,778.8229917789115,778.7969984270271,779.4831284790544,779.48841184192,779.3194982576133,780.0090145249862,780.0069433390424,97.96066143532406,91.62367179173032,86.14166386696617,81.71874257635818,78.82930763239739,77.4558299495449,77.35411616144629,78.60324463552307,81.4809121191846,84.94143690634031,89.41526037078634,94.21924125639234,9.507831297422529,90.0,0.6674087941335499,1.8708798238428646
2021-08-09 12:00:00-07:00,164.96056293333334,357.2634,0.2366629239683892,11.5,507.1476997842896,23.92217067264161,24.68646513211178,193.85813133734186,0.0,327.9132436321966,509.55970108028805,1.0,327.9132436321966,121.3428296527693,1.0825914621472543,32.36248661111111,1.826715935,496.5012848685144,496.5009596695519,496.7162541150791,496.76607562338546,496.7668965276042,496.958139415036,496.9583445660161,496.95814907971976,496.95794063016007,497.1733322638087,497.173214443633,497.12676038782115,65.34948948910844,61.565254661137956,58.58342055764272,56.24659255439913,54.637748340087995,53.80262841875593,53.72785418791875,54.590252112938714,56.046067671994955,58.19673851492385,60.73766664405937,63.62969086855535,6.282830332832471,269.9999956465915,0.6952817756757126,1.863149062540905
2021-08-09 13:00:00-07:00,335.6050685,352.12443333333334,0.2362929396913247,12.5,641.9198915981817,21.608267875867924,30.287973260237795,223.09933976107516,0.0,405.1025165582404,682.8498597091389,1.0,405.1025165582404,160.2848002471399,1.3020379720206334,32.599969944444446,1.2267000816666669,670.0366473038285,668.6408680606351,667.3199535371235,666.9962726194423,665.3803496964558,663.5834747337808,661.8626544107482,659.797083084997,659.3513501199992,658.6252723372702,658.074336831558,657.3515127002161,78.14046407559276,74.50794578206397,71.14821622475289,68.69403705095262,66.86461287541697,65.65561849128468,65.69209290844181,66.63989553103215,69.22628193003031,72.7283484013885,77.56039498734143,83.4437952598685,21.755739440913196,270.0,0.5646747617539254,1.9283704284628587
2021-08-09 14:00:00-07:00,495.3368766666666,310.3684,0.2456685682926927,13.5,692.3943655586418,16.966877107114655,39.53420173783644,242.71311259177713,0.0,410.3741824852181,840.3505380588529,1.0,410.3741824852181,185.03505184029888,1.5733784159695423,34.08636105555556,1.3716028466666663,818.7044138858131,815.6411531339481,812.5118712962927,808.9570846896983,805.6868782361231,802.1189856401057,800.2388228419766,799.884132840013,798.3284615844317,797.9935462868274,796.3833261931791,795.9021473452912,85.00452735919139,80.58777274039363,76.9669222964598,73.38215613218561,70.9190413813306,68.50660707147314,68.09758638823273,70.37240494182846,73.82334223581233,79.46640107266138,86.02626653564239,93.59583546093303,36.259952723519085,270.0,0.45427513742218645,2.0508009801369975
2021-08-09 15:00:00-07:00,232.34437466666668,267.9331833333333,0.2550033557708487,14.5,416.1949336084756,10.450915958705266,50.34881493213567,256.3734399211541,0.0,229.91773799050142,548.5552234411216,1.0,229.91773799050142,127.50261946944167,1.9744753928626748,32.670244777777775,1.5269553683333332,526.9511627736429,523.374753184881,520.4303101061494,515.9522253696574,512.0958051099665,511.292680758788,509.2901323054001,507.1937069086668,506.1818206965296,504.5357838293396,502.41978696372064,500.2557023710898,65.72049521549614,63.076706437050184,60.61095095485965,57.366738682837685,55.078757958273314,53.8252903961478,54.54817716931724,55.19579864927363,56.68686444735077,58.64190959661562,62.0561062977974,65.8804928410834,49.54305247844426,270.0,0.3695531244895711,2.2082663668479716
2021-08-09 16:00:00-07:00,209.41958091666663,192.02596666666665,0.2601524517343747,15.5,291.11618560877184,11.999950202517939,61.759996519941495,267.10354941718595,0.0,141.27962378984878,433.63536953544826,1.0,141.27962378984878,89.67248617006783,2.749632214970123,32.03614511111111,0.9251314216666666,417.1737285691971,416.14186685171785,415.0904570429197,412.8120108137975,411.7854151713759,409.9131697747897,409.04104031344843,407.02777655517065,404.9465924835308,404.0517539335215,401.9673683427731,399.8461589505729,47.24444890014099,46.77351166578155,46.438408956701,45.958655178276295,45.975826757657046,46.19479889998413,46.48586526798938,47.45865853892638,48.11459390102321,49.34519870311689,50.330429223568174,51.386644021359835,50.0,270.0,0.366977778440511,2.214355247456318
2021-08-09 17:00:00-07:00,67.28541493333333,119.34732166666666,0.2655900126472363,16.5,138.7012021694362,34.73214716291738,73.28336667991233,276.56339391350485,0.0,69.26413326454062,195.9142579079961,1.0,69.26413326454062,41.43032523414226,2.8571428571428568,30.60271944444445,0.9424847528333332,189.1227611367849,188.4925074788444,188.45749647203175,188.42950577558136,188.3211378026142,187.6766663550535,187.13426476403703,186.57387094236242,185.37194978281104,184.69585448611815,183.41945108135118,182.11750627200075,20.89212727181115,20.774219081926034,20.283759830777598,20.505663967955783,20.342212560050065,20.100257054695994,19.849850217288846,19.350116428771553,19.25623736371565,18.836066930626007,18.515330214638755,18.39995074594509,38.95005183521079,270.0,0.43567866635242497,2.0794485747567517
2021-08-09 18:00:00-07:00,54.28447448333333,38.279322,0.2681562958683778,17.5,43.39106776564772,74.3925291159112,84.59668647669817,285.7399506216571,0.0,21.391541188068253,62.308230836328434,1.0,21.391541188068253,11.816511573159287,2.857142857142857,27.79806744444444,1.1851778485,54.34585716235836,54.34595273381318,54.34654266835088,54.31455718260836,54.31496821471257,54.27416054665713,54.27415832046323,54.22924516457837,54.23393420620891,54.18384686826643,54.18413618702236,54.12852925252597,5.211434809319134,5.1107864127101434,5.016393491515872,4.931538938411859,4.8367125856275495,4.784382447857206,4.7536229051201815,4.7492951512770265,4.768046798059227,4.802974673129645,4.876854674972535,4.9742687479543335,10.613600323776094,270.0,0.6579076673930407,1.874251200295554
2021-08-10 05:00:00-07:00,42.1882597,22.2312255,0.2647112229724798,4.5,25.034805686147735,79.05487939073932,86.18965610929752,73.09492171973017,0.0,12.890586388920124,32.77471378990162,1.0,12.890586388920124,6.692147233150388,2.857142857142857,20.9817725,3.312378876666666,27.407197213935646,27.408869792143776,27.427025612587805,27.428745490602168,27.42877338595953,27.442548071444705,27.444230228844624,27.444218824269136,27.45664257371986,27.456631460299207,27.458327158919467,27.458346023650677,2.968175992850963,2.907259673661701,2.8599012284455787,2.8270618679052792,2.807077324188361,2.8056893485192,2.8191901484130417,2.8556403489696818,2.8949861944128066,2.943448670250248,3.0029151661560523,3.0640128107919185,7.461718465511463,90.0,0.6850681298320225,1.8656110074547316
2021-08-10 06:00:00-07:00,241.0561,96.50489166666668,0.2870865172519075,5.5,156.04926675207548,45.10934798275944,75.6990786100607,81.70686243985665,0.0,49.53588326443159,308.30190535567067,1.0,49.53588326443159,49.271905018162215,2.857142857142857,21.0413505,1.200683706666667,292.8251441083651,293.6364922875582,293.9935980325589,294.7534081141742,295.1401741401895,295.47408560162836,296.57751511614646,297.3470605426787,298.0489996548703,298.72611845224486,299.42151472744877,300.05126835437187,13.00409236743152,13.00856791434976,12.922588487181836,13.129334917153562,13.685485432141427,13.792814431437314,14.420394543045276,15.138424810116009,15.320122311689152,16.042223178174584,16.785853384998187,17.503635610354422,31.0135297034625,90.00000120741828,0.49237976489441476,2.0000972003330393
2021-08-10 07:00:00-07:00,411.8813,172.94196666666667,0.2841616170025284,6.5,352.1577699219665,14.235698830394298,64.20737723623951,91.07520693967115,0.0,129.62217953562975,657.699477585034,1.0,129.62217953562975,114.49676168553867,2.857142857142857,24.025911277777777,1.8163544733333332,613.9481361395544,615.5726757809766,617.1222322043903,617.7940420047041,619.3682406540698,620.9032934537286,621.5839315229134,622.9723424733554,625.6568679177981,631.210394601531,633.9095563651317,636.56331738032,51.30028482858145,52.44423896737969,52.44459000713259,51.42387420460053,50.325405231706576,48.62798851638534,47.49462564095903,47.92378305676873,48.59777363956589,49.91823025513782,51.10426881692692,52.54603650868538,50.0,90.0,0.366977778440511,2.214355247456318
2021-08-10 08:00:00-07:00,486.7735166666667,226.09363333333332,0.2643155116171163,7.5,520.6575847746151,9.38110307651844,52.761404644975855,101.4856770552579,0.0,256.82498324518116,787.2263159033896,1.0,256.82498324518116,153.3745557537173,2.1035528792139946,24.61626088888889,1.1760939166666666,733.5153404069576,734.9714041545499,736.4125704506237,736.7843730926334,738.4928965788791,739.997336319696,740.4013498781507,741.7489503410337,745.3781010662525,752.9281831883551,756.511447839337,760.0336659552081,79.59579477562599,74.00388887575268,68.9999606243053,63.8485684646399,60.951890269151136,57.574787320635465,55.68896277355563,56.75834985404232,58.65474318624575,61.66447749958966,64.52924105958047,67.73714168318568,50.0,90.0,0.366977778440511,2.214355247456318
2021-08-10 09:00:00-07:00,627.83535,251.02953333333332,0.245185677667374,8.5,719.0642886338293,15.990523817389917,41.80019577327468,114.41225507125739,0.0,404.91869871157354,915.7829120731249,1.0,404.91869871157354,188.1233593843377,1.6431310501674548,26.589446777777777,1.5348053433333333,870.41984912459,871.3505016646443,871.8237279926216,872.9052427416312,873.1513523103754,874.2447164007039,874.7732808877306,878.9378128351425,882.6521204421723,885.9221391278752,889.1320420392959,892.6335030263208,93.44860105654553,84.46549923909012,77.26784656836335,71.59557272317292,66.82056510632913,63.75717867566985,65.30785399249072,66.68365349164999,69.53382413521943,72.4643976050954,74.02018314867175,78.39428770437995,39.1515074306369,90.0,0.4343134008823627,2.0816637248961145
2021-08-10 10:00:00-07:00,710.0669,259.3188,0.2299193269631191,9.5,860.425620559334,21.087076764315785,32.161659723309576,132.523803988827,0.0,537.4671218025829,957.7473307157254,1.0,537.4671218025829,207.88033993295127,1.3523021146825465,28.287986888888888,1.6782485416666666,929.0870904853062,929.0730328355949,929.340424282414,929.6725734799661,930.2943036996153,933.0398735416638,933.2737076280341,935.9263026590022,938.5524774637054,941.2273932455694,943.5611624081059,946.1090201150097,107.36198875023672,97.42913360760629,90.48363525298447,83.70199233271705,81.21848289368477,78.46988374583682,78.77075449480688,79.3391667498307,82.37585683942548,85.18313388507526,90.87752844297002,96.61673544190135,24.864094395593717,90.0,0.5397663437319482,1.9498351700329846
2021-08-10 11:00:00-07:00,696.43175,282.8728333333333,0.223881570277232,10.5,910.6769710828253,23.935582938975678,25.649587004337775,159.59685559532159,0.0,591.4739272829084,928.5691609413603,1.0,591.4739272829084,208.92806616234142,1.1256481275296364,30.27406838888889,1.7640446516666666,916.9401816031892,918.0611147973686,917.9915329592721,919.1279959049931,918.8450621758936,919.9682935305838,919.661178070072,920.7844545416687,920.7911979331581,920.3146020919592,921.4425720157267,921.4398800401456,109.49440543273562,101.27778089134478,94.11855513740741,88.26733785837665,84.40465187173935,82.49047874615484,82.2253076130544,83.69153995217107,87.22564794552471,91.56261854454377,97.23795430145877,103.33527937056998,9.503394873365814,90.0,0.6674469776564129,1.870867036691115
2021-08-10 12:00:00-07:00,587.6994966666666,335.3054166666667,0.2263653608226619,11.5,868.0207018781138,24.21252934805376,24.98184933094919,193.81009853434134,0.0,563.2045115248933,876.515807007671,1.0,563.2045115248933,200.03917805268657,1.0834322207993272,31.852009833333334,2.208049213333333,866.7124298209967,866.5391359682003,867.3318826268255,867.0562629034889,867.058050813937,867.8114251728009,867.8114503524887,867.4385609241049,867.4381214820096,868.2310359469,868.2308471812041,867.7674181843648,105.4715940805729,97.3628382042236,90.88859007521962,85.74010892882488,82.1167303883816,79.95320002258434,79.7285714441192,81.33096707620304,84.22081450903765,88.5819634145695,93.81903044606223,100.17771784087566,6.3462267613117875,269.99999658490543,0.6947318939402187,1.8632707598334202
2021-08-10 13:00:00-07:00,139.5378207166667,325.8773166666667,0.2377250989322636,12.5,446.0396107126204,21.884144960315215,30.554614558818876,222.84436045912486,0.0,284.65621393116254,463.16088020838504,1.0,284.65621393116254,112.77698548496966,1.3038638132452778,32.22152583333333,2.179176215,450.7472224670511,449.8676383792417,448.8203418843292,448.9442842496592,447.8004588587168,446.6492960540247,445.5668782556484,444.2482607883331,443.62900450244103,442.80934904989,442.09587003686966,441.40567739059486,58.76465173378163,56.039275550505124,53.809277753352724,52.36759456395997,50.974200707868704,50.21261942371616,49.85680507264733,50.31290984977217,51.869502619288134,53.01835301867717,56.01275786311252,59.14040751510473,21.871986833604282,270.0,0.5637329507659196,1.929124352220399
2021-08-10 14:00:00-07:00,28.340577683333333,267.51296666666667,0.2449273142706581,13.5,289.29671334895636,17.222915853388535,39.76793898465582,242.42739098272253,0.0,187.00570764218764,289.9205118151526,1.0,187.00570764218764,81.34882698759358,1.5769687635415468,31.116346944444444,1.7437567516666663,277.03075866333495,276.5376431280203,276.20629555577085,275.6975394000401,275.35008184985463,273.7533550825152,272.6720908182839,271.4394976403876,269.0253885280041,267.936733858417,265.3853475434563,262.8088638036809,46.4258616554631,45.77238446836662,45.13683676132455,44.41382201828659,43.86093307242625,44.005723983724394,43.46931976703664,43.005667827563464,42.60674127724066,43.35364399344546,43.74372795343602,45.206195396993515,36.416251321843134,270.0,0.45317641896932326,2.0524174089454603
2021-08-10 15:00:00-07:00,263.962708,276.27865,0.262230015395491,14.5,443.95396572642017,10.686273482349115,50.56343684915594,256.10793461269145,0.0,243.85746262893,591.0191489826171,1.0,243.85746262893,136.92081602071872,1.981896095441599,32.385500944444445,1.6213371691666665,567.8841676689105,564.2671164847796,561.6300729319674,556.810014487125,552.9089070052457,550.8504213415738,550.0752972597636,547.9534907733479,547.3594278638229,545.2934063753395,543.1466081345052,540.9554087504868,69.12209509257468,66.46023285675406,63.9954668618567,61.78242808441538,58.473430663982334,57.33919681088265,57.73993792662728,59.086591307071046,60.84869368617709,63.98511274614851,66.96975372433573,71.3187214977704,49.72668964684217,270.0,0.3685152320071076,2.2107084156426877
2021-08-10 16:00:00-07:00,279.73558799999995,240.35971666666669,0.2789333686048773,15.5,371.8278204654934,12.244307845214509,61.96747225261009,266.86287757353625,0.0,168.66960220768945,592.5771803553464,1.0,168.66960220768945,121.27184538358895,2.767588200124003,31.236323555555558,4.870293766666666,570.4200715934269,568.3804791533796,566.3044758201758,561.912268468431,559.8583969158349,557.8189974009559,556.8533614943441,554.6160696525354,552.2945870480876,551.3286986211425,549.0244355232394,546.6784845451489,60.791745303765595,59.665455865926425,58.76415967765691,57.68467896860751,57.346317802992104,57.32557610582928,58.161923242745964,60.001874518141015,61.37115816097117,63.51291362939339,65.24318425558816,66.92330574252026,50.0,270.0,0.366977778440511,2.214355247456318
2021-08-10 17:00:00-07:00,102.31240033333331,112.98951666666667,0.2543902477447067,16.5,142.06079367198274,35.72438926476388,73.49241562479953,276.3432715294546,0.0,62.065639989481895,229.38514225360245,1.0,62.065639989481895,42.34607811336777,2.8571428571428568,29.980353944444445,3.671277533333333,214.08182449695096,215.23580290174422,216.3696842857952,216.88427562917298,217.95294364019708,218.4473208431517,218.93205593943253,220.04273892066303,220.53087704974217,221.00927665221235,221.48175246635117,222.00826220669893,15.987446430721315,15.82737491651924,16.097641734927677,16.45934401827964,16.901119022129617,16.978135262923093,17.54512365564915,18.127269995654743,18.654837521857058,19.215057220902956,19.740574050743295,20.227755659063444,38.12518589771274,269.9999985212207,0.44130913303713454,2.0704791458819027
2021-08-10 18:00:00-07:00,73.9069403,36.68982233333334,0.2682173730887343,17.5,43.370178896719686,75.0335375118116,84.81402754204036,285.5364384436901,4.662936703425655e-16,20.533524340327318,64.6991422458746,1.0,20.533524340327318,11.788544199751664,2.857142857142857,28.463071666666668,1.7174368251666663,55.595452814695506,55.56562450557843,55.56611323684812,55.56608715050806,55.53203015047927,55.53553345230361,55.49660350236101,55.497164728598506,55.497244916619806,55.45388855357015,55.40947361597155,55.40999332902793,5.003325338077008,4.9085230710913175,4.791849970052527,4.710645757768821,4.643155779068103,4.59375690408437,4.566803218461907,4.540772959828766,4.565973901390231,4.6125059266347685,4.683426824703211,4.788371983716789,10.161593759017748,270.0,0.6617875104234255,1.8728287676720161
2021-08-11 05:00:00-07:00,59.5193647,23.68491033333333,0.2685512648966937,4.5,27.471675531415794,79.5266419423565,86.35224090736028,73.3465778043563,0.0,12.69398945163858,38.890967991685415,1.0,12.69398945163858,7.580986082411686,2.857142857142857,20.91597438888889,3.4665279166666663,31.060428777065198,31.101235506481643,31.101223156511466,31.13460799631232,31.134623920487336,31.134628994768185,31.163668273126902,31.16365811866882,31.163647409105693,31.163636355797173,31.18616008263345,31.18616611903677,2.9765788192817375,2.914816887758961,2.874553599779875,2.842332045711768,2.8244592627663287,2.82180109017891,2.83396815334914,2.8611248200377655,2.899804955157325,2.9681305506001587,3.0244935073426142,3.0894834182155613,7.128411545748015,90.00000426886824,0.6879532329287722,1.8648723321427263
2021-08-11 06:00:00-07:00,301.53505,90.718605,0.2838748588383665,5.5,164.4257667939641,45.70127303040733,75.85127100522945,81.97276771435368,2.3314683517128283e-16,42.98728686824282,353.6497256446621,1.0,42.98728686824282,52.69303921887063,2.857142857142857,22.438837777777778,4.174849133333334,336.0743442933028,336.76616536525495,337.1156623180821,337.422474284478,338.0434802404006,338.32888834272865,339.5112591590221,340.6278706585917,341.75278442377225,342.80236463399723,343.85233541930165,344.83057471508096,11.183572244416021,11.190745301358668,11.118678471649234,11.296408376968012,11.894500569937318,12.212507104723144,12.87453594521949,13.82759424464836,14.259489297044892,15.297347947970946,15.978664885119395,16.986870991187722,30.537743883979047,90.0,0.4959470723233424,1.9958482270912843
2021-08-11 07:00:00-07:00,523.4774333333334,143.31223333333335,0.2786326842554926,6.5,369.8596624786817,14.401389860288667,64.35626482106468,91.3636678652078,0.0,123.37814934252795,731.4377397574701,1.0,123.37814934252795,113.40415807703218,2.857142857142857,24.86841683333333,3.4540701966666663,689.8355132851183,691.1547938669372,692.396147167079,692.9307872957077,694.2125420959062,695.4642125703554,696.0220912238054,697.1134230459126,699.7065139328871,705.0834602419085,707.7142147078279,710.3001425789839,50.03922109651254,51.22391944476918,51.04913721462213,49.70634009763431,48.2161994522241,46.05449449965126,44.52333498740806,44.59128679600973,44.935554515564235,45.98751729338875,46.91302298302243,48.129812801713975,50.0,90.0,0.366977778440511,2.214355247456318
2021-08-11 08:00:00-07:00,668.2948166666666,170.25618333333333,0.2604265113929682,7.5,573.2174161825508,9.6758659936926,52.917147276211175,101.80696686426666,0.0,268.4784147289066,916.3274948023571,1.0,268.4784147289066,160.0453232849434,2.110127556375999,25.305101944444445,1.240662428,862.8122688999503,863.566675786991,864.3177787794011,864.3212301030517,865.4236508224405,866.3034707460142,866.3716537297527,867.0749771673767,871.2243370250902,879.8255913185112,883.9338629553848,887.9720217165013,82.17494150539868,75.086196760185,68.62276879398884,61.97047808866194,57.979297719071475,53.41692366074142,50.65944724598895,51.67092965752667,53.69783339246063,57.04730182992484,60.2708431491973,63.921631599042115,50.0,90.0,0.366977778440511,2.214355247456318
2021-08-11 09:00:00-07:00,756.6264166666666,186.1803,0.2404497540457056,8.5,748.664984866133,16.276752459739885,41.97717104910011,114.77483179525268,0.0,414.2917523634008,978.2461767692745,1.0,414.2917523634008,188.99889067798026,1.6455018922729505,26.776319666666662,2.25646672,935.706947794492,935.9489954099281,936.1059412167225,936.545768245322,936.4703631426369,936.9555425916672,937.2125936762596,940.9736362082871,945.2941399727715,948.8089444859571,952.2543200007941,955.9811486402588,92.81652440225297,82.9541679947622,74.76860513368739,68.23188187070514,61.94178802588033,59.177720844466734,60.66698454667434,61.996159005343266,64.95763449229929,65.21714268213577,69.41524989206812,74.12177527091632,39.244613276255585,90.0,0.4336837397914841,2.082690732017751
2021-08-11 10:00:00-07:00,782.7633000000001,205.75295,0.2266768052457495,9.5,866.8066026796223,21.383623529526723,32.380222438308444,132.90885184304693,0.0,540.1336871082284,970.0322527858158,1.0,540.1336871082284,205.38813101426973,1.3531220365254912,28.077127,2.187966005,943.7493566052295,943.5889105175328,943.7192280436304,943.9083130504199,944.2734587858222,944.4869479139666,947.0506870805978,949.8474693273502,952.2996907533769,954.9000771329655,957.170397769938,959.6530079296374,106.16467942308321,95.95773183665747,88.717850944164,81.70838353275526,78.65431170297133,76.13754954782365,76.84046398791033,76.79927342745688,79.7640024791975,82.58974684460135,88.25754157309072,93.98039420345641,24.9131973227391,90.0,0.5393776361236586,1.9501958469264014
2021-08-11 11:00:00-07:00,793.0975666666667,215.6136833333333,0.2190877904639891,10.5,928.8993694951093,24.23576001263077,25.92502882593152,159.8714999594223,0.0,603.4977515502181,947.9980167011972,1.0,603.4977515502181,208.52193774870784,1.12555883320276,29.902941055555555,1.9593629766666667,938.1637653784959,939.326992939464,939.1995495336618,940.3788459176309,940.0396521743933,941.2052702494244,940.8434613631158,942.0089644747295,942.0158900828308,941.4866354752442,942.6571821159876,942.6544065114169,109.07294495938302,100.59721152607716,93.20109798425496,87.12852854891673,83.11815200197853,81.11330077123354,80.80670321568302,82.28563138373315,85.87258098407273,90.31418450472935,96.13715842585442,102.39923058077194,9.49677768966042,90.00000256132094,0.6675039315142582,1.8708479749004403
2021-08-11 12:00:00-07:00,781.6395166666666,220.81698333333333,0.2183379619976806,11.5,927.5902478523565,24.506742022911677,25.281706402602907,193.7668973772196,0.0,602.4777588422804,937.5852748718,1.0,602.4777588422804,206.1633639005133,1.0843167783688317,31.59558183333333,2.4271346033333336,931.3792677581087,931.1276843187619,931.9817453484038,931.9815566385207,931.6327743533027,932.4888952559178,932.4461280064398,932.0003944278159,931.9999068674194,931.9994217962723,932.8539766254199,932.8537019396931,107.50775146980378,99.24406923090649,92.08488255493486,86.3711372179007,82.33632220892665,79.9003811766115,79.83733247224278,81.29262392223426,84.59886069701312,89.18097904132395,94.90815331282391,101.86755572732108,6.412906236110187,269.9999957311318,0.694153609062477,1.8634000722749553
2021-08-11 13:00:00-07:00,758.47225,221.94651666666667,0.2247593970294682,12.5,873.2641996730998,22.163278304822168,30.826480390586493,222.59309073516013,0.0,544.1593209594197,954.2082448023682,1.0,544.1593209594197,205.2340515237003,1.3057578575770683,32.76697677777778,2.3970137,930.5645203591993,930.5032939104029,930.8074957865147,930.8267642300258,930.7707911641746,933.5615348299499,936.1090564176716,938.2948685514672,940.7136369491833,940.4917323149167,942.6928650043858,944.7766984287307,106.48761648481725,96.57674756483951,87.76287448975604,83.45524553620827,78.30184942028974,77.04855607244663,75.7902588166654,76.2359739041528,79.49621816258838,83.91728281573546,87.76004714291429,94.18018132804026,21.99231457432905,269.99999914622634,0.5627588893354687,1.9299087626939684
2021-08-11 14:00:00-07:00,706.9835333333334,213.30836666666667,0.2383681197296144,13.5,754.8339150237688,17.481609974028483,40.00696651007453,242.14269643018528,0.0,439.2102684212455,948.1140405413905,1.0,439.2102684212455,191.00496438964876,1.5806816450951573,33.124498611111115,2.5422160183333333,927.6711150392663,924.0561257242081,920.6999845325507,917.2984131213967,913.0164507674328,909.1093296654049,908.8486046923283,908.4199264823641,907.7359480252509,907.2967193140917,907.0651359238014,906.4800950716188,81.53444108814487,77.21883085362208,72.85966015326167,69.59388693243538,67.06256778108654,65.28591814571536,63.69015372391402,66.74285320562608,72.55992840380028,79.04342014221838,87.1620654018809,96.70349206699223,36.577004124678915,270.0,0.45204869342115445,2.05408614953633
2021-08-11 15:00:00-07:00,643.5304833333333,190.67381666666668,0.2585747733648328,14.5,597.5508888137205,10.923794713015246,50.783114913319544,255.8420113777393,0.0,291.6990102168094,907.918207362376,1.0,291.6990102168094,166.90903276313605,1.9895720224320237,33.16010111111111,2.37972845,878.7818143731411,874.607394965547,870.3760785146605,861.4756743901582,857.1412985631279,856.3655604512492,856.3112734696942,855.4605147809962,854.2741545838973,854.3238721792655,853.5479087136887,852.7561655577832,68.14610720858268,63.938409832128,60.1235334123665,56.168666248871496,53.41627020329759,51.92818009414609,54.091486457688795,57.977443301842285,61.54193082300551,67.91492936816185,74.51584672279387,82.03937284870864,49.91483859811101,270.0,0.3674559040282494,2.2132173501557335
2021-08-11 16:00:00-07:00,543.8148166666666,153.11205,0.285135865323418,15.5,406.90994523255904,12.495564292000212,62.17975842448025,266.62115623173565,0.0,145.8833171010287,766.3509681764559,1.0,145.8833171010287,125.7318962345937,2.78618404911966,32.86799477777778,1.821567905,743.0600697255123,740.2934636181918,737.4778831583839,731.65838170403,728.9010386333383,727.8526327377097,727.2916197420361,725.9814346213964,724.5986650779654,724.1047533158279,722.8022105490261,721.4589016679713,51.782089329827436,50.4392101408515,49.457602832934555,48.33384259613688,48.2391419267249,48.63466880374621,50.89290379482918,54.58306852155851,57.60915429971596,61.508885754106934,64.70294720603485,67.44578373703054,50.0,270.0,0.366977778440511,2.214355247456318
2021-08-11 17:00:00-07:00,372.0480666666666,101.83835666666668,0.2886141799277128,16.5,206.2218832123808,36.71556776009935,73.7060937880384,276.12183065732944,0.0,47.70410994955306,463.15431581804637,1.0,47.70410994955306,67.21215620736294,2.8571428571428577,32.09028461111111,1.4874888683333334,452.2733768509998,450.90462885356726,449.4517224024834,448.01948794136104,446.55380245245635,444.64707761712725,444.22495550038553,443.8612334012329,443.05653175487953,442.67642563203685,441.8217822061749,440.95456000060386,21.063320470800868,20.554273955326828,19.20963666374489,17.85809783867736,16.561168711801034,15.24154886118553,14.245535635351981,13.913739763784124,13.576005341784127,13.310494464505242,13.373768459609915,13.276480802984368,37.30967358248901,270.0,0.4469386519594004,2.0617717002008558
2021-08-11 18:00:00-07:00,110.041622,36.55756366666667,0.2460273956854373,17.5,46.07964830032156,75.68614464233961,85.03589269756864,285.3315097417962,0.0,19.290441565406272,76.1513660166984,1.0,19.290441565406272,11.752553873759545,2.857142857142857,29.364976277777775,1.0426592633333334,63.11682557249715,63.20760840576931,63.238900526686706,63.292911704512136,63.31471776355753,63.365448464330036,63.365375331063134,63.43212678832117,63.43221977064989,63.43621538584311,63.48758940648989,63.4875563609741,4.153014112347872,4.071059023785733,4.03593966504889,3.989043645648527,3.970638270473857,3.9726395422433014,4.001556642101211,4.077486385106782,4.136596313608302,4.2052263267017596,4.29034306099427,4.419730637075648,9.7033827757476,269.99999914622634,0.6657262121147194,1.8714493374817676
2021-08-12 05:00:00-07:00,78.58512226666667,21.3926676,0.2783330710940173,4.5,26.421159880897985,79.4657998146986,86.33126030549208,73.75941076518973,0.0,11.523882856243244,39.67743496663087,1.0,11.523882856243244,7.5454806359555935,2.857142857142857,18.54298533333333,1.1286805033333331,31.08843398799953,31.126716602505553,31.12670524898909,31.158021449893546,31.158036359766825,31.158040846895815,31.189759459625947,31.185274015616343,31.18526392793239,31.185253380280543,31.20638162830437,31.206387708550913,2.800495723746247,2.7423837274734804,2.704440079284957,2.6741456327329054,2.657337650225241,2.6538205636405046,2.666272493962795,2.6918329483540346,2.728206095652842,2.7923951790742323,2.845426045289984,2.9064579434890243,7.15464431856389,90.0,0.6877260847745339,1.8649292521514895
2021-08-12 06:00:00-07:00,379.0233166666667,80.834235,0.2835560641962605,5.5,172.50061566397036,46.290923832734514,76.00430901893391,82.24310690207608,0.0,37.76459358517011,391.8136170202336,1.0,37.76459358517011,54.13677251433392,2.857142857142857,20.57471138888889,0.7212036783333333,374.4139167530107,374.69664976853676,375.2686266120566,375.53345855975004,375.8190355077499,376.0708610315481,377.4220814541192,378.5039484750252,379.52413239567795,380.5407547555883,381.49005308934915,382.4348125550194,9.855630000533868,9.704482327164968,9.792966030038876,9.78054373102241,10.533591701559478,10.616696570276696,11.442879418951424,12.351940708319372,12.490608468574615,13.45010977329124,14.404810065959524,15.39613519515474,30.067018295561176,90.00000120741828,0.4994936805461172,1.9917028906202354
2021-08-12 07:00:00-07:00,568.7303166666667,126.17335,0.2885773892321744,6.5,370.9623655522485,14.572170295494214,64.50621652252,91.65656104873858,0.0,113.71114796028259,763.0542290300907,1.0,113.71114796028259,118.25971442849908,2.857142857142857,24.67819022222222,1.0868907433333337,718.6511070591048,719.756675386526,720.7781141804375,721.216491634151,722.2866775769655,723.3380654558844,723.804351097008,724.7072808293385,727.9328157834799,734.5586221173315,737.8113732104205,741.0099427820811,47.66558031763532,49.26339691958522,49.33478772621312,48.08470691086406,46.53687015708204,44.246594842830056,42.54424384783326,43.03401906783807,43.80418928569067,45.303256816401166,46.691172300730145,48.39439157783741,50.0,90.0,0.366977778440511,2.214355247456318
2021-08-12 08:00:00-07:00,657.9249,165.23493333333332,0.2596001496333531,7.5,560.5015626979283,9.975456852539455,53.07438105994878,102.13272939888486,0.0,262.12881210440975,899.7215687129101,1.0,262.12881210440975,156.25596048289316,2.1167514345089065,25.15042744444445,3.112955883333333,847.2599870675882,847.9758400074136,848.6887732733355,848.6826996150041,849.7396669443419,850.5795653576877,850.6373270841779,851.3049144822744,855.4259482603522,863.9596899407197,868.0380387843684,872.0469263437133,80.00140581474864,73.06485056122672,66.73748387300807,60.225343890068366,56.31289381974126,51.84242776789198,49.13631232377886,50.177411423396634,52.2126705033821,55.541274492486096,58.749220450983024,62.37625186099969,50.0,90.0,0.366977778440511,2.214355247456318
2021-08-12 09:00:00-07:00,715.0313333333332,191.37335,0.2396127415814979,8.5,721.4379805524072,16.567581007767654,42.15630520658245,115.14170883919678,0.0,400.090985031084,942.0549961870759,1.0,400.090985031084,183.1021851646188,1.6478739429501903,25.85385094444445,3.65645195,899.3951014341177,899.1899710879886,899.9036616946136,900.4184868805762,900.3774905450782,900.9319565516546,901.2165052917339,905.4230021922723,909.3919233627806,912.952327725569,916.4418629293107,920.1995959506726,89.4994448882308,80.10898045223404,72.34602300914827,66.1700863068448,60.47891646935431,57.59918404984465,59.19080336957022,60.639099396895894,63.647375410455346,63.942813862202634,67.64174407841617,72.82703546501581,39.337440054377275,90.0,0.43305679751571713,2.083716696739663
2021-08-12 10:00:00-07:00,754.1798333333334,205.80281666666667,0.2272915013239944,9.5,841.1507221232436,21.68466194789023,32.60179116778686,133.2972361357185,0.0,524.2495602847434,941.7978928562404,1.0,524.2495602847434,200.35078691603567,1.3539242988987448,26.57908133333333,2.9367964666666664,915.5738338390458,915.429678162888,915.56519096702,915.7576318450658,915.8571634636755,916.3496892721628,918.9242163233718,921.7137428373859,924.1743859166476,926.7750955469675,929.0565551417308,931.5375758365535,103.3474704309758,93.43525950322126,86.46313289367757,79.65903389295654,76.75413148516688,74.32204911569298,75.05973650627476,74.54996949977425,77.97512761742288,80.71974557598344,86.27484673464838,91.89403114758375,24.9611920242438,90.00000085377364,0.5389978509234428,1.950549027282816
2021-08-12 11:00:00-07:00,776.48115,211.3598333333333,0.2279800604210687,10.5,908.0391501617149,24.540162355112965,26.20416021916224,160.14848281908712,0.0,589.9456206671575,926.8524055978935,1.0,589.9456206671575,211.96667935067893,1.1254397984834434,27.61305966666667,3.0144137,917.0912990678587,918.25022756527,918.1215001574446,919.2968377826497,918.9553450959793,920.1167064017689,919.7546999282649,920.915826095648,920.9228604862441,920.3929621490853,921.5594336766095,921.5566144555203,110.93127533271037,102.30824031801664,94.78369908917536,88.59787707404367,84.5170692837781,82.47555587912483,82.1612127047476,83.6658693545713,87.3041975845303,91.82408603021355,97.74585957323475,104.11876676231708,9.48795801803295,90.0000020913098,0.6675798438155494,1.8708225889651606
2021-08-12 12:00:00-07:00,779.7255166666667,208.97845,0.2228825187543192,11.5,912.24292270502,24.804714640950035,25.585942340124106,193.7284153732639,0.0,592.5440483905337,922.3289198058428,1.0,592.5440483905337,206.93722732985768,1.0852453955940873,28.17859383333333,3.283046416666666,916.3373193761296,916.0843152895926,916.9307793106311,916.9307275600448,916.5820566518668,916.5834558914613,917.387475213154,916.9432226709031,916.942725532729,916.9422311994663,917.7892323724852,917.7889131230465,107.88537502541297,99.55600484351744,92.34539771776434,86.58883295323538,82.52851878323573,80.0749986570949,80.00757476702015,81.47813447800085,84.80414290164892,89.41833423514996,95.17972954880875,102.18427295152496,6.48288810942353,269.9999987925817,0.6935467651430536,1.863537236639055
2021-08-12 13:00:00-07:00,761.8796333333333,202.62541666666667,0.2233503292196017,12.5,854.9739668194892,22.44557201441351,31.103479811442618,222.34562755040105,0.0,532.451765921223,936.1363032674024,1.0,532.451765921223,199.61474530013973,1.3077206916127586,28.51630005555556,2.9744002,913.3806777442728,913.28620093892,913.5579167321549,913.5411626530758,913.6921160061931,916.1818425875706,918.6678919477539,920.8108130179347,923.4018635890527,922.9505041031044,925.1000319975692,927.1327731969205,102.2766638741044,93.80186404773141,85.13467003540435,80.05990684862117,75.83587128494788,74.58397235293708,73.36508778388155,74.21580541383582,76.94086067115465,81.27654810100844,85.02685960522096,91.26873008263668,22.116730744214316,269.9999982924527,0.5617526002271234,1.930724125728707
2021-08-12 14:00:00-07:00,730.7456833333333,191.01471666666663,0.2367741443913172,13.5,748.7335312478094,17.742865430913454,40.25121568231781,241.85918576295782,0.0,434.34127009074865,946.7464396202091,1.0,434.34127009074865,187.10848529740852,1.5845187603413051,28.44421333333333,2.7411276,906.9280703203943,907.3303669182293,907.4868469803104,908.2254305051426,908.3615171549131,908.6476059668524,908.8403271175655,912.6348547523593,916.5080462443843,920.0515022441894,923.3214525892021,926.8410385064676,94.85762175857383,85.28327730427287,77.10182312171949,69.55363718725478,64.66905716820477,61.55856627304499,63.05316231068386,64.69370498818053,67.7440646344874,70.33607049938557,74.58941691296495,78.80183264327391,36.742200445358726,269.9999987925817,0.45089223898928305,2.0558076031994013
2021-08-12 15:00:00-07:00,660.1554833333333,174.77558333333334,0.2572407739112314,14.5,590.155114828424,11.1639045078782,51.00779206222639,255.57580677608647,0.0,285.6536184163394,907.6195066873493,1.0,285.6536184163394,162.67683951233442,1.998225978711456,28.54545988888889,2.123924778333333,879.1708115110991,875.0544817949663,870.8822413008027,862.1148777600479,857.8352690469192,857.2142099682335,857.2311582358184,856.544472005429,855.5183073299543,855.6443289814883,855.0306919054215,854.4085460801076,65.12119435771966,60.974040934535836,57.22216054870478,53.33799729659731,50.65090742801721,49.2223544237748,51.46450274298555,55.44418625602276,59.09031022178676,65.54035394770433,72.21311061739122,79.80145286264876,50.0,270.0,0.366977778440511,2.214355247456318
2021-08-12 16:00:00-07:00,548.7843166666667,140.982,0.2827923711038355,15.5,395.2587619988435,12.753544782845456,62.39679972923583,266.3784934736177,0.0,142.44692933630827,755.4550025009389,1.0,142.44692933630827,120.56118702229979,2.8054371612266102,28.112957444444444,1.8141137616666667,733.1543950373637,730.4698467533867,727.7374282781074,722.119815091644,719.4436587158359,718.4972849072025,717.9856019011148,716.7811367861964,715.5114383819912,715.065170626803,713.8809611458593,712.6516964130813,49.82553317851471,48.60870615425695,47.76359530340315,46.761106654542225,46.77400800933882,47.25796470535134,49.53765844538254,53.1900703185945,56.16580946253614,59.92255328808837,62.949086784595444,65.48888500236212,50.0,270.0,0.366977778440511,2.214355247456318
2021-08-12 17:00:00-07:00,365.21335,93.43907,0.2838316647051934,16.5,194.56899745331742,37.70583366619774,73.92434237269345,275.89915588601144,0.0,43.3450480471262,441.8011909659582,1.0,43.3450480471262,62.490686678935774,2.8571428571428568,27.35772161111111,1.5578272333333334,421.10525462917576,421.88570816875887,422.6538585314338,422.9927763261392,423.7178038911909,424.0934371672367,424.4182921243537,426.21176964115745,427.6082057379267,429.01758913853496,430.34633110599026,431.68831892232765,11.96117121117789,11.82481941354306,11.985686931664333,11.994761863780555,12.293329744643659,12.584282430915525,13.80581737619748,14.764587641121402,15.989419279226471,17.262070376692797,18.53294601844299,19.826678686115592,36.50299538872634,269.9999987925817,0.4525675944553399,2.0533170945999615
2021-08-12 18:00:00-07:00,89.0320262,33.04852233333333,0.2445590373926968,17.5,40.40218567183462,76.3501456062694,85.26221711282454,285.125230047549,1.165734175856413e-15,17.519011368871066,64.24540909410635,1.0,17.519011368871066,10.249819583340336,2.857142857142857,25.637408277777777,0.9745559576666666,53.33705698484786,53.34251111221961,53.29106295285104,53.29101100767433,53.29072613492799,53.23933144633938,53.23939445688805,53.17726186666642,53.177276727610135,53.10940660233294,53.10932767182982,53.03007642928088,3.954415574629657,3.8750644623528023,3.8011697495130226,3.7037928204531014,3.652574531449125,3.615751469764007,3.59491818372027,3.5876167349875137,3.5835421562111587,3.621507138861105,3.678011249727472,3.760406867072874,9.239119108272375,270.0,0.6697224375968925,1.8701159821802447
2021-08-13 05:00:00-07:00,58.7909242,29.546035633333336,0.2635265037618423,4.5,33.1400833140653,79.94084531394441,86.4951691823817,74.02028595728059,0.0,16.34144228113447,43.88168259232178,1.0,16.34144228113447,8.782657643695838,2.857142857142857,15.721045333333334,0.9229189,35.77166711932711,35.77164744038663,35.79071762151439,35.78881747307929,35.788838095372995,35.806605714529724,35.80469083982258,35.80468016011128,35.803298503133384,35.818079942359134,35.81616245344293,35.81616362698017,3.745889301671296,3.667876094825059,3.6065177559036043,3.559297520823189,3.543430872505335,3.5399145697014056,3.5549889861520185,3.5891847740583076,3.6383365773391563,3.699264723699598,3.7829985900969754,3.861272927285521,6.820986685784188,90.00000490455619,0.6906161647598978,1.8642207854530868
2021-08-13 06:00:00-07:00,336.6087,84.395105,0.2719626955509951,5.5,164.92625702657125,46.878290051710685,76.15815566702264,82.51779225517787,9.325873406851305e-16,39.745733714644686,364.0087503713377,1.0,39.745733714644686,50.40624633190415,2.857142857142857,18.17795011111111,0.8856165243333333,346.7575381341355,347.3870671588504,347.7029330123701,348.28921915992345,348.54566806186335,348.84067584641065,349.9222505508758,350.9746884199364,352.03205211263924,353.02244652153973,354.0076620609528,354.92732502141473,9.86641727471442,9.869982845362658,9.804352741403296,9.953242634025836,10.512682858332026,10.797634928005593,11.648852174066201,12.289833129183913,12.701644964634903,13.652738110139417,14.293162518931338,15.238747193098007,29.601277681110957,90.0,0.503019372012916,1.987658942630103
2021-08-13 07:00:00-07:00,572.1163166666666,106.323545,0.2712662312957054,6.5,351.20817642277257,14.748067296594542,64.65720953673917,91.9537806788661,0.0,101.94074852483898,741.9912231893505,1.0,101.94074852483898,105.26340932120861,2.857142857142857,20.813454555555555,0.960329265,702.0436734820192,702.9236109046135,703.727456257606,704.0734312022889,704.9256747931632,705.764835957805,706.1403097619163,706.8426917848716,709.9083879104513,716.1849531803837,719.2736392327272,722.3110945002,41.41288862577166,42.86791819514345,42.88693204125947,41.68025415518416,40.17498191829735,37.98678363861006,36.33846252395102,36.844852636098196,37.61435815456165,39.05190774679981,40.40147585450494,42.047364351748705,50.0,90.0,0.366977778440511,2.214355247456318
2021-08-13 08:00:00-07:00,747.3411833333333,125.27981666666666,0.2554035516248066,7.5,572.6090956242047,10.279743496514751,53.233094446418576,102.46283007244114,0.0,260.35596934267187,942.7152075149579,1.0,260.35596934267187,150.48246724339677,2.123423552657673,21.789349833333336,1.7936262116666666,895.7425078268968,896.0363497864181,896.333893403896,896.1214952021212,896.7962524345189,897.252294282249,897.1193775034061,897.3991118110483,901.0711549511218,908.724372941474,912.3814618100497,915.9750419839851,78.25328495900978,70.75733097133181,63.86724127471381,56.7765268402149,52.40878429590675,47.45446412600831,44.36919240260697,44.855654525099695,46.39231700635077,49.278278096425666,52.049605805671774,55.261052134632514,50.0,90.0,0.366977778440511,2.214355247456318
2021-08-13 09:00:00-07:00,812.3113166666667,136.0007,0.2362147939572185,8.5,736.4525994599951,16.862921980283236,42.33759100945843,115.51270315669797,0.0,405.4663334346232,968.0210638317728,1.0,405.4663334346232,178.76806376547765,1.6502466517476717,23.436316666666663,1.6279885816666666,930.7430413059391,930.3925898137503,930.8349999160357,931.0904224151245,930.9090853850166,931.2205727774823,931.3940510168312,934.926170730581,938.1505584504774,941.08725534602,943.9645413041048,947.1217761909546,89.03759212943908,79.31306223367487,71.1655841749943,64.66042777876682,58.62807286584461,55.61526163680497,56.60715353342184,57.449428735841906,59.8955908426269,60.026152356544664,63.16258044958916,67.84307738533208,39.42996717259017,90.0,0.43243270700764735,2.0847413697763213
2021-08-13 10:00:00-07:00,847.0220499999999,143.45,0.22262180290512,9.5,855.2173902308357,21.990103112228763,32.826345608851334,133.68871245912925,0.0,532.2775664937249,957.2222245283834,1.0,532.2775664937249,195.83441719491435,1.3547085457417527,24.597763222222223,1.90872633,935.0899813892011,935.108856791933,935.1698409660152,935.2846912283335,935.316130329951,935.4706484702979,937.5545335095779,939.9142273470112,941.8155249367658,943.8763502002704,945.6476557977716,947.6372652814248,102.66761214722935,92.6071886066702,85.15558550989884,78.22657915120709,74.85702330171102,71.68366193939225,72.0798515021787,72.1019050510326,75.10868567452741,77.86048449776173,82.98103152387566,87.92167161041215,25.0080616269601,90.0,0.538627111592507,1.9508945422836823
2021-08-13 11:00:00-07:00,865.7811666666668,146.63293333333334,0.2149095914744601,10.5,921.5383987943534,24.8486970697438,26.48692301192243,160.42756814537142,0.0,598.6544288959129,936.7825648742323,1.0,598.6544288959129,199.76071771570872,1.125290808358023,25.492506833333334,2.201464113333333,929.0975938388624,929.5962329607771,929.6058960355745,930.1201398418111,929.9787320853081,930.4796695503029,930.3694271755176,930.8700251350025,930.8766768140547,930.6553612742221,931.1612587638,931.1585965178047,105.80926963594203,97.64631012770327,90.52686281813001,84.54240191396732,80.68630735337577,78.76053671170048,78.42297866688207,79.857739650037,83.13465335166237,87.4248062317951,92.9901653234128,99.03422460023985,9.476918882001565,90.0,0.6676748621479267,1.8707908476094715
2021-08-13 12:00:00-07:00,865.5510666666667,151.23965,0.2148040117561806,11.5,929.8893865315795,25.106351143855903,25.89446172800929,193.69452874895237,0.0,603.8859791207669,937.6861049916864,1.0,603.8859791207669,201.05724947833554,1.0862183468565445,26.83250772222222,2.1683276433333334,932.446997015851,932.4473500190142,932.0928963004594,932.0933406960341,932.2530592223175,932.2959378105126,931.9414572691165,931.9400866924514,932.0523039031326,932.0522081113771,931.6982745649054,931.7655058018141,100.36409572413382,93.56534761263288,87.9777821921365,83.49627305809908,80.26369469431296,78.82094009417526,79.09700987725152,81.0419636958856,85.27289802240007,90.84535484434127,97.82981761038221,105.90744158612952,6.556186945453021,270.0,0.6929112486835829,1.8636824916060486
2021-08-13 13:00:00-07:00,824.1784666666666,171.11138333333335,0.2144609548354339,12.5,874.6980869137624,22.730930957633948,31.385517605690094,222.10205073410654,0.0,544.7532202398676,955.6225596118392,1.0,544.7532202398676,194.03877074922238,1.3097528355916823,27.56900488888889,2.3908207566666664,946.9156232177332,944.877771191933,943.0810540913999,943.4579070372329,941.3177972741283,939.5534643097203,937.4774157256213,935.4175763240413,935.2549998725932,935.2666363045541,934.9810285657171,934.791991107382,88.09922336292955,82.44400367578596,78.76507746107839,74.74592337316875,72.27647026844716,71.51056287412852,72.67634261890859,74.14792535762788,78.27940551338159,83.47071797573174,91.99632205736239,99.4454322986882,22.245238541161935,270.0,0.5607141496357164,1.9315708894345216
2021-08-13 14:00:00-07:00,295.05600245,235.2650833333333,0.2362898729852506,13.5,459.6253804967226,18.006592011780395,40.50061213822007,241.57700457836677,0.0,273.3730532466823,545.4938682094769,1.0,273.3730532466823,120.95545474416994,1.5884817418179573,28.184211,1.46833741,530.3777376002602,528.4812296047069,525.6720682092475,523.6368643780081,521.5596444404025,519.0585128484945,517.590168599849,517.0887053644537,516.4556317645722,515.0788255292584,513.1635968565611,512.583296434213,57.414156089659706,54.743679315095555,53.29461056698618,51.31248491130584,49.39416733796155,47.78906255469568,46.97635761977416,48.47723416888027,50.2114713480408,52.90028022274016,57.53420308622212,61.77904787592926,36.9118246724812,270.0,0.4497073744838911,2.0575821300917045
2021-08-13 15:00:00-07:00,0.8085895666666667,167.44445,0.2458450210356293,14.5,167.9507037956214,11.408998056459486,51.237405350845826,255.3094505465516,0.0,113.24593931970936,143.68599332595775,1.0,113.24593931970936,53.93390388983711,2.007739697671919,27.065099333333333,1.5754878833333334,133.7683390183236,134.24363621177892,134.72531256988643,135.55833810455985,136.05494097094888,133.94069502691278,132.9817644805693,130.82829447383332,128.609876094735,127.59649449297235,125.33085929464818,123.03141590073174,36.12848136325413,36.53893501214126,36.92326413102689,37.18896958306909,37.53157400946278,37.8707075995309,36.92406949301409,36.04475147763788,35.132948293524365,34.46498814914717,33.8248678937238,33.39266533660379,50.0,270.0,0.366977778440511,2.214355247456318
2021-08-13 16:00:00-07:00,295.72847633333333,224.6367833333333,0.2680239299264561,15.5,360.6460217064057,13.018070211657593,62.61853518554736,266.13499262178783,0.0,159.73221136011963,587.7187767393352,1.0,159.73221136011963,113.79169215271116,2.8253655305125127,27.93062077777778,1.5187708533333333,566.8527583839505,564.8653578533899,562.8428777646116,558.5894088277378,556.5838385129947,554.6503155845293,553.713686258804,551.5986047445916,549.401989656568,548.4777500487029,546.3015020241918,544.0678443949671,57.18473228391185,56.11517023314708,55.26552304315546,54.25246564126373,53.91729830026376,53.862257989540595,54.652041946210794,56.29456482410145,57.494144874740186,59.25056352336427,60.521790544406564,61.50301766311279,50.0,270.0,0.366977778440511,2.214355247456318
2021-08-13 17:00:00-07:00,105.61321383333332,91.90525833333332,0.2532504997802635,16.5,120.755469348572,38.695303403149886,74.14709718437075,275.67532792183783,0.0,51.791776280117254,197.92507472319204,1.0,51.791776280117254,35.277046619966235,2.8571428571428577,27.216174277777775,0.9772752066666668,185.48041839795434,186.41096288611035,187.3225790971149,187.78546321723698,188.19400120623519,189.02716743305763,189.41527928273945,189.90063399451748,190.7207452028383,191.11734930800725,191.55175903732675,191.98882760447265,12.924638587028024,13.03056084352495,12.963005845881536,13.240252465232354,13.560882957703566,13.691038794889522,14.110291724505684,14.581567490799731,15.070272244614637,15.224086169580042,15.663768560477324,16.10104500673386,35.70469321751989,269.9999987925817,0.45819613556799466,2.0451071320604006
2021-08-13 18:00:00-07:00,19.819094416666665,30.302846666666667,0.2482785641662526,17.5,31.860272619341092,77.0253296770149,85.49293085672169,284.9176612740264,0.0,18.080025553098075,37.96336102719758,1.0,18.080025553098075,7.817377150807802,2.857142857142857,25.5411045,0.965826135,33.72313798422109,33.720123364541685,33.72215040413919,33.72222090945759,33.723976543282916,33.72393358281989,33.76330662877891,33.72295632217304,33.72296548801959,33.76462220428692,33.72435485251292,33.724368206374464,3.875383640106315,3.7965239370146975,3.7358795328995114,3.689877070992714,3.6702113332970843,3.6691088106392318,3.6908588383202017,3.728743014811474,3.782885625800604,3.848714390627856,3.923107704153983,4.004227328664489,8.768953025752557,269.99999618180817,0.6737748396819077,1.8688317220553663
2021-08-14 05:00:00-07:00,146.56179566666663,18.2871958,0.2765120654575664,4.5,27.298963068499475,79.8817953956485,86.47478294352634,74.4424556279534,0.0,8.743845658747448,49.082274867271025,1.0,8.743845658747448,7.882981282690751,2.857142857142857,18.2492825,2.42387355,35.498573216742315,35.498562141502674,35.486943513005656,35.54832594243717,35.548337526996356,35.52934672985206,35.59072046386923,35.590714351476066,35.58993876690544,35.562994795165594,35.62436727746345,35.62436822563994,2.126763344673693,2.0829638533841317,2.048746055830347,2.0222668310164758,2.029120434549132,2.027155457915411,2.0356310982123924,2.0548735436412504,2.0824600793940258,2.1168748099613044,2.18503492278489,2.2289625012266128,6.846821574673326,90.00000341509458,0.6903923146004176,1.8642744391915067
2021-08-14 06:00:00-07:00,510.27175,61.7263,0.2745425705130187,5.5,182.46755128197054,47.46337564164546,76.3127778621179,82.79673198047016,0.0,26.616621508561465,453.9506293217033,1.0,26.616621508561465,55.702404100427714,2.857142857142857,20.950578166666663,1.5155614426666666,435.0105717978432,435.20710845804905,435.6031294713656,435.81156029768056,435.98341603687663,436.3458828687878,437.6517039394561,438.8948015852573,440.10254839649554,441.2895692464299,442.4132098519847,443.5704536333774,6.663628587592926,6.5849251045409956,6.64140199436514,6.628483950999788,7.484129963902483,7.693894369430297,8.479058945569374,9.465419290269793,9.801112183409229,10.61938768571341,11.695879103219236,12.81394288927053,29.140438234226444,90.0,0.5065240247535389,1.9837140976489083
2021-08-14 07:00:00-07:00,692.6621833333334,90.002045,0.2746941083593176,6.5,384.8223474639516,14.929102006783891,64.80922483725632,92.25521689714516,0.0,99.91441886653436,839.675990052663,1.0,99.91441886653436,110.71012387302744,2.857142857142857,22.86351211111111,1.158402295,800.6531510788626,801.3663123460489,801.9908929841276,802.2599532423461,802.9448048286745,803.62852968293,803.9309945556666,804.4812709803057,807.2734846768047,813.0329575028982,815.8822893068345,818.6835925497134,41.27279582183639,43.24591276189099,43.5437932521952,42.383888099505256,40.73860642623626,38.28888547921231,36.3615524985847,36.39437679524063,36.694010077230544,37.70272096716473,38.617156660791395,39.85056220196837,50.0,90.0,0.366977778440511,2.214355247456318
2021-08-14 08:00:00-07:00,803.0305333333333,105.45679166666667,0.2570353704449017,7.5,584.3191891113805,10.58859530026229,53.39327923796249,102.79712997870092,0.0,258.9531583457124,967.5443710593725,1.0,258.9531583457124,151.8809596371356,2.130143198294082,23.71118166666667,1.7317106733333332,921.409930221843,921.6570060712569,921.9075532565718,921.6864899949785,922.3139091401733,922.7395040436969,922.5876085880363,922.8085016712499,926.2689974083042,933.5035337573795,936.965960498645,940.3638803968016,79.69012264281653,71.87409385024958,64.65819931684464,57.219961796452836,52.63027407684313,47.39613027264013,44.088270247059214,44.30257487057893,45.54893949779219,48.168578598713125,50.66635417830633,53.63718105730398,50.0,90.0,0.366977778440511,2.214355247456318
2021-08-14 09:00:00-07:00,853.22135,118.29363333333336,0.2376678073230775,8.5,747.1428454420508,17.162684523683424,42.521023685831665,115.88762713799701,0.0,409.80640364092704,987.0128360310136,1.0,409.80640364092704,179.86180788913077,1.6526196014319627,25.632086,1.6719822766666668,951.2662718398312,951.153380525618,951.4446487325783,951.2545853395906,951.2880274755126,951.1807628801885,952.0205741195622,954.8819145705656,957.681361888852,960.5482337555441,963.5751032671532,966.1679796838134,90.31233219717521,80.40456808701072,71.74225581823954,63.92278942641996,58.62208208807875,55.67312742503677,55.483643342269545,56.81245128134765,58.44992284656453,59.099688538385266,62.04518500246055,66.1275853254899,39.52217950875714,90.0,0.431811563651583,2.0857645609116258
2021-08-14 10:00:00-07:00,884.0095666666667,127.8117,0.2242072620799433,9.5,868.7515283833555,22.299853011157523,33.05386650908351,134.08303291401012,0.0,541.2830629317023,966.4132743178143,1.0,541.2830629317023,196.61638540878977,1.3554745623304993,27.635113,1.765775441666667,946.8665335533647,947.019419115172,947.1399857289048,947.3176797573102,947.4078255400589,947.6225512539701,949.0206581457197,950.7211683553768,951.9838785649431,953.4375233065375,954.6271276477777,956.0640522649262,105.25533981952383,95.10326996908239,87.19114177647127,80.21466311077275,76.40342668078058,73.23168009103914,73.18767566344245,73.23440078208435,75.80912554226404,78.6044361858921,83.25826306372066,87.70537857397073,25.053795065840692,90.00000085377364,0.5382654956774113,1.9512322662360775
2021-08-14 11:00:00-07:00,885.2785833333334,137.80786666666663,0.2170635169521078,10.5,928.1811820039575,25.161269231193447,26.77325888295464,160.70851703997437,0.0,602.9928900601532,943.6794616348271,1.0,602.9928900601532,203.22234461142165,1.125111746159331,28.819029666666665,2.365514505,936.1083926911422,936.6242734768816,936.6248136495527,937.1567232809651,937.0037095587575,937.5219412686467,937.4007087379825,937.9184734035034,937.925188633129,937.6910687104961,938.2145029454329,938.2117901061798,107.61431276549652,99.27614135773256,92.00275876864609,85.88564537876415,81.942816840576,79.96974931366938,79.62138122889999,81.08313689965073,84.4224789792552,88.80254059281533,94.48409090942573,100.65748344397024,9.463649271404456,90.0,0.6677890831261184,1.8707527413230447
2021-08-14 12:00:00-07:00,878.0617166666667,143.42045000000002,0.2165192520669206,11.5,931.2201719225191,25.41155521041218,26.207167530935656,193.66510108924624,0.0,604.7838974636242,939.3039410265574,1.0,604.7838974636242,203.00156286057157,1.0872358080692293,30.055661166666667,2.17190355,933.5397630215093,933.4829289239401,933.407842533042,933.7768053442564,933.6556025124721,933.6570048938385,934.0254238114579,933.9821693422253,933.8124797010053,933.8120725797538,934.1805967824241,934.1802738212522,106.8718008666419,98.68661519016652,91.61526538624982,85.97159741696476,81.69000889449998,79.72410708387275,79.44658484414896,80.91394305166813,84.18146237117132,88.71738160925943,94.7016006321789,101.40526827020472,6.6328113018919685,269.99999716835316,0.6922469991608744,1.8638360749369247
2021-08-14 13:00:00-07:00,680.09517,232.7694,0.2275581964674972,12.5,811.5734233338358,23.019257806620743,31.67249386278945,221.86242188051844,0.0,506.25030802834067,888.794895181053,1.0,506.25030802834067,194.38716022302845,1.311854788266015,31.063813666666665,1.8369750733333332,879.3694586482378,876.8608165680563,874.8425464616273,875.0522199133976,872.4954174191189,870.1982476667414,867.6341841427624,865.0694515213418,864.8398091980384,864.7922527104981,864.1038418369194,864.105469994697,89.6997742670185,83.65163732366997,80.27908793882261,75.943439147858,73.26707737072171,72.40624945856052,72.20543487439873,73.80323626439495,78.43155844597015,83.32726648488868,91.27923053546293,98.1795632813011,22.37783512060961,270.0,0.559643656451206,1.9324494755925543
2021-08-14 14:00:00-07:00,350.56995233333333,360.8329166666666,0.2389172381765286,13.5,626.3921660059319,18.272696542273156,40.755075164433734,241.2962861249066,0.0,374.447341226271,736.5908477783378,1.0,374.447341226271,165.57925436291575,1.5925722177880868,32.23498,1.7213601516666666,714.8751419800163,712.5373536944078,709.8171983925225,707.3836258990058,704.9025039356433,701.859652032877,699.6758083569476,698.8908337723326,696.6565990005865,695.866434026057,693.4842531099081,691.224633584663,79.79079502169189,76.73734035019172,73.94290052308405,71.11050533517007,69.16363345418159,67.2208710641528,66.31059783422259,68.25982215091663,70.4742606520076,73.9614441076977,79.33350265122502,84.89341848101205,37.08585521646818,270.0,0.44849446630360384,2.059410036831567
2021-08-14 15:00:00-07:00,307.55967,248.94431666666665,0.2559761023932375,14.5,440.5227995625314,11.65932521625013,51.471885227356836,255.04306468050444,0.0,236.13203421799471,602.6244367018113,1.0,236.13203421799471,131.09363640362528,2.0175478655404495,31.5819875,1.5231180633333332,579.4449886204973,576.969911136051,574.4579612061949,569.0834432512145,566.516210074237,564.6572873681284,563.9737073402986,562.036496321583,559.8833591674442,559.2175888103318,557.2520799956437,555.2563647214989,64.52640859532424,62.10076888324392,59.89743588085344,57.54887146865695,55.949408126866565,55.014612223869335,55.68525010254028,57.380128346310386,58.79862671153958,61.90595510732211,65.04238515412669,68.74174038165636,50.0,270.0,0.366977778440511,2.214355247456318
2021-08-14 16:00:00-07:00,83.12374463333335,177.43919499999998,0.2509239629998945,15.5,215.37694136457554,13.288957344903066,62.84489737592679,265.890751467945,0.0,119.20126225772816,268.5227936609276,1.0,119.20126225772816,66.76147483335141,2.8459876941560394,31.69159788888889,0.6123813965,256.2053499283046,256.07233861124246,255.93528737137942,255.5230853219465,255.40607989178304,253.44643146199792,252.5328161424112,250.4944196741196,248.39221112102794,247.44734061715133,245.31416148911825,243.14237530266718,39.435034239434316,39.52861258551139,39.66360707234602,39.67423569324623,39.916815969378305,40.22300522727603,39.80620990119893,39.65292119559172,39.3508580065529,39.32050715447184,39.14817171884454,38.97884159515385,50.0,270.0,0.366977778440511,2.214355247456318
2021-08-14 17:00:00-07:00,0.2549886166666666,74.82223833333333,0.2458236463793218,16.5,74.89092003323992,39.68406055404868,74.3742878690635,275.45042289556505,0.0,48.790794540950046,71.00522797078318,1.0,48.790794540950046,20.134494888713405,2.857142857142857,29.738355944444443,0.8183313675,66.99454229098863,67.1930773256869,67.96708499343302,67.73479943378199,67.95416389665314,68.1754057172909,67.76833740262387,66.99754799620565,66.61508174083917,65.7979126464008,65.39635644647602,64.47244005757898,11.797796199885855,12.129465857330734,12.202490610343313,12.279493137525565,12.306115450688436,12.336819574412104,12.219729829980666,12.285424846838813,11.965747154306321,11.985188833416272,11.80891825351207,11.721086922192526,34.91436442865349,270.0,0.4638242635347422,2.0371344477748377
2021-08-14 18:00:00-07:00,0.1445496999999999,9.077286683333334,0.2348783722400578,17.5,9.088522804089033,77.16811630581178,85.54179371028054,284.5528820151097,0.0,5.848418458958743,8.950910387004138,1.0,5.848418458958743,2.0553094795295177,2.857142857142857,28.303647388888887,2.0220975416666667,8.506044002276008,8.520795791608329,8.49774725399723,8.514327050140066,8.491271485524335,8.490518014792405,8.507927630678848,8.484856709615691,8.484856796234709,8.503122629532768,8.480078225378627,8.479498681686598,1.180602592711061,1.15472404093084,1.1361633839793663,1.1221082440494594,1.1160669771226506,1.1151500928128744,1.1213571512317912,1.1304310091267171,1.1463676494982549,1.1671991905788526,1.1884391193311632,1.2105372079050176,8.656752297445168,269.9999987925817,0.6747426762954714,1.8685350780336054
2021-08-15 05:00:00-07:00,1.9441387833333328,14.83571775,0.2275143149945302,4.5,14.94966853404825,80.35958433767954,86.63982679675966,74.71222094692598,0.0,9.53090122584466,14.986573030646916,1.0,9.53090122584466,3.3003460642674733,2.857142857142857,18.39297788888889,1.4272479433333334,14.107554383398043,14.129268854762387,14.10085209435328,14.100855706533133,14.12369240484789,14.12369955767447,14.094593019279932,14.118464379327122,14.118461397289693,14.118458648032096,14.09004457862855,14.090042454742026,1.8769346533015439,1.8376672996024064,1.8066072031678837,1.784814286531737,1.77258223115645,1.7695111771129965,1.7740402570247231,1.7904251966810791,1.8160908752698828,1.846905567274785,1.8824760258013369,1.924281698851257,6.5131987645952085,90.0,0.6932839540689633,1.8635971055361211
2021-08-15 06:00:00-07:00,332.2741155,84.95431333333333,0.2642534181087594,5.5,162.70177276735103,48.04619974770314,76.46814714085981,83.07982979451275,0.0,40.222346953513636,355.82189832500865,1.0,40.222346953513636,48.4165278107504,2.857142857142857,21.10355583333333,1.4861478866666666,338.65340420620515,339.3161066078167,339.5917215219405,340.1722803302073,340.4283419256907,340.7168791193893,341.7546744723651,342.78944110170437,343.76629722064746,344.7403885179851,345.64892993616235,346.55066511751,9.786402498981031,9.63741553234001,9.72546667236179,9.70638135090321,10.418892705410814,10.983986150123997,11.306500056909815,11.904165993423568,12.305996172721976,13.215440741205056,14.156826956405197,14.72744810642671,28.684406085917388,90.0,0.510007624475918,1.9798660258283445
2021-08-15 07:00:00-07:00,186.9133515166667,172.23325000000003,0.2510296579343662,6.5,251.3378467279645,15.115290112905056,64.96224786728077,92.56075533877492,0.0,115.4269360040453,390.2186266461489,1.0,115.4269360040453,76.63460284163966,2.857142857142857,24.38846033333333,1.846441025,360.28627308936603,362.238453989169,364.1371131371402,364.987483941131,366.8644675038254,368.69639592992417,369.51494160786,371.27596474392857,372.18937240121704,374.17280146628343,375.09848916199394,376.0079032777162,37.41904176793293,38.46880755063818,39.131965501079655,39.34912301060902,39.56141259066533,39.49681855812093,39.62739306377277,39.744319516791364,39.934600189116374,40.40139261726305,40.75641872372315,41.195170096080034,50.0,90.0,0.366977778440511,2.214355247456318
2021-08-15 08:00:00-07:00,288.3826164833333,189.50975,0.249048163820015,7.5,360.8239714364149,10.901882814126129,53.554931219295206,103.13548537342245,0.0,185.1483651529643,516.6119407858621,1.0,185.1483651529643,105.06119499920655,2.1369099584201305,26.20571827777778,0.996612422,477.5835716578997,479.2026926436443,480.80105140257774,481.3778859053467,483.1011976816037,484.6992077051772,485.26831107122655,486.75394687674157,488.9513743839194,493.5403935240673,495.7050966387195,497.83138612980684,55.28001727030166,52.31596123941694,49.73598610852774,47.07679653243306,45.76378049225366,44.1575828972314,43.39859197073886,44.16782163390882,45.378771367254984,47.231511351733644,48.972009233872214,50.90995771994568,50.0,90.0,0.366977778440511,2.214355247456318
2021-08-15 09:00:00-07:00,339.5145243333333,283.9598666666667,0.2393267320793297,8.5,533.4475159883007,17.466774206437236,42.70660146659516,116.2662879778048,0.0,311.25637630705734,646.9687537662251,1.0,311.25637630705734,142.59511968637088,1.6549925331633775,28.230193166666663,1.7531260266666666,605.4568304200817,607.2874594670873,609.2835850214369,610.0432168807334,611.8071516597885,612.581679605111,614.8158348929502,617.2437199249123,619.6264319198627,622.8395224689333,625.3937907824112,627.6087302412793,71.97284300359094,67.10879359681003,62.5116534470227,58.97197110060292,56.90302088824609,56.15508730047043,56.38544901954998,58.06902350941878,59.84224113935049,61.023172063957816,63.48837185403513,66.55494404016902,39.61406829069577,90.0,0.4311934195964878,2.086786149399181
2021-08-15 10:00:00-07:00,210.8909095,336.8849333333334,0.2359469353248285,9.5,513.1807551705838,22.613817511465818,33.28433607872593,134.47994527481688,0.0,325.8081807971126,552.440231631985,1.0,325.8081807971126,132.0861352125962,1.3562222029847426,28.898104,1.710887643333333,524.449493640704,525.9406186955105,526.6458219944509,527.4108732159455,528.0671656526299,528.8043418572128,530.8017906225239,532.9351051734187,534.7605617333531,536.6731669278233,538.3717399132152,540.1747980553766,67.68108967153456,62.96226042063068,60.15892287675801,57.10497684459303,56.40498809233902,55.19357994975674,56.350815964557576,56.64181875046817,59.04037063635521,60.590836782261036,63.979581618701076,67.27468665764623,25.09838802637166,90.00000085377364,0.5379130274595011,1.951562123958663
2021-08-15 11:00:00-07:00,338.1012140166667,250.4711333333333,0.2341683395224655,10.5,551.5522682535291,25.47778292092049,27.0631095988887,160.99108656922283,0.0,358.0383897314468,563.4602095652212,1.0,358.0383897314468,134.3159252383714,1.124902567858999,27.172445166666662,2.106372161666666,552.7070725988314,553.75894059704,553.6996541685113,554.7610364272862,554.5314027556624,555.5846345349896,555.304819136306,556.3578789026059,556.3617468569656,555.9402900864443,556.9967271199023,556.9951386050001,69.84636384657111,64.92652578071204,60.6520989834468,57.275794242904446,54.987345228808074,53.86544847087462,53.77389548082907,54.68762555439504,56.97783843796214,59.61382665588789,63.077710159034204,66.76686498474433,9.448145112319386,90.00000241483653,0.6679225440383091,1.87070828511518
2021-08-15 12:00:00-07:00,546.4031699999999,278.8811833333333,0.2335522274458455,11.5,767.7741537435236,25.720231104630866,26.523961133220237,193.639982559161,0.0,498.2604239014357,776.5237213836526,1.0,498.2604239014357,183.00810766547568,1.0882978097903775,29.63391794444444,2.652036718333333,767.8179521997763,767.7675089049001,767.5770248526647,768.3657125189287,768.3673464165106,768.0795573109716,768.8674594651776,768.8666504988254,768.4460968902715,768.4457877073534,769.233914941808,769.2336451796615,95.59606300188238,88.68405565709733,82.7302775012687,77.98797687184106,74.63787632330063,72.9179639069818,72.72131855706327,74.04916653152527,76.7961381345364,80.66045555084914,85.7469898921631,91.61113339612297,6.712762790467647,269.9999964798011,0.6915540171689915,1.8639982209676071
2021-08-15 13:00:00-07:00,159.428924,405.3824666666667,0.2389734601798125,12.5,540.6384709535645,23.310458284717296,31.964303887161584,221.62678354489074,0.0,344.9878731429664,562.5538624357835,1.0,344.9878731429664,136.7875907604887,1.314026919179465,29.667761277777775,2.752057568333333,547.4303914408481,546.2825765160981,545.9183349680895,545.2447614210867,544.083025585687,542.743117482203,541.3591928377052,540.0280679875484,539.0790735052267,538.2651782725363,537.3776376403796,536.3419804168868,70.61937562928236,68.18214465995516,65.44492207812675,62.981691260823546,61.670170131914716,60.46053496242978,60.26748518060741,61.112037146435384,62.43164644711367,64.81866340322863,67.56956572549893,71.60629231353738,22.51451075737357,270.0,0.5585412988621217,1.9333602728545483
2021-08-15 14:00:00-07:00,259.4479205,381.2575666666667,0.2435567698250936,13.5,577.0222634163431,18.541090634878813,41.01451744554006,241.01715031057648,0.0,351.32582952109783,653.7110016823501,1.0,351.32582952109783,154.4805398025363,1.5967917057752146,29.558161833333333,2.9112856,632.3519549323875,630.9307106150427,629.1647478286021,627.6937226028506,626.1976506454932,623.1425523694674,621.5739082354637,620.5153678149067,617.806812093533,616.7261405169731,613.8335904404622,611.0309801065866,76.49338208224167,74.80698249702502,72.90099733440843,70.91108708091458,69.63692038261098,68.30592450459278,68.28535318125462,69.27155360353613,70.68656395023046,73.18577087915378,77.55375818740657,81.88653286868264,37.26426380884543,270.0,0.44725393283834847,2.061291567470841
2021-08-15 15:00:00-07:00,24.099639516666667,241.35311666666664,0.2439598615135982,14.5,256.28588540512595,11.91480542275906,51.71115517679773,254.7767625334062,0.0,166.6571070488998,240.8847027580514,1.0,166.6571070488998,79.13050763946234,2.027654906319119,28.33683166666667,2.376553075,226.35573197164484,226.92719275674898,227.50626114992332,228.4770159300253,229.07936674335215,226.2215241039909,224.93866478766233,222.0224361221862,219.00399234492602,217.65373575322403,214.59322670645508,211.48684674375735,50.733161896266374,51.22011217321856,51.69287742482422,52.00087384101272,52.47377556397455,53.00175208144888,51.87380573730288,50.92936632584214,49.91621269241343,49.369829672607096,48.85806316560136,48.65763689119772,50.0,270.0,0.366977778440511,2.214355247456318
2021-08-15 16:00:00-07:00,0.5539441,115.17966666666666,0.2415087681556617,15.5,115.43049873141958,13.566019333022238,63.0758120521089,265.6458615125263,0.0,77.5719022714336,98.8273821906184,1.0,77.5719022714336,36.58807638803235,2.857142857142857,26.25846733333333,4.198885366666667,92.0541817308322,92.44254154583957,92.83607275842283,93.5384725719192,93.94591136815427,92.45704430683075,91.77538958771198,90.25653611651981,88.69550683195854,87.9752140224506,86.37679656077826,84.75406820392321,24.729544263976102,25.08649300551818,25.42404342632493,25.68012894912167,25.984018680509166,26.274838181187963,25.608544834609052,24.980975775560193,24.328790931854826,23.8170827787771,23.313631211105452,22.933582655340505,50.0,270.0,0.366977778440511,2.214355247456318
2021-08-15 17:00:00-07:00,47.31306168333333,98.41871833333332,0.2474174402250416,16.5,110.97834387021246,40.67215727884949,74.60583751952453,275.22451168180066,0.0,58.39260679616033,148.1226277056567,1.0,58.39260679616033,30.443664892548615,2.857142857142857,24.665802777777778,4.380197866666666,142.17089441412338,142.10906399434384,142.09517054194987,142.4749315028775,142.4045381483349,142.3809253811246,141.96361398371397,141.00211782431643,140.5521827867594,139.58949854331172,139.11742364640995,138.09351056019335,15.55477586630587,15.44335214556518,15.290857843683861,15.14714650990033,14.94962334365658,15.074217495944861,14.635079542083187,14.50839333404915,14.430366162952946,14.127992918591419,13.927492193901331,14.101057660870277,34.131655772758435,270.0,0.46945179489767347,2.029392400510273
2021-08-15 18:00:00-07:00,84.84256216666667,38.30606483333334,0.2382330386562448,17.5,44.82337300079437,77.32175945564288,85.594399088643,284.18653793235455,0.0,20.8384093003621,65.82863533034686,1.0,20.8384093003621,10.775635084965593,2.857142857142857,24.401526722222226,3.847854333333333,54.67607432383588,54.678160917566764,54.682597364208,54.654664481658344,54.65467418243729,54.65920836036253,54.62731325224103,54.63003427079704,54.63450732826669,54.598296065953285,54.60275644275337,54.56238470876824,4.4759655966051515,4.383805443022858,4.302759648380954,4.227353002860727,4.169758212714187,4.113140008340258,4.090709068291324,4.090254453200669,4.112160270936231,4.162944437913911,4.230023901010186,4.3057840074885405,8.537893659738609,270.0,0.6757682583427338,1.8682249666574462
2021-08-16 05:00:00-07:00,57.7375729,18.49720885,0.2608407575085023,4.5,21.901420995378633,80.30185989943261,86.61987571455467,75.14337259772589,0.0,10.011413977902277,31.033913051916322,1.0,10.011413977902277,5.869075092571673,2.857142857142857,18.64686588888889,2.2845026,24.347330168139568,24.35082534511045,24.376320825020283,24.376325414548848,24.37503830150522,24.375046758176765,24.39971130432082,24.399708291604675,24.393868557235756,24.39386525625202,24.41936397133774,24.41936148787611,2.2821113454247004,2.234821281519971,2.1976377516888643,2.171401058617637,2.155139923763315,2.15293060295372,2.172986203956511,2.1927334216006678,2.2235692088010675,2.260874677624392,2.303699415874798,2.353953363021691,6.538987828668715,90.000004436338,0.6930603603238888,1.8636482624246884
2021-08-16 06:00:00-07:00,297.38553333333334,83.75280500000001,0.2802056781678847,5.5,152.54888234024074,48.62679880856845,76.62424025963088,83.36698487546484,0.0,39.66187854673798,328.2585486072968,1.0,39.66187854673798,47.99378062978607,2.857142857142857,20.61282994444445,2.16843865,311.75991748657646,312.3593195592134,312.62369889329335,312.9257225104931,313.17705802533885,313.7002650382686,314.72703566610664,315.6849456597266,316.6465670864704,317.54603721737254,318.4396629012574,319.1964786523845,9.99529664132167,10.019384172173062,9.941749286357242,10.549043557312345,10.585397133000006,11.334308930747564,11.433033150666104,12.23560445820711,12.638693104171432,13.266919804694478,14.173582926487692,15.074956346452574,28.23307620684644,90.0,0.5134702736823942,1.9761123501384323
2021-08-16 07:00:00-07:00,494.2139,139.1556,0.2783194823027918,6.5,347.11005602055855,15.306642307279807,65.11626908835144,92.87027709940504,0.0,112.27404475940924,695.8437349704927,1.0,112.27404475940924,107.4107213177032,2.857142857142857,23.80926733333333,2.612680533333333,655.7843686406181,657.0782226344969,658.2841904238228,658.8259019042473,660.0540633482008,661.2774725804743,661.8152618713207,662.9350561978454,665.4713307717958,670.694501758237,673.255991514975,675.7740579281635,42.001873704442716,44.036775967265086,44.88612236009994,44.58325112165201,43.8812444458097,42.51464299933525,41.45686363421314,41.90918002995642,42.525095257917314,43.678566589791394,44.71923773698987,45.99001816420753,50.0,90.0,0.366977778440511,2.214355247456318
2021-08-16 08:00:00-07:00,621.1835333333333,175.5315,0.2622690537157454,7.5,543.122599976624,11.21947774917399,53.71805065501367,103.47774763686232,0.0,252.54211375436486,870.9924865112482,1.0,252.54211375436486,155.1280219549496,2.1437237628694623,27.7616635,1.3703373433333332,817.4625530171079,818.3640218640778,819.2584831593653,819.3701515370893,820.5739725164659,821.5853112131522,821.7397782916773,822.5638747709031,826.7144451489493,835.2840113202726,839.3869257247964,843.4171981877632,78.99091513634318,72.40472167864921,66.39958643167364,60.20817117664452,56.542417742102685,52.30908075771258,49.75289853733805,50.94485110926018,53.041891377485825,56.367275611791804,59.56880776838942,63.1894857931577,50.0,90.0,0.366977778440511,2.214355247456318
2021-08-16 09:00:00-07:00,708.0237166666667,195.85421666666667,0.243712546941872,8.5,714.5596888836262,17.775093165744863,42.89432602289899,116.64848763070722,0.0,403.3440174083148,936.0910768315482,1.0,403.3440174083148,184.61788970083882,1.6573653663808394,28.353423333333332,2.083893098333333,892.0501936608351,892.436423938271,893.190504020137,893.2425285718313,893.7195326605607,893.8438632928176,895.096380829805,898.8369711194721,902.5147839826697,906.164769567193,910.2541382390665,913.6555375054664,93.74671757326196,84.8051985513297,75.60628940048277,69.3569177091344,64.30452369070026,61.47987797756178,61.64069562049066,63.52875283716385,65.7130383621657,66.42346822486942,69.92181801475905,74.57952845696028,39.705631752650575,90.0,0.43057827963360407,2.087806091979065
2021-08-16 10:00:00-07:00,749.0714166666668,210.98001666666667,0.2310880319240108,9.5,835.492022566487,22.93189900187186,33.51773837825863,134.8791929080308,0.0,520.9491241000693,936.350206259998,1.0,520.9491241000693,202.377065622357,1.3569514661337734,29.15459633333333,2.2247734833333337,909.0686029627568,909.2944788561003,909.4427826924466,909.6492375166235,909.7710575604677,910.0137881095051,912.7252166120329,915.6759861924893,918.149903272443,920.7615738422119,923.0702044790607,925.9460079094018,103.32835598883909,94.4910865817048,87.50656461799107,80.66209590996988,77.76127807486381,74.67505620129427,75.512453664599,75.57549237231957,79.06457518196792,81.81904521445557,87.35649126754653,92.75125740436751,25.14184360900101,90.0,0.537569672810569,1.9518840961464416
2021-08-16 11:00:00-07:00,771.1733,221.1636333333333,0.2236968242369793,10.5,906.0929092561072,25.798142273797335,27.356417365217744,161.27502952002888,0.0,588.6418003733728,924.5347459839846,1.0,588.6418003733728,207.71950500698907,1.1246632790685736,30.359390555555557,2.4125028166666667,914.29304685594,915.4567961382074,915.3364608757606,916.5165590486048,916.1845882095452,917.3507052989826,916.9949166280162,918.1605544933542,917.7066475669133,917.6429981948589,918.8147001943458,918.8119884123779,108.68884711559286,100.30039648691825,92.98376186646631,87.48813917841669,83.01234160510886,81.11917903905268,80.7249394694869,82.19635726750435,85.75092330590738,90.1621160906684,95.93297418663312,102.15177317374999,9.430409890518368,90.0,0.6680752174671297,1.8706575201875797
2021-08-16 12:00:00-07:00,758.3674833333333,231.90428333333327,0.2229941684873789,11.5,908.5451216005198,26.032282395002643,26.844742668146612,193.61900990867545,0.0,590.0516614428366,919.2856306426511,1.0,590.0516614428366,206.45409871057737,1.0894043323448166,30.53913661111111,3.1318047,912.2027449154024,912.2012505208695,911.9012855363604,912.756540841223,912.7584563984077,912.4150302355752,913.2689589877061,913.2679829894436,913.2250596831004,912.7843078326732,913.6387043596455,913.6383776473897,107.5655220630595,99.34686099241259,92.25841193025701,86.16639336671528,82.55512329155194,80.48071936959572,80.21309448058466,81.7583555245228,84.9773268307206,89.53107397618977,95.85434272527378,102.40654270885119,6.796035551059469,269.99999716835316,0.6908323689642624,1.8641691587245783
2021-08-16 13:00:00-07:00,725.1432166666667,234.3636833333333,0.2303384846295385,12.5,847.564267580294,23.60443882457602,32.26083850663629,221.3951588870516,0.0,528.6765274646572,929.7169835930976,1.0,528.6765274646572,204.62780776469393,1.3162695178830832,30.80606105555556,2.4653105,919.5290206659047,917.3201707232123,915.0303421866113,915.2401257526581,912.9141655133083,910.3276381339399,907.8959204641172,904.9929554256302,904.9929808246686,904.6964121766833,904.5645139989787,904.3148377194427,94.12025479042306,88.67002098627412,82.85874197346352,80.12663511753604,76.69414330660214,76.2577399208518,75.46860778576239,78.20087520927895,82.68960789449862,87.94606745008106,95.35018721370778,103.79163524000349,22.655248449023084,270.0,0.5574073173385076,1.9343036326075111
2021-08-16 14:00:00-07:00,688.4223999999999,222.7124,0.2425597884068103,13.5,740.0671814019893,18.811687675721853,41.278845244270435,240.73970291945633,0.0,425.4167902831739,936.0860348563616,1.0,425.4167902831739,191.21581367985155,1.601141648078324,31.367977944444444,2.134087913333333,914.3637640305988,911.021424934999,907.598454130922,903.7275533623017,899.7080167721515,895.8052863129649,895.4778757050499,894.4132422510154,894.180353929745,893.5748981025602,893.2689665870797,892.6128862797483,78.82319783335682,77.2365309583667,72.89993865377639,69.6325256403261,66.57403375189669,65.42399166760937,63.689158855029014,66.49711340862493,71.95917459765087,78.61422217066747,86.48612922231581,95.59406141105039,37.44701524352178,270.0,0.44598624569740863,2.0632268988831846
2021-08-16 15:00:00-07:00,607.46075,196.18123333333327,0.2615788782339805,14.5,570.5461577461791,12.175356253782992,51.955131809008265,254.51064804211066,0.0,282.13366926151724,867.6476824019992,1.0,282.13366926151724,159.65222125511406,2.0380651641676315,31.530465666666665,1.7342995116666666,839.5503217733175,836.1056848099573,832.6109306065166,825.2176390720032,821.6681760713452,820.7005229664768,820.5328403132122,819.4713119295793,818.10680136373,818.0272228913709,817.0350487565829,816.0264790645765,66.26925712425479,62.91257274312337,59.94386421464904,56.833294601778846,54.90245600162474,54.09709158288515,56.24857429158073,60.08724569531368,63.490258740896444,69.53412107779832,75.60387935280075,82.4201699895695,50.0,270.0,0.366977778440511,2.214355247456318
2021-08-16 16:00:00-07:00,490.7753,156.74881666666667,0.2840307233989707,15.5,377.1777869123613,13.84906657125962,63.31119818376082,265.4004072694005,0.0,134.4000525446843,716.0834450209459,1.0,134.4000525446843,118.67757843191475,2.857142857142857,31.415887444444444,1.1297717366666666,694.0985019215511,691.3916507880366,688.6365631189635,682.9510104867654,680.2313445907273,679.1008019418871,678.4811710553639,677.1301343020748,675.7028412644596,675.1589374956623,673.7915254564051,672.3728616628576,50.85838300647453,49.48263604276889,48.42581221531837,47.237794104042855,46.913069394130865,46.971291707727254,48.79464175857865,51.65827378654203,53.91455793554407,56.59180178179388,58.42156059379146,59.34349001600324,50.0,270.0,0.366977778440511,2.214355247456318
2021-08-16 17:00:00-07:00,304.45843333333335,94.46404666666668,0.2803628855143175,16.5,174.07608958429012,41.6596170650821,74.8416627245602,274.99765927777185,0.0,44.392390236201976,378.4083485298546,1.0,44.392390236201976,55.79004839014688,2.857142857142857,30.336005277777776,0.627977355,359.613933915718,360.376091507913,360.7222364069962,361.43689686834523,361.81591416284135,362.4832959412118,362.786174679262,364.11995993701936,365.3695062741735,367.59745865501407,368.8177745246181,369.96194214339664,11.657287274888272,11.699299971286237,11.629951269200932,11.847476629990451,12.125212583422948,12.89596195809469,13.953554814713154,14.370110938732564,15.20404735238266,16.321375003139956,17.483088733334036,18.641153198077507,33.356256975068334,269.9999987925817,0.47507839653680406,2.021874967303375
2021-08-16 18:00:00-07:00,59.01954723333333,24.449801166666667,0.2324544142801778,17.5,28.73381541171049,78.03057935800861,85.83744704930903,283.97492683573824,0.0,13.123717015258588,42.417245292040306,1.0,13.123717015258588,6.936505046287733,2.857142857142857,27.398654500000003,0.5364544978333333,34.56227102349778,34.56223687862244,34.61206649671588,34.61046636597726,34.65369951547791,34.6536917364679,34.65367196360418,34.69049620614196,34.68919765374169,34.68920307633965,34.71997088699899,34.719990325197486,2.673869479149469,2.619412958445176,2.5732962998414086,2.5450342442098806,2.5491977622848894,2.5473449592695645,2.5609195397722115,2.5860968428879114,2.6226265971873066,2.6887172480886843,2.7438824177088574,2.7977888157356285,8.049071260385084,269.9999977411273,0.6799894150431891,1.866994347081856
2021-08-17 05:00:00-07:00,73.07667628333334,17.04644246666667,0.258096364568997,4.5,21.143638199352523,80.78197932320876,86.78590761446246,75.42165920475355,3.885780586188046e-16,9.24915132811187,31.05299510520056,1.0,9.24915132811187,5.594233502451597,2.857142857142857,21.55686738888889,2.57636735,23.688070598383646,23.688065593118097,23.712057095374185,23.710662460697122,23.70991620355844,23.733915932393828,23.728283271930884,23.728281319897675,23.728278357066436,23.75227228787451,23.742677104215133,23.74267524705643,2.091058944636167,2.047332099106724,2.0095196850549137,1.985446966137364,1.9719110737895944,1.9690109680608858,1.9766563321018167,1.9945651579665542,2.0315524666279687,2.067465734853108,2.1068691191688935,2.150236489148403,6.205682652288413,90.0,0.6959510219729236,1.8630026095434984
2021-08-17 06:00:00-07:00,387.22316666666666,78.24449666666666,0.2833707072391334,5.5,166.7919936276312,49.20522729145955,76.78103960835861,83.65809225477699,0.0,36.78589190541211,377.362198509073,1.0,36.78589190541211,51.87973078923198,2.857142857142857,23.248958388888887,3.462683483333333,360.1285295640617,360.42252821488876,360.9445210512465,361.1833968573373,361.44297361834595,361.665609970657,362.63871921198194,363.6046394269302,364.51349905147003,365.420324859605,366.26591847528687,367.10281743562985,9.39824110480161,9.250255776527364,9.31090342533848,9.735405144984314,9.940484116266813,10.462056664804658,10.762240619774689,11.558274146489834,12.137718550677834,12.554013291871819,13.42219210866648,13.97746621346558,27.786331827653356,90.0,0.5169121968992286,1.97245064841565
2021-08-17 07:00:00-07:00,556.5264333333333,131.05103333333332,0.2780926524383537,6.5,363.85847872259444,15.503164652620091,65.27128434363826,93.18365916702767,0.0,112.87263372767879,746.4074126839321,1.0,112.87263372767879,110.03346609250464,2.857142857142857,26.34388461111111,2.907936573333333,706.5187203879025,707.734074343729,708.8567554791698,709.3620684000755,710.5132352911029,711.664311122318,712.1700229888838,713.2113325622712,715.6775245684918,720.7721328968829,723.2779698250429,725.7408631960909,42.71014438599731,44.87505414211228,45.734902723338706,45.34263594192666,44.497920024427295,42.93528519173318,41.703766776091875,41.944924613637234,42.3604941236684,43.347868663250885,44.21924573919424,45.33813276864426,50.0,90.0,0.366977778440511,2.214355247456318
2021-08-17 08:00:00-07:00,656.2857833333333,163.43668333333335,0.2630565650861773,7.5,550.2785010925322,11.541253310587727,53.8826426112577,103.82376376647574,0.0,253.15339842104814,892.9084342991486,1.0,253.15339842104814,155.39886141341003,2.1505849162503186,27.81380188888889,1.97861606,840.4446188672775,841.1998804759037,841.9505114484314,841.9865003788627,843.0627629043408,843.9438125576651,844.0287196882714,844.7181388562252,848.800843134321,857.2431082602272,861.2861408700613,865.2570638336006,79.44483502632244,72.55928076521816,66.26141688817418,59.76834816997985,55.88249796260543,51.40957279781919,48.67558436713301,49.71324071438913,51.688671830459604,54.93066641423334,58.04952300961805,61.60213207891174,50.0,90.0,0.366977778440511,2.214355247456318
2021-08-17 09:00:00-07:00,748.5988333333333,178.7046,0.2439223303188364,8.5,725.4442346170559,18.087540631249446,43.084202770885156,117.03402340721624,0.0,408.00034078147803,955.8971969644515,1.0,408.00034078147803,185.5923133565077,1.659738211662468,30.03961361111111,1.8561395766666664,913.2335775973922,913.4591352920812,914.0635675434742,914.0455891588505,914.3661385008705,914.8879702696576,915.5606119981105,919.1707619936394,922.732222544505,926.2679380842694,930.1930847640249,933.4862076269866,94.73924771490921,85.45859184016003,75.94973019621548,69.42407457523437,64.1329436673149,61.14852216798319,61.53170110510899,62.88455857788747,64.9266900872084,65.56790359971424,68.95908514429776,73.5668113997232,39.796875507376924,90.0,0.429966099014606,2.0888244277919243
2021-08-17 10:00:00-07:00,788.2477166666666,191.2632333333333,0.2305959959866885,9.5,846.636226020039,23.253996967273633,33.75405965687739,135.28051551451478,0.0,519.5764334941642,950.4088416453229,1.0,519.5764334941642,203.68215298523387,1.357662501728446,31.189825944444447,2.4620744416666667,924.0998561714565,924.2292231309333,924.6327529538089,924.4944503206094,924.5787728510468,924.7739633656062,927.4016961685877,930.2674515405148,932.6597933796038,935.1905922532367,937.4257158660853,940.2521320044182,103.71924776696358,94.56390052237505,87.21387819285697,80.05599407427358,76.82785441091696,73.48290954387639,74.02061905378575,73.88844770009932,77.17053359544778,80.36912570623916,85.16095900154802,90.3993191820416,25.184172638873545,90.00000085377364,0.537235336853532,1.9521982221155645
2021-08-17 11:00:00-07:00,810.0706833333334,198.82191666666668,0.223312313485236,10.5,916.3611624306623,26.122248494886843,27.653125285470075,161.56009512714604,0.0,595.261308454673,933.3513392098043,1.0,595.261308454673,208.39407574999848,1.1243940930864238,32.30999672222222,2.2815910366666667,923.5640973807067,924.4683277443465,924.4099954638118,925.1740635456381,925.0816950828806,925.9882932851995,925.7372888760341,926.6434183740479,926.3145503525385,926.2502717974372,927.1626762338846,927.1599743838187,109.62190811672366,101.22613705298843,93.90639840679644,88.35339861117511,83.87928722583983,81.96606510248189,81.58020025631154,83.0620128531787,86.4669997987951,90.97754148609512,96.7399305988626,102.97633992133271,9.410454857674539,90.0,0.6682470094947635,1.8706005143243631
2021-08-17 12:00:00-07:00,637.5007268333334,260.4212,0.2267166494089548,11.5,827.5802727830011,26.347613590326578,27.1694116389068,193.60200729021966,0.0,537.3077024056139,837.6500932276874,1.0,537.3077024056139,191.56978281317492,1.0905552487034917,33.0081745,2.5144185716666665,831.173711021168,831.1740034783809,830.3327704739111,830.7958331073095,830.7967439908196,830.797645075339,829.9569553972409,830.2834297085924,830.2817122706165,829.6653309319939,829.7173299249188,829.7187056200298,95.30591730996967,89.36761896763122,83.82268624294088,79.44920095876014,76.51951131236405,75.09252822137017,75.31583901209768,77.17750341066778,80.64919289667613,85.92173138804948,92.34032022762496,99.79311910885639,6.8826161922087,270.0,0.6900821869582069,1.8643491108283698
2021-08-17 13:00:00-07:00,128.1602919,188.9855,0.2402292392772173,12.5,297.00023471455177,23.901107548114634,32.56198479366427,221.16755183589265,0.0,188.33470580107095,317.21813589576385,1.0,188.33470580107095,78.32811424078314,1.3185827889724453,31.495968833333333,1.66027588,301.3263761980478,301.75643663172724,302.1208914807262,302.5382589224206,302.8406803984306,304.2753057094927,305.5253937869144,306.8259439118144,306.97799896475135,307.984142599273,309.1560893140999,310.18826885769107,39.08432749137271,37.11638010642099,34.75979438620562,33.81788233740821,32.883966369213134,32.25916805277574,33.006791898953914,33.27824263475372,34.773224107612315,35.676202452589536,37.84705577082436,39.62482129085357,22.80002401793803,269.99999914622634,0.5562420135550912,1.9352798679979095
2021-08-17 14:00:00-07:00,90.90697078333332,264.1886333333333,0.243925781774965,13.5,332.2234845215931,19.0844041835918,41.54795904784673,240.4640351215373,0.0,207.34430212535224,362.8529412128766,1.0,207.34430212535224,95.21717225822049,1.6056234057896117,31.282502333333333,1.5265301333333334,348.8609436824189,347.5835926249891,346.28521209058584,343.7662047915792,342.3796304402294,340.9241332890789,339.99397705934433,337.75568879920263,336.81934477074856,334.7136235923625,332.4588284586871,331.5060820266208,51.25980917776333,49.90758008150292,48.38620571092151,46.99010331152089,45.572418475522404,45.259897470668854,44.113417455633204,43.91558258829512,44.17433712992869,45.95438031071665,47.26878274260085,49.06022527368439,37.63406762299568,270.0,0.4446919273739834,2.065216141368255
2021-08-17 15:00:00-07:00,43.571701733333335,165.72569666666666,0.2376894843779219,14.5,192.42886137730608,12.440894050030055,52.20372542227955,254.24481510682037,0.0,120.41893888139147,198.96881874717548,1.0,120.41893888139147,59.32653495754037,2.0487829152804644,30.530887611111112,1.775915275,188.16268755731576,188.0164246005463,187.8673613385547,187.41855747369596,187.26613142410366,185.3698290383852,184.5259283787521,182.5842296923556,180.56667137153352,179.68136885990438,177.65019354076333,175.5891218435201,36.83854682488096,36.66226378067685,36.49920790356704,36.23420472367558,36.1285327243492,36.10815096016467,35.47345347030471,35.02709868349493,34.51940149467188,34.41600589583427,34.338271000195384,34.489178546339836,50.0,270.0,0.366977778440511,2.214355247456318
2021-08-17 16:00:00-07:00,1.4160070666666666,50.67128666666667,0.2353602005183472,15.5,51.3019783831689,14.13790792462276,63.55096848694727,265.15446568738923,0.0,34.96400853230505,42.12104621379149,1.0,34.96400853230505,15.938356479978978,2.857142857142857,26.37258005555556,3.411817983333333,39.15508230279205,39.36400675594409,39.57579611357023,39.96335538468194,40.1823560048944,39.50368326110326,39.19240540405804,38.500567396050926,37.78979586232532,37.46049107822199,36.73223443393206,35.99297398292798,10.904239617599693,11.092596639575385,11.270713428898159,11.413044499811555,11.572504913733253,11.72419696801809,11.412601283530998,11.113668617004727,10.806511232619101,10.55933467409198,10.318913088146275,10.135728509308104,50.0,270.0,0.366977778440511,2.214355247456318
2021-08-17 17:00:00-07:00,129.13814463333333,69.80239666666667,0.2606265432206129,16.5,103.0479624873746,42.646439323334675,75.08167409070714,274.7699242823834,1.5543122344752188e-16,36.520397497964176,193.16863211084308,1.0,36.520397497964176,31.326970052588756,2.857142857142857,26.54215127777778,4.125634066666667,188.0911415631271,187.4903526202889,186.90101587957355,186.26103463762928,185.21645585289576,184.5677961360527,184.003124383699,183.7469893537068,183.48090240212144,182.86116459674696,182.5793955117761,181.95772511483725,12.705933729628278,12.102295294126717,11.488297710848538,11.12792534217816,10.500231700005635,10.175070281060718,9.830484254507294,9.29251236981019,9.079101862281174,9.074248701083935,8.96229747769692,9.086699958663798,32.587893925994315,270.0,0.48070361475100193,2.014576641604106
2021-08-17 18:00:00-07:00,73.50068603333334,38.1632695,0.2539619713584313,17.5,43.42145348007364,78.20574716405407,85.89759854138751,283.60573420549224,0.0,20.56503332430461,61.41476337477269,1.0,20.56503332430461,11.099483567045525,2.857142857142857,25.775438666666663,2.6045941766666667,50.582058542104065,50.61224963725681,50.60945210800416,50.609506207926245,50.63577387866357,50.635764665454474,50.663372539062216,50.65585793645711,50.65583753125862,50.65583970348348,50.674535622746426,50.67457032157375,4.538762162592726,4.445529165896141,4.3663323935567195,4.31790658820862,4.292617997213741,4.301649692480905,4.322912191195966,4.3660981463213435,4.428473278638834,4.5038025127726735,4.603958611747296,4.7010231163180505,7.917623735448308,269.9999958173804,0.6811253937373899,1.8666757176330795
2021-08-18 05:00:00-07:00,64.79572881666667,19.74779493333333,0.2642666663338186,4.5,23.19257145055593,81.26317545612925,86.95251134734853,75.70396038172015,0.0,10.63452602818297,32.0361999576877,1.0,10.63452602818297,6.2667259546735625,2.857142857142857,20.38262127777778,0.9192678705,24.72318715716887,24.725682225182712,24.746989737580225,24.746989795094642,24.7469930829621,24.767064303402904,24.76706581294797,24.767064669190788,24.76706184147021,24.78279898241927,24.782174396381365,24.78217396253344,2.452846331857697,2.401300173667684,2.3680888193005303,2.336160124374409,2.320131762790309,2.316623368990244,2.325337405264141,2.3465602803702064,2.377943909355763,2.4179151372308127,2.4755468606600894,2.529724974335015,5.872798636789287,90.0,0.6988398566365,1.8623913510248196
2021-08-18 06:00:00-07:00,350.74781666666667,95.18753166666669,0.282733744112022,5.5,174.45521355979133,49.781557780390806,76.93853341787859,83.95304362848219,3.108624468950437e-16,46.18552935537252,371.899848214915,1.0,46.18552935537252,54.284298735656186,2.857142857142857,21.960825722222225,0.8041087326666666,353.5891821031238,354.2704371544452,354.61476663279876,354.91382807880086,355.52058511949235,355.82827274836944,356.77821417255166,357.7253964925234,358.60637390667983,359.49379496524193,360.1708587844362,361.02098246412436,11.778759555369358,11.595362607440125,11.704043903256455,12.091804249316146,12.338221233113453,12.844851547960436,13.206285480904686,13.76137932026092,14.59983660124947,15.089837765341047,15.675333739767133,16.55762624526284,27.34404440794416,90.0,0.5203337416579802,1.9688784600646525
2021-08-18 07:00:00-07:00,564.1659166666667,127.25058333333332,0.2784851317395667,6.5,361.8576235064691,15.70485886705394,65.42729501553245,93.5007752929168,0.0,108.42111750527306,748.579643042954,1.0,108.42111750527306,109.12692197688781,2.857142857142857,24.251369166666667,1.6114777516666663,709.160613739292,710.3409121738928,711.4252510799607,711.9180713439429,713.0286721622723,714.1451588690245,714.6317827648008,715.6558131952706,718.0855426513765,723.1077522277759,725.5818617199919,728.0131126924256,40.21043895411693,42.530839900438195,43.62786456501119,43.49441162227059,42.84592513806428,41.48022832914736,40.36065296249546,40.68505123939601,41.15409513807901,42.1557376508045,43.05063268133735,44.17394713795323,50.0,90.0,0.366977778440511,2.214355247456318
2021-08-18 08:00:00-07:00,685.5911166666666,162.95731666666669,0.2619119927215323,7.5,565.4659101150661,11.86708483366274,54.04871709170394,104.1733773584865,0.0,254.7011071436283,920.9471499302805,1.0,254.7011071436283,158.08290094263495,2.15749411715946,25.816384333333332,1.7500036183333334,867.7520265633691,868.5301972861726,869.2973166977381,869.3635375464355,870.4532039875509,871.364655133823,871.4624255717121,872.1534078587794,876.2292365156051,884.656460539663,888.6986552825965,892.669116830321,80.95882352784014,73.83771308111876,67.31871921171165,60.61310816320316,56.560040275333826,51.89658066742419,49.02557417496657,49.99998169255908,51.86518559082784,55.04014251735782,58.09813766419679,61.58175909773335,50.0,90.0,0.366977778440511,2.214355247456318
2021-08-18 09:00:00-07:00,769.8059499999999,165.53511666666665,0.2435487304051383,8.5,725.997792629679,18.40401379400674,43.276241024318615,117.42268916957143,0.0,407.34817344195056,960.5982680186312,1.0,407.34817344195056,184.15547715003254,1.6621113756517039,27.1015555,2.1701437183333336,919.2585118183661,919.3777275550152,919.4487141709517,919.8163643111617,920.5080578532705,920.5104757872978,920.7000550395234,924.5762510090361,928.0221483099966,931.8357027303097,935.1611079034368,938.4026724808456,94.35076892729259,83.76605426380236,75.58042737768568,68.70960051997885,63.32220894885524,59.416573379929005,60.510968054740225,62.21526576572998,63.70241852428482,63.70652037857126,67.5695216698513,72.09831586017565,39.887812605869755,90.0,0.4293567833796048,2.0898412798335797
2021-08-18 10:00:00-07:00,810.0510833333334,176.62586666666667,0.2347958624973129,9.5,848.2417052997396,23.580012131189598,33.99328862561337,135.6836506211656,0.0,521.082064800983,948.8213947164691,1.0,521.082064800983,205.5844852785426,1.3583555501458378,28.98653570621469,2.2322052033333337,923.7631482470487,923.9828342753968,924.4328680332135,924.3299918661679,924.4542472906809,924.6899963028084,926.9363199069107,929.4355286818113,931.4712652331825,933.6646548910753,935.576694727519,937.9696839652684,105.96851548954531,96.72495682898018,89.08003977822781,81.86191306394433,78.370092677935,75.01641610848941,75.30520221965524,75.19031072271562,78.24495146383616,81.44564970500592,86.03077411693889,91.00868979447074,25.22539360346251,90.00000085377364,0.5369098645579289,1.9525045997663968
2021-08-18 11:00:00-07:00,831.8667499999999,184.62098333333333,0.2248342829991756,10.5,919.434629958523,26.450004488051196,27.953177896910603,161.84603068751574,0.0,597.2992884560895,936.6537108875297,1.0,597.2992884560895,210.4773489511112,1.124095267099887,30.479248,2.527016033333333,927.2201797108573,928.0609222688576,928.0663882047681,928.8312352095382,928.737902685276,929.6590247804559,929.3937906025598,930.314415243568,929.9710899273475,929.9062452879707,930.8335080247,930.8307690918533,110.68664445463119,102.14315448308706,94.69242470127553,89.03157797680767,84.47201845127235,82.51395477691901,82.11380941519417,83.61467011013175,87.06257381992043,91.6474740800026,97.25947014360878,103.84918818684838,9.388298799249318,90.00000120741828,0.6684377616745882,1.8705373609502833
2021-08-18 12:00:00-07:00,817.9120166666667,194.0698833333333,0.2230730893323263,11.5,919.5807568775425,26.666129504309666,27.497867783495458,193.58878785296426,0.0,597.2138943934593,929.8544942206161,1.0,597.2138943934593,208.0991180930263,1.0917504152487507,31.77800983333333,2.565505195,922.8581579935633,922.8566220451702,922.7997724732946,923.2914496032384,923.2933376485693,923.2945373294039,923.703080418272,923.70205965855,923.7010308017504,923.658491030332,923.9908521247564,923.9905278713812,108.82679542432129,100.51216855434328,92.79542866212557,87.38327748534357,83.50641743363182,81.42232740590389,81.09192639031411,82.74896530965601,85.9972783724848,90.85377602954189,96.92003646166454,103.5105285311244,6.972484208698209,269.9999952463895,0.6893036660698777,1.8645382932858436
2021-08-18 13:00:00-07:00,758.0475299999999,208.62786666666668,0.2293220191955338,12.5,845.3321747388596,24.200376652435143,32.86762714422314,220.94394779681994,0.0,526.7874711013701,930.9301011903906,1.0,526.7874711013701,202.75511604858616,1.3209668266917158,32.29655205555556,2.6925327766666665,921.0001326726943,919.0534965930763,916.7721442897277,914.2939238210577,914.5617763152597,912.0152766777645,909.6465767908887,906.817122460466,906.8563149326422,906.6287451441535,906.5315303672949,906.3264215847586,93.27762616362064,87.27547695949225,81.52261689682986,78.72868913500679,75.36815879731571,74.99616326661612,74.22187439608089,77.02912747829974,81.54131005831009,85.90559802394445,94.60475932591167,102.91932703767006,22.948806698652994,270.0,0.5550457453898507,1.9362892561629814
2021-08-18 14:00:00-07:00,542.5176758333333,219.43111666666667,0.2363526609848842,13.5,623.7276962580265,19.359160436290214,41.821754626436935,240.19022332481714,0.0,361.23219428121615,783.5384687555119,1.0,361.23219428121615,159.99030969073976,1.6102382729267382,32.101379111111115,2.4745396166666667,764.7490166713426,761.5361435720682,758.1862192205859,755.0684261248585,751.552223684407,748.1855117626366,747.149341006663,746.9510549757327,745.9926764434628,745.4153165295231,744.3149617738637,744.1505927502576,68.38073431614501,66.54491882422687,63.23503386460859,60.593630299421946,58.27555307821988,56.12068584652893,55.01268229711416,57.0303161974147,60.84445347631973,65.62355908924987,72.54816099695479,80.01704109445583,37.82537308011732,270.0,0.4433715456086709,2.067259344319391
2021-08-18 15:00:00-07:00,278.1867311666667,226.7959833333333,0.2457969681906484,14.5,396.3115335097664,12.711334528338009,52.45684099724661,253.97934719690423,0.0,210.85391368290763,546.257815624894,1.0,210.85391368290763,115.90786794363817,2.059812402755553,31.97360388888889,2.2050297050000003,525.6752097971383,523.3134848560945,520.916430682829,515.8076745134567,513.3506556247205,511.601874156919,510.935886343896,509.1021131497478,507.0953395487777,506.4331183569708,504.57291172475857,502.6879382290846,57.91361161822905,55.62795763865999,53.531125277994065,51.312659465887215,49.737559351602215,48.70887940939391,49.23321851647928,50.63512567299572,51.79578479535814,54.387456943814406,57.01123917256835,60.12314243402977,50.0,270.0,0.366977778440511,2.214355247456318
2021-08-18 16:00:00-07:00,6.330091983333333,145.5964316666667,0.2401354846041135,15.5,148.39169695387142,14.432352243863996,63.795030378364,264.9081057361932,0.0,96.435204520794,137.3514656831385,1.0,96.435204520794,46.167153106267136,2.857142857142857,30.665483833333333,1.9201680216666663,128.7828995262544,129.2320355015214,129.68698982540977,130.49490216765483,130.96924308869143,129.14993120688237,128.3147245734883,126.45548875902628,124.54446591954523,123.66317640339274,121.7078795084923,119.7217560352375,30.573144924302852,31.01295629889413,31.43583344318758,31.75798064376752,32.15250868493546,32.537198569818486,31.770459643745518,31.064583812328898,30.315397034707534,29.730310471711142,29.129434282330347,28.642164998739094,50.0,270.0,0.366977778440511,2.214355247456318
2021-08-18 17:00:00-07:00,166.50183783333333,84.81235666666666,0.2687122895652461,16.5,126.99105982040922,43.632605869122045,75.3257771861252,274.54135852431796,0.0,43.905985831448014,240.86425565574928,1.0,43.905985831448014,38.90527499637873,2.8571428571428577,29.1883755,1.38186115,227.5846996954555,228.36813193944533,228.69571033048615,229.38242393498138,229.69246935663153,230.0381305621227,230.65604575500404,231.8003669023325,232.52547146344753,233.18773870613285,233.86530830943698,234.48414230159676,11.046856995366731,11.076404355269776,11.008232525365996,11.20828451486286,11.251876207317132,11.84473696043482,12.453879937002782,12.590235048150408,13.29053133906663,13.973628037252093,14.67826529518779,15.034071123694897,31.82632167792465,269.9999987925817,0.4863269097338431,2.007492337294855
2021-08-18 18:00:00-07:00,26.0145002,27.486518116666662,0.2437681319455812,17.5,29.31875263758997,78.39097407524714,85.96124117643284,283.2351126849689,0.0,16.43184014633629,35.019966424213415,1.0,16.43184014633629,7.060438614289526,2.857142857142857,28.1808145,1.0801901466666666,30.660866335625656,30.660839696797034,30.69402848693615,30.659934130419046,30.65994949074067,30.66167169113445,30.660626673638244,30.660630340127916,30.69381007405267,30.659311007957488,30.659311031327984,30.660061387862083,3.571381390240907,3.4963630764994007,3.430494271351152,3.370660719450054,3.3247627546838574,3.291580317713234,3.2753763770142155,3.2765041986980017,3.2965899099260576,3.3389803753431933,3.394489240274199,3.4659945807305834,7.780141741573938,270.0,0.6823139104895698,1.8663480382488826
2021-08-19 05:00:00-07:00,0.3963991,15.719735216666669,0.2376286939762834,4.5,15.740942618932257,81.20744018429477,86.93320432447094,76.14780341889923,0.0,10.091392211090355,15.618439034887894,1.0,10.091392211090355,3.6420424000677922,2.857142857142857,17.657650166666667,1.05780239,14.793343275839973,14.813761824481444,14.786925684137556,14.786925792914298,14.786928658123411,14.78233761653333,14.782338826965484,14.7823377693845,14.782335305816542,14.778728820217141,14.778726095542131,14.778195637085584,2.082849587475735,2.0366589566517384,2.001567660934308,1.9743496026580771,1.9606786526746627,1.957689889344329,1.9651273590993978,1.983267979698765,2.0100512427127235,2.0441388584989975,2.0804956942930612,2.1267377885109924,5.898848882297061,90.0,0.6986137238014408,1.8624379750427533
2021-08-19 06:00:00-07:00,14.022324916666667,72.71987666666668,0.2314755688313983,5.5,75.8511458193128,50.35588021512927,77.09671572346353,84.25172846243765,1.5543122344752188e-16,46.035171504966165,82.62243738114215,1.0,46.035171504966165,17.98235546079862,2.857142857142857,17.979723,0.7247635185,77.67601849408186,77.99768194266792,78.64572058182014,78.94213868235329,79.26043335391019,79.53588334516002,79.40490811835376,79.24365711762731,79.11632263988258,78.97092217453343,78.85726036108849,78.72122628036529,9.779159160056277,9.788683165324853,9.708844742343297,9.592372284395712,9.630625798520812,9.60258206399242,9.708461391936963,9.716609029324939,9.605496525908436,9.892932271000777,9.907754650934862,9.90579743481548,26.90607422337579,90.0,0.5237353745698757,1.9653932975041308
2021-08-19 07:00:00-07:00,311.8672868333333,150.32676666666666,0.2555269698881586,6.5,279.23830434512263,15.911722505056021,65.58430793775061,93.82149716534491,0.0,105.14289553726285,505.5542511078455,1.0,105.14289553726285,84.00616413475936,2.857142857142857,19.557427944444445,1.4497029233333334,472.7194336188049,474.3099415277861,475.82941269797686,476.51923872159773,478.02809449138715,479.51908090805114,480.17835886769774,481.6115342745598,483.2391996294956,486.6273914227211,488.26637199560207,489.8777968485327,34.08417908597488,35.65808999671432,36.68857545988221,37.070661056376565,37.220731764088605,36.96681645189103,36.82010775082445,37.34794258981513,37.939754237373,38.83736496379363,39.6348402696229,40.545148704692245,50.0,90.0,0.366977778440511,2.214355247456318
2021-08-19 08:00:00-07:00,801.6954166666667,110.77561,0.258238433245557,7.5,579.548621587904,12.19685058117171,54.21628893906277,104.52642992718529,0.0,252.97847259973204,968.0734715077016,1.0,252.97847259973204,152.55884293012258,2.1644524618267478,21.04369272222222,1.8974279383333328,920.6361303889464,920.9953146623307,921.3495545356772,921.212316734915,921.9227462358252,922.455018336604,922.3631892176164,922.666731210476,926.2170453120184,933.6144536669001,937.1631754652525,940.6469565831923,79.6073320530867,71.87551458489378,64.74457691247338,57.410070022805904,52.86829504187843,47.68111283100904,44.402349731661104,44.74282213564015,46.02675628392395,48.68261408343054,51.226121339330895,54.21757565289738,50.0,90.0,0.366977778440511,2.214355247456318
2021-08-19 09:00:00-07:00,832.39925,155.12035,0.2410365318287297,8.5,759.2168270094555,18.72440887243134,43.47045395536723,117.81427691842299,0.0,426.65335718419976,1000.635062352941,1.0,426.65335718419976,188.6917138798677,1.664485357741029,22.049616277777776,2.0291345966666667,959.5398306091244,959.7454229906209,959.8505049225707,960.3161985692664,960.6358880002936,961.1458733048792,961.3665475723021,964.9898730838943,968.1416576383565,971.6816283617235,974.7240567629019,977.7195403656498,96.69038867857184,87.09808060490174,78.70980906088862,71.65093970598359,66.14951800955151,62.18018132552106,63.001488846199905,63.73258782078466,65.65745118175136,65.6576715697067,69.29792493852092,73.62987534177829,39.978463280518405,90.0,0.4287501908038264,2.0908568528561493
2021-08-19 10:00:00-07:00,174.98249368333333,318.98940000000005,0.2415047980511671,9.5,463.65319708138793,23.90984369442257,34.23541659827541,136.0883355670253,0.0,293.76204941377495,488.4320138696654,1.0,293.76204941377495,119.73675882045718,1.3590310056039692,22.101644500000003,1.9821635683333332,463.32998860698285,464.1129499147164,466.1321266376319,466.84025698004257,467.6215066618979,468.4736385905159,469.6896017209155,471.0411201844984,472.138398131539,473.3427309129917,474.3763044984779,474.9535011643303,62.55103084551168,59.13201657249526,56.60302609252124,54.131234862191185,53.35288657322996,52.41947941454974,53.14018195842292,53.42989935298897,55.161136114167356,57.132228431723,58.843045636040166,61.3501933631323,25.26553223251697,90.00000120741828,0.5365930441493132,1.95280338284232
2021-08-19 11:00:00-07:00,471.5358085,361.3600666666667,0.2306323452360603,10.5,776.7061862124917,26.781314791867718,28.256521672447303,162.13258377168722,0.0,504.08798614805687,790.4604421908787,1.0,504.08798614805687,184.11099184457544,1.1237671342666742,23.072626166666662,2.0601421083333333,776.1682090243986,777.2045323113884,777.2088160974757,778.0666702264151,778.0640056454915,779.0783601685943,778.8738075750462,779.887911544342,779.5827631825218,779.5260574302748,780.5454648499692,780.5433584395531,96.71985944372405,90.04311431425342,84.249437084282,79.99256603815039,76.49447165937143,75.0605318200278,74.83527096351362,76.09570552984428,78.61960324622362,82.70578588667168,87.19416140861237,92.4288404015286,9.363967417695978,90.0,0.6686472563093191,1.8704681770299065
2021-08-19 12:00:00-07:00,141.13295716666664,326.82105,0.2361005181544287,11.5,451.6300833527941,26.987739995609488,27.83001202397331,193.57915598421422,0.0,292.0571432590392,454.09742109463014,1.0,292.0571432590392,108.05154401923123,1.0929894511578804,22.942659555555554,3.5984544833333336,441.2661916715854,441.6114162611316,441.61085366973447,441.87734357274104,441.87803911581716,441.878381871208,442.12407946014844,442.1236840429668,442.1232797140331,442.12300377437373,442.3010853468719,442.3011391698461,57.86964849974026,54.84838294828302,52.191174537255144,50.23430130661586,48.920948472203634,48.27459841665509,48.282587357319265,49.01315574870082,50.31558155859081,52.35148933785522,54.57390800442216,57.21499282056998,7.0656128069873505,269.9999953236892,0.6884970565421813,1.8647369161166574
2021-08-19 13:00:00-07:00,91.10489191666667,217.6231733333333,0.2373285357074063,12.5,293.8759505984412,24.502159174963527,33.17764854669068,220.72431494605217,0.0,188.24368683496868,305.14840420594925,1.0,188.24368683496868,75.51314225669567,1.3234217094167124,21.25097111111111,3.6441583833333335,288.3655638448901,288.90744271394306,290.228748760645,290.7225034572008,291.21049810699003,292.22497587754793,293.07855681962724,294.00643365289966,294.0146879823179,294.7957132861616,295.6238722968314,296.3311704447111,38.93154922968531,37.28366941393157,35.448589162634974,34.50395905689866,34.05999899094898,33.66663884068554,34.29912896932988,34.62499123842743,35.82124535069036,37.10091749153995,38.316417727595635,40.12322285215459,23.101560120508545,269.9999985212207,0.5538189187509728,1.9373320432034633
2021-08-19 14:00:00-07:00,49.333284000000006,234.538705,0.2291667474562104,13.5,271.14273811006507,19.635880216769806,42.10012433618128,239.91832946554965,0.0,173.2267727774993,274.63928694095915,1.0,173.2267727774993,72.44198145646003,1.61498750948053,19.128208111111118,2.477132193333333,249.57250783853996,251.9488920711784,254.31847993246546,255.35412592143518,257.579065144083,258.5796161867339,260.7285352833436,261.02989362309745,261.4674079110366,261.73587314941796,262.00984654355807,262.4329842190219,40.17076413040776,38.80864142336026,38.47057667226123,38.46521038570827,38.0555510274729,38.648893516161685,38.9327116909081,39.42635945321429,39.83238923631819,40.41632865877647,40.924662963609656,41.95260549484309,38.02087885055828,269.9999987925817,0.44202570537316516,2.0693565057782157
2021-08-19 15:00:00-07:00,427.12218436666666,149.979545,0.2383019033078409,14.5,408.725355812255,12.986593305044483,52.71437945358606,253.71431728522404,0.0,199.49410887488264,628.6661016410117,1.0,199.49410887488264,110.66992253945966,2.071157888507064,20.12912783333333,1.95925477,609.1789879010743,606.0758286091359,602.9269065454884,596.3269819837951,593.1027828621325,592.3248078750522,592.1368761651859,591.2757852401814,590.2341198937178,590.0902672809378,589.2743992907918,588.4501348063689,48.187167751778695,45.21131792670219,42.495949584906256,39.70327455835613,37.68946742893809,36.3893073193473,37.75103485655197,40.211462665598354,42.382707510486405,46.250007887861024,50.14265910926385,54.52484453812599,50.0,270.0,0.366977778440511,2.214355247456318
2021-08-19 16:00:00-07:00,244.74539811666668,125.39281666666668,0.2507386917967433,15.5,232.51591436219826,14.73220998263902,64.0432871953156,264.6613882657257,0.0,93.46957865540072,404.3120735677291,1.0,93.46957865540072,69.98376823145777,2.857142857142857,20.646838722222224,1.18074107,391.37246128310426,389.8832623023616,388.3686300222357,385.22111250615484,383.7093623178771,382.55262932308597,381.9917056826405,380.74436360577613,379.4559049202727,378.8929543737063,377.60928281559427,376.28583485076337,34.57103444893887,33.68951627936516,32.94551425051577,32.11980561294705,31.659217090435906,31.339716767813204,31.773591163967843,32.5576010132341,33.0458944032533,33.58947684267393,33.650129373905436,33.17589334680993,50.0,270.0,0.366977778440511,2.214355247456318
2021-08-19 17:00:00-07:00,40.65346993333333,77.55358166666666,0.2340241881973623,16.5,87.68164262288349,44.61808572412977,75.57387373589572,274.31200693620656,1.5543122344752188e-16,47.45841495740265,113.17205382190713,1.0,47.45841495740265,22.457290881977045,2.8571428571428577,20.49721844444445,0.5041568731666666,108.45038876094657,108.79724886518764,108.76229920673191,108.75850875586052,108.75197971074107,108.35519013322488,108.35550016485726,108.02766194815652,107.65643149698111,106.92024959551144,106.56730586802567,105.78110245986676,11.588690403930123,11.495455932813753,11.37004268331005,11.239034783386504,11.092645073081746,10.951283298555756,10.83981747689928,10.77057987764113,10.719773620542242,10.516386240221115,10.57984637127267,10.500825866615243,31.07131776352981,270.0,0.49194769133998767,2.00061730353634
2021-08-19 18:00:00-07:00,2.230484316666667,21.502038,0.2174764154493421,17.5,21.649246611668445,79.13082410479912,86.2158140967403,283.0198599735712,0.0,13.587272251869392,22.077920750540258,1.0,13.587272251869392,4.561569706502938,2.857142857142857,19.6753075,0.90139104,20.63467580605072,20.624382875711806,20.624373641143585,20.58027780798082,20.614393265529642,20.61439616808733,20.570271982410063,20.60706763418098,20.60705832345444,20.607048250590328,20.562929066590527,20.600183581734594,2.5571758557420785,2.4959122459234155,2.4548557403939344,2.425400824700035,2.4099511084157026,2.4069613149938793,2.4185072967398877,2.442083286309013,2.4728662689519676,2.5139720037167486,2.562811508314272,2.619075276152964,7.2745551853154815,269.9999982924527,0.6866879500319659,1.8651920835077032
2021-08-20 05:00:00-07:00,88.60344151666666,14.904770483333332,0.2112613069394678,4.5,19.386450420834993,81.69062639098217,87.1006660462866,76.43801724342381,0.0,7.109539558773018,30.426457863120667,1.0,7.109539558773018,4.327411021732634,2.857142857142857,10.089639672222225,1.02734367,21.468711986222992,21.51441717861266,21.51441651390477,21.497604987072883,21.497606256335274,21.543313966021767,21.543315257308173,21.52027379817217,21.519937033046105,21.56564245262718,21.56564215309892,21.56564189555258,1.319662937820315,1.2921333114364146,1.2701155819843961,1.2543454845994804,1.256866377604908,1.2542369811117142,1.2588666577856544,1.2696249995821267,1.2859330741836341,1.3085445992487446,1.3335219962803266,1.3608785212158496,5.566481911888728,90.0000055985682,0.7014996629630509,1.8618585413671038
2021-08-20 06:00:00-07:00,473.179,64.49656166666666,0.262215143789801,5.5,168.8809580424098,50.928300106396044,77.25558601105338,84.5540351398721,0.0,29.15404893731388,406.3188989312649,1.0,29.15404893731388,49.745823704651635,2.857142857142857,13.039228388888889,1.2395011816666668,387.1918736899411,387.6129885005564,387.8261596205398,388.0106003832518,388.38661134442583,388.57326988164533,389.7144772457888,390.83122868067653,391.88712911074896,392.9234870499482,393.9173441598226,394.9111669289124,6.900433163385626,6.79324553733935,6.853384423289541,7.4156200904863425,7.584139399851935,8.212524204369759,8.475769973484345,9.136726306434005,10.034794720364552,10.416875435521877,11.101236099884193,12.077436409781063,26.472271733448512,90.00000085377364,0.5271176711018561,1.9619926631196651
2021-08-20 07:00:00-07:00,686.5466666666667,95.33253166666668,0.2631035138302808,6.5,377.3939299394622,16.123748945750147,65.7423349974853,94.14569560663494,0.0,94.4541612730609,836.3911697895381,1.0,94.4541612730609,106.45377032957191,2.857142857142857,16.159509611111112,1.4178393883333331,797.3975947439745,798.1977866217785,798.8928174543755,799.219909875485,799.9487622583354,800.702879137806,801.027092775622,801.7054200092227,804.5623731349746,810.4098209363885,813.3089608757248,816.1597493831403,33.72998045867733,36.24916758564003,37.50461666838559,37.46828819081344,36.772042313133134,35.31551644496537,34.02816128856201,34.67084804893432,35.449766849502616,36.75123888223849,37.96549767832968,39.4202656196659,50.0,90.0,0.366977778440511,2.214355247456318
2021-08-20 08:00:00-07:00,781.5523333333333,122.5519,0.249787219124049,7.5,577.6736330721566,12.530432428758836,54.385377433859766,104.88276224259164,0.0,252.06373472478268,967.3140090880237,1.0,252.06373472478268,148.46489824858764,2.1714614294799026,17.53459011111111,1.723816325,920.212777363363,920.5823532913852,920.9467697042106,920.8257833930263,921.5332087775249,922.0683329259864,921.9905912757009,922.3042210856137,925.9332158079305,933.4690648572061,937.0882620859388,940.6418872679403,76.89199678188115,69.44060068591587,62.568685305053016,55.50127583297719,51.12727570786014,46.13164846952457,42.97661289870723,43.47616837819724,44.889355317063405,47.62851047468027,50.263616423810724,53.3342134458956,50.0,90.0,0.366977778440511,2.214355247456318
2021-08-20 09:00:00-07:00,820.3812333333334,151.68705,0.2341011312475691,8.5,745.1234776349988,19.04862211030306,43.66685825354921,118.20857842528578,0.0,418.64019867852596,983.3476811898402,1.0,418.64019867852596,180.81711929462278,1.6668608374922325,20.708535055555554,1.6911537133333332,943.6544939497404,943.3523061970717,943.915600884955,944.3586364543476,944.1565457069329,944.6693722948077,944.8782026212209,948.4941639709848,951.6519200817664,955.1747969028983,958.2199290578596,961.2179997621295,92.27195052643172,83.1243610417638,75.12252197881419,68.38427338873277,63.14088749649064,59.369202618233786,60.25702421380195,61.07008342319526,63.54604030452066,63.56176410040514,66.70487331810826,71.59796641566784,40.06885434051454,90.0,0.42814613615179103,2.0918714273194814
2021-08-20 10:00:00-07:00,888.3619833333333,144.31516666666667,0.2230296197108582,9.5,876.6092993951622,24.243393155201357,34.480437348838706,136.4943095889575,0.0,537.4148799938775,983.2785782099445,1.0,537.4148799938775,200.89413312247723,1.3596893485088937,22.153531444444447,4.772237533333334,960.12226018616,959.9251471714665,960.5316978555832,960.349136900511,960.4013515007523,960.5574861424756,962.6852032174672,965.0541417887814,966.976501594929,969.0527466195792,970.8665139824077,973.2036373903115,103.73783887901385,94.45475800767728,86.70591911053073,79.43010387504832,75.8184091620637,72.429179572001,72.57931941136623,72.42743761996473,75.37911829406033,78.48964202989957,82.71786716275463,87.85043783469384,25.304620733256506,90.0,0.5362846132244787,1.9530947755556236
2021-08-20 11:00:00-07:00,938.59505,121.26863333333334,0.2170221990588156,10.5,945.628255567159,27.11608474373339,28.563105267756555,162.41950469085248,0.0,614.363106743352,961.3155477142672,1.0,614.363106743352,207.04562490195568,1.1234101622367625,23.81908911111111,4.16971225,953.7852886042721,954.3114685130108,954.316567163542,954.7122906151411,954.7090001875956,955.2588875783185,955.1183675634312,955.6677302233923,955.4118408113563,955.4168196740551,955.9733923156642,955.7255143476143,110.36406603213229,101.03615312906182,93.57625584083209,87.6524131871884,83.2398685806041,81.2310696145531,80.822331848088,82.31717793293019,85.42434878358415,90.21859107693699,95.79678418376396,102.39678733258522,9.33749238568566,90.0,0.6688752245668427,1.8703930999887552
2021-08-20 12:00:00-07:00,940.4332833333334,118.5991,0.2173282419278495,11.5,947.6717252671507,27.31235576759025,28.165747222235375,193.572910014149,0.0,615.5883404730507,957.3901509770595,1.0,615.5883404730507,207.50238544583476,1.094272032589741,24.686900055555554,2.4643162183333334,951.2870652667444,951.643350887629,951.6417696551572,952.036074958098,951.8945140094207,951.8952697556302,952.3426990180958,952.1477112549895,952.146671758922,952.1459893079408,952.3105158395886,952.3109353850712,109.01476566783383,100.54104894973105,92.79337986863932,87.09310220655084,83.15105082508313,80.82917628659744,80.70677087014288,82.40333677042567,85.84684065716827,90.76978319558381,96.67248594446676,103.71361319054269,7.161969999982745,269.9999952463895,0.6876626544269302,1.8649451846059706
2021-08-20 13:00:00-07:00,924.7133,118.20178333333334,0.2238074534841677,12.5,889.3789570202488,24.806375549448635,33.4919317447064,220.50860614031077,0.0,553.760283606124,975.9388936602451,1.0,553.760283606124,200.84614781025988,1.3259473897128695,25.08597138888889,3.0649505833333333,966.1615466264253,965.0216739309202,963.7591410320706,962.6660349225931,962.5984613883178,961.3238329991102,959.9926580977005,958.6483493943423,958.4535163179944,958.3022540290655,957.9519120262164,958.0973342835297,90.1470849515582,84.80914508932702,80.11809025748364,77.07593846163108,74.81282091167326,74.18591302406325,73.75166599884933,76.36698928456822,80.54324634322735,87.12858333093324,96.17530573924957,104.41497667736245,23.25824349139254,270.0,0.5525619778182269,1.938408450696795
2021-08-20 14:00:00-07:00,866.1669166666667,124.62455,0.2373600672550125,13.5,764.4238249348357,19.914494676648275,42.382958393860214,239.64840188741425,0.0,426.70140808967784,990.5200729533772,1.0,426.70140808967784,184.50870313431193,1.6198723180523742,25.22009005555556,3.7914027666666663,970.216346107519,967.6114997248607,964.5619977533452,961.8316629659919,959.0809498516243,955.4083995784858,955.3044857144786,955.1879184380292,955.2974657261216,955.245623283247,955.2269296325684,955.2447025956086,69.31205234665383,67.82250916867868,64.20680804615252,61.72982058065512,59.432496827675706,58.77801358757405,57.91970932362661,62.24305354961557,67.53779811878766,74.62103608061574,83.41162341300276,93.45110791698403,38.22052848652835,270.0,0.44065503996320077,2.071507583749838
2021-08-20 15:00:00-07:00,797.7186166666667,120.43053333333334,0.2580606617963201,14.5,600.773745443966,13.266586144222343,52.976238908992485,253.4497882808996,0.0,273.9715808434793,970.7888549553406,1.0,273.9715808434793,158.58926134188,2.0828237115852377,25.49414488888889,2.8308457166666665,942.5920011133328,939.0051601662552,935.3637045699354,927.7097677339285,924.0229362875991,923.7091824310947,923.8565231049894,923.3844513229973,922.6526101018954,922.8919070503529,922.5694909109666,922.2560939105658,57.64906149947085,54.268549315103186,51.344537977054394,48.29808108610736,46.574760662624875,46.01600472933983,48.981251979598696,53.90323427015079,58.30618952378513,65.63193790653685,72.94374603969405,81.0663647399597,50.0,270.0,0.366977778440511,2.214355247456318
2021-08-20 16:00:00-07:00,584.0523866666666,120.66046666666666,0.2706703405003179,15.5,373.9801423170321,15.037294614411046,64.29563941958111,264.41436629877524,0.0,117.99966434366458,769.4458712622132,1.0,117.99966434366458,112.63450485312976,2.857142857142857,25.19816677777778,1.9666933183333333,748.5141942582748,745.32761528159,742.0866555752767,735.4911902466897,732.2708064598152,731.4637666436744,731.01885993576,730.032471221414,729.0162184880296,728.6097553007654,727.6476784103204,726.6121265604689,46.69372161585849,45.00101708429302,43.63961317145025,42.1737852762966,41.481725339627474,41.11823413893997,42.99266574464731,45.61780614949234,47.555381140584316,49.41011956244561,50.09059553554467,49.35115704349364,50.0,270.0,0.366977778440511,2.214355247456318
2021-08-20 17:00:00-07:00,433.7593316666667,83.19531166666667,0.2749966289581213,16.5,189.40985588529767,45.60284155920216,75.82586281152295,274.081907829344,0.0,38.90924656952259,437.1676708795166,1.0,38.90924656952259,57.313194136891994,2.857142857142857,24.00789616666667,2.197146015,427.19640823242105,426.20077466577385,425.20068884522414,424.13325139841277,423.06188638749825,421.9623219846336,420.80066992319786,420.5407520795018,420.284049923115,419.6587145998639,419.3819623215751,418.7542541662369,15.502493866970177,14.517211053899755,13.531176085852879,12.854292581820987,12.438706131293717,11.515638230945607,10.860492471916903,10.570763192607675,9.803450290413874,9.810670771867017,9.713339473890523,9.86049302488672,30.32267650491646,270.0,0.4975653506498286,1.9939470559309744
2021-08-20 18:00:00-07:00,121.6812539,20.77356533333333,0.2139232175885289,17.5,28.654657992782475,79.33581246829254,86.28644810377362,282.646613644504,0.0,10.008751372640395,49.45222921138239,1.0,10.008751372640395,6.516092450028474,2.857142857142857,21.839969,2.098131131666667,36.88981039289241,36.954675708625885,36.95466793515267,37.00908798703799,37.00909799339565,37.009101199634685,37.055255583849345,37.05524921349661,37.05524248796836,37.05523555537766,37.09206449179342,37.09206825653759,1.8895406562432584,1.850750481175768,1.837738150376369,1.8186450514493349,1.80742128395423,1.8057532692006752,1.813634158688246,1.8306940587124994,1.8549935344582467,1.9158582164449873,1.9512675256782939,1.99242379499523,7.125781595749668,269.99999692167535,0.6879760062410215,1.8648666371351696
2021-08-21 05:00:00-07:00,0.5409509499999999,10.4025289,0.2183271890525357,4.5,10.43007057989823,81.63567675252858,87.08161235675902,76.88981023203348,0.0,6.675674868231603,10.37615537474396,1.0,6.675674868231603,2.2107846378965967,2.857142857142857,12.86165138888889,1.1107558666666668,9.82237967321998,9.803806845906946,9.80380619080177,9.818447517078917,9.818448790714577,9.80034145993448,9.800342678892031,9.815731969797916,9.815405192690537,9.797295628829009,9.797295338111443,9.79729508978447,1.2658006024076305,1.239084026419408,1.2177205929212425,1.2024224653281175,1.1919269177398515,1.1893013292708843,1.1937942976934839,1.2042312579953232,1.220057580665061,1.2419013817064362,1.26611766812659,1.2903120961834795,5.5928809449384165,90.00000585317723,0.7012703794720782,1.8619033400753229
2021-08-21 06:00:00-07:00,49.24437568333334,80.33458,0.2435832492317952,5.5,91.06420116547723,51.498935169842646,77.4151484643678,84.85985185153578,0.0,47.577900458880514,122.82785371081695,1.0,47.577900458880514,23.273448800821036,2.857142857142857,13.935821444444445,1.2139567733333334,115.7972985865232,116.11905548858637,116.77235911753684,117.09988365587888,117.38853138706372,117.69309552448965,117.70574070524195,117.71361142232193,117.74748378133773,117.75604824060343,117.79271064225304,117.82701281934027,10.600135023411669,10.43563235221028,10.34056820113756,10.326204300796059,10.363790061160948,10.447620029130972,10.730858548031723,10.701513274852521,10.860003683204313,11.024241945316955,11.187464025505518,11.341228101754085,26.042479897529574,90.0,0.5304812975990878,1.9586740723846559
2021-08-21 07:00:00-07:00,251.42734793333327,128.98107833333333,0.2536012201749483,6.5,231.64094569570238,16.340927045320058,65.90139234049931,94.47324148343523,0.0,89.31606784448891,417.0257905200351,1.0,89.31606784448891,70.74592665174103,2.857142857142857,15.870006333333333,0.7900894816666667,388.58102360069535,389.96121538100795,391.2807667950526,391.8874180120216,393.1910072461688,394.4851453031923,395.0570704632743,396.3082469864564,397.8081082791812,400.9040310557368,402.40058318868194,403.87533457133725,28.13464586635827,29.493515927247877,30.47434092871694,30.959264176224355,31.23974660251183,31.19575082636747,31.19269962910524,31.84025528275283,32.52251747330422,33.42663257734876,34.24707272440311,35.14687135143594,50.0,90.0,0.366977778440511,2.214355247456318
2021-08-21 08:00:00-07:00,748.9933500000001,134.92358333333334,0.255663165879583,7.5,569.2699924794595,12.867716138881752,54.55600549366273,105.24221534859659,0.0,250.94934862935645,949.3415472046379,1.0,250.94934862935645,151.66212358135573,2.178522845496651,19.497978888888888,1.67675746,900.1746568254907,900.668455716845,901.1553115552337,901.0910285935747,901.914723166898,902.5642743354375,902.5396856208939,902.9680981441634,906.7671266024379,914.641278618846,918.421875919302,922.1345349576578,78.17194720334183,70.81981466951514,64.05443470380874,57.09613804472678,52.81955598649203,47.92449758494978,44.85574107885671,45.52805375284329,47.107670791958064,50.009262070727246,52.80307885389413,56.02992344452309,50.0,90.0,0.366977778440511,2.214355247456318
2021-08-21 09:00:00-07:00,827.1419999999999,141.73813333333334,0.2391443732115249,8.5,738.0817308826313,19.3765504029158,43.865473374288946,118.60538651534638,0.0,413.9416146395765,978.231650490917,1.0,413.9416146395765,181.6550140017452,1.6692386524488874,21.504125944444446,2.354719766666667,939.3584996935541,938.9999677516112,939.4622870521721,939.8220197122282,939.5573823668791,939.9943142210249,940.1531385163233,943.3332257775756,947.1419344882004,950.1754637228099,953.1445012155884,956.0710223620507,93.04235356588599,83.68159110459759,75.48193899843452,68.8393126647751,62.25991283023818,59.32964234659527,60.098926811564965,60.797519504805216,63.19326492856775,63.152411936238586,66.21894698459866,71.09399929012447,40.15901821486088,90.0,0.42754439774899233,2.0928853492911124
2021-08-21 10:00:00-07:00,884.6326833333334,133.28273333333334,0.2262869663058221,9.5,860.3289806664467,24.580561437849337,34.72834652400617,136.90131558406074,0.0,528.3283879111249,959.0081076880588,1.0,528.3283879111249,196.86996809064362,1.3603311921004027,24.187139666666667,2.883484166666667,938.4093470822731,938.2956910396166,939.0501570160396,938.9406388950383,939.0621861971149,939.286088123247,940.7631562795433,942.4985190220841,943.8161520881595,945.3121080940041,946.5735705639634,948.164200536661,103.58887578221221,94.507997847995,86.59159255481555,79.49037083032324,75.61248375447946,72.3310242725677,72.10782760207233,71.98983539612725,74.49214429715651,77.50529213160648,81.26716061416202,85.83678349876571,25.342696717790698,90.0,0.5359842672758225,1.9533790248359133
2021-08-21 11:00:00-07:00,881.1200666666666,147.66365,0.2197030212856993,10.5,919.2544906998397,27.454222171918055,28.872879286097376,162.70654882628196,0.0,597.1474451409227,934.1074605890387,1.0,597.1474451409227,203.80230381063328,1.1230248740786717,25.814382833333333,3.653106683333333,925.8998765202922,926.4300152221747,926.4347930679133,926.8350057096212,926.8320180422085,927.2486135933727,927.2445985966314,927.7752866586125,927.5413914989485,927.5462182442511,928.0841981538312,927.8574255048054,108.69937732807729,99.64113457697856,92.40197325625721,86.65638581480935,82.38762161035731,80.44263309617871,80.19313959782106,81.5246153345386,84.55135401764878,89.23219296037296,94.66121479709581,101.08888919701634,9.30891017308573,90.00000330665111,0.6691213565430256,1.8703122839793387
2021-08-21 12:00:00-07:00,349.0629281166667,215.503,0.2262925634719137,11.5,522.2510011167519,27.639891716979673,28.50497846046104,193.5698452253003,0.0,338.89849351649013,529.8697395050453,1.0,338.89849351649013,121.93883963587527,1.095597713428953,25.35805977777778,4.3938885333333335,523.8991465617192,524.3710412636653,523.5600951363127,523.5605280508864,523.561050623734,523.9265515236096,523.1156976901973,523.1154314766757,523.4232091869649,522.6103994249506,522.6112646044382,521.984494271738,60.915683206913265,57.152704000936176,53.98279966918581,51.40228915848802,49.27523644474503,48.33289434575066,48.36014743291084,49.5596668001429,51.628847542028694,54.628035057524386,58.445856050848036,63.11295970669547,7.261519832169003,270.0,0.6868007909462471,1.8651633009523478
2021-08-21 13:00:00-07:00,78.83195981666667,225.78635333333327,0.2379083198699617,12.5,291.28655706056617,25.112945957416525,33.81036000677272,220.29676147628246,0.0,186.9005884139487,301.9241351527592,1.0,186.9005884139487,75.44635115187512,1.3285438678284909,24.51491411111111,2.7945455333333333,292.6823634356574,292.2311302776475,291.384023769672,290.5825489565334,290.0919080339944,289.18767680807787,288.17817975612917,287.2029112919073,286.5662040906669,286.0287217115708,285.32171665540557,284.7554967289176,40.301747183023956,38.527664644704124,37.27252435949726,35.96671604679332,35.16842413261565,34.4090832489631,34.08174254192134,34.046792874206425,34.60041965747157,35.47584642449353,37.23068053062377,38.81644794727561,23.418812799229368,270.0,0.5512753951860343,1.9395186825669404
2021-08-21 14:00:00-07:00,271.93933450000003,233.3694,0.2398335033853668,13.5,433.3176505762999,20.19493451091243,42.67014583487638,239.3804769036149,0.0,256.0880794380946,518.9280849710865,1.0,256.0880794380946,117.2092743329109,1.6248939705420606,25.156376777777776,2.2106375,503.2188564516914,501.246238192812,498.99657008995393,496.93884447139465,494.0732923828362,491.8449839047033,490.89176673981746,489.42619398861814,488.81998631427746,487.3148856498646,486.60034070210514,485.0852641691447,55.684966116559025,53.16097462475402,51.892571436461814,49.93716220197818,48.01633146461043,46.79864734947583,46.049487791691426,46.71896638915974,48.7721021586947,51.20607725358421,54.901114721786996,58.80665498152547,38.42426297398869,270.0,0.4392602028556755,2.073712506771609
2021-08-21 15:00:00-07:00,376.7433969,158.66239499999998,0.2529997628020545,14.5,384.1177208937884,13.551228742517868,53.24231567222744,253.18581408864915,0.0,187.14566633642653,589.3884288634144,1.0,187.14566633642653,111.78527196599936,2.094814340810211,25.58774188888889,1.2985783916666669,569.6685112835326,566.4874573267463,563.2577177757935,556.4931970516567,553.1834314994904,552.3127290760726,552.0738337869444,551.1048096169129,549.9751522557892,549.7673682109307,548.8416905067273,547.9097197016702,49.55748061193562,46.533353270185025,43.76953839458475,40.923530952227566,38.83897887520114,37.402011488946414,38.680601940084095,41.03322604228675,43.09489434234662,46.80807092768808,50.52139283642793,54.73943975748791,50.0,270.0,0.366977778440511,2.214355247456318
2021-08-21 16:00:00-07:00,7.97106305,80.82070133333333,0.2201488518506875,15.5,84.24580324000853,15.347423564464673,64.55198565518901,264.16708589125744,0.0,56.19570060761846,73.02604021408854,1.0,56.19570060761846,25.022232639800194,2.857142857142857,23.439606277777777,1.836648995,68.32800219047185,68.62196091670661,68.91989575370773,69.46214164328475,69.77120131231109,68.68694328965589,68.18545635048466,67.07805346944059,65.94095137317787,65.41093152198182,64.24608151728806,63.06299953714992,17.076814292296515,17.347279112033604,17.60468120858887,17.81079286123299,18.044616869011982,18.26879375155846,17.789109478966562,17.33036075745078,16.857272158074952,16.46896118865612,16.08415214383632,15.773556098456487,50.0,270.0,0.366977778440511,2.214355247456318
2021-08-21 17:00:00-07:00,320.1361011166666,71.39661333333333,0.2417420845781601,16.5,148.40184982047674,46.58683272270889,76.08164177039714,273.85109369391637,8.548717289613699e-16,32.85071580610854,336.05577850655243,1.0,32.85071580610854,41.28247117099124,2.857142857142857,18.53986038888889,2.432789548333333,328.269296107111,327.3908732638127,326.4568582824063,325.51173850161916,324.51023127399725,323.50525726175647,322.4718227391283,322.2284827249109,322.01272373836645,321.52512289300864,321.263574159753,320.7400395955467,12.38428585493787,11.498615870158279,10.893009920293279,10.01120226842847,9.668201777270296,9.062571308768366,8.271801789967736,8.037718621018254,7.492095593703275,7.365982189475684,7.412518667998082,7.393991134240117,29.580204825278813,270.0,0.5031792827700465,1.9874773270772086
2021-08-21 18:00:00-07:00,149.38755525,19.93189415,0.2395656816974922,17.5,29.41533786502798,79.54998939927351,86.36029307223119,282.27202833780996,0.0,9.581338050756562,52.76646101964272,1.0,9.581338050756562,7.410083999983233,2.857142857142857,19.08311322222222,1.20679868,38.68008276560479,38.68007214485102,38.6790979559962,38.73287576940687,38.73288672393228,38.73289133903238,38.77775992525366,38.77775362295368,38.77774652444834,38.77701530518655,38.81347211341284,38.8134744119904,2.022407507873468,1.9808269097344948,1.9453388023600655,1.9441055874956028,1.9320375155414227,1.930205324212829,1.938493547169247,1.9567333582576591,1.982863132466464,2.0174541916121496,2.083164955709882,2.1247373631933724,6.971612095583068,269.9999963777452,0.6893112204156894,1.8645364456532538
2021-08-22 05:00:00-07:00,128.61925366666665,15.91160145,0.2627078569028893,4.5,22.082726719476355,82.12079000138539,87.24990447662283,77.18751237134722,3.4972025275692305e-15,7.668852569797172,36.00258599792248,1.0,7.668852569797172,6.019461051647724,2.857142857142857,15.714698111111112,1.7867397833333334,24.53292279808241,24.57899555845712,24.56247281603313,24.562471847037948,24.60854628010724,24.58565464235599,24.585206038072165,24.58520607317633,24.58520587944681,24.63127898189692,24.63127859980262,24.602565942101343,1.769344251601252,1.728976441812334,1.6994011197403056,1.6781575807057734,1.6658214565863272,1.662497674188248,1.6799198193413536,1.6946333314520658,1.7164754961936848,1.744813329913106,1.780467442803031,1.8174825532595589,5.2610405620594,90.0,0.7041532486216533,1.8613555798831967
2021-08-22 06:00:00-07:00,525.23734,57.91720333333333,0.2663623501078956,5.5,170.92435889470408,52.06791136399458,77.5754107897611,85.16906704028844,0.0,25.436186117476705,422.4606259463452,1.0,25.436186117476705,50.30450645921806,2.857142857142857,16.373845222222222,2.3951702383333333,403.0546305893919,403.24061068834817,403.40245598426424,403.7283721953017,403.89553763893014,404.0346545339438,405.09899701485944,406.10532753502014,407.08744526103305,408.01294512957986,408.9579864415262,409.84738143471463,6.046514632462702,6.032818946622154,6.49964058322228,6.623492294722417,6.642397436474536,7.371426139972352,7.963296244418371,8.24201967545489,8.84971911313727,9.184841094064423,10.09337345581767,10.701140976807382,25.616537432442435,90.00000120741828,0.5338269854458042,1.9554350823542588
2021-08-22 07:00:00-07:00,762.4423666666667,78.67952666666666,0.2608953541489252,6.5,388.04497199232867,16.563240378892388,66.06149916588107,94.80400613568649,0.0,89.53457204940274,879.9647727493254,1.0,89.53457204940274,106.74883687556407,2.857142857142857,18.20145605555556,1.8781655916666664,841.6152543192663,842.3245143785928,842.9160478969229,843.2230554143207,843.8405626180286,844.5116773190078,844.7901265985483,845.4134161677329,848.204177210767,853.9048480143698,856.7384982589983,859.532767916129,29.80011670320412,32.57795520845171,34.28680314511241,34.79245718157298,34.505510947133374,33.4595284310289,32.39959212709993,33.2029772876806,34.057283727104505,35.33169603276027,36.511492159024506,37.89436636328806,50.0,90.0,0.366977778440511,2.214355247456318
2021-08-22 08:00:00-07:00,793.30115,102.91184166666667,0.2443905551795598,7.5,561.0082613444127,13.208591058190176,54.72819845054806,105.60463106481268,0.0,244.00343551419346,945.7881301533972,1.0,244.00343551419346,140.78086281590316,2.1856388218495755,20.01527583333333,1.3532175583333337,901.2431827577481,901.5688952857769,901.8900494815705,901.7630349466854,902.4125254239702,902.8982030352892,902.8131843421437,903.0874077978757,906.5278365957101,913.6726099340062,917.1049037890778,920.4749483082513,72.93833945362321,65.81335399104952,59.23838800492448,52.47675583458968,48.28446129444219,43.49935328090841,40.47184036470947,40.92490513775516,42.25082346669832,44.84145075352172,47.33487439755279,50.24446076301064,50.0,90.0,0.366977778440511,2.214355247456318
2021-08-22 09:00:00-07:00,794.4925333333334,156.4017333333333,0.231285642840467,8.5,727.2726211008778,19.708091392095376,44.06632033541991,119.00449580216396,0.0,400.88947367799113,967.4604750224455,1.0,400.88947367799113,175.54566365637174,1.671619766687009,22.04840377777778,1.5785020783333332,927.6235588327621,927.294387997776,927.73796834886,928.0950795048491,927.8477697914254,928.2739885584976,928.4441433588171,931.9327342999151,935.9830560100318,939.3080283098527,942.5632940188387,945.7732352246975,88.3584902203602,79.31532763774443,71.4141202211045,64.98220781003754,58.59898389584907,55.72325972785907,56.68732612379229,57.58442989415295,57.382743906128006,60.00976768027164,63.331345114320136,68.30388234696244,40.24899166457653,90.0,0.42694472620607726,2.093899016489207
2021-08-22 10:00:00-07:00,904.9240666666668,165.98826666666668,0.2200386259696271,9.5,907.4475826376565,24.921252475618093,34.97914055348358,137.3091013294055,0.0,556.9363827957197,1016.4500743169287,1.0,556.9363827957197,205.8269788288736,1.3609571887361065,24.70114166666667,1.6584707133333334,991.4889257436022,991.3519599118105,992.0844030265138,991.950988885503,992.3486427180306,992.26951947162,994.5076784272936,996.9793326202806,998.9982977678388,1001.1712628961909,1003.3183711830734,1005.4780847895385,106.18131433115816,96.94193040311544,89.04429979954914,81.70320819280931,78.13178751016765,74.73986127326371,74.95822733150774,75.25923338769205,77.90023905265495,81.10243377284372,85.3833018193209,90.63689097848243,25.379801883486248,90.0,0.5356916701423071,1.953656410639964
2021-08-22 11:00:00-07:00,938.9544166666668,119.14016666666666,0.211655557017369,10.5,938.887746104885,27.795638736781527,29.18579547098041,162.9934786118796,0.0,609.9823095130237,954.3102845224996,1.0,609.9823095130237,200.61112904639464,1.1226117484342326,26.848905444444444,1.997107835,946.7545475484632,947.2855864506257,947.2901199744356,947.6924749798897,947.6897066534417,948.1070149755747,948.1030638551993,948.6594978224134,948.4011949265351,948.4059913084485,948.9700331971618,948.7180457942163,106.88915855270578,97.85640324162371,90.63232694421008,84.8938587552706,80.62454499268803,78.66934386382347,78.4075596021927,79.72247459349573,82.72341456289173,87.38078670778646,92.78637662834709,99.1918332086684,9.278260737024917,90.0,0.6693853125046014,1.8702258957727138
2021-08-22 12:00:00-07:00,894.9452833333332,130.02501666666666,0.2103892476905638,11.5,913.9129965168638,27.970262720429364,28.847612724245987,193.56975696279795,0.0,593.6119115961673,923.7406549331902,1.0,593.6119115961673,193.96008626665227,1.0969661563957287,28.39189488888889,2.474344416666667,917.170382749621,917.6229967928055,917.5349234711315,917.9917573845021,917.8543657496185,917.8000006809768,918.2530586359319,918.0593934683743,918.0585663499554,918.0577316958181,918.5109500481673,918.2712576634324,101.9343822764764,93.45885562698595,86.7864348039851,81.50750487144988,77.86601269203582,75.73473333337265,75.64629974981038,77.39513955435497,80.58375303268888,85.00749687103891,90.78708976939821,96.96770760236308,7.364223607525113,269.99999556366197,0.6859118218377982,1.8653914660778386
2021-08-22 13:00:00-07:00,882.6690833333333,120.85853333333333,0.2156311548683815,12.5,851.4782292707323,25.42179532331819,34.132817358017974,220.08871135998007,0.0,522.4501506480548,936.2765035831882,1.0,522.4501506480548,186.16068869302583,1.3312110881481465,29.56493522222222,2.508983535,917.9650970750421,918.3962521042988,918.4953506148778,918.4418706889344,918.6726860654178,920.1126304372924,921.6286154256023,922.9749148571045,923.0246058570287,924.3698203242656,925.5340935397461,926.8371999219783,96.01126662901498,87.26543316605562,80.04167220421353,73.68445043958553,69.84425676427192,67.25792359088724,67.12966299140061,67.60155795520018,69.615910587115,72.69706736259874,77.34794573869115,81.53914690522974,23.58322188504971,269.99999914622634,0.549959663085368,1.940662931324336
2021-08-22 14:00:00-07:00,870.6036666666666,110.87443333333334,0.2305266741101517,13.5,747.9916984417594,20.477136427997817,42.96157502515204,239.11458099740426,0.0,418.98882161100886,966.0702260074581,1.0,418.98882161100886,173.46309307918656,1.6300537284401133,30.512810944444443,2.4367877616666664,946.3274946644658,944.2937412007076,942.2188586677005,939.4742948814798,937.2792820640688,934.9522670892106,934.4196679980078,934.0642849526481,934.13122806274,933.8857907238062,933.3785674382992,933.6559369161844,65.46347357839406,61.74778827919077,60.97700007627205,59.04565044813051,57.23747410770011,56.55827398070359,56.742874156763506,59.602445668261446,64.4426088788967,72.16774833125957,80.17315253949562,89.55210968219828,38.632021631283926,270.0,0.4378418611607435,2.075971182396745
2021-08-22 15:00:00-07:00,849.9855333333333,91.73748166666668,0.2509321211217848,14.5,597.1791098443952,13.840435998554197,53.512504842437544,252.92244126751987,0.0,267.51977650524805,986.2325578859325,1.0,267.51977650524805,148.7972417750799,2.1071344149179656,30.57976927777777,2.309452148333333,959.6447922296984,956.5112265953226,953.3207481252808,946.6274328970374,943.4500992381313,943.3704917014983,943.6077307469935,943.3458109112852,942.8594931297391,943.1862820360152,943.1031158954305,943.0272538571709,51.2256465459211,48.46790578361176,46.1657892181258,43.744358265030776,42.726151293169856,42.80553153889586,46.160404615966556,51.481085146946896,56.18710658476432,63.74149883504466,71.08242616887576,79.04074863746783,50.0,270.0,0.366977778440511,2.214355247456318
2021-08-22 16:00:00-07:00,765.0796666666666,78.25196166666666,0.2771023751169321,15.5,403.85934790201674,15.662418536765236,64.81222323735487,263.91958753736844,0.0,105.71214814729933,886.2424707856001,1.0,105.71214814729933,115.43204511608803,2.857142857142857,30.161471055555555,2.4192096883333334,864.3298072787189,861.5136848413736,858.6485502080076,852.8680016503257,850.0765509299698,849.5986904948968,849.3096730998057,848.6664448059876,848.0183701584539,847.7773635512046,847.2005890830309,846.5344495190254,40.7762848037952,39.67196736734964,38.92868788915316,38.08080760837033,38.04202185224499,38.32030906515939,40.58810918978399,43.52717119679336,45.613103196472636,47.28177997961088,47.40339027430249,45.67732071681272,50.0,270.0,0.366977778440511,2.214355247456318
2021-08-22 17:00:00-07:00,565.6490833333334,54.43942666666667,0.2645929151505903,16.5,188.01239386481444,47.57001766479055,76.34110682771568,273.6195924979002,1.5543122344752188e-16,22.493889046892786,481.3007111448195,1.0,22.493889046892786,54.688666920847666,2.857142857142857,29.62961883333333,1.324719785,470.6109728781227,469.5733455626365,468.51165359589817,467.39298776518035,466.25261301692984,465.0601951403358,463.84700281918316,463.7044400780468,463.37378828771324,463.21783762460757,463.06386219986274,462.6932780272286,10.876848392702655,10.173092400415419,9.155028197732065,8.166917740871467,8.098203821895073,7.1662988051243115,6.942779603606772,6.241597488354792,5.436493344607913,5.446945440907422,5.397394267071677,5.481013755249266,28.843719633975343,270.0,0.5087888995166716,1.9812040350699418
2021-08-22 18:00:00-07:00,105.95488335,17.851163866666663,0.1969041062758652,17.5,24.435364271551244,79.77307156178227,86.43725612311349,281.8961269131163,0.0,8.506583824929859,41.729161413203826,1.0,8.506583824929859,5.150644060199388,2.857142857142857,26.01191311111111,1.1058481316666666,30.795103791288888,30.79509614339348,30.783626108475545,30.844643638901836,30.84465165729435,30.825580103367134,30.886592003664838,30.88658787956394,30.886050451279196,30.859111003112332,30.920121840094623,30.920122226335558,1.4825815414814036,1.4522395576714786,1.4285953481094031,1.410451857902544,1.4210169625620546,1.4196501100365984,1.4255142588829488,1.4390896008068663,1.4582137470639274,1.4821424744542218,1.5374668282471395,1.567924374585391,6.812251583431268,269.9999957311318,0.6906918540606414,1.86420269011317
2021-08-23 05:00:00-07:00,61.3995104,10.545134066666666,0.229228357076163,4.5,13.511183878626047,82.06664796651572,87.23111307062413,77.64682047383866,0.0,4.912186715380844,20.86077345781283,1.0,4.912186715380844,3.2722327882212285,2.857142857142857,16.34798011111111,1.7965371116666666,14.53126252645772,14.568209445375636,14.553918630093305,14.553918093441279,14.590865983508637,14.590867350231708,14.571440787418013,14.571440801043938,14.57144068675623,14.608387794589243,14.608387579525402,14.584750773217625,0.9917748914888412,0.9692475058233176,0.9527197128525328,0.9408511085776491,0.9339608936496767,0.9321064983725201,0.9445563405440477,0.9526228533148112,0.9648318436440322,0.9806690478285451,1.0006464570659952,1.0213179001062724,5.2877727576978275,90.00000490455619,0.7039209539591504,1.8613984692280363
2021-08-23 06:00:00-07:00,558.8189500000001,47.24739,0.271187587602774,5.5,165.94607885702433,52.635356862815634,77.73638274517278,85.48156941286054,0.0,19.474865671320728,424.86911350688047,1.0,19.474865671320728,48.93832859151847,2.857142857142857,19.49384088888889,1.8421348816666667,405.8771438127847,406.1423886291921,406.27824105751216,406.39243640776897,406.5066240891109,406.62735781776354,407.57461751266004,408.4996103828954,409.3745999143695,410.2263033874597,411.03144333656047,411.90508376563594,4.705336105390531,4.645877202220068,5.147430820766385,5.1349191341918035,5.735077022271096,5.765934283838295,6.4431235869529315,6.499728216628829,7.2258759113693625,7.5128596662441725,8.073844010963496,8.869853425028207,25.194282619076958,90.0,0.5371555003209098,1.9522733218918185
2021-08-23 07:00:00-07:00,777.3704,63.75701333333333,0.2657240822686377,6.5,377.17965732802793,16.79066616345165,66.2226762328193,95.13786135971765,0.0,81.8781782916981,874.1499623628218,1.0,81.8781782916981,102.43034029683102,2.857142857142857,23.7963755,1.135486905,839.0225213970614,839.5694785803919,839.9989901635649,840.2338823247168,840.6940508645772,841.2134391852535,841.4235486595238,841.8970899332136,844.3556981250402,849.399481145254,851.9180349480438,854.4020467657567,27.907379206510058,30.696425376374357,32.380621455856826,32.83619911112494,32.46842019543916,31.328827678689994,30.172063306651776,30.658918792466682,31.19257927160345,32.143156331419696,32.99942215366532,34.05843594302838,50.0,90.0,0.366977778440511,2.214355247456318
2021-08-23 08:00:00-07:00,804.2573333333333,104.17129666666666,0.2473413535670269,7.5,566.6007189306215,13.552949319038682,54.90198254016012,105.96985201615234,0.0,246.59848799443552,957.3861199490191,1.0,246.59848799443552,143.54373474772328,2.1928116816682164,26.346070722222223,1.2393985633333335,911.9627363557603,912.3375068368687,912.6902448133219,912.6053121637237,913.2852330795421,913.8244130446047,913.7523914555813,914.0557383434816,917.4888056280457,924.6820296492815,928.1374040950911,931.5354462549832,76.33908884813863,69.26690353402856,62.63738209938337,55.68342570677125,51.24117546732087,46.14765230068907,42.8385637593598,43.048112883665304,44.13583349626643,46.56702320799098,48.87772858788717,51.63491952617185,50.0,90.0,0.366977778440511,2.214355247456318
2021-08-23 09:00:00-07:00,664.5632023333333,187.90135,0.2338031504961659,8.5,663.7720577947497,20.04314309991704,44.26942019971879,119.40570293058202,0.0,369.3290999893935,876.13244175688,1.0,369.3290999893935,167.24985981274008,1.6740052334987225,27.065906944444446,2.134349645,833.1900106669361,833.6240018013393,834.3519250170934,834.4847238843229,834.9318238916793,835.1385521986793,835.9277402864778,839.7249895742724,844.1618313844774,847.7741107370459,851.312112148844,855.1228476529034,83.01813122788667,74.7799706430227,67.88060075795791,62.30537060528289,56.67793354341176,54.279899500076624,55.0518787295005,57.09243057862217,56.54226824439352,60.01881171462429,63.59272474327121,68.19827076411691,40.338814299829544,90.0,0.42634685447288756,2.094912861956612
2021-08-23 10:00:00-07:00,573.9391149999999,226.55168333333333,0.2223379285141534,9.5,695.3535448044269,25.26537041022178,35.23281520071262,137.71742021446352,0.0,428.51353515799065,779.3647531744266,1.0,428.51353515799065,166.29568407628682,1.3615680484803696,27.877917888888888,1.5182369816666668,751.778930164187,751.8371140189298,752.7083856985639,752.7523517363419,753.2011087593395,753.2756031306499,756.0926329860665,759.0463674763871,761.6114682730041,764.2574748384588,767.0604771647174,769.4973687947756,82.7988387942663,75.18493509490091,70.79619690551432,65.39493647274949,63.51627163903972,61.06404672186384,62.04673856979297,62.5425307855551,65.15414509991902,67.8433024247498,71.64897179297293,76.47797418704373,25.415980567417407,90.0,0.5354064654299419,1.9539272352214265
2021-08-23 11:00:00-07:00,665.7459573333333,252.0891,0.2144720058012764,10.5,831.5145553168946,28.14024354309049,29.501805480516495,163.28006511462263,0.0,540.0407002765301,847.6908271138238,1.0,540.0407002765301,183.5013255639882,1.1221714651634103,30.01142355555556,2.278331473333333,836.3465981081771,837.4014651100613,837.4052554081185,838.2808602740213,838.2786670631183,839.1064992810067,839.1030709625846,840.2520766825043,839.7633877644539,839.7675483859834,840.9234317200455,840.3830430060182,96.56001765480372,88.7205855270087,82.46233360952998,77.49754528150885,73.99009567071069,72.36925869627069,72.17012761069806,73.34309041628657,75.97264971845895,80.27828976500184,85.05221357551164,90.64492239566643,9.24558618932188,90.00000256132094,0.6696667343300866,1.870134110622732
2021-08-23 12:00:00-07:00,617.2464526666666,242.4361333333333,0.2225696576829916,11.5,781.2780421823471,28.303388746738676,29.193558121437917,193.57244358900738,0.0,507.2921195597577,792.3870149255965,1.0,507.2921195597577,178.19106652305067,1.0983767832001634,31.019865888888887,2.318387706666667,783.436750988717,784.3853769025952,784.1543236594097,785.1070224411615,785.1100166943768,784.724613862774,785.6736256104004,785.6726939847376,785.2344871250594,785.2336559971594,786.1830222578012,786.1852059916916,92.07263264494458,85.19361489063087,79.31916806471531,74.68900401711733,71.22438202004561,69.64040477846423,69.5891861928222,71.35972260546794,74.14755505809468,78.04978533469101,83.17978476787351,88.62087217954152,7.470041027252512,269.99999758516344,0.6849961174902581,1.8656298814160448
2021-08-23 13:00:00-07:00,847.2903468333334,151.09868333333333,0.2205509139114179,12.5,849.7145093825236,25.73285089913688,34.45918836531062,219.88437975558816,0.0,521.1199444156982,940.4307295083238,1.0,521.1199444156982,193.52649814115244,1.3339489772044355,29.36351711111111,4.186138866666666,930.8949887563797,929.0115224493948,927.2819186737688,925.1857399108728,925.4792602184573,923.2406113990829,921.2911790781154,918.916733949855,918.9481857768146,918.7810709397395,918.7038773314963,918.3262901904766,85.42267132154632,80.82992734288197,75.58715030377658,72.80071686756985,69.91153501527387,69.77723325860339,69.14535283647831,72.07525091200245,75.33788218180322,80.92678936736549,88.17170717819712,97.91482652021064,23.751423335985216,270.0,0.5486152860949702,1.9418413832985522
2021-08-23 14:00:00-07:00,549.8157963666667,227.83155,0.2303582599906004,13.5,628.2545065898244,20.761037327180134,43.25713377636824,238.85073333968202,0.0,359.5485783575625,795.9142301841462,1.0,359.5485783575625,158.33420231278046,1.6353529200835633,30.436028055555557,2.50064405,754.1965999496599,755.1411160635118,756.3530614024227,756.6396682639697,758.0396901437617,758.3466040771422,759.501477439997,762.872536934497,766.1263448044684,769.6659483308955,773.1492990265294,776.1498204291934,78.04109557871263,71.12520438295073,64.49211429019451,59.522553619747136,56.18180477434735,54.39563714859711,55.587132316283174,57.76599382038056,59.431563931774846,62.71902017326578,63.761904188607986,67.68614517697587,38.84374275752299,269.9999987925817,0.4364006908642223,2.0782835031910336
2021-08-23 15:00:00-07:00,388.8992911666666,201.5321333333333,0.2421910816498519,14.5,431.29109770307457,14.134120947821623,53.786700557987835,252.65971101972104,0.0,214.67153802910238,650.615070409438,1.0,214.67153802910238,123.34839182512165,2.1197887699836855,30.269695777777777,1.811983481666667,628.7756877649014,625.3343230883037,621.8350481309324,614.5066649259827,610.9372768499661,609.6806962445478,609.257077605907,607.8773892588471,606.3399459015706,605.9332805069797,604.586951960453,603.2251833483925,57.51476009521727,54.33769288829096,51.4276428422491,48.42145232225157,46.255330056556936,44.7159381986171,46.00091986020712,48.39145977043001,50.42888276851442,54.14800154281932,57.76396530522109,61.82904793799318,50.0,270.0,0.366977778440511,2.214355247456318
2021-08-23 16:00:00-07:00,382.65406616666667,127.8935,0.2513686360229232,15.5,289.14843293215944,15.982105340148973,65.07624851547487,263.6719078777146,0.0,96.71427474762548,568.2874822433862,1.0,96.71427474762548,86.20169850210439,2.857142857142857,30.35943772222222,1.1870589166666667,552.277682775233,549.8074104913593,547.2962162143726,542.1524635625382,539.6335625121369,538.6106602404117,538.1139954995308,537.0022084092665,535.8699171824584,535.3731642994143,534.2566483275506,533.078476078495,39.1717311672681,37.61834605642133,36.25294052210961,34.814334630550334,33.814172061701974,32.975504010655705,33.73657069063329,34.80593120220948,35.41095784316508,35.804801947166254,35.38044781297438,34.06936922752197,50.0,270.0,0.366977778440511,2.214355247456318
2021-08-23 17:00:00-07:00,285.0100536666667,88.73068833333333,0.247381977879002,16.5,154.76107291628458,48.55235462747169,76.604153316792,273.3874292614725,0.0,45.68183848253574,314.7240607446455,1.0,45.68183848253574,42.10474121398834,2.857142857142857,29.41678933333333,1.244616715,300.1670849689051,300.8621870314188,301.1725085290175,301.51965879852196,302.1389651159278,302.42127660908886,303.0917318342407,303.7037807823956,304.33143005518673,304.9086400565731,305.49237597704814,305.8392764926515,10.35339604351977,10.397858455982496,10.32073194399312,10.704421877187329,10.74408224017511,11.258032886986518,11.361706465872448,11.935618970927456,12.31383706795175,12.69899611957428,13.335924126208687,13.957456365373456,28.11304637652245,269.99999914622634,0.514393634371052,1.9751232644463719
2021-08-23 18:00:00-07:00,156.4589216166667,21.06444541666667,0.2051243422782234,17.5,30.055203683883782,80.55022849751218,86.70573959969221,281.676320746276,0.0,10.286615459682142,51.47445797340285,1.0,10.286615459682142,6.48511975246704,2.857142857142857,27.298350555555555,0.7239118066666667,36.911244663881845,36.91124020777952,36.973257484684865,36.9555687996066,36.95557764241774,37.016933422506696,36.9909323334502,36.99093041907906,36.990927708902426,37.05294710665686,37.05294486896956,37.01917475509154,1.8655889983797156,1.8240057238139984,1.793834372594964,1.7725770337102171,1.760630656448716,1.758086187538506,1.7650496383086216,1.8013658482325245,1.8249777676360543,1.857058248948365,1.8918245690570958,1.930139441709017,6.286942407894086,269.99999658490543,0.6952461067226331,1.8631569192725657
2021-08-24 05:00:00-07:00,131.65317675,11.046696283333334,0.2533087847529429,4.5,17.018336183909724,82.55370728633197,87.4002359456682,77.9515844026829,0.0,4.6965586250295885,30.16568756945874,1.0,4.6965586250295885,4.566248899136549,2.857142857142857,19.621647944444444,3.0505467333333334,19.088737406672433,19.088737025503935,19.088736675895625,19.088472689880046,19.114976203385392,19.11497636770131,19.114976542909442,19.114976627267797,19.114976585701577,19.134827287126104,19.134827089161554,19.134826880958293,1.0525447557690686,1.030492446776661,1.0126670401257076,0.998686514982495,0.991348259413442,0.98934599495207,0.9925812018258419,1.0007414041608966,1.0142386551085558,1.0447215489225987,1.0645316764084778,1.0864416072876644,4.956402317855542,90.0,0.7068011549842431,1.8608821286399122
2021-08-24 06:00:00-07:00,612.1287833333333,43.20823166666666,0.2720782461538137,5.5,171.54190054712,53.20139759336044,77.89807462294233,85.79724771764086,3.108624468950437e-16,18.95945314050192,442.68188865496165,1.0,18.95945314050192,50.8451008563612,2.857142857142857,21.29354311111111,2.2949158166666668,422.4374539940351,422.57162178313337,422.6896983756576,422.9385148661641,423.045681118882,424.06091203653307,425.05257746551905,425.079904211655,425.99306051360884,426.8952300720616,427.77079148736874,428.6074352908371,4.613038865928448,4.538774272955163,4.983717312973455,5.080629884558378,5.583294203855343,5.750645492688708,6.293251880813549,6.527295750430911,7.300081162365606,7.36578715924612,8.190408001640458,8.749211854522441,24.775556987402265,90.0,0.5404676118069507,1.949186518328887
2021-08-24 07:00:00-07:00,806.4636333333333,62.42897166666667,0.2657195110616059,6.5,385.4900870977171,17.023174127811423,66.38494433530784,95.47467916230245,0.0,79.34769978097408,899.7404713373912,1.0,79.34769978097408,103.91349574211895,2.857142857142857,25.72582788888889,1.6517583716666666,864.4594514759868,864.9959123683199,865.4122605798287,865.647270600789,866.0896347409247,866.6000730848162,866.8045421964395,867.2792664638908,869.7050144642412,874.6700385300145,877.1525453076614,879.6015058492935,26.28677440611729,29.077714761969624,30.88625732921618,31.540073129325084,31.341712536766305,30.405958347879974,29.383543587413264,29.954882735220107,30.541635474724792,31.50518612621114,32.37433932756708,33.44008415650076,50.0,90.0,0.366977778440511,2.214355247456318
2021-08-24 08:00:00-07:00,904.1612166666667,70.36159833333333,0.2500622372309659,7.5,587.96638248867,13.900684835771584,55.0773833604174,106.33772143705812,0.0,252.612057063352,1001.5618815777407,1.0,252.612057063352,142.95979615717758,2.2000438806578893,27.54132461111111,1.5860479916666668,961.1676397397918,961.3706840264483,961.5530356539149,961.3734748530273,961.9114320651261,962.30356082304,962.142738283337,962.2853585249532,964.855387209755,970.3793367568146,973.0189946227997,975.6131753170359,79.12701399382394,71.49315881667462,64.31774477543478,56.792166466287235,51.94371087851779,46.39886388409676,42.76457138831291,42.049865493916194,42.26004582709346,43.887483131513804,45.376817246084485,47.32927405146876,50.0,90.0,0.366977778440511,2.214355247456318
2021-08-24 09:00:00-07:00,951.2717833333334,99.53655,0.25413376852838,8.5,778.3248522160726,20.381603356387135,44.474792532157444,119.8088065738047,0.0,427.80921295970734,1035.9667306704566,1.0,427.80921295970734,194.30214955699662,1.6763961582032123,30.06587483333333,1.4509916166666663,1000.7517339057767,1000.6447947622768,1000.9413669652804,1000.8156525235024,1000.7608008031051,1000.7482465369615,1001.1827820138959,1003.3449863442148,1005.9562737590052,1008.2677473217464,1010.304101897119,1012.7458965428425,103.40985081387538,92.38200651873863,82.90592690386218,73.99777021858554,67.59106631339574,64.08499809828302,62.814952102879445,63.19731827404734,62.0474350098227,64.23847485232206,66.54029424455396,70.15383203955332,40.428527131480514,90.0,0.42575050758640387,2.095927337938144
2021-08-24 10:00:00-07:00,775.0948025,184.81393333333327,0.2213090599258781,9.5,815.9141822483875,25.61281933382308,35.48936407735417,138.12603167782038,0.0,500.83937788922765,917.6877139888495,1.0,500.83937788922765,189.5081567136692,1.362164506132658,30.33241961111111,2.71703114,891.5580087015836,891.4422134827371,892.1127537959197,891.9946976004361,892.3612533761059,892.2931466634059,894.9186416964415,897.7244211288655,900.1032921960249,902.5972529941619,905.3371893718748,907.6194059470375,96.05616742619414,86.68342277789267,80.93183029032669,74.2971834047495,71.44884152646446,68.39747928022389,68.98286633897959,69.33004761797488,72.07346303041683,75.06517878049912,79.25235305162809,84.45370702307223,25.451278381454323,90.0,0.5351282872741518,1.9541918129100913
2021-08-24 11:00:00-07:00,570.1465991666666,283.0953833333333,0.2183560303972813,10.5,777.7457145983517,28.487949568492144,29.82085958340351,163.56608924325565,0.0,504.9341187838438,792.0006132212266,1.0,504.9341187838438,174.73419921783707,1.121704535774127,30.75105733333333,2.443965863333333,779.5194912193944,780.5359158895881,781.5946920360767,781.3832539956879,781.3814441048562,782.1790677205261,782.1759214095092,783.2278563487328,782.8123872352631,782.8162048888303,783.8747194817772,783.4094039460712,92.13285634780978,84.93943603401637,79.20929389183863,74.67047100577311,71.49260741975037,70.02682070616417,69.87367143132455,70.98273314590682,73.4218926991326,77.43045826139846,81.83692147253875,87.00256489296699,9.210929577836621,90.0,0.6699652559740606,1.8700371085045417
2021-08-24 12:00:00-07:00,764.3108735000001,171.16646666666665,0.2129396637052221,11.5,836.1079653010331,28.639186727534923,29.54272295629897,193.5777090090823,0.0,543.0647073089032,847.2845634461149,1.0,543.0647073089032,181.35950189009748,1.0998292009686041,31.136776222222224,2.694899585,839.7412029212219,840.5027181607026,840.3138808236697,841.0800178594219,841.0831574690659,840.8106278337171,841.5216580459969,841.5206674104625,841.1664792185326,841.1656032787697,841.9285333958194,841.9308727899808,93.95151265860207,86.74048576281743,80.58134773124972,75.7034984688566,72.08249261247624,70.41784272212212,70.6041011850665,72.12899513268002,75.03244935072601,79.10541556793981,84.44259439212293,90.11181835732167,7.578931177317717,269.9999964798011,0.6840540543886647,1.8658787505447685
2021-08-24 13:00:00-07:00,827.781878,136.4333,0.2369679444250249,12.5,816.2534724795819,26.046038135079606,34.78935772659718,219.68368714739904,0.0,500.32343053596844,906.1520578523612,1.0,500.32343053596844,198.63010428659692,1.3367575164966128,31.508673166666668,2.474396505,896.5732239975575,894.7471397924514,893.1029902827134,891.1474442528071,891.4009697973119,889.2239327037486,887.3751928089467,885.0985391091172,885.157189630633,885.0285952057318,884.7726688182098,884.9785847780006,87.79714242140727,82.30654684661566,77.2322248938333,74.32498810006396,71.46912613588533,71.3376600386184,70.80320438482207,73.87367054529501,76.46171122639727,83.16777609707297,90.78640784402356,100.92380370742308,23.92336919654553,270.0,0.5472427753481004,1.9430542228158374
2021-08-24 14:00:00-07:00,872.32185,107.86574666666668,0.2383053373336728,13.5,740.0310301492243,21.046577454492315,43.55670926016083,238.58894816638556,0.0,414.4572532989148,962.5112267842527,1.0,414.4572532989148,176.64385997162847,1.6407928877697446,32.11771255555556,1.7434623933333335,942.3088385455825,939.8844090886962,937.7741896475047,935.6181678996514,933.0482509437853,930.4326384263193,930.2677703545945,930.3518580416301,930.1265118048618,929.895368416952,929.8254634255017,929.78043321605,66.61111236027389,63.2154638237669,61.92262848838403,59.92088306231391,58.670048096390744,57.68442393703794,57.16170492673308,60.86989838820635,66.11407492091449,72.66248482921303,80.80417995655814,90.58486067854396,39.059364091934405,270.0,0.4349373734180671,2.0806493508434327
2021-08-24 15:00:00-07:00,867.3044833333333,83.71318,0.2525401869957188,14.5,592.7081237161465,14.43219370523073,54.06479605141639,252.39766109078224,0.0,262.184799492977,979.685141283254,1.0,262.184799492977,147.79917643387193,2.1327824584979167,32.009565888888886,2.124307566666667,953.0687049541684,950.2511889719106,947.3779834554392,941.349182728204,938.502946289738,938.2957218158756,938.4531145967674,938.041208891904,937.4279572448497,937.654876760945,937.4187840801907,937.1863513271023,50.599033923846896,48.18145852038657,46.22746239030048,44.14361794441957,43.421725179881776,43.72202951661906,47.03719706477427,52.27780906928272,56.87484032573324,64.31751029566352,71.53803155076216,79.35628350647652,50.0,270.0,0.366977778440511,2.214355247456318
2021-08-24 16:00:00-07:00,781.5872,69.12953666666667,0.2785752916982685,15.5,395.1842291678661,16.306313468996763,65.34395695900602,263.4240813369537,0.0,97.28779720994045,888.1301221172084,1.0,97.28779720994045,111.82935663924792,2.857142857142857,31.591091111111112,1.9286839283333332,866.7660734370209,864.1490398209431,861.4856570605413,856.1470084054854,853.5595909400267,853.1252511371157,852.8811997635555,852.321144016423,851.7868343154307,851.567102301815,851.0915433102981,850.512011195642,38.3109451940018,37.394154202722895,36.79521206069196,36.0956325941562,36.07924366026544,36.28350081845839,38.2759073139529,40.66898503474409,42.16595424488112,42.989890700941,42.21311682707955,39.68338943954328,50.0,270.0,0.366977778440511,2.214355247456318
2021-08-24 17:00:00-07:00,588.8451333333334,49.810115,0.2601647152576923,16.5,183.5661472277067,49.533801572452525,76.87067578822833,273.1546275604589,0.0,20.320381158204526,473.9200524163176,1.0,20.320381158204526,52.139225025036296,2.857142857142857,30.78339005555556,1.5514280833333334,462.2900659269201,461.352070646572,460.3781486515301,459.40108515784976,458.4030668596008,457.3548414955038,456.28245790318044,456.00677430871275,455.8786866584591,455.74570597484376,455.594163940628,455.2929959054619,9.671131245515054,8.767049109630058,8.114995229124844,7.809237632474811,6.965124927265212,6.332777914350507,6.129047987009327,5.508919837954895,5.376955026802993,4.805182297909374,4.754830618081955,4.828374160764212,27.38801816467525,270.0,0.519992943714948,1.9692312533013827
2021-08-24 18:00:00-07:00,130.34906906666666,16.2387871,0.1795671973999334,17.5,23.540257133382184,80.79065803381862,86.78891073830788,281.297978282804,0.0,7.740828734347602,40.832256528527864,1.0,7.740828734347602,4.505034153000057,2.857142857142857,28.590567888888888,0.9284813933333332,28.80416495793257,28.804162064937945,28.84264358239104,28.842644016133516,28.842209567850396,28.89831308533595,28.87348179398841,28.87348079983465,28.873479148291267,28.92957922505998,28.898003546275287,28.898002398859305,1.2356613025150953,1.2103554222716544,1.1885080760845594,1.1744772517576594,1.1665843578362827,1.164885343851314,1.1695572387834066,1.1799686464813697,1.2133219409967972,1.2332012722260532,1.2577022630238572,1.2829727973497018,6.11796111700669,269.9999956465915,0.6967121141029475,1.862838273593887
2021-08-25 05:00:00-07:00,92.50128778333332,11.821507683333332,0.2646906191475075,4.5,16.047099302124124,82.50045095292609,87.38173537063874,78.41796966099186,0.0,5.5721283704124085,25.61021088136879,1.0,5.5721283704124085,4.421109899976169,2.857142857142857,15.81959538888889,1.4834149416666669,17.22922742868732,17.263186194862197,17.26318576126772,17.26318502960202,17.281934456619357,17.28193466462705,17.28193488073612,17.281934979181596,17.281934919688126,17.296222401123103,17.296222151699162,17.296221892364994,1.2966637921837456,1.269322040816493,1.247225213338353,1.2298573531659889,1.220766074361545,1.2182880724295335,1.222300751631341,1.2324174741539353,1.2589165559047528,1.2796700416784204,1.3042189852630233,1.3313581592626962,4.983406951911479,90.0,0.7065663810986005,1.860922960234292
2021-08-25 06:00:00-07:00,512.5645833333333,51.973905,0.2721088302556923,5.5,158.01264780189678,53.766152504114075,78.06049598666114,86.11599050867392,0.0,22.34232182341602,393.6931957998759,1.0,22.34232182341602,47.21873878224871,2.857142857142857,17.81960411111111,1.3314755551666666,374.4381216742742,374.73380778465054,374.88570822135176,375.0127394762487,375.1551443558649,376.134716934628,377.0934380457056,377.14224241812826,378.0257624729865,378.8577207824,379.6662549461952,380.51518942703007,5.37016694413879,5.367492331084554,5.772761200535987,5.863771854158474,6.338270991764943,6.519147020630142,7.041658449340677,7.292985832200062,7.82929504790379,8.136612756478671,8.687401030387312,9.486174362248004,24.360208145792182,90.0,0.5437640692626506,1.9461725154238763
2021-08-25 07:00:00-07:00,734.0604333333333,75.61259833333334,0.2677579831367,6.5,367.7506532929575,17.26072565415289,66.54832304035833,95.8143315206902,0.0,81.86426902278399,846.1814414754527,1.0,81.86426902278399,103.78474775149131,2.857142857142857,19.04618522222222,1.6449133133333331,808.8323327427914,809.511160816742,810.075923885877,810.3734069718032,810.958083654924,811.6011032708092,811.8657933850551,812.4729946749682,815.2043012078586,820.7649144734943,823.5287819198223,826.2545600048918,27.10462436469893,29.73677174789807,31.474337255640187,32.14195790142804,32.03670217511509,31.244181459489244,30.375010072907116,31.316410099817652,32.278569211424745,33.60458864606412,34.84057081501807,36.264476989157686,50.0,90.0,0.366977778440511,2.214355247456318
2021-08-25 08:00:00-07:00,854.4751833333333,84.69367166666667,0.2515400277705375,7.5,571.6875412605539,14.251692410740029,55.2544246080426,106.70808298778753,0.0,248.4515927391679,969.398394534636,1.0,248.4515927391679,143.31123350969455,2.2073379414756786,20.33868777777777,1.7153779266666669,926.7050488934158,927.0557789142905,927.3843798653095,927.281015471469,927.9470497066608,928.469122512568,928.3798944657781,928.6601544204535,931.5385663098385,937.6567030743381,940.5846592326194,943.4630096493048,78.149130487637,70.86427791149606,64.03287451596661,56.867047997723304,52.28335168038851,47.02948262174636,43.611111322202035,43.278924003689916,43.839543887175566,45.77128422268002,47.569258030290115,49.816339482794604,50.0,90.0,0.366977778440511,2.214355247456318
2021-08-25 09:00:00-07:00,916.4968166666666,90.35263,0.2331049706250105,8.5,741.9954704259986,20.72336851540694,44.6824541397207,120.21360743656282,0.0,407.47693614222,988.3777879471827,1.0,407.47693614222,171.29919127949353,1.6787936787616067,22.197892444444445,1.7363013816666668,955.9810766305751,955.9099739636822,956.1842800568738,956.0951621059661,956.0565211900733,956.0677599882225,956.4599646667248,958.9999956591436,961.0950471328421,963.3366645400221,965.3309127611874,967.6850302005273,90.57959729060113,80.89819582335913,72.5829962844322,64.77401393066077,59.35243129681562,56.08585293270775,55.12495439078448,55.6309050306957,54.631687771029135,56.73308327272448,58.95709740827475,62.3169413089883,40.51817139555418,90.00000120741828,0.4251554105327077,2.096942902673439
2021-08-25 10:00:00-07:00,944.9490833333332,95.26403166666668,0.2203736915342048,9.5,862.1719019783628,25.963502638720747,35.7487774479564,138.5347015565829,0.0,528.4226195080932,964.7759955601737,1.0,528.4226195080932,191.0740049685777,1.3627473026394934,23.893078944444444,1.9137057083333333,946.1159316437383,945.919798679876,946.2611738294809,946.2876800197729,946.6095464978529,946.4739243121765,948.083934504797,949.4168288665239,950.8550668977363,951.9806512282091,953.4664002563931,954.6685137268763,100.80720041440948,90.74552761667235,83.78239955211623,76.82749972151633,72.69834695056763,69.63936270225696,69.04912820307365,69.18334577253071,71.2914861077399,73.86691169339306,77.83432358267856,82.24341955371487,25.485741115918657,90.0,0.5348567689668726,1.9544504618262102
2021-08-25 11:00:00-07:00,949.02045,102.46173166666668,0.2135296459943785,10.5,923.1514839811697,28.838666070377318,30.142905625976795,163.85134256307063,0.0,599.7901957778339,938.1753359764461,1.0,599.7901957778339,198.93288898166819,1.1212116179327734,24.938998555555557,1.942234655,930.9784245941063,931.4942539983734,932.0537657004768,931.8875126713368,931.8854793872217,932.2908795137598,932.2870708351967,932.8383885728517,932.574198789554,932.5789341958167,933.1389321728207,932.8833054242315,105.99526027234865,96.98530973979476,89.7793578852067,84.04658792433284,79.77480167129778,77.79773933628675,77.53022701218627,78.8393339617864,81.8111690165432,86.46100298157785,91.84720867612577,98.25722634726294,9.174333939330824,90.0,0.6702805115979471,1.8699350711749487
2021-08-25 12:00:00-07:00,906.5772166666668,124.99538333333334,0.213573347808603,11.5,910.9435413165147,28.977575086754975,29.895014970910452,193.58536446017274,0.0,583.2124722939062,921.6331415075542,1.0,583.2124722939062,196.32510866377436,1.1013228880689678,25.853278777777778,2.34652275,916.1718183959524,916.1692735635319,915.7028443640394,915.9037679219639,915.904675610468,915.9057872877339,915.4960551117701,915.6437839613958,915.1746977219799,915.2629412970207,915.2645141549311,914.9038874188017,95.41131148835849,88.79856517597683,83.40428150061503,78.9855233082014,76.07385892298196,74.69531603340342,74.84046858986298,76.90106916700664,80.66070184041662,86.63867559012563,93.55290901923412,101.59946195539622,7.6908532722028635,270.0,0.6830860086787781,1.866138280432006
2021-08-25 13:00:00-07:00,881.7670666666667,125.7013,0.2207915689270843,12.5,846.913328584028,26.361283077077726,35.12320990722555,219.48655278528693,0.0,527.685035038805,934.9322992180539,1.0,527.685035038805,189.61491390844117,1.3396366776152044,26.8065065,2.1359285816666667,924.7920543213659,923.6349198007831,922.2659597408613,920.8206598110563,921.0207005715151,919.4387222449868,918.1368885187175,916.4510659689518,916.1637534366446,916.2301256881963,915.8375226546721,915.9572984959927,84.83089567681458,80.17376781838287,75.95375347541085,72.89518781939232,71.1041119652734,71.25535733850094,71.37920207970534,73.94199126504093,77.7709178245322,84.48701626222415,92.30849199184738,101.85478119123124,24.09901148620879,270.0,0.5458426443217312,1.9443016351935922
2021-08-25 14:00:00-07:00,833.7558666666666,127.53188333333334,0.2490512858950641,13.5,728.6971682193696,21.333691000951962,43.86018790662816,238.32923659804456,0.0,400.80646690070995,957.80480100762,1.0,400.80646690070995,184.72696900144012,1.6463751169494505,27.860497722222224,2.101787663333333,920.779044729786,920.3730783327751,920.7668036335801,920.944532249152,920.7372552502674,920.9740898061332,921.1187472697292,924.5781012236114,927.6764924941863,930.5128722409034,933.2931403192315,936.3687951170015,92.52320822430082,82.3410372029343,73.78795464846945,66.92921578431903,60.60328698444919,57.42359068054344,58.28556756687406,58.97297722849264,61.33206352845453,61.42703445642981,64.50651594508325,69.15952862668779,39.278823135114294,269.9999987925817,0.43345259331333985,2.0830685988964013
2021-08-25 15:00:00-07:00,754.8370166666666,118.94351666666668,0.2644052875837234,14.5,558.9224227693581,14.734560732985868,54.346683666087806,252.1363272146618,0.0,248.79185308703012,929.5790514027923,1.0,248.79185308703012,150.66486368858284,2.146120764839165,28.35515988888889,1.9501353216666668,902.6068701578045,899.1264247076077,895.5805018268053,888.1747172692145,884.6234288256212,884.367966623314,884.4993597392721,884.0437920419554,883.3899520044922,883.5877988776593,883.3008791489755,883.0167636308546,54.03729046246047,50.981166381037035,48.3887898517356,45.67617568869933,44.30956758435389,43.95265783613543,47.16117719769895,52.25153843067414,56.711119936883044,63.95755375865051,70.98679272252866,78.60747509335961,50.0,270.0,0.366977778440511,2.214355247456318
2021-08-25 16:00:00-07:00,648.9144166666666,96.86255166666666,0.2828783656791347,15.5,364.7747418633991,16.634875679199407,65.61524321648778,263.1761413559826,0.0,95.79254767804359,800.760230006188,1.0,95.79254767804359,109.95160782233594,2.857142857142857,28.543110833333333,1.857677675,779.9391675442037,777.0679404328316,774.1466926004941,768.2523481845404,765.3764080545383,764.7081465155187,764.3784039979784,763.614183685574,762.8704325513625,762.5465830431438,761.8444698089595,761.0422767988302,41.1519325837205,39.76233195149845,38.63746616302262,37.42433597871235,36.79267117255106,36.329762426217115,37.813936238971756,39.56348120660914,40.51737937503911,40.84252682030013,39.78325314020315,37.30310370247268,50.0,270.0,0.366977778440511,2.214355247456318
2021-08-25 17:00:00-07:00,420.9641833333333,67.2847,0.2617029035955307,16.5,160.97443981412158,50.51431644375768,77.14056806721165,272.9212106464383,0.0,31.175051165783234,376.17499630712825,1.0,31.175051165783234,46.2241011216424,2.857142857142857,27.634128944444445,1.6364901533333334,359.4801736009226,359.95646816890644,360.1581987264912,360.35580210958045,360.57195011735683,360.75521959801745,361.83447682697454,362.65420642238263,363.33445577085473,364.14833827165717,364.93130647411857,365.6616267107561,7.363986881911487,7.3567018428378965,7.293470620071567,7.680041850557126,7.863597231305653,8.492230528166058,8.559620676414733,9.255691373134718,9.762398135436896,10.115028048302655,10.898731084658088,11.384825589777307,26.66847508823786,269.99999914622634,0.5255863071879424,1.9635243826730073
2021-08-25 18:00:00-07:00,54.80234236666667,15.065115466666668,0.2063947601487955,17.5,18.052723383185707,81.03911293982779,86.87491044133601,280.91838338499747,0.0,8.208387592710057,25.46902941574296,1.0,8.208387592710057,3.848464068136016,2.857142857142857,25.76091883333333,0.98983636,19.681072077848782,19.68144668515042,19.681448606023174,19.668368195814843,19.66836999960738,19.668370846390467,19.668370085738925,19.651689091419872,19.65168699680848,19.652218906030228,19.631695903298542,19.631699368031178,1.5320637681199103,1.5012235612240308,1.4713839551701797,1.4378977953446652,1.4189672236546935,1.4060241433624723,1.4007629133150685,1.4028655781184385,1.4125153384196643,1.4316334894230005,1.456418379217279,1.480894006105243,5.9443914476478605,270.0,0.6982184106779163,1.862519979852617
2021-08-26 05:00:00-07:00,34.06834086666667,8.941072566666666,0.1873147451376754,4.5,10.396403173229547,82.98949250555364,87.55169519327434,78.72936564511036,0.0,5.732259517521418,13.084429987542842,1.0,5.732259517521418,0.014730045845009521,2.857142857142857,15.656759833333332,0.8908536116666667,10.566676851339082,10.566437932933253,10.570221753852817,10.570221717897368,10.57022172114091,10.570221825882264,10.570221980647444,10.573056142338787,10.57305616767491,10.57305609716723,10.573055958329409,10.572904199491674,0.9369886136592803,0.9182511890871777,0.902146637969849,0.8903828351289773,0.883337699925465,0.8809876592920698,0.883888053761575,0.8912493349664462,0.902645068729442,0.9175121215256824,0.936575081570963,0.9583219365527995,4.652427743185325,90.0,0.7094445100399819,1.8604377809360528
2021-08-26 06:00:00-07:00,564.6585833333334,43.84737,0.2597217090585258,5.5,159.08961536055529,54.32973142809385,78.22365485889212,86.43768601862337,0.0,19.55588615375181,404.83941268099016,1.0,19.55588615375181,45.62176993116162,2.857142857142857,18.4482765,0.942568045,384.9409556884226,385.0607777178714,385.1803291705335,385.4289380326783,385.53617958301,386.52420211471434,387.46142999540706,388.37407395484485,388.3623627482222,389.2336632384747,390.05598653859477,390.8497917944345,4.52677606789138,4.452452426033616,4.951898693749963,4.939662412888156,5.544902168343908,5.574763084387794,6.250973862788728,6.308083281144057,7.037489033096775,7.1027089103267045,7.885023074352083,8.702862869538682,23.948091339548792,90.00000085377364,0.5470455874698773,1.9432292804091427
2021-08-26 07:00:00-07:00,786.11795,63.68383333333334,0.2682366932268251,6.5,374.4675706229461,17.50327340220559,66.71282988309738,96.15669026783924,0.0,78.21192336805012,879.9480414319211,1.0,78.21192336805012,102.59984573270248,2.857142857142857,21.00658277777778,1.51936137,844.7433235500993,845.2874586923429,845.7202405111198,845.975474683987,846.4199904833616,846.946759601811,847.1570873817644,847.6415322805369,850.1240852453611,855.1468717094631,857.625166153584,860.0972498711378,24.918670069917567,27.68565614581496,29.62682887296815,30.533938940704257,30.597313199792186,29.98692074930919,29.178673501394503,29.968296123003622,30.711723888511088,31.78576736944048,32.75421518432336,33.88109602892563,50.0,90.0,0.366977778440511,2.214355247456318
2021-08-26 08:00:00-07:00,861.3207,84.153605,0.2613592905524616,7.5,572.8391746069751,14.605867132632827,55.4331272777412,107.08078070240458,0.0,243.62722542783243,975.2096788814166,1.0,243.62722542783243,148.0882536505762,2.214696411484095,23.18088,1.146169413333333,931.4453609393923,931.8173065513366,932.1564610448924,932.0794430804864,932.7550822730847,933.3032084100086,933.2088675347512,933.4880979137407,936.3603609692469,942.467566198181,945.3913431545944,948.2687570391062,80.9675123969168,73.32181075154914,66.18434738833989,58.65644095364341,53.82337284500765,48.30493286326338,44.68401351456659,44.22205905804083,44.643144340314485,46.47958880958676,48.19772038867043,50.361330610832546,50.0,90.0,0.366977778440511,2.214355247456318
2021-08-26 09:00:00-07:00,696.7597471666667,182.57228333333333,0.2462787700679681,8.5,676.1800460873727,21.068337088735287,44.89241829294905,120.61990834574868,0.0,375.74747700442606,897.9251967245473,1.0,375.74747700442606,176.76377194680862,1.6811988900925494,23.201691,2.8850241266666665,854.4033991408095,854.7542429903835,855.4025104675379,855.5169719079324,855.8582887674334,856.0598213514095,856.781270798325,860.9011254272659,864.555136836767,868.4025651904069,871.8634553068994,875.6520949113402,88.75335666566572,79.84352769152946,72.34837190030758,65.33549593951001,60.54883770447819,57.60971377609583,58.10739967220556,60.00327471851243,59.32691765442861,62.747678948547396,66.31436010941714,70.93164822340931,40.607787823103635,90.0,0.4245612930973226,2.0979600121061344
2021-08-26 10:00:00-07:00,616.939562,239.7995,0.2394467293327597,9.5,738.8441984942853,26.31732264166845,36.01104152673518,138.94320236109553,0.0,455.5900637188077,827.4607043292411,1.0,455.5900637188077,187.83421126275198,1.3633171736507035,25.046864944444444,2.52576754,798.3002589572434,798.3626331685415,798.9063150846932,799.3793919941154,799.887094895746,799.9630934867779,803.0016776957614,805.7116907484952,808.4735392022019,810.88391002188,813.6555443479724,816.0730994676774,94.72465600737748,86.05528868894899,80.844005388427,75.01503630255837,70.78659870960674,69.98704591953351,70.39499550742246,70.91244135186724,73.67086157773386,76.37345016757442,80.73302853774668,85.8971674695333,25.51941407014967,90.0,0.534591548207203,1.9547034987453409
2021-08-26 11:00:00-07:00,185.9462405,340.5469166666666,0.241929542848375,10.5,500.8164871904603,29.19230223315395,30.46788844990459,164.13562767893177,0.0,324.37076268636395,505.03785980482155,1.0,324.37076268636395,123.04047739921803,1.1206933091699878,24.8612015,2.0185424916666665,490.6678712072678,491.174157728365,491.4286616992661,491.5813552885792,491.5806357363138,491.9779634836468,491.9761465601474,492.1861712726341,492.280563453996,492.28267400328434,492.53718290944676,492.5787351719283,66.32863421099348,62.43940735736152,59.39927949256013,57.03147114709753,55.2603400994218,54.73261983603176,54.790333834354584,55.541518159979475,57.00032333495449,59.3159098044485,61.79664138725463,64.72219137140097,9.13584172105815,90.00000341509458,0.670612140529112,1.8698281803176202
2021-08-26 12:00:00-07:00,4.887926466666667,231.3144683333333,0.2447981849125073,11.5,235.53681811075413,29.318468632330383,30.250340907536838,193.59522943834384,0.0,151.49865826647863,233.21670508723344,1.0,151.49865826647863,56.59001237909941,1.1028574722809283,24.313891777777776,1.636801352166667,222.30225938292617,222.240402075427,222.24037034171963,222.55178225025287,222.2051567779884,222.20509015503288,222.17415622295084,222.15817301606532,222.15801689815865,222.47931011884077,222.13256465656602,222.13286029985784,31.86577147209094,31.03609846068975,30.372847937291386,29.846413540316743,29.568756238528394,29.48089859524523,29.605478458284153,29.925440837455245,30.392928682997532,31.020363327398808,31.7238293223948,32.50918083097071,7.805767098708483,269.9999982924527,0.6820923523337185,1.8664086821222674
2021-08-26 13:00:00-07:00,36.14782348333333,326.45913333333334,0.2482266188829796,12.5,355.9020546031974,26.678509591662614,35.4606289351447,219.2928960160368,0.0,230.76353824792596,356.77193456315916,1.0,230.76353824792596,93.11762358962909,1.342586475120072,24.443925,1.0967051666666667,334.93175432586975,337.06417852667676,338.19970784646057,339.0993412905105,340.15231341745414,340.5669375452919,340.96213686620945,341.9425249957435,342.4285433194484,342.7682905038759,343.2150828330744,342.6751536815766,50.57909042183054,49.30254403735227,47.383046144139136,46.77205035158162,45.885440566465356,45.6254061801486,46.15435789245926,47.13959933268161,47.56474534575032,49.09188674073174,49.95897042363189,51.28928904029148,24.27830249521668,269.9999987925817,0.5444154064209743,1.9455838082975356
2021-08-26 14:00:00-07:00,138.39592516666667,307.34285,0.2543629718704886,13.5,406.61514524823065,21.622316911467585,44.16745535740973,238.0716076961003,0.0,248.4052139893166,454.9950002580715,1.0,248.4052139893166,118.77113688650583,1.652101075848035,25.724615777777775,1.698968205,437.5195411712953,436.15967518098444,434.5222097136051,431.9238364912702,430.4763689830751,428.7063264689885,426.31034886825387,425.23210620580653,422.8554726639162,421.76290756335436,419.1802368694252,416.6633146336352,62.04919460406386,60.12624788393746,58.51869493213874,57.214661407253686,55.978828489204254,54.70833687862716,53.89906931263609,54.57376113043555,55.18675228520311,56.79840955048224,59.487700532872644,62.042530733491674,39.502057324318514,270.0,0.4319470366721138,2.085541113966106
2021-08-26 15:00:00-07:00,23.56511088333333,245.98205,0.2536862866103079,14.5,259.62205935544176,15.041124582687281,54.63225487551814,251.87574391848833,0.0,166.7699019764917,249.50471242693766,1.0,166.7699019764917,82.01827612519864,2.159809217149694,26.361033111111112,0.8616098999999999,234.46584526230458,235.0466336899031,235.63396540730582,236.61691160756317,237.23147671694528,234.36328853016624,233.0786960318718,230.14269956501988,227.11211878817738,225.7549794402314,222.67936252134302,219.55805447381664,51.93164854165689,52.460797457244695,52.9775237545625,53.31806695272601,53.84664931136856,54.412691770011634,53.33253953869991,52.45679291021015,51.48924524507947,51.0167559050981,50.55828728839209,50.4149931561476,50.0,270.0,0.366977778440511,2.214355247456318
2021-08-26 16:00:00-07:00,38.385456833333336,190.28978333333333,0.2567067873825955,15.5,205.96984920271908,16.96762766442496,65.89000115930573,262.9281210615073,0.0,115.4983900767313,252.25928174097697,1.0,115.4983900767313,66.71402076508679,2.857142857142857,25.850943722222222,1.4268177666666666,239.96756937191526,239.80764169424896,239.64358634354534,239.17736012207027,239.025288216316,236.96819874950586,236.03271964223995,233.93013592035294,231.77595612284756,230.7877922038385,228.58880600248438,226.34258037086462,40.424219315816025,40.43211585437752,40.449277457116246,40.3413632743976,40.37584569032955,40.41131841258391,39.68985997841868,39.03287213987997,38.229392370685005,37.51637683906612,36.62447057154677,35.72394696446068,50.0,270.0,0.366977778440511,2.214355247456318
2021-08-26 17:00:00-07:00,501.74422375,106.54892166666669,0.259724385633406,16.5,215.88374790014825,51.493856647965146,77.41372330285742,272.68720205059327,4.662936703425655e-16,53.12985331553762,469.6440188092409,1.0,53.12985331553762,60.33380999025009,2.857142857142857,25.932904,2.052419425,455.2113645842767,454.4826100486602,453.72047364367137,452.96137350628766,452.1417117781934,451.32307043104447,450.43260924035997,450.1296737881223,449.80927103277475,449.4438708178878,449.10595845429424,448.3600771081525,16.85889435226437,16.03448977094207,15.199503111780146,15.005377894656833,14.222853010296431,13.498459124944405,13.358975150739608,12.72919554955815,12.685804676932023,12.204302901573458,12.319070368284711,12.515762467926566,25.95426360228742,270.0,0.5311732279012756,1.9579991671514234
2021-08-26 18:00:00-07:00,52.309926616666665,16.47044955,0.2245089904026674,17.5,19.06883561458749,81.84088626495709,87.15278044342202,280.6954163459377,0.0,8.930474362086299,25.567425158429916,1.0,8.930474362086299,4.393701700827328,2.857142857142857,24.608092444444445,0.8086238241666667,19.744654807047006,19.75429166548092,19.754292057775437,19.734377729367797,19.734377977839124,19.734826889119887,19.741016882309864,19.721099630601834,19.721098304009708,19.72109899286253,19.723519446486094,19.70360543785348,1.7981772279707708,1.7615014416208334,1.7260708331498087,1.6978883162739076,1.6761434042830268,1.6617841761457675,1.6559569761420572,1.6523222177664383,1.6645590112295916,1.6856577906561023,1.7150718132477532,1.7552284022300317,5.406532074701611,270.0,0.7028890935231913,1.8615916279418012
2021-08-27 05:00:00-07:00,121.99532333333332,10.17959445,0.2776103776389233,4.5,15.429664491839944,82.93719953542715,87.53351379012788,79.20238540240302,0.0,6.52646489396347,25.16282762938718,1.0,6.52646489396347,0.016967090890050447,2.857142857142857,17.024914000000003,2.098232856666667,17.312712243410306,17.312309101256986,17.31661705895953,17.316616996299487,17.316617006709105,17.31661719037507,17.316617453653308,17.319844263899363,17.31984429799672,17.319844169471025,17.31984392837311,17.319843637765093,1.5816513797722052,1.5480978883962313,1.5209252731542162,1.5010824780435323,1.489202795416466,1.4850982571683624,1.489995158343735,1.5024168499486388,1.5216392708868,1.5467223443432898,1.5786861992418568,1.6143679439216627,4.67963789959557,90.0,0.7092078436034681,1.860476413488771
2021-08-27 06:00:00-07:00,570.5654499999999,44.71532666666667,0.2591229574926344,5.5,159.56481428402836,54.89223424505991,78.38755739480858,86.76222212261008,0.0,18.500956115109695,408.54747561921096,1.0,18.500956115109695,44.964998239019856,2.857142857142857,20.320022,2.065541528333333,388.7096473598125,388.83256880320107,388.9418654277558,389.0448558857471,389.15806849186833,390.0260457948712,390.8701400654364,391.6715037655425,391.6762955828249,392.40659419399793,393.1772026799729,393.8832007559058,4.275181786165512,4.603499248061356,4.570382385360569,4.644739434770098,5.050213099013085,5.202592382661376,5.646875217320049,5.8610667206332545,6.318399638850842,6.579275273772396,7.2790613997147355,7.745625013437923,23.539069750895905,90.00000147877934,0.5503128422119383,1.9403549012565993
2021-08-27 07:00:00-07:00,764.0951833333334,64.51461333333333,0.2710293483703873,6.5,364.56147247875947,17.750761430696432,66.87848004208377,96.50162707870032,0.0,73.73631168784732,858.8967306330198,1.0,73.73631168784732,101.45983717019273,2.857142857142857,23.641963611111112,1.334217615,823.7091687936198,824.2595516485986,824.7071930859042,824.9706416926305,825.4203089247961,825.9554419737956,826.1657513126515,826.6561195061482,829.1812360703053,834.2434167230215,836.7415451878396,839.2313164014678,23.07229823929632,25.659774098179504,27.565415407209677,28.57129562727553,28.790281823335082,28.40041435072644,27.769175603546838,28.75628785763758,29.67780165208131,30.892129143694138,31.99523736513777,33.229416250428756,50.0,90.0,0.366977778440511,2.214355247456318
2021-08-27 08:00:00-07:00,879.8248333333333,72.678265,0.2626401963512917,7.5,569.5790832103277,14.96310405927107,55.61350934490177,107.45565902421129,0.0,240.26572140212443,977.5547866746783,1.0,240.26572140212443,145.65475011400105,2.222121846459184,25.999422111111112,1.5790737933333332,935.9077149710496,936.1713213655634,936.4033832651444,936.2754673246811,936.8508572466159,937.3000960917353,937.1574216144438,937.3362410839502,939.9769579954634,945.6293940288247,948.3334497350074,950.9944400638159,80.35620602372809,72.58810870054018,65.32474539419023,57.66499823881587,52.72344254470622,47.08951560724697,43.374664089943025,42.677844147431685,42.87146436326952,44.49018383901877,45.99046473094865,47.938725131654785,50.0,90.0,0.366977778440511,2.214355247456318
2021-08-27 09:00:00-07:00,931.1948666666668,79.923935,0.2478790721176,8.5,737.173872504978,21.416401803505227,45.10469443469974,121.02751436972005,0.0,404.0802902291907,987.6839702618997,1.0,404.0802902291907,178.40202464472242,1.6836129496505132,27.49118616666667,2.492331626666666,955.8682706990053,955.6696679083759,955.5262600395066,955.6844982262004,955.5127675741114,955.4951155790482,956.2499769076387,958.1524797488108,960.0633999439541,961.9728993351227,963.9143826453895,966.1397126717383,95.31487866339339,84.99910503901172,74.91225144762807,67.74816945746632,61.950791754313904,58.642148340219705,57.1547294424346,57.42853155760787,56.284851752694756,57.621458553236764,60.35539391932422,63.62889101278109,40.697416375840646,90.0,0.4239678915966527,2.0989791168068583
2021-08-27 10:00:00-07:00,956.8860833333332,100.16570333333334,0.2380740758315809,9.5,871.5831173977693,26.67418045925316,36.276138253682255,139.3513134071464,0.0,534.3159130607585,976.3783843057546,1.0,534.3159130607585,208.05657636031012,1.3638748455435024,30.552199277777778,2.7356942516666667,956.5677989061085,956.6738595418277,956.7115503402388,956.7268814969781,957.0707923754995,956.9146478371827,958.58037128689,959.9337527262081,961.4128946493273,962.5526427833316,964.0854404207093,965.3134578292069,110.07439457811303,99.10093823555758,91.47245737355044,83.88078948424196,78.49762316563682,76.00634682581051,75.30700929788397,75.44003759349977,77.70236762733519,80.49026263689984,85.17086561257452,89.46634524038708,25.552341826498132,90.0,0.5343322688532443,1.9549512372704254
2021-08-27 11:00:00-07:00,967.03815,111.051785,0.2337992492881965,10.5,941.7355042725768,29.548767674774616,30.795749733412332,164.41875812196258,0.0,611.8409765079323,956.9039298247341,1.0,611.8409765079323,221.95595308707095,1.1201501051772533,31.861864944444445,2.342825753333333,949.1393104223396,949.6757319906515,950.1613288758579,950.0789402518076,950.0772919031361,950.4989631433999,950.4950227371011,950.7859086909117,950.7875044796832,950.7927350866607,951.371451696823,951.110611693,118.3874080578251,108.35704854323836,100.33832765591212,93.95400932383501,89.45046046621201,86.9668347405971,86.66970605750376,88.13492184011555,91.43435770906812,96.40003005996687,102.60506299762686,109.76235849446182,9.095494608115843,90.0,0.6709597887275662,1.8697166168554946
2021-08-27 12:00:00-07:00,957.9310666666668,114.5051,0.2329510226327712,11.5,938.9633727377226,29.661783198456714,30.608606354844017,193.6071318003375,0.0,601.13929028071,950.7186515026486,1.0,601.13929028071,220.42027391920203,1.104432446649286,32.065607722222225,2.935700133333333,945.1203262892984,945.1175360482985,944.8505914157528,944.851737517921,944.9121897662657,944.4448465155706,944.6001118204354,944.6019611787086,944.2264843472764,944.2219344813973,944.2980439525006,943.8732854966386,107.00328307986078,99.78433389249275,93.53031109963733,88.67682196792025,85.25131541001392,83.58212135451566,84.00222506712784,86.31339926440015,90.40286936504266,96.52911953288957,104.98628600665315,114.09819776617336,7.923633129934708,270.0,0.681073452177331,1.866690170730731
2021-08-27 13:00:00-07:00,920.1248833333334,118.0059,0.2456285967076046,12.5,864.2718263571257,26.997642030457374,35.801498326054684,219.10263678095265,0.0,538.3153788552927,958.4593266048339,1.0,538.3153788552927,213.61255599849179,1.34560690488579,32.52375961111111,2.6155885333333333,947.3390930672231,946.1104047586128,944.6744466662033,943.4992116670842,942.0078472795519,942.0678491102464,940.4568106520719,939.0293741636707,938.7203112083852,938.86242758245,938.4636709497818,938.3780534808784,94.66001534577373,89.89545927307147,85.24967400863855,81.85955518005865,79.72823561557217,79.47340329528883,79.94443375971849,83.38125423154285,88.0316665668525,95.54731149497138,103.38053445636302,114.2897838656498,24.46119483883294,270.0,0.54296157450088,1.9469009324506459
2021-08-27 14:00:00-07:00,668.3411895,152.52911666666665,0.2472454060455719,13.5,629.4003655710785,21.912386531022943,44.47839645138126,237.81606883446045,0.0,353.50701260032935,832.0002054041803,1.0,353.50701260032935,164.10046230002646,1.6579723966723963,32.690350277777775,2.57117377,793.5693108650827,793.7038034343321,794.179020077663,794.128801477983,794.3596972786492,794.7835573211576,795.3198579870622,798.7260751325011,802.0778227234396,805.4034352476598,809.0211724440902,812.1189056015166,83.07868082809553,74.85127159927934,66.43933085754286,60.64392174922615,55.93507584758725,53.25968857815737,53.75482497924849,55.11842263809074,57.0838773289518,57.642941197720916,60.814382151456066,65.0546932326532,39.72900404692265,269.9999987925817,0.43042139094544274,2.0880667552263965
2021-08-27 15:00:00-07:00,453.27614466666665,183.2378666666667,0.2559650715936413,14.5,443.7354986459651,15.351784043418794,54.92140028550311,251.61594475936545,0.0,210.6020267546883,692.9481069108377,1.0,210.6020267546883,128.5214153723745,2.173853594299148,32.3819725,1.91293598,669.983114028413,666.6822681848863,663.3231469532548,656.2999709670321,652.8912982132358,651.7925282890806,651.4415583802066,650.1798453666484,648.7778580900418,648.4319352936566,647.2359883166545,646.022480395928,56.19675413500011,53.24625605069929,50.591249547914735,47.83290626132903,46.00613285552245,44.79783990147014,46.48213997735961,49.41204507060842,51.913355293474396,56.29994533442103,60.56496655947824,65.30217882095383,50.0,270.0,0.366977778440511,2.214355247456318
2021-08-27 16:00:00-07:00,140.84126706666666,147.00661666666667,0.254791681289569,15.5,203.91413136596313,17.304407821102,66.1681238881315,262.68005344147093,0.0,95.22745946789252,311.4899429818327,1.0,95.22745946789252,64.54300480400417,2.857142857142857,31.814642555555555,1.5425042516666667,299.5407515093708,298.7207268362802,297.8883516084856,296.10755746546187,295.2756125598337,293.7107037560638,293.00130843067507,291.39989449107276,289.7717497382898,289.01754140234675,287.3596392763209,285.65014277102125,35.59463424396774,35.10496754652875,34.65122156274818,34.100116052007834,33.702564509881725,33.309003291674735,32.90760090360478,32.52998400405159,31.94395855895934,31.29901278582479,30.37111063173972,29.311876950263283,50.0,270.0,0.366977778440511,2.214355247456318
2021-08-27 17:00:00-07:00,205.68173106666663,73.78103833333333,0.2515545883129456,16.5,117.63245135726234,52.47237920725003,77.69003396875704,272.45262572697413,7.771561172376095e-17,38.338625585965936,228.74975744539083,1.0,38.338625585965936,32.59004681526666,2.857142857142857,30.827913777777777,1.0394236716666667,220.83797099241735,220.52988330736548,220.10100211345278,219.63355427282073,219.17010552955693,218.6611361605246,218.1561902637162,217.9183817501542,217.69190081061362,217.464688764042,217.19750200636065,216.67293965197052,11.310801669674658,10.803454904308738,10.494311737051214,10.15410357068595,9.679652059695746,9.575540004244917,9.142321449180768,9.085116435445329,8.743829840951795,8.765956112241605,8.55644199373652,8.665309022370325,25.24523609445817,270.0,0.5367532316264998,1.9526522473999837
2021-08-27 18:00:00-07:00,16.72487975,13.473163383333334,0.2295995199117796,17.5,14.27722855364577,82.10489172051678,87.24438640834234,280.3135089548742,0.0,8.034382985210092,16.304461324848802,1.0,8.034382985210092,3.304096115934869,2.857142857142857,27.79703161111111,0.985383985,13.933629412845034,13.933629743019901,13.930751719346494,13.929204613592729,13.929204777816738,13.929204732824056,13.929615380696747,13.925251633760094,13.9237033944128,13.923704291890875,13.91771890147631,13.916172114477842,1.6471248242141936,1.6131952914587213,1.5804931014754744,1.5545447094667353,1.5345518889979373,1.5210543664848402,1.5131642306036261,1.5162151689120125,1.5275207772314137,1.5469826515985357,1.57678266590133,1.6110074817903322,5.2245076765374945,270.0,0.7044707244323125,1.861297316777723
2021-08-28 05:00:00-07:00,75.06558963333333,8.939962816666668,0.2186983374992215,4.5,11.946837833552877,83.42823944047389,87.70430960461957,79.5199786881418,0.0,5.729929551343731,17.518163758100624,1.0,5.729929551343731,0.012870479181036239,2.857142857142857,17.438290111111108,0.9060875745,12.642354696173724,12.646138047452176,12.646138047452176,12.646138024370426,12.646137996097385,12.648971757982672,12.648971910079906,12.648972065622731,12.648794813446942,12.648794813446942,12.648794813446942,12.650782056523303,1.0955117744983334,1.0702462978638796,1.051437363987223,1.0376554862818448,1.0305117859251982,1.0278672999856158,1.030803239652025,1.0396301127126926,1.052975052007295,1.0703694520873053,1.091115177617892,1.116055525537495,4.348974622172571,90.00000749183334,0.712084469160191,1.8600221773429937
2021-08-28 06:00:00-07:00,544.3275666666666,48.39572166666667,0.2628032934742606,5.5,156.4311051025143,55.45375152627325,78.55220792340708,87.0894863195773,0.0,20.656155700506577,393.3630464182728,1.0,20.656155700506577,44.92108461695554,2.857142857142857,19.418435111111112,0.7436439756666666,373.1862240865462,373.3090849377705,373.57547551368594,373.68589136981376,373.79456250064254,374.6704350344822,375.5086820364,376.3016784003699,376.30193235954675,377.05744160086493,377.7874378790629,378.47157648127717,4.7944834356299815,5.1787987131042055,5.126854729253829,5.206594991109731,5.631135351402725,5.795260999113809,6.253106836439251,6.316196088819346,6.959626792930069,7.239652415497919,7.7228470764374935,8.451955070987854,23.13301391582362,90.00000085377364,0.5535664730005803,1.937547577749649
2021-08-28 07:00:00-07:00,743.1025833333333,75.83964166666667,0.2724405545461417,6.5,365.65220749173375,18.00312567629784,67.04528637979163,96.84901346867571,0.0,78.71530097919758,852.5808801407703,1.0,78.71530097919758,104.76592787964732,2.857142857142857,22.733087333333334,1.366285175,814.9817961855834,815.6602659195046,816.2359291193352,816.555025395248,817.1294563415547,817.7840416302149,818.0475923349188,818.6562502896916,821.4199321648925,826.9568375299435,829.6819707007593,832.3947441266847,24.73779548243481,27.308890850448204,29.224135103067844,30.257583262783815,30.532859099125375,30.20823891184313,29.649769230006612,30.864740753384684,32.018934736927385,33.470174860064844,34.808889987699914,36.27910334375304,50.0,90.0,0.366977778440511,2.214355247456318
2021-08-28 08:00:00-07:00,850.8738,87.77438833333333,0.2636013039269371,7.5,566.0906243188983,15.323298071554138,55.79558580664724,107.83256283357998,0.0,238.31770128930287,978.5645760647064,1.0,238.31770128930287,147.67789425808897,2.229616814812291,24.07755033333333,1.5645666116666668,934.5721214514307,934.8074595329853,935.0116508702489,934.8710082582331,935.4194363159554,935.8423601933283,935.687648917663,935.8404501360579,938.9378688836975,945.4841490480163,948.626543205182,951.7193313809436,80.01800495220719,72.23773548027005,64.96019092468217,57.28569062706127,52.328843305326096,46.67947611074169,42.95003960936165,42.631818937926845,43.21227482161243,45.22541410201494,47.128606712049695,49.48761488875082,50.0,90.0,0.366977778440511,2.214355247456318
2021-08-28 09:00:00-07:00,902.9325833333334,98.90994666666668,0.3399627469845319,8.5,733.8118478538299,21.76745744097862,45.31928823331083,121.4362328801455,0.0,403.7985470930298,989.0105919957153,1.0,403.7985470930298,239.58886232508192,1.6860369669004505,25.551703111111117,1.9433973266666664,949.6211545367563,949.2821689989322,949.0337216544391,949.1821631637216,948.5208429110115,948.834857827906,949.4447318037251,951.7580027556259,953.755777249723,955.760386257727,958.3739345847562,960.3345254348653,129.79315737318456,116.0930839089046,102.29714013025327,92.66176033179964,84.87853522340623,79.20607354314429,78.0151893410375,76.95631131162384,76.36671748333892,77.6893475329459,80.91465267623796,84.80185493281381,40.78709633213442,90.0,0.42337494828177685,2.1000006628621053
2021-08-28 10:00:00-07:00,931.3702333333332,103.89231666666666,0.2392318877808476,9.5,852.1545667549221,27.0339760186375,36.54404539510758,139.75882075346817,0.0,522.5776832956268,954.7230724187009,1.0,522.5776832956268,204.82171773042108,1.3644210372279273,27.06644072222222,2.00567332,934.6481930056341,934.769362846547,934.8184849672514,934.8619890325679,935.2116754004984,935.0700779452542,936.7706674009368,938.15534104252,939.6650301940521,940.8684037140623,942.3975007735967,943.6551701215832,108.20287715370578,97.46197137265753,88.94623878519828,82.60627050467109,77.34244213134339,74.9559604656195,74.30468457939926,74.45462906858135,76.71304523033325,79.4640855967153,84.09346686355705,88.33051698752645,25.58456836583844,90.0,0.5340785799844779,1.9551939885732903
2021-08-28 11:00:00-07:00,936.2324666666666,112.14841666666666,0.2342408604221764,10.5,913.5903142938488,29.907966885750515,31.12642809554056,164.70055783620364,0.0,593.5404875996096,928.2455628780938,1.0,593.5404875996096,215.84143454863664,1.1195826925813483,29.27065738888889,2.232871375,920.4439148777585,920.985355259699,921.3874369679412,921.3947739041424,921.3934934366465,921.8190717838824,921.8152258262586,922.111586904937,922.1127032555755,922.1177542502305,922.440281485391,922.4388298780444,115.0985005048833,106.10604167954217,97.59531358040807,91.40240321894005,87.03364951692137,84.62666243324051,84.33919764100064,85.76497759694904,88.96192824926536,93.59484013373252,99.81823736858342,106.76763502293011,9.053333661848765,90.00000372151304,0.671323107574096,1.8696005611409032
2021-08-28 12:00:00-07:00,840.5489466666667,158.56103333333334,0.235110556512189,11.5,879.2808257423576,30.007430787284882,30.9697157505418,193.62090728421205,0.0,562.9471332196532,892.2657707501066,1.0,562.9471332196532,210.03854052131584,1.1060474607166824,30.17792861111111,3.2168307,884.4476893149963,884.4442931729841,885.0290584883851,885.0333748931017,885.6060178990697,885.6039760919789,885.6017409143059,886.0848447025031,886.0277616299204,886.0270803217363,886.4349824648061,886.4375636487107,108.03024700054956,99.43590418340378,91.45890643430599,85.69324608173174,81.94537695465944,79.54516459775151,79.40879605527398,80.98469580910816,84.21025956482376,88.7927478729507,95.10020017299914,101.59289946215505,8.044412369751685,269.9999957311318,0.6800296712381071,1.866982964816466
2021-08-28 13:00:00-07:00,860.3977666666667,151.88733333333332,0.2571063465208701,12.5,846.6754487314611,27.318600363142306,36.14570105455088,218.9156955486504,0.0,527.3375680285377,945.0747814693801,1.0,527.3375680285377,222.60114716217223,1.3486980527779393,30.445860666666665,3.1365409666666664,933.9032061345084,931.8377399075769,929.7989200062492,927.883538095283,925.7528154020347,925.8907626154783,923.5750741791915,921.446481561497,921.1253115057543,921.2931007541057,920.9537757454982,920.8434559010545,99.53738886269436,94.48902022641056,89.10064411801712,85.53634959578483,82.94518775980187,82.60510531743385,82.75470515287472,86.20296000138876,90.59651240697863,97.1687197339613,105.96230217519425,117.30404338975919,24.64764129784755,270.0,0.5414816620871128,1.9482531988145275
2021-08-28 14:00:00-07:00,863.8647,122.37581666666668,0.2494605015076526,13.5,735.4244046880611,22.20383598816555,44.79289518982418,237.56262562282532,0.0,411.02840828986547,976.7828204124309,1.0,411.02840828986547,185.73000889956535,1.6639906897756849,30.557806888888887,2.72244885,954.5529522224192,951.8387205231057,949.0831559419738,945.8368525878848,942.9832936101172,939.7866445079451,939.6786211401386,939.4241807416576,939.2345831989076,939.0369663928052,939.0600059538756,939.1368977280177,70.08471945219094,65.98818709072353,62.60051731108413,62.73613725834708,60.98987588927864,60.58143439013319,60.08023286059912,64.27936102598245,70.0482233036415,77.31981384037597,86.03091259463852,95.95581894018953,39.959600497081205,270.0,0.4288763456599134,2.0906453721547624
2021-08-28 15:00:00-07:00,671.5641666666667,119.04058333333332,0.2636363626866431,14.5,502.1765154356833,15.666434520626282,55.21400957989386,251.35696219532275,0.0,220.81613956535756,844.224421513354,1.0,220.81613956535756,138.09466924669766,2.1882599266256437,30.104454,2.779158216666666,819.4148655710507,815.9162111898861,812.3590581762305,804.9585695967199,801.4068340519296,801.0486184634594,801.0831832753521,800.5056443907096,799.7950323946231,799.8395390266129,799.4307187121391,799.0003404868605,51.32869021110997,48.44049141552351,45.97090047396968,43.38719455554676,42.06156731866561,41.555726619396935,44.586879293274094,49.27704389681256,53.35935788213996,59.785060656041026,65.90930070264115,72.45553393329277,50.0,270.0,0.366977778440511,2.214355247456318
2021-08-28 16:00:00-07:00,395.611226,107.55525666666668,0.2678911615108468,15.5,265.62454827965934,17.64505703612524,66.44950366486815,262.4319712034168,0.0,77.82047215645287,552.6895360807996,1.0,77.82047215645287,81.67036787372066,2.857142857142857,29.007977333333333,2.3721015166666666,537.3280707433928,535.0984862861064,532.8368158448478,528.2279647802444,525.9603911567915,525.0540959280772,524.6510776272643,523.7140346563883,522.7974171245372,522.3600143472804,521.4420372261065,520.4456881678836,34.79428778314516,33.380305189283774,32.084321335070506,30.711075306986118,29.59050728696013,28.48796115697511,28.767581372422953,29.011768260039982,28.82512853103548,28.220188270879543,26.963968594458812,25.212329011540877,50.0,270.0,0.366977778440511,2.214355247456318
2021-08-28 17:00:00-07:00,236.2497101666667,59.69554333333333,0.2462561635280551,16.5,108.93806295855393,53.44984002049372,77.96939179570111,272.21750591518713,6.217248937900872e-16,27.5887299711899,236.3269674229698,1.0,27.5887299711899,30.78800885330819,2.857142857142857,27.510010333333334,1.9286619466666663,228.24162351525328,227.62619659727392,227.01933915753003,226.3778230849632,225.69178131659214,225.5965066948591,224.85144237061752,224.0960325094172,223.92037746151178,223.76140249232532,223.4020967758451,223.2068862386507,9.374629189577972,8.957416900355991,8.304663769569734,8.005884861352689,7.596055944621125,7.347337790157622,6.9528807406279,6.769294744684371,6.428135595389504,6.331334835358889,6.049987773713049,6.0634423823198444,24.541250669381313,270.0,0.5423258645804527,1.9474803846229811
2021-08-28 18:00:00-07:00,32.58550421666667,11.83652265,0.2204398936684684,17.5,13.349622455892277,82.37604939983575,87.3385276665094,279.930423838189,0.0,6.489987003603025,17.111147027562836,1.0,6.489987003603025,3.0251242608968845,2.857142857142857,25.310258166666664,0.8612886183333333,13.329425838789465,13.34293313552091,13.342932714717254,13.342932002721815,13.353210546168487,13.35321075707902,13.353210963699945,13.353211046321118,13.353210972668803,13.36114648009835,13.361146231066696,13.361145977512646,1.2530795278422522,1.2265526777510736,1.205122829484484,1.188320262141409,1.1795134043038136,1.1771182152364035,1.1810148328553038,1.1908289680871567,1.2123891977484127,1.2325187223299336,1.2563096446261703,1.284491848915148,5.038464716986744,269.99999716835316,0.7060877478107531,1.8610068943191713
2021-08-29 05:00:00-07:00,0.4869573333333333,4.832494883333334,0.2143896862042805,4.5,4.852152255981049,83.37696955166962,87.68646957971835,79.99918413276595,0.0,3.097389138156845,4.88161390495589,1.0,3.097389138156845,0.007044885018039634,2.857142857142857,16.159848611111112,0.873511485,4.590627449581026,4.592672539260917,4.592672539260917,4.592672526025053,4.592672512251357,4.594204303344194,4.594204385858945,4.594204467867077,4.594204512257204,4.594110535396011,4.594110535396011,4.595184739192535,0.5805334186147667,0.567145165675011,0.5571786993644063,0.5504966531996573,0.5461077400530103,0.5447091087874621,0.5462662610153235,0.5509460228568565,0.5580159931743307,0.5672304974007977,0.5782206918866897,0.5914343588604625,4.3763287348700715,90.0,0.7118464511465562,1.860058494192785
2021-08-29 06:00:00-07:00,1.0162159333333334,46.72646666666667,0.2391859756570805,5.5,46.92528398372696,56.01436572985134,78.71760917525233,87.4193656889912,0.0,30.58835328928045,45.096921830066464,1.0,30.58835328928045,11.190147992476112,2.857142857142857,16.11381983333333,1.1231195833333334,42.50946661721012,42.70647727373741,42.883082659412956,43.06738146777216,43.22941890368074,43.14529614339405,43.04574362490833,42.968379050098164,42.879567636726044,43.06481491507051,42.7924445542968,42.724720448006934,6.518108993031143,6.281195617189204,6.30286319884628,6.15289219372349,6.231156322105201,6.276300888391703,6.281603411572135,6.369316756196799,6.394880780273421,6.495278970055454,6.534501025581043,6.515025648337962,22.729800747438272,90.0,0.5568070891563626,1.9348056103621314
2021-08-29 07:00:00-07:00,248.09513271666668,153.38564499999998,0.2562559125384521,6.5,249.47344418867937,18.26029458824392,67.21325965860225,97.1987207668879,0.0,95.67806609588628,447.75362105917236,1.0,95.67806609588628,78.07245700360143,2.857142857142857,16.834541444444444,1.8428926533333332,415.9413328810006,417.56385526323925,419.12754623646083,419.85535355264597,421.383134990311,422.90981453361223,423.5791421750831,425.06485182653637,426.6998686060816,430.0173310994503,431.60364229052163,433.1777278570101,28.64182810577384,29.954464564018668,31.158838142331085,32.07102026194946,32.8036682007437,33.30369071020412,33.71694483133054,34.7585916599123,35.76939995033114,36.934496909180574,37.992307737039624,39.09129820216403,50.0,90.0,0.366977778440511,2.214355247456318
2021-08-29 08:00:00-07:00,610.7938783333334,166.7872,0.2572627515320869,7.5,508.521114580505,15.686343795163053,55.97936889236096,108.21133743457489,0.0,229.19834661864786,838.479123058579,1.0,229.19834661864786,144.38085011785176,2.2371839123418704,18.031527111111117,1.9137961383333333,786.6711602278913,787.6894803277478,788.6713154441061,788.9310677115183,790.1612711220296,791.2719757785203,791.5002246124952,792.3871200211572,796.3925615480232,804.6640451777565,808.6373543847508,812.5488763867403,74.2485796628951,68.39269019591828,63.00070801027082,57.30771083004218,53.80562944319989,49.75315584116136,47.21060532320332,48.337061842578684,50.18348434640687,53.19720371450033,56.10940960172305,59.39292954774786,50.0,90.0,0.366977778440511,2.214355247456318
2021-08-29 09:00:00-07:00,787.4639333333333,149.24008333333333,0.2481336231236514,8.5,700.8258603569159,22.121396128659242,45.53620180374176,121.84587352368807,0.0,386.4024159855238,942.3331884365787,1.0,386.4024159855238,179.67410494697145,1.688472079275547,20.014639555555554,1.8152956683333332,901.6920106715918,901.7326092688311,901.6841506125851,902.0532064374971,901.7184202275473,902.66553676616,902.7375648155647,906.4313566916378,909.7483376653513,913.0310786974902,916.6194668484047,919.8156972186134,91.62537759279404,81.0431899317173,72.68552460174102,66.11558624788672,60.83838089408557,57.02285275175587,57.917453516017964,58.40334553760417,58.1768042678563,60.71750111312894,64.62783067964585,69.01972849377859,40.876866561613,90.00000120741828,0.42278220950372375,2.101025094931877
2021-08-29 10:00:00-07:00,815.75325,164.2226333333333,0.2386932893511818,9.5,817.2961451048798,27.396608103595295,36.81473678768129,140.16551698294768,0.0,502.0467941460974,918.0590481148026,1.0,502.0467941460974,201.54979237755143,1.3649564650539605,21.817823611111116,2.3032185333333337,892.6119139630915,892.8114767190053,892.9306112462652,893.1212997267177,893.5238086576253,893.4548258074547,895.9936717133927,898.1885701110205,900.4746096369371,902.498865160855,904.7714028305265,906.744826903959,103.8344498794572,93.7706025486054,86.27842994224743,80.41184729447028,75.49122857435472,73.89126124268812,73.8103781234826,74.12678463783988,76.78587218375974,79.58338858213222,84.67493415516087,89.17833040246079,25.61613736491993,90.0,0.5338301335363129,1.9554320635220384
2021-08-29 11:00:00-07:00,659.4483533333333,214.6475,0.234487865306886,10.5,777.160909319537,30.26980767540815,31.459859300403167,164.98086044878073,0.0,504.7838746121267,792.3241515029642,1.0,504.7838746121267,187.15242392714813,1.1189915164578785,23.238876444444443,2.975449788333333,782.9651092884511,782.8436146847203,783.6931122859227,783.699192842775,783.6984043981688,784.5076160785399,784.504375484013,785.1442462174525,785.1448184566015,785.1490124167013,785.7538809245178,785.7531406490817,98.59015144957957,91.1035635475003,84.0258958242531,78.87982291416608,75.25516975269,73.48950835271991,73.26844196969809,74.47939424289618,77.15676384555812,81.0374421459545,86.52270424706016,92.33090194601802,9.009399623515234,90.0,0.6717017512342344,1.8694801935978302
2021-08-29 12:00:00-07:00,2.026404,238.6969833333333,0.23984336402139,11.5,240.42784496573705,30.355325215308945,31.33357243262921,193.6363987848085,0.0,154.7207114925022,237.88162199653738,1.0,154.7207114925022,56.55892910996585,1.1077019888883597,22.7767755,1.823090885,226.82561412605727,226.82514603572199,226.78235036195943,226.7629881575797,226.72607512018948,226.725912203973,226.72562462282434,226.6936582605925,226.69335343851196,226.6779773556743,226.28184818892882,226.65212537945106,31.890842544963764,30.999466375386255,30.35932544852461,29.896431686174296,29.614327496351137,29.533444114785933,29.681560079671755,29.999362538540495,30.482529926906,31.07401715466813,31.789054176498336,32.547994708438296,8.16806605890701,269.9999980909041,0.6789613712959948,1.867287285391393
2021-08-29 13:00:00-07:00,43.40483093333333,239.4427333333333,0.2398296517588083,12.5,274.33710463733985,27.641305336262068,36.49311952655545,218.73199301691812,0.0,178.1367636521683,274.0127473715094,1.0,178.1367636521683,69.49882181735853,1.3518599793909003,23.147490333333334,1.2173439183333334,263.455749723056,263.14958877077885,262.9329291958811,262.6213720024184,263.0547451319853,262.80436002868635,262.03710660018066,261.78973954032625,261.06647814798646,259.3760722425037,258.574375663704,257.67247346486084,38.283353814007285,37.755965725387114,36.72970303728876,36.084103470266456,35.36659719156148,34.61737808459799,34.667363092554986,34.423517855859515,34.94353552685128,35.733532155557285,36.75113723045381,38.236941543918036,24.837594546235756,270.0,0.5399761854785134,1.9496407969053187
2021-08-29 14:00:00-07:00,442.974042,258.8949666666667,0.2487801548846699,13.5,571.5184085859213,22.496594886494236,45.11083467113777,237.31128164939605,0.0,331.32481831152865,724.9988847093209,1.0,331.32481831152865,158.35846938677867,1.6701577130433192,24.959403944444443,1.3277989316666667,703.6785804272738,700.4967960994536,697.2664140841227,693.9742730063906,689.5346576816498,686.068331954996,685.4733941504667,684.0780080692572,683.7554070376827,682.3653214711819,680.8912436655847,680.5892816689956,72.03545701418176,67.49001800863539,64.22032962070055,63.69687851420873,60.880802959053064,59.25201887984341,57.54884423430134,59.02188804092469,63.42516118780612,67.51329878893482,72.73322117016123,78.85961248411587,40.193783439296354,270.0,0.42731259376298364,2.0932768011984217
2021-08-29 15:00:00-07:00,77.36302746666667,152.98275,0.2429943115835051,14.5,196.7905547191138,15.984968473348147,55.509971426319076,251.09882731962517,0.0,114.10341273623037,238.97643838400256,1.0,114.10341273623037,62.88291268016535,2.2030344926663896,24.286887222222223,1.1172932283333334,227.66106120016985,226.63713827659677,225.59617336653878,223.34573860659987,222.28046050935976,220.72363689120982,220.0432503223417,218.42442558890258,216.74274744583585,216.02373354126007,214.35048711464626,212.64978886966657,36.75098941595691,35.816553924927156,34.93911768514236,33.97775614842227,33.266823803945655,32.68164707172744,32.45493966796549,32.51377899692532,32.45976920448408,32.90933098125667,33.329570363407264,33.95075333141829,50.0,270.0,0.366977778440511,2.214355247456318
2021-08-29 16:00:00-07:00,398.6285893333333,159.37618333333333,0.2671560636779511,15.5,316.83443863168526,17.989418478790963,66.73403180369701,262.18390652251196,0.0,111.21629277740782,601.6915339120029,1.0,111.21629277740782,95.8989876012451,2.857142857142857,25.611118611111117,0.7141643216666667,583.6221077109412,582.0153305195921,580.4020943759457,577.0346039887147,575.4083440741697,573.8697331451939,573.1805866784626,571.5962198211978,570.0246171197102,569.2754096083921,567.6789218132279,565.9967193013846,44.08390226982731,43.25978034940475,42.51640410141097,41.639565841782236,41.00736720057359,40.34009420604369,40.22561303881891,40.0208439733944,39.39529817095912,38.39979373757508,36.803296490232285,34.84179099779901,50.0,270.0,0.366977778440511,2.214355247456318
2021-08-29 17:00:00-07:00,339.2863,70.61375166666667,0.2581718595125754,16.5,139.6968235793823,54.42619340045393,78.2516876578828,271.98186690131314,7.771561172376095e-17,33.46754653075713,307.56532830157767,1.0,33.46754653075713,39.90813479919061,2.857142857142857,25.284206666666662,0.887137225,296.3642315718795,295.73462238935326,295.09282214083464,294.5069154088776,294.42307170748546,293.6985562235967,292.96776824150976,292.18502205622264,292.0014760620086,291.7937250367138,291.3710846179237,291.16588848103333,11.247037926627065,10.540592440526858,9.866988310724835,9.747712120223769,9.118735142134897,9.021202864619863,8.44608449993099,8.39503224226912,7.9212230037368005,7.924904758286314,7.576441362293987,7.702948958287134,23.842171080897486,270.0,0.5478906902738028,1.942480456205768
2021-08-29 18:00:00-07:00,30.99460065,12.171017833333334,0.2259765862896242,17.5,13.558052848565353,82.65407572165367,87.43510804938818,279.5461894296606,0.0,6.66496128645951,17.01737001026655,1.0,6.66496128645951,3.1434717944557313,2.857142857142857,22.60552927777778,0.6966617206666667,13.320110085434578,13.320109612559099,13.32010917086751,13.316488800656119,13.33054949712416,13.330549684859646,13.330549908644594,13.33055003830176,13.324559374959687,13.338619879499655,13.338619646218556,13.338619389168588,1.319037638263868,1.2911289336543332,1.268553384523901,1.25209552161332,1.2415020801147547,1.2389482878919036,1.2430341247024357,1.2533622395482895,1.2693128774913727,1.2970860147756864,1.3221981456988985,1.350024673785645,4.848586595720863,269.9999934420402,0.7077385824145579,1.860721314654601
2021-08-30 05:00:00-07:00,23.710426516666665,10.12630115,0.2448428172046562,4.5,11.012469638470648,83.87000137577385,87.8580924141922,80.32253423946361,1.165734175856413e-15,6.488558125851077,12.645592936805427,1.0,6.488558125851077,0.012618182373697736,2.857142857142857,13.706762555555557,0.9192721168333332,10.74574049416956,10.745740494169578,10.745740494169578,10.7489502212757,10.748950161575218,10.748725916815028,10.748725916815028,10.748725916815028,10.748725916815028,10.750976868218535,10.750976868218535,10.750976868218535,1.3888306703115811,1.359109828888857,1.334808841343175,1.3154283466714571,1.30483464636202,1.301407649955053,1.3050878592661586,1.3167769359922603,1.3332880488180097,1.3566761399674043,1.3830620144129664,1.4126443905874324,4.045911359101027,90.0,0.7147220981465785,1.859635023307312
2021-08-30 06:00:00-07:00,259.34841666666665,68.85953666666666,0.2773861779517165,5.5,118.86192550177891,56.57415233857454,78.8837625371309,87.75174683500393,0.0,32.86126174484702,249.16815603035184,1.0,32.86126174484702,36.47352583933435,2.857142857142857,17.79106422222222,2.011960504333333,233.9267753909433,234.11545338436878,234.52490840686272,234.6943936851391,234.87883845995935,235.55173636896384,236.21167958474282,236.72858497431264,237.36204036358455,237.42713379520436,237.9798136783499,238.5147465812471,8.016365238772611,8.167973696691504,8.192760221450927,8.427179299481663,8.435576787211536,8.648680306308153,8.991632299647888,9.274533847520873,9.651321825477767,10.244168649906362,10.368254471928857,11.002551096702756,22.329312564631696,90.00000085377364,0.5600352760752249,1.9321273898901545
2021-08-30 07:00:00-07:00,504.9668833333333,128.1636,0.2833789281422444,6.5,322.36313422528656,18.522189769564687,67.38240878221555,97.55062007247307,0.0,90.50637439000221,686.0397024470972,1.0,90.50637439000221,101.15133868451342,2.857142857142857,24.80072433333333,3.448060288333333,648.2385078135453,649.4497082782219,650.5811081838854,651.1438081058947,652.2483936785368,653.3983280602356,653.8877207247042,654.9914169342713,657.4004178690362,662.1964778706829,664.5073219492369,666.8267715261887,28.186027427913682,30.21453338096565,31.93511266429204,33.16465042978082,33.891884712578914,34.23420218639574,34.33943732196975,35.73511373281157,37.04490937710795,38.552332417787945,39.903361062661645,41.3374924557821,50.0,90.0,0.366977778440511,2.214355247456318
2021-08-30 08:00:00-07:00,637.5160500000001,170.7421666666667,0.274679990716686,7.5,525.7143168076574,16.05213553890386,56.16486829032506,108.59182852498138,0.0,232.80782717075502,869.2688501334884,1.0,232.80782717075502,156.0397163797899,2.2448257786086416,27.79313533333333,1.2096188183333334,815.0047669115976,816.0795435912825,817.1047884571478,817.3895403603116,818.6766268586553,819.8516391918141,820.0749087226063,820.9923204497063,824.9765000177684,833.2386951705387,837.2056918234815,841.106467112973,81.26307132203299,74.7401411932651,68.76055815175776,62.410325013682524,58.50313922748854,53.95493496643884,51.12723055134012,51.966716181620185,53.575230285230845,56.49305313320757,59.26392900608634,62.45116715818726,50.0,90.0,0.366977778440511,2.214355247456318
2021-08-30 09:00:00-07:00,698.2296166666667,201.8884833333333,0.2605925276500127,8.5,689.0590128506564,22.47811208016485,45.75543393131966,122.25624818312552,0.0,384.82321710332116,914.2366162552498,1.0,384.82321710332116,189.864689130177,1.690919387549156,28.023854,2.4310081666666665,867.5432012677,867.4016920257907,868.2031758581829,869.0205450716156,868.8906690432743,870.2972704295644,870.5499042076749,874.8265361367987,878.5052065587088,882.1430084057548,886.1031172030306,889.6800355178277,95.07185341785595,86.02093494609458,77.8540199738418,71.61157510020259,66.65721146039326,63.13016624969911,64.4233869021002,65.13612462563438,65.13113085890828,68.01887431709542,71.73404406999761,76.974734379413,40.96676580344956,90.0,0.4221894238705369,2.102052859387174
2021-08-30 10:00:00-07:00,544.6444355,268.9479333333333,0.2486617129330508,9.5,703.415333823993,27.76197439888712,37.08818258145768,140.57120096664227,0.0,435.4739761796803,782.495915764335,1.0,435.4739761796803,185.46064266181503,1.3654818478292814,29.057355055555558,2.6700061666666666,752.6275093822353,753.1224832339558,753.5082064222386,753.7008541001527,754.8698703181597,755.0640258849869,757.890601316943,760.3739266754549,762.9308672733073,765.0513095513111,767.5757222216159,769.8008202124437,94.17742157156573,86.04425710019204,80.19604882778322,75.6406118850114,71.70751514705228,70.9842253368235,71.32238522740596,71.93614444793731,74.16810192659558,77.18858894187156,82.03445325407982,86.09532383146333,25.647092498549515,90.0,0.5335865819017522,1.9556657748672555
2021-08-30 11:00:00-07:00,701.6281283333334,241.10316666666668,0.2432782363946952,10.5,837.4377484042597,30.634192467132024,31.795976455919217,165.25950854630585,0.0,543.8737999627375,853.0325775098955,1.0,543.8737999627375,208.57086976033864,1.1183772506753564,31.75683972222222,2.75226572,842.4802675176888,842.4741879690159,843.3309452356008,843.3376415138505,844.163952841365,844.1602300514512,844.1566135803778,844.8012360633556,844.8014489454393,844.8060693925016,845.4218915235753,845.4216021879329,110.19536991498035,101.91210967310883,94.08531215609266,88.396066129852,84.38996808495604,82.40040165341837,82.16443590755586,83.53198014137571,86.48450392005009,90.79256812207585,96.83153370116534,102.97005184383053,8.963733228098238,90.00000147877934,0.6720953739338091,1.869355695376747
2021-08-30 12:00:00-07:00,750.8721333333334,268.24573333333336,0.2625235583775748,11.5,907.0955442611983,30.705376090369974,31.700078686682573,193.65345565331685,0.0,580.9451416601723,921.3125881151584,1.0,580.9451416601723,242.41602263893662,1.109395694144719,32.61917227777778,2.9117371800000003,910.0080803480421,910.0041577151474,910.8259176259353,910.8330251559986,911.7633144028492,911.4639546789465,911.4613578292351,912.4691032074509,912.0642570244108,912.0027597077948,913.0163121871035,912.5164528429538,124.91787500104914,114.61576844578337,106.5357815411046,100.45017599904726,95.70436771030398,93.52260934040066,93.44608297008402,95.25092301732808,99.18634901187457,104.3274616909851,110.99284587997427,118.22003082984021,8.294555370364902,269.99999730013064,0.6778689155172499,1.867603354846274
2021-08-30 13:00:00-07:00,297.50343183333337,326.4992166666667,0.2566639252590181,12.5,564.5837553330011,27.965676178460868,36.843635552287196,218.55144983937197,0.0,357.66847146334203,609.6337350055007,1.0,357.66847146334203,154.31793928048614,1.3550927711885739,32.24801194444444,2.086371181666667,596.1673178055994,594.4224782735749,592.8261409394627,590.9904537361614,589.2773068170593,587.2113549814707,585.3334208962622,584.601553142387,583.9697143507484,583.2157986436832,582.5320484981071,581.0976127813027,76.99147659885288,73.39740286482136,69.66300410340992,67.78570467357945,65.28097042496867,64.97327116280488,63.980433683112715,65.54281403355209,66.83133130542973,70.66228838709621,74.51557327980406,80.3808249075478,25.031006878931482,270.0,0.5384456658274622,1.9510639120330744
2021-08-30 14:00:00-07:00,57.20279861666667,266.8296833333333,0.2501461806496193,13.5,306.97197988172655,22.790595001311218,45.43209703773465,237.0620382660559,0.0,195.08385354009565,315.8592807008272,1.0,195.08385354009565,89.05674202444698,1.6764752375568088,31.12346588888889,2.2567157166666667,301.6425446298075,301.1206750924918,300.8023143478532,299.21358457191536,298.6848456666944,298.367686016692,295.8950134180535,294.71705317791134,292.2071651896248,290.9998429219155,288.3259158673318,285.6353163033667,50.895266218814555,50.23403602239199,49.70396080284498,49.07666634250155,48.15870582827252,47.69714081400203,47.474900979978166,46.789111469271326,47.434313587026644,47.7699656700973,48.26580541275146,50.007035873513345,40.431488987714864,270.0,0.42573083282760527,2.095960862554647
2021-08-30 15:00:00-07:00,40.7309738,190.532,0.2481368106648823,14.5,213.4208094267171,16.30727580148846,55.80917339488379,250.8415696308024,0.0,131.7805675364086,226.1271622744827,1.0,131.7805675364086,67.89237195657776,2.218183816148089,30.370597555555555,1.4111347033333332,213.751995798162,213.57458905780152,213.39328887912927,212.8626835641814,212.68349773415878,210.56174333734282,209.61606964504864,207.431391621895,205.17568800771608,204.17229567461555,201.8942427620296,199.57961434626262,41.8504300566931,41.697484262066624,41.56103749238787,41.30366582088272,41.24447942185376,41.251081409004634,40.609117282263576,40.183740284664246,39.666334895077284,39.59951761075425,39.51947662934402,39.68025887905653,50.0,270.0,0.366977778440511,2.214355247456318
2021-08-30 16:00:00-07:00,164.42576533333337,140.0838666666667,0.2753720122097455,15.5,204.27307132730652,18.337337406963957,67.02159857437344,261.93589082115574,0.0,90.96840082556274,326.7505241925725,1.0,90.96840082556274,67.15361783346455,2.857142857142857,30.603244555555555,0.8959023083333333,314.2927335514252,313.5192513175165,312.7416970858022,311.05784391858515,310.26487599860684,308.77142699803125,308.1037163298975,306.57607805847965,305.03347251679713,304.3144855586295,302.7382229519898,301.11151688799373,35.48872055385714,35.053649328458604,34.63952838062231,34.11121560902778,33.72067165955112,33.30119624786536,32.83561816717873,32.33264154173135,31.630560596845307,30.85136752041674,29.827667026805372,28.748960536431717,50.0,270.0,0.366977778440511,2.214355247456318
2021-08-30 17:00:00-07:00,83.59235771666667,84.08599833333332,0.2551982757819222,16.5,100.69900222207441,55.40139156279383,78.53681147670179,271.74573281444106,0.0,45.813005327970465,156.9278507268749,1.0,45.813005327970465,27.473139731919524,2.857142857142857,28.76564222222222,0.86027438,150.20426254715173,150.01997128577162,149.8047901073737,149.602975561934,149.3661337967468,149.38716907213538,149.1410700797462,148.9080391104196,148.63866164431863,148.39282499721116,147.80212428264426,147.52859462869085,11.937535581082463,11.588836283505,11.425504502302799,11.096729942732264,10.952320952023879,10.657807702219406,10.549432051191664,10.312092579800943,10.295199907677903,10.189353484007837,10.301122355879091,10.347811796489369,23.14786664557376,270.0,0.5534472867026757,1.937649451194865
2021-08-30 18:00:00-07:00,3.052910316666667,8.645183916666667,0.2309663806046004,17.5,8.766426447610034,83.48473776461788,87.72397092330628,279.31923101935246,0.0,5.540731719413293,8.979445067106438,1.0,5.540731719413293,0.012146063814595163,2.857142857142857,24.757780888888888,0.9716392681666668,8.33964984406633,8.33964984406633,8.337728126690703,8.337728126690703,8.337909124722948,8.337908965245635,8.337908816973492,8.337908757123422,8.335168532170634,8.33516855174469,8.33516855174469,8.33516855174469,1.1378881882347465,1.1141451373961813,1.0929474786668358,1.0751715578248957,1.0609058180262245,1.052534830910455,1.0495417720149391,1.052252548981852,1.0596224083032417,1.0737056450239606,1.09475552588726,1.118720875893651,4.296210217786811,270.0,0.712543615664084,1.8599527663928936
2021-08-31 05:00:00-07:00,35.087200700000004,10.487007866666666,0.2449627234215383,4.5,11.80907641720602,83.81980292474789,87.84061189947639,80.80746974486743,0.0,6.71984439286567,14.251101132954648,1.0,6.71984439286567,0.01324541896080505,2.857142857142857,21.36369433333333,2.971729523333333,11.676901494645975,11.676901494645975,11.676901494645975,11.680225554726071,11.680225491577541,11.680225522688872,11.67999314111357,11.67999314111357,11.67999314111357,11.682324273155409,11.682324273155409,11.682324273155409,1.4390282704294455,1.408229514307822,1.3830513450030206,1.3629745954281685,1.3520060640016123,1.3484624681939588,1.3536222487803728,1.3643907076133015,1.3814947853683812,1.405715828659127,1.4330461353647954,1.4636867895908487,4.073349366712025,90.00000698843849,0.7144832571430579,1.859668925700368
2021-08-31 06:00:00-07:00,318.4844166666666,68.02929666666667,0.2765145452845638,5.5,128.5224946805294,57.1331805989043,79.05066821928841,88.08651585527629,5.4400928206632635e-16,32.50170743171594,277.7730555942535,1.0,32.50170743171594,38.818846998383464,2.857142857142857,22.85466577777778,3.893868316666667,261.18828123029243,261.36803492136204,261.546720009796,261.7361733219058,261.89830139775506,262.5824592698548,263.2156954867166,263.8382116983415,264.4337247080405,264.4161665995621,264.9788332011656,265.4958302630837,8.092802598485198,8.058610888599297,7.9706712240269555,8.332037899941021,8.338452227038468,8.629504081700663,8.870724491821337,8.978609199491467,9.524276318374598,9.884048005437323,10.239869720387414,10.866915451028195,21.931436389711504,90.0,0.5632515995303145,1.9295113895394476
2021-08-31 07:00:00-07:00,520.8222,126.30131666666666,0.2797735592339668,6.5,325.1683345419028,18.78872652168025,67.55274094287758,97.90458224103118,0.0,87.83077785603822,698.0804822024171,1.0,87.83077785603822,100.55195976273461,2.857142857142857,25.611609833333333,3.5939150166666667,660.4843183254029,661.6780047795475,662.7968359395601,663.353600726553,664.442893983121,665.5751407671055,666.0596410868657,667.1466856577109,669.5522538745319,674.3061060035512,676.5978905803471,678.8989697705905,26.78057005535749,28.682875156744974,30.34467953562829,31.585627419429677,32.36777020984886,32.79451692644923,32.981509491028085,34.469095471287375,35.853513536885195,37.406978550434985,38.807393210005586,40.28999507846542,50.0,90.0,0.366977778440511,2.214355247456318
2021-08-31 08:00:00-07:00,554.72205,188.8223833333333,0.3323620332711184,7.5,496.1871120469683,16.420567234525738,56.35209128271364,108.97388220108691,0.0,226.04730359522637,804.9746650872377,1.0,226.04730359522637,171.21352882563136,2.252545107986552,29.323211833333332,1.3304352866666669,750.525060173361,751.7750434585381,752.9708753376545,753.2999433224588,754.7785138386936,756.1309132898375,756.3912692722731,757.4697667166545,760.7150460461409,767.5960712571876,770.864712539727,774.0767890676146,92.63130033001983,85.5552670593109,79.10665905184197,72.24798932943423,68.08474204952157,63.2071851623404,60.20826938699747,60.23472149927529,61.0723897166929,63.33634803758882,65.3882584429257,67.86835832185363,50.0,90.0,0.366977778440511,2.214355247456318
2021-08-31 09:00:00-07:00,610.1722666666667,241.41461666666663,0.3238493053182317,8.5,665.4522007921287,22.837493700094303,45.976980208219324,122.66717098664031,0.0,376.5418877635268,870.3196646887609,1.0,376.5418877635268,221.68000141294846,1.6933800828857613,30.816567944444444,1.72666564,821.2392805479997,820.4185493077846,821.545004050793,822.7036981210833,823.255514280711,824.5096378173222,824.8664307366989,828.060927246245,831.883498377438,834.9776874181069,838.4991873000567,841.5826636773203,114.66864100401568,104.4496547209766,95.2130642530564,88.27362597367416,81.72525306821954,78.95826907492227,79.69673935919333,80.36980931443154,79.75906886728978,82.19436008606928,85.54642731487563,91.54698314760385,41.056832841094426,90.0,0.42159634110215105,2.103084406298348
2021-08-31 10:00:00-07:00,649.3369333333334,271.9764833333333,0.256681593935154,9.5,788.064535417572,28.129971522947873,37.36434939927604,140.9756777212481,0.0,487.01012414129593,879.1145244290406,1.0,487.01012414129593,212.22924402446634,1.3659979099259942,31.7370885,2.122511513333333,847.5566639558518,848.0246986716347,848.3732658050675,848.4989743956262,849.6661318537631,849.8028176487995,852.7745186043397,855.3573318740725,858.0367036936499,860.2662042504384,862.9224419501318,865.2432224722249,108.54872043459598,98.89211000218029,91.82051985429003,86.34492462425052,81.66757985976022,80.5460467418555,80.74533315657004,81.33493521621874,83.78267729880186,87.20217489742483,92.60134244236578,97.20837251489316,25.677477627669454,90.0,0.5333475764354041,1.9558954385865832
2021-08-31 11:00:00-07:00,675.72205,283.55586666666665,0.2532605474709257,10.5,855.7571913794809,31.001025911037146,32.13471014769128,165.53635314711323,0.0,555.620403361515,870.6297123579018,1.0,555.620403361515,221.2802819954773,1.117740394873332,32.61380044444444,2.81399725,858.6531245715953,858.6468215833586,859.4782910586466,859.485203763597,860.2945045059954,860.2906602390477,860.2124728932126,860.9118876638612,860.9116731033557,860.9164479239739,861.5195908951994,861.5198582986868,117.30490649194591,108.71699792646451,100.61160659869064,94.72712050347758,90.59028013419874,88.16588926606283,88.29821734368838,89.74492592233939,92.82862757203917,97.3264851035841,103.58701985153938,109.97876066683824,8.916375397068185,90.0,0.6725036282768032,1.869227248662578
2021-08-31 12:00:00-07:00,693.7432833333334,283.39866666666666,0.2594784036359309,11.5,871.2823120301914,31.05749434439911,32.06913577353702,193.67193325084222,0.0,565.6619510141542,885.0504571108311,1.0,565.6619510141542,230.36596752858622,1.1111281010774443,32.59654827777778,3.2299944000000003,876.1595775133558,876.1568541454232,875.239138703435,875.237173396732,875.6158809838114,874.6432377764374,874.6456951688922,874.920565472376,874.0231503780001,874.1814244855456,873.2067873222785,873.2655619130135,114.15211128416783,107.17778953888555,101.33289301072757,96.5066192731492,93.05212196234109,91.69003049174549,92.08153316478997,94.4311096969515,99.31559670989023,105.58585247071261,113.13067959258981,122.08965501617153,8.423841225572588,270.0,0.6767526700395874,1.8679313961221704
2021-08-31 13:00:00-07:00,423.7718783333333,299.23948333333334,0.2581684866354666,12.5,636.7992948143208,28.291631213456466,37.197130338334304,218.37398655824057,0.0,395.67953618500115,702.9721350403805,1.0,395.67953618500115,175.9558888432959,1.3583965266764668,32.90541016666666,2.88429025,690.2462855019357,687.8368605926025,685.6232580032892,683.1407163916566,680.7688806803204,677.9884980789382,675.3859603419213,674.8489721112387,674.4102805744974,674.1310322917474,673.3971028299158,672.4263760542639,83.51837162000353,79.03677384424314,75.18237503099326,72.35136765929316,69.2863793253735,69.19369102804102,68.14753657887226,70.40772170302343,72.17762039302315,77.28510749752921,82.19981697516634,88.87371963168967,25.227830043652794,270.0,0.5368906303756873,1.95252272343296
2021-08-31 14:00:00-07:00,427.6527246666666,262.36045,0.2753302073204573,13.5,560.7373482923529,23.08576655321244,45.75656345979245,236.8148945332511,0.0,321.68013147712503,714.6924263060712,1.0,321.68013147712503,169.37018752991565,1.6829451032292184,32.966512,2.2836451666666666,692.1950990121079,688.6992330306582,684.910228202021,681.5992338199097,678.2573937606949,674.8815626345886,673.0203407478846,672.4307505058075,671.247546381563,669.7784233785628,669.2514842418659,667.99114247582,75.23134794699398,71.12137058257701,67.34812556843501,64.6051530302549,64.73187902980503,62.710562829838345,62.408169189550684,64.03462173650901,67.42998297700505,71.81856124786324,78.36739214596332,85.56831866743224,40.67265246470636,270.0,0.42413176569584854,2.0986973577917314
2021-08-31 15:00:00-07:00,266.86314838333334,238.0492,0.2619597259704777,14.5,386.84634747935013,16.633244128387574,56.11150193023814,250.58521694151702,0.0,200.00144410453245,550.1372301681192,1.0,200.00144410453245,120.13191761807803,2.233714666689339,32.42407733333333,1.604689211666667,528.5437523960404,526.2337661018064,523.8866797636689,518.8978110723224,516.5223061739059,514.5980200312105,513.8248817891953,511.75192270290535,509.5714157544363,508.7424780789087,506.6639582314573,504.5424730657668,60.23437450958506,58.25656749418102,56.47041919257584,54.5475420422225,53.329394058104036,52.5032500658949,53.243780482226114,54.85585576558952,56.13715571272246,58.78566788012727,61.27980513171026,64.17270250240844,50.0,270.0,0.366977778440511,2.214355247456318
2021-08-31 16:00:00-07:00,58.38862996666667,142.82335,0.253172197912871,15.5,165.3445054008156,18.68866100422288,67.31209316897514,261.6879546748732,0.0,90.66428362667493,207.9705003969201,1.0,90.66428362667493,52.58793445227332,2.857142857142857,31.574630222222225,1.3998991283333333,198.21694307517134,198.1498133152451,198.0845983117277,197.8421587264101,197.7757999579178,196.12856875312457,195.3816492488607,193.70093777525108,191.9858677892478,191.1892656936483,189.43255749505596,187.63907242896946,31.586670169010734,31.621355967432827,31.647625942119884,31.570981257346446,31.573244513496793,31.550142741462324,30.861475807958524,30.16963539420106,29.391201324668618,28.674784253792946,27.883830032651748,27.17313203449859,50.0,270.0,0.366977778440511,2.214355247456318
2021-08-31 17:00:00-07:00,26.7771529,74.99130666666666,0.2561415392194809,16.5,80.18104733957506,56.37538437544881,78.82465218579222,271.50912753958187,7.771561172376094e-17,43.95999164419015,102.23223184745598,1.0,43.95999164419015,21.130759824984363,2.857142857142857,30.183618888888887,1.2664904283333334,97.26624046130354,97.4823972195473,97.4802043948506,97.23918970038216,97.20927512289974,97.20254818475217,97.42033296721138,97.41241760429055,97.16535884456921,96.66915396972719,96.41701453027842,96.13402341901197,10.555953543379216,10.49670128829268,10.214936401423834,10.063267427773916,10.031255568948524,9.782880839741264,9.776727174610784,9.593659619774817,9.582390465454452,9.725559859542878,9.722371725324344,9.96920515954322,22.458212037426737,270.0,0.5589952446883496,1.9329844649863253
2021-08-31 18:00:00-07:00,0.7266831333333333,10.870980616666666,0.2527893754313257,17.5,10.898555185418278,83.77595484144628,87.82534404396836,278.93289248992534,0.0,6.966042314620523,10.9358590532923,1.0,6.966042314620523,0.01390601439524033,2.857142857142857,27.90702688888889,0.7444968616666666,10.312161715448433,10.312161715448433,10.312161715448433,10.309745231017038,10.309745231017038,10.309745231017038,10.309993827409404,10.309993788575207,10.309993857432158,10.306548089758593,10.306548089758593,10.306548089758593,1.565659695743957,1.5328931047288714,1.5036655108397023,1.4777777732616564,1.4594845266176264,1.4479652377562475,1.442485683357712,1.4462692081697168,1.457994493453895,1.4794745252697166,1.5064075733226858,1.539358358894527,4.0993287776676395,270.0,0.7142571203653015,1.859701236684959
2021-09-01 05:00:00-07:00,27.505136683333333,10.98201415,0.2529283413507361,4.5,11.935669651379891,84.31480730328103,88.01304790886516,81.13612966971027,0.0,7.035088020799361,13.69503066920687,1.0,7.035088020799361,0.011713474443528656,2.857142857142857,16.98548761111111,0.6942832623333334,11.577763500508489,11.581244462409082,11.580993233637669,11.580993233637669,11.580993233637669,11.580993233637669,11.583434399449164,11.583434399449164,11.583434399449164,11.583434399449164,11.583434399449164,11.583434399449164,1.5556270835053154,1.5223827275045545,1.4951511464999694,1.4749011657115703,1.462347310680373,1.4578048581621297,1.4615585457043025,1.4731992668183553,1.4917393209605092,1.5162492904072138,1.5470059705275638,1.582451639795877,3.7431074305406815,90.00000330665111,0.7173584558532404,1.8592760732569216
2021-09-01 06:00:00-07:00,178.23464766666666,73.29239333333334,0.2629651492197323,5.5,106.6342380346144,57.69151402483243,79.21832526917943,88.42355835266983,0.0,37.96692946779846,197.70300888564142,1.0,37.96692946779846,30.34627492566993,2.857142857142857,18.709815944444447,0.6108423553333332,185.29953273282266,185.76748782693537,185.96857167499832,186.18197369873744,186.36333569114288,186.78753644402593,187.16875383131875,187.40218398055612,187.76854700948786,187.8977279818538,188.24122042867322,188.45763019917564,8.873212674548014,8.851868030153053,8.75205328091763,8.823665802552513,8.959588956307012,9.142022925700626,9.370241370244393,9.60083460624088,9.891094093133145,10.13658541484311,10.465924509829815,10.718284020377594,21.53606365006097,90.0,0.5664566068558983,1.9269561601123102
2021-09-01 07:00:00-07:00,389.83780566666667,162.9743333333333,0.2719968624628093,6.5,310.7479477502704,19.05981424422807,67.72426161603559,98.2604779161988,0.0,105.94796181079779,598.7671889981063,1.0,105.94796181079779,96.04710283042706,2.857142857142857,21.29698527777778,1.0857810550000002,562.8631310548161,564.572468110608,566.2125804623621,566.9894023472572,568.5882283126612,570.199422528126,570.9011018397371,572.4652237461971,574.1170846294618,577.4344308910682,579.0044318119839,580.5842077256392,32.18852527549241,33.844088488941935,35.38502931176159,36.60827595202811,37.55144421325372,38.20850267033503,38.69575075800952,39.71275047996222,40.64100273553466,41.72239841650094,42.64096345955931,43.61080610075045,50.0,90.0,0.366977778440511,2.214355247456318
2021-09-01 08:00:00-07:00,105.0780915,298.6832,0.2609268766031806,7.5,356.61690303097043,16.791532363682986,56.541042726391495,109.35734502472434,0.0,205.5929883976575,426.072161540385,1.0,205.5929883976575,111.53846019309032,2.260344650954836,22.4767865,1.5249639633333334,385.3962822015445,388.55448101175546,391.65668942941045,392.99493539303126,396.10660170222076,399.11102435964574,400.36133600890037,403.24581800792964,403.68725635780936,404.86082029820784,405.31811623904025,405.7653319408783,64.88574649649395,63.66733732305016,62.859113474002406,61.968792016287296,62.051810526240786,61.906870424155585,62.3163781406354,62.10148685059315,62.07836788154249,62.516565916802364,62.75439611372576,63.07075323107215,50.0,90.0,0.366977778440511,2.214355247456318
2021-09-01 09:00:00-07:00,145.6263651666667,335.90405,0.2562285826323586,8.5,436.69681641679296,23.19943149517634,46.20083302492858,123.07845840529825,0.0,267.15098281719594,493.8167124238738,1.0,267.15098281719594,128.7125923778583,1.6958553251065407,23.008292333333333,1.8514878766666667,451.84371124717006,454.59179956370957,457.3630955944115,460.1178900288773,461.1563061439508,463.8516954853935,464.989818420026,466.4857214345875,469.31462535314364,471.0592027526674,472.4847101551831,473.93007557282067,68.12632922629064,65.4305774844723,63.429739967893774,61.22539421860115,60.066718272115885,60.279124230694585,61.2780919313848,62.14259411906913,63.249804004989656,64.65194269689614,66.32392855647346,68.30376784521367,41.147106501191644,90.0,0.42100271205156337,2.1041201894293984
2021-09-01 10:00:00-07:00,233.33886683333333,415.3862833333333,0.2540031328141535,9.5,600.1508525730756,28.50049503639124,37.64320036852475,141.37875840729095,0.0,379.6738093408382,634.4767365683949,1.0,379.6738093408382,160.30875469948194,1.3665053814076333,25.81769116666667,2.4243064,604.2187589063242,605.4254146384536,606.4482680754325,607.3277575811595,609.6742020112206,610.4731272471995,611.978532646664,613.1900420510883,614.5285877198312,614.737092458161,616.0813201068408,617.1790920000967,84.71581002496912,79.81227715687005,75.51473257019153,73.18428328727711,70.9280576713296,70.52623420391718,70.50001405341405,71.57340417598773,72.72286592719615,75.33413554839025,78.47289205852806,80.73989772168528,25.7073368110704,90.0,0.533112767347581,1.9561213739086882
2021-09-01 11:00:00-07:00,8.21914865,330.33886666666666,0.2566789616590636,10.5,337.27267643996396,31.37020936760532,32.47598847684521,165.8112534285294,0.0,217.6329868665221,334.024607876083,1.0,217.6329868665221,85.16182528606201,1.11708157648187,26.231005944444444,2.688823216666667,319.3031657829476,319.26554535168134,319.2221125211716,319.2232798991509,319.18455126815127,319.18382526118626,319.1531885577964,319.1190196650324,319.11915151168796,319.1200216646509,319.09208635108763,319.0922237103127,47.835403007433875,46.452137154248305,45.22585823433215,44.42468186441969,43.9490205917097,43.753315955306434,43.9577748411264,44.44568774407976,45.209583793990525,46.18783954396014,47.33231338149625,48.56370232910182,8.8673672553948,90.00000190909591,0.6729261650779564,1.8690950364977033
2021-09-01 12:00:00-07:00,123.26838566666667,368.70526666666666,0.2534842147338633,11.5,472.7373265753141,31.411587738432484,32.44064391803677,193.69169280791792,0.0,305.91026284006296,475.8657313503197,1.0,305.91026284006296,121.58815894150167,1.112898864462823,27.230265222222226,2.331079283333333,461.0657023467405,461.3093449612296,461.5274342911821,461.719876908008,461.93852279876245,461.8951683774849,462.02986941215704,462.24661647382356,462.24577025317916,462.3307203536356,462.5502797680693,462.51831870516173,65.62401162811031,62.45337084621688,59.62555843422285,57.21590859005791,55.74376902304206,55.0337685548398,55.02278647167666,55.94110237314165,57.2669228894826,59.23602561983867,61.54763866823294,64.2798913151513,8.555884269390056,269.9999977411273,0.6756130041837787,1.8682716322537163
2021-09-01 13:00:00-07:00,1.517387533333333,248.69553333333332,0.2535672878524008,12.5,249.89849499591313,28.619087869745115,37.553484492236294,218.19952380633057,0.0,164.19345598818566,238.22944744738044,1.0,164.19345598818566,65.16988128606505,1.3617713559275921,27.001855666666664,1.69947515,226.0653598373388,226.30569842570745,227.4342986588364,227.6042305588829,227.88452589714362,228.060574681462,228.34163317599874,227.5220696495908,226.52902136716986,225.6496624392094,223.52636402911963,222.55391879127703,37.6575025886182,37.27603492833525,37.31796862590581,36.25839444116072,36.37990501193055,35.52330016847548,35.34981388102175,35.23104415450016,35.43896039538504,35.75527023158566,36.86402429426939,37.23585702456797,25.428015211082176,270.0,0.5353116125828057,1.954017403380857
2021-09-01 14:00:00-07:00,0.6759962500000001,162.1589,0.2506338584993372,13.5,162.62777206819126,23.382038192139788,46.08411416977311,236.56984739940356,0.0,109.21539650833195,144.0870529752607,1.0,109.21539650833195,47.85365641592857,1.6895692197630947,27.06187438888889,1.4477033183333332,127.47830747499324,128.41248917871602,130.41505508584814,132.39137237399356,133.2632418090756,135.29690831894106,136.13956268535821,136.67777254091587,136.25990143216984,135.8627300165682,135.60364808018227,136.21248041027,28.7165468562653,28.84758088181026,28.690750247532883,29.291481699768244,29.99189597793166,30.752713824967536,30.732324793767457,29.94440379415043,30.77305858544927,30.594334908991698,30.39226050885759,30.243149379423443,40.91720838134469,269.9999987925817,0.42251610029188397,2.1014860688269854
2021-09-01 15:00:00-07:00,0.1768287333333333,83.01310166666667,0.2477869366044018,14.5,83.11091389411912,16.96275895252967,56.41684238953276,250.32979548011582,0.0,57.070553540562955,67.36678624675807,1.0,57.070553540562955,27.0752954216104,2.2496340659597225,26.65775122222222,1.5751291366666669,62.37849399309439,62.67528126007583,62.976068382364794,63.51248939785528,63.82250822775486,62.71426531543318,62.20949035889281,61.08129252545682,59.92185232395436,59.387405680320825,58.19947548411133,56.99382536331648,18.49760983905887,18.760403758595647,19.005676789467095,19.188640189175956,19.402042501983598,19.602193255068944,19.08339626448548,18.585156737740864,18.072177854041215,17.66401846740886,17.268190935873893,16.974566272324,50.0,270.0,0.366977778440511,2.214355247456318
2021-09-01 16:00:00-07:00,0.1399271666666666,87.14755166666667,0.2503545442619827,15.5,87.20086156329876,19.043238237318253,67.60540373928615,261.4401278847322,0.0,59.09518191726798,73.03873680298462,1.0,59.09518191726798,28.332341760211285,2.857142857142857,26.51582655555556,2.312949353333333,67.81555368780673,68.13836155222202,68.46578408368894,69.05331734212373,69.39084520994226,68.24696823212858,67.72661822522181,66.56226239779265,65.3659961375134,64.8148002101291,63.58910660983933,62.3448479829648,19.17249585269912,19.463523624006584,19.736270102692952,19.942735554186648,20.18133529068902,20.404998712426362,19.86986966469347,19.354666738165292,18.821941003803005,18.395242835163312,17.978716650009915,17.666742917901132,50.0,270.0,0.366977778440511,2.214355247456318
2021-09-01 17:00:00-07:00,0.184417,40.955133333333336,0.2397449756441684,16.5,40.989958028194565,57.34811937221911,79.11509777174352,271.27207478930376,2.331468351712828e-16,26.94797147983538,38.746158796042224,1.0,26.94797147983538,9.739328895997662,2.857142857142857,24.81110055555556,3.421362633333333,36.70887506878056,36.779069253507,36.99986547655438,36.84143917673586,36.917046027523796,36.98582373201305,37.070964224991606,37.14364960156945,37.00703845634175,36.8496673312146,36.69946335572996,36.53135702367807,5.717981923283893,5.724372683237401,5.58449302277143,5.600228856718729,5.470127422164601,5.494783436361118,5.387170090966278,5.452457147386086,5.390540827102125,5.51851867056184,5.566481989938134,5.606736936655646,21.77308694144206,270.0,0.5645341675714132,1.9284826932474282
2021-09-01 18:00:00-07:00,0.07179565,2.2980786166666665,0.2050796261398358,17.5,2.300673341122227,84.07316950749406,87.92885582419775,278.545493155464,0.0,1.4723403922666172,2.30283242501627,1.0,1.4723403922666172,0.0026596834863440435,2.857142857142857,24.050900666666667,3.857403283333333,2.1742719359005864,2.1742719359005864,2.1750003563888427,2.1750003563888427,2.174957724646084,2.174957724646084,2.174957724646084,2.1754685590772285,2.1754685590772285,2.1754685590772285,2.1754685590772285,2.1754685590772285,0.2640209391983412,0.25837558716677517,0.25375567090957524,0.25032454744425914,0.24820254804374536,0.24739554149429033,0.24809047594729308,0.2500658702674897,0.25350217516145757,0.2576505783889677,0.26299631890851133,0.2686299887377675,3.8991461373484215,269.9999934420402,0.7159997887732011,1.859457564805573
2021-09-02 05:00:00-07:00,50.38091538333333,8.71320745,0.2543820442719254,4.5,10.47504123128278,84.26572223743818,87.9959430042063,81.62633232477327,0.0,5.581813102208755,13.737587923244604,1.0,5.581813102208755,0.009430360222503221,2.857142857142857,14.985455833333331,0.7164017825,10.468134243115998,10.47089606282877,10.47089606282877,10.470695586044803,10.470695586044803,10.470695586044803,10.472632424209904,10.472632424209904,10.472632424209904,10.472632424209904,10.472632424209904,10.472632424209904,1.241351525657908,1.2148195988749968,1.1930900762269,1.1769350203248055,1.166924067863206,1.163305775526685,1.166304422455181,1.1755937285282385,1.1903853491446723,1.2110498762058217,1.2344598525435646,1.2627298846643644,3.7705670803800775,90.0000017075473,0.7171193401445293,1.8593074755142665
2021-09-02 06:00:00-07:00,282.27870199999995,45.200705,0.2499476610414674,5.5,97.19050676793572,58.249209968015286,79.38673142377772,88.76275948427623,7.77156117237609e-16,20.693142466337285,221.37376032385362,1.0,20.693142466337285,26.925224127289432,2.857142857142857,16.425066944444445,1.3847869283333334,207.62045233034536,207.7329990211719,207.8551179263158,207.9603780754197,208.07116851740753,208.6007393790686,209.11525596672166,209.59439668877394,210.06069052185924,210.0610747462085,210.4920688378962,210.90703065853734,4.789572643603436,4.707043594949575,4.72947353844895,4.931044677526406,4.935118471745935,5.27476501732635,5.317914112002589,5.715907890213457,5.782568769129256,6.2130836493065225,6.288802611700224,6.752120341496734,21.14309027797919,90.0,0.5696508249884334,1.924460327934451
2021-09-02 07:00:00-07:00,658.5826483333333,106.52136833333334,0.2750679794507248,6.5,354.3283620353429,19.335356687255278,67.89697439504225,98.6181776037198,0.0,79.35486781761134,811.4931040468156,1.0,79.35486781761134,106.72891096492276,2.857142857142857,20.91782255555556,1.1286420983333334,771.1327930769713,772.0850552610664,772.963562349431,773.4238984721997,774.2758499625193,775.1863361424657,775.5743680903154,776.4379875096653,779.4298455825826,785.269774088171,788.1042162287481,790.94768325285,23.306784438402637,25.279875574571875,26.98800390304226,28.285063495868894,29.058402988471556,29.4628326429826,29.584367299660464,31.556877544963367,33.39984513567701,35.39734539085556,37.261906049353335,39.203158158726396,50.0,90.0,0.366977778440511,2.214355247456318
2021-09-02 08:00:00-07:00,98.43837016666666,327.60501666666664,0.2583946217053661,7.5,381.6043635200227,17.164923860473635,56.731724881982586,109.74206414324031,0.0,219.14120502609111,459.68133324222913,1.0,219.14120502609111,118.55913566586922,2.2682272052703984,21.141694277777777,1.7020635966666666,416.15079305958244,419.4907848426842,422.77126068969005,424.1868728896788,427.4792068745095,430.65778915659996,431.9801661791972,435.02964565109335,435.576192887007,436.97388492794096,437.5350946461697,438.08445570294566,68.75141543439938,67.4194383054367,66.52136311160784,65.53474808821892,65.58962525083417,65.40091567573036,65.80892525338392,65.63015277666831,65.66070619055549,66.18655039974992,66.50367003746611,66.90805572328634,50.0,90.0,0.366977778440511,2.214355247456318
2021-09-02 09:00:00-07:00,220.60131683333333,367.59931666666665,0.256273016294974,8.5,519.6550491388753,23.563814133369963,46.42698141151425,123.48992944361375,0.0,314.1071803958762,599.7585729993441,1.0,314.1071803958762,149.0141376021246,1.6983462988928753,21.823875611111117,1.8704219983333332,554.4594698349031,557.3307883862242,560.2478689076029,561.524484965578,564.2072173993502,565.5128493747475,568.259353878583,569.721687864898,572.6190711915824,574.3900070470006,575.7909152266045,577.2306384673427,79.6640884949645,75.96522396121843,73.10859809407656,70.17495651772491,68.38924300374444,68.34383152307272,68.71047740651677,69.48620113007154,70.53340964578544,72.27154730076522,73.99552400874097,76.11885974233445,41.23762546588364,90.0,0.42040828995212465,2.1051606640884812
2021-09-02 10:00:00-07:00,39.82231583333333,416.09541666666667,0.2543170085828316,9.5,447.50802593021945,28.87343890216981,37.92469501887111,141.78026048564013,0.0,288.2860136387259,453.154585978498,1.0,288.2860136387259,120.47844700804458,1.3670050072998876,22.21395161111111,1.8905067766666663,424.80582841942055,427.6729193630513,428.87992294183005,429.99457239025617,432.6021832026984,433.6047392849956,434.39944083896364,434.97109703330455,434.52941018725335,435.0657815079945,435.77351145854766,436.2974671306991,64.94525207244465,62.68044070444312,60.14061161670409,59.162739745671466,58.52405721134082,58.55231915555273,58.48999808326769,59.67240979143586,60.18027001593086,62.16475150990516,64.04160448575074,64.97208357589811,25.73671412086174,90.00000120741828,0.532881805142248,1.9563439018554718
2021-09-02 11:00:00-07:00,4.2024601666666666,390.5993833333333,0.2541824479603184,10.5,394.1310465910313,31.74164499693065,32.8197370024779,166.08407670225287,0.0,254.35151012824397,390.6875893860644,1.0,254.35151012824397,98.68076346152563,1.1164013172851845,23.52991322222222,1.2583202933333333,373.76068785737476,373.7171149201617,373.6849039070465,373.6863138420476,373.6574886662107,373.65664152691636,374.1399900131591,373.59541233575845,373.59546170601016,373.5964840895103,373.5759952977065,373.5762457091002,55.32668176024375,53.658670407538224,52.1738633053244,51.19547837232499,50.60553425501876,50.39576277273264,50.58554714685994,51.153479119851795,52.052397662620436,53.21250391410218,54.57792116742959,56.05448227791891,8.816749965132281,90.00000147877934,0.6733626347776503,1.8689592421162242
2021-09-02 12:00:00-07:00,123.4439135,438.60355,0.2504127526781135,11.5,542.3494520114841,31.76756560595873,32.81450225891588,193.71260157584035,0.0,351.00508880710106,545.8424189353192,1.0,351.00508880710106,137.63760319701538,1.1147074836120512,25.194806888888888,1.30976506,530.7084472942963,530.7072372915183,530.4991699724737,530.3823397429463,530.3831885152174,530.1783547002761,530.0093003529911,530.0584397422222,529.6240041751063,529.6209587171095,529.4142679613173,529.1872882211062,72.99452293237223,69.64469896259888,67.02085808249736,64.83530747244221,63.27498581660603,62.24422207928825,62.257954653885996,63.063562730632604,64.74104437647489,67.48926706424453,70.7161252062307,74.49251029810999,8.690645010922003,270.0,0.6744502892321991,1.8686242863453195
2021-09-02 13:00:00-07:00,436.2746994833333,261.30025,0.2501241497603202,12.5,605.4988307690707,28.947962583170327,37.91257803835973,218.02798276340096,0.0,375.6086672793219,672.9100742631213,1.0,375.6086672793219,162.87804517111226,1.365217382476771,27.237181666666668,1.741247193333333,661.2495386934446,659.0342219817242,656.5460273430016,654.4133766385298,651.8826461517828,649.4040342597391,646.6155300725809,646.3902192019426,645.7923935727918,645.0268273832935,644.6301307255927,644.132160988918,76.81382288480391,73.1642638551744,68.73104515433239,66.34638513935137,63.94385732423698,63.31120102186905,62.79816466603896,63.12323455435661,66.42153676742305,70.19741205957918,74.94043979945572,81.78161006956459,25.631513086347095,270.0,0.5337091511361624,1.9555481173672515
2021-09-02 14:00:00-07:00,75.84504125,176.153305,0.2500902341488421,13.5,228.4435028367597,23.679340832784106,46.414628538025816,236.32689209005895,0.0,141.80069285148997,252.71740773336745,1.0,141.80069285148997,69.17960916508433,1.696349504397665,23.18186572222222,1.2047510683333331,241.73846003505554,240.69538904011063,239.65353818228832,238.44055665972655,236.56790075271408,235.4662097504442,234.78037577583981,233.18135217605902,231.63211324754963,230.88929386215375,229.233665538574,227.57599973986873,38.56407116149964,37.28223505130417,36.139579672775206,34.97602265694805,34.4273529159516,33.657137976681305,32.81618347499324,32.53620131523783,32.897306383652946,33.85784221707326,34.618940431265116,35.72920052855249,41.16509052836632,270.0,0.42088454869924885,2.1043267581781686
2021-09-02 15:00:00-07:00,198.1971501333333,234.8975166666667,0.2617776325701061,14.5,343.63975483951356,17.295703684983145,56.725079143033,250.07533017240416,0.0,185.45226323744734,456.7098251765002,1.0,185.45226323744734,106.55313846741291,2.2659492996401984,25.286932,1.0484695216666666,437.39790174746497,436.14785179335723,434.8753205867997,432.08086767869776,430.8050052420459,428.62341485652416,427.7074156929184,425.3974606748177,422.9930719946957,422.0048259651625,419.65189566027425,417.2511770804178,56.15727574370915,55.1336830331657,54.241070020676105,53.187553698081764,52.686376545769235,52.456159962140774,52.65310724841564,53.533651228913556,54.14465526202457,55.85667196980161,57.44771184451823,59.41933657081463,50.0,270.0,0.366977778440511,2.214355247456318
2021-09-02 16:00:00-07:00,0.6790512999999999,112.03015333333332,0.2565892183180615,15.5,112.28561334269517,19.400919733756663,67.9014175072587,261.1924397083437,0.0,74.12004827078466,100.35013941625378,1.0,74.12004827078466,36.75266921245753,2.857142857142857,23.729441777777776,1.3626578066666668,93.58199752502655,93.96850620684928,94.36111372713538,95.05937017693556,95.4632944862307,94.03894614997783,93.39305423108962,91.94348763129942,90.4548737942291,89.77002907901941,88.24485796589379,86.69600726732604,24.397768611981004,24.754862343020203,25.089289169330247,25.336860458802253,25.627783712061817,25.898002751420893,25.232136817007056,24.58915096636423,23.918556542276956,23.37762213534266,22.844042332758182,22.44014860674521,50.0,270.0,0.366977778440511,2.214355247456318
2021-09-02 17:00:00-07:00,23.10333423333333,64.67393333333334,0.2586347303105973,16.5,68.92063801506313,58.31954201026755,79.40803538829927,271.03459832011987,0.0,38.64370339294016,85.37101479895688,1.0,38.64370339294016,18.2097365382637,2.857142857142857,22.77952527777778,1.7547095283333334,80.2204846331925,80.42982437570178,80.6578717367583,80.85378192331264,81.06058873188955,81.06354167096731,81.08351674838225,81.08172900957481,81.1014353111489,81.10224974123663,81.10109023413465,81.11618463248732,8.728061945692808,8.567918155921397,8.560360491760804,8.449630409238283,8.4569514120504,8.515022556332836,8.597639892636401,8.721073190009376,8.84923219076714,8.988060881353926,9.133174090618644,9.2878790398705,21.092375582314315,269.99999914622634,0.5700636721530475,1.924141425373422
2021-09-02 18:00:00-07:00,0.15257655,7.77683635,0.2517205785477476,17.5,7.782069623480788,84.37609681631737,88.03440760494895,278.1570656631406,0.0,4.981658118718492,7.7837018385493355,1.0,4.981658118718492,0.008086700184780042,2.857142857142857,21.68824677777777,1.4637913283333333,7.357079344987865,7.357079344987865,7.357079344987865,7.357079344987865,7.357079344987865,7.357079344987865,7.355350650528004,7.355350650528004,7.355350650528004,7.355350650528004,7.355527700141753,7.353062681369082,1.1152621074157605,1.0902600927951451,1.068561396564506,1.051274792504688,1.0382042328743788,1.0300011485885998,1.0273617096498497,1.0305729863206168,1.0394304302412631,1.0537075608556377,1.0728997276027643,1.0963230995978703,3.6958359362243978,270.0,0.7177701085273632,1.8592225515158756
2021-09-03 05:00:00-07:00,1.680441766666667,6.4568778,0.2605404674451493,4.5,6.510565411148818,84.76266721049343,88.16917364967715,81.95984863557152,0.0,4.135296130161401,6.604452460931271,1.0,4.135296130161401,0.0058184991658178755,2.857142857142857,16.76432377777778,1.1195826616666666,6.165307668437219,6.165307668437219,6.165307668437219,6.165307668437219,6.166742952449702,6.166742952449702,6.166742952449702,6.166742952449702,6.166742952449702,6.166742952449702,6.166742952449702,6.167654595677543,0.9437590442723166,0.9218859945707095,0.9053911304190546,0.893097998236493,0.8854409888811747,0.8826337700424619,0.8846830650153433,0.8913741226185754,0.9031586255423267,0.9180715058350618,0.9359514386343285,0.956055936908105,3.4404297414841167,90.0,0.7199946255883035,1.8589451262169372
2021-09-03 06:00:00-07:00,17.675388366666667,43.795548333333336,0.2675679307024862,5.5,46.999679661353426,58.80631905779355,79.5558828451856,89.10400406576099,0.0,27.70835575193671,54.25511792450875,1.0,27.70835575193671,12.795662740237328,2.857142857142857,18.16225488888889,1.3959143066666668,50.83448274310602,51.16441522612935,51.30504370368064,51.45535111042196,51.582009504537695,51.59042990875081,51.440143905649606,51.44549757539292,51.452393136197855,51.582443774071606,51.44589458331704,51.450728871005296,6.458295486841172,6.338858150535973,6.221506882240272,6.2458949375949775,6.251777435515348,6.230275002325941,6.3587593303633865,6.384337733921025,6.53856940696011,6.577358783734228,6.742655613242726,6.787176145062517,20.752417084225577,90.00000147877934,0.5728347563153136,1.9220225944383307
2021-09-03 07:00:00-07:00,274.82404798333334,130.29287666666667,0.2676595596064177,6.5,232.92846944789125,19.615252114199155,68.07088071652628,98.97755180642066,0.0,82.24641380936833,441.14479028347944,1.0,82.24641380936833,73.67712019427893,2.857142857142857,19.6443815,1.1504338183333334,412.12006569967957,413.50678319352784,414.85298253963015,415.48483388510607,416.7890583113117,418.0950936786259,418.67044752064623,419.9411227405199,421.45238214806926,424.44399009622487,425.8526693384304,427.274620385827,24.429547947541348,25.550680003175856,26.647419832569955,27.59947473461473,28.414053000521417,29.051623220842217,29.582262751160716,30.695071130694533,31.72719734326452,32.85605145493687,33.86595178997179,34.89540153015906,50.0,90.0,0.366977778440511,2.214355247456318
2021-09-03 08:00:00-07:00,748.0831166666667,167.34631666666667,0.2702170170532795,7.5,575.6119329923063,17.540634027201598,56.92413713940936,110.12788748904121,0.0,251.98441211147437,968.1730867687695,1.0,251.98441211147437,164.70370182528032,2.2761955991138367,22.358047666666668,1.948873285,912.5096841331668,913.5946189346804,914.6125033435388,914.8949899934842,916.1985003399789,917.3951622113752,917.5920032459302,918.4843420414844,922.3718557729367,930.5194418029906,934.4303158972394,938.2741922994334,88.64890125175137,81.67120541078788,75.16898018683636,68.11363439197412,63.63989513187624,58.37915637330233,55.07137349950891,55.333760986844,56.48431186010949,59.088065255690076,61.515574668185096,64.43726772552344,50.0,90.0,0.366977778440511,2.214355247456318
2021-09-03 09:00:00-07:00,830.3264166666667,121.58113333333334,0.2558703545123209,8.5,691.5043311139259,23.930529269148888,46.65541079911238,123.90140592044236,0.0,374.40743225466264,936.612770291088,1.0,374.40743225466264,179.62461069658082,1.7008541933465522,22.68750727777778,2.202192826666667,897.7246805815118,897.6810903155576,897.9196395750101,897.8670124455223,897.8190337721926,897.9343814531388,898.2992692908072,901.3058776884867,904.3130592345727,907.813058429479,910.6394902172048,913.5590877369458,91.54125493675687,81.84996027059799,73.39207927483386,65.32747957486538,59.98189092528345,56.91571989605756,56.50601696751133,55.228970616344476,56.63657628712299,59.45711410678537,62.66862833007375,66.76666716065601,41.32842796477264,90.0,0.4198128324447852,2.106206283571255
2021-09-03 10:00:00-07:00,586.560185,227.16563333333332,0.2495430071586782,9.5,688.0623495182085,29.248698101343493,38.208789122076865,142.18000799237257,0.0,424.4860145006342,772.8194795769668,1.0,424.4860145006342,182.64933771680253,1.3674974799189556,24.21001838888889,2.1592272316666667,743.2329030673083,744.0353307423092,744.2784647207291,744.3356011298441,744.8344152604079,745.2970194962493,748.3181458827738,750.9793723225489,753.6606020838443,756.1568111890184,758.8553377695007,761.2451751167582,91.96691258419958,83.57714648286226,76.22130350988068,72.17875607406776,68.88580612227511,68.19363162382551,68.61491589817602,68.68951661782687,71.50850896762674,74.48193805866653,79.45311561226731,83.4799328945441,25.765653335742943,90.0,0.532654343014301,1.9565633428534084
2021-09-03 11:00:00-07:00,0.22419855,87.23278499999999,0.2465827813443911,10.5,87.4204594214568,32.11523237815215,33.1658786535467,166.35469856764007,0.0,56.33426345387349,86.15136538761622,1.0,56.33426345387349,21.05091956286575,1.1157002187947505,21.743621666666662,2.2584742016666666,81.81191529230321,81.8025855913458,81.77288536093637,81.77310514323125,81.74686795673487,81.74673467984906,81.88654994499487,81.71624038464229,81.7162670894795,81.86719957931558,81.69714865450017,81.69719124996134,11.958612390717231,11.7127060722256,11.5233288865353,11.379426716218957,11.317478084510341,11.31108729990582,11.364429940371027,11.481745551028052,11.649710456097171,11.854174615339367,12.083193982200903,12.318106430167717,8.76456442781951,90.00000241483653,0.6738126899900815,1.8688200479485078
2021-09-03 12:00:00-07:00,55.1991211,303.53315000000003,0.2549701302831266,11.5,349.72675814758446,32.125333719556885,33.190608807831616,193.734533149326,0.0,226.0137279826877,349.3775762527355,1.0,226.0137279826877,89.19171315351875,1.1165536067189783,21.91629088888889,1.68427643,336.73496435864524,336.7346816556784,336.63002406672797,336.6288734136184,336.6289275417231,336.5080882916672,336.5398201930989,336.5407628038991,336.4005408082101,336.39892628355193,336.2391700362118,336.2781532987427,48.99992680319331,47.2943046712241,45.800595639445284,44.57864688982308,43.671020607585746,43.14475023919466,42.93682254910226,43.335795962696274,44.13298170742976,45.36174991147805,47.147648258726626,49.104998176601406,8.828084087130486,270.0,0.6732648961497483,1.8689895819125595
2021-09-03 13:00:00-07:00,535.20025185,206.08513333333332,0.2494934242845128,12.5,626.2464439267379,29.278170662825204,38.27429046955741,217.8592857316637,0.0,386.08907128294277,706.0359559914089,1.0,386.08907128294277,167.36760485059327,1.3687347470174818,24.620242722222223,3.0685543466666667,695.6399931835308,693.2728256882933,690.6114967396146,688.1318819096329,685.3283307775314,682.5852780530487,679.4965263774693,679.4448876597819,679.2531525277535,678.9848568517168,678.7890819142741,678.1064980727319,76.56074243550994,72.74972665839002,68.05761999347862,65.94977318700975,62.603965386832414,62.07967284955717,61.49537577488487,61.910530141107806,65.56561335072553,69.15863248454485,75.90289205584969,83.61207799136785,25.838274124202623,270.0,0.5320837881505145,1.9571150250994918
2021-09-03 14:00:00-07:00,18.74600425,282.20608333333337,0.2540490287279159,13.5,295.0510067164153,23.977599581421593,46.74798520299813,236.0860225937715,0.0,193.29150178066348,278.23327610317887,1.0,193.29150178066348,86.28276944245621,1.7032880171767872,25.18120788888889,1.389591985,263.5778126075873,264.05927031750036,264.56972024127,263.55302762696556,265.77570825006575,264.49302310410155,261.56329290246583,260.14682981228304,257.1161368475951,255.65656118471802,252.488415970075,249.24996290773646,52.51297441068344,52.72794176159346,52.94561349849251,53.034439432409776,53.293778255575226,51.981372188038605,52.20882158565753,51.040012058202784,51.24621553007556,50.818896035075454,50.545853341956494,50.693603638703664,41.41623215900419,270.0,0.41923782564354856,2.107219170318678
2021-09-03 15:00:00-07:00,14.142685766666666,215.6877,0.2548520949004967,14.5,223.382884861108,17.631959658690494,57.036095737807976,249.8218449972254,0.0,144.78942053965608,210.81322402379206,1.0,144.78942053965608,71.41475595991447,2.282667934804261,25.01033383333333,1.358583815,197.70155158692006,198.25652786262344,198.81825680815874,199.77448197039132,200.36251878199593,197.79479023081674,196.64100876735174,194.01195264585905,191.30541952092767,190.0794085007654,187.32462774531885,184.52595477625704,45.85945860648065,46.38651500831563,46.89925496355809,47.252777511989336,47.760596120633735,48.28633652222046,47.29113371666033,46.45607705871449,45.53923471576833,45.01486347619692,44.48523550320722,44.22064774695131,50.0,270.0,0.366977778440511,2.214355247456318
2021-09-03 16:00:00-07:00,554.6035448333333,106.21802166666666,0.2836290030769211,15.5,312.17975147582956,19.761557703275603,68.2000209430468,260.9449191494092,0.0,74.4786168637532,710.0274619148014,1.0,74.4786168637532,99.2998437491232,2.857142857142857,25.398208944444445,1.3953180183333334,691.05699524785,688.2386561373229,685.4447567021429,679.6352911141491,676.6464305031302,675.7845963835414,675.3946132948206,674.4921087151472,673.6375401455389,673.181577319616,672.286886072774,671.3397120204139,38.393425346711325,36.35554615315683,34.37538705988493,32.25703917580588,30.27059252751785,28.144361458717267,27.868826291433226,27.357976799091507,26.533908287979795,25.29216553581301,23.75890759482637,22.02904572024669,50.0,270.0,0.366977778440511,2.214355247456318
2021-09-03 17:00:00-07:00,255.1730773833333,45.57017833333334,0.2277074155000971,16.5,91.18100381153097,59.28959610108118,79.70335154089021,270.7967221992445,0.0,20.974504338917033,203.12529151317256,1.0,20.974504338917033,23.397314520020128,2.857142857142857,22.928907555555558,1.457854985,192.8029453009578,192.384687935649,191.97201727973146,191.960290868992,191.54229896350432,191.08079186021453,190.60300901784808,190.51782799423387,189.99342424619755,189.87940539661602,189.7713340648997,189.64910931740837,6.222835585626185,5.95832016173765,5.721540884656929,5.464410580060347,5.2582400968459115,5.0105451364052,4.8524217862283345,4.636697607745073,4.531660824729716,4.553418001442154,4.4097954573808575,4.4054829570461695,20.415966143820533,270.0,0.5755833907745642,1.9199580377474477
2021-09-03 18:00:00-07:00,5.4466903,6.896552150000001,0.2193733864440042,17.5,7.073157116575931,84.68445254749234,88.14190039595701,277.7676441339978,0.0,4.417051325613854,7.394744314293521,1.0,4.417051325613854,0.006393445346633376,2.857142857142857,21.098662666666662,1.263149028333333,6.729168830886528,6.729168830886528,6.729168830886528,6.729168830886528,6.73070184906478,6.73070184906478,6.73070184906478,6.73070184906478,6.73070184906478,6.73070184906478,6.73070184906478,6.73070184906478,0.84731060609918,0.8292280792334285,0.8143940934861941,0.8033425512503537,0.7964638224146402,0.7939476551185242,0.7957972935119356,0.8018164271109985,0.81243334829016,0.8258350063885197,0.841898822614159,0.8599623475111563,3.489569267396037,269.9999925569739,0.7195665862710023,1.8589969613364383
2021-09-04 05:00:00-07:00,40.62636588333333,7.442568666666667,0.2593480186668109,4.5,8.61741663683898,85.2605967208376,88.34286886268606,82.29556354494905,0.0,4.765420637289898,10.79379506783259,1.0,4.765420637289898,0.005482114735793547,2.857142857142857,12.073273166666668,0.5122786456666666,8.328616197124303,8.330270588015683,8.330270588015683,8.330270588015683,8.330270588015683,8.330270588015683,8.330270588015683,8.330270588015683,8.331227476316137,8.331227476316137,8.331227476316137,8.331227476316137,1.0821668931094461,1.0588657820691094,1.0396037232156026,1.0250867077804973,1.0157219464434517,1.012430320164208,1.014720252952286,1.0223783928541241,1.0349474007673,1.0518158307557222,1.0722026864079797,1.0970157701129182,3.11042170006506,90.0,0.7228697805502153,1.8586160398913494
2021-09-04 06:00:00-07:00,407.6941833333333,53.46485166666666,0.2772686734345074,5.5,126.18102606720295,59.36288456525572,79.72577387443644,89.44717674837545,3.108624468950437e-16,24.700900077115016,294.10672409391634,1.0,24.700900077115016,38.609905146650156,2.857142857142857,14.498441388888889,0.657416684,274.36419570716913,274.5079051586598,274.6324680974825,274.7668987457065,275.54249915078685,275.6356424143792,276.3422830923735,277.0244936638299,277.6752725450678,277.6599258984271,278.2699294694016,278.92119085902,6.256417514533114,6.252186779791113,6.47958127942183,6.446482855600322,6.587994033062363,6.918362393870882,7.135306933902254,7.5113492798853345,7.798282722152853,8.18785174135148,8.519389644672932,8.91927058283264,20.36395008602259,90.0,0.5760088749018474,1.9196417352510933
2021-09-04 07:00:00-07:00,626.7246666666666,96.12747833333331,0.2825953100985684,6.5,328.40581022241355,19.899393511732082,68.24597960945577,99.33847124152226,0.0,68.90564664669488,766.9656482962561,1.0,68.90564664669488,101.04854846968203,2.857142857142857,17.71558622222222,1.09485781,728.8628991730769,729.6878304504465,730.4638435032663,730.8718516313546,731.6053106644472,732.3933562375157,732.7351037493817,733.4828262719662,736.3971909322604,742.003483190744,744.7028287347158,747.4345201705239,19.898060523855886,21.59427552429545,23.09950514308077,24.340715626381627,25.164698640333416,25.68904608543661,25.975377801527053,28.067405572462018,30.002537014202332,32.06074777615778,33.96728908966501,35.923009478420035,50.0,90.0,0.366977778440511,2.214355247456318
2021-09-04 08:00:00-07:00,745.36165,124.52546666666667,0.2735933931723567,7.5,529.1872307739247,17.918554535669927,57.118275781736,110.5146640676727,0.0,224.31654681706934,916.7177725513559,1.0,224.31654681706934,149.33766440063812,2.284252674455704,20.40938461111111,1.32312476,868.0080128706092,868.6323686244207,869.1972722513852,869.2803104984658,870.1362502906275,870.8988277496403,870.9085767587944,871.3789300291978,874.9387643039121,882.4070427512495,886.0017395897205,889.5345052037227,80.64129080929806,73.67900466966748,67.14417192213465,60.06197134493171,55.475188399069566,50.121822201308824,46.679057822629346,46.696876285715405,47.586490408294004,49.88520581944178,52.02992032820649,54.661088376849314,50.0,90.0,0.366977778440511,2.214355247456318
2021-09-04 09:00:00-07:00,788.92585,153.43378333333334,0.2626371160830694,8.5,692.6258303780378,24.299463663934837,46.88610283188144,124.31271284968268,0.0,376.355066933374,937.8979958254104,1.0,376.355066933374,187.12898567336202,1.7033801936293393,23.035875444444446,1.9999906333333333,895.2473773016386,895.3112736450942,895.6492652158062,895.6454341999212,895.7035511358674,895.8701615999848,896.326522763462,896.118973271887,903.5764803651153,907.0880114206348,910.2932530568233,913.5965201731552,94.54761695385996,84.73123948242947,76.18144357358928,68.25248593711652,62.64143159916115,59.58621973024874,59.44706872857483,58.20972029638657,59.93515287020773,63.1073447109359,66.69606621517248,71.16919527353986,41.41955146837273,90.0,0.4192161035801217,2.107257495586084
2021-09-04 10:00:00-07:00,802.1393166666666,175.06873333333334,0.256946648749382,9.5,802.8692917848468,29.626163472305507,38.49543460324272,142.57783190153913,0.0,492.906750927435,906.803408256138,1.0,492.906750927435,213.57258583822994,1.3679835581683724,24.57442133333333,2.565586,879.0415596657739,879.5133360347658,879.5820304867893,879.4234499337607,879.8071958258978,879.9472145391827,882.7784112788387,885.2070481845554,887.8027456565827,890.059257836317,892.5941324668278,894.7908151926351,109.64927627269662,98.90307113648926,89.55476113692292,83.75921920608168,79.49489899206529,77.88726125471227,77.86433615550168,77.62698661898078,80.66259718731811,84.05934588004148,89.49985593510286,94.08464522136403,25.794197625066875,90.0,0.5324300393168961,1.9567800142659366
2021-09-04 11:00:00-07:00,845.1455166666667,169.06558333333334,0.247079771606735,10.5,873.7037287647329,32.49087129331603,33.51433373202386,166.62300310138224,0.0,567.5373165158175,888.4551103779178,1.0,567.5373165158175,219.45792757332813,1.114978798145031,26.110901833333333,2.606993971666667,879.1890059954183,879.0927907839523,879.8610366006578,879.8680714727714,880.5448410058766,880.5409812501159,880.1909068822966,881.0460014228231,881.0436599818248,880.6902705783714,881.5525882488165,881.5554046419936,116.45643578155412,107.50065860527329,99.6746812125163,92.86524667839122,88.49501477752237,86.1478433307744,85.88204434911931,87.3398470105285,90.4866376730931,95.14701773116892,101.1819101779774,108.17942844759237,8.710850973675138,90.0,0.6742759881682954,1.868677634624408
2021-09-04 12:00:00-07:00,863.1484166666667,159.67226666666664,0.2465036198323862,11.5,878.8664119600544,32.48479755441117,33.56886050313675,193.7573677411329,0.0,570.9393710873045,894.5217548867136,1.0,570.9393710873045,220.24344246032754,1.1184368394745166,26.627580388888887,2.6596262333333334,885.3694929892145,885.3628764226469,886.0322248629453,886.0395368198847,886.7052699428115,886.701217067296,886.6972979652523,887.1980662911718,887.19831798497,887.203352845959,887.7009070961535,887.7005290767524,116.80327314699304,107.75818745140734,99.20204630046611,92.97313807782085,88.57738647088917,86.26245082705086,85.97685965957253,87.44134091943988,90.63504894429572,95.31035736167046,101.73248985241752,108.41061024505665,8.968162550237432,269.99999692167535,0.6720571931035492,1.8693677433581404
2021-09-04 13:00:00-07:00,835.20975,176.73031666666665,0.2516006656493589,12.5,829.1135455526457,29.609626246406176,38.63850088412307,217.6933566164262,0.0,509.88789767265973,933.4252656969041,1.0,509.88789767265973,214.9205525680122,1.3723236118793267,27.706935222222224,2.16158533,920.5885448491177,918.3391941157512,915.9920809026494,913.9572209787972,911.5406561904426,909.272092122259,906.855375539198,906.6005298954583,906.4601030477083,906.2160788132805,905.6967909922347,905.7677462777858,95.8236958364199,90.37077990824945,85.49719150606772,82.65849638847311,79.16089115659923,77.82557487413344,78.80720622098659,80.35685261113537,85.4205725251887,91.3221692407034,100.57657708691741,111.39892261533902,26.0482487845761,270.0,0.530436067064983,1.958718281891028
2021-09-04 14:00:00-07:00,703.2993416666667,199.5701833333333,0.261745529599617,13.5,678.4640139391234,24.276741567449445,47.084062277717884,235.84723205243682,0.0,373.53444221754023,907.9590665540014,1.0,373.53444221754023,187.90160099040034,1.7103868380904599,28.183335722222225,2.2443933516666665,883.1282337013399,879.136450473977,875.2856088899752,871.6358620503181,864.1998326188675,863.1598559203891,862.9325982475623,861.9414160720265,862.0509218753427,861.1847735098604,861.0852256408828,860.555819895914,75.89443904258356,71.24199702651686,66.77476998845948,63.91116481416009,61.1286513242434,62.74206232046232,61.57934309434303,65.41500475779208,70.15257545228486,76.2385957173462,85.12391979095324,94.49506856437023,41.670566223584615,270.0,0.4175766466595545,2.11016303371014
2021-09-04 15:00:00-07:00,678.0205014999999,135.46376666666666,0.2766694423494584,14.5,501.2619719160276,17.971406241007145,57.34977513141287,249.5693632485309,0.0,215.85577903693448,864.0118930027924,1.0,215.85577903693448,146.1854185221012,2.2997978419710092,27.763795,2.3843426066666664,837.4931885952635,833.8452862888457,830.134175433548,822.422844683389,818.728585587934,818.1286659434877,818.0478969569117,817.1728583603174,816.2059489589208,816.052478031916,815.3531850164944,814.5958968692742,55.78752916559027,52.99523648522535,50.660691158822935,48.17749385874488,47.02256509407889,46.68595182987675,49.82192340026306,54.74529111116914,58.9494985811173,65.50142543219349,71.54348256756771,78.00186221271221,50.0,270.0,0.366977778440511,2.214355247456318
2021-09-04 16:00:00-07:00,607.5820514999999,98.96135166666666,0.2906273420850178,15.5,321.63006567133067,20.125005951638805,68.50110000887348,260.6975951534183,0.0,67.15595796174871,751.605059728834,1.0,67.15595796174871,102.06796308740928,2.857142857142857,27.819144444444444,1.7116826883333334,731.8613403279338,729.1191784464992,726.4088732121181,720.7681974600168,717.8331195627263,717.0525300343647,716.6954918439835,715.876075527189,715.1058160041173,714.6828022554081,713.8659712093284,713.0055507799311,36.10401800902259,34.059315206902475,32.06109616613543,29.90581362455703,27.86842364281645,25.681677816420247,25.321300851593758,24.735768296746897,23.898291020078574,22.716026659828433,21.318285970952324,19.784725298100273,50.0,270.0,0.366977778440511,2.214355247456318
2021-09-04 17:00:00-07:00,178.08260055,58.28523,0.2590420702059143,16.5,89.20609526675747,60.25822451905685,80.00093233399583,270.5584709741904,0.0,30.556245110527925,168.71563694515754,1.0,30.556245110527925,24.845660922297718,2.857142857142857,26.300805166666667,1.5806445283333332,157.21157232421848,157.38314391692907,157.53201961728132,157.6918135368894,158.01962729810464,158.34740895237658,158.4670669695948,158.64515527185932,158.93875869985482,159.01211450281113,159.2054938886767,159.46632262289535,7.036639496997269,6.905802662138187,6.925133838708842,6.973840557490574,6.979556695771901,7.213821630183724,7.280034181904995,7.449983151800342,7.679532003975362,7.869441997681613,8.12211952284775,8.322811143519473,19.743750102484185,269.9999985212207,0.5810929743501545,1.9159299870945934
2021-09-04 18:00:00-07:00,24.40325388333333,5.6383428,0.266650921542203,17.5,6.30181799190103,85.54477866575353,88.44205148517545,277.5362151791527,0.0,3.609716325339191,7.53031947612827,1.0,3.609716325339191,0.0036667530355688777,2.857142857142857,24.483740333333333,1.91309399,6.027111533036684,6.027111533036684,6.027111533036684,6.027111533036684,6.027111533036684,6.027111533036684,6.027834458617816,6.027834458617816,6.027834458617816,6.027834458617816,6.027834458617816,6.027834458617816,0.8428348443892715,0.8247042281509045,0.8097000713474518,0.7983783797830406,0.7911486929430633,0.7882298112759296,0.7902127702061272,0.7961649591138927,0.8059637598049537,0.8191341591178121,0.8350714503896489,0.8531035178078851,2.92257407110157,269.9999933866978,0.7245067882783894,1.8584435106804353
2021-09-05 05:00:00-07:00,66.8871105,6.951567316666667,0.2644312046094618,4.5,8.904986371441588,85.21355764308667,88.32645508489159,82.79276364644426,0.0,4.4511229406322546,12.52755379891202,1.0,4.4511229406322546,0.005210809667551487,2.857142857142857,17.35043166666667,4.302285483333334,8.739503111351128,8.739503111351128,8.74104835871996,8.74104835871996,8.74104835871996,8.74104835871996,8.74104835871996,8.74104835871996,8.742029846904096,8.741940397962892,8.741940397962892,8.741940397962892,1.0305928216079203,1.008399036049452,0.9900552118493882,0.97671105001047,0.9673070338296236,0.9641776295084589,0.9663634803301029,0.9736584850257576,0.9856267795774983,1.001685063247504,1.0225825353540658,1.0447019698317785,3.137753423115635,90.00000883150325,0.7226316207424561,1.8586420372797683
2021-09-05 06:00:00-07:00,512.3963,46.408948333333335,0.2807129204087497,5.5,136.2979325176992,59.91894245995865,79.89639694726586,89.79216227497126,0.0,20.517188270465514,334.91185764015665,1.0,20.517188270465514,41.399636738571694,2.857142857142857,18.53106488888889,4.093562666666667,312.6910714962486,312.7932747164051,312.90429017229104,312.999613959509,313.7101453026727,313.7668610105874,314.3774534979166,315.0101935701394,315.61868444792077,315.6195412006633,316.1849939628718,316.7245172305182,5.313816206493754,5.218340728795906,5.523717208883932,5.506280699544899,5.50986322321887,5.934337448139929,5.989026335338786,6.485155879919817,6.561706850136881,7.105607289668131,7.188142791992514,7.774668832154756,19.977600470778675,90.0000017075473,0.5791736257185047,1.9173165969227282
2021-09-05 07:00:00-07:00,763.3717,72.55088333333333,0.2871216788029837,6.5,353.2908823040559,20.18766898725671,68.4222676187433,99.70080713477091,0.0,63.88551796053119,859.1016645668662,1.0,63.88551796053119,105.47117621814908,2.857142857142857,21.63784638888889,3.8368655166666663,821.6348796392574,822.2675606793889,822.848215914733,823.1793130033368,823.7181766546603,824.3289468917776,824.5911893987115,825.1599814848183,827.94640370058,833.2637068157476,835.8259278514015,838.4342774997219,18.203027859084614,20.093441794788692,21.732134006267334,23.0622518803446,23.876716361880966,24.349428961344557,24.539426176333862,26.45279644389218,28.177092128900288,30.02283541147773,31.701506976498862,33.431580436887096,50.0,90.0,0.366977778440511,2.214355247456318
2021-09-05 08:00:00-07:00,873.7124500000001,87.28304333333334,0.2792448776329777,7.5,559.116351620925,18.298576573858924,57.314133935302216,110.90224431610852,0.0,230.69321715302826,988.5637687883639,1.0,230.69321715302826,153.39205319744056,2.292401280089618,25.870888666666666,2.281302393333333,942.9216738343957,943.2577460153593,943.5322883300793,943.4644881258714,944.0749227755955,944.5900059075979,944.4487917802409,944.6408710175263,947.6962702614727,954.2138368275712,957.3480736037955,960.4263967071665,85.31886028592712,77.40126855223237,69.93136479905377,61.84270677916978,56.52602864152703,50.35286860483837,46.32134682453194,45.52991481648537,45.70615378964856,47.43946091100816,49.00383599752327,51.10433759418518,50.0,90.0,0.366977778440511,2.214355247456318
2021-09-05 09:00:00-07:00,919.5682166666668,99.87463166666666,0.2646356948208574,8.5,725.6200747788315,24.670502618670696,47.119035379995715,124.72367886081423,0.0,392.9259211878103,981.4006844145949,1.0,392.9259211878103,189.18670785158642,1.7059254910859345,26.74740511111111,2.374675263333333,944.6515022762931,944.5788238465583,944.4041485593016,944.727581877908,944.6637660383399,944.7843297881761,945.1351461338236,944.8557843245874,950.1449686827891,952.578910101672,954.7273299196262,957.0189246216632,99.33658105226748,88.79686486936228,79.60162613646898,71.0728053458127,65.07208663918884,61.745442381460016,60.507656677851806,59.089484511189475,59.807714952935534,61.38615278372903,64.71559431689148,68.2909898080821,41.51103254932953,90.00000120741828,0.41861787470831807,2.1083147405842757
2021-09-05 10:00:00-07:00,937.8842166666668,109.01486666666666,0.2542453470969119,9.5,840.1017830887918,30.0057271707059,38.78457966237529,142.9735704484254,0.0,515.445484326729,943.5374467196083,1.0,515.445484326729,214.57797252039353,1.368463940065751,27.27039733333333,2.672596683333333,921.43155662795,921.8668361984642,921.9120883044047,921.7233201433703,922.0959562506954,921.9560964794674,924.0024565151385,925.3226417611154,926.9733306703195,928.2663728218569,929.893961842985,931.2118467044336,113.43665297174364,102.2226472615657,92.4785535727027,85.72233588017417,80.37132312091369,78.83485401071447,77.49240643886573,77.73862259218599,80.2505467383264,83.58427849888572,88.34963596985651,92.46977767086575,25.822389394954197,90.0,0.5322085587535731,1.9569942291490037
2021-09-05 11:00:00-07:00,941.4953333333334,115.8988,0.2481445292245093,10.5,897.6719371982165,32.86845881759859,33.865020111084114,166.88888289030115,0.0,583.1534799674051,911.1353745382708,1.0,583.1534799674051,224.67445485151853,1.1142376722608605,27.644816166666665,3.184809506666667,903.0770717307199,902.9389851639784,903.4939426811821,903.4008135422526,903.9567752160236,903.8745783098861,903.7113613920799,904.2629318021135,904.2601809966336,904.0462118395249,904.6052162194081,904.5458438676305,119.726216177057,110.56444562112537,102.42668782917922,95.3406091403632,90.78645674726299,88.31192253039313,87.71993295539899,89.42245758102848,92.58319398697371,97.52436776463999,103.4957554045261,110.9144780902548,8.655649189130274,90.00000147877934,0.6747521930789834,1.8685321803775747
2021-09-05 12:00:00-07:00,937.67225,116.48871666666668,0.2483877149134263,11.5,894.3192566408948,32.84586262476081,33.949153416456085,193.78099218279667,0.0,580.9970547755709,909.0401190963757,1.0,580.9970547755709,224.12075084689934,1.1203567379345158,27.94851872222222,3.134828566666667,900.1427416653239,900.7162976023869,901.2389841708399,901.1519187216738,901.1501478056056,901.6009306485336,901.5969815034778,901.9124517735826,901.914220651668,901.9194762892055,902.5360133916116,902.2587137848985,119.5050992260532,109.44836389837592,101.41110707485697,95.01519921476982,90.50622516107364,88.03919914492867,87.74855021365566,89.22353187584756,92.54044370794679,97.52382595440693,103.7683681124497,110.94629208068551,9.11084205424098,269.9999964798011,0.6708275438568531,1.869758996249311
2021-09-05 13:00:00-07:00,925.72085,112.53226666666666,0.2536045051086584,12.5,831.900747580512,29.94224245355079,39.00508821954525,217.5301210892705,0.0,510.5785976283476,937.6609139585718,1.0,510.5785976283476,212.1665187438429,1.3759841644644806,28.30725911111111,2.742836646666667,925.4110095408665,923.6673905070971,922.2657936094607,920.6643458303765,919.2783295414501,917.5093787127277,915.8645776891669,915.7044260511069,915.656450961655,915.5633709502747,915.1757317894949,915.3358214811913,92.17193070749157,87.27372426838667,83.04786135434975,80.10842840666501,77.12513160560253,76.27029480687276,77.46149944376795,79.81725175890321,84.88572250765336,91.6898195630219,101.11500602688126,111.04168761068944,26.261387720720833,270.0,0.5287665310859535,1.9603580396258398
2021-09-05 14:00:00-07:00,893.1346833333333,105.00961666666667,0.2654684516312827,13.5,709.2900738599222,24.57669212446117,47.422737606077064,235.61051285769284,0.0,384.77748957435824,963.9421695018711,1.0,384.77748957435824,186.37165840085004,1.717648138249079,28.89098188888889,2.2176080033333334,939.8019641969938,936.8560741324491,934.5836749030018,932.2764336019374,927.3447421858591,927.2490817859945,926.7816376462395,926.232620572143,926.606383963441,926.2196416460871,925.9908246913702,926.0007840868607,67.66486367437133,64.04431118990519,61.19991266195082,59.57866063729552,58.02336267299419,60.142074188065024,60.649051458302594,64.76069390755731,70.30447740503607,77.37060860402893,86.25244526280449,98.05689085648865,41.9280255608884,270.0,0.41590172657077445,2.1131580624283135
2021-09-05 15:00:00-07:00,831.6544833333334,92.798395,0.2814969352014602,14.5,537.6119927069692,18.31392115010729,57.66599994887569,249.31790753732176,0.0,218.63859380223124,954.7391586626131,1.0,218.63859380223124,150.67294555829483,2.3173472174091683,28.992221833333332,2.0986785500000003,927.0552448682724,923.8636385231159,920.6179213677492,913.8726563652308,910.6813375616683,910.4078259367632,910.4937560999251,909.8836110836148,909.1840504720363,909.1806794403473,908.7887271542138,908.341919306083,51.048503055411615,48.855950096862955,47.17405081980918,45.33286504010034,44.99140540604972,45.57623812529687,49.40012340621039,55.30640849569172,60.41909677636083,68.15046703845069,75.31363429822024,82.89579098821554,50.0,270.0,0.366977778440511,2.214355247456318
2021-09-05 16:00:00-07:00,708.7760166666667,75.14713833333333,0.2946797777904692,15.5,331.4055939520122,20.49111998636852,68.80454041261127,260.45049656495826,0.0,57.343107950479556,816.3910761136054,1.0,57.343107950479556,100.85672407976747,2.857142857142857,28.50268011111111,1.845026355,796.5403857603059,794.1308434760823,791.793528550894,786.8496388772364,784.263984865143,783.7328177214383,783.4804240326205,782.9113873833182,782.4071029980942,782.0904564577368,781.5329457772582,780.9325477856672,31.00906999554345,29.31128122612105,27.6645363052014,25.829893857049335,24.068975806711702,22.132169272059315,21.796996323914946,21.197292244327016,20.358521591849094,19.125135414336263,17.70302324134808,16.13067959805635,50.0,270.0,0.366977778440511,2.214355247456318
2021-09-05 17:00:00-07:00,451.46740000000005,45.76924833333333,0.2583352918176603,16.5,121.83155533241859,61.225369737047586,80.30066372528566,270.3198696159917,0.0,20.462626593298133,293.20751699051095,1.0,20.462626593298133,34.57600702697915,2.857142857142857,27.203621,1.3737519983333333,275.5555243308228,275.0708761356123,275.1359795081703,274.54396531856924,273.9934222536814,273.3999254754458,273.39907589793756,272.78180590115807,272.12217973248625,272.0298412514751,271.9241947728913,271.8246093790669,7.0762023599683355,6.542800278663679,6.466346254859003,5.972017767703076,5.899438296169287,5.454994217297746,5.4044670580395415,5.382262181413803,5.025867988114576,5.044671407732208,5.099095534525661,4.866757117550205,19.07562160506546,270.0,0.5865920952848123,1.9120548047866928
2021-09-05 18:00:00-07:00,25.490237466666667,6.2499219,0.2387424380667575,17.5,6.893475462987896,85.86340722817343,88.55329627902296,277.1449971254507,0.0,4.000692080695747,8.085149035057777,1.0,4.000692080695747,0.003497356339604237,2.857142857142857,23.882756055555557,0.660221414,6.546138292812969,6.546138292812969,6.546138292812969,6.54606570601107,6.546948129242723,6.546948129242723,6.546948129242723,6.546948129242723,6.546948129242723,6.546948129242723,6.546948129242723,6.546948129242723,0.8364242640854013,0.8184513985338384,0.8035606173799904,0.7923084688053538,0.7851083119058792,0.7821791098465969,0.7835702167372233,0.789149220244693,0.799365910016195,0.8128989025894048,0.8287808930748454,0.846760519696702,2.710981590812932,269.9999947369858,0.7263510490059991,1.8582620291821172
2021-09-06 05:00:00-07:00,54.3775776,6.394573916666667,0.2673912811439417,4.5,7.817164426609835,85.71333175347154,88.50089437100623,83.13265247156608,0.0,4.093546138294406,10.455279948736766,1.0,4.093546138294406,0.003838258737421079,2.857142857142857,19.65784755555556,4.31598225,7.496183944408895,7.496183944408895,7.496183944408895,7.496183944408895,7.496100760400706,7.497003606975571,7.497003606975571,7.497003606975571,7.497003606975571,7.497003606975571,7.497003606975571,7.497003606975571,0.9584835425222853,0.9378770779387533,0.9208133654405516,0.9079276358456289,0.8996895540397075,0.8963497890922345,0.8979586133326287,0.9049068742077897,0.9164942413653182,0.9314932390172881,0.949658653428494,0.9702172603141461,2.8077481887656797,90.00001234286242,0.7255075803470834,1.8583433349572578
2021-09-06 06:00:00-07:00,494.1552833333333,45.24043166666667,0.2830740066710394,5.5,130.47415559174195,60.47452211819949,80.06774277702584,90.13884573034125,1.5543122344752188e-16,19.95947561459979,319.6747726019397,1.0,19.95947561459979,39.97535861901014,2.857142857142857,21.38393333333333,4.1971337,297.57059910883356,297.6826838273369,297.77882781357937,297.88337491424767,298.5697659430668,299.23427209153704,299.2673979485052,299.8545457504319,300.45283170419225,300.408859146411,300.9390601832673,301.53798910879783,5.21330478149138,5.134188551654607,5.328125883585777,5.401579961948159,5.667077180991225,5.82813495483901,5.875259876558359,6.190506904440212,6.437456686056603,6.767528296395534,7.05246932291905,7.3898452984249605,19.59328398123723,90.0,0.5823294286816687,1.915046090321562
2021-09-06 07:00:00-07:00,741.8191166666667,72.66823666666666,0.2856738725254564,6.5,343.3439567608828,20.479962407751128,68.59973899923509,100.06443149791187,0.0,59.97221963221642,837.1310321776227,1.0,59.97221963221642,102.73322304459592,2.857142857142857,24.79103361111111,3.6682556,800.121939861609,800.7565333296772,801.3468740923385,801.6781995489557,802.2238130416997,802.8337900343614,803.0991366864715,803.669770746882,806.4636882303886,811.789529382385,814.3524612230674,816.9586066082908,16.917700380486814,18.566823599478184,20.029136529628303,21.247584091973263,22.041561970611873,22.559920096286692,22.8168315536782,24.83458404256356,26.679052123818785,28.633665618351262,30.425354722637167,32.265604967801,50.0,90.0,0.366977778440511,2.214355247456318
2021-09-06 08:00:00-07:00,833.6596166666666,95.98728166666666,0.2783198772574586,7.5,543.7686600467,18.68059109891083,57.51170179508365,111.29048041192442,0.0,221.62169381005808,958.358371054435,1.0,221.62169381005808,151.3303631121309,2.3006442817971355,28.595183055555555,2.114336025,911.3545081872358,911.8328934664629,912.2561003554306,912.2742885740479,913.0033509006179,913.6424534484642,913.5708072218943,913.8737006656663,917.1277842039008,923.9961942034201,927.3014751452358,930.5517612210549,83.06031115788123,75.51024091188911,68.38026267390671,60.684305665949424,55.6012199717462,49.7268408180047,45.92876425368997,45.408091910489965,45.811833434411625,47.71249825286352,49.45435276641064,51.70614094992511,50.0,90.0,0.366977778440511,2.214355247456318
2021-09-06 09:00:00-07:00,876.7320333333333,114.73488333333331,0.2662820750334301,8.5,708.689607577758,25.043534251491753,47.354182827658214,125.13413649880775,0.0,383.0046473552125,966.2095129520327,1.0,383.0046473552125,188.95676094920677,1.7084912177226368,29.68421238888889,1.877711395,926.9349772602927,926.7791394423167,926.560416847108,926.8066027801444,926.6757951042315,926.7646020311972,926.7153843555229,926.7216469937385,933.2235786854358,936.0446407342262,938.8665760830231,942.1035252094334,97.56490941477536,86.92294006872635,76.56423931809995,69.31916744109107,63.38484300469125,59.12830655470264,59.27912650575417,57.853260621583296,59.0549753203333,61.117239909952815,64.95162091712146,69.02322281756724,41.60290704025,90.0,0.41801792342683525,2.109378453512491
2021-09-06 10:00:00-07:00,875.7193833333333,139.17731666666666,0.2553114831482396,9.5,819.0058532546649,30.387280346490154,39.07616914564698,143.36706921485825,0.0,502.45377644863794,924.1857353016493,1.0,502.45377644863794,213.88299928505833,1.3689393274826278,30.177997277777777,2.7340266,898.6668579327024,899.0829850280641,899.1205405401854,899.2451972849396,899.2897875349794,899.1467282792835,901.6868032143636,903.8236007651955,906.0926234784625,907.9855623858601,910.1837014927673,912.0501844103234,111.03952556392463,100.04546992922474,90.49817073154055,84.28950159145488,79.0436888235702,77.22651340382721,77.05803184178188,77.37269614837774,80.72401953589917,83.6007464294406,88.78278950464296,93.20988908502376,25.850270432045132,90.0,0.5319895712325611,1.9572062972706905
2021-09-06 11:00:00-07:00,834.8692666666667,169.69435,0.2515324722709162,10.5,860.0522435547808,33.24789323294925,34.21785362312194,167.1522386856691,0.0,558.6486259190189,874.3104902146589,1.0,558.6486259190189,219.8918938103645,1.1134773414022858,31.538558777777776,2.29023905,864.7724078370345,864.6798052269049,865.5391656968382,865.3651376826531,866.2261547857458,866.1463377315976,865.8729245866268,866.7293393964629,866.7267129426693,866.372973069168,867.2364817872503,867.1794023632432,116.50536117588119,107.77688187952023,99.95848032141333,93.15082935596661,88.77651880004638,86.41338150398767,85.85258137145902,87.60268009886525,90.6503515703078,95.4168637482548,101.18760032934965,108.09576633024665,8.598998029423502,90.00000241483653,0.675240973819925,1.8683838612199744
2021-09-06 12:00:00-07:00,895.7414666666666,142.94823333333335,0.2507490961293608,11.5,882.6421367155358,33.208433149071716,34.33138305787084,193.80529945110698,0.0,573.4544388450206,899.3232154819376,1.0,573.4544388450206,224.81559138140327,1.1223129076896627,32.05984711111111,2.3668552983333333,892.4834307486719,892.9294576516475,892.0062560500285,892.0009123961305,892.4318845037654,891.5174405934049,891.521818969744,890.8821273100696,890.8850446635066,890.2382200263467,890.2333313850056,889.4187789528892,110.78389562889294,103.62943920178066,97.5707812721666,92.28799101902133,88.94359658245259,87.47836420007354,87.77342009145013,89.93923562088048,94.64695173049945,101.0571337442549,109.12367807362635,119.20960606968308,9.256084780172264,270.0,0.6695763084166274,1.870163566920205
2021-09-06 13:00:00-07:00,962.23995,102.484295,0.2570874711997,12.5,846.317218891454,30.275931359430565,39.373931494873204,217.36950630249916,0.0,519.0989632061663,956.6689518509427,1.0,519.0989632061663,217.9055505861046,1.3797166264503824,33.16497572222222,4.858775193333333,934.1959754258418,934.2860656779146,934.6398421864333,934.429050933555,934.6851757741401,934.8093643073437,936.4209790833601,938.1178352598275,939.4388577148259,941.0105499950173,942.4527314389924,944.0758917076625,114.42305921621677,102.83165206166902,94.29555342706995,87.14634053057897,81.84675597701901,79.37653841918186,78.08181892559402,78.88638442609533,81.44133223996883,84.92756188672845,89.15965035368623,93.81988686019459,26.477641748561997,269.99999914622634,0.5270757233534573,1.962034446096205
2021-09-06 14:00:00-07:00,939.4609,97.38186,0.268359963349342,13.5,728.8755953177599,24.877375365317924,47.763888971221284,235.37585638617654,0.0,394.51524874460495,997.0126086300986,1.0,394.51524874460495,191.75114643564586,1.7250741787040786,33.243220666666666,5.7089552,959.7847921495417,959.6324004332299,959.710676592373,959.627513453705,959.5531539454719,959.6631893768667,959.8964850198794,959.5725434580744,964.6964657751652,966.9033759954732,969.5265067264074,971.9001873692555,100.22132201106355,89.43886027834085,79.88118415547711,72.45243141747494,65.55221456789512,62.2965962735074,60.98143384303437,59.58793271493855,60.3624394375504,62.64675471783441,65.54115606745715,69.1852309094896,42.188542919642344,269.99999914622634,0.4142137790945549,2.116203955883004
2021-09-06 15:00:00-07:00,839.98145,96.131095,0.2845381926000195,14.5,541.4442408574408,18.659380947729783,57.984652653426,249.06749948888032,0.0,216.018398523885,965.6165008629699,1.0,216.018398523885,153.62990409034097,2.3353245978423964,33.06097127777778,5.203439583333333,937.281943304816,934.0329407411714,930.727305837913,923.857577669168,920.6016995324237,920.2871310682523,920.3494286376285,919.6672458654043,918.8978650451484,918.8516614096748,918.3802839387009,917.8398723118912,51.84074670927281,49.64054532643394,47.979224880455504,46.12510793427966,45.82506021804965,46.43185612038333,50.295127838914155,56.29115707184478,61.51795929654649,69.34871333523941,76.63134736460015,84.32329570187147,50.0,270.0,0.366977778440511,2.214355247456318
2021-09-06 16:00:00-07:00,696.2381,84.85361666666667,0.2954394169620811,15.5,333.11209287605556,20.859757120156193,69.11022774999718,260.20365181174407,0.0,56.41316022858016,816.1733780833389,1.0,56.41316022858016,103.43733046835266,2.857142857142857,32.22922194444445,4.9776695166666665,795.7894943465186,793.2396244868004,790.7584011442451,785.4697886894043,782.7418409278717,782.112163546909,781.8115602659119,781.146885219807,780.5351388590115,780.1719307105434,779.4968179453962,778.7900469904484,31.830023070074652,29.84214359009759,27.880671936113988,25.77067266335659,23.70785179280857,21.508859115471054,21.068136493487682,20.421024259505483,19.59593713616276,18.53113537618757,17.35611580677397,16.11436377064695,50.0,270.0,0.366977778440511,2.214355247456318
2021-09-06 17:00:00-07:00,420.27116666666666,49.90259,0.2567156275547007,16.5,118.52618568161964,62.19097410986667,80.60243165355001,270.08094320230475,0.0,23.310902732426413,275.3466505207788,1.0,23.310902732426413,33.535090149184384,2.857142857142857,30.535782,5.6582066,257.53933341385545,256.9809937711593,257.0398977322894,256.4914821991345,255.9595402857586,255.96030147107928,255.35878423947372,254.8017672699866,254.17808043056675,254.06673722636378,253.96349701868044,253.84247380430654,7.51180923970334,7.2017976239929595,6.9100989735198315,6.604388119638193,6.351602154983653,6.0631399939809985,6.012556053151345,5.851429609490204,5.631454314280172,5.5503321606185825,5.614169185712147,5.480611047304593,18.41147717565986,270.0,0.59208044787965,1.9083300936154939
2021-09-06 18:00:00-07:00,15.801311383333337,6.01725375,0.2272541076928763,17.5,6.38506879747299,86.18660630989076,88.66617694145566,276.75289216662344,0.0,3.851236879293485,7.065297416004723,1.0,3.851236879293485,0.0028564875623411827,2.857142857142857,28.2813675,3.899997966666666,6.030436698252451,6.030436698252451,6.030436698252451,6.030436698252451,6.030436698252451,6.030436698252451,6.030436698252451,6.030436698252451,6.030436698252451,6.030436698252451,6.029587125316228,6.029587125316228,0.775647512631376,0.7590881546313144,0.7435268993115185,0.7317266510805789,0.7230709617058961,0.7179736082331164,0.7167244789992748,0.7194356393306894,0.726058442431076,0.7363845668809673,0.7500310081432122,0.7664824876687754,2.4969212758337953,270.0,0.7282171477141649,1.85809229316465
2021-09-07 05:00:00-07:00,15.77041545,5.4504818,0.2384798659889958,4.5,5.867468472071395,85.66740991792723,88.48486165364119,83.63394210736789,0.0,3.4892399458703034,6.638536986061753,1.0,3.4892399458703034,0.0033353114570696383,2.857142857142857,21.81148444444444,3.167308595,5.580889906596911,5.580889906596911,5.580889906596911,5.580889906596911,5.580889906596911,5.581596219682842,5.581596219682842,5.581596219682842,5.581596219682842,5.581596219682842,5.581596219682842,5.581596219682842,0.7286717229645489,0.7130043442907807,0.7000324408635884,0.6902385391508924,0.6839787955887675,0.6814434666088597,0.6826696034282391,0.6883361825225506,0.6968098531222783,0.7082085422611185,0.7220105459223192,0.7376298529144348,2.8349697435479717,90.0,0.725270315418021,1.8583667206628633
2021-09-07 06:00:00-07:00,297.48896666666667,57.80709,0.2886027762415776,5.5,108.23888911558484,61.029648017273765,80.23980079958191,90.48711261997579,0.0,27.58096188855089,232.99636410089585,1.0,27.58096188855089,33.74234565432659,2.857142857142857,21.07672394444444,1.8611287016666669,216.15060088944932,216.28290368178827,216.4252644788118,216.5481915945193,217.0739134740092,217.48952625516233,217.56071274806038,218.03399158271583,218.46650168975094,218.8832513501833,218.88752117311978,219.26848476517137,7.08275208459737,7.201848803617478,7.11878077567713,7.090515126433923,7.372996810188881,7.405456664613433,7.603321276847395,7.872679236396249,7.9801970112576575,8.422121407451929,8.535620821470111,9.013028456099232,19.210919761105796,90.0,0.5854766872617571,1.9128291813642326
2021-09-07 07:00:00-07:00,562.7598999999999,106.90757,0.2885081935901389,6.5,310.61328669886177,20.776154192294992,68.77838616630484,100.42921720962522,0.0,70.4132008565241,714.8247925608389,1.0,70.4132008565241,100.1847334191648,2.857142857142857,22.242645888888887,1.5260567683333333,675.8918070807636,676.860833815463,677.7877558731141,678.2557686639099,679.1279198687375,680.0405138281609,680.444014809565,681.3187473371099,684.2900605019037,690.0443421729453,692.7756282902835,695.5539385650536,20.553262551414196,21.955847480301134,23.2808296743518,24.453925467099612,25.351450383968512,26.043383900557433,26.52847538408556,28.85269091562002,31.042356569210693,33.324452466075265,35.43749878853354,37.60016517702763,50.0,90.0,0.366977778440511,2.214355247456318
2021-09-07 08:00:00-07:00,695.4701166666667,141.62761666666665,0.2806412660107649,7.5,513.1411783470903,19.064489042081277,57.710967090739565,111.67922633757075,0.0,217.66338049566667,883.701793853681,1.0,217.66338049566667,151.53825119234293,2.3089845907386937,23.724872666666663,1.7814030216666663,832.3988532522474,833.2591226006333,834.0637828811324,834.2687009964851,835.3370884151747,836.3133363226443,836.427217277418,837.0964943936223,840.8358014204422,848.633404949556,852.3835175653971,856.0723711759802,80.99642684007078,74.3392461057641,68.09997999459169,61.35701194558587,56.9971674264174,51.920681237556735,48.71216902536896,48.960251076292224,50.04567616149696,52.50089812020944,54.80135443719072,57.56604631385699,50.0,90.0,0.366977778440511,2.214355247456318
2021-09-07 09:00:00-07:00,757.9468333333333,173.0642,0.2667635926609498,8.5,684.232426538037,25.418441653766127,47.591516570224066,125.54392219354366,0.0,373.9877874525391,924.608597428996,1.0,373.9877874525391,189.7986304953113,1.7110785992157034,23.85929205555556,2.441900121666667,879.2326802955173,879.4861634229584,879.4506916470259,880.0700445636576,879.8213029687608,880.5854476704466,880.694764783309,881.5081618752345,888.7558218270302,892.2534081852405,895.8558115381754,899.7225848598964,95.99442397538202,86.09699122548466,76.60649254256039,70.05066226117411,64.9163860649719,60.8297967043733,61.71963136251046,59.87650024816769,62.482153707047146,65.17539482693456,69.55990090529592,74.1402938630336,41.695210502970646,90.0,0.417416030508284,2.1104490692026245
2021-09-07 10:00:00-07:00,737.9774166666666,212.8790666666667,0.2575608141431412,9.5,783.3829920425942,30.77071388460824,39.370145068249606,143.75818075227494,0.0,482.2964224618689,881.9953577470944,1.0,482.2964224618689,210.83402697188077,1.3694104220157748,24.641241333333333,2.16350135,851.9295606704528,852.3064963808465,852.4847758111601,852.7570212934019,852.9346923929122,852.9316025839282,856.0374697296002,858.7221491133583,861.5181916009634,863.9271015292397,866.6080380662088,868.9391488491668,107.70001581498002,97.55047317362788,88.70057007502903,83.40498406027119,78.58691053257573,77.42623357054757,76.16188032478321,78.18261841465748,81.88282131533995,84.61831384745712,90.02893196458214,95.3852651052485,25.87788239708828,90.0,0.5317727479772416,1.9574165288083007
2021-09-07 11:00:00-07:00,812.3353333333333,195.1644,0.2526759021250815,10.5,864.0464783364285,33.62907176033249,34.572748497931876,167.4129785010529,0.0,561.2555936745612,879.0537573221513,1.0,561.2555936745612,222.65700454979563,1.1126983509654027,25.77911805555556,2.0978844216666666,869.0440293110904,868.9165842251542,869.9358478670296,869.7120327467035,870.7337084674389,870.653107470702,870.3152257218156,871.3318597928056,871.3292100725075,870.8962911059216,871.920030874894,871.8626286267386,117.64224559439631,108.84669077740493,100.93824417211096,94.04881932535572,89.61756976193283,87.22205782974684,86.64950384657833,88.4577619955917,91.53778643521132,96.36183133976853,102.2086092904113,109.19997648351308,8.54093630980847,90.00000352019892,0.6757420005701846,1.8682328520955191
2021-09-07 12:00:00-07:00,812.7402,188.5422333333333,0.2527563185206146,11.5,856.6070026540631,33.572411440349555,34.7154446135369,193.83018767507144,0.0,556.3928259870761,872.8641964777437,1.0,556.3928259870761,220.3625425023339,1.124305056023906,26.851847000000003,2.27675204,861.2191526124394,862.1495969569922,862.0942729216961,862.8849556883562,862.7872880474255,863.7202099806,863.4654478319674,864.3978957026176,864.0626264462628,863.9945642605844,864.9336497854005,864.9308247080222,116.03229003603033,107.23507447982034,99.56892411699515,93.75276805989449,89.07142145943038,87.07285346139233,86.67797529713377,88.24114092705169,91.81438227776871,96.55112785927962,102.59629813237457,109.14151470556104,9.40385298694297,269.9999987925817,0.6683038469027598,1.8705816809979365
2021-09-07 13:00:00-07:00,761.11415,194.14416666666665,0.2582321174030907,12.5,779.3637986412277,30.610606325696423,39.744909891200805,217.2114401917765,0.0,479.33518938426323,885.5516786860138,1.0,479.33518938426323,209.71320893448637,1.3835212000481545,27.49610333333333,2.1374636116666665,872.7466556948,870.3739973151168,867.6170055242179,864.84828719686,862.2934858907374,859.655415856253,856.4144012937752,856.5055556963987,856.0822802039698,856.1513734598772,856.0650955362805,855.3784920644639,93.81769876946274,89.27782280153671,84.02853662427668,80.57627716346326,77.21764998335506,75.11507333023934,76.37038289944672,77.24513425659264,81.74984110595632,87.30426039987462,96.09974285670081,106.38346143257006,26.696961459456684,270.0,0.5253641898835371,1.9637476415449218
2021-09-07 14:00:00-07:00,697.9970333333333,185.55256666666668,0.2689881938991875,13.5,651.6306597293456,25.178717522961833,48.107394080597324,235.1432524328484,0.0,352.57086002011005,885.2475408898695,1.0,352.57086002011005,184.59618125471866,1.7326672518934076,28.50206711111111,1.8287755866666664,859.9242040046803,856.2741849405904,852.7369488953827,848.3635200655561,840.8911454970907,840.9408713237825,840.2692888985667,839.9334407294423,839.4707274039419,838.680193263693,838.7081863859801,838.2917839915293,73.45441789394604,68.87156803388685,64.20626024510722,61.42639461408109,59.35743636436645,57.45931977308669,60.15209953897042,62.714342104046665,67.39339995158677,74.85053764045372,82.62416188254565,91.72901742585927,42.452050646376804,270.0,0.4125135185969233,2.1193003946343056
2021-09-07 15:00:00-07:00,595.6542833333333,160.75093333333334,0.2832155851655288,14.5,473.7007019821141,19.007661550205487,58.305615464604436,248.81815921757354,0.0,204.951152500557,800.0777623606099,1.0,204.951152500557,142.15864966320206,2.3537388563313857,28.387420277777775,1.6971204033333334,774.0759845292969,771.0654383011649,768.0031919132053,761.5979681464921,758.5492442834021,757.5726902217627,757.2918856134786,756.0213573053873,754.6623607148725,754.2784958722724,753.1301659059365,751.9172533775986,56.37853555012661,54.18740567459052,52.409601936143574,50.44501921478369,49.714630677214224,49.68404162632485,52.30356781548435,56.58080960113055,60.251221610125654,66.00571032353858,71.344083532948,77.07411321789007,50.0,270.0,0.366977778440511,2.214355247456318
2021-09-07 16:00:00-07:00,444.61631666666665,119.76087666666668,0.3021293293657476,15.5,276.06431340860007,21.230776401298897,69.41804737900942,259.95708840941774,0.0,70.21452859957567,612.1298529342897,1.0,70.21452859957567,93.02101711563327,2.857142857142857,27.859620277777772,1.5848408533333334,594.2462612543314,592.1034575928625,590.0218852653206,585.5068055356928,583.215957399346,582.1889488071228,581.715238809834,580.6558939491388,579.6097750238735,579.0842401126738,577.9821382492698,576.8541230336366,35.9785595252444,34.22737662280943,32.46703993508971,30.57533535914723,28.734771826031285,26.79312786917254,26.153964964472678,25.39791687735643,24.502645542755438,23.539680730956643,22.52026027489968,21.53235634937988,50.0,270.0,0.366977778440511,2.214355247456318
2021-09-07 17:00:00-07:00,209.46700166666668,59.19743833333334,0.2549625784029439,16.5,92.30423502476398,63.154979128021886,80.90612188951248,269.8417164397557,0.0,30.928307909505808,176.19747095123114,1.0,30.928307909505808,24.984934166137876,2.857142857142857,26.530391722222223,0.9142287466666666,164.31777187465988,164.10640458611803,164.10641519101586,163.8698697629991,163.71871653333605,163.6274640156397,163.357256795679,163.08508687221172,162.921717306762,162.79567015976932,162.6505701859814,162.49666655954763,8.020120421729734,7.842404833237031,7.726875381095112,7.429517041012737,7.3194818314838255,7.129246710602625,7.005929007728235,6.9762245565370185,6.876529974179748,6.864130331169669,6.932821360473095,6.992927332514713,17.75121605078031,270.0,0.59755774365325,1.904753528181404
2021-09-07 18:00:00-07:00,3.7535224166666663,5.015615166666667,0.235737034648604,17.5,5.095493990742327,86.51409774443177,88.78059473027167,276.35993902046147,0.0,3.2097415488666923,5.2418540977480035,1.0,3.2097415488666923,0.0019862757331597005,2.857142857142857,23.0338675,0.6558088083333333,4.8104333400195545,4.8104333400195545,4.8104333400195545,4.8104333400195545,4.8104333400195545,4.8104333400195545,4.8104333400195545,4.8104333400195545,4.8104333400195545,4.810814508620469,4.810814508620469,4.810814508620469,0.6638896119576363,0.6495180263617714,0.6375187329643587,0.6277342118846182,0.6219866550834706,0.619620865795279,0.620679354181111,0.625072773676216,0.6325601624002704,0.6427838117414396,0.6552918541152983,0.6695497602531741,2.28055154587501,269.99999159130476,0.7301036879388205,1.8579348972739136
2021-09-08 05:00:00-07:00,14.769851333333332,7.4399154,0.2652762939371008,4.5,7.785310725516957,86.16894323709131,88.6600069201476,83.97754534813974,0.0,4.761809688790624,8.423204703239602,1.0,4.761809688790624,0.003554484600587347,2.857142857142857,13.508546166666669,0.6923485923333333,7.354579626685397,7.354579626685397,7.355630064482147,7.355630064482147,7.355630064482147,7.355630064482147,7.355630064482147,7.355630064482147,7.355630064482147,7.355630064482147,7.355630064482147,7.355630064482147,1.1062159680920145,1.0824704771676117,1.0627745871337637,1.0478716426981256,1.0383142497717448,1.0344026461571245,1.0362068471049137,1.0435646852546474,1.0560572974708091,1.073087200500475,1.0955272446705644,1.1194228259430365,2.5049114725317856,90.0,0.7281474865079879,1.8580983783450784
2021-09-08 06:00:00-07:00,169.82509,66.54863,0.2855083508999005,5.5,94.83344082695119,61.58434175126746,80.41255976871369,90.83684861740142,7.771561172376094e-17,34.56628122929962,173.24828459908434,1.0,34.56628122929962,28.7585863940733,2.857142857142857,15.504214944444444,0.7949861653333332,160.58056345121287,160.74698886804657,160.92518717462826,161.07966480237585,161.42467076219646,161.7344812114422,162.04713182436964,162.03092555020552,162.32306231117843,162.59846036552398,162.58497359114824,162.84333926438535,8.652730962704789,8.556610268868653,8.56771342616664,8.510250572980764,8.584671009471961,8.745621092187166,8.82732865966639,9.129457647421264,9.26384390524343,9.61557201088142,9.756502592137235,10.13414521680702,18.830428926971916,90.0,0.5886157995265382,1.910664880985902
2021-09-08 07:00:00-07:00,425.4042166666667,134.38323499999998,0.2884712278960737,6.5,287.12416840088474,21.076122072216094,68.95820028934024,100.79503773013221,0.0,79.49463462247984,611.6924665159788,1.0,79.49463462247984,94.53229182103703,2.857142857142857,19.668052944444447,0.5697683831666666,574.9287514493454,576.2211947102792,577.476353661956,578.0774440526653,579.2739262920369,580.4866786903214,581.0236300312832,582.1997199385753,584.5757214319456,589.2309116566566,591.414057995126,593.6356674673415,23.988336588166273,25.128415030344463,26.279816461205396,27.33723271039289,28.27376783276035,29.055680775526373,29.696916088718318,31.62655088641425,33.45924647535344,35.37075851438006,37.125757603518814,38.90780807595439,50.0,90.0,0.366977778440511,2.214355247456318
2021-09-08 08:00:00-07:00,595.3907833333334,176.62398333333334,0.2844813303763777,7.5,492.9089006316966,19.450161275867227,57.911915672328554,112.06833751657588,0.0,219.16622823532362,816.5419527209381,1.0,219.16622823532362,149.2452332421045,2.317425205799686,22.506931166666668,1.2620762316666665,766.0444372197248,767.352706790154,768.6033557394829,769.0205223994114,770.4956244074187,771.8734652193574,772.1956971733011,773.2906456950626,776.4365172583222,783.0609050626522,786.2232808059439,789.3334511841072,81.12570659491183,75.27024681087282,69.84337710936481,63.96731791229429,60.28828397538866,55.95444951813675,53.3105653052697,53.38433090359872,54.202003547916654,56.26779314633153,58.15783324204441,60.4545716244196,50.0,90.0,0.366977778440511,2.214355247456318
2021-09-08 09:00:00-07:00,696.59125,195.22881666666663,0.271298807261943,8.5,662.8641794393468,25.795110748855837,47.831005581318536,125.95287571048699,0.0,365.06968575973644,889.3330540378844,1.0,365.06968575973644,189.4961246470931,1.713688835847809,24.480181055555555,1.64115552,841.911858307177,841.7514278289622,842.4781774559235,843.3223969291622,843.2005472339541,844.1720653485886,844.3728380365771,845.3922943193543,852.7500441071609,856.3521634407472,859.8953370173286,864.1200169053058,95.57887876927103,84.90346079078212,77.08187613951024,70.91778520250513,66.130107674048,62.25253447507264,63.3390442694641,61.68837082201058,64.42752427541184,67.24015470959979,71.149963042985,76.31893788668744,41.78797895254815,90.0,0.4168119751981543,2.1115270307854908
2021-09-08 10:00:00-07:00,756.9829000000001,208.3010833333333,0.2610086384353226,9.5,791.0064527489509,31.155918353465818,39.66644711816537,144.14676359794072,0.0,486.82998461832995,891.2490309273644,1.0,486.82998461832995,215.1432913687654,1.3698779387889686,25.97536222222222,2.011385103333333,861.1530649901558,861.498455326622,861.6602500654994,861.9197059040124,862.0823671004448,862.0600736932417,865.1541549443227,867.8152694849496,870.5955491519771,872.9822485859468,875.6537286641066,877.9680736827904,110.13482659322771,99.69986431009602,90.61130607099798,85.10754486731923,80.15321921427784,78.89839011449489,77.5906494171269,79.59181911656819,83.32202558932852,86.12373458514509,91.59257796823971,97.01012740813356,25.90526763569289,90.0,0.5315577551536075,1.9576252404916463
2021-09-08 11:00:00-07:00,792.5782833333334,206.50421666666668,0.2551899965812512,10.5,856.3042851974561,34.01189222733168,34.92961765875724,167.67101613190314,0.0,556.1783194506035,870.9752296164995,1.0,556.1783194506035,222.90478673608462,1.1119012018412262,26.851075611111117,2.40789911,860.5232438841257,860.4029680305688,861.429406154288,861.2108806477945,862.1621456570101,861.8280697887785,861.8256010134631,862.8497659951483,862.41300663983,862.4155854861701,863.3867620823611,863.3894787896443,117.80254553039524,108.80837828500697,101.21435793493112,94.89900097256448,89.9686930903768,87.58523052807008,87.15619424489714,88.48320565378131,91.8980750919706,96.70463041928751,102.52661769615838,109.48635036674703,8.481503567587142,90.0,0.6762549371366378,1.8680793289440287
2021-09-08 12:00:00-07:00,737.1089499999999,229.16243333333333,0.2554445371690482,11.5,832.2187918231301,33.93770180246406,35.10123293151103,193.85555870604912,0.0,540.5266549194403,849.4451280979097,1.0,540.5266549194403,217.54441590010924,1.1263327596532295,27.737137555555552,2.6189828,836.5792720260756,837.7033057879844,837.6207904675108,838.7606903551446,838.4613113725046,839.5877405906939,839.2689971179482,840.3961466924528,840.403254621554,839.913495491903,841.0443233432128,841.0414835880662,114.10804490419471,105.52775546218254,98.0512085793047,91.92429819143099,87.89531148027659,85.90323602187561,85.61953628967882,87.1478988824039,90.81998348803515,95.3395403557265,101.25788604798962,107.61049538638629,9.554108144352444,269.99999716835316,0.6670105270025707,1.8710135606069334
2021-09-08 13:00:00-07:00,716.2326166666667,228.35133333333332,0.2607121411844205,12.5,776.0688130997481,30.946177976407334,40.11790251317071,217.05585052194655,0.0,471.7864417460002,879.5000933628279,1.0,471.7864417460002,211.86725698710757,1.387398162333315,28.294514277777772,2.198698438333333,847.3318526536917,847.4160688051736,848.0885000632345,848.1488863517429,848.6636946373492,848.6854929641902,852.0005654066383,854.7104272464875,857.6089639343138,860.193583596652,863.0143087493022,865.4523801209006,106.92402518631727,96.78463775741498,88.10040064422446,82.93923499080707,78.14159925099317,77.31909059174652,75.95112940439236,77.94571048330226,81.19653346377102,84.52856643662524,89.26522349966368,94.82913858096181,26.919296410462643,269.9999987925817,0.5236324857610668,1.9654977517398469
2021-09-08 14:00:00-07:00,629.1550333333333,211.09201666666667,0.2704900380665105,13.5,628.3680800597199,25.48064164158469,48.45313020116985,234.91268851633603,0.0,343.70377324783647,845.9745112126112,1.0,343.70377324783647,182.09502835790153,1.7404297623838723,28.343091277777777,2.2296774866666667,820.4482097963114,816.7672491651907,812.7207112307882,809.045807436599,801.2006931003107,800.4233706407961,800.1952595376274,799.0164731826527,798.9577725843795,797.8788641572794,797.0147324238017,796.2658253203758,74.93705340469796,70.36096122627386,66.21068111137811,63.350424816524935,60.49035570359183,59.09561028382838,60.700329249655084,63.70340789500538,68.33582472732257,73.77827992717647,81.941026161902,90.3774432202759,42.71847996391,270.0,0.410801664418934,2.122447031269225
2021-09-08 15:00:00-07:00,583.3271666666666,182.77268333333333,0.2845500581531724,14.5,486.441707348224,19.35863856334141,58.62876990897126,248.5699047373253,0.0,214.59681581692254,813.3223608807614,1.0,214.59681581692254,148.3951110027556,2.3725991710631336,28.67656255555556,1.614042413333333,786.2139139492316,783.1214668807148,779.9730512430227,773.3758915019961,770.263602706428,769.0735547291766,768.6945438408455,767.1799708137002,765.5892423635327,765.0887070254646,763.6935029737288,762.2097666251332,61.2885549461532,59.15249749430054,57.43419959382438,55.52466195532395,54.864511771229296,54.9251785810491,57.544930859987005,61.851267950440636,65.48252226040029,71.12323766411939,76.24424390699069,81.71573266891531,50.0,270.0,0.366977778440511,2.214355247456318
2021-09-08 16:00:00-07:00,435.73225,125.66181333333334,0.2909367014299244,15.5,276.63396238618026,21.604038225183935,69.72788391842934,259.7108324332148,0.0,69.40851309702809,610.027046903246,1.0,69.40851309702809,91.30349546629941,2.857142857142857,28.41855455555556,1.227053935,592.4144849057931,590.270400777061,588.1823947546604,583.6333866995774,581.3465858953665,580.2478400531977,579.7441332867758,578.6190324191325,577.4852286342107,576.9376309733888,575.7547724078709,574.5571938256065,35.36308923319162,33.49961666833127,31.638321068784954,29.655243502021712,27.740549481412646,25.74937328860287,25.08830687066374,24.363745927434604,23.539826050469692,22.714010637104614,21.882391345311966,21.10987755905605,50.0,270.0,0.366977778440511,2.214355247456318
2021-09-08 17:00:00-07:00,180.77123666666665,61.304793333333336,0.2591113387875697,16.5,88.92400296684023,64.11732360665945,81.21161950747096,269.6022131660477,0.0,31.922223029922485,163.56306447761537,1.0,31.922223029922485,24.444519181332208,2.857142857142857,26.798018222222225,0.8913719583333334,151.86632454691042,151.66038270913498,151.66108752305578,151.4512797112753,151.21307454290113,151.21209622382568,150.97081936983056,150.700992442987,150.58671482639085,150.42674177849185,150.28417991905744,150.14744382500746,8.376631065885812,8.070509557800827,7.947639556305286,7.762327871141975,7.545978391082357,7.4579198890001175,7.244401532397557,7.203367780216088,7.211258636380065,7.127081466102378,7.203687888262155,7.349341939522702,17.094741311587356,270.0,0.6030237000264959,1.9013228589295985
2021-09-08 18:00:00-07:00,2.9049512500000003,4.6077086666666665,0.2431616440559174,17.5,4.663656225705937,86.84560335978162,88.89645059973677,275.9661766106551,0.0,2.9483398763869664,4.766066996665881,1.0,2.9483398763869664,0.0014918332878443997,2.857142857142857,22.94838305555556,1.256843698333333,4.400296934613221,4.400296934613221,4.400296934613221,4.400296934613221,4.400296934613221,4.400296934613221,4.400647103796368,4.400647103796368,4.400647103796368,4.400647103796368,4.400647103796368,4.400647103796368,0.6290500715297282,0.6154493022880456,0.6040796441709089,0.5953802914189562,0.5896796347802787,0.5871736254057413,0.5880556686247682,0.5922055244158395,0.5993039110823453,0.6090097560470816,0.6208993905378128,0.6344734254308184,2.062028851711941,269.9999868286217,0.7320092878811943,1.8577903982426787
2021-09-09 05:00:00-07:00,23.91932895,5.425716566666667,0.242252345894532,4.5,5.991606165330959,86.12413546408376,88.64435532001168,84.48244916570906,0.0,3.472708994869917,7.0398955176279125,1.0,3.472708994869917,0.0026484811530642664,2.857142857142857,13.804712111111112,0.9105012,5.6616934346714425,5.6616934346714425,5.6616934346714425,5.662459488779541,5.662459488779541,5.662459488779541,5.662459488779541,5.662459488779541,5.662459488779541,5.662459488779541,5.662459488779541,5.662459488779541,0.7367404206799445,0.7209240584950545,0.7078070571188063,0.6978837430571847,0.6915216541418605,0.6889198168395878,0.6901243947009715,0.6950264400281317,0.7033458962929948,0.71559220543716,0.7296285131165512,0.7455321922491412,2.531970817978282,90.00000381819183,0.7279115772522797,1.858119130536691
2021-09-09 06:00:00-07:00,339.18205,52.48842833333333,0.2891405531612976,5.5,107.96737729640012,62.13862415895,80.5860083925352,91.18793892289489,0.0,24.8896061604743,239.72350221445876,1.0,24.8896061604743,33.42942638585316,2.857142857142857,15.709272833333332,0.8452504093333333,221.46309995118048,221.5922544155324,221.70079819251217,221.81982740022994,222.28041624800034,222.66050579588187,223.10999895918513,223.14044005594837,223.52088826615093,223.9070929798835,223.89879722644895,224.2804414019484,6.419868385530308,6.466054136419415,6.3883543985671665,6.437153818923137,6.599818485231841,6.742098831893836,6.8017851673002045,7.034202136447439,7.2712388709414855,7.522977483568557,7.791132403651305,8.048088546846786,18.451733109833256,90.0,0.591747169627966,1.9085522358962832
2021-09-09 07:00:00-07:00,636.7246333333334,95.76066833333331,0.2918242203756834,6.5,322.4978137528814,21.379741670335743,69.13917190923857,101.16176640568598,0.0,61.01690882701011,770.3409999025396,1.0,61.01690882701011,101.93345645205108,2.857142857142857,22.20218911111111,0.5729410404999999,732.0268224303176,732.862391653691,733.666166278015,734.0813743033322,734.822564045076,735.6074591698568,735.960525845568,736.7105681821585,739.5666323304969,745.1235293241804,747.7379891119903,750.4105200444902,17.64610626889872,18.83134603322741,19.972924411463424,21.014456762541165,21.854303090923953,22.527036858710073,23.014002436146715,25.336360316812524,27.53769313092501,29.79497452514327,31.910420653824474,34.05344523492277,50.0,90.0,0.366977778440511,2.214355247456318
2021-09-09 08:00:00-07:00,774.5436000000001,120.3572,0.2853892131150918,7.5,529.4889367942837,19.83749826349695,58.11453208857468,112.45766999775634,0.0,219.33525650883522,932.4011903783259,1.0,219.33525650883522,153.81716774683753,2.3259692632982714,24.5812005,1.46696332,883.095978064742,883.7247713899998,884.2974848347284,884.3852126865305,885.2523303071373,886.0272546113729,886.023424560913,886.4687347663306,889.9382269481549,897.2288943381067,900.7355819246387,904.1843205716647,83.6459442937138,76.32308548064765,69.42717816408671,61.9801897319282,57.09894041201803,51.44224080488284,47.81362645405939,47.56415910775622,48.21902826268816,50.345241593411856,52.309977774866475,54.77420366898047,50.0,90.0,0.366977778440511,2.214355247456318
2021-09-09 09:00:00-07:00,845.4297333333333,136.24641666666668,0.271184031870957,8.5,701.1525919775568,26.17342579232307,48.07261691933765,126.36083909393494,0.0,381.32269923366476,954.0538967027792,1.0,381.32269923366476,192.96255768781702,1.7163231976068158,27.01106133333333,1.9567935116666668,911.298128617757,910.8893597937505,911.1977792355515,911.6563656586725,911.3114882497312,911.930097148207,912.4397386932084,912.6015187904377,919.0495666969955,922.1100232144621,925.1211837173471,928.7525803100283,99.28151385803012,87.46817356831092,78.61173822798503,71.57302426194948,66.05705113969566,61.97597135593087,62.061716100242826,59.994514017140844,62.189785246148006,64.4647283032158,67.96767731239571,72.82103031027141,41.8812497225986,90.0,0.4162055296365,2.112612799845637
2021-09-09 10:00:00-07:00,862.6879666666666,152.95511666666667,0.2608686388816784,9.5,814.1509306016817,31.542783624302785,39.965013016141704,144.53268075996982,0.0,500.01423071691283,918.2812144599849,1.0,500.01423071691283,217.74991143443768,1.370342623935365,30.25723255555556,2.50104315,891.5404740567757,891.6968085560845,891.7710696377433,891.943017732018,892.0235623709495,891.9133925875533,894.551896224241,896.7608327958593,899.1117411191859,901.076882717406,903.3595064686209,905.554611297516,113.08945018387185,101.92539737471327,92.35004499700746,86.16222784286597,80.91075610060628,79.16757053679399,77.74304985090345,79.39370368506768,82.84984585370427,85.75623903108755,91.0061944634514,96.19769677668732,25.932470201110604,90.0,0.5313442458436634,1.9578327634058335
2021-09-09 11:00:00-07:00,884.0900333333334,154.15048333333334,0.2553918989516488,10.5,875.793251867908,34.396250119885266,35.28837278043927,167.92626922038122,0.0,568.9170390039465,889.8602067987733,1.0,568.9170390039465,227.0571578011933,1.111086545716284,31.70230077777778,2.805052666666666,880.4627075283221,880.3615940506478,881.2130149638754,881.0325227781999,881.8077134523696,881.529606974562,881.5270782438579,882.3765415057586,882.013182784289,882.015153739989,882.810555519037,882.8133974395248,120.39794875840583,111.07605231508616,103.14699664701398,96.59074668862881,91.46505000049076,88.96153821069646,88.49877571607277,89.8556233148121,93.31425081823751,98.27627958642157,104.2976425844635,111.50418050967544,8.420741227716944,90.0,0.6767794308736137,1.8679234714516788
2021-09-09 12:00:00-07:00,885.3878333333333,155.1738333333333,0.2555015535349922,11.5,876.0837140107063,34.304208572618236,35.488642198097786,193.88131642620408,0.0,569.1726845223752,894.0452344989461,1.0,569.1726845223752,227.59577692583787,1.1283955634887706,32.58637077777778,2.861208756666667,886.5417404708182,886.5449022150231,885.6862930599667,886.0397239965516,886.0317720755951,885.3672664519345,885.3722659662642,884.5334297805222,884.7215703537871,883.7733088208237,883.8544262582026,883.0307769063572,112.92168065851196,105.39324213606976,99.04071770560499,94.192270135053,90.67116563643238,88.72317595389589,88.79246625125268,91.25264763876838,95.61394277562113,102.59399298661886,110.45082624272625,119.74547090655163,9.706809710471767,270.0,0.6656967344629354,1.871459420293506
2021-09-09 13:00:00-07:00,866.62355,149.92164999999997,0.2608977707028883,12.5,808.9782088251038,31.282560893591082,40.492787807086906,216.90266381678472,0.0,489.42087685694327,922.6699921401109,1.0,489.42087685694327,216.24116630978392,1.3913476802369122,33.315357166666665,2.3703483966666665,909.4204987497341,907.1415479391939,904.757679430863,902.6209273044068,900.2120597768609,898.0113611664835,895.2142934895892,895.347091534883,895.3283260036266,894.7886513628617,894.7719016369246,894.8602576344072,93.46844056093337,88.11096225242368,83.3021737805449,80.88851557714334,77.25177405960567,75.6643929969075,77.27176199733636,78.70746322197745,84.02409064902778,90.17391736066057,99.63772677577197,109.51848840279825,27.144593930713235,270.0,0.5218811842345358,1.9672848777017282
2021-09-09 14:00:00-07:00,819.7018,141.21746666666667,0.2725365283870953,13.5,681.1359241023085,25.783073610186925,48.80097344644658,234.68414917159885,0.0,365.3909861529749,940.1586657094838,1.0,365.3909861529749,189.3157668120041,1.7483640925088466,33.792161722222225,1.8098546516666665,914.223908400298,910.5201307923987,907.3047785196622,904.1562353301448,897.1078048467496,897.3081064637707,896.4063847237238,896.1648682366549,895.914532601738,895.8348495735413,895.5729855971608,895.4387697862752,71.32246463977509,67.04589530325919,63.25187145548076,60.22781740699084,58.623391998685406,57.20299400466456,60.59894400545713,63.42369524159086,69.60952388029621,76.28096221843705,84.82691009081825,95.17095149188006,42.9877598749378,270.0,0.4090789474717443,2.125643476574353
2021-09-09 15:00:00-07:00,720.5779166666667,126.72145,0.287307139703891,14.5,498.3423220329005,19.71218736049152,58.95399602864845,248.322751409672,0.0,200.6507296306688,889.2120234143699,1.0,200.6507296306688,148.41285559348708,2.3919149667268944,33.52231988888889,1.6903499883333335,861.9006999137445,858.3952856555297,854.8217555764339,847.4087246720502,843.8872772516212,843.3161405401498,843.2339495990502,842.2673357789464,841.260897240646,841.0447556997741,840.263756599372,839.3801984091144,54.55679449991065,52.19767323930536,50.35045103691276,48.31936653307061,47.7044238073865,47.940322106163975,51.344183210915915,56.75747310882152,61.38430539594082,68.25515166775804,74.49217529171759,81.07973904819355,50.0,270.0,0.366977778440511,2.214355247456318
2021-09-09 16:00:00-07:00,569.91275,98.289165,0.2941814765357798,15.5,292.8404275205558,21.979403630891788,70.03962040523977,259.4649080418038,0.0,54.038186700620095,707.5425738374511,1.0,54.038186700620095,95.671776800797,2.857142857142857,32.6396345,1.5471389216666669,688.8080656415426,686.1875309835165,683.6058959436708,678.0548987494764,675.2542319497251,674.4501839945459,674.0793675854512,673.2596985701384,672.4300741458138,672.0292793613705,671.1566364690187,670.2822870027115,31.982478935274415,29.629785942841778,27.286112991318383,24.846302208886957,22.455487177051324,20.014191849009414,19.442693674566584,18.83537487234237,18.140429813777732,17.413011081412527,16.713543266820498,16.03616710436756,50.0,270.0,0.366977778440511,2.214355247456318
2021-09-09 17:00:00-07:00,292.63882666666666,50.85586666666666,0.2471420557928948,16.5,94.01562999338461,65.07794085285393,81.51880801562427,269.36245590532747,2.2030759434108832e-10,24.42902350140045,200.45489559086656,1.0,24.42902350140045,25.190287151092466,2.857142857142857,30.67831933333333,0.927987315,182.06740661635246,182.17807449306673,182.167232306024,182.58470461887563,182.97915053811988,183.02638111123423,183.3389829067055,183.68577421966353,183.68732962882993,184.00040555612145,183.98558010880924,184.2912554260064,5.475176116388588,5.457816748027974,5.386886408584573,5.464350603667375,5.55215545024282,5.575087744070303,5.728375080713066,5.912764563512956,5.9901381223230326,6.187193416436586,6.422463655691142,6.619383625647988,16.441961676922585,269.9999982924527,0.608478023358975,1.8980359181050517
2021-09-09 18:00:00-07:00,1.7941989833333334,3.9155873166666666,0.2345189038865933,17.5,3.940476754925404,87.72849942725998,89.20515755403667,275.7310179114042,0.0,2.5047497621923918,3.986043274661845,1.0,2.5047497621923918,0.0006567186401949501,2.857142857142857,25.373581,0.9863458916666666,3.716701674892616,3.716701674892616,3.716701674892616,3.716701674892616,3.716701674892616,3.716701674892616,3.716701674892616,3.716701674892616,3.716701674892616,3.716701674892616,3.716701674892616,3.716701674892616,0.5153701839076811,0.5042613068623839,0.4949453795644285,0.48779126819942936,0.4830770898586982,0.48097728220825,0.4815479244406346,0.4847373975673003,0.49038366771496467,0.4982267871823547,0.5079223330928879,0.5190669196183721,1.4840803702904448,269.999980307604,0.7370504037204406,1.857478297490578
2021-09-10 05:00:00-07:00,13.257248666666667,7.420227516666667,0.2831284888645877,4.5,7.69320029521922,86.62734934058383,88.82017046744132,84.82930263868622,0.0,4.748358273599711,8.197410623729645,1.0,4.748358273599711,0.0027391093588492385,2.857142857142857,22.33810283333333,2.042489516666667,7.244320250506333,7.244320250506333,7.244320250506333,7.244320250506333,7.244320250506333,7.244320250506333,7.244320250506333,7.244320250506333,7.244884160943441,7.244884160943441,7.244884160943441,7.244884160943441,1.1795410042561132,1.154016925887912,1.1326967142812925,1.116398063444268,1.1050692684199663,1.1008528381834781,1.102719873672254,1.1105170099145074,1.1238233276791014,1.1420006993242326,1.1642515282109895,1.189629001077041,2.2017925132626908,90.00000954547954,0.7307904643664012,1.8578811421937824
2021-09-10 06:00:00-07:00,73.24137166666667,92.74688333333332,0.2817063703487894,5.5,104.50710077853263,62.69251738841834,80.76013597395924,91.54026736215576,0.0,48.85991994235045,157.82424054104536,1.0,48.85991994235045,29.614229128338867,2.857142857142857,24.2415305,3.61527435,147.2208763760704,147.4482067014891,147.68875499870393,147.897514231637,147.94584574228782,147.98977509741457,148.01174229009007,148.01284721376473,148.05277694127642,148.06865555722027,148.06940978578018,148.10630745022803,11.93468346913049,11.624274531984733,11.505022217058563,11.507649056812985,11.432617462569219,11.502063682498488,11.629942171243753,11.773029625785917,11.957925650546015,12.174553637829394,12.372769864444104,12.596984581242594,18.074753039529803,90.0,0.5948712191137121,1.9064903205329051
2021-09-10 07:00:00-07:00,166.39137833333334,204.47173333333333,0.2820931374480474,6.5,263.22905506579104,21.686886908799266,69.32129155221048,101.52927550422446,0.0,112.056969252476,434.1190804060665,1.0,112.056969252476,87.29834762642471,2.857142857142857,26.61092611111111,2.7011382000000004,401.530342653687,403.6835497587827,405.79749972643594,406.75964971378806,408.80572495338686,410.8214695530537,411.7134009775688,413.6888596472908,414.5094749725018,416.22291814075015,416.95236453082225,417.71029700280974,34.8866204274502,35.79737785061794,36.863048342003054,37.89982219084943,39.0365202818021,40.070031044485646,41.06610459742553,41.818341443241735,42.50004602154562,43.26671561619999,43.86307210235704,44.443219048593846,50.0,90.0,0.366977778440511,2.214355247456318
2021-09-10 08:00:00-07:00,288.79611,242.40855,0.2768980676138154,7.5,394.08208683668045,20.22638950434495,58.31880014001405,112.84707935632902,0.0,197.23151874168994,575.0934996787158,1.0,197.23151874168994,126.6796568664517,2.3346200918786177,28.72396105555556,2.74326325,527.8910208755971,530.1449534521818,532.338188022962,533.2382743975562,535.5214934771178,537.7112106839609,538.5121548532941,540.5039270342801,542.7867439021165,547.6180686697388,549.8852833513075,552.1143770531662,68.95511913734315,65.89688703366814,63.215297710208546,60.297190539852245,58.77286054623322,56.85991911510918,55.96764547638858,56.45258139269745,57.3506249565378,59.047142060694206,60.55356795875625,62.29591933090488,50.0,90.0,0.366977778440511,2.214355247456318
2021-09-10 09:00:00-07:00,664.4935666666667,190.14373333333333,0.2726875571880269,8.5,632.0437212016363,26.553269451427795,48.31631617733528,126.76765530854914,0.0,348.3671744248899,850.4471443045986,1.0,348.3671744248899,182.51287211480127,1.7189830385587352,31.53213277777778,2.2291673933333334,803.1912192189966,803.699040768187,804.3923651668488,805.2226555503183,805.1254731947624,806.0739319152575,806.7179187053762,806.6885188934525,814.5751490628355,818.1626300567445,822.079796145646,825.7274180837974,90.57431304122642,81.8796690541473,74.05402609670551,68.17961256750345,62.728719783099606,60.31881358007466,61.06086587275155,59.4884098737129,62.22800072648323,65.03385272477489,68.92488302757356,73.49892370671213,41.975062420095625,90.0,0.415596452750745,2.1137068677339093
2021-09-10 10:00:00-07:00,852.5527,150.45666666666665,0.260287142475921,9.5,801.0008440811371,31.931197918334714,40.26577877478186,144.9157979098278,0.0,491.9320214513291,903.8384363880625,1.0,491.9320214513291,213.95299688152932,1.370805284668398,32.145549555555554,2.415310555,877.2599905979514,877.4151661499905,877.486752797031,877.6563046560675,877.734472886699,877.6252773398493,880.25483946133,882.4559282305207,884.797677842478,886.7587965068532,889.0334268378415,891.2181492330815,111.0206044327229,100.05755192441583,90.65857698338084,84.60135773809573,79.4448491847478,77.7610090726446,76.36027467420384,78.00256373059179,81.42690068328267,84.27936533736641,89.45134051329747,94.57442470779922,25.959537023888338,90.00000085377364,0.5311318508785581,1.9580394519660016
2021-09-10 11:00:00-07:00,876.9143833333333,157.0721,0.2557667552800243,10.5,869.6557064731414,34.782041849171854,35.64892419890778,168.1786571394207,0.0,556.8253117649507,883.4530407044224,1.0,556.8253117649507,225.83188972337166,1.1102549637739711,33.85437316666667,2.8531226166666666,873.8599166398425,873.7609584534067,874.6156506832691,874.4365173327934,875.2166264190747,874.9393892076691,874.9368716178803,875.789522862115,875.4264468357356,875.4281760910222,876.2279402341437,875.7884205345401,116.23562815521726,106.28454935431199,98.68622462330873,92.53329130090161,87.92417560495255,85.79952070536997,85.70199933168361,87.4090824513895,91.1168323357905,96.29042597017165,102.44084603304938,109.75629306780117,8.358693952440325,90.0,0.6773151010045821,1.8677654661377345
2021-09-10 12:00:00-07:00,855.8882333333333,158.72158333333334,0.2560010023976246,11.5,852.2231490481787,34.67183380643377,35.87756544771997,193.90736496538608,0.0,545.7623182223572,870.245952866922,1.0,545.7623182223572,222.04722943880708,1.1304930907413242,34.2253065,2.8234867166666664,862.4799570938956,862.5587801862705,861.9800860659051,861.9720954833995,861.9641970007149,861.2923031294389,861.3885374606195,860.6316908579092,860.6372566488473,859.7726051218133,859.7632513481498,858.9277516130694,106.77311871053124,99.65601116311686,93.86467165230708,89.26798621435336,86.106234961524,84.86895740258237,84.87661376492962,87.54383212124763,91.96046605544252,98.25749954383046,106.98037007653542,115.89555630329984,9.861913692590436,270.0,0.6643628854110681,1.8719194619580248
2021-09-10 13:00:00-07:00,842.0992833333333,155.55598333333333,0.261521262405624,12.5,792.3536090518355,31.61966593378656,40.86944281010707,216.7518042424757,0.0,479.73580716368974,904.9686439035775,1.0,479.73580716368974,212.88426440258107,1.3953699804901487,34.92082472222223,2.002099118333333,876.2055355459959,876.5196432893604,876.8991076128688,876.8248762113262,877.1728075455812,877.3920285177127,879.8872996493295,882.4232346064322,884.5573766982684,887.027969704153,889.3127355308266,891.7247661295196,107.86245444667547,96.85688414273379,89.00349033780779,82.9056354306611,77.97393185859421,76.43103940473979,75.20258145529992,76.49938113621954,79.66490342370541,82.9709519909515,87.17897873550795,92.15616884499363,27.3727977128597,269.99999914622634,0.5201108873551137,1.9691090832640779
2021-09-10 14:00:00-07:00,791.1928666666666,146.63541666666666,0.2729006373018436,13.5,664.1312704190376,26.08593955429565,49.15079789309849,234.45761521748636,0.0,355.28668241767485,925.1919586652825,1.0,355.28668241767485,185.2437384136181,1.7564726113026305,34.76906038888889,1.8477444666666665,899.5698114771833,896.1792206264502,892.4075057846208,888.8817118111217,881.8689498736973,882.1017127042123,881.8521165708435,881.6690836794432,881.5266989038075,881.0632708993924,881.4057769031376,881.4102153581787,70.26345471639736,65.85099847754681,61.290251812650624,58.673869895006625,56.89467777196126,55.29845495047124,58.42440196946188,61.24567462789883,66.28208462797355,73.96227046081988,82.69127203331834,92.6711061000436,43.25981585969925,270.0,0.4073461179458641,2.1288892828619472
2021-09-10 15:00:00-07:00,709.5260333333333,128.4037,0.2869538266451569,14.5,490.84765921829216,20.06818302016751,59.28117142228907,248.07671138032984,0.0,198.54671613574516,878.9172701375899,1.0,198.54671613574516,146.7800578580734,2.4116958367792214,34.75325294444444,1.64625925,851.912773244452,848.4038127487978,844.8269991348589,837.4063024428514,833.8766580248863,833.2749579532211,833.1751365659239,832.1862561898864,831.1571886684476,830.925293026696,830.1154531421245,829.2046990616547,54.53631912573463,52.15086235030257,50.266521100667056,48.201133758219065,47.52296095022943,47.677387162597945,50.98321988745371,56.25392304266809,60.75512700065847,67.45422646524995,73.53421356511643,79.96130953959025,50.0,270.0,0.366977778440511,2.214355247456318
2021-09-10 16:00:00-07:00,471.6130416666667,101.18416166666668,0.2882858926443232,15.5,259.75082957683605,22.35673347558672,70.35313730071775,259.21933700456,0.0,51.44224789791378,609.4751437362761,1.0,51.44224789791378,83.15829137156273,2.857142857142857,33.70525983333333,1.24518512,593.1177385216592,591.1389754779264,589.1609267897769,584.9528735003925,582.8401394295056,581.9680952871994,581.5727002887686,580.6861649041725,579.7820057453615,579.3632677593009,578.4265644175591,577.4781516915648,28.113933611313158,26.28602505248588,24.45237060010106,22.564260572574884,20.71625446211685,18.866758309048777,18.345496610129636,17.823358561136995,17.255408462954925,16.727789871491392,16.219387317640173,15.781579549895037,50.0,270.0,0.366977778440511,2.214355247456318
2021-09-10 17:00:00-07:00,189.4843033333333,46.58337166666667,0.2391696085766169,16.5,73.51907283324192,66.03675555093682,81.82756834673685,269.1224654293277,0.0,22.261116876408725,147.85011922317744,1.0,22.261116876408725,19.436777440099913,2.857142857142857,31.34699872222222,1.0153009983333332,135.2391453928238,134.97804674050323,134.97823940878553,134.70074133251643,134.7002295980587,134.3938178153557,134.1172599891375,134.07271739794393,133.72057583554266,133.3549003835872,133.26031327597366,133.26867110114094,5.927776542526836,5.610460748961529,5.526284506069089,5.318638920295389,5.164931572940899,5.107809486329982,4.96182752642915,4.857105758148191,4.859526132982498,4.8089496920599,4.776243278098753,4.87084514966436,15.792793496486816,270.0,0.6139203901055922,1.8948906245738997
2021-09-10 18:00:00-07:00,0.6095172000000001,3.42842365,0.2394676893588974,17.5,3.4356178785621667,88.06743007287386,89.323713088079,275.33580826410696,0.0,2.192905671114448,3.448562946538223,1.0,2.192905671114448,0.00041563947825997626,2.857142857142857,26.519122,1.115971335,3.2450232253581777,3.2450232253581777,3.2450232253581777,3.2450232253581777,3.2450232253581777,3.244922533350265,3.244922533350265,3.244922533350265,3.244922533350265,3.244922533350265,3.244922533350265,3.244922533350265,0.4641028142114816,0.45409508841353285,0.4453962920746469,0.43836712862060534,0.4333153454631485,0.43046983902626806,0.42997279742678707,0.43211923923723417,0.4365193686500443,0.4430796351502325,0.45154230300507414,0.4615705449397912,1.2617527215034277,270.0,0.7389900202766967,1.8573853258454083
2021-09-11 05:00:00-07:00,11.978453316666666,6.1826515,0.2477215950281476,4.5,6.432483333670881,86.5836764452976,88.80490850687931,85.33733445880837,0.0,3.956467954042234,6.894118528308357,1.0,3.956467954042234,0.0023382114782202475,2.857142857142857,21.48550144444444,2.0582603255,6.057166849222135,6.057166849222135,6.057166849222135,6.057166849222135,6.057166849222135,6.057166849222135,6.057166849222135,6.057166849222135,6.057636708360823,6.057636708360823,6.057636708360823,6.057636708360823,0.8599406528025879,0.8413301579293924,0.8257872008417168,0.813907113694288,0.8056565012929185,0.8025862757704992,0.8039502610959478,0.809636891353333,0.8193368325986089,0.8325855772407225,0.8488003705763787,0.867290551088985,2.2286171562165658,90.0,0.7305565501346512,1.8578992386847082
2021-09-11 06:00:00-07:00,389.1937333333333,57.88101,0.2947371514207278,5.5,119.20082322406539,63.24604710732049,80.93493311416236,91.89371549503312,3.108624468950437e-16,27.974116868964618,262.8249328510868,1.0,27.974116868964618,37.21010308475835,2.857142857142857,22.09352761111111,1.2923820506666668,241.6001752952857,241.73943126341499,241.87049077584166,241.9826263791579,242.3336431806266,242.77017107707718,243.19594939160737,243.24591096788387,243.58414652043254,243.95754981316526,243.95526478966917,244.29589433988872,7.405974098170098,7.372710119249616,7.279915540234894,7.357624334107798,7.479910945996424,7.509794794530274,7.703155230958781,7.927463602678713,8.042400962704102,8.453374163803586,8.572704895276615,8.822767328031958,17.699407038483905,90.0,0.5979883991545313,1.904478229462375
2021-09-11 07:00:00-07:00,603.9461,84.71792333333333,0.2886977666080093,6.5,296.17937718093214,21.99743040860306,69.50455040374081,101.89743527258804,0.0,53.73761739617327,722.8798368511481,1.0,53.73761739617327,92.76767894779726,2.857142857142857,27.03960233333333,1.5859407616666668,687.7359696991027,688.44283826889,689.1277780885946,689.4800613380818,690.1125543123319,690.7788305671332,691.0849007259852,691.7200198826217,694.4241780783165,699.704454417452,702.161926637675,704.6936323987367,15.073102348518088,16.115950687207313,17.12666275539645,18.067765859592303,18.851229838562382,19.484994679426624,19.960866814951423,22.218337905301873,24.360055684436933,26.532129272197604,28.59208100467829,30.649414171615753,50.0,90.0,0.366977778440511,2.214355247456318
2021-09-11 08:00:00-07:00,830.0105333333333,95.022765,0.2827116402471692,7.5,528.3969068712325,20.616723047431183,58.524703496519955,113.23641962304897,0.0,211.13449740583096,944.0865968391552,1.0,211.13449740583096,149.59716344688397,2.3433812753212795,29.832125666666663,1.35094312,897.0724200590836,897.6162168698141,898.0929056393287,898.1469781026566,898.911509211301,899.5911421104129,899.5397158533373,899.8632671631694,903.0983600816206,909.9126223668552,913.1923640884223,916.4160873352538,81.86488265264077,74.42757669583142,67.3879064684589,59.818153134487844,54.76951768894948,48.97644574095138,45.247274577171474,44.73201510730116,45.095468347607856,46.96447703824738,48.64748171518787,50.853057971013726,50.0,90.0,0.366977778440511,2.214355247456318
2021-09-11 09:00:00-07:00,740.7273,169.61146666666667,0.2700705312842613,8.5,659.8309586379345,26.934522145993746,48.56206799546477,127.17316692974448,0.0,361.02531030144445,896.2476732377193,1.0,361.02531030144445,185.6131928995718,1.7216698284440992,30.7790655,1.93865242,851.117470193168,850.7612465374411,851.2325181993034,851.3464919826642,851.6548110725099,852.9192145152879,852.9727416989545,852.8371989303869,860.4693516252023,863.923220398921,867.7220214362444,871.2609965245707,92.72424711322861,83.39743116668934,75.05558508409902,68.70136739756,62.803242533414554,60.12075084954482,61.05567437261278,58.850777896888644,60.782848672188685,64.07698560716298,67.89769072213659,73.18212475443526,42.069459969792646,90.0,0.4149844836260424,2.114809768054972
2021-09-11 10:00:00-07:00,715.1931000000001,236.77211666666665,0.2615638375181308,9.5,780.0520643653052,32.32104853617853,40.56867902511891,145.2959816601384,0.0,481.2852044544509,875.6109260559026,1.0,481.2852044544509,213.5096139797226,1.3712667784921557,31.984501055555555,2.53325135,843.7877303457108,844.3576300280014,844.6148172167152,844.9802630516593,845.2339359441024,845.3050164598405,848.4192877074363,851.0861465818803,853.8793681778933,856.2802410119033,858.9680254098164,861.5448304302565,109.46199289830591,99.25111961588568,90.53202641621593,85.33396193172996,80.61041731257177,79.53963013057984,78.32851148345662,80.37501454130232,84.11019139600512,86.84814441268524,92.21557189674178,97.54458774071814,25.9865191690407,90.00000147877934,0.5309201689988557,1.9582456936174402
2021-09-11 11:00:00-07:00,815.4593666666666,246.66785,0.2576712914465437,10.5,906.2947879841195,35.169162233473614,36.011180911613174,168.42809897429527,0.0,580.4213427703368,920.4973108404803,1.0,580.4213427703368,237.7878061797477,1.1094071330281037,33.16865788888889,2.99234795,908.1197142146746,908.1158596497021,908.9302812284761,908.9372676949258,909.8630708452824,909.5634108448438,909.5608587854881,910.562611620627,910.1584115785879,910.0981184606092,911.1055783353781,910.6071690365185,122.47882806037774,112.35129362103525,104.40721448869522,98.4253465176987,93.75879147402595,91.61194505661275,91.53441987198379,93.3061946180178,97.17518216551572,102.22683384511521,108.77745287986586,115.88015674997587,8.295411074518288,90.0,0.6778615262108525,1.8676055094911934
2021-09-11 12:00:00-07:00,394.78853683333335,210.01621666666668,0.2584212596781641,11.5,528.3183795528467,35.04048098249288,36.26789418928336,193.93360694399064,0.0,338.6290455116506,540.5094472350291,1.0,338.6290455116506,141.2344292845793,1.1326248005495936,32.49663016666667,2.9028878,532.8954917017529,532.8979149427613,532.2967476454287,532.2935195896937,531.5930019119547,531.591499055563,531.651603617003,530.864931203146,530.8682785579315,529.9769419033739,530.0371259375397,529.0571494412184,68.92905064676842,65.03779142098608,61.17563226630126,58.464518918907125,56.58509874114092,55.80226602337214,55.56162366359349,56.79395991355253,59.5429459736978,63.14406624074245,68.16476378873247,73.34012437018639,10.019371160220157,270.0,0.6630094390464283,1.8723938692175426
2021-09-11 13:00:00-07:00,0.6960616500000001,107.24492333333336,0.26389533682382,12.5,107.7682682724867,31.95740826495619,41.24774252334107,216.6031924142108,0.0,71.46247118724138,100.1382842886869,1.0,71.46247118724138,29.498223751018777,1.3994651244961136,30.694940944444443,1.4899643416666666,94.51523454925773,94.63721797335614,94.80934394694994,94.93607556375258,95.1247929394309,95.272761379524,95.46963022310022,94.98294251536679,94.54024920718764,94.07891001286667,93.00853479872556,92.50786901733002,17.40589003100643,17.341799630931774,17.493134558403433,16.997353612483415,16.88258877788671,17.05085593670001,16.6337603105701,16.871852886323097,16.56427577506131,16.982711335548323,16.874094504322443,17.15722306307063,27.603846407690092,270.0,0.5183222364406896,1.9709703821197242
2021-09-11 14:00:00-07:00,0.7594797166666667,182.29077833333332,0.2621528357346346,13.5,182.78399600765346,26.389166816146556,49.50247482028557,234.23306290645826,0.0,122.47586843812114,161.98871475614297,1.0,122.47586843812114,56.91302917845904,1.7647576211900262,30.001914555555555,2.4112510533333333,152.32080359610768,152.7524531233329,152.07439729538098,152.3813687451323,154.30256086689096,152.26468039694535,151.3112749255941,149.15163679257935,148.1395546808109,145.9003915103762,143.63412788905237,141.30722109679564,36.31352345121676,36.62120795123218,36.89555789314032,37.153795946351046,37.303627593069514,37.54449308696648,36.51943473163736,35.6407127544495,34.84176944816957,34.871658421042774,34.4844334283574,34.234077103246044,43.53456862682692,270.0,0.4056039524443235,2.132183927470208
2021-09-11 15:00:00-07:00,2.108336233333333,120.98115666666666,0.2657795136376517,14.5,122.04772317885993,20.426500365110783,59.610170409559636,247.83179288850067,0.0,82.28494218407111,104.35001914948364,1.0,82.28494218407111,41.131385620211105,2.4319514635382125,29.965091500000003,2.570118255,96.83700746214069,97.24504912606011,97.65832800387764,98.38393880145628,98.81144894673562,97.25497070157617,96.55410206532817,94.96768399888188,93.3365743024971,92.5928442277874,90.92433167342685,89.23013729306639,27.366110099611028,27.73958431475661,28.09156535589917,28.343927731960125,28.659933478930757,28.963881563154608,28.263577058742523,27.61642123888103,26.934932000625967,26.435314095163037,25.9434435274729,25.608256215658795,50.0,270.0,0.366977778440511,2.214355247456318
2021-09-11 16:00:00-07:00,257.00706806666665,112.05188666666666,0.2731358509173394,15.5,197.13056250083366,22.735887783405655,70.66831161124348,258.9741380886975,0.0,61.11477824921746,398.43833559552684,1.0,61.11477824921746,63.89642211203701,2.857142857142857,29.50733738888889,3.1535390666666667,386.1642924818593,384.93490557186493,383.68333193798503,381.0074100051182,379.68462865329843,378.57228036080335,378.06948078235376,376.94013391945145,375.7819989940051,375.2476686921434,374.0562981930726,372.85222636249847,27.81472342288804,26.651901654155985,25.473108806009026,24.239277013503987,23.045476675292825,21.852914736398937,21.262690852799558,20.684529123669975,20.078807587129045,19.55798852640951,19.056351395109555,18.656246546676766,50.0,270.0,0.366977778440511,2.214355247456318
2021-09-11 17:00:00-07:00,351.5955815,67.56504683333334,0.257127248432931,16.5,115.66030705350524,66.9936810304898,82.13777796772763,268.8822601768811,0.0,34.32382103789597,233.35688560406703,1.0,34.32382103789597,31.345270359088783,2.857142857142857,29.400542833333336,1.1731867333333337,211.68797884195155,211.46115558267664,211.46120096040073,211.20165918200323,211.20109940668152,210.93133027091855,210.86033106471655,210.6280634917646,210.31356709440547,209.96613644106887,209.8418868705983,209.69400766656776,8.912029796507586,8.703407048289508,8.422642185299564,8.292506075938348,7.993547827940958,7.897165004549348,7.837923229030151,7.645114015952187,7.6532846130346925,7.713728137388203,7.736886932713908,7.819580870431687,15.147162408438117,270.0,0.6193504306124917,1.891884984823012
2021-09-11 18:00:00-07:00,0.4152436333333333,1.0639837,0.99,17.5,1.0680176035994284,88.40950279513413,89.44338872862859,274.939896651334,0.0,0.6804898157959468,1.075421882939566,1.0,0.6804898157959468,8.725537333944567e-05,2.857142857142857,27.240930944444447,1.3022084133333331,1.0076690759394378,1.0076690759394378,1.0076690759394378,1.0076690759394378,1.0076690759394378,1.0076690759394378,1.0076690759394378,1.0076690759394378,1.0076690759394378,1.0076690759394378,1.0076690759394378,1.0076378269847939,0.5954671943869658,0.5816613240549559,0.5706151610754024,0.5617613068008512,0.5554841613570228,0.5520658754182228,0.5516767726955023,0.554356743902798,0.560020109474205,0.5684466412177442,0.5793012440140521,0.5921501132286238,1.037741601769987,270.0,0.7409444912531753,1.8573068750711252
2021-09-12 05:00:00-07:00,13.950568066666667,2.9919628,0.2541015771046895,4.5,3.23996921076868,87.08852860718125,88.98136985238872,85.68695713492184,0.0,1.9143040495720842,3.699731627879517,1.0,1.9143040495720842,0.0008209240507642018,2.857142857142857,17.770584,1.4940504366666665,3.013104002382074,3.013104002382074,3.013104002382074,3.013104002382074,3.013331380726817,3.013331380726817,3.013331380726817,3.013331380726817,3.013331380726817,3.013317094458664,3.013317094458664,3.013317094458664,0.4267356348708337,0.417515719438362,0.409801359987418,0.4039723901403879,0.40009409527607337,0.3983828441434871,0.3988779839443348,0.40152955996400047,0.40660255407854173,0.41319823138112927,0.4212846817990631,0.4305245165608887,1.8982220147884452,90.0,0.7334379181313471,1.8576916128209022
2021-09-12 06:00:00-07:00,3.02152565,43.572455,0.244176166436509,5.5,44.03937493383977,63.799245097611454,81.11039256191015,92.24816201633763,6.746914244959264e-10,27.888528464991218,44.84175631764451,1.0,27.888528464991218,10.485468911242688,2.857142857142857,19.172227888888887,1.1353293311666666,42.465118020782896,42.60418470646667,42.722970374131116,42.84913777533704,42.779461144476755,42.72340107582323,42.535561191799225,42.661667343481525,42.613000825445305,42.4248173201,42.55733267064545,42.370373675223355,5.797558583307428,5.696020515594423,5.654923977096118,5.557031191562241,5.551629937620717,5.609480009067098,5.599903822149948,5.672083305671174,5.789493496453679,5.822762312584038,5.947301711762471,5.9808551682350375,17.32560925104452,90.00000147877934,0.6010992051322137,1.9025150693894493
2021-09-12 07:00:00-07:00,661.5266983333333,123.45522833333332,0.2868178673352461,6.5,353.08217327618036,22.311244084460924,69.68894113373972,102.26611330449077,0.0,77.08995462495226,816.1686515322506,1.0,77.08995462495226,111.89433943978577,2.857142857142857,22.029177277777777,1.2146266196666666,773.574986623873,774.7825371110926,775.97061855136,776.540328574617,777.6661920212698,778.8042877041563,779.3194029119753,780.421545464156,783.312157211528,789.0122500352908,791.6388115407797,794.3460206224595,22.557459172480147,23.651921438392666,24.769998725321976,25.848682389734286,26.842196035023083,27.689003836170105,28.400711194547874,30.879556222768596,33.23551513114597,35.6506335720384,37.91998136096582,40.183259591938686,50.0,90.0,0.366977778440511,2.214355247456318
2021-09-12 08:00:00-07:00,786.0013166666666,92.730035,0.2822725805848149,7.5,500.694926316049,21.008385357313752,58.73222647360876,113.62554256248364,0.0,200.43134481772714,896.8893923016983,1.0,200.43134481772714,142.52055474938894,2.352256725908399,23.99,1.8798070466666663,851.4426807663682,851.9752634789594,852.4442344117948,852.5037946515356,853.2439473492223,853.9034689905519,853.8629929026604,854.1861864696543,857.3894717815344,864.1159834188377,867.3552355922476,870.5394603266218,77.54292583473777,70.52901024757446,63.89211422250422,56.75514363497266,51.999198103830956,46.540421099728476,43.02972658348161,42.67020032518929,43.142224881490556,45.038147802078406,46.75989379541783,48.97695981000573,50.0,90.0,0.366977778440511,2.214355247456318
2021-09-12 09:00:00-07:00,907.9768333333334,85.106555,0.2682187465356272,8.5,683.0640260731745,27.31706173465414,48.80983676797821,127.5772152149521,0.0,369.2094130334072,935.8723100682689,1.0,369.2094130334072,179.43980060524572,1.724385187789679,24.359838611111112,2.743151423333333,900.9184417347977,900.726669727544,900.7561747304289,900.6553594792697,900.5378824463596,900.6202057197065,900.798918662928,900.4741420571905,905.3240190751694,907.4158474387949,909.8930695503593,912.1407704890919,93.66750367633637,83.50826208598595,74.51041223343593,67.49679227468894,60.98055354627101,57.891221710680725,56.66301180724443,55.32949950845549,56.06724154682276,58.22549995471276,60.95640197937726,64.39945430199354,42.164489754066835,90.0,0.41436933432362255,2.115922090413722
2021-09-12 10:00:00-07:00,922.7032833333334,120.76305166666666,0.2587182247613541,9.5,818.4693176046126,32.712221232099466,40.87364759218883,145.67309824504918,0.0,502.67116568915077,920.0576275699113,1.0,502.67116568915077,213.55727718868198,1.3717280477917009,25.291022833333333,2.9504979233333333,896.5019281274926,896.3523703095308,896.7409101423747,896.9172180822466,896.9971161037904,896.8864261493029,898.8833890190127,900.4580097148217,902.2048429613455,903.5891225431384,905.3214261683833,906.9827328026996,112.77777887901814,101.64042725535334,92.10064195154116,85.53928918066838,80.30248825520505,78.17311316404401,76.74716415510034,77.95465553805604,80.96179540790982,83.85720936081533,88.27242158676978,93.24854208321915,26.013473140814813,90.0,0.5307087566563575,1.9584519189604377
2021-09-12 11:00:00-07:00,896.7590833333333,172.28029999999998,0.2560966211081938,10.5,894.3077786108673,35.557505129002,36.37505089854402,168.67451185502455,0.0,572.6379957016893,907.8976544303183,1.0,572.6379957016893,232.44252906622674,1.1085438108823789,26.077359722222223,2.887316433333333,897.3332070625077,897.3293904894472,898.0129598395907,897.9404779096861,898.8041227039123,898.534896094467,898.5323722871566,899.036417913315,899.0335105183434,898.9738374825855,899.8377535121035,899.402412776591,119.78762624618766,109.63045466092116,101.6551207050286,95.59353366989951,91.28078062362292,88.69810147986506,88.58884667822919,90.34449545676334,93.85247268509627,99.18737907276962,105.74318538111628,112.84972135896574,8.230947999579001,90.0,0.6784182324749456,1.867443810850523
2021-09-12 12:00:00-07:00,926.3137666666668,129.04561666666666,0.2557099501615851,11.5,872.1323789872017,35.410052808682416,36.65951841194955,193.95994185914617,0.0,558.5510392451248,889.7580599043152,1.0,558.5510392451248,225.3147678212952,1.1347901217159595,26.621883277777776,2.6771308816666664,878.9529146400515,879.6433744240088,879.5311572326618,880.1530568560012,880.1470339840826,880.8418937010542,880.6814168988244,880.5960661721438,881.0879877540864,881.0911978716715,881.7882051989214,881.501854486676,118.35887118868038,108.28546539616099,100.17922820843397,93.77188853377129,88.87718565820872,86.82127453878398,86.31193965165774,87.78945939663684,91.00289605344983,95.68016781200743,102.08607129284019,108.6209496774449,10.179126888191844,269.9999977411273,0.661636909169136,1.872882801712756
2021-09-12 13:00:00-07:00,656.9274435,190.91276666666667,0.2601772088033844,12.5,681.9520058105127,32.2957008808572,41.62755967467149,216.45674411808153,0.0,420.101637236725,782.7331221698557,1.0,420.101637236725,187.13581024260748,1.4036331653750542,27.202833444444444,2.031177715,752.1173009634665,752.523065176804,752.5918662702144,753.0186556512224,753.3969486147815,753.4027623236308,756.6449501972211,759.3734386737382,762.0030097925367,764.9373618485358,767.5136580591034,770.2225408766421,96.49163809494668,87.2677374839234,79.6674883593696,74.85824680526699,70.55137663537388,69.9410560173032,68.37128482450913,70.31952681624901,71.61970917974965,75.57706165887741,80.17371275492708,84.381856388641,27.83767243601216,269.99999914622634,0.5165159207035843,1.9728687260837041
2021-09-12 14:00:00-07:00,686.0769641666667,166.14293333333336,0.2689160549519542,13.5,608.465369696941,26.69268467188888,49.8558723254317,234.01046288438494,0.0,328.6460837505746,846.8709393603368,1.0,328.6460837505746,172.33424481629675,1.7732213201934957,28.34335344444445,2.13686121,822.0984615054905,818.3190565122729,814.6748651304599,811.1336588018314,802.9005443582926,802.9655541844696,803.0026288405882,802.178020371503,801.7228935063398,801.5569761345232,801.1872543970188,800.8607654648351,68.6256879033536,64.35638374952941,60.53718568687412,57.14955136889369,55.285654715301675,54.34831943900065,56.5740681956713,59.17789899150054,64.93785103464656,70.7670013563184,78.12698913028284,87.79979693211854,43.81193314735384,270.0,0.4038532590913425,2.1355267992330718
2021-09-12 15:00:00-07:00,170.7273507666667,179.94645333333335,0.2648264971152734,14.5,265.46268736039247,20.787014319389282,59.94086355509966,247.58799934835037,0.0,139.85990267868917,364.0293905159997,1.0,139.85990267868917,84.19770635515215,2.452691551663073,26.13557,3.0987312,348.66616228741617,347.6230857490144,346.55978483571835,344.23843865511617,343.187957221921,341.41121512696276,340.6445621835402,338.72796580681154,336.7583097503387,335.9163060517924,333.95747507414967,331.9393430051743,45.08571267569513,44.378743874410276,43.79238532917625,43.07151589920855,42.79515305673137,42.728972064777956,42.90941122015727,43.665990855402555,44.17766260742382,45.4147698612962,46.466787087789555,47.7672115542455,50.0,270.0,0.366977778440511,2.214355247456318
2021-09-12 16:00:00-07:00,624.3144666666667,77.93780833333334,0.2840908428421702,15.5,281.3490818957152,23.11672552576319,70.98501636658843,258.7293262170843,0.0,36.408523308049574,728.8979095389739,1.0,36.408523308049574,86.68790784770857,2.857142857142857,24.951623611111117,2.337017416666667,711.492062671409,709.1609358789558,706.7467587997518,701.7624912892101,699.249136723579,698.6383896375501,698.3638195671815,697.749554549387,697.1209632425198,696.8249960518756,696.1679895470492,695.5145441938681,24.20598732577649,21.97522046412605,19.753589188061373,17.514773270321363,15.306689681713356,13.117094864823367,12.732729666096377,12.335254183400666,11.939534004351009,11.555211049039976,11.184174985173065,10.89047641568368,50.0,270.0,0.366977778440511,2.214355247456318
2021-09-12 17:00:00-07:00,196.70100123333333,32.53779,0.209921110903325,16.5,58.38494548740271,67.94861780260672,82.44931034689729,268.64185544621625,4.671532047899984e-10,15.12466008252925,124.65528433356863,1.0,15.12466008252925,13.637131406253728,2.857142857142857,23.722549833333336,1.23059683,110.41211230677777,110.4735628399424,110.75809094356131,110.79258937835749,111.04094421992394,111.26840323728419,111.2670564158185,111.49410213876853,111.4786288896094,111.7026334700032,111.66920898066869,111.89641166398026,2.939574133636458,2.9503968611690756,2.9099799259006525,2.9536679858433197,2.946483835698912,3.01863153071494,3.1180512021993456,3.151120654725544,3.253567415687335,3.3952608117376246,3.4481296831664903,3.561579960676121,14.505004208474439,269.9999982924527,0.6247677194843368,1.8890170886254682
2021-09-12 18:00:00-07:00,0.2070982,2.0372630333333333,0.99,17.5,2.038838689884894,88.7544130678055,89.56407471740613,274.54331678067825,0.0,1.3028613547743813,2.0416625621401967,1.0,1.3028613547743813,0.00010234591764282418,2.857142857142857,21.1911695,1.0731763600000002,1.9266067102764102,1.9266067102764102,1.9266067102764102,1.9266067102764102,1.9266067102764102,1.9266067102764102,1.9266067102764102,1.9266067102764102,1.9266067102764102,1.9266067102764102,1.9266067102764102,1.9266067102764102,1.138288411246223,1.11370623896851,1.092477359223568,1.0754845889328342,1.0634541828552941,1.0569268803689178,1.0562137674144123,1.0613861505652833,1.0722638387549457,1.0884164113297514,1.1091944330060004,1.1337637308367075,0.8122142588084637,270.0,0.7429123308638329,1.857243332298053
2021-09-13 05:00:00-07:00,23.73840943333333,4.015799683333333,0.2419642928681454,4.5,4.443958613192949,87.04606870973294,88.96652595861568,86.19760801242796,0.0,2.569406121614943,5.237978120298433,1.0,2.569406121614943,0.001132789019199508,2.857142857142857,16.431766055555556,1.01464465,4.119083211781537,4.119083211781537,4.119083211781537,4.119083211781537,4.119388398024099,4.119388398024099,4.119388398024099,4.119388398024099,4.119388398024099,4.119388398024099,4.119370138706004,4.119370138706004,0.5454105264329185,0.5336249292194185,0.5238718912778091,0.516321511117564,0.5113667977437658,0.5091818913951195,0.5098165178486561,0.5132066583750594,0.519690784854319,0.5281186334738412,0.5384499858368633,0.5502532547255361,1.9246982343749888,90.00001726650342,0.7332069980944471,1.85770702611217
2021-09-13 06:00:00-07:00,182.36705666666663,57.40965833333333,0.2725442022799939,5.5,85.03709087308106,64.35215230258973,81.28651019915216,92.60348261712517,1.007849080952955e-09,30.01284233151346,157.92347304854482,1.0,30.01284233151346,24.484902585727514,2.857142857142857,17.43167533333333,1.3110461683333334,144.72209598637073,144.8500439047749,144.98406831797513,145.24744183672084,145.2480405724244,145.50812281451294,145.7402142931184,145.82199323006108,145.97083325313318,146.1728266045052,146.17204557842476,146.3703855671931,7.252272465185971,7.107866641161598,7.031771116219645,7.111442597303819,7.11397018457226,7.143443033260505,7.349899161805075,7.43699618477088,7.546944875176752,7.829734809135606,7.951203834424508,8.249031925949598,16.953267642167283,90.00000190909591,0.604204193324081,1.9005999511407938
2021-09-13 07:00:00-07:00,377.9857666666667,167.07153333333332,0.2833370912160776,6.5,297.12822845302077,22.62820001052263,69.87445885965627,102.63517439162354,0.0,93.84778949353047,591.3614430297841,1.0,93.84778949353047,95.70560183709287,2.857142857142857,22.657305333333333,1.1457572533333331,555.4221153947458,557.154562899922,558.8642381832724,559.6442389452808,561.2946859999145,562.919700173891,563.6442282644305,565.2358275815261,566.8254914238536,570.0441178762862,571.4728630667914,572.9576588131733,28.73251639772701,29.57733510765529,30.53644762540216,31.4956527568512,32.51794824753826,33.44053184151854,34.32017718009967,35.753683407770346,37.10667468479241,38.53666596524311,39.81420405834139,41.078821438451214,50.0,90.0,0.366977778440511,2.214355247456318
2021-09-13 08:00:00-07:00,463.9596333333333,229.05701666666667,0.276124142388155,7.5,468.42082394806005,21.401261657304776,58.941354978919115,114.01429745951629,0.0,219.173873383721,724.4260068207384,1.0,219.173873383721,141.79508614948867,2.3612507672158443,19.49030638888889,3.3959422333333333,675.2099919738541,677.3640335852207,679.438934723809,680.2652212401238,682.4716093285092,684.5871087311482,685.2929911883772,687.1348089134143,689.3160046721749,694.0086853792935,696.207601037608,698.366327057763,78.88992671929796,74.53580439619125,70.60199734484223,66.33614823904962,63.853364351006036,60.85288682208704,59.25776854758316,59.07406344917585,59.45766482260424,60.85275041002513,62.04710715919123,63.54004302864259,50.0,90.0,0.366977778440511,2.214355247456318
2021-09-13 09:00:00-07:00,465.546016,200.1809,0.2658703428341977,8.5,505.24099625426766,27.700763677862877,49.05958756587846,127.97963972628907,0.0,283.4235268409495,666.2876895934626,1.0,283.4235268409495,147.1407826990108,1.727130925028064,20.308430166666668,1.7120986366666666,624.4799256419335,625.355292839606,626.3336679608154,626.7188185925613,627.5875202109154,628.0692559660523,629.0691666195474,629.2654267458206,635.4353826771212,639.0354830907806,642.3817146357665,645.4813835330847,72.6949768718122,66.5115215286385,60.85286818540128,56.08979772493356,53.08663145581682,51.60027987252012,50.068717640833995,52.011428812991305,54.056418730155244,57.05695419419587,60.41666375441633,64.23187460124068,42.26020479166247,90.0,0.4137506825210338,2.11704449477491
2021-09-13 10:00:00-07:00,659.2181766666667,241.6907,0.2609791483384393,9.5,737.8431410703745,33.10459782047981,41.18061835986435,146.04701277998277,0.0,455.82021762946795,827.3436161466589,1.0,455.82021762946795,202.6605102154667,1.372190217665663,22.31807583333333,2.57785965,795.515293269878,795.6344365758309,796.4568822522509,796.8558803785018,797.1408615679475,797.5364007434654,800.3496618881361,803.0075636761587,805.7852542191988,808.189058495704,810.8569482014063,813.41257460948,103.53338634457246,94.02569570473472,85.92364711521638,81.20869275246454,76.83341269128935,75.98724428185473,75.35894317517332,76.93243277581749,80.57272089298807,83.1433515564507,88.00980447562021,93.399972436231,26.040462142174157,90.0,0.5304971181867102,1.95865861159225
2021-09-13 11:00:00-07:00,643.9128103333334,192.28955,0.2552789967690717,10.5,708.2914083005037,35.94696399918269,36.74044182794041,168.9178098201603,0.0,453.5640184771568,720.3334054854691,1.0,453.5640184771568,185.13185112303248,1.1076658514447153,23.29876761111111,2.228805015,710.3497322324029,710.3467705754236,711.1275770516668,711.0703343558406,711.7510836421353,711.7492526230628,711.7472992064818,712.3237226838497,712.3215409486074,712.273940349074,713.2826528573765,712.7612015054752,94.84420550943582,86.91691705113065,80.69596176846916,76.04605771339067,72.69820644809674,70.68158796762361,70.59732396750603,71.9616513286686,74.72875633982133,79.00458388301746,84.16025186633154,89.7162012019103,8.165367439284095,90.0,0.6789846823733622,1.86728059467926
2021-09-13 12:00:00-07:00,142.59393248333333,204.8752166666667,0.2548770723771726,11.5,318.6773739498042,35.78045446732328,37.052327059032606,193.98626477035964,0.0,204.66457549200064,324.2573043866387,1.0,204.66457549200064,84.16471025967432,1.1369882901882695,23.57423255555556,2.123133383333333,316.53265005616737,316.67401111235023,316.1619070542997,316.2446805345822,315.7288876472839,315.760021139974,315.78667118820687,315.2754233871374,315.2415571000256,314.76828143629336,314.6669364116894,314.1561235581501,42.76639903712492,40.87150790758181,39.03715030869984,37.40962929301591,36.393567315758034,35.87162420356526,35.87011404938168,36.209206915322405,37.31563518234353,39.19663198058702,41.40819104644705,44.168426841320056,10.341118289079835,270.0,0.6602458731776844,1.8733863898840877
2021-09-13 13:00:00-07:00,246.87084948333333,212.76515,0.2580668164474627,12.5,396.2006719900912,32.634461431874165,42.00876497971525,216.3123690819398,0.0,248.7355296919432,436.8417790128542,1.0,248.7355296919432,110.54620357519201,1.407873977728755,25.02343238888889,1.344659845,413.2044233518248,414.38963227749787,414.8449478046953,415.50101872344834,416.5522180839748,416.9539267468907,418.76261153720543,420.287351874381,421.92812703723285,423.4180503430289,425.00181874567056,426.3572930468561,57.20525122597379,53.2487119260246,49.735072314057746,47.970057590141565,46.010064798356304,46.112970454985515,45.58076109360985,46.880105738396416,47.97130599742216,49.83478698491817,52.32090833039968,54.82717449121723,28.07420118784304,269.9999987925817,0.5146926827487999,1.9748039960513986
2021-09-13 14:00:00-07:00,308.27285516666666,206.42273333333333,0.2651337072818058,13.5,403.70630187858507,26.99642534882942,50.21085542918914,233.78977905345778,0.0,231.41374866442368,514.7726441793391,1.0,231.41374866442368,119.49057602955571,1.7818657746516067,25.701567277777777,1.4615996016666666,496.22411381126045,494.18703591232565,492.1368195758664,490.15292917522686,485.74469458009736,484.94623483770226,483.5474970890359,482.83411337788357,481.3582847655153,479.7418862277833,479.2668057326158,478.2139723327028,57.11728720580075,53.88648980027966,51.38847427293075,49.70180842159738,48.5013095084921,47.34891955644766,48.29262278161137,49.63162768855314,51.87406270049624,54.32203417035721,57.64650689443317,61.68156590760855,44.091818122951445,270.0,0.40209487971810587,2.138917189872073
2021-09-13 15:00:00-07:00,74.91696974999999,135.92694333333333,0.2630566447384515,14.5,173.07573366366498,21.14960061728745,60.27311766671255,247.34532827689682,0.0,96.84719880312605,219.22986107080203,1.0,96.84719880312605,58.540900084782244,2.473925786241245,26.03795161111111,1.0970942016666667,208.63568457602514,207.75403133114122,206.8569427635843,204.91049461738368,204.00267787422433,202.58396121860966,201.9562903298961,200.45918478415703,198.91956135287256,198.2431607928998,196.69247019521515,195.1052388621718,33.89676906892918,33.19493720427591,32.555910011691196,31.823494298169983,31.337903668989792,30.96287927230646,30.800049492907362,30.94286568374392,30.95820549995364,31.38380843096954,31.723992656107477,32.23965038956509,50.0,270.0,0.366977778440511,2.214355247456318
2021-09-13 16:00:00-07:00,164.47880558333333,110.22404166666666,0.2666766375764238,15.5,162.94959805439726,23.6676050725169,71.3031205595145,258.48491145399174,0.0,62.391311348208596,289.060903727904,1.0,62.391311348208596,52.45123971857653,2.857142857142857,26.1905915,1.084697713333333,279.5379439851568,278.3374195091932,277.71320232204255,276.34608474754725,275.59268965550353,274.38461169081364,273.83793255080997,272.71583284650006,271.4543153450073,270.8786493329251,269.5871421390905,268.2764953055162,25.326872549224063,24.720895625021498,24.110286699109125,23.439692983269904,22.823953194334386,21.719768163534123,21.157762908592286,20.620221371395495,20.522199964656043,20.078939678502948,19.64791285031618,19.407782627684995,49.8087960279559,270.0,0.3680524449644051,2.211802434722779
2021-09-13 17:00:00-07:00,0.7982935666666667,31.572542666666667,0.2498126526745302,16.5,31.673120150134547,68.90145345447044,82.76203487364126,268.4012624131694,2.74577338568274e-10,20.432405507860448,31.146429000781453,1.0,20.432405507860448,7.658209059887626,2.857142857142857,24.937736444444447,0.6973625299999999,29.645501128187615,29.716528280926443,29.67905300684238,29.643829615161437,29.637525621528926,29.60559539794662,29.685927990968654,29.570005921367155,29.652635148608443,29.542738672209367,29.628394742341822,29.513478376446706,4.334109788354524,4.259661997923934,4.191625964611523,4.1606785442497705,4.120848678162838,4.14053382486672,4.173712595553702,4.223118326552326,4.266942393730919,4.340693799891149,4.424069645943916,4.48349943411817,13.866264798075806,269.99999914622634,0.6301717738122731,1.8862850998813663
2021-09-13 18:00:00-07:00,0.4209948833333333,1.5661666333333335,0.99,17.5,1.5684763312469001,89.10184612171575,89.68565744735636,274.1460990131776,0.0,1.0015136180320656,1.572724905500962,1.0,1.0015136180320656,4.086419527630698e-05,2.857142857142857,23.131779944444443,1.311762705,1.481264213991301,1.481264213991301,1.481264213991301,1.481264213991301,1.481264213991301,1.481264213991301,1.4812685602862268,1.4812685602862268,1.4812685602862268,1.4812685602862268,1.4812685602862268,1.4812685602862268,0.8751457461242571,0.8561581459603178,0.839778778446295,0.8266816044520644,0.8174258673604966,0.8124199461928211,0.8118917238146159,0.815898868433796,0.8242865904223023,0.8367179602504108,0.8526874000094172,0.8715492072717014,0.5853433246423851,270.0,0.7448920047199501,1.857195041736035
2021-09-14 05:00:00-07:00,22.13539235,4.1606936333333335,0.2487113979866836,4.5,4.491525279549586,87.55259134692332,89.14363556220508,86.54949377458007,0.0,2.6616758751354204,5.105121958244169,1.0,2.6616758751354204,0.0008049545983203153,2.857142857142857,13.475575944444444,1.5167116783333334,4.145887680717802,4.145887680717802,4.145868238250561,4.145868238250561,4.145868238250561,4.145868238250561,4.145868238250561,4.145868238250561,4.145868238250561,4.145868238250561,4.145868238250561,4.145868238250561,0.5807877558256535,0.5682609159221833,0.5577620285845688,0.5497053610261978,0.5444019256531658,0.5420452534992539,0.5426969981749228,0.5462943563368682,0.5526559041190647,0.5614842143612103,0.5725020356476817,0.5850346743728344,1.593935683541507,90.00000879013767,0.736092081227699,1.8575297924114622
2021-09-14 06:00:00-07:00,62.391476450000006,51.70872166666666,0.2732112781099386,5.5,60.970307230081815,64.90482166083872,81.46328601722894,92.95955029875614,2.3314683517128283e-16,29.21309902826615,90.52318522897096,1.0,29.21309902826615,17.282718233130023,2.857142857142857,15.61316688888889,1.6962012168333334,83.30708106177113,83.44633176745097,83.5636404022816,83.69594258101156,83.81385723624317,83.91829060714733,83.9250554972171,84.03541037181863,84.11953020744059,84.1268211611006,84.21313195277685,84.21086467035873,6.914159951807657,6.843510383374797,6.749175980661302,6.715098082712152,6.760365741465837,6.78951959453832,6.856201289805602,7.005166493291158,7.106457926555291,7.229108616891917,7.420306692300132,7.542323255863102,16.582282084231657,90.0,0.6073039970289095,1.8987319833813487
2021-09-14 07:00:00-07:00,33.3638676,114.018765,0.2695424481401829,6.5,125.39643872434291,22.948171446285656,70.06110210754095,103.0044808367856,0.0,70.88233968178693,150.73192344559936,1.0,70.88233968178693,42.5385779986363,2.857142857142857,18.46783361111111,1.0533238299999998,134.39671589679284,135.8576683033343,137.29802524480883,137.94218445702492,139.3463346868748,140.7134907178547,141.32046024867515,142.66492953368976,142.69281290513177,142.84150399783147,142.8527813879801,142.87283541999795,21.93850124699869,22.33103527907184,22.852257687772553,23.38529615331723,24.0471371640371,24.677917195058058,25.330222048129386,25.43098048696745,25.510618221392647,25.640607637818647,25.681574925243613,25.705012284361676,50.0,90.0,0.366977778440511,2.214355247456318
2021-09-14 08:00:00-07:00,23.66511493333333,145.89876666666666,0.2659282374300014,7.5,158.0333176182038,21.79523666520839,59.152077472956435,114.40253140587356,0.0,99.39521887328932,162.03981966147737,1.0,99.39521887328932,53.65602284153205,2.3703682157328303,19.56042066666667,1.2729085566666667,141.26669099379905,143.1235556120222,144.94858576278872,145.754981464556,147.55300626471768,149.2994149159185,150.0540172519625,151.7502554655528,151.83038828561553,152.1341308669038,152.21736900019,152.29795327716067,31.57078013745768,31.59553564221457,31.803712051000712,31.989588888375145,32.48468314556905,32.904081562010184,33.478415590345364,33.44301253187854,33.443870045239244,33.590644619978754,33.628206222444206,33.67361701749757,50.0,90.0,0.366977778440511,2.214355247456318
2021-09-14 09:00:00-07:00,641.0540809333332,159.86492166666667,0.2697259159473769,8.5,577.7995147787229,28.08550161584422,49.31128711719208,128.38027850752607,0.0,311.73997061217585,788.2695606303637,1.0,311.73997061217585,165.0600402423278,1.7299090705578446,22.513087277777775,1.2619717183333334,745.3868961119048,745.6751472436246,745.6209617991409,746.2443791771923,746.5726203231544,746.8359884208694,747.3700572059402,747.2895613699034,754.4920258319855,758.5841071887772,761.9645901792688,765.4507852556418,81.18765427256415,73.00451007639701,65.99289543253384,59.287614364054,55.040921565528635,52.69527702870013,50.2535226092581,52.12990295404823,54.168159511542456,56.855176082104286,61.21825029036534,65.53377790981997,42.35666477691556,90.0,0.41312816513038975,2.1181777243481306
2021-09-14 10:00:00-07:00,909.1012166666668,128.51450166666666,0.263204662474156,9.5,809.5011646030083,33.49806151646532,41.48952626858889,146.41758913391604,0.0,496.48890970769526,915.8695086845075,1.0,496.48890970769526,217.1466057356791,1.3726544880641531,22.89723972222222,3.25790077,890.1551492882023,889.937654702686,890.194393880977,890.3072423430714,890.326063863517,890.4590978963073,892.6514998572213,894.6978698639856,896.9042557124919,898.73220561168,900.8901039118032,902.9586708587592,113.22054407853413,101.84820226238897,92.10759817852622,85.65943362539504,80.29016319374307,78.39281311994307,77.2022256464191,78.41416354617974,81.79215474649402,84.72273932779727,89.5289103700405,94.94401656210815,26.067557112180815,90.0,0.5302846977390909,1.9588663163105868
2021-09-14 11:00:00-07:00,123.98752458333334,173.83146,0.2612954103938263,10.5,272.7124368344242,36.33743281192254,37.10726200077582,169.1579032830782,0.0,174.92618419565676,276.11414451721527,1.0,174.92618419565676,73.26906689932856,1.1067742177037003,20.201146444444444,3.173576033333333,268.3155634346899,268.3146072407384,268.6958086233617,268.67278900120886,269.00455548643106,269.00403337758695,269.00341515849436,269.2849736383565,269.2653540008399,269.2653158595326,269.5015610645017,269.5022420535233,38.218865713310684,35.97625152374181,33.9162546355205,32.45476266471305,31.61122648959801,31.053633897394054,31.092862076443062,31.5806312305612,32.50148008710402,33.94067890724702,35.59393640865459,37.35185421032582,8.098740337956384,90.0,0.6795602670071055,1.8671161019167375
2021-09-14 12:00:00-07:00,511.68108916666665,189.50268333333327,0.2584798753722129,11.5,595.7388442841032,36.15159066070127,37.44620884194549,194.01246546794079,0.0,381.6781829422763,611.733272894597,1.0,381.6781829422763,159.50073227361665,1.1392185780590092,20.596374722222222,2.359950218333333,604.6538405586267,604.6567715747483,603.4565685667003,603.8841119668375,602.738670217138,602.7310608146375,603.0564444547273,601.8581695085595,602.1533598294607,600.9473681548114,599.8347353336331,599.830771574354,76.93406047149371,72.36460945604419,68.17354431786487,65.04499461733732,62.416574924111565,61.36692521192765,61.592684735114105,63.09725950824178,65.59555276055009,70.27595556176502,75.7120997939072,81.81412522227686,10.505274749274559,270.0,0.6588369775602795,1.8739047306655423
2021-09-14 13:00:00-07:00,580.2857056166666,190.3468,0.2635742222383802,12.5,618.921781013361,32.973610226775996,42.3912278058804,216.16997004028366,0.0,381.757296122903,713.4243853956502,1.0,381.757296122903,173.70832704721136,1.4121873273337007,22.367005777777777,2.274271135,701.3709725360541,698.8369022866834,695.865546296202,693.1837497307993,690.2746884315425,687.5294937441204,684.3355688015282,683.9107213181383,683.8306506997906,683.4208423195589,682.9499694210313,682.8162848208345,79.64672261448028,74.85967456856876,70.77230701426743,67.21200856802758,65.42208601552811,63.82523930742884,65.22666917598781,65.5711475103172,68.0022616914779,73.64704592537788,79.79114946021296,87.99794934586593,28.313350683082373,270.0,0.5128533204117178,1.9767759964302276
2021-09-14 14:00:00-07:00,3.757350516666667,120.51000833333336,0.2578006686553987,13.5,122.89657069875413,27.300325142045896,50.56728660669687,233.57096759203014,0.0,82.94721029420761,106.55780472282005,1.0,82.94721029420761,38.216207235478734,1.7906929045248052,21.138354166666662,1.8671779583333328,99.91739049361084,100.15174189522477,100.49162433496122,100.06046262335397,101.47425304792787,100.04438272908867,99.37633016670384,97.8696255669529,97.15388609003452,95.59653930465986,94.01134692682595,92.38541602636235,24.90860876552428,25.16963636817253,25.4062148624617,25.6237351683107,25.766513931050586,25.96595660305929,25.247096739374612,24.607951834937076,24.011573327150366,23.55200729593972,23.153149731527122,23.409133221716207,44.37412592568248,270.0,0.40032968897708776,2.142354290952435
2021-09-14 15:00:00-07:00,11.444452516666669,118.69867333333332,0.2641934159621545,14.5,124.31561531918521,21.51413669466286,60.60679622250494,247.10377030499225,0.0,82.23882682900506,111.40712128656627,1.0,82.23882682900506,41.167913257032225,2.4956638186537354,20.761279944444443,1.7760252966666668,103.86664614773983,104.27024665374125,104.67903235752857,105.39806025537996,105.82357319098693,104.29840336183375,103.6114543758342,102.0528914484346,100.45037343995159,99.72108107242605,98.08332740208135,96.4194062763672,26.9618930455494,27.344625990392633,27.711329592714705,27.979425377939762,28.32201691078759,28.66074324606647,28.012723999322386,27.436575806587836,26.819766636926335,26.397255634302432,25.9747389602636,25.707115761791318,50.0,270.0,0.366977778440511,2.214355247456318
2021-09-14 16:00:00-07:00,74.50388136666668,126.79056666666666,0.2665196317959591,15.5,150.27989436853292,25.737872960383918,71.62248950377717,258.2408980361559,6.217248937900872e-16,74.72078263792153,212.0230424499519,1.0,74.72078263792153,48.064170731896766,2.857142857142857,21.694724444444443,1.2985222816666666,203.01076330713022,202.96440657427576,202.91622853039905,202.71613764359617,202.66383529124545,201.2586208502887,200.61857044603056,199.17215216386953,198.48646548601005,196.99971639356013,195.47174924841627,193.91884281730123,26.181935181044828,26.106421456707068,26.01307409410833,25.90273980616216,25.715922890579847,25.583612083244923,24.906472199868222,24.25501103280821,23.607821225116687,23.09466843775815,22.6133873798907,22.27528665221011,47.90928696886212,270.0,0.37895775026919,2.1868365125072144
2021-09-14 17:00:00-07:00,75.25376835,41.29905833333333,0.2404177062126589,16.5,50.37133965278676,69.85206366175356,83.07581719212997,268.1604871898682,0.0,23.48101830392614,76.42800943066568,1.0,23.48101830392614,12.453819467388529,2.857142857142857,20.411123166666663,0.7494608140000001,69.02232923911129,68.96966902417608,68.96941585578125,68.92122646108561,68.91681622331973,68.85744783282634,68.85261731232683,68.78825635905612,68.71693483131699,68.71252668336462,68.63729780944689,68.55322707137964,5.259612884182903,5.161057262995145,5.027487359438769,4.945295899627426,4.8709677265505755,4.780228527370136,4.741164377159351,4.732027405394137,4.740541451299154,4.753830759196168,4.819960108764704,4.924013428222484,13.230899347817884,270.0,0.6355620582701811,1.8836872444051371
2021-09-14 18:00:00-07:00,0.1835447666666666,1.8648956333333333,0.99,17.5,1.8655106332252118,89.45147772887415,89.80801978296428,273.74826938971205,0.0,1.1924622981739403,1.8666346446020121,1.0,1.1924622981739403,1.8130818196430937e-05,2.857142857142857,18.368856277777777,1.206393205,1.76319940460646,1.76319940460646,1.76319940460646,1.76319940460646,1.76319940460646,1.76319940460646,1.76319940460646,1.76319940460646,1.76319940460646,1.76319940460646,1.7631912297210959,1.7631912297210959,1.0421550120875718,1.0194415019436152,0.9985401469512784,0.9832385214775352,0.9725808513522297,0.9670336162193492,0.9668500681974904,0.9720584438225646,0.9824562638157099,0.9976190981042927,1.0169243591872978,1.0395865554080663,0.35730638178415614,270.0,0.7468819338100193,1.8571623020054386
2021-09-15 05:00:00-07:00,32.830586233333335,3.519317616666666,0.1904728494295776,4.5,4.018226942687137,87.51152018216578,89.12927235382135,87.06222991884842,0.0,2.2514028495346095,4.944069623279407,1.0,2.2514028495346095,0.0007032158931532609,2.857142857142857,13.604940333333332,0.8810232745000001,3.652107756652605,3.652107756652605,3.652107756652605,3.6520951619821296,3.6520951619821296,3.6520951619821296,3.6520951619821296,3.6520951619821296,3.6520951619821296,3.6520951619821296,3.6520951619821296,3.6520951619821296,0.37623359029827186,0.36811761868890003,0.36131652935733777,0.3560983705337009,0.3526642457741554,0.3511391194572059,0.35156259343098667,0.35389343849059013,0.3580142560221849,0.3638250384250926,0.3708877175615769,0.37900214384719416,1.6198825040849245,90.00001664311229,0.7358657415503583,1.8575424915205176
2021-09-15 06:00:00-07:00,513.799,33.32962166666667,0.3064578081927656,5.5,108.02563495237357,65.45732011518706,81.64072485727435,93.31623599265312,0.0,15.392966634197927,267.5149043260328,1.0,15.392966634197927,35.42889708956796,2.857142857142857,16.629938222222222,1.0292166043333333,241.33304036636358,241.4029341814612,241.46018075331207,241.97419998327481,242.44683603845607,242.4504336222352,242.90211009405178,243.37515292633287,243.3174589918492,243.70770992680758,243.70156449639128,244.06074675793184,4.429275392956906,4.344378142040932,4.534812295383743,4.503477914806852,4.495145407571365,4.623118706883173,4.81582606359734,4.865973150098473,5.223705085353654,5.294001523126735,5.530847358720481,5.762386104140441,16.212543002882427,90.0,0.6103993381622793,1.8969102702880467
2021-09-15 07:00:00-07:00,792.1885500000001,53.668843333333335,0.2941470991327328,6.5,321.3772567661016,23.271033774912844,70.24887353795191,103.37389308024973,0.0,35.35894531161836,845.2050768892844,1.0,35.35894531161836,95.18686352650927,2.857142857142857,21.062839,0.9648899266666666,812.2865003370044,812.7076848656712,813.1364673131699,813.3457232722969,813.7359619077392,814.1321632829153,814.3203989751314,814.7059952244915,817.0147127414065,821.5689778726605,823.6536043678421,825.805039808386,9.46020370486377,10.158936818425596,10.817057293016754,11.506656097785935,12.081766870404023,12.561225359500002,12.979136768138934,14.99889005108638,16.940860301797542,18.896748805026935,20.755101208128252,22.61410639786965,50.0,90.0,0.366977778440511,2.214355247456318
2021-09-15 08:00:00-07:00,904.7891666666668,62.234875,0.2902553753722697,7.5,523.2940298256348,22.19019548266243,59.3643857104041,114.79008992921412,0.0,205.671211016218,954.1176440196908,1.0,205.671211016218,145.53112593136404,2.3796144466764337,25.18359255555556,1.0542866733333331,912.1654612131135,912.6026844308827,912.9455099048431,912.9428280425926,913.5771994693961,914.1522006532258,914.0272242049138,914.197774126821,916.604207988662,921.8701016079535,924.3969969107229,926.8751400825493,84.04777769053217,76.51866084284916,69.30370624243835,61.396692771725384,55.97142948122103,49.68943856916373,45.5868607886848,44.026255170161285,43.39621753503238,44.320769151611884,45.0571100078762,46.33333370480979,50.0,90.0,0.366977778440511,2.214355247456318
2021-09-15 09:00:00-07:00,956.9286666666668,68.06569166666667,0.2758747335551372,8.5,688.7164620205315,28.471148150446847,49.564904602168866,128.77896866183914,0.0,364.2494072475387,951.9707766603611,1.0,364.2494072475387,182.4133860805308,1.7327219017897475,25.940077166666665,2.353496933333333,918.5291244788056,918.1780711050268,917.7707314147079,917.8827705110682,917.635066602852,917.6687925298121,917.7043272843925,917.3089769391279,921.3536432393205,923.7074844346035,925.4788314378287,927.4314140877669,96.25556323429072,85.3690082864202,75.96536802610713,67.17423051979438,61.33519322696253,57.94089776410324,54.3981898031424,54.49400513347393,54.773788342871725,55.84550118557265,59.06668406796664,62.181673970788815,42.453936775861315,90.0,0.41250137419919836,2.1193226145835453
2021-09-15 10:00:00-07:00,981.3347166666666,72.73816833333333,0.2646023509033525,9.5,804.2961290284446,33.892494942548815,41.80030818234449,146.78469031500651,0.0,492.63359170647897,907.8185976867335,1.0,492.63359170647897,211.63669855835371,1.373122223056733,28.130419,2.3341525833333336,887.7093031393728,887.4288319547798,887.5629745532041,887.6154306069475,887.578465335996,887.6538603310588,888.9648794384491,890.1549996351823,891.5374918707963,892.8425569070304,893.9749707875264,895.317323009303,112.84517043384268,101.3253340315357,91.53792930380139,84.3596666984801,78.89830248600516,76.37953994625705,75.04237715654507,75.73073479393751,78.4834859784888,81.42689264941404,85.58089811650905,90.32854704463654,26.094837356366448,90.0,0.5300708744104569,1.9590756442519313
2021-09-15 11:00:00-07:00,990.9030833333333,75.55766166666668,0.2591947521147503,10.5,861.9526312301979,36.728806999995946,37.47542125765243,169.39469915591783,0.0,551.7928802191732,873.3842283103627,1.0,551.7928802191732,224.87432537127577,1.1058699873507685,29.934074777777777,2.500656966666667,865.4709057611409,865.4672014313865,865.7802156517246,865.7849392371018,866.1273414554681,866.1251113981225,866.1226716769464,866.4089281143023,866.3472267096382,866.3463748031496,866.5904568733621,866.5932894853229,116.36454529932672,106.94442331223112,98.19649661751298,91.86777520772921,87.62032093938511,84.97410238471362,84.80920350045135,86.52253893382587,90.04332209510206,95.05178976417619,101.78902132410299,108.89464107746909,8.0311463260843,90.0,0.6801443020126792,1.8669505900377172
2021-09-15 12:00:00-07:00,990.0883,77.46243666666666,0.2601837779303099,11.5,859.3506660572764,36.52337061052331,37.84105314038259,194.03842831856062,0.0,550.2314738809207,878.5679054646508,1.0,550.2314738809207,225.19682724647006,1.1414800516301882,30.260393166666667,2.44901463,871.2237816099031,871.2289263511916,870.8353984231206,870.9364128964443,870.3171893598128,870.459507419782,870.464039218548,869.963890652435,870.0849454905413,869.5182361181146,868.8938234611007,869.0181182230355,108.42213063030061,101.24079017737513,95.2275044363723,90.34913444080273,86.77436013820345,85.26419996585633,85.49398452198257,88.18538658424207,92.53338363316068,98.82596770710698,107.89706934054351,117.4048155408307,10.671517455349887,270.0,0.6574109391467726,1.8744378845080032
2021-09-15 13:00:00-07:00,957.2093833333332,83.50012833333334,0.2664599911399684,12.5,786.1190250045704,33.313069922906436,42.77481702229526,216.02944236721996,0.0,474.57986807459093,907.9341246351141,1.0,474.57986807459093,208.58780203653873,1.4165729044503899,30.751710722222224,2.3159818000000003,893.9480988836985,892.6364583553591,890.8983501419636,889.393419040924,887.9952924423741,886.2463856584424,884.6716325451623,884.4702285927549,884.6312115929179,884.7319661158062,884.312676179163,884.4033548674762,86.483320810776,82.16000607932996,79.11074145659089,75.64660359703318,73.93298812597203,73.19630090925918,75.0806060272181,77.51520590629669,82.21533396236352,90.16932705908265,99.92699168896053,111.46162843439018,28.555031692803606,270.0,0.510998684993468,1.9787844532435184
2021-09-15 14:00:00-07:00,915.9740833333332,80.44598166666667,0.2780372390998885,13.5,657.8181297939049,27.604325340958077,50.92502656719505,233.3539764300847,0.0,343.4304959350653,939.9119913194645,1.0,343.4304959350653,177.35060985445344,1.7997044805851945,31.03706683333333,2.4564969333333333,914.0406880068734,911.7315740340582,908.7873147931455,906.6214438172581,901.9100347552017,901.9312057098113,902.3183115440066,901.8896626571246,901.862561817147,901.9787699162914,902.1816986555004,902.3727789266487,61.86961475835238,58.74023380370919,56.10961399301125,53.71465879211508,53.333256609070084,53.987315191641784,56.90288830833952,61.43161958628405,66.88799835998384,74.06854044247537,84.48496469298934,94.84207793208125,44.658752951733746,270.0,0.39855859083944467,2.1458371959050373
2021-09-15 15:00:00-07:00,842.8460166666666,73.907115,0.2904881089398807,14.5,483.276078192873,21.8805024927744,60.94176007457574,246.86330855867695,0.0,172.64846114681114,924.014400689786,1.0,172.64846114681114,137.67409751404503,2.5179152765163275,31.0071495,1.864182825,898.0838341531719,895.2937422005771,892.450117565442,886.5676037151318,883.8528320777654,883.6490710749558,883.638431110872,883.018265816236,882.3715403325951,882.2981632967737,881.8211066416869,881.2493485256496,44.36386927401328,43.00878177840407,42.18650155342464,41.17704252475192,41.64947641263288,42.9785548896441,46.79500406551579,52.83286492110192,58.03856956293012,65.312054905412,71.84267806955056,78.6690002892105,50.0,270.0,0.366977778440511,2.214355247456318
2021-09-15 16:00:00-07:00,702.1025333333333,59.62865166666666,0.2879315948091086,15.5,277.25461997026815,27.67341484169656,71.94298548717214,257.99728373480485,1.5543122344752188e-16,24.98918322595166,742.5705200030795,1.0,24.98918322595166,84.86905265844058,2.857142857142857,30.136648055555558,1.80413006,726.8887203705093,724.7690801626787,722.6109169628246,718.1522563734467,715.8495297959164,715.3960318958243,715.1880630345386,714.7159597019323,714.4905879476279,714.0055656339097,713.5066064548561,713.0456133610448,18.75136389193819,16.3413704811235,14.358095729371033,12.409959414020939,10.475767281548633,8.605160605269091,8.376245488407104,8.1628374205989,8.1264505839015,7.95949678898913,7.8072959842081255,7.706792671555069,46.18090021913998,270.0,0.3892352703694628,2.16475912002996
2021-09-15 17:00:00-07:00,366.3240095,31.726521666666667,0.2129666391435257,16.5,73.89096928814014,70.80031408611597,83.39051982329072,267.9195301917316,1.069247444996053e-09,14.40191844454042,171.26065249247648,1.0,14.40191844454042,17.293582884468464,2.857142857142857,28.72163094444444,1.043121966666667,146.20940133925868,146.53653359187453,146.56044654771011,146.83613456830733,147.11502015484427,147.11514243286297,147.37052331426932,147.32021749249907,147.59929839138937,147.59918491740015,147.5286461737645,147.80546010848013,2.878830696905182,2.893123408704044,2.8513602178839084,2.8851577112281794,2.87887642414631,2.968590168344299,2.9877078726717397,3.073051697834438,3.1122891206999626,3.2645097067859834,3.3146755116969535,3.423870172081822,12.598870966576198,269.9999974386791,0.6409379947138847,1.8812217968045297
2021-09-16 05:00:00-07:00,34.22845711666666,3.100650283333333,0.2028441612264829,4.5,3.5145949224066584,88.01985958744277,89.30707192393923,87.41585156091561,0.0,1.983275858041921,4.28295723726138,1.0,1.983275858041921,0.00039202197313105945,2.857142857142857,17.10215422222222,2.2508663,3.1518905129163652,3.1518905129163652,3.1518905129163652,3.1518905129163652,3.1518905129163652,3.1518905129163652,3.1518905129163652,3.151981578296475,3.151981578296475,3.151981578296475,3.151981578296475,3.151981578296475,0.35360437228370173,0.3459206631274794,0.3394374210512603,0.33441245144235,0.33104289077357374,0.3294011883277071,0.3297831618117928,0.33196360180640144,0.3358334273275855,0.34121660529820513,0.3478778201340037,0.35554020900056726,1.2885232193163518,90.0000156964375,0.7387564614670852,1.8573957234310194
2021-09-16 06:00:00-07:00,554.7524833333333,31.78856333333333,0.3105038568748413,5.5,110.73179706655395,66.00972946769987,81.81883670147465,93.67340930486597,0.0,14.55016421185397,277.5388489739914,1.0,14.55016421185397,36.543307769559334,2.857142857142857,18.947478111111117,2.2321034666666666,249.2898301917082,249.3483851550294,249.41010078672994,249.90138452134877,250.37024569750275,250.36873829458798,250.8018656070708,251.21017164827947,251.21060403708873,251.58344795551926,251.58325774178616,251.931357664218,4.247461131142824,4.166182868942945,4.2541895231933875,4.320893353237905,4.3189491195938645,4.333587298870096,4.626136130644584,4.673391953454409,4.862650599111921,5.083472074671104,5.153271248114444,5.5375539859628224,15.84393100241012,90.0,0.6134910307155972,1.8951339147625694
2021-09-16 07:00:00-07:00,800.1421333333333,53.081055,0.2960198218499576,6.5,320.9928969639242,23.596665105762373,70.4377802236811,103.74327045747255,0.0,32.246370648166824,850.0596063923686,1.0,32.246370648166824,95.431332930983,2.857142857142857,23.50724511111111,1.9594575566666668,817.0757925047375,817.4966543037273,817.9253784037963,818.1208521172881,818.5097722953437,818.9032480456872,819.0875385733777,819.4722242203079,821.7597966087302,826.2740142277164,828.3673774170198,830.5023535334382,8.855829797817485,9.419612473377663,9.969055943958615,10.548860350590076,11.047526637714315,11.47243182168234,11.859631900557563,13.858765711197357,15.812651981943311,17.776353744561845,19.671156746225833,21.55994827488865,50.0,90.0,0.366977778440511,2.214355247456318
2021-09-16 08:00:00-07:00,908.2438333333332,63.769185,0.2893191515985845,7.5,523.6682306720812,22.58602438426949,59.578275045051775,115.17681778254031,0.0,201.29805721041959,956.9570282141965,1.0,201.29805721041959,145.61013204529098,2.3889954300456364,28.46949205555556,0.9777505533333332,914.3635000268005,914.8698834001334,915.2678158974699,915.2980251046281,915.9611178820302,916.5925252108464,916.4839270563966,916.676841839086,919.1332611377209,924.4895525587822,927.0675321753585,929.5906510576989,83.74997891771001,76.21913646332467,69.03542532313773,61.13484177285126,55.710379837416475,49.409981232395445,45.36119567835215,43.80822000353618,43.19263416583518,44.12819649002053,44.861998127582034,46.154225351378436,50.0,90.0,0.366977778440511,2.214355247456318
2021-09-16 09:00:00-07:00,961.6037166666666,70.15300333333333,0.2752821819104953,8.5,690.5658155870776,28.857575611360698,49.8204120281665,129.17554717084403,0.0,365.425401897592,955.5951246793253,1.0,365.425401897592,182.86009211039115,1.7355719534190848,28.523997,1.9713995,921.5410239136468,920.9209926204257,920.7948879967543,920.9275622715362,920.4368528903327,920.7472834518398,920.5320530735111,920.4008941646038,924.5411938501952,926.8324842019764,928.7822090245687,930.782742590488,96.4369782941725,85.5485864695139,74.90649100144067,67.38392170637943,61.57009851158269,57.24269404762983,54.64193727291572,53.997826540715195,55.104289532707774,56.213352186447224,58.89442352489713,62.654213058966974,42.55209538893013,90.0,0.41186985629653605,2.1204800959852843
2021-09-16 10:00:00-07:00,982.4518666666668,77.81545333333334,0.2644350461017511,9.5,806.6226499311676,34.28778154754351,42.11290337922945,147.14817924207279,0.0,494.2071642929893,910.5122930547586,1.0,494.2071642929893,212.5643180719138,1.373594935049094,30.0944715,2.468635783333333,889.6350098129191,889.3700698347864,889.52960740492,889.5964305642186,889.5704295758853,889.6571496688955,891.0428936017505,892.5913098236349,893.7488245658592,895.1207286051044,896.3143535898135,897.715945095804,113.16172749393752,101.64762091287206,91.8791003675151,84.74334506515132,79.44271912158673,76.83101437832441,75.51140572748456,76.23937862312228,79.0508482182142,81.99799046013428,86.19696506400227,90.99919703804615,26.122390623393052,90.0,0.5298549617300756,1.9592872738219458
2021-09-16 11:00:00-07:00,989.7901,95.65800333333333,0.2601009313938966,10.5,877.2706944946527,37.12098422213321,37.84483159431473,169.62810156734997,0.0,561.6343080052172,888.840023990796,1.0,561.6343080052172,229.9653396722142,1.1049543513263451,31.287211555555555,2.75411095,879.9554022712541,880.3984355347613,880.31920890124,880.323975992492,880.7156631906267,880.7135014404854,880.5393786526704,881.0389903536761,880.975965589814,880.974762103989,881.2535283133865,881.2564285266267,118.99254609765791,109.4616090634796,100.61408618187444,94.20879036301676,89.93237642217144,87.51756201890208,87.0824721096991,88.82614474215404,92.403111606259,97.47812723333377,104.00895478214807,111.55110274360995,7.962673630385422,90.0,0.6807360282664529,1.866784331719474
2021-09-16 12:00:00-07:00,390.4400448333333,237.24491666666663,0.2584297571613373,11.5,543.9199820680667,36.89570677343912,38.23675073885845,194.06403286058114,0.0,348.8005616175591,557.684311527467,1.0,348.8005616175591,145.82543492351965,1.1437716942571872,30.63071188888889,2.8115952333333336,548.7070641038262,548.7103583136263,547.9892420132443,548.0525072651377,547.0104431964745,547.2180346476736,546.1817957184736,546.3715720493628,545.3389999323316,545.3498279773607,544.2098963798162,544.2960831149697,71.96906952991993,67.70587570318709,64.09954452856307,61.30661223581051,59.360677049267416,58.005882227891284,57.963282357961354,59.37072476461932,61.70160507853787,64.91256144164154,69.78792252386678,75.10583787533558,10.839759717214886,270.0,0.6559685420800049,1.8749858739239011
2021-09-16 13:00:00-07:00,657.0223153333334,232.90041666666667,0.2663560752062343,12.5,712.1676410459991,33.65276982917987,43.15940181837391,215.8906744675789,0.0,434.3766745512347,817.8581410625006,1.0,434.3766745512347,200.1461124709553,1.421030230379786,31.842444333333333,2.600243083333333,802.7118113759383,799.9258517758644,797.2318518088175,794.1387407417858,791.3408032649807,788.2001245182709,785.1944882940486,785.0012879597691,784.512714712081,783.6947986594527,783.555207204495,782.2977626178135,89.81631515365139,85.96798657737281,81.28657498254287,77.42588758155229,76.11241807518765,73.8336004943601,74.94940096129386,75.94717637393033,78.61833237097613,85.18299602277821,92.93534356226714,102.62548297666166,28.799148279684548,270.0,0.5091296762670345,1.9808290157714534
2021-09-16 14:00:00-07:00,229.4645707,260.9791833333333,0.2698667168993184,13.5,404.50042716621965,27.908372721355683,51.283935093578464,233.13874539561093,0.0,234.9595432956897,503.4911933217927,1.0,234.9595432956897,126.80609419460349,1.8089021315115668,31.04119805555556,2.7417677083333336,483.02856965365083,480.71083032525087,478.3515920230301,475.7396531328067,470.6963880208481,469.98945892982704,468.164730838829,467.25522459460194,465.26823359132334,463.21234516217635,462.50618444795634,460.52371535846726,63.63297850147352,61.04654431341251,58.31077405806939,56.24141177601099,54.70954509864973,53.178474290999404,53.757184787069825,54.153876407075536,55.86779548656386,58.57875486634773,61.34419498497331,64.8428330100516,44.9455902934559,270.0,0.396782513157023,2.149364906120557
2021-09-16 15:00:00-07:00,81.21408956666666,201.527,0.2712303096052281,14.5,240.55542790529455,22.24858094045714,61.27786827058243,246.62391863303324,0.0,138.62597904621921,287.0925272556408,1.0,138.62597904621921,78.6506263084176,2.5406897921292995,30.19694622222222,2.85554415,272.70450744478364,272.5295971081877,272.34923868501346,271.80682255377985,271.65309001008023,269.4953755702242,268.5342972386625,266.27887709394327,263.9581920068364,262.933801046365,260.58395498666766,258.1876132783018,45.80772671119281,45.83411024110575,45.913045540613744,45.83391241575229,46.06364275298398,46.4016697528219,46.00141697682941,46.0021698743375,45.817096375240915,46.16102824472409,46.39760754277305,46.87890054144392,50.0,270.0,0.366977778440511,2.214355247456318
2021-09-16 16:00:00-07:00,37.42864095,102.79490333333334,0.2691370355520964,15.5,114.19655766366564,29.500236076968317,72.26446855927108,257.75405974506185,0.0,62.64903115934484,143.92908314214188,1.0,62.64903115934484,36.70806978291745,2.857142857142857,29.36392005555556,1.3350159183333332,137.6621908295008,137.64770095540877,136.95252918848485,136.93414431812693,137.429401857899,136.3194082822572,135.80153186955584,134.63479855646787,133.4246262833416,132.8721260136335,131.64048647836898,130.3772946586368,20.898181850613966,20.841161850761814,20.767596479794513,20.629871145732952,20.53114047864073,20.427988281498717,19.850601852661974,19.327773673770707,18.831159339461927,18.37476383862615,18.469238153648927,18.226443497828875,44.58587519326318,270.0,0.3990112500608463,2.1449437349413474
2021-09-16 17:00:00-07:00,336.7560134333333,61.246228333333335,0.2522928904854651,16.5,98.16484812983269,71.7460626615497,83.706002927129,267.6783860057253,1.1236702888858468e-09,31.903417125966723,189.3696990556444,1.0,31.903417125966723,25.6889053433939,2.857142857142857,28.76889877777778,1.0335665916666668,162.71870632982973,162.92916143351178,163.01039114846762,163.13091824662348,163.3150092066716,163.30747170570288,163.47532660877707,163.47547506074386,163.62608585616968,163.61939577809082,163.6191979883186,163.75350370762726,7.092960911065739,6.943174867247331,6.845086612310601,6.869202961635422,6.841898381161867,6.8570124366186045,6.901726761682002,7.079267783423393,7.178600169833816,7.298294133952976,7.448148947287548,7.682994092017018,11.970149186063804,269.99999758516344,0.6462989736868119,1.8788870682172991
2021-09-17 05:00:00-07:00,0.0648170666666666,1.4816791500000002,0.99,4.5,1.482261440938852,88.52920226360682,89.4852704120145,87.77012052221441,0.0,0.9476056811593899,1.4832395445281812,1.0,0.9476056811593899,0.00010329282749333414,2.857142857142857,8.176763388888888,1.335547211666667,1.4010369530204323,1.4010369530204323,1.4010369530204323,1.4010369530204323,1.4010369530204323,1.4010369530204323,1.4010369530204323,1.4010369530204323,1.4010369530204323,1.4010369530204323,1.4010369530204323,1.4010369530204323,0.8245993512062891,0.8067149216290167,0.7916006171770804,0.7798612905943392,0.7719659097710097,0.7682228953974286,0.7687565614456849,0.773511975393875,0.7822568207649965,0.7945953048942398,0.8099996562565933,0.8278228486347734,0.9567928200756654,90.0,0.7416507955748016,1.8572822852920292
2021-09-17 06:00:00-07:00,0.0,26.2471865,0.2476083267532416,5.5,26.2471865,66.56214522515748,81.99763641740276,94.03093923212282,9.84117297794978e-10,17.097770167777057,25.317451331130464,1.0,17.097770167777057,6.285338809765491,2.857142857142857,8.91554,1.6579471283333334,24.140563283847538,24.214132465673497,24.27620620001358,24.239561946191444,24.132426116878815,24.200147490226545,24.16814640361261,24.06029180514157,24.133686673991605,24.026221843049385,24.106696562895543,23.998748513417123,3.612842366581637,3.5469143502904923,3.461893046715773,3.4409972186254447,3.444201526116611,3.429414558883872,3.457692801854145,3.512087686381428,3.5339979812585787,3.596908284536715,3.6710623266912092,3.704180601105165,15.476317632764282,90.00000120741828,0.6165799746023647,1.8934020272038237
2021-09-17 07:00:00-07:00,0.0456249333333333,90.20988333333334,0.2599212842392927,6.5,90.22501725557534,23.92494640661333,70.62783338808569,104.11247193187933,0.0,60.13430443857805,78.74217351652538,1.0,60.13430443857805,29.862232012470773,2.857142857142857,9.437343155555556,1.3669059316666667,67.71465224634285,68.97861315396197,70.22414941142831,70.78171274292079,71.99739724786592,73.18002858435139,73.7064882181679,74.86926701453226,74.5219049999647,73.91965826444581,73.58205941071344,73.24936444096755,18.35428687486721,18.660644848168594,19.07893049644908,19.50882771053148,20.05435557319667,20.58108160718857,21.131085940073124,20.904571129170204,20.66275557874943,20.455671528349757,20.17738769995431,19.87918980469041,50.0,90.0,0.366977778440511,2.214355247456318
2021-09-17 08:00:00-07:00,0.4922724666666667,205.89965,0.261853913379187,7.5,206.1473193219075,22.982611334948192,59.79374419176399,115.56255975054363,0.0,134.6635356157352,190.81723105010016,1.0,134.6635356157352,67.72211094629398,2.398517729364913,10.0675525,1.3682854450000002,165.93779065615513,168.60699102688167,171.23324442208806,172.40201745163276,174.9766122069576,177.48032679665042,178.5783882126417,181.0233968333314,180.44652836085822,179.50326915361822,178.9507306669842,178.4046482913963,41.936633701213744,42.27136673527884,42.856650074079084,43.43691800883807,44.36174840599016,45.21213178684393,46.20221076725446,45.70977288480988,45.22405506772535,44.87572154829195,44.37030054073601,43.846745359036916,50.0,90.0,0.366977778440511,2.214355247456318
2021-09-17 09:00:00-07:00,476.1492835,228.3930333333333,0.2655329507180489,8.5,533.9604288909484,29.244656646817404,50.07778407353907,129.56985180803997,0.0,297.5163962435488,700.0245773789364,1.0,297.5163962435488,155.98829149202032,1.7384620105981718,11.870112055555555,1.661775355,654.7051756511631,654.9436059577301,656.1761510017595,657.5610044608293,657.8536055347593,659.2940272610971,659.712583854484,660.8137856944369,667.3526880779489,670.5240077569532,674.2139877282178,677.3719447583219,77.43733826435468,71.05220216286456,64.9058587040918,60.918224614369905,57.38057371008819,55.298559342594885,54.3347799474995,55.73901114207813,58.29090945836222,60.82462923165304,64.35418323572475,68.60615153881047,42.65122231408236,90.0,0.411233115774466,2.121651189883129
2021-09-17 10:00:00-07:00,901.3535333333332,112.88715,0.2607318471846706,9.5,778.2073038427292,34.68380611528274,42.42725353807551,147.50791977414013,0.0,477.9284972624729,876.5318158641542,1.0,477.9284972624729,205.01384644518453,1.3740742763727836,13.76702122222222,2.1388314466666665,852.8836360011383,852.7444276208572,853.1013262598075,853.2699373179562,853.3379191433053,853.5154427643827,855.2303768307324,857.0829472003261,858.551153348064,860.2145138673978,861.6865678964436,863.4957899304495,106.85607763465283,97.386477094224,88.38852501079656,81.99158630358963,77.178427134723,75.00097320421902,73.90617491099061,74.82336255829212,77.78037304651716,80.55799582022108,84.79954544187427,89.61897414800733,26.15031258330811,90.0,0.5296362118390063,1.9595019470516633
2021-09-17 11:00:00-07:00,908.1646833333332,120.07636666666669,0.2574498517943175,10.5,833.6127937003957,37.51386476493728,38.215407343052846,169.85801307909284,0.0,533.7396402846028,844.4968460064933,1.0,533.7396402846028,216.69248338569324,1.1040286050364798,15.458627,2.1463517166666666,834.9153900606019,835.3991622421711,835.3243746400105,835.2165397550621,835.7551979799674,835.7535724535975,835.5767995648514,836.0510603394458,836.0500228856007,836.0489206568597,836.3519071101541,836.3546252112862,112.13454495558118,103.30778121180022,95.11864936610053,89.18775837266156,85.08317917358274,83.02835239382155,82.6279194089529,84.25641939375076,87.45430482780515,92.30180897675683,98.41329967235444,105.4206913226552,7.893418434824533,90.0,0.6813346173369292,1.866617612186962
2021-09-17 12:00:00-07:00,895.3566833333333,124.08108333333332,0.2594950448027331,11.5,823.4969227872042,37.2685155045221,38.63319424792505,194.0891551062757,0.0,527.4703698035887,842.9885282900484,1.0,527.4703698035887,216.2497797846438,1.1460923920945525,16.79538561111111,2.389266855,834.0924121463249,833.6051641379972,833.7014567445766,833.7064854316101,833.1409216392626,833.128538694777,832.4982140351746,832.6147054243456,831.9231343322244,831.9249138866484,831.2622761266152,831.2680322775466,104.69113268642673,98.48291550754892,92.36534834643365,87.83329089369592,84.66413497498095,82.6018309320026,83.05017413415787,85.0746569957996,89.49925525016836,95.48044611114074,102.83760600435785,112.56775412830366,11.009907744577871,270.0,0.6545106308955049,1.8755486835904152
2021-09-17 13:00:00-07:00,868.1474666666667,124.94581666666666,0.2664577551008356,12.5,754.2097378058913,33.992642981182804,43.54485233609313,215.75354892691368,0.0,455.91169349290334,878.111751981261,1.0,455.91169349290334,205.04174664285628,1.4255587492935287,17.97967727777778,2.202627446666667,849.6085350887049,849.5956780535712,849.6736885431042,849.676876743182,849.874425232683,850.0564334111748,852.7156849717637,854.8877304578851,857.0892873045607,859.6089130382512,861.7441453633521,863.9615021215648,107.40883435334172,96.26992358921368,87.13040586634237,79.53862408359004,75.64468130301348,72.58332884355241,72.14440041117224,73.28296882139907,74.7353758572049,78.63573518477469,82.62004041557707,87.50156715573394,29.04559866067728,269.9999987925817,0.507247235048254,1.9829092611096635
2021-09-17 14:00:00-07:00,812.8776,121.57298333333333,0.2777507961975223,13.5,626.0021607622718,28.212419488840254,51.64387180109679,232.92520708239522,0.0,323.9037484844542,899.7714616258936,1.0,323.9037484844542,176.09594303795177,1.8182873583081252,19.594799388888887,1.9452626916666669,872.9820860598097,869.7388599480174,866.4402983832102,863.0218818671219,856.4338193533648,855.7658067172401,856.0373968278545,855.4240607497114,855.5347004273378,855.1358470433591,855.6850449612989,855.6282436403967,65.17484970669818,61.270441906801565,57.33964360605904,54.67275826211054,52.76163098880063,52.47104388055675,55.05771706327387,59.471028654961344,64.30601248337429,72.07113509988295,80.32702449779826,89.91483689028196,45.23452462134436,270.0,0.3950024010293836,2.1529363399191173
2021-09-17 15:00:00-07:00,685.0929333333333,113.89603166666669,0.2873932332459541,14.5,439.5852564251484,22.618258003161024,61.61497885677656,246.38556921586198,0.0,162.6625686450372,826.7966762811178,1.0,162.6625686450372,132.28915911440205,2.563997042381876,20.377518833333333,1.6050322016666667,802.1228004602132,798.8627103554672,795.5440376975947,788.6812414370044,785.4424797701247,784.8807384967868,784.6674956184602,783.7674094723119,782.8298770091524,782.581919158425,781.7626290023917,780.8764712942157,49.27688078504195,47.40964870738162,46.01789681057628,44.46579294118395,44.19167881599996,44.63241473194075,47.728430677067045,52.76875972153277,56.99852952752894,62.922316388846355,68.16311152020066,73.60385585672222,50.0,270.0,0.366977778440511,2.214355247456318
2021-09-17 16:00:00-07:00,560.7733833333333,79.84941833333333,0.2808307642972106,15.5,247.66683663579607,31.23689811750544,72.58679734034821,257.51121117732623,0.0,34.09763672673559,628.0082435509258,1.0,34.09763672673559,77.82527878257876,2.857142857142857,20.46128077777778,1.3642323933333331,614.5520136309821,612.4627401098826,610.37675705985,608.2535977286419,603.8526959872706,603.5855113721602,602.9288842024567,602.6405567974206,602.0021767834501,601.7034131300961,601.0490671077531,600.4354078427854,20.842903609036803,18.438520478580703,16.526923469158007,14.623779360737554,12.78822441809369,10.967796317847329,10.906964429593845,10.600125675064307,10.366607605834993,10.125819779072254,9.939793160523832,10.0274298453683,43.09853146499752,270.0,0.40837247058285925,2.1269630679283362
2021-09-17 17:00:00-07:00,220.79032416666664,36.4716975,0.2159794234710878,16.5,59.465776664629004,72.68916166662504,84.02212509816788,267.43704383219983,0.0,17.698798361474083,119.79895357487595,1.0,17.698798361474083,13.831477782391097,2.857142857142857,19.176882388888888,1.1573854966666666,101.80686365935779,101.64283848528389,101.64292984282727,101.6730426663606,101.50894261203993,101.51188692636518,101.36121720266847,101.36130558588923,101.19414095065412,101.17769285359887,101.01340322694091,100.81200661918515,3.8209003570012703,3.7536618605491623,3.6658483032842435,3.533298601455107,3.4857144443616104,3.4230427574145366,3.4027419685863367,3.3373411515604516,3.3474825287945404,3.381965590568525,3.4037917393363224,3.467533172600289,11.344708468186072,270.0,0.6516443660456179,1.8766813958514272
2021-09-18 05:00:00-07:00,21.028545516666668,2.68981615,0.1934873056099627,4.5,2.8836456953185223,88.49090857241646,89.47187159725641,88.28494282260999,0.0,1.7202835581014027,3.2434175720627056,1.0,1.7202835581014027,0.0001972862903730753,2.857142857142857,12.595605116666666,1.7615640183333334,2.623780957241253,2.623780957241253,2.623780957241253,2.623780957241253,2.623780957241253,2.623780957241253,2.623780957241253,2.623780957241253,2.623780957241253,2.623780957241253,2.623780957241253,2.623780957241253,0.2925803520780437,0.28623401261572595,0.2808712595738549,0.27670663578657445,0.27390628383567206,0.27257942319941403,0.2727696570757771,0.27445740442687466,0.2775597719675343,0.281936458468593,0.287399742308756,0.2937201796181765,0.9814027511082448,90.0,0.7414360641328687,1.8572895498973119
2021-09-18 06:00:00-07:00,540.3503333333333,30.994246666666665,0.3296097390444514,5.5,104.54176342156381,67.11467410214512,82.17714296816908,94.3886947619227,1.5143870023929446e-09,14.292871192604608,260.34315096636897,1.0,14.292871192604608,36.45103138093714,2.857142857142857,16.98214527777778,2.079571435,231.49891481473264,231.4922123375353,231.5496079738213,232.0035333289068,232.42269482316956,232.84864632507245,232.81867710420943,233.17957565147478,233.1798606908786,233.5181688473595,233.51815481352435,233.82196889757745,4.345627155281461,4.326923375873038,4.406068508940838,4.372930648623805,4.368602117630494,4.604245838763522,4.634932220340352,4.686390670339001,4.995175572123726,5.063496839875533,5.138391648719778,5.491066783193518,15.109567227773942,90.0000017075473,0.619667140366011,1.8917137386683274
2021-09-18 07:00:00-07:00,832.5649333333333,50.354205,0.3015299668700972,6.5,323.8956424192755,24.255761146002545,70.81904761131224,104.48135672431943,0.0,31.82220910806227,862.5860006652118,1.0,31.82220910806227,98.30137379947824,2.857142857142857,21.905948277777775,0.7047250116666667,828.4745109030872,828.9391892699907,829.4106947601537,829.6295668817464,830.0758200625975,830.5185117961424,830.7205721784642,831.1596306168874,833.4703031102938,838.0452487566366,840.2216317838283,842.356939148738,9.16402146622399,9.599073970776855,10.051566411161755,10.5343143391714,10.974568095066138,11.384907128061702,11.770473299025104,13.797444826902616,15.826842917007895,17.844743611317696,19.84438475992687,21.809844848309623,50.0,90.0,0.366977778440511,2.214355247456318
2021-09-18 08:00:00-07:00,937.6234666666668,59.33375333333333,0.2961885627715933,7.5,527.9924972503587,23.379846163326306,60.010794469505385,115.94716137257433,0.0,201.96921967339722,974.2359364619722,1.0,201.96921967339722,148.56299953099656,2.408188463804898,25.56127766666667,1.1980015316666666,931.8129830931549,932.2772899540382,932.6298735737007,932.6337302733062,933.2631836659318,933.8612947592983,933.7225021029471,933.8662853883744,936.1953921881899,941.3196936694428,943.7842389090848,946.1950111392155,86.15418610275337,78.31710880761703,70.83570448330768,62.609008796550036,56.94916863977248,50.38010305255302,46.14869347048213,44.347017580530625,43.51566968097453,44.29019569996891,44.854189186408504,45.99522170962784,50.0,90.0,0.366977778440511,2.214355247456318
2021-09-18 09:00:00-07:00,980.5774166666666,65.44921833333333,0.2805201001957124,8.5,691.3232118359603,29.63226456059547,50.336997416419614,129.9617220372932,0.0,365.41082563505944,961.0193299088489,1.0,365.41082563505944,185.23590802568327,1.741395086019698,25.780092333333336,2.7182126666666666,926.8415206927388,926.4530759937803,926.248590652245,926.3436528148904,925.8339234846485,926.1097402077029,925.8439487361179,925.6693353795657,930.0753155978338,931.8032131128106,933.6014943666827,935.5700234363334,98.29516931951004,85.73114480554757,76.17189846198369,68.6176900538635,62.522392895453955,58.07479121722744,55.353552240995455,54.55522003189155,55.55711066098306,56.559168618684836,59.182682477266766,62.31530840860404,42.75140536100147,90.0,0.41059062153951054,2.1228369976726658
2021-09-18 10:00:00-07:00,996.79375,71.33611666666667,0.2687705841604942,9.5,803.3832957333498,35.08045494377048,42.74330222559271,147.86377786070113,0.0,492.05628843343703,907.7228728760225,1.0,492.05628843343703,214.52285626782225,1.3745620218743275,28.093149166666667,2.256162766666667,887.0656099405087,886.7818473719861,886.9040243806471,886.955183279345,886.910303821799,886.9787386780735,888.2938692373282,889.7639963591471,890.8480622189994,892.156099000625,893.2837544454069,894.7940673896657,113.16332378246547,102.7907084873428,92.8609234441244,85.55050160639969,80.14604170158452,77.44795270508678,76.07910565860419,76.75823469131835,79.54552644609132,82.53404109657708,86.69744653146593,91.48774261766407,26.178705781099158,90.0,0.5294138237811452,1.9597204619216453
2021-09-18 11:00:00-07:00,1002.6085,75.65802666666667,0.2631116358561406,10.5,859.358289781587,37.907351536642125,38.58706489970931,170.08433624329666,0.0,550.1270076725632,870.2818528148409,1.0,550.1270076725632,227.57961094713684,1.103094133415557,29.292784666666662,2.3029318466666666,861.8874722075358,862.2025086758997,862.2010427293046,862.0973429669029,862.55365553951,862.5522992928877,862.8429954955589,862.7791064567157,862.7780106137329,862.5692136556465,863.0233582790081,863.0263128793242,117.79864256399433,108.2823930918593,100.09942302251329,93.03298222838687,88.58292804940568,86.2922615510567,85.82499905140051,87.55548592243628,90.98060606739945,96.18461380969963,102.51605532992366,110.24632213455583,7.8234837789458895,90.0,0.6819391809445401,1.8664507255308211
2021-09-18 12:00:00-07:00,973.3190333333332,89.05306166666666,0.2635839547283364,11.5,845.1402186195628,37.64171647618239,39.03027815911301,194.1136693718694,0.0,549.1911760208436,865.9261107069506,1.0,549.1911760208436,224.74440042671438,1.1484409705386118,30.596524555555558,2.3422933783333333,854.2935483640866,855.0350258877453,855.6056292701778,855.602026746183,856.2147137720503,856.2036252032742,856.653357787072,856.6670238521971,857.1669779485159,857.1615803625823,857.1559518526109,857.4911154327607,121.56605386696654,111.25293396858827,102.96779787079237,96.22663256087732,91.07221255111368,88.49602960037615,87.7766960694772,89.36819421601318,92.41021082201483,96.96949495217281,103.15660929414376,109.81935417787221,11.181861761903232,269.9999980909041,0.6530381007094606,1.876126261797047
2021-09-18 13:00:00-07:00,496.21207183333337,160.775385,0.2655336715691609,12.5,518.1350899259817,34.33262881013059,43.93104004178103,215.61794428192567,0.0,314.9465173425898,605.3308528212191,1.0,314.9465173425898,148.19247267043647,1.4301577589938965,30.789386611111112,2.48298725,576.8970642007047,577.0418762881403,577.3589734073732,577.7592440445464,577.7549039035454,577.8595479282949,580.982169020654,583.8513583564145,586.7372566738575,589.3561253840438,592.2739334041153,594.700438118836,73.34282390975021,66.230394158019,60.99412865151643,56.25651034432112,54.438054131600424,52.0818554112999,52.6633363606943,54.86664012490513,56.349239599934016,59.40078769173752,63.03214118081787,67.29350680014393,29.29427627595213,269.99999914622634,0.5053523342604731,1.9850247008172348
2021-09-18 14:00:00-07:00,313.97252366666663,193.16781666666665,0.2711325770476275,13.5,386.44832183046304,28.51642269168732,52.00469672403244,232.71328833198402,0.0,216.38060772395409,502.54178295711824,1.0,216.38060772395409,116.54540513740315,1.8278615528067292,30.54523438888889,2.537534275,484.2434204282773,482.0173903062896,479.2906789167541,477.307387461226,473.8428561671959,472.5319649424358,472.0987265174937,470.56455845078426,469.0872078647145,468.52270745201787,467.15656531537513,465.7374776144026,54.68078552186341,52.4078744803005,50.336169409756565,48.18314481385481,47.067722302548646,46.36595087124736,46.8912876361972,48.18054073541297,49.771058737103424,52.233329270844074,56.103347474637644,60.66995144757363,45.52543915571146,270.0,0.3932192097649303,2.156550342997183
2021-09-18 15:00:00-07:00,57.631826583333336,161.06929666666667,0.2670004018633075,14.5,188.16757794952008,22.989422299998655,61.95294957148732,246.14822328727482,0.0,110.76370482713651,215.17836654302758,1.0,110.76370482713651,61.94827400467455,2.5878467935570577,29.648496,2.290768128333333,203.83671402625959,203.74022144791826,203.64036631279816,203.2932386850201,203.20892431825044,201.39040471228773,200.57234211518346,198.6847159706686,196.7418158251533,195.87398884995974,193.90009957817372,191.8915585085591,37.13855460389804,37.17073612543992,37.231943747209215,37.16697521283055,37.31447456263342,37.53087401393135,37.071491780967406,36.888111524747735,36.57684297406149,36.64842697937516,36.65420796686225,36.855096900329784,50.0,270.0,0.366977778440511,2.214355247456318
2021-09-18 16:00:00-07:00,8.827692916666667,83.23183999999999,0.2647277101519247,15.5,85.82609011637538,32.897170495503474,72.90982975393003,257.2687180842349,3.108624468950437e-16,54.60802229632264,84.4140317484103,1.0,54.60802229632264,26.003607527665956,2.857142857142857,28.86389855555556,2.082693155,80.06176024034895,80.25475120643385,80.00551233288775,80.28430997874266,81.29779632940361,80.29585372247548,79.85469826811577,78.86215081466659,78.40224870140003,77.36774891681245,76.89496963520938,75.83418839004884,15.953310276479035,16.14815874598977,16.28318154396136,16.439958149707955,16.545939837598183,16.12204466337292,16.17122206870978,16.093245201877092,15.686483676014111,15.317644969907944,15.07841160799467,15.217819094827309,41.70048582523741,270.0,0.4173816572188799,2.110510315538779
2021-09-18 17:00:00-07:00,0.43661535,17.271610833333334,0.2511248724764552,16.5,17.314681566010744,73.62945962471991,84.33874409413525,267.19548843571704,1.5884586065687575e-09,11.162499334110345,17.013394786641243,1.0,11.162499334110345,4.192519210838142,2.857142857142857,27.98879983333333,3.188563583333333,16.198238166452015,16.228955834126015,16.17838480720526,16.16262946069949,16.160335985751498,16.14608214494298,16.14609493854373,16.184233724488735,16.133596167515506,16.131708283940345,16.12054970974739,16.120498736589642,2.397538779701092,2.349952202304651,2.3035513058776287,2.279270834517406,2.2702035894875463,2.2723922677113153,2.28128885033953,2.307053214507792,2.338282004702132,2.379859665854401,2.4196945115496185,2.463932261316816,10.722526917546316,269.99999716835316,0.65697353310027,1.8746031348798773
2021-09-19 05:00:00-07:00,12.6030785,2.6654519333333337,0.1842941581504027,4.5,2.7422430587544318,89.00250455178343,89.6508920725125,88.6401473245038,0.0,1.704505327501234,2.8847697674031156,1.0,1.704505327501234,8.538239328999388e-05,2.857142857142857,15.646086,1.5134900496666668,2.541724154316291,2.541724154316291,2.541724154316291,2.541724154316291,2.541724154316291,2.541724154316291,2.541724154316291,2.541724154316291,2.541724154316291,2.541724154316291,2.541722777306364,2.541722777306364,0.2761260816929756,0.2701480183305557,0.26509885016925194,0.26116161791104603,0.25850648710489865,0.2572396307089735,0.2574073778966696,0.2589943297357204,0.261926172560034,0.26607254689406457,0.2712565576722227,0.2772641401415295,0.6485701914447399,90.00002535578366,0.7443402782346403,1.857206924096067
2021-09-19 06:00:00-07:00,480.6383,34.45824,0.3257971433578612,5.5,98.38011048327435,67.66743014368775,82.35737820464009,94.7465452964301,0.0,15.291625004706782,239.50645562884046,1.0,15.291625004706782,33.83948041138303,2.857142857142857,19.088910722222224,0.97548954,211.97790129966202,212.03254817252258,212.09033804777357,212.4721227445461,212.83021368801246,213.19293120735352,213.18652375365193,213.52204951869294,213.4737664292316,213.83185327387685,213.75168894377111,214.1092854300151,4.552607474374653,4.569827974393763,4.587940581010674,4.561001343195613,4.547824581210454,4.656638164145253,4.801136152393325,4.8506730245226555,5.011605664273464,5.215559835522813,5.295442775757938,5.627991734858466,14.743539537256305,90.0,0.6227535469896542,1.8900682163910982
2021-09-19 07:00:00-07:00,748.3537,59.633271666666666,0.2995720115201833,6.5,303.1321245255092,24.588994527914398,71.01143962587624,104.84978477340763,0.0,29.819276036596452,805.7333689087703,1.0,29.819276036596452,93.6009485678752,2.857142857142857,24.024408722222223,0.976961455,771.8801462858283,772.3781310963849,772.8780329709441,773.1063741722376,773.5868244580544,774.0586814624168,774.2701188868751,774.7385752549976,777.162222466923,781.9607972201325,784.2758998328627,786.5247207465239,8.996864803870551,9.304162668203391,9.646844740994505,10.01120909449704,10.372200992156976,10.718059275363748,11.05199436116404,13.155576281810127,15.277976742196133,17.415373217830478,19.54533204605441,21.666898065044403,50.0,90.0,0.366977778440511,2.214355247456318
2021-09-19 08:00:00-07:00,877.0078166666666,68.37039166666666,0.2917945107839982,7.5,503.82949391219233,23.77762039410148,60.22942862818837,116.33046952507631,0.0,190.5887827036779,926.380393195833,1.0,190.5887827036779,143.0481630068243,2.41801523951381,24.972391388888887,1.5757805433333334,883.110710938156,883.7097367192147,884.187817375744,884.2661439003989,884.9792574004649,885.6792878525432,885.6154924786294,885.8678363238016,888.4552420347208,894.04804587594,896.7477257711826,899.3860651936885,81.39825348883164,74.1378749935488,67.25166093057298,59.65367567322506,54.43874812897863,48.386716436828586,44.5294123555931,43.203505704688425,42.75163967806116,43.827461034617784,44.69278810371299,46.0931574770708,50.0,90.0,0.366977778440511,2.214355247456318
2021-09-19 09:00:00-07:00,961.3137333333332,65.55786166666667,0.2775656210029255,8.5,675.7585662403353,30.020273378028694,50.59802964591906,130.35099981904898,0.0,357.34475730890165,940.4814987779139,1.0,357.34475730890165,179.70912597442015,1.7443743841048893,25.545006,2.2261895966666665,906.5933103065998,906.2357741590487,906.043717340119,906.1572504993434,905.680719440842,905.966524830796,905.7057665678624,906.0271907452677,909.9784417958941,911.7312388587818,913.5644682574542,915.5493353625532,95.20799713197107,83.05856077093222,73.82914445201513,66.54506528560285,60.82054732395174,56.384791776038696,53.75063660527516,53.047509417297064,54.08624718398469,55.1437185092415,57.74700102550774,60.843937107485544,42.85273704045234,90.0,0.4099418165010902,2.1240386849124113
2021-09-19 10:00:00-07:00,980.1661833333332,70.27201333333333,0.2667313996342112,9.5,786.408155044932,35.4776153215202,43.06099396830123,148.2156226968778,0.0,481.6771480566284,888.763893675451,1.0,481.6771480566284,208.59453755489326,1.3750600562204822,26.538503,2.46694845,868.267263005916,867.9965806562902,868.1194817673544,868.1728623651975,868.1308597343093,868.198703339121,869.5143138398735,870.9729943732698,872.0584455844462,873.3623214565176,874.4875189080769,875.9879160133736,109.95127520741698,99.87535710277012,90.23682508346549,83.15404666924412,77.9088070032623,75.31445282959143,73.98794068996384,74.66565536537738,77.40204317897098,80.30551167994244,84.36439257348081,89.04157991408677,26.207678196868194,90.00000085377364,0.5291869548720204,1.9599436616431982
2021-09-19 11:00:00-07:00,991.5036833333332,73.21870666666668,0.2618384692502365,10.5,844.200242070915,38.30134967865543,38.959722058428085,170.3069752895367,0.0,540.4193369420138,854.7684899564717,1.0,540.4193369420138,222.49626046166222,1.102152392029524,26.933958500000003,3.621693383333333,846.3875525321386,846.6981232265766,846.6964547689205,846.5935653852721,847.0433953615161,847.0424667697949,847.3286189730582,847.2660947883594,847.2650379756001,847.0587719227424,847.5059707289497,847.5088868667298,115.16585103550092,105.86276913873483,97.86342595736875,90.94817035489116,86.59224633889507,84.34513868421651,83.87706194759105,85.56608087975589,88.91523874677004,94.00490417574095,100.20894755489977,107.7770135403054,7.752978156453151,90.0,0.6825487830254573,1.8662839704619067
2021-09-19 12:00:00-07:00,980.4992666666666,77.95358166666666,0.2624889771500382,11.5,835.3151569848386,38.01523348633132,39.42789855225083,194.1374503931642,0.0,542.8312746487998,856.4222191824558,1.0,542.8312746487998,220.9964860889456,1.1508161248667257,27.483998666666665,3.4593672,845.1074987430105,845.7997878346671,846.5003057911036,846.320429991325,846.8908418859149,846.8792823632964,847.5626573203399,847.3102015068096,847.9847188323059,847.7673544759195,847.7607137496768,848.4279990090026,118.84123738056076,109.36763895655788,101.16557200246346,93.86036767456125,89.41941757324311,86.69104004911307,86.14693110732789,87.72045372151652,90.71477596900934,95.58796696250246,101.29841449556106,107.88759992553493,11.355517310972498,269.9999979086902,0.6515518858205058,1.8767185228579493
2021-09-19 13:00:00-07:00,956.1776333333332,79.07160166666667,0.2693429077730618,12.5,763.1930447484673,34.672668521349394,44.31783781477721,215.483737180043,0.0,460.7448637534167,890.7458123067521,1.0,460.7448637534167,204.29816064374245,1.4348265308927477,27.936638555555557,2.8389108666666667,876.0544873065465,874.7943360941094,873.0297243097519,871.5023273057749,869.6446889744064,868.228863161746,866.7316636275716,866.4204379683234,866.6825418226931,866.4931280741098,866.4017639091632,866.1863475065951,84.48541232945963,80.59404649819625,77.15267717247875,74.34397679564664,72.55605587435497,71.46254610368017,72.18169713969058,75.35236065084307,79.97310909763969,87.54597726348078,97.0905000453825,108.49615654258066,29.545070926544188,270.0,0.503445969571082,1.9871747885811284
2021-09-19 14:00:00-07:00,897.4942,86.70166333333333,0.2807962040711229,13.5,634.7219154664276,28.820342142408787,52.3662706820461,232.50291213857022,0.0,326.6346229758028,923.0737461492844,1.0,326.6346229758028,173.9871483765227,1.8376260394608122,28.77553805555556,1.815211955,883.3159359138416,883.2471995553567,882.7266119757728,882.9176898020534,883.1186439526244,883.1670564381354,883.1386458836313,882.8523993900507,885.5519502872676,890.6933290868631,893.7080054638888,896.3391064429318,91.98925229970958,80.6724024409677,71.87214645891866,64.8547803745359,58.80693922106694,55.35597119788772,51.74526574891432,52.17639913892817,52.70202852930157,54.8527420226825,58.230263677464606,61.42639952752528,45.81821461401806,269.9999985212207,0.39143389815867446,2.1602056989705694
2021-09-19 15:00:00-07:00,785.30896,76.791345,0.287284560711563,14.5,441.9374364211063,23.361964361718318,62.291638366578134,245.91183973533867,0.0,152.1292205780142,864.9015135177683,1.0,152.1292205780142,127.40011354487135,2.6122489442916508,28.63374294444445,1.6701220883333332,840.7987003434762,837.9614296888303,835.0720824121283,829.1062965854065,826.3229209160223,826.0381430774974,825.9311369984548,825.2985984004732,824.6306891570802,824.5060448415846,823.9654026040834,823.3682257454647,42.984847110046466,41.63282023919734,40.763808365340665,39.73556572856584,40.031953346175904,41.09713551115329,44.50007959478078,49.99724244105611,54.64027723595466,61.03003470548841,66.69705774892124,72.52759087763735,50.0,270.0,0.366977778440511,2.214355247456318
2021-09-19 16:00:00-07:00,628.5762483333333,64.61855166666666,0.2770404164121711,15.5,245.94601221790109,34.49158150943241,73.23342361283052,257.02655688128914,0.0,25.998340243765576,644.404099363614,1.0,25.998340243765576,74.04971876375646,2.8571428571428568,28.130808833333333,1.2719627233333335,631.9475094092819,630.195685255155,628.437128137897,626.6441758702581,624.585119010191,622.6837976711004,622.2380897049648,622.0219067498673,621.5585107679567,621.3346629392881,620.8489683389803,620.3509703133484,16.06473586427087,14.394953422676531,12.75831360182776,11.137975668924668,10.853976160368093,9.30453697029111,7.805772906459489,7.591201751230935,7.5787425212356245,7.412966743328869,7.284375391352097,7.355579083892782,40.3780560044862,270.0,0.426085905903935,2.095356378801516
2021-09-19 17:00:00-07:00,266.11045651666666,29.019694666666663,0.194839699612893,16.5,53.805257730104444,74.56680301881408,84.65571743489268,266.9537014786285,0.0,13.721946175974034,115.1939387687585,1.0,13.721946175974034,11.583401912378802,2.857142857142857,26.37159272222222,1.178692656666667,93.91087192341878,93.99113964588099,93.78761810210841,93.78760253554094,93.64538552741561,93.6453467105272,93.64713317733487,93.48571323838,93.48575062174498,93.30438243187339,93.3084368610757,93.10493466592949,2.781197033502422,2.7349861028422917,2.584745840812034,2.544402552679941,2.5115565293473106,2.48730890129681,2.3871328995338477,2.3837722003214186,2.39538492227851,2.4179644322444886,2.4523722345511425,2.4780303907026155,10.103585302650597,270.0,0.662285834317089,1.8726506527277063
2021-09-20 05:00:00-07:00,0.0958723,1.7315747,0.99,4.5,1.732179926287469,88.96651831965286,89.6382986300518,89.15567437736735,0.0,1.1073170378444976,1.7332443956722212,1.0,1.1073170378444976,5.952144493732106e-05,2.857142857142857,9.811636444444444,0.8653478769999999,1.63723202436332,1.63723202436332,1.63723202436332,1.63723202436332,1.63723202436332,1.63723202436332,1.63723202436332,1.63723202436332,1.63723202436332,1.63723202436332,1.63723202436332,1.63723202436332,0.9636180675416246,0.9427531560795451,0.9250955110331412,0.9113571781343577,0.9020943372646771,0.897676783192592,0.8982651871021102,0.9038045869888293,0.9140352016691314,0.9285012421532616,0.9465851165509456,0.9675399969286793,0.6718532487319059,90.0,0.7441371087200567,1.8572116064944146
2021-09-20 06:00:00-07:00,307.99027106666665,39.93926333333333,0.3050585036679934,5.5,79.9355848965318,68.22053006592058,82.5383654052045,95.1043608734899,1.9672151202624023e-09,18.81317211997901,176.49443348760528,1.0,18.81317211997901,26.36778488200181,2.857142857142857,10.6913399,0.7799255773333333,155.49739306289516,155.49809195112618,155.9247133497607,155.96787679035018,156.34726843988688,156.70392218931437,156.69167794034186,157.0547520468103,157.01476762388532,157.3048410875259,157.30505903118652,157.66843115536426,5.220825663586322,5.2276666410049994,5.16382745304853,5.210468335816181,5.195467473640303,5.312739453462245,5.350130211874473,5.524394069105958,5.694864966986751,5.777181115964144,6.011225561025661,6.202102070963785,14.37809278943632,90.00000190909591,0.6258402358188434,1.8884646795039066
2021-09-20 07:00:00-07:00,676.2772833333333,71.41171666666668,0.2979147343384556,6.5,289.2965167784728,24.924532449025953,71.2050268643216,105.21761700038508,0.0,30.833176819734366,759.7351599822935,1.0,30.833176819734366,90.47123455152574,2.857142857142857,13.47573288888889,1.3867930466666667,726.1932033140913,726.777386538337,727.3573813551695,727.6184347989788,728.1820351575236,728.7301379405073,728.9722080526075,729.5158005421413,731.9158353121455,736.6695317893165,738.9728424094062,741.2156397638277,9.77798993652396,9.992788848603075,10.266297953965408,10.552945398182645,10.872637575400633,11.18615552536997,11.499259012269354,13.563943859796286,15.655192444940697,17.788451125159774,19.916470654236075,22.056318120792216,50.0,90.0,0.366977778440511,2.214355247456318
2021-09-20 08:00:00-07:00,843.4259666666666,81.36109833333333,0.2898710604561841,7.5,497.3288528261387,24.17582678894012,60.44964942676352,116.71233281829979,0.0,188.07391120028697,919.5937494666346,1.0,188.07391120028697,142.47618894421058,2.428006060990133,15.613901444444444,1.8338306033333331,874.9146440425626,875.5040211856151,875.9747230688,876.0525426924941,876.7537420599916,877.4420921766061,877.3804546312289,877.6295447502193,880.5507548653159,886.7877181405535,889.8035052409284,892.7536295671388,79.83379167729835,72.71269040302937,65.95840873820629,58.5060526697112,53.39100817962901,47.45501824464381,43.67180413553274,42.6915846278058,42.575044326468145,43.96310051947082,45.151081535795576,46.87004387260417,50.0,90.0,0.366977778440511,2.214355247456318
2021-09-20 09:00:00-07:00,908.897,87.53189166666667,0.2766804550726241,8.5,661.2329702795558,30.408557657357342,50.860857919187026,130.7375302462906,0.0,351.9253308155884,916.9596425741231,1.0,351.9253308155884,179.4744299390399,1.7474032576955056,17.571415555555557,1.9394413766666667,879.3978605608543,879.2577766902486,879.2584883854712,879.2144956133113,879.2043781507534,879.6652235162812,879.4875858354573,879.6656012355896,884.7506990429746,886.947225557338,889.2249106471717,892.0040480159893,92.61440510482971,82.15924677646568,73.41320608197563,66.54539522131468,60.170540838075155,56.964859489154804,54.53372683204392,54.308152841796584,55.078023133313195,57.25239271541735,60.20648009333797,63.634701405639674,42.955312924404055,90.0,0.4092861284154563,2.1252574625355565
2021-09-20 10:00:00-07:00,941.8280833333332,104.22463666666664,0.268752724716025,9.5,788.7558287224238,35.87517645071216,43.38027306085221,148.563327736673,0.0,484.1313463962286,890.099052670692,1.0,484.1313463962286,213.28635579835318,1.3755703055956814,18.561970055555555,2.6133106833333333,866.088350231666,865.9123781057692,866.5583332509118,866.3574672495398,866.3943550620621,866.5446782890085,868.2263874091419,870.0367152692594,871.4591601229963,873.0950401022247,874.5305316557933,876.3271660126874,111.5089104965821,101.5449612678316,92.07340805365877,85.27090991813377,80.17779053882784,77.83457602850318,76.63729873242629,77.52383011267405,80.5401697876114,83.86134736359817,87.76737992085067,92.71402874009883,26.237341624384403,90.00000120741828,0.528954733483219,1.9601724225118706
2021-09-20 11:00:00-07:00,471.0271166666667,214.2017,0.2623137343915733,10.5,578.527983112732,38.6957653416463,39.33329706882685,170.52583774466734,0.0,370.59053544487045,586.9359553902912,1.0,370.59053544487045,155.3181727733584,1.1012049327966635,19.25979638888889,2.749572025,576.0867206846359,576.7232780511957,576.7221790821981,576.5765168178237,577.3268015481917,577.0896539778222,577.7940099626182,577.7932011957022,577.7925322935364,577.4704248545721,578.2187857918223,578.2206255521348,80.0924370181291,74.30899769505888,69.35510927418005,65.08598457416582,62.42953339912325,60.99239749692779,61.076080164457316,62.122041331002215,64.26816483075773,67.49811935881425,71.43547294713338,76.41671267360451,7.682013995258032,90.00000400455336,0.6831624528357105,1.8661176459820887
2021-09-20 12:00:00-07:00,944.4460666666668,139.16131666666666,0.2642494479536962,11.5,864.4897594436909,38.38899153647955,39.82595252420236,194.16037545482152,0.0,561.7580054992959,888.621899198328,1.0,561.7580054992959,232.4320423860633,1.1532165563177406,18.48861755555556,4.901353366666667,873.7946887223436,874.886358311767,876.0220635323041,875.7945404839943,876.8799981426249,876.6957802514004,877.802132391847,877.4361339547371,878.5256945007943,878.1647738640403,878.1571401317073,879.2426528424965,124.21761473895715,114.45224835918164,106.08269042197966,98.58190832276416,94.04504456807794,91.36723060473952,90.8485352207765,92.44195394176134,95.63615216379138,100.80117291099538,106.92640871636802,113.5413300017202,11.530766569066106,269.9999982924527,0.6500529482061495,1.8773253499759004
2021-09-20 13:00:00-07:00,956.0844,126.56800666666666,0.2713718165786808,12.5,806.0921995614622,35.012705639703015,44.70511976939788,215.35080463879427,0.0,487.2429648214842,945.3649752802127,1.0,487.2429648214842,221.69955972912894,1.439564280363502,18.12467422222222,3.738691783333333,929.0747278543236,927.1079993287906,924.6061926943645,922.310552740885,919.9645657435004,917.3943512514116,915.0893513037757,914.6831530395986,914.6554972742766,914.6367514831019,914.6645116199875,914.176104812719,93.68917963598523,89.17599243713529,84.95704017551556,80.94331745561126,79.49174966147122,77.8180714658976,78.05207456120633,81.58002141120312,85.76060436834632,93.65247555129952,103.73931539854112,115.73758840114506,29.797869828354667,270.0,0.5015291507707443,1.9893589276228587
2021-09-20 14:00:00-07:00,905.6314833333332,92.15099166666668,0.2816961038971524,13.5,640.5953150864617,29.124144436300302,52.728455406016046,232.2939997199931,0.0,324.37460080303896,934.9243277912057,1.0,324.37460080303896,176.63603401764058,1.8475819784576961,18.43489438888889,2.489162883333333,907.1215146504572,904.4930533907303,901.8231735654374,895.7454016552252,893.242332043588,893.1326343899153,893.4775667075914,893.0187808945325,893.1190827580921,892.9039286496456,892.9689574131614,893.6463091112839,61.99498058178859,58.21967226340338,55.44923505670287,53.30783343775472,51.88208082234538,52.260972447072696,55.059440489746564,59.55979411564297,64.5120389689873,73.03163617480404,81.71319621535729,91.86325786407953,46.11273001691685,270.0,0.3896474227979122,2.163901138537252
2021-09-20 15:00:00-07:00,666.7006316666667,105.359265,0.2857345767016085,14.5,411.855449780493,23.735775655475088,62.630903711028914,245.6763751593356,0.0,148.49150371863593,793.5976071934647,1.0,148.49150371863593,123.59109226231209,2.637213558963005,18.203534333333334,2.312598248333333,770.4349636732321,767.3261371822239,764.1620639874848,757.6417646194957,754.5406800294794,754.02676417656,753.8005242964367,752.9787560691386,752.1162402072067,751.8784595493289,751.1239728543945,750.3164043218197,46.47210585624662,44.819919954166565,43.591746466320856,42.21374123142084,42.06764418181819,42.56401851577413,45.48129192577397,50.27117352831915,54.25889287450514,59.69079616769434,64.4419123960105,69.29194384475902,50.0,270.0,0.366977778440511,2.214355247456318
2021-09-20 16:00:00-07:00,106.27574918333332,73.07693333333333,0.2547957403112214,15.5,103.15871125231442,36.02837875245566,73.55743701486895,256.7847019672615,3.6049216370845125e-09,42.64007040510524,173.91364617709945,1.0,42.64007040510524,30.87221491758396,2.8571428571428577,16.77589138888889,2.168783998333333,162.71801672195892,163.520019814325,163.88682367730627,164.6654214105189,165.00865675089102,165.75466194937084,166.09017643353064,166.86878993427413,167.30769098286157,167.69144341867104,168.07151495354938,168.48962718878315,11.183592115346906,11.076110567384042,11.276568982273922,11.535682374779352,11.591190069753525,11.898840969555156,12.3365543739717,12.752954169730293,13.18193230660082,13.588768982039356,13.960437457196196,14.366390969707432,39.12074170390985,269.9999987925817,0.4345216482723468,2.081324812518467
2021-09-20 17:00:00-07:00,1.394111833333333,23.1915515,0.2238065902791904,16.5,23.313713154040585,75.50103682004662,84.9729028207639,266.7116630497561,1.5856100185456764e-09,14.92824958328825,23.205452303850272,1.0,14.92824958328825,5.035743254163752,2.857142857142857,15.48573261111111,2.303435783333333,22.027262438223765,21.96783257755205,22.010516624528158,21.951194339838462,21.99340436510709,21.933980497284058,21.980162654178603,21.920778597425375,21.920837398155562,21.967066303370125,21.90769290981313,21.907675657757945,2.8625876037063964,2.8048846021645186,2.760802636979887,2.7251552986615075,2.7120214530396094,2.7145749694643224,2.725636852167746,2.754476433661345,2.791689275835377,2.840369889585786,2.8922175564142134,2.9510871859533387,9.48786646499246,269.99999758516344,0.6675806318372176,1.8708223255677556
2021-09-21 05:00:00-07:00,19.308845566666665,2.19350915,0.1288925964790885,4.5,2.2547540638514856,89.48075268491846,89.81826562586605,89.51127800170065,0.0,1.4025787354156192,2.368475590943988,1.0,1.4025787354156192,1.9029731287913356e-05,2.857142857142857,4.289906005555555,0.7426291333333332,2.0830579938071168,2.083067609190158,2.083067609190158,2.083067609190158,2.083067609190158,2.083067609190158,2.083067609190158,2.083067609190158,2.083067609190158,2.083067609190158,2.083067609190158,2.083067609190158,0.15919772203475113,0.15572776785601763,0.15277152625589524,0.15044932435619238,0.14885663489992154,0.14805856126314945,0.1480862410250439,0.14893549387175306,0.15056765963307847,0.15291137838557553,0.15586693973902094,0.15959363579628283,0.3375252108518995,90.0,0.7470545539171172,1.857160208598648
2021-09-21 06:00:00-07:00,534.8665833333333,27.21917,0.2669844007134024,5.5,94.99540548888098,68.77408918699462,82.72012776747806,95.46201219906197,0.0,12.30658260477124,238.22472090032443,1.0,12.30658260477124,27.15133565233809,2.857142857142857,6.242220738888889,0.9378410033333334,208.0948787762857,208.13737998978988,208.5250232980418,208.52481057604908,208.8819061264828,209.21677687908868,209.21676303435373,209.52477568034277,209.52104425087953,209.8031021855548,209.8032795872103,210.0593188277516,3.121177965321109,3.1599935305416476,3.1232029432468695,3.098750927246788,3.1745819461140363,3.280269365783344,3.3042043376761825,3.3360328531191756,3.5821284185873776,3.6299385481850655,3.6835929228212745,3.966609971038818,14.013086757585123,90.0,0.6289282441843932,1.8869024128328376
2021-09-21 07:00:00-07:00,827.7491333333332,44.16195333333334,0.2791187658735669,6.5,308.18262814482273,25.262260358108115,71.39982596334681,105.58471539070229,0.0,23.02923643433946,841.0023005245744,1.0,23.02923643433946,87.0936847607876,2.857142857142857,10.403810627777776,0.8755293083333332,810.0168396102225,810.4352552610761,810.8583507125888,811.0458876712879,811.4469398749758,811.8401078338879,812.0160050645411,812.4064465323124,814.5395052283983,818.7562005241925,820.8042046522,822.7942449204015,6.835169886718811,7.01186311798486,7.245519109564065,7.481934367248973,7.728082542879858,7.976101611893045,8.216482452422117,10.056576960513402,11.916141912639539,13.807655943191682,15.693834078027379,17.60211439373907,50.0,90.0,0.366977778440511,2.214355247456318
2021-09-21 08:00:00-07:00,940.2397666666668,52.08030333333333,0.2761105147503994,7.5,512.6255477413279,24.574358701298788,60.671458171409654,117.09260180179035,0.0,190.17505395099212,956.5720775116617,1.0,190.17505395099212,134.5228072221811,2.4381692366249332,11.799518888888889,1.2264201083333333,917.6116684579077,918.0652281847248,918.401498032642,918.4205393483435,918.991488992756,919.5534586010887,919.4358047153415,919.5579186077201,921.7068291647075,926.42104041448,928.6974484372324,930.9192252033046,77.80357766666876,70.61977940339207,63.78860097161102,56.25591875822094,51.053798944923,45.031088220936184,41.16694590636759,39.51713781265446,38.72356024409245,39.42164453273732,39.91689306863525,40.93515031240211,50.0,90.0,0.366977778440511,2.214355247456318
2021-09-21 09:00:00-07:00,987.4055833333332,59.284196666666666,0.2643750802931285,8.5,678.9969319982677,30.796992118009975,51.12545756676299,131.12116198000842,0.0,358.46805263972243,948.0560753186994,1.0,358.46805263972243,171.40124208311843,1.750485163547483,12.428709388888889,1.7564040616666667,915.6188482126147,915.2437056166273,915.0058846116326,914.8629653476947,914.6391790258102,914.6683904329236,915.0850856766796,914.6776775382942,918.5909513955359,920.2200664928725,921.9549752537375,924.179277458229,89.93822494671288,79.39645654599676,70.49682043184441,63.48287950586053,56.975801517941804,53.85110148461735,50.314705247618086,50.3996495416943,50.66036334572801,52.340107369272516,54.78573260472702,57.69785983259265,43.05922999710441,90.0,0.4086229807014378,2.1264945677591642
2021-09-21 10:00:00-07:00,1007.59785,64.38719999999999,0.2531836473337432,9.5,792.8341919867137,36.27302708834209,43.70108230047725,148.90677148581716,0.0,485.4380875701503,896.102460047129,1.0,485.4380875701503,199.49003364375585,1.376094763681302,13.3299415,2.3954815833333334,876.1036673070428,875.841215418447,876.1055788814859,875.9885194768993,875.9405522741841,875.9965703678757,877.2515516357123,878.631144741441,879.6595219027603,880.9012626375688,881.969019971542,883.3995637189057,105.20529031974641,95.52028938347208,86.26176863920863,79.44219097381135,74.39385628376493,71.90160670648064,70.61199530050571,71.24730816483988,73.86677969331323,76.58721265159133,80.51162434384024,84.98235103255848,26.267810074961275,90.00000147877934,0.5287162716205203,1.9604076419216043
2021-09-21 11:00:00-07:00,1007.7746333333332,69.05435166666666,0.2474140233220113,10.5,844.3491022501654,39.090507513065376,39.70770758643039,170.74083578615523,0.0,540.5032317090233,854.4894615923268,1.0,540.5032317090233,210.33187116141252,1.1002531541443727,14.25834888888889,2.338633716666666,845.8858713358586,846.2450905860262,846.2433759639883,846.5761037870584,846.5798368703411,846.4255494694544,846.7998324024788,846.7986357819491,846.5971160532027,846.596035730257,847.0307311016154,847.0335324821673,108.84470415915509,100.04483572059979,92.47763988344624,86.4123366317654,81.79202665622047,79.51464478379333,79.29447197229815,80.7810276475011,83.94803279294801,88.76142054288881,94.66137175625815,101.47854881190315,7.610706231325126,90.0,0.6837791972605266,1.8659520474910734
2021-09-21 12:00:00-07:00,1008.2069666666666,68.17802,0.2478812925833607,11.5,837.9660072733941,38.76291659552726,40.22433746408671,194.18232625814812,0.0,544.5827987260118,860.1609590192008,1.0,544.5827987260118,209.27567027143263,1.1556409374244336,15.40897061111111,2.3126017816666664,848.9649938684172,849.4485641878194,850.1161201961296,850.1087742881281,850.5624381295297,850.4565257269946,851.102097218976,850.9700675413061,851.4843844335927,851.4787825002678,851.2704572102855,851.89259085015,112.54062565275008,103.48469919816166,94.84611546923385,88.72794144076381,84.69402286765147,81.9239885435965,81.4457415798283,82.84139068505098,85.97657734412739,90.3863136491955,95.96234299795321,102.33997561773337,11.707499511627091,269.9999977411273,0.6485422673807133,1.87794659797567
2021-09-21 13:00:00-07:00,979.8305,71.39529666666667,0.2550308198422636,12.5,763.1174761817739,35.35268602026777,45.09276089221926,215.21902612710616,0.0,453.2076702888653,895.0854464525537,1.0,453.2076702888653,193.14470374907833,1.4443701440398269,16.256237444444444,2.0007515166666665,880.5753327236117,879.0942801306908,877.7578083873401,876.0026264156113,874.5016759474108,872.8602509515567,871.278509919084,871.2841819737193,871.2063391376232,871.2176950090844,871.344282879255,871.3579230463988,78.08277227435113,74.11007615550315,71.0453826925524,68.17719949137032,66.85286337979795,65.4946715877962,67.06985882466739,70.44205777215132,74.82976799642998,82.16954495771391,91.34861954612627,102.40810642217413,30.05255847932618,270.0,0.49960289467157776,1.991576476919718
2021-09-21 14:00:00-07:00,964.1693,61.423705000000005,0.2689528268106603,13.5,640.4500327954148,29.427791004912383,53.09111346688874,232.08647248681754,0.0,320.6960937871761,946.77288722731,1.0,320.6960937871761,163.734643839911,1.8577306020928825,17.332225,1.87791967,920.6101007967393,918.5519992498995,916.3382170308516,912.0181215333914,910.1504694478543,909.8165147049451,910.2543711658074,910.0680824100709,909.9915041226487,910.8870669734719,911.2378756224249,911.4975431086464,54.16548803655405,51.46015044815177,49.20352160191777,46.59756466232606,46.36248574141182,47.218290507624985,50.09618835115064,54.820265113971566,59.75308086641974,66.85049141327276,76.64550683908983,86.70511305149368,46.408863290641634,270.0,0.38786073374746377,2.167635346413425
2021-09-21 15:00:00-07:00,901.3473833333334,53.11546833333333,0.2757171493572317,14.5,462.7305929532208,24.110747548895368,62.97060470312463,245.44178562332158,0.0,151.67445757795767,925.5439372278349,1.0,151.67445757795767,123.52104130586281,2.6627508884400704,17.540946444444444,1.7797334366666668,901.8320856630569,899.5592338104121,897.2402254439276,892.4737528302298,890.290672666004,890.1031962613595,890.002229538351,889.4685570994787,888.8853948215055,888.8023555773026,888.3585098852634,887.8689567442337,39.40702143455447,38.78948268740932,38.65354974401392,38.363318796184274,39.435739456999684,41.230212447539714,44.794630363003265,50.569542158972745,55.412905506522826,61.83265715774298,67.47248618327568,73.14264287980802,50.0,270.0,0.366977778440511,2.214355247456318
2021-09-21 16:00:00-07:00,769.9121833333334,42.39499166666667,0.2593488129879692,15.5,256.1388041288668,37.51415393374426,73.88172854392079,256.5431273066378,1.5543122344752188e-16,19.48540242629577,690.6810411914543,1.0,19.48540242629577,70.99723151700263,2.8571428571428568,17.24052438888889,1.59066236,678.5078326298299,676.9798411970285,675.416421248606,673.8178917335448,672.1621784447946,670.4914922598255,670.1699016113049,670.0154031946516,669.6799547214081,669.4937748490424,669.1370413082459,668.7742233281157,12.321687546857735,11.98666294856508,10.583207993457837,9.441826456163763,8.069479813545096,6.716361424048966,5.418078633844554,5.26979746870772,5.241758221037804,5.127611964054901,5.043109215753075,5.113030564122624,37.920282967967026,270.0,0.44271774951158727,2.068276281517355
2021-09-21 17:00:00-07:00,334.88373233333334,20.830977833333336,0.1815316339675497,16.5,48.32818021839013,76.4320052325929,85.2901583645336,266.4693531625507,0.0,9.91488902170179,109.44718142772084,1.0,9.91488902170179,9.690220403520636,2.857142857142857,15.961720833333334,1.38614209,84.48974458837053,84.4897416159613,84.39088979382592,84.39086816240015,84.3908610726778,84.27495194336032,84.27593622452498,84.27595467090588,84.14229727406773,84.14226970788329,83.99161766884487,83.99164983725169,1.8937635771507888,1.8617715406666693,1.748980836975086,1.7226019458693684,1.7002632235782853,1.6850712407697523,1.618283202940528,1.6097543346165357,1.6175967948492,1.6335781779586016,1.6598861540571406,1.6914943382608658,8.875355109196397,270.0,0.672857291805346,1.8691165364967026
2021-09-22 05:00:00-07:00,25.05864795,2.011383233333333,0.2688845760579674,4.5,2.0959465650644518,89.44755916152823,89.80664833890701,90.02695784172636,0.0,1.2861308669015274,2.252973005715515,1.0,1.2861308669015274,1.9750627602295246e-05,2.857142857142857,6.267760233333333,1.000655115,1.9152053677947554,1.9152053677947554,1.9152141848175754,1.9152141848175754,1.9152141848175754,1.9152141848175754,1.9152141848175754,1.9152141848175754,1.9152141848175754,1.9152141848175754,1.9152141848175754,1.9152141848175754,0.3045311911135878,0.2978925671895807,0.29223736812925105,0.28779568534277405,0.28474987133312235,0.283224240143717,0.28327808188983183,0.28490309972440847,0.28802508749994976,0.29250738041813423,0.2986305427840157,0.3052838822631121,0.3590892072423607,90.0,0.7468663760269392,1.8571624965341191
2021-09-22 06:00:00-07:00,568.5871333333333,25.38071,0.3440399005343363,5.5,95.63245794847273,69.32821686315225,82.902687076151,95.81937055387283,2.004322148675998e-09,12.048908465344462,240.92086637730586,1.0,12.048908465344462,34.63713970571892,2.857142857142857,8.978593705555555,0.6311157648333333,208.86098292245237,208.86139682492984,209.26726674892788,209.63991309372588,209.62719383197253,209.99053128796623,209.9456206592735,210.30848743402834,210.24040033884242,210.6034870669762,210.50479525057767,210.86789058945317,3.888345185629125,3.821430506092226,3.8431218751631695,3.8177601387449505,3.890276962835306,3.9016589390601357,4.030548872180681,4.071738460378497,4.20909369293776,4.396467024349694,4.462985682699333,4.617307930233459,13.648385382337814,90.0000017075473,0.6320185825512201,1.8853807769261475
2021-09-22 07:00:00-07:00,845.6587333333333,41.33670666666667,0.2906425948766492,6.5,308.3261710037651,25.602062234177446,71.59585145114107,105.95094294999785,0.0,18.920533368349716,851.3918462774534,1.0,18.920533368349716,89.25228333872136,2.857142857142857,15.637384666666666,0.75538569,820.3584581770876,820.7523329009158,821.1405542136308,821.31200097522,821.6911377242474,822.0596027481943,822.2213533760547,822.5844669982519,824.6299447684966,828.666876791234,830.6279185402619,832.5594640525334,6.172359830980369,6.262838407988192,6.392463499311763,6.524418685333629,6.698319994028273,6.863997703817576,7.038968078534279,8.770359458829692,10.531911566939234,12.342591317641755,14.161504887675546,16.008006769493555,50.0,90.0,0.366977778440511,2.214355247456318
2021-09-22 08:00:00-07:00,952.7718,48.45108833333334,0.2847950243802347,7.5,511.89250174484226,24.973109407532363,60.89485342989537,117.47112903886722,0.0,184.33638617709076,961.0865720038707,1.0,184.33638617709076,137.01668920810215,2.44851329314086,19.51850783333333,0.9546761233333332,922.1487901487922,922.5997250014585,922.9310853454807,922.9398671468018,923.493426231223,924.0288699522637,923.922416066887,924.0063922843121,926.0314633558564,930.5161061628236,932.6807519178495,934.7987303569739,79.7285577122478,72.2402916540541,65.1476639069959,57.327945850309305,51.86633526212167,45.58903410391416,41.57324848558948,39.66536861804482,38.64318006988057,39.13702009755123,39.44308753047782,40.277272497651055,50.0,90.0,0.366977778440511,2.214355247456318
2021-09-22 09:00:00-07:00,1003.7765666666668,53.20425166666666,0.2708363578959637,8.5,679.552224195003,31.185451209813735,51.39180087109107,131.50174750756145,0.0,358.19848021672567,952.0384605223903,1.0,358.19848021672567,173.97497059718654,1.7536236232467344,20.94245061111111,2.2229005833333333,920.979142345513,920.4900116014179,919.3325434073333,919.375723196458,919.092505955499,919.613142044301,919.453966808589,919.0098634405199,922.5820798062668,924.0366592079333,925.6188237113776,927.6941194227225,91.99440110195047,81.12223076622153,71.91689724389603,64.66862047804587,57.95015071401886,54.70423545384299,51.16223024550721,50.93360028004069,51.00626101004764,51.9171982432751,55.166850884538256,57.9955383051487,43.16458522117733,90.0,0.4079518017970696,2.1277512473580207
2021-09-22 10:00:00-07:00,1028.131666666667,56.13908,0.259329555048835,9.5,795.42383716892,36.67105662635408,44.02336187461456,149.24583802412604,0.0,486.78335982616915,899.6518749476663,1.0,486.78335982616915,203.87159648354296,1.3766354164448125,22.11300888888889,2.2989573,880.2757766483011,879.981001049579,880.2254015940994,880.0553908366259,879.9818774668524,880.0145007516082,881.1362589577393,882.3850110667806,883.2817928455995,884.4058960977254,885.3563288024026,886.6717732062423,108.00761190993481,98.00086989862491,88.42467398513931,81.27946641230852,76.03735081657594,73.36769084173915,71.99709491915742,72.54898543460124,75.12359267590685,77.88579867559356,81.82500806319857,86.29330915301172,26.299198430056666,90.0,0.5284706755477224,1.960650228265815
2021-09-22 11:00:00-07:00,1034.6218333333334,58.17040833333333,0.2540278534258023,10.5,849.7740025115017,39.48548128235361,40.08286972331449,170.9518872010008,0.0,552.1518964763181,859.6721264054371,1.0,552.1518964763181,217.00911624175308,1.099298797527304,22.825686777777776,2.7411879283333334,851.18202987707,851.569916118229,851.4715023338945,851.864968366282,851.8688822049304,851.6671255971207,852.0554869532253,852.0542648823424,851.8722706664464,851.8711167705848,852.2604411213466,852.2633349442937,113.31314158655837,104.320056557474,96.62935919016597,90.53779733884562,85.97962291623263,83.87829242472996,83.77969138150618,85.77609741885846,89.37412007939976,94.43207580467246,101.061267749069,108.11736396284408,7.53917115369924,90.00000426886824,0.6843980107933955,1.8657874637301082
2021-09-22 12:00:00-07:00,1028.438,59.649835,0.2553345971215103,11.5,840.2451505441517,39.13693550933913,40.62295034786962,194.2031903112152,0.0,537.9890250778369,863.0747622053888,1.0,537.9890250778369,215.70568423923245,1.1580878696140344,23.667678,2.4911955716666667,851.9312809847312,852.424804218812,853.0380432082193,853.0299030442618,853.5598717345212,853.4201416860501,853.9281631216978,853.9418002633338,854.3774961161054,854.2590029877333,854.0630862054859,854.6378401629873,115.29413123483883,105.75258318219339,96.60984377334216,90.24579543461876,85.12750686020814,82.50485300771975,81.50048232036131,83.09900924599398,85.8027732662964,90.09867971309775,95.60707938538401,102.24598182138732,11.885604796887195,269.9999987925817,0.6470208326589236,1.878582095424427
2021-09-22 13:00:00-07:00,1008.7712,59.31584166666666,0.2624239027157103,12.5,766.6160415852374,35.692555246831745,45.48063661766045,215.08828518803963,0.0,454.7679469065288,902.5447841740466,1.0,454.7679469065288,197.70669044093293,1.449243229793045,24.532510944444443,2.2552296116666666,887.631068360891,886.2800523174137,885.1122992791087,883.4894291347562,882.1398309179314,880.9788789738326,879.4184957076928,879.4562196576296,879.810925615294,879.3011713558126,879.7033720270889,879.5702575905781,78.50610539331632,75.0162270195324,71.61599695959279,69.60120753086615,68.01813354873703,66.7742511238709,67.94293553801798,71.2437874621481,75.89426349141408,83.40039933668156,92.94031725520964,104.41846348486237,30.3090212589964,270.0,0.49766822011477874,1.9938267554513476
2021-09-22 14:00:00-07:00,975.5809166666668,56.37081166666667,0.2735359817713905,13.5,637.2965235954355,29.731247557929535,53.45410809498641,231.88025363889724,0.0,318.5928282114113,948.7819594919595,1.0,318.5928282114113,164.1536571073852,1.8680729925043158,25.0964415,1.876719563333333,922.1664483673078,920.161665933447,918.166754703336,914.0680450910578,912.1305237684173,912.543140244014,912.8079354284408,912.9529739885525,912.9125532805541,913.0834036908034,913.7397761428593,914.0394211518756,53.654616374544645,51.07557873301444,48.30115942326941,46.71961256944313,46.55169014274116,46.686344370027165,50.485612704276214,54.16310586492064,60.17602750759211,67.43811196221729,76.1455653538915,87.6599557940944,46.70649164276226,270.0,0.3860747717121984,2.1714069656637207
2021-09-22 15:00:00-07:00,913.8882833333332,50.58662,0.2800718666750214,14.5,461.0629206535321,24.48677041869704,63.31060104757169,245.20802810064862,0.0,146.27724852425428,931.5176603003982,1.0,146.27724852425428,124.12861320174412,2.688871376798496,25.696429444444444,1.33036899,907.5579926529788,905.3586159018365,903.1101907188188,898.4988260209053,896.3991593610891,896.239221149436,896.1304583039487,895.6236818171285,895.0563578665441,894.987335670203,894.5642402246951,894.1049955933058,38.6959590419564,38.20216552102805,38.18701988116412,38.01821655844993,39.217646564554926,41.13995716753439,44.76450744519167,50.64020926542681,55.56434955501825,62.024657044557664,67.70174685010066,73.35217530559508,50.0,270.0,0.366977778440511,2.214355247456318
2021-09-22 16:00:00-07:00,777.8116000000001,40.719973333333336,0.2620113841814623,15.5,252.42227671587003,38.95426017485288,74.20615733492465,256.3018077472306,0.0,18.70087987255904,681.5460951311953,1.0,18.70087987255904,70.41396903551782,2.8571428571428577,25.048233444444445,1.108810355,669.3416109843197,667.9127268630003,666.4655398552578,664.8973231471049,663.3215833505291,661.7298645683451,661.5884709159627,661.2816211694184,661.1347961251756,660.7878924174734,660.6305607149552,660.2918896928893,12.717760183847782,11.355402813194736,10.016153431744995,8.951270178677378,7.641945514688199,6.373837593017318,5.142242478868311,5.00458965114341,4.9762010018535365,4.884914355258824,4.81230974548239,4.865688717431826,36.77004877826755,270.0,0.45069753179053607,2.056098457565099
2021-09-22 17:00:00-07:00,325.46902885,19.57989183333333,0.185010398032212,16.5,45.59539066165624,76.79839765780858,85.41532374766665,266.06607376641466,0.0,9.194967482796784,103.30299987959562,1.0,9.194967482796784,9.29402747237363,2.857142857142857,22.70900011111111,0.7917404966666666,78.89106215336408,78.89177944565293,78.7313997108411,78.79672502962708,78.79672549915432,78.6363787647501,78.68530620709944,78.68623921711676,78.52587313932814,78.55771179979942,78.39733771474192,78.41289504950629,1.794739952748486,1.6921346620452529,1.6563595486884544,1.6300403143752358,1.6102759127199113,1.5401312637252096,1.53200657030515,1.5237227270115887,1.5311927174778805,1.5482229546931332,1.5711969549290756,1.5590881834083667,8.637685385433997,270.0,0.6749071751020583,1.8684850444516368
2021-09-23 05:00:00-07:00,9.846879383333334,2.99946145,0.2947788528608623,4.5,3.00157795447448,89.96481356926601,89.98768475067875,90.38242730200187,4.3352589281947036e-08,1.9177754773111058,3.005508486521964,1.0,1.9177754773111058,1.194390856445203e-07,2.857142857142857,16.78788627777778,2.962112516666666,2.83575937176727,2.8357593717789102,2.8357593717789102,2.8357593717789102,2.8357593717789102,2.8357593717789102,2.8357593717789102,2.8357593717789102,2.8357593717789102,2.8357593717789102,2.8357593717789102,2.8357593717789102,0.49783860075039255,0.48700883478244633,0.4777680769898414,0.47049495849961326,0.4654937946022475,0.4629734458369037,0.46303861107641636,0.46568261776752723,0.470790261336331,0.47814331483574346,0.4874317153371333,0.4982752962334853,0.02287168872350305,90.00057251682425,0.7498004068684426,1.8571429368176968
2021-09-23 06:00:00-07:00,348.90475,60.476353333333336,0.3193192285595371,5.5,102.47692264161086,69.88301443424578,83.08606272858445,96.17630766910851,0.0,30.88612430650508,205.15446120085727,1.0,30.88612430650508,33.861664835792716,2.857142857142857,18.50650511111111,1.602205358333333,179.49457306667773,179.60537928339167,179.8639676347833,180.0442729808133,180.11413414854263,180.33511350915552,180.33537660777736,180.54651308941453,180.72681888791033,180.72859901170412,180.72905894841426,180.9021829748238,8.697524430886743,8.513919892511026,8.39849877798663,8.389635452996512,8.415101953386545,8.429001808191009,8.497373085093484,8.678196781508271,8.845878328525279,8.989278729143601,9.25357506491899,9.462782328712619,13.283858604128005,90.0,0.6351122181898715,1.8838992132576309
2021-09-23 07:00:00-07:00,622.7530666666667,123.48693333333334,0.2897657756162871,6.5,318.0655523062249,26.784004113980302,71.79311479385167,106.31616362975943,3.3593387514354964e-09,58.64710064594749,759.9659898280477,1.0,58.64710064594749,99.85233943177818,2.8571428571428577,21.01605355555556,1.8825378133333333,723.2965769984668,724.5123718739512,725.7097126796684,726.2351085311167,727.4067937586241,728.5413753511266,729.0379871275846,730.1488986114026,732.207243757486,736.322142725315,738.2901069729542,740.2272123750276,18.737599550066882,19.00321608130209,19.390196505864278,19.7929027540329,20.318409922856862,20.83210799098615,21.369682018734025,23.14621842698777,24.949073313241144,26.833193398449524,28.67707867801153,30.53852508375248,48.948707476539234,90.00000085377364,0.3729390207626848,2.2004084574450893
2021-09-23 08:00:00-07:00,627.63025,150.64956666666666,0.2856181485742435,7.5,453.78202019368734,25.371971574030752,61.119830116331684,117.84776911646185,0.0,188.66926813812074,797.645098068358,1.0,188.66926813812074,140.77649619520295,2.4590469130557784,22.188675166666663,2.274199675,746.5946445058983,747.8859928952143,749.0653344114082,749.4842619194429,750.815190041764,752.1118209549854,752.418767424092,753.3574983034332,756.9137539081058,764.3923492507975,767.9922335061232,771.5269453944942,76.51503780974384,71.25108272744087,66.3185716128057,60.7626324043076,57.011145194432565,52.56771740297408,49.82994424157926,50.015994573305434,50.89937207984641,53.013853988822525,54.97071492929408,57.36401878595286,50.0,90.0,0.366977778440511,2.214355247456318
2021-09-23 09:00:00-07:00,669.9676166666667,194.6222833333333,0.2743886534267982,8.5,610.2224416877367,31.573808752993635,51.65985621017423,131.87914327133427,0.0,333.58840118418186,829.0745799273268,1.0,333.58840118418186,178.45273701652033,1.7568221951577032,22.31034883333333,1.8964095833333332,780.41872617516,781.0706294728798,781.0681741563393,782.0996812265015,782.843353333957,783.2788895780794,784.0807038511938,784.1443946134489,791.361406519916,795.3780936666336,799.3494358812209,802.9381449978208,88.38208307845761,80.02272672173862,72.58584566037037,66.26830726972513,62.24712074437227,60.14904624278152,57.77746919433652,59.82985110227594,62.024215329579704,64.941058521148,69.54239582211285,73.9958337022345,43.27147450146899,90.0,0.40727203190786143,2.129028745516296
2021-09-23 10:00:00-07:00,766.2463166666668,191.0384833333333,0.2643418454814361,9.5,738.9957729741069,37.06915097318171,44.347048587563776,149.58041727608122,0.0,455.08539406824093,835.4356375676132,1.0,455.08539406824093,203.8919729656709,1.377194341118399,24.38262177777778,1.8978489966666667,804.400468122139,804.3905878189598,804.872128821781,805.2098030606558,805.3644446658567,805.6268706433483,808.3515526894998,811.1406530740293,813.535327702512,816.0971184887743,818.4179376868849,821.1556807395089,103.37603233268885,94.50488586211753,86.17081847837996,80.80153058477316,76.43703322213163,75.07732746428928,74.23259687437437,75.72773223944098,79.34482044380552,82.28046283423114,86.7619047476839,92.15291884420402,26.331621491358014,90.00000120741828,0.5282170532951835,1.9609010938871414
2021-09-23 11:00:00-07:00,794.5068666666666,188.49025,0.2590351362058214,10.5,793.0098148172378,39.880595374884344,40.45869737866775,171.15891590465708,0.0,514.9688562848432,804.1102055191193,1.0,514.9688562848432,209.21897756348775,1.0983432231376566,25.746910166666662,2.7172150000000004,792.159569959753,793.0405401055519,792.8237457606954,793.7095542006568,793.7131215248585,793.3410410710472,794.2224684280451,794.2213602701434,793.8127975186136,793.8118114110915,794.6936385607123,794.6962395106119,108.53947603040346,100.34233080619141,93.33987770934199,87.81308147513464,83.67828326574896,81.7844952226655,81.71643969826373,83.73732683888296,87.05240372737946,91.69585025024071,97.79552304075932,104.27369181159531,7.467525630411323,90.0,0.6850178822328445,1.8656241747762654
2021-09-23 12:00:00-07:00,837.923,171.2096,0.2579870844308621,11.5,803.3899913453192,39.510973666467265,41.02168721300885,194.22286172518534,0.0,514.7784255452605,827.2913514329497,1.0,514.7784255452605,211.9748549605905,1.1605559870894664,26.316777833333333,2.959197333333333,816.4127201876066,815.6302373767874,815.6389371348329,815.7540952384534,814.8816003992731,814.8726168818231,813.8798292326754,814.010664731244,812.9467395362316,811.7798041919184,811.9044907555078,810.6261703342623,101.68540128047246,95.5141634209553,90.1173438583522,86.06169402414736,83.50596360004695,81.65505796083318,82.48193747010335,84.8322219133916,89.48902829439511,95.0173067257034,102.61233753787894,112.20136397338554,12.064970313945684,270.0,0.645489638316919,1.879231645834036
2021-09-23 13:00:00-07:00,737.9111333333333,204.45110000000005,0.2638663702880215,12.5,718.2630257400656,36.03225827188647,45.86862247916189,214.95847045531298,0.0,431.05616284346615,841.7555077696733,1.0,431.05616284346615,199.14577932712652,1.4541826084914824,26.69273494444445,2.871681833333333,825.2323863412863,822.6574071841983,819.630915105777,816.7083825777466,813.3687292737336,810.4347846804928,807.0877233624608,806.8190727502455,806.3341941920386,806.052641475525,805.1710564114293,804.8638304977198,87.38038113557508,82.38819856275025,78.91831538381146,74.85419454582896,73.476292688558,70.85194193157687,70.66009744390585,73.1532103080463,76.05435260921743,82.18673812930149,90.49878222730199,100.21592765780295,30.567141765482504,270.0,0.4957261450185195,1.9961090443971392
2021-09-23 14:00:00-07:00,343.54185333333334,216.20645,0.2687662824338605,13.5,419.020486143827,30.034477977540842,53.817302996163285,231.6752692169508,0.0,230.19823416671633,551.989253865351,1.0,230.19823416671633,126.08369694787226,1.87861019183157,26.144037944444445,2.471437766666667,530.7962056798343,528.6789957748855,526.2168237275499,521.5757814385648,519.463216991859,517.9233565342512,517.3938485051751,515.6736108511681,514.9397066725274,513.3015779956086,511.69889044145873,510.0181677156349,59.04540645817171,56.687831696420595,54.53395605883259,52.65249952221593,50.92502131486695,50.18239610165369,50.72450431611431,52.08345045540523,53.56072176483025,56.781997501202824,60.822060617081014,65.0380798106043,47.00549174315486,270.0,0.3842904664398936,2.1752145997337675
2021-09-23 15:00:00-07:00,315.0539811666667,184.012,0.2719298711536613,14.5,323.84605595568394,24.863733064783784,63.650752985653824,244.97506144311728,0.0,143.33584406121633,526.2321938751315,1.0,143.33584406121633,102.13430590013995,2.7155856567827628,25.856963277777776,2.6736679716666667,507.25728597699657,505.429606089598,503.5691566376904,499.6414772769298,497.80459513260075,496.2042780488009,495.4588555244322,493.67980172950274,491.83153555104104,491.07179776642766,489.24580150676155,487.38409315737573,49.627705615993946,48.57469091063775,47.72609763335113,46.73621795571011,46.41333450342985,46.411889645773776,47.28552975847374,49.14949213701753,50.58371141023458,52.820300909081,54.724750061296994,56.7301239193406,50.0,270.0,0.366977778440511,2.214355247456318
2021-09-23 16:00:00-07:00,45.47054466666667,113.99921333333332,0.2647420230590815,15.5,126.12729779547426,40.35310720972907,74.53058306877108,256.0607199056958,3.108624468950437e-16,65.64024797137057,170.6190575875952,1.0,65.64024797137057,37.01305273733749,2.857142857142857,24.874942222222224,2.2433173846153847,163.86842889323998,164.27632450257227,164.18777209884968,164.16215571714724,163.5314002509329,163.4944203460197,163.00509295392595,162.5259010494916,161.437788942694,160.85164614586682,159.6993096814444,158.52364903413115,18.620612816726865,18.490989031013918,18.344315020593857,18.501843348183304,18.309433149987253,18.05717494244998,17.53398926618838,17.37221965153926,17.317225115512226,16.966788773271904,17.057829716917485,16.933926654780095,35.66462466513816,270.0,0.4584801466266289,2.0446991973382693
2021-09-23 17:00:00-07:00,0.0,0.0,0.99,16.5,0.0,77.16413145458668,85.54042961520214,265.66242540274715,0.0,0.0,0.0,1.0,0.0,0.0,2.857142857142857,20.0,0.0,0.0,0.0,0.0,0.0,0.0,0.0,0.0,0.0,0.0,0.0,0.0,0.0,0.0,0.0,0.0,0.0,0.0,0.0,0.0,0.0,0.0,0.0,0.0,0.0,8.400815194680597,270.0,0.6769514481262948,1.8678726027246733
2021-09-24 05:00:00-07:00,0.0,0.0,0.99,4.5,0.0,89.93486739068511,89.97720359146471,90.89771004259057,0.0,0.0,0.0,1.0,0.0,0.0,2.857142857142857,20.0,0.0,0.0,0.0,0.0,0.0,0.0,0.0,0.0,0.0,0.0,0.0,0.0,0.0,0.0,0.0,0.0,0.0,0.0,0.0,0.0,0.0,0.0,0.0,0.0,0.0,0.042341396594750655,90.0,0.749630501643396,1.8571431302009656
2021-09-24 06:00:00-07:00,0.0,0.0,0.99,5.5,0.0,70.43857316131718,83.27027119534651,96.53269564052977,0.0,0.0,0.0,1.0,0.0,0.0,2.857142857142857,20.0,0.0,0.0,0.0,0.0,0.0,0.0,0.0,0.0,0.0,0.0,0.0,0.0,0.0,0.0,0.0,0.0,0.0,0.0,0.0,0.0,0.0,0.0,0.0,0.0,0.0,12.919383280925402,90.0,0.6382100665194741,1.882457244706889
2021-09-24 07:00:00-07:00,0.0,0.0,0.99,6.5,0.0,27.95659965733873,71.99162388205373,106.68024227987536,3.4175681057122504e-09,0.0,0.0,1.0,0.0,0.0,2.857142857142857,20.0,0.0,0.0,0.0,0.0,0.0,0.0,0.0,0.0,0.0,0.0,0.0,0.0,0.0,0.0,0.0,0.0,0.0,0.0,0.0,0.0,0.0,0.0,0.0,0.0,0.0,47.9151477308636,90.00000085377364,0.37892346952859646,2.186912423535712
2021-09-24 08:00:00-07:00,0.0,0.0,0.99,7.5,0.0,25.770836952399467,61.34637901220826,118.2223786553622,0.0,0.0,0.0,1.0,0.0,0.0,2.4697789007395263,20.0,0.0,0.0,0.0,0.0,0.0,0.0,0.0,0.0,0.0,0.0,0.0,0.0,0.0,0.0,0.0,0.0,0.0,0.0,0.0,0.0,0.0,0.0,0.0,0.0,0.0,50.0,90.0,0.366977778440511,2.214355247456318
2021-09-24 09:00:00-07:00,0.0,0.0,0.99,8.5,0.0,31.96193772761307,51.929587634526456,132.2532097223703,0.0,0.0,0.0,1.0,0.0,0.0,1.760084459351087,20.0,0.0,0.0,0.0,0.0,0.0,0.0,0.0,0.0,0.0,0.0,0.0,0.0,0.0,0.0,0.0,0.0,0.0,0.0,0.0,0.0,0.0,0.0,0.0,0.0,0.0,43.379992100855645,90.0,0.4065831268293287,2.130328296964873
2021-09-24 10:00:00-07:00,0.0,0.0,0.99,9.5,0.0,37.46719882422066,44.67207550181285,149.91040505402503,0.0,0.0,0.0,1.0,0.0,0.0,1.3777734900806267,20.0,0.0,0.0,0.0,0.0,0.0,0.0,0.0,0.0,0.0,0.0,0.0,0.0,0.0,0.0,0.0,0.0,0.0,0.0,0.0,0.0,0.0,0.0,0.0,0.0,0.0,26.3651934858633,90.00000085377364,0.5279545186081546,1.961161151540642
2021-09-24 11:00:00-07:00,0.0,0.0,0.99,10.5,0.0,40.27575353490656,40.835101922256996,171.36185202520744,0.0,0.0,0.0,1.0,0.0,0.0,1.0973881410059316,20.0,0.0,0.0,0.0,0.0,0.0,0.0,0.0,0.0,0.0,0.0,0.0,0.0,0.0,0.0,0.0,0.0,0.0,0.0,0.0,0.0,0.0,0.0,0.0,0.0,0.0,7.39588675619994,90.0,0.6856377977386001,1.8654624511247437
2021-09-24 12:00:00-07:00,0.0,0.0,0.99,11.5,0.0,39.884955425413345,41.42044288220295,194.24124142217522,0.0,0.0,0.0,1.0,0.0,0.0,1.163043911045975,20.0,0.0,0.0,0.0,0.0,0.0,0.0,0.0,0.0,0.0,0.0,0.0,0.0,0.0,0.0,0.0,0.0,0.0,0.0,0.0,0.0,0.0,0.0,0.0,0.0,0.0,12.245483392599562,270.0,0.6439496816542563,1.879895027820599
2021-09-24 13:00:00-07:00,0.0,0.0,0.99,12.5,0.0,36.37173902686336,46.25659390067987,214.82947605386212,0.0,0.0,0.0,1.0,0.0,0.0,1.4591873129426016,20.0,0.0,0.0,0.0,0.0,0.0,0.0,0.0,0.0,0.0,0.0,0.0,0.0,0.0,0.0,0.0,0.0,0.0,0.0,0.0,0.0,0.0,0.0,0.0,0.0,0.0,30.82680291599103,270.0,0.4937776852377885,1.998422587397478
2021-09-24 14:00:00-07:00,714.2423333333334,134.3892,0.2758589731293336,13.5,552.3872386703719,30.337444987931878,54.18056222618611,231.47144859199693,0.0,282.79002542466566,819.5294861929921,1.0,282.79002542466566,157.91421722789372,1.889343171478115,20.949112666666668,1.7690765714285714,793.4709233778935,790.0216544299924,786.2676743630617,778.7241898926499,775.3150974830619,775.0071782734548,775.1892761769058,774.668706223469,774.0920172619784,774.2467972378348,774.6424427553729,774.380223758342,61.36133853729314,57.60338917428972,53.72213239009643,50.340441285836135,48.594285094764444,48.01825675333591,50.47656903860899,54.44087601788948,58.444289798475594,64.63775670318029,72.66181124367614,80.742802239683,47.305739756012805,270.0,0.38250873605102925,2.179056812687766
2021-09-24 15:00:00-07:00,662.0634666666666,114.26787333333333,0.2761377909477165,14.5,404.591680480216,25.241522472597428,63.99092123246647,244.74284685128174,0.0,139.42349883949095,791.7762481071702,1.0,139.42349883949095,120.22331554548508,2.742904536661931,20.919423444444444,1.957312918333333,769.0475455699573,765.8955039731475,762.6877912668214,756.1036722892671,752.9471584741996,752.3000744423504,751.9485428473611,751.0182138741831,750.0326856849708,749.7324051019879,748.8423395937614,747.9243061992156,47.09605787739555,45.44553403624587,44.192546737224724,42.80885617608984,42.54070634824667,42.819147387611565,45.45177860755731,49.71172338903878,53.23952040196357,57.80803129175727,61.72091379124993,65.4261069483222,50.0,270.0,0.366977778440511,2.214355247456318
2021-09-24 16:00:00-07:00,412.4930166666667,82.63117000000001,0.2589928889224351,15.5,190.40114440536053,41.71436906623403,74.85486594754019,255.8198425996033,1.5543122344752188e-16,38.20537364809709,443.3386117194714,1.0,38.20537364809709,55.700095463239585,2.857142857142857,20.730928222222225,1.402923411666667,434.3617723940617,433.2207978285971,430.9767418423685,429.76995778043016,428.5306045646584,426.91134568520465,426.63172730501793,426.35758715462555,425.73233182632595,425.39749628529967,424.73654460626966,424.4237603037889,16.391260146684242,15.230852098589674,14.11663072176127,13.311878642740558,12.201257102731116,11.099786785803339,10.771078343069476,10.012577756541809,9.762525256428262,9.565911862130688,9.619039803224645,9.557303926747785,34.59952553499101,270.0,0.46608153566968435,2.0340017863358777
2021-09-24 17:00:00-07:00,157.8594574,40.724762166666665,0.2424431408361171,16.5,52.6560448326812,77.52886996936972,85.66535513890089,265.25841774329405,3.873956529434798e-09,21.194481719750293,86.45262935409674,1.0,21.194481719750293,13.073580626189045,2.857142857142857,19.36140088888889,1.3665052683333334,69.16337125539687,69.1633150397981,69.22851455341092,69.22581909275478,69.28238375219685,69.28236729290934,69.2823323131066,69.3305011677793,69.33046447218045,69.32833335360479,69.37056213849125,69.36862761275266,4.490154661663794,4.390130929545798,4.320663789817561,4.295378224961183,4.272860795397966,4.269732155651805,4.292725571217551,4.335053547782001,4.3963204404349225,4.499609365072296,4.590796733399916,4.681444946967045,8.164926628561652,269.9999959054454,0.6789884901768651,1.8672795019818758
2021-09-25 06:00:00-07:00,427.7149166666667,30.76199666666667,0.3378891845294391,5.5,79.5120352376288,70.994974465869,83.45532586370231,96.88840688506296,7.771561172376094e-17,13.870156740394119,188.9579458496502,1.0,13.870156740394119,28.25345133339289,2.857142857142857,14.0023755,1.0046460941666666,160.6361254379503,160.957494751034,160.98014104623124,161.24991153009282,161.52373879580185,161.49950094390306,161.77481810466207,161.72291148994725,161.99786601328984,161.99769244537598,161.92750703659146,162.1989930295172,4.249285438019162,4.235659237275627,4.170310134470924,4.192046723343805,4.18239984023524,4.271059947722811,4.301051641071884,4.39895624371126,4.456837101168166,4.630996492487259,4.705453014185436,4.84013302791365,12.554843326373975,90.0,0.6413129890610852,1.8810544725112928
2021-09-25 07:00:00-07:00,727.1074666666666,56.33384,0.2951475910722044,6.5,278.71129604730135,29.09386416108479,72.19138289525242,107.04304463290306,3.108624468950437e-16,23.327797790803,752.0945714538734,1.0,23.327797790803,86.1087961478481,2.857142857142857,19.95590772222222,0.5479995383333333,722.0462709751514,722.5235742662564,722.992329327954,723.4473956678114,723.6577933954171,724.1012971965303,724.5318424780495,724.723895570718,726.945482341497,731.3229824873504,733.4430956976723,735.5627910604211,7.434325206694906,7.377334219845263,7.520105828608076,7.674735089411784,7.874159259543566,8.098895907962262,8.291325295101291,10.138394267015803,12.045899918789956,13.965954653694173,15.919421709547995,17.90411247324422,46.92965408891363,90.0,0.3847420924990551,2.1742470788339525
2021-09-25 08:00:00-07:00,872.5168333333334,68.23487833333334,0.2871618765819362,7.5,483.5667309762026,26.16959627599265,61.57448666365873,118.59481631773237,0.0,179.22566191199994,905.8375266547353,1.0,179.22566191199994,136.40928020064797,2.4807181746173512,23.90883855555556,0.90852153,863.2557058643571,863.9079769666535,864.4493264261469,864.5616563444302,865.2860639518356,865.9872827638495,866.010351430704,866.2950177681586,868.868157921792,874.4645466643118,877.1651600541537,879.8149879584813,78.38419345681527,71.75770602802132,65.44350796855187,58.38185168020275,53.36983514619259,47.56277405445658,43.85434901081628,42.52444933826846,42.04515059408792,42.992322947668534,43.75742887368095,45.05667831770886,50.0,90.0,0.366977778440511,2.214355247456318
2021-09-25 09:00:00-07:00,942.6026333333334,74.10096333333333,0.27336634580532,8.5,651.8163542037462,32.34971019312889,52.20095480975278,132.62381130643462,0.0,339.74175385066565,914.1829690339961,1.0,339.74175385066565,173.03249917629185,1.763414013955336,25.69791822222222,1.4671976283333334,878.4090581026982,877.8424699776292,877.6948205697533,877.9214548282487,877.545088029955,877.9274090354594,877.6627682246981,877.6125244334901,882.0883317378906,884.1379991139922,886.8139810557275,888.9931376501268,89.76482369165069,79.51905953762017,69.42482121493194,62.64190005289468,57.39440531821371,53.467497891351364,50.927100046951836,50.56945794302753,51.85358961410491,53.3673448776116,56.1291160395901,59.84809073321527,43.490230443724556,90.0,0.405884559283054,2.1316511247015235
2021-09-25 10:00:00-07:00,974.7991166666668,77.59354166666667,0.2622661215324681,9.5,766.9001934470701,37.8650849840813,44.998371917395396,150.2357029269045,0.0,470.0383846168975,867.9195838586919,1.0,470.0383846168975,201.22133983241056,1.3783748985520625,26.23486433333333,2.234886676666666,845.5362260396578,845.3213277295467,845.6165025184405,845.5760420850175,845.5563565226695,845.6413434307478,847.119925410916,848.6914094340943,849.9114836008501,851.353436176406,852.7159709239402,854.2139153613421,105.60348155979563,94.81585782273498,86.83612568834971,80.18494883224552,75.21923495023469,72.90095513882186,71.66702641629865,72.41797810134364,75.20647557175609,77.97618944583995,81.94546487919926,86.55184135686441,26.400027942430086,90.00000085377364,0.5276821919938903,1.961431313746528
2021-09-25 11:00:00-07:00,975.7458333333332,84.22079166666667,0.2571281805941394,10.5,818.2519661984879,40.67086055659008,41.2119921623259,171.56063167487832,0.0,531.5565634550484,827.69670793121,1.0,531.5565634550484,212.12226498237396,1.0964350595385726,26.99845711111111,2.4858344,817.7746644480761,818.2682117371037,818.1496517623268,818.6476022292641,818.4190550836922,818.4194034312641,818.9133463551087,818.686241101347,818.6852981512216,818.6844213964264,819.1785315411156,818.8610966857826,111.31436025122525,102.05581128714998,94.67054178767607,88.82449740343735,84.78728804474866,82.41691285647575,82.30607253638847,84.05892616505118,87.73556082219841,92.6228090890184,99.0078963552109,105.84794443701968,7.324371827105814,90.0,0.68625674106446,1.8653025535853205
2021-09-25 12:00:00-07:00,964.5482,88.75817666666667,0.2585947084042995,11.5,807.5912314202411,40.2588045555858,41.81911089099332,194.25823690958546,0.0,517.2414336320797,831.9107031097351,1.0,517.2414336320797,211.13579191864838,1.165550216021049,27.652331944444445,2.492635825,822.2282555348345,821.5222982774562,821.5334917414376,821.7682700327387,820.9735217085768,821.1329072670763,820.4379161747096,820.533572227708,819.7450957779589,819.1333793638078,819.077082678245,818.1659917836757,100.6992099375141,94.34082603318694,89.14094166305006,84.71501094520775,81.94617375378242,80.67873408522445,80.88088815367685,83.73963976719745,87.98503206989336,94.7230998928857,102.64658958455968,111.6025638249786,12.427030750876948,270.0,0.6424019632974666,1.8805719943832513
2021-09-25 13:00:00-07:00,937.5800666666668,90.082645,0.2659644747574545,12.5,733.7537985289736,36.71093972035744,46.6444261023727,214.70120152862438,0.0,436.81066350950846,869.4154026824957,1.0,436.81066350950846,195.36210749818275,1.4642563515966756,28.60739161111111,2.063944385,841.6899135711667,842.0332069497331,841.6859630119487,842.031120011281,842.1811275962417,842.1941078344191,843.9720444549531,846.2258517449252,848.0472449428137,849.8233308113013,851.6753298706158,853.2779622673116,100.78946630211568,91.28618886550339,82.11551916896694,75.19350611564094,71.36162563125734,67.2607308295361,66.98963831960155,68.8108442099052,70.05386926760585,72.716441089847,76.47035900850241,80.26163649254154,31.087886857092077,269.9999987925817,0.4918238548594325,2.000766589185001
2021-09-25 14:00:00-07:00,889.6025833333333,86.70400166666667,0.2761850786412324,13.5,602.745683522952,30.64011009032674,54.54375011099282,231.268724521617,0.0,299.898664882244,903.3740322071499,1.0,299.898664882244,163.43747300709776,1.9002728191192961,28.816570833333333,2.1652853183333334,875.8025261476981,872.9867574513676,870.2498132840304,864.7035195996575,861.8496320044536,862.1066490041009,862.0642369873393,862.103409518082,861.685063140878,861.628325045467,861.6905464457526,862.0306942526576,58.053468257393405,54.49871968583064,51.92705043801262,49.942716778446496,48.993366904484034,48.64838036004334,52.44241894819777,56.12181018969388,61.78373998150967,68.56677046426881,76.54248066634015,86.93260823436117,47.6071112514999,270.0,0.3807304870940343,2.1829321279544502
2021-09-25 15:00:00-07:00,815.1898666666667,74.57054,0.2782802536849669,14.5,427.68797467930176,25.620023835503467,64.33096691749792,244.5113479622396,0.0,132.37192120570705,875.8966584830557,1.0,132.37192120570705,120.42680446131712,2.7708389787117516,28.9746185,1.8284962733333328,852.6930562108709,849.9366004658119,847.1299659012758,841.3949452955363,838.686363488697,838.3853746798461,838.1547492283294,837.5408754324072,836.8719818945395,836.7339895717369,836.1849354166346,835.6131469298517,41.40379965398955,40.34767437025821,39.73712905254417,38.99806086429674,39.47607580495648,40.55572044339539,43.770167840008305,48.765404426297415,52.957170446966934,58.20080409079772,62.653939571065294,66.65343674883316,50.0,270.0,0.366977778440511,2.214355247456318
2021-09-25 16:00:00-07:00,660.7021166666667,55.06002,0.254341969579356,15.5,224.06917408540076,43.04113737728672,75.17886665144795,255.57915693623943,1.5543122344752188e-16,24.31637111049447,582.4945559967233,1.0,24.31637111049447,63.21935001157925,2.857142857142857,28.257938555555555,1.4431797483333333,571.9569641334587,570.5516186714294,569.0833246774732,566.1474797010002,564.6151936512875,563.0169321359007,562.6531555861235,562.4804330272601,562.2982548140045,561.8791807228566,561.6868172046044,561.2670578574149,13.72951906001323,12.366849994883236,11.030280048845011,10.000668229001624,8.688622488715684,8.400941953792776,7.208298023568644,6.186497239822469,6.0352846959997715,5.915239951801562,5.948786760173525,5.9161453592007085,33.57099027052305,270.0,0.473515121217152,2.023941532601342
2021-09-25 17:00:00-07:00,219.51531431666663,21.318936166666667,0.2242621724926974,16.5,37.43412924561607,77.89227870436704,85.78997966432973,264.85406245126694,3.2804977404618553e-09,9.781369997944083,76.58559050452,1.0,9.781369997944083,9.07224490774984,2.857142857142857,25.769845666666665,0.4618420483333333,57.27371297002735,57.386244265673994,57.38506952935337,57.385092317731065,57.48272640262853,57.4827223696291,57.44322682285311,57.56592388820414,57.56498876239709,57.5649899519519,57.634458243223776,57.63447278374177,1.976962697809435,1.9378106244627764,1.904756414912788,1.8844307687541808,1.9175164245529612,1.916785667952741,1.925994834439486,1.9441427415575565,1.9706218506396138,2.0022919716015166,2.094307698672676,2.1354320771245074,7.930200651714698,269.99999680547154,0.6810166873707161,1.8667059786317823
2021-09-26 06:00:00-07:00,445.2415333333334,28.423528,0.3569067404332889,5.5,77.73565982536219,71.55229007725318,83.64123710898008,97.24331410800562,3.737943640630337e-09,13.693567390610974,184.4716164409876,1.0,13.693567390610974,29.22058035346568,2.857142857142857,16.470558166666667,2.103128666666666,155.4095869134051,155.73205751364384,155.7269168575805,156.02356694810757,156.32565927822822,156.29491294175344,156.53709224196575,156.53714641926447,156.8393496821798,156.7587740738677,156.75477709415898,156.9524584535686,4.45243139789619,4.360480699453658,4.368866923326079,4.385074015148336,4.374867478137941,4.384087239427441,4.500426078115423,4.6060213718321075,4.666766557533265,4.739201833902445,4.9295703226361605,5.072898498771561,12.190129402087038,90.00000256132094,0.6444217952241995,1.8796905715016212
2021-09-26 07:00:00-07:00,774.9250166666667,51.477295000000005,0.2983461271748958,6.5,285.88936210990346,30.199909723002076,72.39239238836863,107.40443728747562,3.535046909357689e-09,20.757994506864303,779.5313100838833,1.0,20.757994506864303,87.68879929703678,2.857142857142857,21.88366166666667,1.9434488033333333,750.7352523010447,750.9237690330511,751.336703459157,751.7383768839326,752.1406936837283,752.3156349308083,752.6948830020285,752.8624949784432,754.9351259144715,759.015340641465,761.0227219951718,762.9629762411821,6.5486738832736995,6.630123653380698,6.617814345277759,6.752172757626544,6.924845634945546,7.12233362524554,7.294885991547409,9.024727766703,10.772528158663823,12.55402450390961,14.367982723065781,16.235998520426964,45.98551870715264,90.00000085377364,0.3904178974633702,2.1623026984435008
2021-09-26 08:00:00-07:00,892.1478666666667,65.274115,0.2879357804266342,7.5,486.80252051340193,26.56813925855745,61.80413549400635,118.9649427889208,0.0,179.6777089719031,917.1949328038274,1.0,179.6777089719031,136.82070727110616,2.4918737754541675,26.25002438888889,2.1546699116666668,874.9431590041028,875.5691081918159,876.0830656837823,876.1813745801875,876.8818388985892,877.5597324177153,877.5683809217948,877.8242887752864,880.3248899208013,885.7846533935995,888.4191059435307,891.0036288144306,78.96839466817879,72.23874417084888,65.82250633729946,58.6478498273773,53.548621688470234,47.64360350309423,43.86648740652462,42.42429282605288,41.84335420642869,42.70622433719401,43.384692130595866,44.6036232159373,50.0,90.0,0.366977778440511,2.214355247456318
2021-09-26 09:00:00-07:00,932.9609166666668,82.71427666666666,0.2742392535618975,8.5,651.0018378346766,32.736997261981,52.47391316402532,132.9908163775243,0.0,346.2761764969698,912.7707199665047,1.0,346.2761764969698,174.78666332326216,1.7668144785668636,27.74739955555556,2.750987583333333,875.0313575112397,874.8599895802961,874.7824535246709,875.0734276243037,874.7301328919842,875.1806388803511,874.9404341387152,874.955547880843,879.7399633279874,882.3710281237021,884.7987553870886,887.131358723623,93.67500343599484,83.70534064820343,73.81407781481137,66.6865350858699,61.21745287816082,56.97724171527516,54.156103236851614,53.64228022697844,54.857606720804405,56.32264929691422,59.03518575847615,62.23190955902436,43.60228015181683,90.0,0.40517581877679315,2.132998440486221
2021-09-26 10:00:00-07:00,964.5553666666668,87.552475,0.263941230721665,9.5,765.7060564908891,38.262694466070045,45.32586353030763,150.55621795903372,0.0,469.6207938476812,866.4841986986129,1.0,469.6207938476812,202.9869717654204,1.3790005548020687,28.10733533333333,2.2235136633333337,842.8086716799993,842.6235530192935,842.9450390195597,842.7380880432133,842.9611808165764,843.0699112589858,844.6735909997738,846.3605572691079,847.6920547217388,849.2474556486227,850.7103592492412,852.3134733252999,106.2355437067561,95.46534604441656,87.52305507365877,80.9504018357933,76.02313753915254,73.78797323008166,72.5897783047161,73.40896538189416,75.85538126853275,79.10463350362922,83.12303108085308,87.82246764672826,26.43623779387104,90.0,0.5273992000132497,1.9617124939202137
2021-09-26 11:00:00-07:00,977.0150333333332,97.48416666666668,0.2595287457545164,10.5,828.2155579023342,41.065819490374125,41.589274453745254,171.7551965257661,0.0,537.9772701296757,837.6742321939342,1.0,537.9772701296757,216.84203388724623,1.095485540546826,29.075296833333333,2.40414329,826.983041662906,827.3904971038208,827.3888034012759,827.9213774977098,827.6831313604617,827.683675547474,828.212481398667,827.9724260247878,827.9714126592305,827.9705998467296,828.4995674806249,828.1637996958349,113.8000913973111,104.4139835396684,96.91900666105123,90.98818365414711,86.89078497061101,84.48295769917739,84.36770892831095,86.14787998242856,89.8977594971168,94.86657884563618,101.01358488876811,108.3199118837965,7.253098524300226,90.0,0.6868736919828382,1.865144733684708
2021-09-26 12:00:00-07:00,902.78365,121.9458,0.260226742876028,11.5,790.5459420993345,40.63244307788222,42.21758350652724,194.2737618207909,0.0,506.50146884312204,814.7813934233343,1.0,506.50146884312204,208.7083986183097,1.168073498616836,29.50872466666667,2.7347086166666665,799.404662152667,800.4378608929381,800.5237656218702,801.2466666422347,802.1063682709947,802.1111187053986,802.9338760741016,802.6481294102437,803.5212195148771,803.5105463473196,803.2769517629905,804.0639107945009,110.16908103493257,101.54275951546633,93.17053877069345,87.45421923681333,83.3779431233246,80.913105100188,80.3139452228727,81.81608752762529,84.50101016516705,88.86061852962142,93.90561992035555,100.07938341458325,12.609498275170886,269.9999980909041,0.6408474889268856,1.8812622715660487
2021-09-26 13:00:00-07:00,938.6286833333332,95.30454666666668,0.2669097060986786,12.5,735.0643439484038,37.049804028132435,47.03199405287521,214.57355154261083,0.0,437.8518802400171,872.9749588711265,1.0,437.8518802400171,196.7516544547398,1.4693886088651777,29.940998722222226,2.6045804833333337,856.5510656673082,854.6439869920459,852.9999696268832,850.7940802083474,848.8508266734707,844.6215029474264,844.8010886767747,844.7886969444207,844.7219434822301,844.2378310214722,844.2576580795509,844.1861291263081,81.16755712094833,76.94843233802115,73.55659413935093,70.71947160159637,68.35047198677212,67.79202891155956,67.96703175275599,71.2059774831435,74.85913944568539,81.8108807863971,90.77910194767868,101.6258525806116,31.35027476302174,270.0,0.489865667322842,2.0031402132064122
2021-09-26 14:00:00-07:00,898.7027666666667,87.66288,0.2768499410895739,13.5,604.3353064532226,30.94243365291127,54.90673117981122,231.06703299969323,0.0,300.8359350696571,910.5201932120469,1.0,300.8359350696571,164.19934788363292,1.9113999222190352,30.337273555555555,2.1751619816666667,882.3093818457073,879.5953870331872,876.8401890469056,870.9489470484742,868.3580621419139,868.247007441501,868.5635725035245,868.2536847365998,868.1743023105174,868.1504693870188,868.2129693795123,868.128075411461,58.00473456508601,55.00230724698667,52.431930861354296,50.44416145541464,48.672029190993065,49.099141966782454,52.00412721837886,56.63448857682544,61.24532355415696,69.11371096046591,77.12349818391968,86.31344881491798,47.909481046125315,270.0,0.37895661501125255,2.1868390261644204
2021-09-26 15:00:00-07:00,814.4512333333333,76.31264,0.2769965921191409,14.5,424.7506176087686,25.999120685213246,64.67075151495487,244.2805307576326,0.0,128.44540685253006,874.9429751807247,1.0,128.44540685253006,119.71248647360426,2.799400070348166,30.14174866666667,1.826061425,851.7932989491045,849.0090982604343,846.1748340496717,840.3808989201474,837.64077488407,837.3096124615985,837.050617271728,836.4221580247422,835.7343572223206,835.5794237745565,835.0097374918266,834.4058798381844,41.288256627048824,40.183988250016704,39.51262786296037,38.72533005856028,39.11146211962769,40.07917123986954,43.19880130494653,47.99526812246834,52.02396217875055,56.98470353473131,61.101773152813635,64.58487516733138,50.0,270.0,0.366977778440511,2.214355247456318
2021-09-26 16:00:00-07:00,566.0463,70.03240333333333,0.2570568366634619,15.5,211.7356802732926,44.336035357327724,75.50244627050161,255.33864624080465,3.8872336975854726e-09,30.89600357939004,527.2307522277121,1.0,30.89600357939004,61.15244219433653,2.857142857142857,28.99762666666667,1.5793231966666668,505.96086374997697,506.4872812906333,506.7260846709859,507.25043320331486,507.4759176573928,507.6930736337944,508.1707765134404,509.6840924224621,512.4961273690565,513.9493383120866,515.3334250597494,516.6996497767952,7.60833870602049,7.504906867456816,7.600856924219343,7.605331417229952,7.786025830468398,8.928668028809644,9.87830546219537,10.211579778132819,11.487903983187595,12.4509297777445,13.744528703661624,15.058350795812682,32.57583141748385,269.9999987925817,0.4807923136572912,2.014463270077867
2021-09-26 17:00:00-07:00,16.1217675,28.900633666666668,0.2460258626868894,16.5,29.995543358994432,78.81118601534423,86.10576007486137,264.6103161881821,0.0,17.019543277464777,34.77374507915171,1.0,17.019543277464777,7.292646685934394,2.857142857142857,26.257974611111116,0.9713619216666668,30.63849291386651,30.604904119958572,30.638871011054814,30.638885293778397,30.638898479191834,30.603804174976432,30.637780803534902,30.637777469615553,30.604200584108344,30.63813520134227,30.60257740507644,30.63656496787804,3.7312826790557234,3.6558901250580664,3.582784733813935,3.523961969310646,3.4737755763200244,3.44034921066947,3.4239330141895303,3.428334996756072,3.450201102985241,3.4913114970430383,3.5494707527328995,3.6314661802482737,7.327432865800388,270.0,0.6862302465202892,1.8653093659939912
2021-09-27 06:00:00-07:00,355.3935133333333,31.869061166666665,0.344656721743074,5.5,70.07858820370053,72.11058304516048,83.82801243154252,97.5972902532169,0.0,14.833410452751645,159.02018424288423,1.0,14.833410452751645,25.471126965038373,2.857142857142857,16.608914666666667,1.636118575,133.25142991324537,133.53950109969628,133.8099778526763,133.80988844774538,134.05212465199892,134.05208472552818,134.27683699713725,134.27695559699134,134.47482483272532,134.4747204703824,134.40671025680234,134.65451618903285,4.623361331659383,4.53798706471689,4.465128880677731,4.466292391079514,4.5241691420248085,4.533839723818362,4.560975298327616,4.650697084804422,4.809024215109964,4.88532522103842,5.00681443722816,5.211684880039195,11.825138499809773,90.0,0.6475372450943475,1.878365285153911
2021-09-27 07:00:00-07:00,705.4212333333332,60.54364833333333,0.2972918154554839,6.5,271.55623319094985,31.27815032088378,72.59464943545086,107.76428767164384,3.594089790631657e-09,25.971694487482605,722.7922448398576,1.0,25.971694487482605,85.83224590975277,2.857142857142857,21.633879055555557,1.87405121,693.5329716045129,693.7678729183092,694.2797424996478,694.7800000981564,695.2781933896215,695.4963811579822,695.966437471663,696.1733121050797,700.4686018949427,702.7971369852892,704.9072827827039,706.9790180397529,8.038974247330732,8.134473138283148,8.285923751970191,8.45447837878082,8.49115969088616,8.733545841903997,8.951038613378826,10.796908694199125,12.66051126739983,14.561361538242245,16.49678598517281,18.493361974004387,45.077375444172986,90.00000085377364,0.39596947355521067,2.150991637232489
2021-09-27 08:00:00-07:00,841.8632,76.02916166666667,0.2869716036038808,7.5,470.8019063819725,26.96635460500976,62.03530396267969,119.33262073458796,0.0,169.40985130748007,892.4081428024284,1.0,169.40985130748007,133.9011535144317,2.503254878749596,25.132842944444445,1.7009556766666667,849.4853637322193,850.0910086019501,850.605355180284,850.7017852177771,851.3767336178596,852.024759769474,852.0598163599382,852.309291215332,855.0732979875236,861.0306312333564,863.9105165643714,866.736800421158,75.97746657179843,69.47382337814972,63.25777077302455,56.33295921203166,51.38798277650584,45.64759250967311,42.029399298886545,40.90702259026856,40.60499015459363,41.722620193484715,42.661247412252415,44.11070531648114,50.0,90.0,0.366977778440511,2.214355247456318
2021-09-27 09:00:00-07:00,861.3893499999999,98.79089166666668,0.2744885352190336,8.5,620.2036654699806,33.123669074685495,52.74841406925199,133.35409708125206,0.0,329.82004633522786,875.0256983984491,1.0,329.82004633522786,170.06222117565335,1.7702894991144378,26.43191288888889,1.7946369416666668,835.3723465505353,835.2048284283513,835.1116981624167,835.0624245911442,835.0584711035405,835.4825454540731,835.2372531328296,835.245936547075,841.0482888213234,844.1576739488404,846.9681398375357,849.8254054840685,89.35240878125818,78.62948772314631,70.37550692854936,63.57349018538109,58.36368048205473,54.30034091306064,51.606396189919174,51.60373857538473,52.594706169956595,55.20641977531477,58.31838972818828,61.907052719295706,43.716230121542075,90.0,0.40445641121075454,2.1343714458470067
2021-09-27 10:00:00-07:00,899.7643166666666,121.548,0.2643426035289079,9.5,750.4686418622157,38.65990941494243,45.654472614648945,150.87186240795455,0.0,460.53797231711644,852.1609415489853,1.0,460.53797231711644,202.93214339876036,1.3796525044850225,27.173522833333333,2.08698811,824.5888252621786,824.7010204290349,825.0377295538813,824.8596332958583,825.1194377478497,825.2460226147844,827.4563552540217,829.7198195306577,831.6137805575389,833.70973644195,835.7790396332207,837.8944543094818,104.38902271901647,93.87436666364528,86.14275417248261,80.10165955806937,75.3382405504766,73.54299388339429,72.44275583082774,73.61929357963629,76.47486371152253,79.76642086767389,84.05241623639337,88.87193110904576,26.473935526520528,90.00000085377364,0.5271046742115505,1.9620056079086161
2021-09-27 11:00:00-07:00,912.5297333333332,113.79865,0.2593428601194575,10.5,792.2935357101123,41.46053221777772,41.96685281667703,171.9454933562613,0.0,514.5578957192646,801.2789126008962,1.0,514.5578957192646,207.55522932557903,1.094541151860556,28.39969483333333,2.06280011,790.1308028193578,790.5644800693343,790.5629142266033,791.1204580205178,790.8817439508853,790.8824362421908,791.4366980209535,791.1899482236024,791.1889375096747,791.1882401309457,791.7426460270226,791.3981169641861,108.91222764805752,100.06061719554835,92.97986296900419,87.3806291091735,83.51130198941071,81.23800295716018,81.13028278022195,82.813040048023,86.39320817784089,91.10112267381145,96.91862267054708,103.85054233924866,7.1821851430543076,90.0,0.6874876243195659,1.8649892341856293
2021-09-27 12:00:00-07:00,952.68285,96.38833333333334,0.2604998481892051,11.5,797.4780961003698,41.00579365104443,42.61575174864816,194.28773543559223,0.0,510.8278153242861,822.885622929894,1.0,510.8278153242861,210.3103651326798,1.1706122324449812,29.155170722222223,2.603931086666667,812.4909341251732,811.638685742287,811.8709588642554,811.8830370504953,811.3482970450868,811.3545427103888,810.5885554814308,809.743007435546,809.9340859572549,809.064287815959,808.2119824438836,808.2538397249435,100.80019921015904,94.15808682174375,89.05263592857497,84.92050028118405,81.85046352307953,80.37028731821616,80.96358886846112,83.26913244878517,87.56729378620284,93.59506189184428,102.1945773210636,111.26726658603897,12.792770761099506,270.0,0.6392872713295245,1.881965556934659
2021-09-27 13:00:00-07:00,927.0639333333334,97.32695333333332,0.2680160428631451,12.5,724.6058680834485,37.38827031114929,47.4191724174714,214.44643555240566,0.0,431.8049370463153,862.8212458315678,1.0,431.8049370463153,195.03958105007615,1.4745830411678684,29.86571488888889,2.346951468333333,833.4784765000755,833.5674856731207,833.9916873144025,834.0623478593765,833.8753402847772,834.1788991684375,834.3585494561277,838.3027560129806,840.2808022915793,842.4963585166868,844.1712468023516,846.1029151166723,104.23885615888672,93.54191226402665,84.4150019752623,77.12043702299752,71.73862035467965,69.5273585389473,68.72229038644774,68.17080000281177,70.63584410406644,73.51779236685678,76.13877880772644,80.08829836161038,31.61384660346033,269.9999987925817,0.4879041367448325,2.005542578926537
2021-09-27 14:00:00-07:00,810.1251333333333,116.07631666666666,0.2764776254100064,13.5,577.619960539063,31.244375013628186,55.269370087176675,230.8663130837063,0.0,289.73877041110626,872.1780764480043,1.0,289.73877041110626,162.51118789141972,1.9227251494457551,29.936140166666668,2.324092255,844.3457547609819,840.6350408936077,837.2463123169946,830.0648343747423,826.7674561716481,826.5151103388251,826.7408036327018,826.3301142896855,825.6978166963646,826.0071277772914,825.8982312565637,826.2881683808857,61.45063314795473,57.27328932723177,54.13879686358332,50.881503900823766,49.12348799176876,48.82656912773065,51.46856674689498,55.766665529211686,60.00914602778473,67.30493853345895,74.74841266038644,83.5566746091798,48.2127230174449,270.0,0.3771880047336952,2.190775942641374
2021-09-27 15:00:00-07:00,768.58825,116.55953333333332,0.2739504310085985,14.5,441.2557200270204,26.378695012533417,65.01013676426282,244.0503634616415,0.0,143.74515516812482,885.641789297264,1.0,143.74515516812482,128.02962933284795,2.8285989900508883,29.914016166666663,2.638405253333333,861.092362545603,857.9870962071631,854.8270108442425,848.3662894163277,845.2721647075795,844.5878280843058,844.1602711497757,843.1879367553465,842.1477465732331,841.8205012857295,840.8916369024283,839.9022706405891,49.263176125608524,47.87755584735121,46.9249453771199,45.82902924847136,45.871092166159436,46.44514910948592,49.277455815870056,53.62612125477687,57.204982349918964,61.515657447749966,64.90197707417302,67.4657164606654,50.0,270.0,0.366977778440511,2.214355247456318
2021-09-27 16:00:00-07:00,451.0561166666667,87.62222333333332,0.2548107185476561,15.5,198.07525417696456,45.60130572203663,75.82546623015757,255.09829598473695,1.5543122344752188e-16,41.36054324337201,455.08270143523475,1.0,41.36054324337201,56.28969706216249,2.857142857142857,28.45223533333333,3.329486666666667,444.7063067245769,443.66309748356844,442.6169753483937,441.5027842150621,440.38613788362704,438.33112855421484,438.02635290173316,437.42050318733266,437.12695009098604,436.82526191725583,436.1233256035746,435.7984354297318,15.907471703934938,14.862456646014941,14.188780173300122,13.146059388754212,12.123599433268392,11.758885335909472,11.075500662632296,10.181002304706364,9.954194907311384,9.951925492277446,9.832847900164369,9.974137021095517,31.611322905526606,270.0,0.487922892148938,2.0055194907644496
2021-09-27 17:00:00-07:00,106.2739637,31.7008284,0.2487185198821902,16.5,38.6898125501484,79.16993696156278,86.22928809354994,264.20536123020656,5.128507747708824e-09,16.70875730297509,58.37440117673222,1.0,16.70875730297509,9.85135058150866,2.857142857142857,26.40563833333333,1.7278390616666668,45.964906392632344,46.01310933459853,46.013093879945444,46.052474971971854,46.05249450470768,46.05250114653111,46.08680341994227,46.086791232400685,46.08677820389653,46.086764999020446,46.11332896848714,46.113335684583284,3.6280481727751477,3.552758397253187,3.503281195902994,3.463884856624223,3.4420836902566916,3.4388260461014677,3.4537451534295562,3.486834649566626,3.534020329327488,3.6167156723785427,3.6854247872199006,3.764892946380743,7.0960966717580405,269.99999556366197,0.6882330635410148,1.864802501094648
2021-09-28 06:00:00-07:00,217.44628783333332,33.70360933333333,0.3077273223675755,5.5,56.37384136590775,72.66990742271712,84.01565652891901,97.95020846458215,1.3211653993039344e-15,16.202240362623748,115.33462940404436,1.0,16.202240362623748,18.27058389224939,2.857142857142857,17.488959611111113,1.1698320233333337,96.87018538963413,97.06583069109139,97.22851574184493,97.24021270352078,97.40250969772242,97.40243813861517,97.56507085559036,97.54498843079244,97.70741939235862,97.67508934413004,97.67496094808716,97.83733067970076,4.451945945169864,4.368765114285215,4.3320958834138095,4.286082518468507,4.2730092526610255,4.334809817781775,4.363366915404497,4.4362366181179675,4.497351677199675,4.643634575839094,4.749552032163135,4.835493859003548,11.459773676470872,90.0,0.6506600509772981,1.8770784214486178
2021-09-28 07:00:00-07:00,672.2077166666667,72.20475833333333,0.296144287420541,6.5,271.0027509991114,32.33144991344597,72.79814770899922,108.12246401821784,0.0,29.959224160422316,708.4885022398514,1.0,29.959224160422316,85.86281614103888,2.8571428571428568,21.602597444444445,0.9755981433333332,679.5459745605775,679.8139551503332,680.3438423517854,680.9186374056914,681.4859277863093,681.7369697895152,682.3208783861656,682.555277591042,686.6127319300317,688.8930023363046,690.9213228834797,692.9528840577007,9.280597672900296,9.20057062133649,9.368491665981628,9.557341124355966,9.797173608853168,10.076009899783212,10.12293350896488,11.898095585197781,13.687730393082154,15.513671441408974,17.754111751479638,19.717277503152165,44.200854914425435,90.0,0.40141210007428724,2.1402426520225593
2021-09-28 08:00:00-07:00,736.6672666666667,94.748945,0.2865021212924141,7.5,437.54747006198755,27.364130002486952,62.26796666060689,119.69771477342262,0.0,161.2510093014683,822.5522447100794,1.0,161.2510093014683,127.8372306285067,2.5148708021253205,23.665987444444443,1.741720525,779.5073237466661,780.2219112990697,780.8516279447821,781.0118454518532,781.7827342318791,782.5247933485448,782.6254548596492,783.0052123494413,785.9354656398325,792.1779212600206,795.1946523815741,798.1566803005628,71.21026717243622,65.37510628582746,59.81601718701879,53.61788106544742,49.22527694409032,44.11096623953725,40.91716245602548,40.27506011001321,40.37959568578697,41.77988344993204,43.01534907821893,44.71702060949471,50.0,90.0,0.366977778440511,2.214355247456318
2021-09-28 09:00:00-07:00,821.6847166666666,117.00828333333334,0.2740433961154416,8.5,611.2309275949228,33.50959476843319,53.02440495874531,133.71352926620568,0.0,327.2301646381392,858.2298109138064,1.0,327.2301646381392,170.57598037067908,1.7738427503266436,24.371727944444444,2.0633974166666667,815.6916584170791,815.734213174198,815.8279119558131,815.8687812714152,816.0625823324026,816.6554495509866,816.4889852378324,816.2975961282667,823.3766898160104,826.3453157123696,829.4387738299669,832.6163331315128,88.75449444960714,78.4719762589586,70.59318641723848,64.3139990708116,58.21274382043242,55.32060256661513,52.82729525891782,53.15313046483817,54.44530829719685,57.32963962044737,60.663983671391755,64.46362477956514,43.83216751582527,90.0,0.40372585903236174,2.1357713320682277
2021-09-28 10:00:00-07:00,865.2456833333333,131.69355000000002,0.2647727241221216,9.5,732.91620842966,39.05661303505729,45.984118139838806,151.18255349517773,0.0,450.2043834844359,831.7375450204408,1.0,450.2043834844359,199.50826270363476,1.3803327194291475,24.96271705555556,2.813384006666667,803.2462400941483,803.4412010284159,803.8072715987906,803.6738186677534,804.299764508339,804.1559442479027,806.4572997881975,808.8002122802087,810.7784346736709,813.051013512123,815.084051065692,817.2696493050962,102.28760756211726,92.10061234410715,83.62305297889826,78.87465234731384,74.3020850702037,72.6602290320969,71.6419278732902,73.2813369797844,75.7661839923894,79.01468641837538,83.23971130638301,88.03566675823504,26.513233227085568,90.00000085377364,0.5267977508625211,1.962311574766183
2021-09-28 11:00:00-07:00,682.2634333333333,197.40175,0.2617538600200823,10.5,701.667187674688,41.854898973269684,42.3446290055799,172.13147371927744,0.0,455.50679744463696,710.9859653554198,1.0,455.50679744463696,187.3892325590185,1.093603516713788,25.20549383333333,2.7594524333333337,698.4876850183458,699.1564220277382,699.1550917395857,699.677895272967,699.679504204097,699.6802558541625,700.156100750183,700.1551873550104,700.1542676328172,700.1537136054297,700.5033193011039,700.5035145510052,97.71778220927736,90.48872355465711,83.99825341586485,79.16182502933141,75.81806222190927,74.03427494996964,73.78076691161415,75.25411013314351,78.0899452522159,82.6242694205754,87.68948417857231,93.73799045816538,7.11175072094132,90.00000372151304,0.6880975048619387,1.8648362894014514
2021-09-28 12:00:00-07:00,683.5799666666667,220.18811666666667,0.2642355335753542,11.5,720.0169520227739,41.378774901163595,43.01350538859668,194.30008235122773,0.0,461.66960235032946,744.8180493530515,1.0,461.66960235032946,196.43762051448203,1.173165047584526,25.766762611111112,2.786263395,725.3663411585826,725.2275019739963,726.7991501754876,728.2364535646805,728.0864567746189,729.4298445485302,730.6664815728421,730.6607894072208,731.6401639539849,731.6294554514966,731.6341444208699,732.6442025876914,102.91133856455305,94.33476120179725,87.6616640249176,82.52532616806772,79.18593421234715,77.25883612207873,76.84166080602742,78.1660120746352,81.28622559502304,84.90066548924156,89.45943985101508,95.53613617170328,12.97673174867882,269.9999977411273,0.6377223316402219,1.8826815183762715
2021-09-28 13:00:00-07:00,432.6958298333333,181.05925,0.2667565115409232,12.5,471.67729936693684,37.72628039912,47.805835508697456,214.31976761573782,0.0,285.47027675618114,554.7413451288411,1.0,285.47027675618114,136.21276651323453,1.4798384087886878,25.882837222222225,2.6720067233333333,523.7777095943983,524.9834675910513,525.110841640723,525.9498241009258,526.1390815575994,526.6723022925139,527.2867239682548,532.1515910840322,534.8797295057122,537.2658382878518,539.724237131021,541.8873053249066,69.04290486194648,63.106777475093295,57.79074208195977,53.94614048872101,50.88389573494704,50.70365750840039,51.16021863110051,51.21389842975925,53.8093066256656,56.39344695035539,59.70867090832098,62.25201544047222,31.878480986916337,269.9999987925817,0.48594027865749173,2.0079727597783377
2021-09-28 14:00:00-07:00,70.03824883333333,197.4919833333333,0.2621156497360528,13.5,237.02947364127365,31.5458925059605,55.63153155869527,230.66650684017668,0.0,147.284447411739,250.93287788765076,1.0,147.284447411739,75.28029773345142,1.9342490333904276,22.49098522222222,5.2567796,237.9838453574816,237.82008934098042,236.51476077311636,236.91424683286473,235.602310831253,234.6709446570952,232.56617977962355,231.605033249491,229.34466586677684,227.39192166021292,225.13337413148486,224.13613825331845,44.864805259524026,44.443773117521225,44.214969227477575,43.139961509793224,43.026413895434075,42.91162879717808,42.47665877328275,41.897378292089705,41.72603393172945,42.489521131225544,42.9794222222306,43.57386826507887,48.51670998673222,270.0,0.37542553085716407,2.1947412657608236
2021-09-28 15:00:00-07:00,182.0052328333333,236.66425,0.2711221215420977,14.5,312.5768486894959,26.758627331415873,65.34898462430644,243.8208165404702,0.0,152.76501817253396,458.89104100177354,1.0,152.76501817253396,99.97813146447653,2.857142857142857,23.385779666666668,3.3582111500000003,440.2419433265378,439.3083858259833,438.3569591413965,436.26128777477027,435.33681037878125,433.1544553831429,432.12047918983956,429.80040959354426,427.397753717468,426.3547694065738,423.94197433396397,421.4777042147572,53.532373194994854,53.20259359871806,53.00478062734324,52.637031523870014,52.75465613487327,53.04750863451794,53.1827242776005,53.89445514744452,54.282702950944234,55.09835984417011,55.552512223361376,55.808280607481514,50.0,270.0,0.366977778440511,2.214355247456318
2021-09-28 16:00:00-07:00,203.70837783333332,109.46288833333332,0.2623528579405144,15.5,158.2344060972097,46.838875547508856,76.14778825799947,254.85809380777252,6.217248937900872e-16,55.67514198394544,296.4321979486981,1.0,55.67514198394544,46.69964680996444,2.857142857142857,23.06726533333333,1.657497065,287.7578997007112,287.1055100357264,286.38533401479094,285.6835161080576,284.9090200794369,284.1609058687343,283.4014534224395,282.55192153348446,282.1699718660136,281.7691290026546,280.8461811518182,280.4160678654081,17.93593637743167,17.18415074991035,16.798571620136997,16.020642026342554,15.515422341771103,15.113416017119112,14.435156728896246,14.054924504857976,13.743607853470158,13.510103223175914,13.595009648392569,13.567865045474628,30.67511454630772,270.0,0.4949152962687279,1.9970689209668349
2021-09-28 17:00:00-07:00,6.615885116666666,14.249811,0.2251167947040641,16.5,14.670740409195382,79.52636800003768,86.35214650127429,263.8001013200452,4.7237174393164106e-09,9.158614548530194,15.322321682330152,1.0,9.158614548530194,3.2510035484010587,2.857142857142857,20.847584611111117,0.804125914,14.166064276072818,14.166054860298384,14.182721121223741,14.164950192435962,14.16496007121542,14.182545639097139,14.164767021300698,14.164761737398015,14.164755470146941,14.181715520105923,14.163935979221348,14.163936984621143,1.7879969775830717,1.7506452680743956,1.7212173084437816,1.698269992806822,1.687407506664557,1.6857339121703814,1.692964659246773,1.709455351433195,1.7329681333864684,1.7620460749059734,1.7972821724975554,1.8347179171286452,6.866442016440815,269.99999618180817,0.6902223185180977,1.8643153216732808
2021-09-29 06:00:00-07:00,180.68892366666665,58.41141666666667,0.3130843442496245,5.5,76.65808303711103,73.23030892538003,84.20417123958707,98.30194210025525,3.192110066077063e-09,29.93540107718095,133.17251398658846,1.0,29.93540107718095,24.536279603752465,2.857142857142857,14.629391444444446,0.6455114248333333,113.64085610541122,113.72076535065275,113.84486403462901,113.84482649078329,113.96485758453234,113.96459891646064,114.06562814256566,114.06591105928266,114.16236273172908,114.1622541089381,114.1558524498582,114.24051956216232,8.15268354464236,7.975416579920635,7.907541328095112,7.832726019319341,7.794641126145944,7.809577662600414,7.905735401067994,8.005297482345402,8.120108038249416,8.257471898477815,8.482295622095108,8.643991063506338,11.093944065347378,90.00000190909591,0.6537908766288496,1.8758298498303998
2021-09-29 07:00:00-07:00,51.7068082,131.03285666666667,0.273212682306497,6.5,146.14798102513612,33.362233873765675,73.0028774286935,108.47883540536031,4.662936703425655e-16,75.02079253729556,200.07390953956389,1.0,75.02079253729556,46.43857105288789,2.857142857142857,16.518715722222222,1.4568676088333334,183.93988046045988,185.42099373593055,186.07607903491035,187.51516143768526,188.92045011042958,189.55274287530892,190.887115904364,191.4777470264507,190.97079194725472,191.73115730694667,191.88703624747072,191.9435494397705,21.650197793518537,21.919235474991638,21.871485245320923,22.335836915974895,22.912497029806342,23.58265921967773,24.2239526485223,24.44746042819691,24.608291408800195,24.756815276053526,24.950230329972637,25.064039027565556,43.35234660041689,90.0,0.40675851263001717,2.1299969808620607
2021-09-29 08:00:00-07:00,278.70678258333334,191.32526666666664,0.2688679166374231,7.5,320.0087006891046,27.761352104876263,62.50209427806166,120.06009153512184,0.0,153.22518618497762,489.60023210405313,1.0,153.22518618497762,101.49660730260294,2.526731000781649,16.315677555555556,2.6002357966666665,450.14661191477927,452.08648241697927,453.9647071956425,454.7490910533952,456.6527258288858,458.5006936287467,459.218505760531,460.879119141574,462.8084298620474,466.9169440785465,468.85516900876235,470.75939773759205,55.78625071222338,53.553609949898956,51.591717925070235,49.35681118138255,48.08538996922353,46.464648013725004,45.737279791087076,46.04518058144042,46.68598998683451,47.97279134125104,49.108791946518416,50.445347266077434,50.0,90.0,0.366977778440511,2.214355247456318
2021-09-29 09:00:00-07:00,155.42301751666668,285.50238333333334,0.2637015567473694,8.5,378.38310831169156,33.894641881073525,53.30182932715728,134.06899251320107,0.0,229.20294606349685,434.63465842218545,1.0,229.20294606349685,115.80163471878207,1.777477947801198,17.330377833333333,1.5325398883333332,395.22213802476625,397.7421213279574,400.20716843711625,401.3268693670948,403.77721192967346,404.91244457174446,407.24406984629167,408.1957100286576,411.3497564362034,412.5918684129037,413.87623396596916,415.1572790555767,62.008769638706475,59.684077375252784,57.97539043221269,56.95057738222626,55.13258072608771,55.35191899153564,55.39727492298521,56.28085093972862,57.1314692405247,58.55767171404072,59.99869479076035,61.55737792734979,43.950177567841465,90.00000085377364,0.4029837025768282,2.1371992779015034
2021-09-29 10:00:00-07:00,779.6213066666667,164.21075000000002,0.2653508342527149,9.5,702.6926153939839,39.45268614019134,46.3147157940706,151.48821333463002,0.0,432.24499794049603,797.714144293848,1.0,432.24499794049603,194.1710588131089,1.3810432101504095,19.26577338888889,2.0776243216666668,767.2520388106989,767.5561794540407,767.9594095234112,767.886800066013,768.5867280314452,768.4955380023869,771.0899222681142,773.7060574564902,775.9596034624838,778.4933865287358,780.785758746297,783.2114277749923,98.52164369634963,88.87162746954498,80.88326527997405,76.61972101712918,72.35432531249812,71.04642273664432,70.16400064665865,72.02927674522857,74.62572677578719,77.8151092198847,82.03969190185518,86.91296629534092,26.5542424359605,90.0,0.5264775722326439,1.9626313160546784
2021-09-29 11:00:00-07:00,250.0444515,332.08343333333335,0.2604247192427794,10.5,515.7781385454193,42.24882038929982,42.72250251828984,172.31309382521692,0.0,333.85809050478343,519.9425117608431,1.0,333.85809050478343,136.51923934253333,1.0926740970100097,19.92855722222222,2.223597411666667,504.91893707895565,505.38727516867755,505.3865071016304,505.750799380332,505.75175607638937,505.7522619442324,506.0855679853528,506.0850318809346,506.08448516356714,506.08412802908305,506.3277850397578,506.3277991264888,72.55055324917403,68.37576108274082,64.68409500459326,61.95222636412208,60.098995034153546,59.1610398285802,59.11919607432707,60.07679878835532,61.82690763102859,64.58831185007102,67.61414666057195,71.21812985518386,7.041914970276943,90.0000017075473,0.6887022939636319,1.864686125119382
2021-09-29 12:00:00-07:00,7.394665866666667,144.72656899999998,0.2505100783771872,11.5,150.09839406708568,41.751308067169134,43.410732932716364,194.3107323803918,0.0,97.31165439257337,146.8436165234701,1.0,97.31165439257337,36.78269526305466,1.1757303245879276,17.921784666666667,3.057684833333333,139.87539328931055,139.9316289097284,139.93053135553396,139.59723205005173,140.01910786997396,139.66912273373904,140.08893286802288,140.1905833742358,140.19156443233135,140.2760873383715,140.39600084934733,140.06956686896547,21.354864963199475,20.985272694422704,20.5200204979836,20.13679448689638,19.90526342566377,19.63431731819998,19.479274481066774,19.477697641217805,19.66583940847024,19.88345174447925,20.24738363833701,20.791690297762443,13.161263531122081,270.0,0.6361536991012275,1.8834097935742709
2021-09-29 13:00:00-07:00,2.18718725,55.71646416666667,0.2518531405301706,12.5,57.1745271945441,38.06377261976843,48.19185726701574,214.1934664154535,0.0,38.11636343332724,52.0864052506316,1.0,38.11636343332724,15.380835280742536,1.4851534782893736,10.547127794444444,3.5126405566666667,47.61610612946019,47.912580736578306,48.51970759511458,48.79629932646134,49.4041912744279,49.66061055329983,49.90895428613106,49.39728491993793,49.25584369002651,49.11635956373564,49.0098499459492,48.87670857504257,9.05431836627817,9.070592708894997,9.001153866057193,9.160053885140353,9.364131706773072,9.159142318208087,9.143977980340576,9.421350489357163,9.257267483224796,9.258576754771907,9.22420170509353,9.191955012555157,32.14405516621526,269.9999987925817,0.483975109530935,2.0104297825988957
2021-09-29 14:00:00-07:00,88.83026763333334,241.0917333333333,0.2709007116122938,13.5,290.77388217777474,31.846943373585262,55.99308039522896,230.46755946908942,0.0,178.47416436949095,316.7293201921083,1.0,178.47416436949095,93.60477301095325,1.9459719572872434,11.506799,1.3051137233333334,300.94128612024525,299.38085750662987,299.121722697587,298.36630339516057,298.1251212033305,295.69598576908174,294.66163207416093,292.15482843959205,290.97543579973603,288.44251402768396,285.84530410858895,283.1907520741031,54.04751777413355,53.69386031813561,53.38119991270707,53.128796477040865,52.729994315839605,52.84644490462184,52.189331119756524,51.892010266904315,51.55605773706839,52.01800570752004,52.55479016763267,53.89118004290791,48.821313734184656,270.0,0.37367005704547424,2.1987333370542017
2021-09-29 15:00:00-07:00,6.98496715,219.8045833333333,0.2633441217657408,14.5,222.68042448665977,27.13879668176788,65.6871573067061,243.5918628583191,0.0,137.08123935182496,231.49496345767966,1.0,137.08123935182496,72.01458895701145,2.857142857142857,12.56494,1.806848351666667,218.17250441392855,218.69743633528134,219.22836325798124,220.13182708734604,220.69531519184665,218.22828705789158,217.0998637593138,214.5673247875494,211.95909638666467,210.77721956949347,208.11653251961735,205.41280892958275,45.22350704216038,45.8269064367087,46.425535428924476,46.86182437218142,47.46896633083547,48.088177551830654,47.201599206744376,46.48614479784967,45.660778056287555,45.121152128251715,44.50372407599947,44.00589421348379,50.0,270.0,0.366977778440511,2.214355247456318
2021-09-29 16:00:00-07:00,0.4828516499999999,20.374826,0.2463278164203689,15.5,20.487797243591015,48.05041143685844,76.46927443957226,254.61802968029397,6.994405055138481e-16,13.57363751994025,18.831966912454064,1.0,13.57363751994025,5.2033572156957195,2.857142857142857,12.390283777777777,1.9075822083333331,17.758553486616634,17.818402466106022,17.87060626107731,17.933612592943447,17.998217745955742,18.056012719971893,18.12703786097345,18.02647166058051,17.833245418495416,17.736384763494925,17.640786269607002,17.412313485038727,3.054129542675623,3.1248534931823433,3.1402056871736357,3.1468825750076697,3.058476559597057,3.1180350463037603,3.1343724896517275,3.107422118963533,3.1390989041300754,3.0871551321114996,3.1070172749430953,3.100702022957671,29.765165722767982,270.0,0.5017768543035505,1.9890754175033805
2021-09-29 17:00:00-07:00,0.3064614,9.003371883333333,0.2427124349331191,16.5,9.022218554681142,79.88015453269067,86.4742165342449,263.3945569703121,0.0,5.784941597895626,8.944459118053361,1.0,5.784941597895626,2.122729129296997,2.857142857142857,11.501351611111112,1.9584073716666663,8.4582766929245,8.458277401923757,8.47646739434097,8.476469145375532,8.461454438915382,8.46190637411755,8.480094799988828,8.48009059457514,8.465799059369889,8.483984431705046,8.470476633678254,8.47107685183777,1.2426555234698642,1.2198126602516723,1.1954290295388792,1.1755389406481649,1.1589800481026746,1.1483389067384535,1.1434583105243048,1.1466826850420526,1.1554150802892351,1.169508302274842,1.1896015881773292,1.2150323824028462,6.638645194707538,270.0,0.6921964298952696,1.8638478409806951
2021-09-30 06:00:00-07:00,0.0,11.754648,0.2306811174561835,5.5,11.754648,73.79182437196613,84.39355532909646,98.65236482580542,0.0,7.596991919091419,11.486974993089362,1.0,7.596991919091419,2.601944895286162,2.857142857142857,6.533428944444444,1.29960675,10.9550847997087,10.976229540755057,10.940699035738412,10.929056188601251,10.927622309007852,10.91709770803824,10.917106039137765,10.943427580101087,10.907855284584048,10.906674862714798,10.898433850605723,10.898401873346538,1.4980206630153747,1.4682701694357445,1.438874739647586,1.4233346337093287,1.4176686022764822,1.419135964913381,1.4242230497064676,1.4404443709488797,1.4594363151785947,1.485553984422801,1.5099778594546704,1.537065937637492,10.727565215976826,90.0,0.6569303336956923,1.8746194992240648
2021-09-30 07:00:00-07:00,0.0541742,77.07375166666667,0.2392621821963713,6.5,77.08940174464819,34.37257330182338,73.20882515863218,108.83327188517876,0.0,51.016454091899725,69.5110062581926,1.0,51.016454091899725,22.048703435606043,2.857142857142857,6.810335766666666,1.45856988,61.62205408947462,62.63122250041457,63.0843659241259,64.0660246426824,64.51091436965126,65.45364204482559,65.87691863641649,66.76679506592015,65.80554391835963,65.6022328013427,65.83960427725421,65.59663489022162,13.258203770419952,13.447533729608015,13.695228088973682,13.732542581157146,14.109732760319531,14.513984395504211,14.97420790636327,14.842988452800537,14.727996977445185,14.571240657158892,14.430154658249428,14.240647806528045,42.52883042126592,90.0,0.4120194452298072,2.1202055610389547
2021-09-30 08:00:00-07:00,0.17124605,98.44474333333334,0.2395845609919594,7.5,98.52318523695871,28.15790651634788,62.73765342976775,120.4196198266331,0.0,67.09130595456232,81.47506951881168,1.0,67.09130595456232,31.23326231127101,2.5388450481932088,7.135282394444444,1.49500067,69.37724264856058,70.78883080164348,72.17939297782917,72.80678029557886,74.16425246211934,75.48543198791795,76.07801174868946,77.37392443804829,77.01165488035635,76.38348020952353,76.03282600574265,75.68682385445709,19.648840790711617,19.97763749995559,20.422789304388186,20.88145840267831,21.46303991853102,22.02730795626091,22.620271721220227,22.375388824188402,22.117644946919683,21.896604470427935,21.605975780485206,21.296810220031695,50.0,90.0,0.366977778440511,2.214355247456318
2021-09-30 09:00:00-07:00,0.5214150666666667,216.5944333333333,0.2428995523653624,8.5,216.90399277144832,34.2786787558558,53.580626602829206,134.42037030667404,0.0,144.525893760361,195.1606731708781,1.0,144.525893760361,63.82102105951779,1.7811987772702853,7.853968433333333,1.7243796666666666,171.90183531270748,174.5846057114074,175.77931734710523,178.39073767151118,180.95126962750024,182.1125876620281,184.54244419132928,185.80530756691476,184.90955896361564,184.40184619946544,183.9146689136986,183.43797011949886,38.208794404023024,38.45077492015577,38.97405332020572,39.73570417380956,40.50250199606582,40.682567527788265,41.69018978350279,41.49740728389492,41.208018289840645,40.91670108633646,40.72563529574749,40.3994336934615,44.07034316664054,90.00000085377364,0.4022295027643789,2.1386564445991296
2021-09-30 10:00:00-07:00,0.8523054166666667,221.97241666666665,0.2442954313111436,9.5,222.55752578428218,39.84800750782739,46.64617790224011,151.7887690674151,0.0,146.564666185658,210.7849193336431,1.0,146.564666185658,56.286614218512874,1.38178600910364,8.353849877777778,1.8310723,195.89448777338487,197.96074149485824,198.8395035631152,199.69468436296705,200.63598420197303,202.30702111226435,202.00729481101018,201.78851717956053,201.48663411582658,200.38719338493672,200.11667244363636,199.9340715836179,32.45600867878956,31.741412186580522,31.739926369457937,30.955791426174947,31.396618762460818,30.899517188156857,31.63386927495095,31.72817303788384,31.554180605966774,32.51199388479896,32.81056739048268,32.59056586426545,26.597073749289994,90.0,0.5261432898124419,1.962965753199788
2021-09-30 11:00:00-07:00,0.90551695,208.2513833333333,0.2449431872560445,10.5,208.91255364968418,42.64219385603711,43.10037054381728,172.49031468107614,0.0,134.39634417044817,206.9474595191011,1.0,134.39634417044817,50.15493110025418,1.0917545546048797,9.121309977777775,1.3673535233333332,196.9254594289994,196.9252895915476,196.91131225285065,196.87210959106525,196.8722905250795,196.87237432317283,196.8395085665781,196.83940565237435,196.83929208572624,196.82880334449683,196.80209900090316,196.8021234680658,28.391613751630295,27.68290265095125,27.0649073730815,26.643184817900266,26.40959416476615,26.345621786052742,26.447377121439203,26.720305773627572,27.127949843998284,27.67208353013616,28.257739012563043,28.93335191546859,6.972797959292779,90.0,0.6893009483289686,1.864538958044657
2021-09-30 12:00:00-07:00,0.9800184166666668,196.16761666666667,0.2438421121674648,11.5,196.87486829792817,42.12330971497108,43.807321598917866,194.31962072433436,0.0,127.67618730443903,192.57402086596363,1.0,127.67618730443903,47.032817426468,1.1783066303286567,9.525250683333333,1.3855218833333334,183.04937925904127,183.5865098078487,183.5848416802079,183.1507947374838,183.69082886754674,183.77384113000235,183.80727871046258,183.8943590614084,183.45446668157567,183.99447928632353,184.13823060034215,183.7096930930603,27.30473691576276,26.836955166265557,26.236221499433842,25.74950318314276,25.45287998533446,25.159072603099677,24.90357855776846,24.89910039689369,25.13931141994841,25.409296107161243,25.87231986223776,26.484894811881407,13.34624739902086,270.0,0.6345824088238969,1.8841499904740293
2021-09-30 13:00:00-07:00,1.05844615,232.71983333333336,0.2457280502374229,12.5,233.4201134461483,38.40068541678298,48.57711127557701,214.06745550832625,0.0,154.43823782743533,217.93517796817932,1.0,154.43823782743533,61.931805788490585,1.4905269078778633,10.297724122222222,0.9644545966666668,205.74733462467975,206.11326736397822,206.492524655067,206.7505347561947,208.49442668560454,208.74441987476442,207.8046217484454,205.69759455978075,204.6715759416089,203.47825260396635,201.17660344182073,200.05281566062658,36.30546957096083,36.25514482422728,36.236242972179305,36.73552163601286,36.54771097458532,35.570327827039485,35.559540124920396,36.32169816598446,35.66077712245059,35.85232528771806,35.6749410707407,35.83104140515339,32.410445225599005,270.0,0.48200964496209,2.012912628812564
2021-09-30 14:00:00-07:00,0.5358100333333333,190.0488333333333,0.2445099913373938,13.5,190.34570520699586,32.147483564403046,56.3538815417026,230.26941961726325,0.0,127.20180149757945,166.9694362340532,1.0,127.20180149757945,59.704039376587794,1.9578941468294428,10.584254777777778,1.1583099163333332,156.05069237290016,156.56039022436522,157.0768976125992,157.97190501090552,158.50927857502913,156.21297323347457,155.1712085634032,152.81869783619027,150.38767972082596,149.28764465615583,146.8119142690627,144.51967139515344,40.13136992799942,39.65518639136321,40.05909171320985,40.33405387689319,40.70164141099673,41.08268691328803,40.077821434634046,39.15268831738801,38.21386781509716,37.558006806121924,36.94693333156138,36.57443868007042,49.12640516185579,270.0,0.37192243460715013,2.202750453315871
2021-09-30 15:00:00-07:00,0.48704365,114.53028833333332,0.2440581365671452,14.5,114.72819642199907,27.51908057458137,66.02451739221615,243.3634779950309,0.0,76.65126564932298,99.68811060728774,1.0,76.65126564932298,36.465114721935436,2.857142857142857,10.699189333333331,1.133275075,92.93182465405312,93.32039624940862,93.71409791719441,94.41774995522584,94.82585342124922,93.35956348438125,92.68887599024362,91.19304089252601,89.65567038861562,88.94693539780877,87.37282562902752,85.77461644226014,24.520094032329187,24.88226057775031,25.225937447993097,25.487522166855616,25.798693903463207,26.097228270718322,25.446048381751858,24.8342286100824,24.195266368273785,23.6932887846295,23.194097721400194,22.809901696123394,50.0,270.0,0.366977778440511,2.214355247456318
2021-09-30 16:00:00-07:00,0.0843577833333333,43.22194666666667,0.241261497124279,15.5,43.24122447857495,49.23736049248088,76.78978737416159,254.37809621645533,4.08660447144013e-09,28.75443624732076,39.58231146165768,1.0,28.75443624732076,10.815569517397806,2.857142857142857,10.477647444444443,1.4135854116666666,36.528134155914714,37.001560702775194,37.201016737323506,37.40231432228247,37.82517985579799,38.009374045479746,37.88495662135914,37.78368739925695,37.66964486859456,37.57864794309093,37.470510567852806,37.38369541600271,6.481833329849514,6.3850513698175915,6.45311949336154,6.441761173222346,6.391680567851034,6.26406976631271,6.429704604947906,6.423029262131162,6.505238504363138,6.512254568735083,6.50297093604995,6.3796054601701,28.879693143185072,269.9999987925817,0.5085139652768297,1.9815070994589221
2021-09-30 17:00:00-07:00,0.0332374666666666,8.745499183333333,0.2374529805639657,16.5,8.747473052266786,80.23097434483496,86.59538005958974,262.9887512013745,7.367731370673037e-09,5.617668256269535,8.6458236945432,1.0,5.617668256269535,2.0135236732707087,2.857142857142857,10.479027888888888,1.7267173333333332,8.197875059865533,8.211000984177435,8.193316423486849,8.193318169370242,8.207206326851644,8.189529459514665,8.189102625147559,8.203695729461902,8.203693941904142,8.20369223899917,8.186009332591105,8.18600793958504,1.154383723330336,1.1302317510338082,1.1111104940284369,1.0976896974559522,1.0901519589682789,1.0882326245226162,1.0908456771854784,1.100900231359736,1.1166778727474136,1.1356786438541313,1.1575977808482232,1.1833109265827881,6.412881655188982,269.9999947369858,0.6941538222292573,1.8634000243568318
2021-10-01 06:00:00-07:00,21.74216978333333,27.993772,0.276273924501229,5.5,30.046009452527795,74.35448031340003,84.58380413697333,99.00135077987363,7.771561172376094e-17,17.331994260776693,35.61819143606923,1.0,17.331994260776693,8.207766810466694,2.857142857142857,9.304717016666666,0.9703822518333334,32.28732380753512,32.336405404670174,32.3378876548273,32.28640516053282,32.33519497768003,32.28738269085949,32.33608191072348,32.33620885166925,32.28542563514718,32.33404768190972,32.286296694742674,32.28623108768957,4.118114797277751,4.031094006563519,3.9694169881706274,3.9233724803523127,3.9121079166174306,3.9181372253917814,3.935626426661824,3.9787908881086618,4.038467503815269,4.112013123957107,4.187387920777407,4.271918464997159,10.36055971981994,90.0,0.6600789757122151,1.8734473567139174
2021-10-01 07:00:00-07:00,10.026807583333332,153.17543166666667,0.2518809218487184,6.5,156.03729497742785,35.364245732874366,73.41597347254725,109.18564469446301,5.417264141235108e-09,89.37464026990843,183.40567497950417,1.0,89.37464026990843,44.922640072209276,2.857142857142857,9.926927066666668,1.0237195883333332,168.30996761565956,169.11671729791715,170.83428629109721,172.5330361932787,173.2924293261981,174.92201518982245,175.6499835173994,177.2902303061892,175.81605289150843,175.45186549883414,175.9428289507424,175.7079732224646,24.096864003638377,23.882003115207997,24.28482163557148,24.88837561145386,25.551580884393395,25.678140608831725,25.6571048766986,26.351905452066582,26.245792484855418,26.06485923875416,25.85583913127331,25.679537919025375,41.72775471568992,90.00000120741828,0.41720402176628785,2.110827007461326
2021-10-01 08:00:00-07:00,559.2426046333334,184.91826666666665,0.2688213267736377,7.5,439.029914173983,28.553677776209692,62.9746063614048,120.77617089479408,0.0,187.17436681861784,750.8188005216666,1.0,187.17436681861784,130.84755404805682,2.551222602815141,12.072953833333337,1.3716004,702.4605192706803,704.1956862619912,705.8557053174773,706.5010945461835,708.2345765468294,709.9150991866098,710.4993272775241,711.8899249553893,714.6478469297733,720.5272887347583,723.3394848019577,726.1017703441888,73.04808651440585,69.00393426474564,65.2158327227055,60.904384481997226,58.019225985984846,54.487094564174974,52.488645583378435,52.37597286132891,52.82416589970679,54.322918437595426,55.65329039444087,57.33976039246501,50.0,90.0,0.366977778440511,2.214355247456318
2021-10-01 09:00:00-07:00,327.46007633333335,263.4925,0.2560589451997984,8.5,456.61207370486284,34.66157165952972,53.860731917549494,134.76755032908218,0.0,264.96020494121046,570.297604683183,1.0,264.96020494121046,133.02483506215663,1.7850089533282016,13.2775175,1.5986835066666667,527.0604787329585,528.5822832565669,529.2823569915653,531.3918770011717,533.3579381298039,534.2927957815837,536.5036836404819,537.1855423885343,540.9108379469478,544.0804741286852,546.2916696581733,548.7802216617193,69.63020168349694,64.90247035262196,61.64204610961655,58.74459189907997,57.196202844362794,56.659357599690175,55.10010895374897,56.41090310748718,57.76154337303503,59.61469627668588,62.29944749668376,65.89517924492392,44.19274425094489,90.0,0.4014628449682936,2.1401439685456594
2021-10-01 10:00:00-07:00,400.42194516666666,380.13301666666666,0.2478408920426066,9.5,653.3304412763875,40.24245577708818,46.978413268596654,152.08415314785907,0.0,410.55856389111625,706.5612400177554,1.0,410.55856389111625,171.45104053647572,1.3825630943697453,14.416343055555556,1.7770296866666666,671.0507398638354,673.3122108941826,674.160878435214,674.8990244078404,675.9930381001503,677.6411907903868,679.489799365505,681.3961012745741,682.2288571847766,684.0940684637238,685.7230628100258,687.4920405009406,88.96743898801653,82.49135986597791,77.67608653141332,74.10492443289611,72.563736667278,71.65949261330562,71.83336659291382,73.13975558995391,75.17416792422256,78.05446194840953,81.69084651742594,84.3471416007637,26.641836219373356,90.0,0.5257940691221301,1.963315803269038
2021-10-01 11:00:00-07:00,539.46907,339.01911666666666,0.2475343136181858,10.5,730.4778833717833,43.03491551125461,43.478127868063396,172.66310241920576,0.0,473.4952893998432,737.2919249893757,1.0,473.4952893998432,183.62596165279513,1.0908465364244742,16.624950833333333,1.9346995933333333,720.7134518870324,720.7122508744472,720.6622699295192,721.1625602724505,721.1640330593704,721.165058208644,721.5813078286151,721.5805274426684,721.579731333364,721.3353276776323,721.8807647278842,721.8805413745657,96.91986922246988,90.56032812613014,85.10773465257846,80.64197268711179,77.7404570281901,76.22293347075656,76.05661940798383,77.4137586688949,79.9937266234435,83.80515012483835,88.59154863022141,93.72545616136617,6.904519586271477,90.00000352019892,0.6898924255954171,1.8643949948954535
2021-10-01 12:00:00-07:00,693.6299016666667,292.8247,0.2468898990314151,11.5,790.0686861001009,42.494697044801505,44.2031572906935,194.32668833419095,0.0,507.06836564779655,814.9121416099786,1.0,507.06836564779655,200.55365442619419,1.180892390706945,17.418275666666666,2.19110986,799.4036028774697,798.2400705124242,798.5013753947272,797.3598026265294,797.4271055584879,796.2862907326851,796.3746049936608,795.2012574243674,795.0670486501801,793.8410694821299,792.68638608688,792.3083783260627,98.80563063832389,93.40306040878971,88.89188747361649,84.75880511598747,81.89555264674988,80.61471446151683,80.389851825412,82.06822762393963,85.58289836745794,90.38132209763114,97.21416790186838,104.85161969466914,13.531564065192278,270.0,0.6330094980281512,1.8849016886082701
2021-10-01 13:00:00-07:00,645.9794833333333,223.71463333333332,0.2531007144382594,12.5,647.8430530124261,38.73695323775976,48.961470809569946,213.9416637471729,0.0,391.68374488606383,764.2403346711948,1.0,391.68374488606383,173.92864384017082,1.4959573697934174,17.902740944444442,1.8350702383333333,726.1904845716524,727.3889120758118,727.9900568936616,729.0516103843896,729.3385587455848,729.6553174968874,730.7953910417617,733.5582346520245,738.7086244042617,741.5226935313867,743.9122862181217,746.5159680962946,89.57464337856125,81.4336023735348,74.79210274228724,69.43575538886122,65.94742708289156,65.30891741803151,65.10511377451039,65.80631921210572,68.67943941625501,71.60739326790701,74.63748867032182,78.38106242182884,32.67752642588383,269.9999987925817,0.48004489673141526,2.015420237227608
2021-10-01 14:00:00-07:00,623.68167,161.7207,0.2590816878136927,13.5,504.01060354110064,32.447467432176694,56.713800214269824,230.07203983367552,0.0,251.65316377193147,755.9081133166353,1.0,251.65316377193147,143.458880068633,1.9700156668353626,18.372242,1.9987661133333328,730.1384831365062,726.0997890055185,721.8785142543238,714.3780901162568,709.9168363535889,709.790580498122,709.0620037532916,708.8793366823734,707.7959154448214,707.1133236947202,706.872584317643,706.8073911501422,60.81553139116087,56.5452795263791,52.35858152618369,49.31516050563301,46.80793270661611,44.839387103695515,47.23088378530992,49.657119899973544,53.344911133872245,57.80565833541167,64.11160917137784,70.78366366187835,49.431854582791026,270.0,0.3701835004054943,2.206790870490162
2021-10-01 15:00:00-07:00,72.95772283333334,223.43018333333333,0.2472990769220542,14.5,252.6843215372556,27.89935490514148,66.36092802200412,243.13564068506074,0.0,136.6189053102203,326.20976061495315,1.0,136.6189053102203,77.61685714309523,2.857142857142857,17.89771066666667,1.551279063333333,311.65520666943405,311.40170596356336,311.14196057700053,310.4686581968615,310.23032115823986,307.97005708882534,306.9176453018687,304.5737909739555,302.1599491802111,301.06523435953045,298.61268917840056,296.11284438621726,45.635486980513015,45.67157804807513,45.75941924465878,45.70647301568871,45.90869920553665,46.174444483763814,45.68451382357307,45.44296212127514,45.017197052908195,44.8011633901496,44.35005400509047,43.76826295838252,50.0,270.0,0.366977778440511,2.214355247456318
2021-10-01 16:00:00-07:00,158.37112516666667,111.63370166666668,0.2422488892193224,15.5,146.9653112461145,50.40098580304729,77.10919040563898,254.13828908552995,0.0,58.819117723162684,252.24418209887966,1.0,58.819117723162684,38.56678012839023,2.857142857142857,17.716487166666663,1.7382309633333333,243.6766114613364,243.40564272606957,243.08343413702872,242.78532267731947,242.4397458139837,242.12894916017046,241.75942522788398,241.39539553994015,240.98080204174218,240.14981588797497,239.7488714459581,238.85291823067905,15.608898876144812,15.205434928600484,14.766698397514105,14.336957040537497,14.151551126080522,13.760235502069856,13.6282241143613,13.296247857243497,13.245433407496442,13.060175734406764,13.157378765230835,13.14196966297772,28.01712916499822,270.0,0.5151322459483522,1.9743356571116508
2021-10-01 17:00:00-07:00,0.4690694166666667,9.76636135,0.2226375892952634,16.5,9.79167579194942,81.13003409760789,86.9063946504946,262.74374154851165,4.627253170313162e-09,6.269041913720276,9.734565462702372,1.0,6.269041913720276,2.115023048490865,2.857142857142857,16.163131,1.3097929816666667,9.20893160783936,9.22198297421332,9.204385364014637,9.204385328334306,9.218210015807015,9.201055856969562,9.201056688018442,9.20105621124438,9.21559663402428,9.198438966397225,9.19812863480709,9.198128414541674,1.2120482319598773,1.186450826125121,1.1644513449591771,1.1498457126846788,1.1406508242893578,1.13890136857256,1.14322389782775,1.1532269294378772,1.169385859381674,1.189252830329175,1.210060022808376,1.2370427992842663,5.823416903280711,269.99999680547154,0.6992685507352276,1.8623035333211742
2021-10-02 06:00:00-07:00,239.31849991666667,30.15189333333333,0.315245703311596,5.5,51.94631479006331,74.91829252659755,84.77490918355204,99.3487748019993,3.2151944003731334e-09,14.56542060551313,107.46233589837806,1.0,14.56542060551313,17.41552688884545,2.857142857142857,9.530383061111111,1.1793383808333333,86.60386756094437,86.8051622599137,86.801691121814,86.9829560192001,86.98289709957092,87.14416563252719,87.14108915535937,87.28320943796626,87.28330046205227,87.2833365936689,87.40653107672973,87.40400983406627,4.080045219957929,4.070898546181273,4.003477668009743,3.964621709875859,3.947170399302336,3.948821519579226,4.058670800745604,4.098627161152456,4.155073544365971,4.222763909863144,4.401834329689235,4.483872139214337,9.992857921228255,90.0000017075473,0.6632372913579412,1.872313466052008
2021-10-02 07:00:00-07:00,590.8765,77.53955166666667,0.2962180729361802,6.5,244.12805897068756,36.3387854688351,73.62430058953149,109.53582653278579,5.500612113292954e-09,33.76210776965512,617.7114308055982,1.0,33.76210776965512,79.521422266576,2.857142857142857,14.917466,1.0077793733333331,590.9165387207208,591.2093516895691,591.8436183819198,592.4713316258278,592.7446349950935,593.3970958567622,593.6602326569991,595.9944630840431,597.9814540310773,599.9351074888967,601.8965608375328,603.774818913865,9.971278147990121,10.067207206863547,10.041003893005819,10.259176187325934,10.508219980796751,10.769238844439627,12.460347160976564,13.845862013343323,14.219707285888488,15.937462786609757,17.690246157799745,19.507557264006255,40.94694573182455,90.00000120741828,0.4223200459270376,2.1018261084903695
2021-10-02 08:00:00-07:00,550.9376483333333,166.21051,0.277480717436272,7.5,414.505106052069,28.948549387226077,63.21291063405538,121.12961877020943,0.0,171.14864154682505,720.9289261753304,1.0,171.14864154682505,126.30819573333596,2.5638733677524206,16.083509444444445,1.9904534866666668,674.5978899361527,676.1276466436153,677.5926735443047,678.1534223918744,679.692096847239,681.1792420468315,681.6921811501087,682.9004196211317,685.6361226633543,691.4572411153479,694.245743966471,696.9851257352624,70.31460399792982,66.22788035647623,62.375143108402135,57.991392501677225,55.02165092293048,51.39997824924021,49.325865082667136,49.176611751664616,49.586855639559154,51.035171820841896,52.31458818125112,53.96169706849847,50.0,90.0,0.366977778440511,2.214355247456318
2021-10-02 09:00:00-07:00,812.2423166666666,121.16565,0.2656276429932621,8.5,596.9587891881517,35.043184907038686,54.14207587320514,135.11042484063228,0.0,315.25090791543585,841.3033986677378,1.0,315.25090791543585,163.43045247345086,1.7889122029501945,16.602090166666667,2.2101607983333333,798.3076612455167,797.9981289857869,798.1705015525475,798.6941200438273,798.567099777807,799.240343532332,799.0934753925143,799.3702782008113,805.8156759786502,809.1436254226046,812.3407330974942,815.8591271677651,83.54778882867828,74.7360054045082,67.32060934332515,60.445711882039596,55.983703155653885,52.38454390722169,50.10935749728445,50.66486554424981,52.74255595381616,55.24722251148031,58.624216491292984,62.925734483375,44.31745712640168,90.0,0.4006833433132687,2.141662952851467
2021-10-02 10:00:00-07:00,901.8487833333334,107.24256666666666,0.2540465130246077,9.5,718.7089998626698,40.63590742630417,47.311327035102885,152.37430372107258,0.0,441.6343403090855,813.4804241901102,1.0,441.6343403090855,185.92805584901143,1.3833764509086597,17.766198666666664,2.476449,787.0755963239718,787.6329074464404,787.6824160671913,787.5891265897482,787.9451991631269,787.8345267174958,790.2092754811887,791.679178818455,793.2909777233717,795.1211815991281,796.9687146056059,798.4949123474007,96.38198054926819,86.94934863096695,78.88872388132893,73.35850846172227,69.17547459588404,68.50437397409429,66.68696274626438,68.062693419277,70.6898305918493,73.70636813238465,77.91099991814029,81.62772022070578,26.688636659594692,90.00000120741828,0.5254290952580123,1.9636823739800815
2021-10-02 11:00:00-07:00,926.142,102.99358333333332,0.2490533154639496,10.5,770.8229310088449,43.426881782278436,43.85566681749591,172.83142870052075,0.0,500.62248760678904,778.9272815599793,1.0,500.62248760678904,193.99982104575724,1.0899514835061423,18.77568816666667,2.113293575,767.4983509633379,767.496924655923,767.3168376682225,767.8096562874756,767.8114638319686,767.6255300371134,768.1169018359167,768.1159680921054,768.0753160797848,767.8305771365073,768.3224809381858,768.3221700372451,101.78024316799493,93.97784925989599,87.24894740195113,81.46583140892265,77.95617271367007,75.98871102662702,75.73577344635572,77.2052482826779,80.25691608427985,84.57713335752979,90.46323519249097,96.67470366087507,6.837198956408864,90.00000256132094,0.6904756897646974,1.8642544314050777
2021-10-02 12:00:00-07:00,879.8200966666666,121.50643333333332,0.2523157265837162,11.5,747.981478068967,42.86538520410158,44.598124625703804,194.33188231946448,0.0,479.1916412422134,776.9183959540469,1.0,479.1916412422134,193.26576925944764,1.1834860509090428,19.393652777777778,2.321347621666667,765.5097609996305,764.4053393810216,764.7195450007827,763.5080196858182,763.7665783957613,762.7014935992303,762.8506778008891,761.6098402957398,761.6861872234431,760.6162201833578,759.2813880033915,759.426036310464,93.07552273923771,86.99194986407038,82.16455274060448,77.99220187126109,75.05722028659919,73.79893544343376,74.15011833799052,75.71483408942777,79.61572254838767,84.84176178813222,92.60273662010657,100.60171522356093,13.717094183947939,270.0,0.6314360015003962,1.8856644409960321
2021-10-02 13:00:00-07:00,883.9681,109.61371666666668,0.2601130082860568,12.5,685.5236145601489,39.07251278200614,49.34480894762945,213.8160257143272,0.0,401.9743690944233,832.1649774935838,1.0,401.9743690944233,182.12781259716684,1.5014433536605485,20.18953338888889,2.066208936666667,799.3482236581507,799.8425879610058,799.893911273473,799.8686150606472,800.0430880165055,800.3165334925449,800.0972456119849,802.7120200905877,808.2675262255823,810.5149927575125,812.662514923144,815.0412043322758,94.60215646283626,84.67597070021208,76.11990991948335,69.50540096807643,63.67851889215425,62.09013421010807,62.408566464600305,62.28571190536698,64.20688552288111,67.32525142985753,70.59454700340798,74.12026639219445,32.94517363137988,269.9999987925817,0.4780818693126507,2.0179515077987458
2021-10-02 14:00:00-07:00,854.0679833333332,95.032505,0.2682878997400058,13.5,559.2820097551083,32.74684745989348,57.07270209243005,229.87537701602105,0.0,268.07418772780363,875.6119073678271,1.0,268.07418772780363,150.14324645982882,1.9823364212429073,20.42276133333333,1.8654521333333332,847.8601712811524,844.6467690887503,841.480187519553,834.3974653794337,831.184859257472,831.0744418564178,831.3331959231595,831.1718414844262,831.5250823935179,831.5883710439205,831.5771016032951,831.5421346990238,53.85295242879403,50.58562533956241,47.71641535050943,45.349833564978724,42.640911074084016,42.33391892567504,44.92052846224862,49.274757263607974,53.34520444810315,60.547474284042075,67.7435372835672,76.99258087440944,49.73753208446782,270.0,0.368454074427918,2.2108528086991472
2021-10-02 15:00:00-07:00,769.6867500000001,77.99026333333333,0.2569814809442455,14.5,382.48262369045494,28.279493927107886,66.69625315134658,242.9083332322298,0.0,108.89378579122062,819.9301194680392,1.0,108.89378579122062,104.15877970878508,2.857142857142857,20.233366166666663,1.63426174,799.4641142233131,796.7023678482949,793.8925725061931,788.210308312571,785.4488938297818,784.9666635825749,784.6618173470238,783.9963179680722,783.3102105730388,783.0555736072795,782.4355869390661,781.7440320739781,39.17018458666892,37.9569357494261,37.08718969158021,36.1226775298309,35.94544080769022,36.10685595748081,38.254282742941804,41.181612996601,43.39445700608704,45.47741896121997,46.32333683608125,45.63628299806554,50.0,270.0,0.366977778440511,2.214355247456318
2021-10-02 16:00:00-07:00,540.64729,55.841366666666666,0.2134669073425152,15.5,173.52806330979863,51.54239249760721,77.42734792445309,253.89860739945684,0.0,24.13332088066094,433.6879509303041,1.0,24.13332088066094,42.41087480014281,2.857142857142857,19.730920166666667,1.2661480533333331,421.5948738453678,420.60178015796595,419.6258762448909,418.623506512064,417.5714690208147,416.49548656016555,415.379580218871,415.2188638295256,415.06794910627406,414.7189635466065,414.5547908776757,414.38464956987195,9.900701072195885,8.95463045015771,8.038201059065171,7.967898195679734,7.094134799559277,6.442511645744697,6.22018280814694,5.458496529874797,5.439111103866487,4.765058637000375,4.802195407385215,4.775283644411699,27.176088150009264,270.0,0.5216366511113699,1.9675357958301227
2021-10-02 17:00:00-07:00,10.90120745,15.844698516666666,0.229203711518207,16.5,16.41043274091513,81.4729893811773,87.02521476905589,262.3375151155792,6.9131339841025524e-09,9.952659259141281,17.58956327838884,1.0,9.952659259141281,3.7103763256632565,2.857142857142857,17.157179499999998,0.4084289224999999,15.866511142005415,15.849122644646888,15.84912161354811,15.865796700214084,15.865798719532767,15.84913868055302,15.849140569193914,15.865813336676654,15.8653018868642,15.848638348588613,15.848637893413628,15.848637505723183,1.9836773504469467,1.9418608335171734,1.9084254130548777,1.884484729371802,1.870312330547334,1.8661862789949992,1.8732201941449418,1.889556335883719,1.9143295125592708,1.9484899712277388,1.98638317210692,2.027453319776711,5.602666957800853,269.9999954822545,0.701185387651543,1.8619200004494032
2021-10-03 06:00:00-07:00,392.4079942,23.36318383333333,0.3479290205972201,5.5,57.789908625665454,75.48326530976715,84.96685788847527,99.6945127498159,0.0,11.349193242196382,133.48292724324497,1.0,11.349193242196382,21.107566760766947,2.857142857142857,13.642442944444443,4.571808016666667,104.56282327464348,104.75851328095825,104.74698863426674,104.94279582703592,104.91097056224504,105.10404461847374,105.05258673378694,105.24834159233266,105.2484168114157,105.17792394428166,105.37153815285131,105.3715131341412,3.544895035277518,3.4767176997123417,3.479694950426416,3.440173672479826,3.424808239147382,3.4280050949750684,3.4626313155873554,3.568368766298303,3.6169002389812914,3.674204501047131,3.7569473311960664,3.826232584943901,9.624398415755122,90.0,0.6664056995374668,1.8712179250508045
2021-10-03 07:00:00-07:00,762.5247166666667,46.999188333333336,0.2971817756014721,6.5,259.3050508581789,37.29751971961281,73.8337801350485,109.88369192862206,1.5543122344752188e-16,19.01050082510343,703.4676195479922,1.0,19.01050082510343,80.24622517929231,2.857142857142857,16.337726055555557,4.092331233333334,679.2826017531154,679.4447272852136,679.7980391466772,680.1461964513497,680.2963951384872,680.6305483643157,680.7772996820399,682.5417909749085,684.4022150606419,686.0658330219516,687.6970056508079,689.2942051010737,5.546569867791968,5.595313632246036,5.687480221420818,5.808439006431494,5.817450717750964,5.976418882887111,7.371507282740874,8.78375340341237,10.241836575032794,10.503295902749059,12.015616705358212,13.577220933512736,40.18453866456645,90.0,0.42737422352856586,2.0931726787819365
2021-10-03 08:00:00-07:00,897.1674333333334,58.02693833333333,0.2837993506180825,7.5,459.0063161060077,29.342403977043002,63.452518959944996,121.4798406785854,0.0,160.31076494728427,890.6943987243077,1.0,160.31076494728427,127.02752949983649,2.5768070575363655,19.932046555555555,2.5761604416666666,850.8745960744612,851.4299972558293,851.9179287722876,852.0084128459292,852.635898142328,853.2335870346343,853.2962251523765,853.527814831099,855.8452890731209,860.9235784367817,863.3806885004681,865.7914078132357,74.300010056785,68.22653848774151,62.33101751614251,55.68267403805918,50.850809007357896,45.13722644777379,41.54995705207933,40.005833593146896,39.23034897538941,39.82187781681019,40.243544024385436,41.17317911791753,50.0,90.0,0.366977778440511,2.214355247456318
2021-10-03 09:00:00-07:00,962.6938166666666,63.46644666666667,0.2718777474561673,8.5,623.5367093104499,35.42338409730143,54.42458447248467,135.44889110520234,0.0,324.3806480457406,890.0569237073646,1.0,324.3806480457406,163.2477446198991,1.7929121704655469,22.532236166666667,1.661580685,854.7744091669008,854.5018660573664,854.2380486891868,854.3732756293939,854.0360868656488,854.3624432089208,853.9910792045822,853.8953903357848,858.0725980689551,859.9624865118071,862.1544196632366,864.5748935197644,87.45516860216597,77.59602368706759,67.98323562688574,61.240772050047774,56.06118863500778,51.80664325116641,49.03629251361036,48.30519651965582,49.23397782316407,50.64785413676076,52.999140963978356,55.81600921480324,44.44455389822949,90.0,0.39989064419674236,2.1432144602317162
2021-10-03 10:00:00-07:00,990.9544333333332,67.47663166666668,0.2602379448794971,9.5,735.1069222824772,41.02824005281835,47.644820713116744,152.65916500444268,0.0,450.3999473189054,834.8763913675141,1.0,450.3999473189054,191.08600236034033,1.3842279490690546,22.45055555555556,2.52295834,811.5927465123327,811.9116212354515,811.8391148841772,811.618976522418,811.8716151649476,811.6370346371967,813.3976537948818,814.6197768205017,816.0702077705506,817.2505795638333,818.7265595141364,819.8875878117851,100.46173632034899,90.20968737008417,81.4919274467485,75.35422332753322,70.55950144337528,68.70669585921975,67.3903304395472,68.41722191155107,70.93740025409927,73.99486922317277,78.02403454285029,81.72653988059916,26.73757904111981,90.0,0.5250475777161081,1.9640663593922791
2021-10-03 11:00:00-07:00,996.0204666666668,72.46387,0.255131747391332,10.5,786.1229362454465,43.817986193158326,44.232877375983996,172.9952710526229,0.0,510.6919962844106,794.0508976427905,1.0,510.6919962844106,202.12013001562957,1.0890709822571571,22.98196755555556,2.5221045,783.1295215968771,783.0729701236527,782.9568550180553,783.3775143067708,783.3794528446211,783.2149949539813,783.6344381240127,783.6334585419006,783.590920345738,783.3770236479147,783.7968884122816,783.7965562236063,106.15332062545869,97.85768012613396,90.69497631886408,84.53511496011302,80.75453091037673,78.64535809363863,78.3591123353289,79.89854772169444,83.13414109797249,87.71449490035694,93.76084106424884,100.52438658845023,6.770953816955054,90.0,0.6910497161348432,1.8641174515620786
2021-10-03 12:00:00-07:00,992.18125,72.514135,0.2569633759504879,11.5,774.1888654748291,43.23528719942564,44.99210712180387,194.33515621878468,0.0,488.51557929956437,803.0538955468235,1.0,488.51557929956437,200.9546704347653,1.1860860887514257,23.38383583333333,2.5065204666666667,787.5025301475333,787.4525614384688,788.3484205326034,789.1657619947187,788.9928748696123,789.7940290505046,789.7970984688486,790.3521330760047,790.1838455323933,790.9900748864957,791.0123796681054,791.4844813360363,104.75619934667787,95.11080887566634,87.51941656756131,81.75626769911112,77.24716277643299,74.84203013576207,74.58823459149187,75.50345508904054,78.70489086183035,82.42888046677297,87.40881583178782,93.49435202173133,13.902718850589949,269.9999974386791,0.6298629472431372,1.886437776173576
2021-10-03 13:00:00-07:00,975.5091166666666,69.70406833333332,0.264835036312416,12.5,700.3027431823658,39.40729648346221,49.726998814674175,213.6904819727949,0.0,409.71400534872805,851.4083750998097,1.0,409.71400534872805,183.66342968046482,1.5069833733191098,24.237429444444444,1.8433893583333332,823.0280449426801,823.2605893224849,823.1978323004282,823.0894143375058,823.337641519492,823.3649116119301,823.095632611826,824.9082542076119,828.8888416236231,830.4126139556814,832.2021138554102,833.6220143582867,96.88980406771388,86.59836192722244,77.47560874150088,70.5076360548967,65.37523806977826,63.01748229449785,62.67542047707481,62.16289447286398,63.75652626971593,66.28033315317938,68.91189428465815,72.06037571398342,33.21326175286646,269.9999987925817,0.47612155633056497,2.020505305766616
2021-10-03 14:00:00-07:00,938.818,64.08245166666667,0.2718815782407284,13.5,569.4697101493292,33.04559932153489,57.43045361541846,229.67939265844518,0.0,265.4005443064725,900.1519257870633,1.0,265.4005443064725,148.19168411034786,1.9951455382353145,24.41232077777778,1.62914397,871.9287677287971,869.539442331789,867.1214587371527,861.9634328525641,859.5223845014876,859.5741833554637,859.9307940150885,859.9230866043748,859.5593565523204,860.0569054523564,860.1702750797425,860.286051337335,48.99849802172239,46.48673499462919,44.38547819834991,42.138581017777824,41.15963259935421,41.54569190805606,44.38314212957336,49.136166648082316,53.52848041504658,60.96416787215158,68.63872284585968,77.26163267168603,50.0,270.0,0.366977778440511,2.214355247456318
2021-10-03 15:00:00-07:00,858.6791833333334,54.96736666666666,0.2573306167884461,14.5,390.0612065721,28.659370420532667,67.03035789094257,242.68154172946146,0.0,98.92351917342464,857.0971582405302,1.0,98.92351917342464,101.80113777348537,2.857142857142857,23.65327144444445,1.9479961383333333,836.6693208484485,834.3413055875943,831.9722699715871,827.2063031138762,824.9155401936624,824.5341504726117,824.2926262144231,823.760242606179,823.2253019809672,823.029131285493,822.5606034475708,822.0111669066932,34.71563428841597,33.94083536205493,33.493121673925934,32.952503324765296,33.14245276052878,33.61878943913332,35.720709893490465,38.43334864916598,40.36932375609026,41.913210616523045,42.04354932411979,40.47581697135673,50.0,270.0,0.366977778440511,2.214355247456318
2021-10-03 16:00:00-07:00,684.4413999999999,39.88908166666667,0.1958564624923914,15.5,185.1808386165755,52.66255305969009,77.74412573940214,253.6590539006899,1.0103029524088914e-15,16.9731753823198,487.21545860164645,1.0,16.9731753823198,40.85739845016836,2.857142857142857,22.815255166666663,1.5320873633333332,472.9903038044697,472.1103546694368,471.1652671287506,470.24783118624856,469.3030410524532,468.3131933659302,467.2943036481064,467.1853284376111,467.0805359567901,466.85253332277574,466.72827188896883,466.6108102319058,7.57254969092884,6.732600934602316,6.137611234513738,5.877155767685044,5.111136205006736,4.526859965531532,4.3553839795698295,3.785620037465285,3.6755056783036073,3.134444989121915,3.093368510551267,3.1380437871411484,26.355339008098685,270.0,0.528031573219962,1.9610847842194672
2021-10-03 17:00:00-07:00,133.24948526666668,11.563045333333331,0.2017108181434937,16.5,18.20518444172722,81.81202982427409,87.142770822185,261.9311096226524,6.600908953606579e-09,4.8847338352983005,33.32187390470966,1.0,4.8847338352983005,3.9664396352421467,2.857142857142857,20.067487333333336,0.9097511016666666,21.684278842320353,21.746932864059314,21.719801673442394,21.719801321666676,21.719801948052474,21.78245641618757,21.747667189568254,21.747446606410165,21.747446488341605,21.810099531146896,21.81009933888263,21.768315072936915,0.8751538053997397,0.8554831236701296,0.8410272569774967,0.8306560398257757,0.8246401407258541,0.8374785002962573,0.8404253999224429,0.8474843653768802,0.8581721271021366,0.8720246559061664,0.889548617413295,0.9075864416542702,5.3844534296043625,269.9999959054454,0.7030809123859696,1.8615553939484537
2021-10-04 06:00:00-07:00,389.9328569666667,22.25753333333333,0.3456141285859523,5.5,55.16002065920027,76.04939112369766,85.15963354973393,100.03844190839771,7.77156117237609e-16,10.758383267944021,127.07106117948723,1.0,10.758383267944021,19.995005099662762,2.857142857142857,14.504203444444444,2.16153921,98.10432398855545,98.28170338645572,98.28177270947796,98.43737477592035,98.43736130089783,98.57642116665357,98.57636616455238,98.76542381147573,98.69506097751193,98.69510582608378,98.88420780764875,98.79797776973174,3.3495641107668894,3.277653177285014,3.2286256469655603,3.19569284247523,3.229637230675465,3.248159164441647,3.266255569334871,3.2976549720196813,3.3421446755238393,3.46682207114074,3.5431288358067317,3.6112700348802957,9.255128048518419,90.0,0.6695845487758777,1.870160881209313
2021-10-04 07:00:00-07:00,766.3362166666667,44.157345,0.2982449914733659,6.5,254.81756303561454,38.24160037311789,74.04438117554844,110.22911768203124,0.0,20.41988965419258,686.1696678353907,1.0,20.41988965419258,79.76910187078427,2.857142857142857,18.397546555555557,1.5698825816666668,661.9472549586011,662.1195185040797,662.4960584921556,662.8647795200662,663.0238624488086,663.3775238689183,663.533721899998,665.3323264425522,667.1783123334441,668.8433406323162,670.4748610918657,672.0950901684275,5.996276012919808,5.934071530356363,6.026104468137859,6.149949259860303,6.282224412605525,6.326769647289524,7.71539033646818,9.124749243174426,10.57967798321034,10.854311612769026,12.364904179662686,13.926595766190914,39.43892352677269,90.0,0.4323723408103792,2.08484066209814
2021-10-04 08:00:00-07:00,900.3825833333334,53.74282,0.2852725355277477,7.5,452.7696726797983,29.735123661160756,63.693379315751315,121.82671750912841,0.0,153.11469532625767,884.590610741354,1.0,153.11469532625767,125.03059220785696,2.590033383582858,20.81456766666667,1.8612406666666668,845.7870836260744,846.2953034357671,846.7465666947123,846.827826141636,847.4133805373228,847.9653138353334,848.0310213712182,848.2243653595724,850.4259046163522,855.2613829140857,857.6006495483816,859.8957999435132,73.34147974542162,67.27995531050892,61.37656780720528,54.72433210464855,49.86850290996431,44.13080260724156,40.558588520576635,38.88114033770377,37.98945548392541,38.45353145603811,38.74892421726967,39.534983660437945,50.0,90.0,0.366977778440511,2.214355247456318
2021-10-04 09:00:00-07:00,956.8054166666666,59.55492666666667,0.2712798527141886,8.5,612.3407498010781,35.80203415375786,54.708179338628945,135.78285181555253,0.0,318.28022791577007,876.5958117933565,1.0,318.28022791577007,159.44387344473523,1.7970124718764087,22.0342625,1.7953597983333334,842.1794344443772,841.8954357973265,841.609280727927,841.4631036341355,841.3803987436465,841.6790043831452,841.2898262415932,841.177191994437,845.181186582178,846.9828828986216,849.4670387475231,851.4184773401989,85.65828732424053,76.1033638020249,66.51615264439936,59.870073087694784,54.78906840618058,50.582863255761545,47.848179913770245,47.08344748869164,47.27365835935831,49.2972035404153,51.55363586838691,54.26772933012406,44.574102177455636,90.0,0.39908442805590094,2.1447995091226884
2021-10-04 10:00:00-07:00,993.42335,61.705511666666666,0.2603722234335696,9.5,726.708693763799,41.419326942428256,47.978792502919454,152.93868757098357,0.0,445.10759235005975,825.8921007249656,1.0,445.10759235005975,188.49744374163464,1.3851195510992511,23.508723777777774,1.9171728716666665,803.1350073050587,803.2545840746855,803.3377304972071,803.1090997712831,803.3436140096827,803.1008593558807,804.7668817614519,805.9053262390534,807.2702349084309,808.3768134126406,809.7737087767896,810.8625484352002,99.31952320422083,89.13324139248995,80.48250647666563,74.34125057069855,69.57258744149443,67.68689318610325,66.37002189986994,67.3270991694047,69.79312066413243,72.80492561564502,76.42841935068326,80.35074222740083,26.78876415488904,90.00000085377364,0.5246487531408883,1.9644686376449627
2021-10-04 11:00:00-07:00,1008.8641666666666,62.69147333333333,0.2672665748911101,10.5,780.9097489498158,44.20812108544368,44.60964756089837,173.15461299765627,0.0,507.34112810777583,788.5784451315354,1.0,507.34112810777583,210.0359247933472,1.0882066147884133,24.35924783333333,2.322926876666666,777.7133792587314,777.654510662463,777.5462953988834,777.9318691756727,777.9339141623725,777.7819166710325,778.16654906416,778.1655375440757,777.9242957560397,777.9239099799506,778.3088313497299,778.3084856750935,110.40943448018027,101.73719404862841,94.24441633400886,88.25818232653027,83.82232474357738,81.60872512902385,81.30159610798064,82.89839154144765,86.28194968225742,91.06738286224328,97.3872021735327,104.44596344435205,6.705900212304942,90.0,0.6916134943309626,1.8639842274048692
2021-10-04 12:00:00-07:00,1003.8618,64.46222333333334,0.257922099499547,11.5,769.5141094543824,43.60431725348446,45.384987590569956,194.33646997110802,0.0,492.8356438960454,798.8690145678631,1.0,492.8356438960454,200.13292332373447,1.1886908306934507,25.086018444444445,2.1067243116666665,787.2602008176274,786.7092953908934,786.6856547262202,786.0724792452603,786.2348423638712,785.5862096261702,785.5878667412545,784.8401137942597,784.2406902456132,784.253891784374,783.6106395356506,783.4855170275882,94.13068834090905,88.57719159043371,83.47124826254749,79.87244789700424,77.08677761523015,76.46589218419825,77.10989808531134,79.91272214382114,84.16537129279575,90.96757019803302,98.80389760162923,108.49684147292064,14.0883199518308,270.0,0.628291353411311,1.8872211998002664
2021-10-04 13:00:00-07:00,972.5956,65.75970666666666,0.2656187832358684,12.5,689.5277292966123,39.74123664504476,50.10791397316952,213.56497898306094,0.0,403.2767969310733,841.2947373732856,1.0,403.2767969310733,180.9199899259657,1.5125758487861214,25.3799195,2.109405793333333,823.3268625407236,821.9606069023561,820.2350778026176,816.9923581786527,815.2921032028257,813.1939954293182,813.249749472022,813.4645664135824,813.6177928567514,813.1280715201215,813.4095446380046,813.2170120548099,70.77874586217153,67.74173193894492,64.70670929958912,63.02431481021354,61.26357537076879,61.06395679478135,62.11181637670116,64.60754334013512,69.54698038217866,76.48581264167217,85.53017114534,95.70953732960545,33.48166611488177,270.0,0.47416493763961326,2.023080465297639
2021-10-04 14:00:00-07:00,927.5182666666666,62.768725,0.2717476868264966,13.5,557.2003343519905,33.34521216158977,57.78692237767197,229.48405277202667,0.0,259.71053385185866,885.990404673438,1.0,259.71053385185866,145.11121564730522,2.0098992860033413,25.373051166666663,2.336834245,858.2610240770508,855.8971015313847,853.5047364779696,848.4037685669007,845.9876523520234,846.0363460504375,846.3841277380842,846.3746025990002,846.0169220371452,846.5024537344627,846.6112065306997,846.7222810029027,48.070222636734556,45.587845180199594,43.507286486178074,41.28470414179931,40.30239324272894,40.65518477673883,43.42858056887799,48.074960866715934,52.36863574471088,59.63814220826296,67.14122585421508,75.57173587060853,50.0,270.0,0.366977778440511,2.214355247456318
2021-10-04 15:00:00-07:00,847.1386,55.04675666666667,0.2544932196610986,14.5,381.10165394061113,29.038856113890198,67.36310890766075,242.4552559649478,0.0,93.66531175181721,844.0406423976887,1.0,93.66531175181721,99.0375206798942,2.857142857142857,25.378873944444443,1.7900629316666667,824.0610837923247,821.7323010589605,819.3630262682934,814.5930216983297,812.2923621453642,811.8851165638193,811.6475637888681,811.1150023425062,810.5849448258036,810.3820677523915,809.9118203911679,809.3593638962768,33.713744921545015,32.85587233765972,32.296639484085475,31.65312271818071,31.668584575397638,31.932473424814603,33.81502505618566,36.1881805523643,37.80364596034866,38.94230737499842,38.70021716307888,36.85611783234227,50.0,270.0,0.366977778440511,2.214355247456318
2021-10-04 16:00:00-07:00,664.8554333333334,40.38760166666667,0.1880891985407,15.5,177.94463111352417,53.76232558504811,78.05939148328054,253.41963484923517,4.293173342827002e-09,17.43352066288801,464.81395885446716,1.0,17.43352066288801,38.09283164180537,2.857142857142857,24.917308611111118,1.202702465,443.8733570762576,444.0009369619029,444.1158320776782,444.34335204916863,444.45755203058104,444.55704381849745,445.54677530949164,446.4911099050741,447.4059747289768,448.27626428802967,449.1926597166307,450.0266612168707,3.071173178975015,3.0833360864595862,3.5732156939589257,3.6626021693756674,3.6739637980364863,4.338952771504878,4.883720138993621,5.093867258649483,5.646404526185446,5.905208871953025,6.71327722453605,7.2664255144058565,25.553782648633756,269.9999987925817,0.5343209251744147,1.9549620843874642
2021-10-04 17:00:00-07:00,97.6592516,10.775208883333333,0.1973085131208532,16.5,15.445478964124867,82.14685079330617,87.25895029309534,261.52456078595105,0.0,4.508707918881565,26.497573586125135,1.0,4.508707918881565,3.315695686338883,2.857142857142857,21.19622833333333,0.9707531983333334,17.41433592604907,17.41433608523281,17.454034498501,17.39460088872341,17.394600958084272,17.394600927040134,17.394600805342584,17.427882158437594,17.36844806485757,17.36844850345522,17.368448764975398,17.334856259358332,0.8209713938193723,0.8034269531066354,0.7886673113893617,0.776149939963145,0.7665040779188967,0.7462243853643186,0.7437934089276942,0.7452689238782472,0.7507274500988412,0.7601196765321875,0.7744205351503003,0.790922115659727,5.168944761230077,270.0,0.7049536092664608,1.8612094804918258
2021-10-05 06:00:00-07:00,363.77695485,22.440853333333333,0.346955543898667,5.5,51.9114462545103,76.61665195512309,85.35321561451221,100.38044139254686,3.992981251909069e-09,11.02783466381205,116.36293291601262,1.0,11.02783466381205,18.89490153439643,2.857142857142857,10.296639116666666,0.6000699603333334,88.97587153665793,88.97580673696697,89.12890781351841,89.12896626621253,89.26592714412054,89.26588769906343,89.26379543030127,89.38255313490221,89.38256886570635,89.38261501470734,89.48392758832765,89.48393343799947,3.440989729180475,3.37378417770036,3.316597535254076,3.282607731592731,3.2659252660903175,3.273381327303636,3.3515225689979844,3.3837848852313304,3.42956263616206,3.4855900999685425,3.6335114886787596,3.7014648646988455,8.885001356913524,90.00000190909591,0.672774121444511,1.8691425258041823
2021-10-05 07:00:00-07:00,742.4228,46.26367333333334,0.3002702674053935,6.5,247.71156886963726,39.172032457002146,74.25606854092392,110.57198327671335,5.7490752938588464e-09,18.810403166186486,669.6835405285676,1.0,18.810403166186486,77.81382044536295,2.8571428571428568,16.3077395,0.6278631766666666,646.1974049599135,646.5472237344071,646.8910605424061,647.0463846963175,647.3705475476958,647.5469925075627,647.8583622233252,649.5296475518046,651.1663697803044,652.8501689726799,654.3826073371685,655.8807431526279,5.472661249417144,5.513675317941086,5.595490357500108,5.583174375153538,5.719678616731128,5.871387800170809,7.190000368618297,8.36885617866953,9.714409574460337,11.109986986085655,11.402080452667308,12.849586049877281,38.708701699612114,90.00000120741828,0.437319412163653,2.0768074164756616
2021-10-05 08:00:00-07:00,876.5423499999999,57.72216,0.2878417366939675,7.5,442.860570932325,30.126590517035368,63.93543534222716,122.17013420237221,0.0,151.06274094627295,866.0664875178205,1.0,151.06274094627295,124.68075478941564,2.603562063763999,17.705880333333333,1.637960785,826.5557814482158,827.1017772094426,827.5913443799379,827.6918331871183,828.3117149077239,828.8973457766701,828.9814174048668,829.2155377055129,831.5357670236093,836.5964695365633,839.0445704902922,841.4470989544301,72.57610043025385,66.65487149674072,60.89360655064651,54.39967285966769,49.669433584242896,44.07492950979291,40.6009437386934,39.10059819582173,38.37148677187996,38.97408802307308,39.410867635300434,40.32979628139542,50.0,90.0,0.366977778440511,2.214355247456318
2021-10-05 09:00:00-07:00,941.90245,64.01561833333334,0.2738095889644945,8.5,604.3659154838583,36.17900038097241,54.99277820287315,136.1122153692353,0.0,314.7024387865668,866.2953066905826,1.0,314.7024387865668,159.81934775996694,1.8012166816853639,19.72529711111111,1.510845055,830.7171625257956,830.4829453968287,830.2365132605003,830.1009036008612,830.0707383442699,830.4050228567907,830.0217365401212,829.7027799061241,834.1794319892371,836.114197358712,838.6465855319149,840.7888827001874,85.57804553238707,74.93521533344213,66.61417876081,60.03495633661378,54.08353714690979,50.87364489059594,48.18337683823798,47.54358486600589,47.84564793650019,49.98928367653582,52.344971992353166,55.15405154052541,44.70616512286341,90.0,0.39826440901752014,2.146419073845279
2021-10-05 10:00:00-07:00,979.2235333333332,66.34969,0.2628127768756096,9.5,717.5912451643544,41.80904487915933,48.31313784068713,153.2128284025223,0.0,432.88995157154346,815.9547337973734,1.0,432.88995157154346,188.42878439465812,1.3860530427189068,22.18313733333333,1.76117335,792.2925680748016,792.4241439365229,792.5397583094656,792.3388275924839,792.5825462964551,792.361310425254,794.1116512144605,795.3333653952917,796.773627011959,797.9648194525822,799.4302915412915,800.5923108646718,98.51885362255653,88.29083920301879,79.5881816827725,73.42755490932123,68.5479804565992,66.60643834357417,65.13054556544019,65.9550191126117,68.32347580507455,71.17263487105463,74.66173092946234,78.48793713818297,26.842289605824273,90.0,0.5242318854823618,1.9648900712864037
2021-10-05 11:00:00-07:00,991.3234,67.62586833333333,0.2581683291919018,10.5,768.7702894088615,44.59717900924053,44.98586396609778,173.3094438718472,0.0,499.42714988571475,776.2693712505328,1.0,499.42714988571475,199.93761270793752,1.0873598476472977,23.63117155555556,2.0424546616666666,765.0760250177849,765.0200421874392,764.9068578511506,765.3131994010926,765.1540227055685,765.155432444271,765.5611867080083,765.5185713621551,765.31101763584,765.310615527572,765.7165009762336,765.7161758351303,105.04631759049815,96.83042010014078,89.72865177986208,84.05575100447106,79.74711905167028,77.7614212567939,77.4690693284243,78.92779214001398,82.19019862994895,86.72826075177971,92.71944129152938,99.43417548328215,6.642152448172202,90.0,0.6921660286597471,1.8638549195154746
2021-10-05 12:00:00-07:00,987.9367666666666,68.29305833333333,0.2600995072955225,11.5,757.3366969554287,43.97238509956555,45.77664862245323,194.33578953935447,0.0,485.0723701687466,787.0825722868512,1.0,485.0723701687466,198.86071195695314,1.1912988293623592,25.195273111111117,2.5391680166666664,775.0834588053921,774.5156317890705,774.4907883567613,773.8445907262234,774.005961221766,773.3298794965426,773.4219641111862,772.7177957949752,771.9166547717195,771.8989707901902,771.2540577268854,771.1199903199133,93.59568086984613,88.14121465541766,83.04719670637257,79.51300800908899,76.97227498593122,75.77190193587015,76.7474586148831,79.46523116284044,83.65584847920852,90.3838447164364,98.1333726639036,107.72529703500933,14.273780252750797,270.0,0.6267222274968746,1.8880141952889882
2021-10-05 13:00:00-07:00,935.4450166666668,75.86322,0.267987265077137,12.5,671.037778652798,40.074262563336916,50.48742883186687,213.43946867877963,0.0,393.11816621840677,820.6055029820893,1.0,393.11816621840677,179.16743911012153,1.5182192123230596,25.912971055555555,2.6479859,802.3576871568157,800.813288401436,799.2433836673526,795.3251205453636,793.4623212038787,791.3095705867361,791.1416561091455,791.3392273653058,791.1781167231491,791.3162871688321,790.8414901817947,790.8570589905851,71.18848488178487,67.62975035326406,65.3019149424731,62.61893435378455,61.29640355770469,61.03888834872638,61.24719021484429,64.1177164831593,68.85650325628127,75.72968400683956,84.40154142917835,94.26880686087084,33.75026261185448,270.0,0.47221297799694684,2.0256757912727164
2021-10-05 14:00:00-07:00,886.4014166666667,73.04135166666667,0.2728557269554699,13.5,540.8983772032003,33.646480876382476,58.14197748093539,229.28932749599315,0.0,253.95481395437895,861.0173233916566,1.0,253.95481395437895,144.37154532219887,2.0248364243977006,26.5274745,2.6310960166666666,833.4060248838009,830.7898424824641,828.1368277019225,822.5063015691404,819.8484687468022,819.7687045293185,820.035834820966,819.86864162696,819.3913479081781,819.7837076148162,819.7480887742214,819.7100882068363,50.148350485121014,47.59051319717445,45.4571450830831,43.198741130059176,42.20334125929321,42.45179152449938,45.32732316911624,50.068426464211825,54.33752878155189,61.45937693955267,68.59972407327835,76.47930288269576,50.0,270.0,0.366977778440511,2.214355247456318
2021-10-05 15:00:00-07:00,820.0445333333333,59.92825166666667,0.2517885710909157,14.5,371.1736893589078,29.417822230385084,67.69437474028177,242.22946905674,0.0,90.21417473385432,833.4877654022215,1.0,90.21417473385432,95.9258401765174,2.857142857142857,26.09661838888889,3.068732983333333,814.0786317018623,811.7136908790178,809.3072056866641,804.4810237515815,802.1341195000723,801.7491698799047,801.5316729910725,801.0381487973573,800.5665725545549,800.3694866917261,799.9475944243292,799.4364830409064,33.14229928667293,32.23561544321255,31.603265185873777,30.890441680842827,30.761258183971226,30.82323362348655,32.523169825458396,34.56400022296041,35.8410340324899,36.538342940189175,35.8685400220657,33.69718332772053,50.0,270.0,0.366977778440511,2.214355247456318
2021-10-05 16:00:00-07:00,614.9222833333333,43.428125,0.1817727249191419,15.5,167.35910564111143,54.84247080322442,78.37301490930129,253.18035966848916,3.108624468950437e-16,19.437422055112325,428.51848663267856,1.0,19.437422055112325,35.28678777201854,2.857142857142857,24.62544272222222,1.9563479183333328,413.60359721454324,412.77784210935806,411.9135009750558,411.0233870725769,410.12148002889677,410.08670040407503,409.1076159857413,408.1009645826072,407.98703779432907,407.7313618154125,407.60578846889194,407.46785352807603,7.36272338439909,6.830146990748498,6.035217119469678,5.983727814122541,5.236806630799179,5.017346528880038,4.4965909443714756,4.335262200750139,3.842113284477877,3.7439017050303645,3.290414572444334,3.338852449675159,24.770433643685585,270.0,0.5405082070168328,1.9491490495148585
2021-10-05 17:00:00-07:00,51.06746365,10.076162316666666,0.183121413502715,16.5,12.416202596259776,82.47715397178435,87.37364289996971,261.117907095932,0.0,4.69447095451158,18.285197452496238,1.0,4.69447095451158,2.431809098778305,2.857142857142857,21.87623177777778,1.6688666383333337,12.830651560901366,12.830651711345784,12.830651854385321,12.81789320278825,12.817893232808249,12.817893171838438,12.8178930452315,12.817892926507392,12.800858290528208,12.801049045886643,12.801049298511881,12.801049573938165,0.7828157625556206,0.7669838138210715,0.7526691954417923,0.7317925518350406,0.7219676116707704,0.7160711501773572,0.7137334866130934,0.7151803765582324,0.7204830218659611,0.7305314583678257,0.7434120681721156,0.7593470108032545,4.956306593021392,270.0,0.7068019872174436,1.8608819842955129
2021-10-06 06:00:00-07:00,360.8774041666667,27.432343666666668,0.3287692523125241,5.5,56.632424229956655,76.63325654608848,85.35888822137069,100.88332722268535,5.30132939178927e-09,13.319052514147954,122.83558283677192,1.0,13.319052514147954,19.43560732702057,2.857142857142857,10.77138733888889,0.790682432,94.47062016274621,94.47054682634713,94.6147128203185,94.61477965049784,94.74418657295928,94.74414132463181,94.74174686357365,94.85394846414339,94.85396677161845,94.85401965665672,94.9497511678974,94.94975764997986,3.9101682883314437,3.8332519685286184,3.7678467677854135,3.728944336309845,3.709851380201821,3.71642695236009,3.794112042128601,3.831027689355104,3.883476646504857,3.9475856059898815,4.100002870477214,4.177761756057462,8.88882032226811,90.00000241483653,0.6727411947664265,1.8691528227520628
2021-10-06 07:00:00-07:00,703.7237166666667,69.44799666666667,0.2996088359973125,6.5,257.8791834930968,40.08969698470789,74.46880330121604,110.91217103090145,0.0,29.716115552923988,667.3448245074105,1.0,29.716115552923988,82.56355304774854,2.857142857142857,16.093191333333333,0.9851652508333332,641.4488154344476,642.0412552259854,642.5779764840394,642.8176035470597,643.3226095023549,643.5532985663581,644.0386198932356,645.8283713060616,647.6162305930601,649.3280066884997,651.0032844511736,652.6755378410027,8.627490714366491,8.53487818514861,8.656408260897967,8.828869435331328,8.875184050452601,9.106840836207612,10.528206687464602,12.01974487426174,13.514100560805554,15.065683841763288,16.6302981260152,16.654543041911147,37.99265078374543,90.0,0.4422198031593321,2.069053140339701
2021-10-06 08:00:00-07:00,878.5132333333333,60.86088,0.2888587340312114,7.5,443.5121800597874,30.5166869099692,64.17862686588207,122.50997982689474,0.0,148.03582099875848,869.1502755725921,1.0,148.03582099875848,125.98435130211845,2.6174028491807015,19.214299944444445,1.3109198616666666,828.6990278069135,829.2687408122779,829.7911351752483,829.90975565676,830.5590496456829,831.1655072472666,831.2808999689568,831.5412033667388,833.9415717519736,839.1686905187745,841.6935939004816,844.1722198656544,72.82296150026231,66.9354812878916,61.187353644724396,54.72498613368594,49.97299586243149,44.37642562413722,40.938583442559214,39.49305536482556,38.798716270863494,39.44904989512359,39.939358618297256,40.91067569494512,50.0,90.0,0.366977778440511,2.214355247456318
2021-10-06 09:00:00-07:00,934.9610166666666,66.22463,0.2749755049302922,8.5,598.7699390193196,36.55414871473295,55.27829546203673,136.43689577100497,0.0,312.1042501401193,859.7509877511961,1.0,312.1042501401193,159.52580614113904,1.8055283434815257,21.54617161111111,2.53599735,823.5085049126686,823.3037437196006,822.7925077112509,822.9443153433928,822.9482129001515,823.0322305943912,822.9150542680244,822.6096918598107,827.2062764958578,829.6034684288094,831.8022216054695,834.0054559190237,85.31521346540545,74.7518862052974,66.65973897910293,59.971300839051466,54.094728544509124,50.907240130662046,47.46210877758966,47.678585217016774,48.03764910426816,49.64417951103177,52.649578278636575,55.49776070253327,44.8408017399035,90.0,0.3974303329487567,2.1480740879099276
2021-10-06 10:00:00-07:00,817.7422826666666,127.22827666666667,0.2637410190186955,9.5,667.4995616154038,42.1972678612594,48.64774993904634,153.481550519989,0.0,404.2761366541485,760.0114966366,1.0,404.2761366541485,182.24614936078277,1.3870302816351816,24.885028388888887,2.12255503,730.8657084691204,730.8110354114838,731.1585185724704,731.0927863999239,731.4304541678375,731.3383820142503,733.9834021877709,736.1066051003497,738.4002383412603,740.4297241031197,742.6750119604503,744.5984757140031,92.5096496585051,83.33239033789928,75.50247468705592,70.62555419208745,66.26579003768529,65.25982475080404,63.97681824854591,65.49439175818436,68.23979117433912,71.07507680708724,75.05031157149077,79.76115066155104,26.898250125776592,90.0,0.5237962636735242,1.9653315101149285
2021-10-06 11:00:00-07:00,617.8105721666667,251.3240166666667,0.2590700313139777,10.5,685.4177614585675,44.985051934784195,45.361412204364925,173.4597582251779,0.0,444.5473169060741,692.3094212492509,1.0,444.5473169060741,180.46155874386469,1.0865321623000472,26.310921333333333,2.511311001666667,677.2005614019542,677.0859895121307,677.0854680741805,677.7077023785805,677.5112265470062,677.5123442562829,678.1343278948004,678.0963870581872,677.8184360160466,677.8180815571702,678.4400795520863,678.4397807185672,94.89652681332338,88.33375260804702,82.68120622625655,78.1887033343496,74.79785241891338,73.37699000963038,73.21029616423301,74.44393168251507,77.13197259717155,80.83171857014271,85.4225153466819,91.00049697933214,6.579823441111146,90.0,0.6927063351237639,1.8637296783193638
2021-10-06 12:00:00-07:00,341.9788946666667,288.5759333333333,0.2598213706344385,11.5,525.4165303845233,44.339401929573,46.16697288240294,194.33308619871352,0.0,338.08970084309385,539.8846364670188,1.0,338.08970084309385,140.85355308753645,1.1939085165865349,26.269399611111112,2.51066687,519.8596734735884,520.3492335125965,521.3551070297149,521.7085897754633,522.7010397003473,523.306147642023,523.5197478287403,524.21189252193,524.3485678055567,524.9632450335052,525.0484477862278,525.744871515587,75.16992165901001,70.62986562700046,66.15071105466497,63.42588327973728,60.971531046928135,60.126665647940676,59.82090352082486,60.941320565551244,62.58508071989804,64.68561433447915,67.8736029059417,71.02611581537674,14.458983072765058,269.9999977411273,0.6251565689963746,1.8888162227157275
2021-10-06 13:00:00-07:00,13.043690666666668,285.8862833333333,0.2572708049056247,12.5,294.1187314765529,40.40630394584648,50.86541880185109,213.31390781299476,0.0,193.10473526323324,279.91574429335014,1.0,193.10473526323324,81.60893659630783,1.5239118034411867,24.509829944444444,2.4350809033333336,255.6134777046788,258.5089587611479,261.305074482955,262.5318064204354,263.79032871611156,266.33640032556195,267.68474584349207,267.2437077393995,266.7969138611554,264.8873790286199,265.8136182885213,265.5521951663596,47.67929343235963,46.452699936239576,46.19280280149665,45.756909992918736,46.47060611680932,46.24313493024097,46.53751017598687,46.641202905638025,46.858230121916684,47.03032701882792,47.05731980527999,47.05228696506393,34.01892746307494,269.9999982924527,0.4702666286723,2.0282900572666933
2021-10-06 14:00:00-07:00,40.76451983333333,251.31591666666665,0.2584187553614875,13.5,272.6180558626448,33.94926328366642,58.49548959392534,229.09519056383502,0.0,169.45426899642626,289.3049086456823,1.0,169.45426899642626,88.24664231020606,2.039954883495577,22.719195777777777,2.6700837133333333,273.0705975757008,272.7736202491714,272.4713480682287,271.63659462743954,271.32849067255563,268.77515090839853,267.66166268141313,265.0520332811184,262.32552482162544,261.16202224381175,258.43391113099676,255.66507823253386,53.3900015888453,53.053745417242666,52.746891179327,52.28009530722988,52.0813260472864,52.03996348379644,51.25463977336497,50.78795307678334,50.21426840892017,50.302303738712574,50.41857027872499,50.884518781440164,50.0,270.0,0.366977778440511,2.214355247456318
2021-10-06 15:00:00-07:00,51.13071528333333,195.43400000000003,0.2574854743266307,14.5,214.5680220045487,29.79613986984029,68.0240257973907,242.00417699919302,0.0,117.57922347410253,271.78827377695666,1.0,117.57922347410253,68.76313813552106,2.857142857142857,22.797332944444445,1.9169142916666664,258.8991347039354,258.72098026019836,258.5380843804239,258.03635228324947,257.8689683847883,255.81779771700292,254.88264939793083,252.78107180852155,250.62815796138204,249.64230075276893,247.44713951852043,245.2036622146651,40.980127939323154,41.01282464522304,41.063683981496474,40.98800305109718,41.07455630129772,41.17010284336894,40.519866059444645,39.95407067129608,39.219766441435915,38.564914828582445,37.687126414838,36.74391104851439,50.0,270.0,0.366977778440511,2.214355247456318
2021-10-06 16:00:00-07:00,29.70932171666667,85.14712,0.2528329635151638,15.5,90.97624113670756,55.903662373452185,78.68486784753945,252.941240533857,4.3989185655964134e-09,48.716804345875204,119.38236436107854,1.0,48.716804345875204,23.876040968995287,2.857142857142857,22.335858055555555,1.6374911466666666,112.17808292863168,112.47764987251577,112.77618754098012,113.39554599405741,113.66352372510599,113.70712220979709,113.71892446169568,113.7634476598337,113.73494448770029,113.77189928144284,113.78381049085039,113.82149272710771,10.999483654090358,10.819206872791815,10.71786017226088,10.688066573899226,10.746525071085435,10.818456253278699,10.952917410654724,11.090689737772745,11.257127047805545,11.41552967635663,11.613717537629261,11.801401848536312,24.00440582027266,269.9999987925817,0.5465965550356598,1.9436286786505064
2021-10-06 17:00:00-07:00,0.2688611666666666,8.473990333333333,0.2389387270550283,16.5,8.48488943200444,83.34890859555153,87.67670606922555,260.8721522141931,6.612951298346497e-09,5.431442747788154,8.492736086593032,1.0,5.431442747788154,0.012394501012500128,2.857142857142857,20.420774722222223,1.89067373,8.016836582425974,8.020422737504038,8.020422737504038,8.020422711118313,8.02042268487224,8.023108756366486,8.023108918426932,8.023109078474842,8.02310916397965,8.02292549955273,8.02292549955273,8.024809162713797,1.1344430645897496,1.1082567193637225,1.0887790833796782,1.0755970035029516,1.067021205326873,1.0642891536585044,1.0673330762734627,1.0764499387111555,1.090266253187192,1.1082730342002816,1.129749994451743,1.1555326466977154,4.383586444490996,269.9999963777452,0.7117833006515295,1.8600681680830884
2021-10-07 06:00:00-07:00,223.886285,33.033763,0.3375237460193812,5.5,50.388438937940904,77.20443002663568,85.5542244401773,101.22107210584944,1.4765966227514561e-15,16.482026318552837,94.53995912365289,1.0,16.482026318552837,17.546574663305,2.857142857142857,13.440197444444443,1.424363935,73.72074616950822,73.73269400367317,73.82968215566761,73.8287536022809,73.92573023993721,73.90893426543349,73.90889208707443,74.00579915375886,73.97977333603798,73.9798223521782,74.07683901314613,74.07450246655029,4.86593935337974,4.800133674460545,4.72496906466668,4.673584210555683,4.642827664664967,4.6483919149499044,4.673592916950283,4.761938158908687,4.826493359813067,4.910097575272864,5.006093541158168,5.108342061284458,8.51566855440114,90.0,0.6759600651728744,1.8681674518858913
2021-10-07 07:00:00-07:00,199.68429716666665,83.92638666666667,0.2832939532077356,6.5,136.67637189498083,40.99536588979229,74.68254322315168,111.24956575645575,0.0,43.75473340790887,270.10165124002907,1.0,43.75473340790887,44.235890362497,2.857142857142857,16.080283166666668,1.1682689833333333,254.53983630304324,255.3366400308663,256.1216560549501,256.4713722987507,257.21070656121003,257.5452439879711,257.932368060223,259.1208755787258,259.91706757768014,260.6951171595138,261.5039111209859,262.2493155678571,12.006510868635692,12.09852072300467,12.04182969551223,12.285500932013155,12.594404294544344,12.89846184946685,13.395752768876536,14.175419921968057,14.921599252863919,15.7029594756188,16.465482701463507,16.86245540230026,37.28969625605587,90.0,0.44707733145746886,2.0615604116777204
2021-10-07 08:00:00-07:00,648.5827556666667,97.99471666666666,0.2810429834344525,7.5,378.0043802063974,30.90529539709977,64.42289034867142,122.8461471231351,0.0,136.94060686429168,725.2280184253387,1.0,136.94060686429168,112.73232291441606,2.6315655578924213,18.595336555555555,1.3082179455,684.2386483527109,685.0056356732731,685.724327722005,685.9567578771446,686.7714365270358,687.548497555952,687.7695360652411,688.269333646511,691.2095017046452,697.3712385397065,700.3615548810783,703.3000203176582,62.73715641331266,58.39307872712808,54.14069108992384,49.27762495672466,45.71407772766919,41.4301296652417,38.82809201120519,38.51438557045391,38.77991303401273,40.15489140995135,41.39649818221511,43.020983639417416,50.0,90.0,0.366977778440511,2.214355247456318
2021-10-07 09:00:00-07:00,939.8813666666666,79.38975666666667,0.2773009532150822,8.5,610.8701838599262,36.92734550283428,55.564642586197415,136.75681196507725,0.0,319.71598220927785,876.2302574876065,1.0,319.71598220927785,166.05288780868023,1.8099509854801998,21.45978655555556,1.8092458316666664,836.7441176552549,836.6456129090795,836.1693391383217,836.4146697376964,836.5312980312575,836.6458226728664,836.6210931156531,836.354861765838,841.508748724385,844.1979502382501,846.6615076789094,849.0857907075015,87.06323975253105,77.57344678077328,69.38868461021468,62.59009998638839,56.67934957462244,53.4763852922603,50.01970308770461,50.44759616023553,51.011934368607854,52.87158532428285,56.135761686797544,59.23621964015962,44.97806732418631,90.0,0.39658197462824785,2.1497654491283473
2021-10-07 10:00:00-07:00,982.5058166666666,67.06843666666667,0.2653729780610295,9.5,711.8764392023011,42.583870929715886,48.98252007550897,153.74482205114145,0.0,429.5056329988742,810.4242984333034,1.0,429.5056329988742,188.83165081634758,1.3880530601366141,22.239743166666667,2.32681078,786.3248281983834,786.1348733506363,786.250199445407,786.3542122449269,786.2975290980991,786.0839900798995,787.8487509063531,789.0910379263291,790.5483723183665,791.7688580236459,793.2534702620741,794.4335420151697,98.72741775543157,88.47896084292557,79.78204889536202,73.63223441567207,68.74326320618134,66.83669054001948,65.34783446376728,66.18923319215823,68.9045773249859,71.43975357273348,74.90715973405881,79.17368934562559,26.956738151910727,90.00000085377364,0.523341197251141,1.965793796142726
2021-10-07 11:00:00-07:00,995.5563,64.59690166666667,0.2601468062267678,10.5,759.4586147895268,45.37163095458257,45.736176989151325,173.60555476485888,0.0,493.3820920782411,766.6272530561719,1.0,493.3820920782411,198.97558883097417,1.0857250956667728,22.2745455,3.156577,754.9299594054484,754.8184745517847,755.2153466027586,755.2153637122601,755.0591457011442,755.060525910172,755.4160593675147,755.4155702291924,755.212019817924,755.2115500751947,755.6089515089768,755.6086169090383,104.57518295862232,96.39625429982387,89.31504213626748,83.66008226842865,79.35788069291671,77.25682343336533,77.06913919917952,78.50830811494068,81.76313443283279,86.28388213530143,91.9296305761173,98.79684525715732,6.519025473687203,90.0000045177455,0.6932334349164497,1.8636086461795607
2021-10-07 12:00:00-07:00,985.4547333333334,66.33410333333333,0.2616490620969274,11.5,743.9793578572442,44.70528016392031,46.555842962612175,194.32833553417225,0.0,476.52954912720884,774.713471445233,1.0,476.52954912720884,196.49832481722873,1.19651820525337,22.760234277777776,2.7801085533333336,762.3059566723455,761.4896983007455,761.6750435844388,760.9693238254233,761.1238331691266,760.3150906550622,760.5729067400953,759.7451298725005,758.9162474886502,759.0866380416286,758.1810049604965,758.0364350226986,92.48859047397703,87.12822162502182,82.41268380468414,78.62678353481431,75.92519699526541,75.1191483690224,75.90463302950526,77.94078785613803,82.81884571688985,88.51055980355049,96.95028965696089,105.52920441232082,14.643811434676117,270.0,0.6235953765203925,1.8896267153385384
2021-10-07 13:00:00-07:00,954.8677333333331,67.72316,0.2696075974472984,12.5,665.5043785947589,40.737292495403004,51.24175996451182,213.188257174503,0.0,383.2464145757448,819.9164005072562,1.0,383.2464145757448,177.5622556895824,1.5296517981657134,23.414298944444447,2.2014889666666666,790.4851337081083,790.6469527288893,790.444613280389,790.4721656342698,790.4239271859223,790.5432884996247,790.5673308270653,792.4269702510101,794.5245647820169,796.0626578407886,799.4634244320349,801.2519229777779,92.56422688150502,82.50015775061343,73.74721601118125,66.88417786406981,62.03151692588466,59.74837791338405,57.68585904063858,58.85332079546592,60.500543180739754,62.4200908801116,65.41489810724369,68.34870815277867,34.287536393198536,269.9999987925817,0.46832683318085233,2.0309219978223663
2021-10-07 14:00:00-07:00,862.89975,73.39762833333334,0.2720510785090665,13.5,519.7931334404645,34.25341531153476,58.84733050628244,228.90161875281245,0.0,239.82920850963893,836.0607300724018,1.0,239.82920850963893,139.4393649105206,2.0552523773223133,23.774127611111112,2.074120475,809.0859801538269,806.4423845648851,803.7613081668244,798.0816217953217,795.3859160501034,795.2620988197307,795.486995395267,795.2494149796354,794.7462219717248,795.0747240320559,794.9736871898838,794.8776171272588,48.46859362808951,45.94359829469661,43.8175228575612,41.57098703525111,40.53604989149265,40.64106778473809,43.418794052128774,47.989794815528114,52.09293970610452,58.89518310598549,65.72268745981557,73.26083517012047,50.0,270.0,0.366977778440511,2.214355247456318
2021-10-07 15:00:00-07:00,455.9576866666667,86.95870833333333,0.2476038911487251,14.5,255.1635162462794,30.173679991578325,68.35193384534126,241.77937826124833,0.0,71.08258020936724,547.9594792256623,1.0,71.08258020936724,74.9773369534125,2.857142857142857,23.09567172222222,1.3149832199999998,533.2308760307329,530.6041284770915,527.9389119429864,522.5229303967918,519.8362362697865,519.1748202817605,518.8681294597679,518.164177589275,517.479489570625,517.1532776506716,516.4750746701568,515.7269704741949,32.180877501946995,30.434491613858864,28.825560551746623,27.1666743230568,25.799391153781517,24.49999714901303,25.05174610643885,25.640174258742103,25.773445766314726,25.494142714641782,24.480377734177637,22.804789755672452,50.0,270.0,0.366977778440511,2.214355247456318
2021-10-07 16:00:00-07:00,0.6245237666666666,52.54650166666667,0.2515352979876521,15.5,52.66572180421448,56.9464981673698,78.99482365297553,252.7022920534085,2.331468351712828e-16,33.911868627022436,51.85159699018884,1.0,33.911868627022436,13.225075658329091,2.857142857142857,21.403912944444446,0.85271489,48.99743257536564,49.307368160965325,49.38542173652635,49.48518165127362,49.27531144407267,49.38046426760754,49.67693404884155,49.78876840762736,49.589227582827725,49.193500348216524,48.96987350943661,48.76703679227682,7.628428702467846,7.586115214024468,7.6119296077650525,7.42629541854421,7.473827397994554,7.294245685556624,7.355915798500016,7.217536706569391,7.357724774115358,7.291088043243722,7.372684010782259,7.532221935236078,23.254901478635574,270.0,0.5525887726416752,1.9383854194850612
2021-10-07 17:00:00-07:00,0.1539712166666666,3.030043083333333,0.2530547290492354,16.5,3.0359862535022337,83.66834095332847,87.78787757749826,260.46540776592747,1.55413801077809e-08,1.9417613504064017,3.042998385133466,1.0,1.9417613504064017,0.004025175186007592,2.857142857142857,20.5982255,1.327839135,2.870471348278653,2.8704713497879752,2.8704713497879752,2.8704713497879752,2.8714317606426025,2.8714317760399477,2.871431826107749,2.871362404035725,2.871362404035725,2.871362404035725,2.872035945107641,2.872035945107641,0.4295314515147551,0.420333900806589,0.41224484750289386,0.4068298537258758,0.40356485987733204,0.40290295918927105,0.40404720707735003,0.407261370796669,0.4127376506634447,0.41957568629769504,0.427724336924471,0.4368577326422901,4.177508320907776,269.9999918555185,0.7135766540737035,1.859799706824907
2021-10-08 06:00:00-07:00,319.28626133333336,30.6578125,0.3485561181139927,5.5,55.36345725981579,77.22757123095332,85.56214688262153,101.71953868096051,0.0,15.758888358273317,111.46588029450629,1.0,15.758888358273317,20.057591713059118,2.857142857142857,12.777452,1.7796035633333331,85.55677379303418,85.5579597365299,85.70221847658453,85.68616056757045,85.83040796519103,85.79425769395412,85.79421605000317,85.93839474407169,85.88886674404793,85.88891512576774,86.0332020315559,86.03089499381534,4.827943064379065,4.773693762793016,4.699480825207992,4.6487465788125055,4.618364299386177,4.626278022968012,4.651165428684983,4.75271539537241,4.816462812039955,4.898992450861517,4.996203256387873,5.097140824884639,8.515447651816922,90.0,0.675961971659597,1.868166880974648
2021-10-08 07:00:00-07:00,280.0494506333333,112.32043333333333,0.287112750676279,6.5,185.28758730811828,41.88972132957735,74.89724317355721,111.58405387610314,0.0,57.421310250254606,370.7447587441869,1.0,57.421310250254606,59.26578420592551,2.857142857142857,16.51510972222222,0.6715984261666665,350.94201984588466,351.9745486004314,352.4518298451124,353.43951822561985,353.96164544001505,354.89645256962046,355.3258043271055,356.26204160671887,357.6762089046436,358.5427237581301,359.39021204605035,360.2796197334175,15.979391221761567,15.79625244358076,16.007802384224746,16.32547887479367,16.371717219010552,16.79930123079191,17.679169196845795,18.567328731670496,19.092694080130677,19.948380388722615,20.85498024407538,21.727432545211617,36.5988884378146,90.0,0.45189535007138415,2.05431381508985
2021-10-08 08:00:00-07:00,309.0472016,218.05863333333332,0.2753036896044193,7.5,350.2876369193101,31.292298164908924,64.66815923369194,123.17853148040047,0.0,163.77179821972035,544.6695331440096,1.0,163.77179821972035,112.43031281947924,2.646060114750548,18.99459761111111,0.7147936573333333,501.5582876696067,503.74449584629514,505.88122068642855,506.7784862652152,508.93390430588204,511.01420820332,511.87150915688335,513.7632236413531,515.6327809617734,519.6521366896816,521.5432749030288,523.399940940894,63.334509122987164,61.17540289009406,59.214608630128254,56.90826641665782,55.52439750351228,53.67552236315358,52.888815813924985,52.88112692048815,53.205616303899156,54.24436222082349,55.11422462959579,56.196982531453195,50.0,90.0,0.366977778440511,2.214355247456318
2021-10-08 09:00:00-07:00,730.6976,175.15059666666667,0.274670272425586,8.5,585.3177830620739,37.29845678403045,55.851728346583826,137.0718865862341,0.0,310.2127632503145,817.9622822539617,1.0,310.2127632503145,170.5192128730729,1.814488141063479,21.622886,1.773175925,768.1425122842948,767.5062059162542,768.1787634715687,769.1281554185465,769.3043557621368,770.4217810361474,771.0993344753044,771.1875550442647,778.55051331143,782.4873016382934,786.0435938827642,789.538941892041,85.73944622816903,77.67867524301211,70.81109149728728,64.39366116029431,60.06818872027902,57.58302196279153,54.86875486273557,55.786718425610786,58.13031322812376,61.08467760911011,64.66341544488381,69.97406898823081,45.11801404399768,90.0,0.3957191340878889,2.151494026495304
2021-10-08 10:00:00-07:00,550.6184166666667,268.84361666666666,0.2654445323036672,9.5,627.7746733932047,42.96872953763383,49.31733760614744,154.00261475371622,0.0,386.1372697420351,697.9793858839755,1.0,386.1372697420351,176.39467757893863,1.3891231176992997,22.085885277777777,2.49711195,663.4682246790342,663.8974020656544,664.3885151041361,665.7728530827891,666.2279114881019,666.5582584704364,669.2292231945199,671.414433927551,673.7629228722442,675.8539341837152,678.1337821447307,680.0925271749059,89.53734113692866,82.23300575166812,75.90088740653124,72.33252496980256,68.93271025774217,68.62482265744,67.77126076498733,69.54488619310094,72.73693095463676,74.56224826908614,78.5802527303249,82.93417609997876,27.01784467646253,90.0,0.5228660098821856,1.9662777707618484
2021-10-08 11:00:00-07:00,652.4819595,244.0164,0.2618735466624549,10.5,696.3661772125646,45.756808354475844,46.11004185087712,173.7468348584132,0.0,451.6742988086132,703.1434776574686,1.0,451.6742988086132,185.14235565487277,1.0849399317895743,23.804560388888888,2.7679982,687.5457326797904,687.4311792375373,688.0457741874866,688.0457203971413,687.8504906642612,687.8516337259529,688.4283090139245,688.1526185865627,688.152211502409,688.1518078224656,688.7668306118147,688.7665768194398,97.41499265479925,90.63995895847395,84.79428382895995,80.14826332010253,76.89180359616981,74.95368243673182,74.96504971210102,76.22576692848787,79.00110648649859,82.81905962714542,87.56680947465723,93.32623342693029,6.459871388924546,90.0,0.6937463441034208,1.86349196030178
2021-10-08 12:00:00-07:00,203.9824625,350.89475000000004,0.2614571349006182,11.5,490.15843295610284,45.06992783222459,46.94314080522807,194.32151615698643,0.0,316.2154038117883,498.0909379492447,1.0,316.2154038117883,130.83231951926535,1.1991263984162153,23.402235666666662,2.85886615,478.26587725234106,478.77588266936857,479.3493794943673,479.3874719203068,480.09280159748846,480.7545132497743,480.6437233990455,481.2378131969732,481.6259511991228,481.80525640700034,482.05698149117234,482.22017275050524,70.71588093191816,66.98433900767509,63.71536782920117,61.39416310552322,59.541031835755966,58.72603658279931,59.09546468615737,59.78189749905631,61.14537756693197,63.35897033507731,65.6573455214566,68.53050676461427,14.828146659887523,269.9999987925817,0.6220396595454988,1.8904450734053166
2021-10-08 13:00:00-07:00,17.209510116666664,199.1813283333333,0.2554899348626402,12.5,209.86713335847026,41.06715633951102,51.616328277769384,213.06248066027996,0.0,138.2976991410266,196.6695535337994,1.0,138.2976991410266,58.10302053762585,1.5354373551669585,23.243577,2.1802304366666667,185.61910313023884,186.00123111894564,187.55648597564195,187.96069191987527,188.36833291966772,187.64188515044194,186.74753380043407,185.8743929946476,183.70549997536818,182.7707576471684,180.64064955153412,179.63605463014187,33.65330375947796,33.664308560681874,33.72926166708645,33.687481857594655,34.29830683643394,34.19983261818687,33.32498278126898,34.24079610800965,33.61988501688484,33.252282455978076,33.76014737153689,33.937847092867685,34.55596322682872,270.0,0.4663945371281458,2.0335702946342673
2021-10-08 14:00:00-07:00,0.29791225,82.53751666666668,0.2512683726952724,13.5,82.69007224471189,34.55879121979161,59.197372212743026,228.70859128458636,0.0,56.772790547556205,67.08095962022234,1.0,56.772790547556205,27.13697719982921,2.0707263223600343,22.338716611111117,2.33476889,62.08918801804678,62.39046355036124,62.69580507304688,63.240853531804945,63.55558877893658,62.454882388803306,61.95447346729266,60.83424881159987,59.68282651980627,59.15299257728808,57.97340202553438,56.776257760442974,18.495123641448277,18.762586405766577,19.01237083944857,19.19876235324555,19.416412058888433,19.620831151780944,19.10475945221619,18.609934866175863,18.099613752208104,17.69559932385512,17.30348757707302,17.01437797866286,50.0,270.0,0.366977778440511,2.214355247456318
2021-10-08 15:00:00-07:00,0.3321078,92.25716833333333,0.2521225656907183,14.5,92.37792585734789,30.550313048856346,68.67797103106678,241.5550733937361,0.0,62.18278721641311,78.74060693112472,1.0,62.18278721641311,30.04819577056622,2.857142857142857,21.47853361111111,1.9631966683333333,73.19463928055718,73.53160989104649,73.87316331015755,74.4858679414323,74.83914300219449,73.6403377497773,73.09550363034182,71.87529238545883,70.62165907832869,70.04466116965331,68.76052919631783,67.4565311835144,20.226636750645497,20.535514628467826,20.825966587162778,21.046158175418455,21.302595939475996,21.544132322135077,20.990381556081967,20.459178118073314,19.90577277899815,19.46179309201556,19.022182288724004,18.68698653413136,50.0,270.0,0.366977778440511,2.214355247456318
2021-10-08 16:00:00-07:00,0.0539119999999999,19.8774625,0.2454359375971449,15.5,19.887469610227367,57.97150330253951,79.30275619786839,252.46353098878643,3.108624468950437e-16,13.094066255706812,18.690229066938937,1.0,13.094066255706812,4.8089294022209526,2.857142857142857,20.362675944444444,1.915676135,17.67747283274989,17.71384442329072,17.83983584777132,17.758936765326563,17.805062859123648,17.846798392159062,17.891256553028686,17.943448554304304,17.866846048260125,17.79542368182145,17.72000685450982,17.63567556041362,2.825782844190582,2.837363254136149,2.767033749531594,2.757274674797815,2.7763934974698365,2.7104862413250785,2.7407456039240348,2.7209384231500935,2.688234679017077,2.7575118446244873,2.749122733561102,2.8564990667609664,22.521203534143137,270.0,0.5584873461890081,1.933405008117992
2021-10-08 17:00:00-07:00,0.2377195666666666,2.2370502,0.99,16.5,2.245772604272429,83.98238227501416,87.89723174943597,260.05868241156304,0.0,1.433331763837017,2.2592809257122606,1.0,1.433331763837017,0.0026904227279523343,2.857142857142857,19.231243444444445,2.129204336666666,2.1259981613647363,2.1259981613647363,2.1259981613647363,2.1259981613647363,2.1255008927952144,2.1255008927952144,2.1255008927952144,2.125701190531301,2.1257012404498954,2.1257012404498954,2.124992164099278,2.124992164099278,1.2597745516354542,1.2333264874487404,1.208491883833326,1.1890205869299177,1.1742635651350883,1.1646942523452155,1.1614173172315538,1.164494874552597,1.1753251626828531,1.1914373143579802,1.2131457908616743,1.2396845762280935,3.974775863427557,270.0,0.7153413524114737,1.859548193670093
2021-10-09 06:00:00-07:00,13.1840207,24.06190631666667,0.2651517206113042,5.5,25.036856200389817,77.80239798689712,85.75914261535051,102.0525293442862,0.0,14.793283792843546,28.14479991396737,1.0,14.793283792843546,6.555777422879383,2.857142857142857,14.276408833333331,3.786900283333333,25.374858257569922,25.374814060091143,25.375539328215595,25.37348180539435,25.374124295556943,25.37411227580571,25.37408585065212,25.374589151779087,25.374560662544802,25.37293255526694,25.33893432844921,25.37342698217114,3.3927662626614072,3.3162415038608155,3.2632063979997867,3.2279973609299257,3.20749299054796,3.2048711915998114,3.222397055555912,3.254714481341879,3.3012552638222177,3.358899853875877,3.4249916891927787,3.4941838603561384,8.139250722730823,90.0,0.6792102905845463,1.8672159567287396
2021-10-09 07:00:00-07:00,269.1099697,68.45136666666667,0.2695997979794127,6.5,137.59001232671113,42.77336692535314,75.11285562780526,111.91552224836869,0.0,31.13755368460722,311.8211491441988,1.0,31.13755368460722,43.52902522582717,2.857142857142857,15.01090727777778,2.42696527,295.433872634039,295.9901837356702,296.28746175969377,296.81433158246483,297.05719087691233,297.5560011412833,297.7874134400868,299.0413179019833,300.23092075588727,301.3920483395709,302.6925673223059,304.7646202746057,8.148120601287067,8.205472202355637,8.136534530651273,8.304841268004932,8.519317110484408,8.574956923509621,9.5568761553924,10.568342590512852,11.616164246396004,12.664192346206208,13.426517015374257,14.489655006029935,35.91938309300262,90.0,0.4566768203574588,2.0472996321063333
2021-10-09 08:00:00-07:00,887.9354666666666,57.536026666666665,0.2883382645469023,7.5,433.99613820285407,31.677576301606372,64.91436437255139,123.50702961109012,0.0,144.41259356273468,863.341255270157,1.0,144.41259356273468,122.75148704614207,2.660896609332565,18.3475955,3.4148547,823.8521155240612,824.3893469920874,824.88149806833,824.9884726586243,825.6139930743533,826.1897576730306,826.3125030407496,826.5529292781029,828.8713150024121,833.8930239986122,836.3342013748302,838.7277316377051,71.95779492017772,66.48564386446809,61.05111523921691,54.86197305528249,50.207058145256006,44.648569232459465,41.23062428370243,39.671544352514616,38.813534374880106,39.28095754322881,39.59653243816078,40.38015265587052,50.0,90.0,0.366977778440511,2.214355247456318
2021-10-09 09:00:00-07:00,924.4496816666668,65.550825,0.2768676226574334,8.5,580.6295553749301,37.66734735950847,56.139459093057376,137.38204439068642,0.0,297.4316008735912,839.691370262853,1.0,297.4316008735912,155.94082184618864,1.8191433786701585,20.478479944444448,3.74163475,803.0628675617459,802.8694637663568,802.1234360417959,802.2639057080324,802.0501257042795,802.4014118744233,802.039916179627,802.4385070771506,806.8438227674196,809.0671665552521,811.2781957003539,813.4534744964492,82.09542731507064,72.90447267896468,64.95988813539631,57.47261052547017,52.76437460895311,48.53403380214307,45.95535018734271,45.42480969022919,46.40960343405842,48.11380188472738,50.83922188765046,53.670024037169945,45.260691787101706,90.0,0.3948416313729159,2.153260670426506
2021-10-09 10:00:00-07:00,969.9241116666668,75.45236666666666,0.2670750603473734,9.5,703.4077029085437,43.351714723403845,49.65208998602549,154.2549022104381,0.0,424.7577806952387,801.5117156921004,1.0,424.7577806952387,188.71029597565257,1.3902423207813912,21.657743666666665,3.897985583333333,775.7858068159767,775.6327916000653,775.5850749509739,775.928768115334,775.8886340759593,775.7062487362418,777.5975321802157,778.9731380612549,780.5547672011737,781.9096058718811,783.511048140464,784.8045069312328,98.32493007248944,88.19815305202981,79.62501359289004,73.65692196962196,68.82889419404776,67.08024948880536,65.6065950179535,66.57094400818353,69.37449067895145,71.54174337335917,75.39617711528997,79.72532757038915,27.081660454473475,90.00000120741828,0.5223700301332953,1.9667842848395787
2021-10-09 11:00:00-07:00,1008.90755,121.53638166666666,0.2625098298666962,10.5,816.2410393942772,46.140471923856516,46.482888812644,173.88360071967168,0.0,530.0283535320959,823.8509342861428,1.0,530.0283535320959,216.285232111147,1.0841783721824994,21.006675388888887,4.909944416666666,809.0303923768342,808.9039760644708,809.4206380238523,809.4204251756773,809.232035447458,809.7508517060741,809.7056549513159,809.4534069043958,809.4528992026875,809.452394200796,809.9695648978413,809.6602705809792,114.4481515773731,105.1213179877321,97.66495578980106,91.72071331696165,87.52659014759699,84.99956378165476,84.85246072006093,86.37993669846779,89.83646758280061,94.62038197787952,100.59821107620007,107.85855953830352,6.40247621875155,90.0,0.6942440595333528,1.86337975639363
2021-10-09 12:00:00-07:00,855.6441736666667,158.30450000000002,0.262668904700199,11.5,738.2522964188565,45.43325549818649,47.328747041811745,194.31260812081302,0.0,473.2044626549183,772.1115937566253,1.0,473.2044626549183,199.67423531029232,1.2017313183276377,20.418523666666665,7.782343783333333,757.5469873276397,756.603508653272,756.5998111925605,755.3738061483381,755.3699877070619,754.2492272006127,754.2587668257065,752.8336575318879,751.4873984743757,749.9021847245454,749.9130430797869,749.8871396854038,95.4028757470177,89.47304650067743,84.9132926206128,81.38971150831738,78.2321723457916,77.35480945360086,77.87281844433582,79.5873673397293,83.58541270933806,89.87622148519019,96.65585803788073,105.77224159530813,15.011866522159213,270.0,0.6204904538327695,1.8912706555518641
2021-10-09 13:00:00-07:00,952.1250516666666,87.93719666666667,0.2707864272175805,12.5,674.267961647358,41.39582280240218,51.98899866768457,212.93654407863977,0.0,389.5393591729613,833.980920744285,1.0,389.5393591729613,182.8844271376357,1.541266482970575,18.931557722222223,8.44375685,813.7078952431007,811.9343497460073,807.6251421088643,805.7748994043747,803.5489510372379,800.9253911056352,801.0017356261972,801.2298172390887,800.9191785952245,801.1381908282688,800.4507598326887,800.1777954812994,71.77387822327742,68.56207014403965,66.18937873130665,63.41380723187024,61.98371276495514,60.3981748182854,61.49149096818928,63.609521057856824,69.13078126507754,76.00694963820342,84.89676940608398,94.81386731722668,34.82407811457524,270.0,0.4644707005126247,2.0362335585373446
2021-10-09 14:00:00-07:00,949.7647166666668,59.00858166666667,0.2718941623934121,13.5,540.4007932096591,34.86524389445063,59.54548586207087,228.51608898479702,0.0,241.62852772904603,885.8813381283793,1.0,241.62852772904603,140.67163094201393,2.086373735283357,19.481222666666667,8.407461283333333,858.0824650824883,855.7681448074151,853.4186549707135,848.4291657398252,846.0882807304257,846.0991939587626,846.3906344243269,846.2517162093754,845.8660330565718,846.2565447888181,846.2821332148939,846.3217410223044,45.54584839520239,43.383996540329655,41.654433343382465,39.7990852136104,39.21580602145322,39.75996591708149,42.827979217218946,47.81663090351755,52.29787524234593,59.62741268143786,66.93925400352909,75.02087598924868,50.0,270.0,0.366977778440511,2.214355247456318
2021-10-09 15:00:00-07:00,862.0786666666667,49.963,0.2380920406384874,14.5,358.87614743280807,30.92590864331711,69.00200875559447,241.3312644138973,0.0,74.71974488592426,834.9642672318707,1.0,74.71974488592426,88.24105173534124,2.857142857142857,19.201488166666664,6.523305433333333,816.5243702008202,814.3358548052951,812.1171213549052,807.6712393527649,805.4928503223543,805.0289366924349,804.8248636846685,804.3292398675022,803.8884586235722,803.6571486821532,803.235976132397,802.7138822691599,29.302929625244477,28.26752280496194,27.39769450032703,26.452467430908367,25.821960745017677,25.206815145957748,26.025474233311073,26.7716474402221,26.907227738471352,26.336686836816085,24.809658970519106,22.469699186070812,50.0,270.0,0.366977778440511,2.214355247456318
2021-10-09 16:00:00-07:00,633.9159833333334,34.767354999999995,0.1487179347832362,15.5,149.10840559827665,58.979136040877584,79.60853871177507,252.2249757651615,3.8857805861880464e-16,15.044905495464844,387.3077549694626,1.0,15.044905495464844,25.969837246738827,2.857142857142857,16.862427222222223,6.8321260666666666,368.4019682045837,367.8019014723626,367.11132178688473,367.16807597896604,366.4955289137205,365.78994005100856,365.05559481145406,364.2828430097026,364.20332457564723,364.1153383500107,364.02854362439865,363.9342842431816,4.883432420365931,4.520322386227824,4.2787008783985305,3.91910803499451,3.716543317894324,3.36033146296852,3.201192159883752,2.8593010203119897,2.854971236158511,2.4316625766362727,2.448105281771341,2.411316861594962,21.802669443671547,270.0,0.5642944530792354,1.9286743335129826
2021-10-09 17:00:00-07:00,2.62590585,6.706906,0.183830670237831,16.5,6.798335251038077,84.29074366854447,88.0046621884695,259.65202239222526,1.1198550394823023e-08,4.296563392406728,6.960854276415492,1.0,4.296563392406728,0.007278139601002602,2.857142857142857,14.014640222222225,5.929865466666667,6.451437350036564,6.45356324923198,6.45356324923198,6.4534517321139235,6.4534517321139235,6.4534517321139235,6.454942594300448,6.454942594300448,6.454942594300448,6.454942594300448,6.454942594300448,6.454942594300448,0.6907415703241098,0.6759825891972535,0.6638954347880519,0.6549094580887889,0.6493414616956313,0.6473294175117985,0.6490367084648392,0.6542040156404042,0.6624316868384813,0.6741636708168911,0.6871844651891951,0.7029640026624533,3.775555382101163,269.99999460026135,0.7170759033529566,1.8593132046270058
2021-10-10 06:00:00-07:00,263.9241514,30.57136433333333,0.3301695754826073,5.5,50.0419795894848,77.83184546711071,85.76924471257664,102.54605096122445,0.0,15.956947080285767,95.03378964696154,1.0,15.956947080285767,17.229765734085774,2.857142857142857,7.439154833333333,1.8027754466666663,72.63989265925811,72.63983331008386,72.76339030460377,72.76062673731829,72.86780914825282,72.86779312538145,72.86775769358724,72.95908044205052,72.95904207836024,72.95685496767625,73.0942067241466,73.03316355564303,4.642799295392557,4.539775772117092,4.468548667191354,4.460558674145989,4.442142063305076,4.438344939235891,4.4618939467483845,4.5053227025854445,4.567511581325042,4.697570500279723,4.79510456519255,4.888083331736419,8.134979858432423,90.0,0.6792471856754686,1.867205406057874
2021-10-10 07:00:00-07:00,646.4991933333333,59.2894,0.2807881443798469,6.5,223.02355468734171,43.646840847788305,75.32933153050044,112.24385712399697,4.662936703425655e-16,24.598110991265294,579.2145843792891,1.0,24.598110991265294,67.84774000414204,2.857142857142857,10.942153255555557,1.0929983983333331,556.9541123495285,557.1542945614545,557.5846974287666,557.9921899432959,558.1814075124263,558.3883291943623,558.7719350913861,560.2999917211795,561.7899818710526,563.2675532881954,564.6819648827421,567.4719129912435,6.642316081145489,6.562124490014372,6.647110491879138,6.652718990030214,6.81735425791778,7.967117526876038,8.191909185965853,9.246205882530974,10.507368308297517,11.782326152223087,13.09029291620791,14.448172927847127,35.250424106290104,90.0,0.4614243825780112,2.0405055740617626
2021-10-10 08:00:00-07:00,894.1111333333333,71.556605,0.2807581823116185,7.5,447.1396124635712,32.06100938584667,65.16143481993772,123.83153834687403,0.0,145.19244122871368,892.7647307027128,1.0,145.19244122871368,125.09358436382584,2.6760853904985753,14.111277833333334,1.6578344683333333,851.0487936976037,851.6144557471354,852.1438349313923,852.2655688384137,852.9293668599665,853.5320424884034,853.6884771879259,853.9589517555287,856.5696209539962,862.1678160270618,864.8949631896644,867.5665801641612,71.84648665912438,66.49379274436336,61.128106519101735,55.01719989555657,50.38281628063009,44.83951670008825,41.44349510026431,40.12963342558773,39.51332314823601,40.21520959324352,40.772856149061504,41.79460407439389,50.0,90.0,0.366977778440511,2.214355247456318
2021-10-10 09:00:00-07:00,956.0414333333332,60.99583,0.272170374588004,8.5,589.6754905025501,38.03388012490851,56.427739413577484,137.68721078810358,0.0,301.46016188564823,855.6867906288994,1.0,301.46016188564823,154.68526126743384,1.8239203462345932,14.827874444444443,1.9526860033333333,819.6263002448326,819.3993307626107,819.141684180018,819.2095446183725,818.9643114933965,819.2477526738659,818.8395325597982,818.7650576258937,822.9598433847563,824.9504617053735,827.1789392258225,829.2506929356682,81.86370431240952,72.6182558701799,63.539901375818516,57.08071349696926,52.35131352782328,48.240932159918366,45.638037671415404,45.04971842621386,45.971953001705245,47.64373498331736,49.94108778389108,52.669081555263176,45.40614941543118,90.0,0.3939492988728981,2.1550662282001207
2021-10-10 10:00:00-07:00,985.8820333333332,75.61316333333335,0.2643661264711035,9.5,709.5016975062075,43.732699271017786,49.98666318982702,154.5016580693049,0.0,428.43119042474365,808.8375211118055,1.0,428.43119042474365,188.45852375047343,1.3914124329216766,15.955868888888888,1.6971278083333334,782.6402208413393,782.4934026297999,782.4438193183454,782.7931217644609,782.7505321407131,782.5730007245191,784.4668699316704,785.8499995344953,787.4366079824349,788.8041611495663,790.4114628146617,791.8860134468694,97.03152179514872,88.07223295015396,79.51641752475948,73.56164598053768,68.73616865870169,67.0079576386743,65.52772010938192,66.50564286687143,69.31177034884224,71.4661409125992,75.30993151866288,79.63282216127965,27.148277602162935,90.0,0.5218525792444905,1.9673142120597524
2021-10-10 11:00:00-07:00,972.2955,86.96313,0.260912174042377,10.5,751.869492383233,46.52250955501391,46.854598477651145,174.015853522239,0.0,488.34179478410437,758.9024872145164,1.0,488.34179478410437,197.96170910543978,1.083441963958335,16.266623944444444,2.4618638833333337,745.5427510559357,745.4150818508949,745.8887947586803,745.7040388078749,745.7059505368854,746.1403764168236,746.1404046021458,745.9011476049546,745.9006809882022,746.3745656121631,746.3743717706137,746.0845603613423,104.67260232625921,96.00566032047509,89.06730309649225,83.53308890502416,79.61996292245422,77.25750111583805,76.96616187448979,78.50304183709436,81.53842206627112,86.14094920487405,91.69065048972139,98.43611009998155,6.346959124384745,90.00000341509458,0.6947255420351386,1.863272172804717
2021-10-10 12:00:00-07:00,756.4910349999999,149.74416333333332,0.2621205942644277,11.5,658.7496170176321,45.795170106356466,47.71254073197977,194.301591108193,0.0,422.284080558683,690.195418345678,1.0,422.284080558683,178.60163357496458,1.2043312707755027,17.175040000000003,1.9396247433333331,668.9402016822028,669.158609133238,669.1302016814068,670.6762794958056,672.0079900538392,673.5316028144807,673.3824775670631,674.4890390715449,674.4986228709994,675.6929851365231,675.689726909188,676.6214220997302,94.29037194213856,86.20586483210904,80.24337210229301,74.65738920392671,71.11535677143091,69.68205451651777,68.9300101831455,70.0240908035976,72.89382958036038,76.04474826693921,80.57817684177546,85.43594922777521,15.194843244436742,269.9999982924527,0.6189488380930327,1.8921027689333905
2021-10-10 13:00:00-07:00,960.8611333333332,79.34820500000001,0.2720894551771458,12.5,666.149030907695,41.72322094123529,52.359644478493955,212.81041358629764,0.0,384.4038417482698,827.760304601401,1.0,384.4038417482698,180.5925757345665,1.5471369245822237,18.07865972222222,1.6775143666666668,807.3671183571751,805.6398458516343,801.7671985258125,799.6255906454771,797.7006854254743,795.5725064572727,795.2679069650077,795.2651007394297,795.2710767393272,795.2649750184845,795.3608286068196,795.1957056601274,70.81051616489684,67.66345812162346,64.41919505733256,62.26395276778047,60.33297803822461,59.50525649947954,60.83705106186352,62.774236139227746,67.32449180019977,74.28744795869854,82.95255084434675,92.82876995162171,35.09174576223002,270.0,0.4625563097692048,2.038910310866427
2021-10-10 14:00:00-07:00,412.43362315,103.73375666666668,0.2540835305388975,13.5,310.6263242990572,35.17262556623093,59.891541016402634,228.3240930110712,0.0,146.48233110658376,497.314209619536,1.0,146.48233110658376,91.45242379941524,2.1021911295188875,17.500196777777777,3.30641845,479.85948030445064,476.7088878313158,473.50586026996314,466.8492275394467,463.57958297345385,463.1366709288429,463.06553663246626,462.5290570483247,461.8745472355118,461.835083111054,461.3615700268658,460.8850815217285,39.362351730760075,36.46072892070557,33.79862089677617,31.08585365137486,29.081682633356618,27.62417789198857,29.025331250563628,31.36762879939118,33.41209407503391,36.84850989158395,40.18777533357626,43.85868491193057,50.0,270.0,0.366977778440511,2.214355247456318
2021-10-10 15:00:00-07:00,829.0364166666666,59.60791833333334,0.2353869392408255,14.5,352.32768855516485,31.300335646045436,69.32391682905259,241.10795374849698,0.0,74.28496854368825,826.1026258543042,1.0,74.28496854368825,87.18910382185418,2.857142857142857,17.564794277777775,5.480940133333333,807.8753256475876,805.5469447348707,803.2089623274945,798.4643334355634,796.1100738553729,795.6352012479447,795.4242864694562,794.9122416845036,794.4660472764842,794.2161402257192,793.7773928405768,793.245735641831,30.070782860005647,28.85960703033325,27.78350870136069,26.626470186881757,25.74517762752827,24.830932844735706,25.462957407662955,25.931449842913526,25.847903919647504,25.071248488811555,23.446714121892434,21.145400258626303,50.0,270.0,0.366977778440511,2.214355247456318
2021-10-10 16:00:00-07:00,662.5771666666666,34.26560833333333,0.141513280552226,15.5,150.32248671941835,59.969790875831954,79.9120428815235,251.9866455328991,0.0,14.919708864714433,390.87564521298566,1.0,14.919708864714433,24.905126466712687,2.857142857142857,16.222017444444443,6.03605945,370.0376084002258,369.4779800187729,368.8883546218252,368.88818452008024,368.2607515123654,367.60505379346307,366.9117444501148,366.18948921062156,366.1092361275345,366.02972750406917,365.9418900371825,365.85649659577973,4.727104109319244,4.16951447263718,4.135424880780087,3.6148918597751987,3.584706834591871,3.101161002331424,3.080901679239478,2.6448263307080513,2.6407701473023515,2.3253615626513864,2.27537633321339,2.306991617980147,21.09872568082918,270.0,0.5700119709247156,1.9241813158356185
2021-10-10 17:00:00-07:00,13.866194783333333,6.806969383333334,0.1909829544464817,16.5,7.264272119509554,84.59313074861818,88.11006053207949,259.24547393516684,0.0,4.359982943942375,8.106906950921324,1.0,4.359982943942375,0.006641662640093412,2.857142857142857,14.03762427777778,5.031930766666666,6.990229181220143,6.990229181220143,6.990229181220143,6.990229181220143,6.990229181220143,6.990229181220143,6.990229181220143,6.988716076182076,6.988716076182076,6.988716076182076,6.988716076182076,6.98883364218166,0.7399397789278197,0.7235741817017624,0.7097949161036538,0.6982950958210804,0.6896078746913021,0.683985879426597,0.6823863658441226,0.6845352914306936,0.6904333826010477,0.6999236351131949,0.7126695865801561,0.728215057435038,3.5800193502234987,270.0,0.7187787621358214,1.8590942925805343
2021-10-11 06:00:00-07:00,342.98916166666663,17.767684999999997,0.3916016787911667,5.5,41.88573979768853,78.41003012846433,85.96779076567896,102.87378323897958,0.0,8.3859987970527,93.54636049194784,1.0,8.3859987970527,17.061203785450168,2.857142857142857,6.72678535,1.263839988333333,67.43149363141036,67.54655975892362,67.54655924269123,67.51676845510397,67.64797428123416,67.64797177601369,67.73437194653218,67.73295974869735,67.73294726007956,67.67387646203414,67.8050737887051,67.805095536477,2.922320307867,2.8637038552256273,2.8181968545638942,2.783102766802449,2.7700284585524955,2.8114534110108043,2.824332991002923,2.8515586126866084,2.8892244565567653,2.937796196808913,2.9952469154876646,3.1112258880047032,7.755744610043789,90.0,0.6825248619257067,1.8662904852087632
2021-10-11 07:00:00-07:00,751.9044166666666,41.44222166666667,0.2906823469295842,6.5,229.11165338916322,44.51062816073757,75.54662160299529,112.56894359076291,6.235019039939722e-09,19.23762692271047,612.305729637039,1.0,19.23762692271047,70.82065484847749,2.857142857142857,11.921544755555557,0.9692017016666666,589.9184270005851,590.0730773467463,590.4034403414589,590.5716892210078,590.8843057825857,591.0195004944262,591.1582122980121,592.8052176563307,594.2377439820767,595.6329885299346,598.3831058409883,599.7023628564785,5.267301096154783,5.290153160094274,5.259111199628011,5.35767446773116,5.4859113815730005,6.455532226399448,6.649570760378459,7.8446764741877635,9.064597068709663,10.061525834873706,11.303972206826193,12.594371903491725,34.59132752632343,90.00000120741828,0.46614042701125263,2.033920547380431
2021-10-11 08:00:00-07:00,884.2915833333334,52.83826666666666,0.2845501778647057,7.5,420.8213686106948,32.44247573065857,65.40929910962295,124.1519539196799,0.0,135.43029419548947,846.8776787994366,1.0,135.43029419548947,117.13526961553745,2.6916372032074185,14.639095333333334,1.435634035,809.0510370321593,809.5388636857475,809.9926291099343,810.0848282195317,810.6691591225164,811.1961742141289,811.3231155080132,811.531658070259,813.7263157456475,818.4872593089652,820.8068794202794,823.0776515364225,68.2883142033197,63.12810649438394,57.95066075258034,52.0561326202918,47.576372762058696,42.22339676274757,38.93400260395407,37.40421655802519,36.54032648358728,36.937058380250875,37.19272823590433,37.89018104825386,50.0,90.0,0.366977778440511,2.214355247456318
2021-10-11 09:00:00-07:00,950.6037666666668,59.22701666666667,0.2747838320033618,8.5,580.9017178995089,38.39791599886521,56.71647333032543,137.98731082872118,0.0,296.89429845057697,845.6210422284258,1.0,296.89429845057697,153.4975298598515,1.8288228302500764,15.909871666666668,2.182041123333333,809.7299134435643,809.499198489546,809.2265697457053,809.0163428864204,809.0325249520527,809.2869615014456,808.8762333845608,808.7902295763981,812.9045817575311,814.8679853906856,817.0519023556074,819.4400549700777,81.57406999114805,72.22166915261204,63.1808515849407,56.73308756984242,52.038571330078625,47.92214207889133,45.327796370385,44.71230460943736,44.944627191191906,47.24820873072106,49.49983139676892,52.18057554818403,45.55443640737745,90.0,0.39304197139903807,2.156911564447894
2021-10-11 10:00:00-07:00,979.3159,76.88759666666667,0.2656794132644746,9.5,702.1676213329853,44.1115499142598,50.32094273323844,154.74285465801222,0.0,424.090376046945,801.0033436836472,1.0,424.090376046945,187.6296222944706,1.3926354653495039,17.08181838888889,3.04062605,774.1396148289069,774.2344626774947,774.186412921408,774.5487571573944,774.5072368899082,774.6185547750846,776.2499522050073,777.6565435954359,779.2626750812472,780.6575981652506,782.2835194068995,783.7785187157383,96.5487395620905,87.64766834075347,79.15723887468226,73.267018666673,68.47398993694533,66.79561364410668,65.55439788881819,66.32615955826917,69.13973190764067,71.26147602690212,75.1029072033169,79.14399385234513,27.217791475264413,90.00000120741828,0.5213129567844837,1.967868464696196
2021-10-11 11:00:00-07:00,980.12445,76.43577,0.2625711436627806,10.5,742.0583168374769,46.90280872050568,47.22505077317701,174.14359171386627,0.0,482.0090593036249,748.8502748051206,1.0,482.0090593036249,196.4750801431972,1.0827322479395598,18.36913716666667,3.4541835666666665,735.446998064704,735.4462881939357,735.8917389814796,735.7157949380838,735.7176861093394,736.12420150553,735.8980324777766,735.8975740461093,735.8971127747504,736.3427417502435,736.3425167747415,736.0686688103984,103.91912477134733,95.26730423918431,88.334676509258,82.80444722891299,78.88856149387857,76.70730434987895,76.22616863968756,77.74188450740715,80.76629538095291,85.36254880990151,90.90221793589612,97.25729168781326,6.293445417888855,90.00000341509458,0.6951896989024003,1.8631693546920314
2021-10-11 12:00:00-07:00,977.5293166666668,69.47687833333333,0.2649771915016024,11.5,722.3738927764427,46.15558175287471,48.09439977870943,194.2884425822355,0.0,462.7570956567971,755.314759629731,1.0,462.7570956567971,193.50557931081812,1.2069242511705076,18.806356222222224,3.4501917333333334,741.6625544083694,740.7620804769718,740.9743664858037,740.0310095527012,740.311846893771,739.4235367369873,738.6017168719532,738.7878880895466,737.841734188602,736.915935117001,737.0257542460462,736.8658468978253,91.49433970515493,86.23276228453072,81.4033229378347,77.8027473049018,75.06305070997696,73.81683752225919,74.72867730464651,76.43044791948833,80.89591146660995,86.54126421516102,94.41556349092548,103.0069376554737,15.376941672353091,270.0,0.6174159490826553,1.8929406595881182
2021-10-11 13:00:00-07:00,955.7988833333332,68.15848166666666,0.2734410247926713,12.5,646.9880636030521,42.04927953825829,52.7281375784115,212.68405388855047,0.0,372.812791562399,807.8547722897398,1.0,372.812791562399,175.03603976818448,1.553046223566024,19.3865375,2.9589792666666668,776.8363170102755,776.6542223837832,776.8043638483854,776.4719977110369,776.6814562017813,776.7773208041808,776.9049641493751,778.8490372693815,780.9231783911408,782.5203374296005,784.0974207033881,787.9323111860667,90.60956844769446,80.74161632374914,72.20187792155603,65.47495331333812,60.81748787426491,58.82743941613421,57.015474508880374,58.145703187138515,59.375873407121915,61.8699287945309,64.46752538784166,67.85958202013076,35.35882404926467,269.9999987925817,0.46065238680336285,2.041598968103379
2021-10-11 14:00:00-07:00,902.1497666666668,67.50891333333333,0.27034433326109,13.5,515.3700113581278,35.48078905638496,60.23540552500687,228.13258322471668,0.0,232.33188871947115,850.7309411654912,1.0,232.33188871947115,136.53846314229264,2.1181744308899955,19.998803444444444,2.516842191666667,823.6109458229226,821.0677677612532,818.4773546245771,813.0179587196737,810.4537741145665,810.3390313673758,810.5405813745317,810.2584056985014,809.7685858697687,810.0513123369253,809.9310032477209,809.8168442224548,46.68808329035826,44.4747987365516,42.673421201462396,40.75064719068924,40.11558807877948,40.48242093108258,43.542509913997996,48.41127330265641,52.712349244211204,59.63963990065361,66.37004563851053,73.67544904500218,50.0,270.0,0.366977778440511,2.214355247456318
2021-10-11 15:00:00-07:00,561.7429,90.333195,0.2325344811016594,14.5,285.7406933829647,31.673462976516966,69.64356318737953,240.8851427527499,0.0,69.70627730589068,636.5821922118208,1.0,69.70627730589068,78.15426704804628,2.857142857142857,19.122161666666667,2.6476160833333333,620.6843053344847,618.0833070160118,615.461277353431,610.1041938875289,607.4044099154905,606.6662297510396,606.334272717021,605.5589227597137,604.8254595022274,604.4453076341208,603.6958986208696,602.8811690249407,31.958407195834305,30.113034503749013,28.352520538186422,26.521998408426533,24.87278794414091,23.192847336376698,23.284251727469343,23.21130390370125,22.81201888043649,21.982833177132786,20.696696441810598,19.095776986323926,50.0,270.0,0.366977778440511,2.214355247456318
2021-10-11 16:00:00-07:00,371.4124925,46.94387666666667,0.177390354338084,15.5,110.07788362821624,60.943803527198796,80.2131384794996,251.7485587826808,7.771561172376094e-17,21.138050549001132,257.6802389808912,1.0,21.138050549001132,23.281330248661646,2.857142857142857,18.200536,1.9362850066666664,242.842094339374,242.22133932164232,241.65321736052792,241.67759082159333,241.0570518145932,240.42126919354132,239.7583132968158,239.6814926243378,238.95317589428953,238.83834879447716,238.72711862125183,238.60370769803077,6.030579020203858,5.689634783350525,5.418845768503039,5.083902376181318,4.851965494548934,4.524644692825351,4.3452427620962215,4.043222850754534,3.92181385405885,3.9372940807049273,3.6920637379357983,3.664246802119585,20.408861983650915,270.0,0.5756414933498345,1.91991479277704
2021-10-11 17:00:00-07:00,0.2690368166666667,4.76439795,0.1955238477974837,16.5,4.771899723297708,85.43051452725743,88.40216788294845,258.99983789613594,1.8935611353399182e-08,3.0504297106429363,4.782506954014999,1.0,3.0504297106429363,0.00332462354409831,2.857142857142857,15.835600055555554,1.693818115,4.510191715414235,4.511250783933598,4.511250783933598,4.511250783933598,4.511250783933598,4.511250783933598,4.511250783933598,4.511878140154366,4.511878140154366,4.511878140154366,4.511878140154366,4.511878140154366,0.5222993777713643,0.5110590138260317,0.5017626561392114,0.494752542608122,0.49028140314872287,0.488726814695624,0.4898241283585791,0.49351686204330214,0.49958559379428535,0.5077351715838848,0.5175898986350055,0.5296139322251306,3.0274088185155446,269.99999141968107,0.7235931656157708,1.858538472818807
2021-10-12 06:00:00-07:00,206.18780708333333,27.55573766666667,0.3292484956678561,5.5,42.01049023122496,78.44553232844856,85.9799940688111,103.36182413972597,1.5543122344752188e-16,13.596396203458788,77.58330458431391,1.0,13.596396203458788,14.284610577264608,2.857142857142857,6.06793465,1.8105539983333332,58.54611595601203,58.630455442284884,58.6304545032259,58.62406730048147,58.70580629829308,58.70580311303634,58.76995844520597,58.768033272388706,58.76801629903889,58.739861253979065,58.821588137287634,58.821617737628486,3.9328569930610398,3.8529481397008816,3.7909082383183503,3.7431852754565536,3.723272757000457,3.753193766897158,3.7708697138225733,3.8079777601944693,3.859318975985322,3.9256977294929474,4.001926998577829,4.125812196408884,7.747426323039815,90.0,0.6825967893515705,1.8662709033682368
2021-10-12 07:00:00-07:00,599.0167333333334,74.19907166666667,0.2937876485347301,6.5,221.50027540578213,45.365174695072184,75.76467788592109,112.89066560574526,0.0,33.8645316891174,547.8843270865683,1.0,33.8645316891174,71.40887570551897,2.8571428571428577,7.321640044444445,2.091428333333333,524.0688632673484,524.3826459551551,524.9520471809618,525.20107039299,525.7406680149301,525.9746259397787,526.2495861563586,527.8446398358423,529.3967838457768,532.4475180082399,533.8738837566864,535.2917330957151,9.38569803468943,9.259244925867689,9.361692687272404,9.33914751697347,9.556742088165556,10.75930678682727,10.850740827505309,12.149898370954043,13.470026578337901,14.835976410440615,16.211056676929122,17.205232923280324,33.94146738374441,90.0,0.4708271610408065,2.027534453165501
2021-10-12 08:00:00-07:00,501.9595698333333,267.2807833333333,0.2751221167528395,7.5,474.18055766305883,32.82185324142272,65.65788680699814,124.46817182987263,0.0,206.91883131308052,772.62104609896,1.0,206.91883131308052,144.02991457777415,2.7075633494885483,8.572722116666666,2.066711638333333,720.9940451919875,723.612344864882,726.1795026949246,727.2399687631632,729.8459788752116,732.3521873625546,733.3960713608578,735.6344413859571,737.3135354145062,741.0903590110777,742.8509680947343,744.5777997796672,83.34846067900239,80.24896114806602,77.28613140328702,73.81619505895364,71.54856613517742,68.62990905528136,67.21272700806131,66.2751710218824,65.80909394802924,66.33291867771246,66.63317960295333,67.22834184718535,50.0,90.0,0.366977778440511,2.214355247456318
2021-10-12 09:00:00-07:00,1.8011812166666663,207.19445,0.2579965417533902,8.5,208.17529685252012,38.75931383468988,57.00556583058694,138.28226877892652,0.0,138.422551276607,187.56300307083913,1.0,138.422551276607,64.83095817771584,1.833854839351893,8.659310566666667,1.588792255,164.41088105381044,167.0010027963687,168.14713048019635,170.65427849086134,173.15371381798172,174.26121597340432,176.61841955850306,177.66613691630323,176.74747813240106,176.22504785705732,175.71710970587725,176.66486747098642,39.62380449706633,38.854269865123015,39.34633998124584,40.071366786246465,40.81612411202292,41.882795446849386,42.832386199747496,42.59975773311526,42.25639698497779,41.929438403552915,41.7023919321282,41.32793262065437,45.70560459160422,90.00000085377364,0.392119475865617,2.158797583097706
2021-10-12 10:00:00-07:00,0.7457854166666666,170.70958333333334,0.2516993530146773,9.5,171.18240453475386,44.48813675542937,50.654815107261555,154.97846215644108,0.0,113.00196856585555,160.67618388830098,1.0,113.00196856585555,44.612553647013826,1.3939133653654348,8.508643616666665,1.6037731366666668,148.75783264975826,150.34717777540598,151.0596807020473,151.849350664747,153.26746219641396,153.98153648623256,153.69367656337266,153.40056824315107,153.195586544024,152.93794462809515,152.75813918874934,151.81966150862903,25.994729058055796,25.575652008829653,25.258422630521856,24.941863396467916,24.967500436966834,24.94187199266684,25.55158333815033,25.278431144704616,25.41096217016368,25.822347615189962,26.004612926280853,26.088086410450902,27.290302498856104,90.0,0.520750426752455,1.9684480092545205
2021-10-12 11:00:00-07:00,0.5030056833333334,109.50976666666666,0.2473073945806292,10.5,109.84898267789741,47.28125616003251,47.59412619047846,174.26680979031616,0.0,70.5578066221371,108.79087287325781,1.0,70.5578066221371,26.581720337489553,1.0820509686920263,8.402370994444444,1.6253813083333335,103.26262149080812,103.26258395092688,103.08496935896656,103.23807998537796,103.23815408422453,103.05507371434324,103.21276214760026,103.21274652084858,103.21272394852677,103.0351271686933,103.0351081664911,103.19706640420888,15.138705760248596,14.779232305372737,14.519871591216152,14.33587042080045,14.230879213923036,14.205861694307242,14.259954270283629,14.377644296640549,14.575936749835673,14.84194485737745,15.136270478913387,15.460897530633806,6.242068329110214,90.0,0.6956353685797221,1.863071457593434
2021-10-12 12:00:00-07:00,0.1179442333333333,51.68904666666666,0.2250713035755075,11.5,51.767238646199175,46.514399017796194,48.47420190045667,194.27313622060456,0.0,33.72553875348292,50.009041022188,1.0,33.72553875348292,11.357156451486563,1.2095082990768986,7.172427511111111,1.2697414066666668,47.43660560141118,47.62967915582431,47.47707253229929,47.669292607425405,47.5285736837975,47.72137848312245,47.76842556437324,47.63641365116027,47.6888425784216,47.89343159958157,47.75834208950508,47.6135648865268,6.69032383753341,6.62968776828629,6.508123510110877,6.37439654869712,6.335787824177627,6.231351491483843,6.180027848696423,6.206437998243735,6.194951761824556,6.232866855505002,6.384932445901682,6.503804830401762,15.558017907817309,270.0,0.6158929927557437,1.8937835044442104
2021-10-12 13:00:00-07:00,0.3284474166666667,122.32012833333332,0.234189313435755,12.5,122.51736070930761,42.37393278499545,53.09434904569941,212.55742654563204,0.0,82.07623549063675,109.71810214506473,1.0,82.07623549063675,32.2705309958566,1.558991551653448,6.480630905555556,1.9518365366666663,103.06001289898215,104.16220166974244,104.44867099365301,104.74427766725198,104.30636042893856,104.61272312482748,104.00541515332242,103.40857102389772,101.9801323444431,101.3464958454354,99.92499751625469,98.4725256267471,19.53321274533208,19.66908575529788,19.77943347054045,19.830569462962618,20.295602451201454,20.284683737534888,19.678847836805982,19.75993144125178,19.71475717850526,19.310791962235644,19.043655166942262,19.294439886852135,35.625163237172416,270.0,0.45875999365656284,2.0442978320487137
2021-10-12 14:00:00-07:00,7.509327099999999,122.82933833333333,0.2347091809602236,13.5,126.51832728392058,35.78958930311653,60.576945970066866,227.94153653930516,0.0,84.84890445880929,109.1045902285152,1.0,84.84890445880929,39.03963298166994,2.134318920625017,6.817134938888889,1.0333407933333334,101.81717388184194,102.21874598071994,102.62556295988006,103.34941808879941,103.77067258849124,102.18518695435316,101.46151766018008,99.8433421586316,98.17847954640294,97.41333845315012,95.71236017490668,93.98593617493339,26.206454973561847,26.56195049015694,26.89930001127229,27.15321314158464,27.46245193261277,27.7666219317241,27.074132274434547,26.432601435455666,25.766233329222388,25.27650462226231,24.80387114284222,24.47753987048263,50.0,270.0,0.366977778440511,2.214355247456318
2021-10-12 15:00:00-07:00,131.65456015,188.34885,0.2402136819389674,14.5,233.46196225513995,32.045160822072916,69.96081416766381,240.6628301437097,0.0,109.55639711348422,355.06019721348525,1.0,109.55639711348422,70.88788735722174,2.857142857142857,7.739807322222222,1.3614731516666665,341.36312953027107,340.60428046782124,339.84769551626835,338.1785172399762,337.3853168350622,335.50251153231795,334.6429756472801,332.71564250789385,330.7611761206974,329.83680248642133,327.83390301580687,325.7801981810697,39.75813284236513,39.26004617140081,38.77337073629715,38.16644102177803,37.6655217923525,37.12591879749198,36.385835494474215,35.59090289482583,34.65527618997076,33.68413435799764,32.571475937310026,31.48774546353634,50.0,270.0,0.366977778440511,2.214355247456318
2021-10-12 16:00:00-07:00,0.5887594333333334,43.73292833333333,0.2444953036382531,15.5,43.82998315386967,61.901456530820745,80.5116935300199,251.51073184160273,5.7871268775257334e-09,28.2642378616276,43.11247083014786,1.0,28.2642378616276,10.529482312155343,2.857142857142857,7.403017138888888,1.3859615,40.80092215686851,40.959696086088314,41.098272555995926,41.24603012959453,41.1620887798214,41.095836948809165,41.2435399714869,41.021012526286995,40.96048875342411,41.103648654463264,40.89447367859256,40.84133820764278,5.989276272252564,5.875440234572272,5.732695868946746,5.743567361142422,5.748995131899348,5.7439183781385905,5.802195949787542,5.7914385307159355,5.924465126157979,5.931210993914462,6.066371914816616,6.082507716896468,19.732625245908714,269.9999985212207,0.581184353008924,1.9158644130446523
2021-10-12 17:00:00-07:00,0.4573800333333333,2.9027154666666664,0.2567854113144539,16.5,2.914665130242628,85.71907893560902,88.50290097085647,258.5936178872862,9.970649817398988e-09,1.8582403108221737,2.935074751398366,1.0,1.8582403108221737,0.0017826053549569285,2.857142857142857,6.081754900000001,1.081240428,2.7557809318614126,2.7557809333193344,2.7557809333193344,2.7557809333193344,2.7557809333193344,2.755744670202039,2.7561545030933376,2.7561545030933376,2.7561545030933376,2.7561545030933376,2.7561545030933376,2.7561545030933376,0.4178415045881474,0.4088569509253107,0.4014183310936996,0.3958023087724182,0.3922130244537872,0.39075954700124416,0.3915469075862313,0.3946942841144741,0.39955336000326,0.40608945919979034,0.41400329976357836,0.4229590447715513,2.8400318096511454,269.9999956465915,0.7252261947183672,1.858371094282357
2021-10-13 06:00:00-07:00,333.19542581666667,17.116581166666666,0.3771453730895586,5.5,39.31487374264705,79.02679907880974,86.17998586462329,103.68378255151254,0.0,8.100573968933682,86.51906636885599,1.0,8.100573968933682,15.434533776451454,2.857142857142857,6.08671185,3.505632565,61.08841577678415,61.21466269897881,61.185999244727526,61.31228664993992,61.269268113833036,61.26796176173659,61.394217608244674,61.33739047457227,61.3373808725325,61.337370506892384,61.46363485082287,61.39381414224869,2.727765082619453,2.667366901788739,2.6249497514433595,2.598202310650307,2.582266075359679,2.5788013543177226,2.5908173746389904,2.6562554265128293,2.692209794832049,2.7383634974958655,2.7913061404840604,2.8462571626586346,7.365150215185258,90.0,0.6859038023686218,1.865393539121011
2021-10-13 07:00:00-07:00,778.1520833333333,40.48766833333333,0.294653536556848,6.5,228.95771438049275,46.21089344139031,75.98345510643348,113.20890642643712,0.0,18.81505167610556,612.4136872633076,1.0,18.81505167610556,71.40880419507081,2.857142857142857,8.713837411111111,6.0930108333333335,589.5530249359667,589.874995551583,590.1854311972628,590.3223759517684,590.4831069960334,590.7649002304112,590.8921987441015,592.3197271269353,593.6882508541368,596.3327822551468,597.6441025345623,598.8990496804939,5.144790240733963,5.158970529717319,5.127863618356898,5.22011352805109,5.33882561729097,6.266041216085578,7.34096681068529,7.570216829084383,8.525634609567083,9.686945518834637,10.868827399920399,12.08371974230818,33.30026423529551,90.0,0.4754866637257275,2.0213380277536794
2021-10-13 08:00:00-07:00,921.44065,51.231815,0.278487893937641,7.5,427.3794273546507,33.199020513260606,65.90712990553124,124.78008714086388,0.0,136.96195620689014,869.5305195777617,1.0,136.96195620689014,116.13014089440041,2.7238758376849597,9.986166094444446,7.3496684,831.9515007522524,832.4232937676895,832.8622343821761,832.9480847158854,833.5176262133189,834.0388175646361,834.1773641108006,834.376015599593,836.5245109791027,841.157798475329,843.429796620423,845.6586538368857,68.27603701547933,63.52353361054526,58.61973569925071,52.948868939949314,48.52082210787278,43.21411484896485,39.86684491315527,38.21190560448091,37.191463631845636,37.440772140896286,37.53476676026012,38.07867985087663,50.0,90.0,0.366977778440511,2.214355247456318
2021-10-13 09:00:00-07:00,979.8467166666668,58.112775000000006,0.2687312151964821,8.5,587.5385225465393,39.1179342859013,57.294924280253575,138.5720081770507,0.0,300.12774655091835,859.6491182053333,1.0,300.12774655091835,151.6618205527117,1.8390205649751317,11.500942833333331,7.11031585,823.3613617619104,823.1491954265463,822.6142609404081,822.6323446315581,822.6704750064196,822.6463044613947,822.4823139121661,822.1619742412867,824.2607439125751,828.4401358269259,830.8951473031908,832.9691698815617,80.82816822899028,70.55705487026017,62.59051561706107,56.1727129852751,50.64421448898888,47.440156885564946,44.10453575377317,44.25224175636386,44.49276491406785,46.1954357033644,48.99919206594277,51.64412292233547,45.85970952648327,90.0,0.39118162330860506,2.160725245221527
2021-10-13 10:00:00-07:00,1007.8160333333332,61.934075,0.259240087900025,9.5,696.3349665888088,44.86232598295931,50.98816915714937,155.20844833347405,0.0,420.04429143552244,795.7550590145921,1.0,420.04429143552244,180.36751641946896,1.3952483768036406,12.554938055555557,6.289364333333333,770.1348261423923,770.1612794401071,770.3754946107197,770.1943847399355,770.2803536229117,770.3625075090853,771.7685421375005,773.2292007332438,774.3674935605086,775.8247918449576,777.1263114673038,778.5623094375494,93.38045035728551,83.49001242057223,76.34298944263959,70.37831496169358,65.80709675450885,63.91946380066306,62.63925503478719,63.303459084052015,65.49803705248135,68.23761724684461,71.5258846221826,75.30724788173133,27.365917524126736,90.0,0.5201642074245327,1.9690538786025158
2021-10-13 11:00:00-07:00,1021.593,62.75641,0.2561727153660761,10.5,746.842797272365,47.657738658367165,47.961707062828026,174.38549769534765,0.0,485.1757456042756,753.3189793708725,1.0,485.1757456042756,192.7035892620238,1.0814001601654626,13.221391888888888,7.50270745,739.4972682292102,739.4965764521002,739.894712357032,739.7351950866667,739.697776531019,740.0969923366254,739.8932086952958,739.8927634261858,739.892315474692,740.2906403835731,740.044388672937,740.0442957827294,101.97885410585712,94.02459736278,86.55474890863829,81.07452357362322,77.1866169600169,75.01602142308965,74.5328201192849,75.89017527424359,78.98385475097099,83.53655048116866,89.01856350223805,95.31118790206638,6.192970191484348,90.00000409455455,0.6960613103866942,1.8629786498555512
2021-10-13 12:00:00-07:00,1015.3568333333334,62.775355,0.258813912089054,11.5,730.8888924819843,46.87153508869016,48.85182574763392,194.25564097474293,0.0,468.1789627072616,765.5423060581373,1.0,468.1789627072616,190.94013858847507,1.2120811870593768,13.820236777777778,7.680640049999999,750.9526777288856,750.106038603194,750.3103941981713,749.585392352135,749.6934334594034,748.9327364027104,748.2582225261152,748.2791105669193,747.3368075795004,746.607260268439,746.6216881969723,746.6832744509386,90.4467127342006,84.9276701399045,80.49942240124567,76.47663880744106,73.96562124307152,72.94352604906332,73.17712648061517,75.3101381056534,79.91509281672474,85.36366207713607,93.17245330723705,101.72616579354658,15.73791858357822,270.0,0.6143812499776391,1.8946304060184629
2021-10-13 13:00:00-07:00,997.4070333333332,60.416405000000005,0.2674271010662428,12.5,654.2823074764295,42.69711467589678,53.45815008553576,212.43048882005633,0.0,376.5351857414071,822.8892112016201,1.0,376.5351857414071,171.89171396196602,1.564969934724249,14.12413472222222,6.342806816666666,802.0965932078316,798.8572680406902,797.0844685183799,795.5264798980603,793.9643926816132,791.7413911138469,791.8033505106766,791.9437185833989,791.9826696292695,792.1862879296207,791.8196431380526,791.8138593084796,65.18165449277129,62.6319981697684,60.33060263703192,58.763964192611205,57.37362776386938,57.32267980507569,57.5262641186466,61.316796246812,66.29082608500433,74.3548024493173,83.16026345102588,92.86817972728988,35.89060577886506,270.0,0.4568802328225758,2.04700508592156
2021-10-13 14:00:00-07:00,955.59185,56.24763333333333,0.2603189282865841,13.5,520.7521596711525,36.09888469225791,60.91602840029124,227.7509257202739,0.0,227.96957838251083,873.8972530756273,1.0,227.96957838251083,130.74624526365218,2.1506192035367104,13.741683055555557,6.2959915,847.2862216935312,845.0074775597266,842.6822807887389,837.7950117769581,835.5089273288381,835.4670017225054,835.6808755857378,835.4530036465275,835.0434912589592,835.3255111710998,835.267866115739,835.2160109667127,42.644741672290515,40.72301678826554,39.22514142984695,37.608709547801205,37.23933579121889,37.80851423530983,40.93648976150235,45.838668946254415,50.14839344231419,57.070906836934064,63.78646232972889,71.04077639447554,50.0,270.0,0.366977778440511,2.214355247456318
2021-10-13 15:00:00-07:00,867.1728833333333,47.95771333333333,0.2139279677039698,14.5,340.6261585852095,32.41530182687894,70.27553509959793,240.4410108148818,0.0,58.908358805358155,823.416203848995,1.0,58.908358805358155,77.3511183923219,2.857142857142857,12.980701388888887,7.4420739,806.6283938839158,804.5007149239385,802.3842487843164,798.0499981783094,795.814258222591,795.3828584880883,795.1829156929361,794.7152152149116,794.3050935423038,794.0527263403512,793.6273342956564,793.1449616321728,25.036346929203606,23.64865300965244,22.32570994509413,20.915496663802752,19.611237946801445,18.19878153376691,18.240538167583054,18.03657411501878,17.53766449770529,16.560514345875315,15.242774177034246,13.666579444155234,50.0,270.0,0.366977778440511,2.214355247456318
2021-10-13 16:00:00-07:00,633.990226,32.150486666666666,0.1298003106233521,15.5,133.43085745334304,62.842986193741204,80.80757480348385,251.2731777128029,0.0,14.17919848835986,343.9597022336138,1.0,14.17919848835986,20.47463791071798,2.857142857142857,12.045710277777776,4.73440175,320.28063160392185,319.8226771566144,319.90855836267775,319.3302365467457,318.80972832804537,318.25450791994825,318.2542120499329,317.6709817046823,317.0536147087889,316.98645218753296,316.91300441751105,316.8400286388868,3.8817878534725443,3.4249642290307403,3.3952328434998322,2.971990270385464,2.9439201780246202,2.5579846651969493,2.5402503507763274,2.5300360819800343,2.194560139697113,2.2010083693658204,2.2177750571673354,1.9449946594615612,19.069613432543367,270.0,0.5866416482803127,1.9120205392952108
2021-10-13 17:00:00-07:00,0.3062000333333333,5.21347965,0.1904351131731922,16.5,5.220954070007554,86.00074070708422,88.60125664490242,258.1876329635474,0.0,3.3371298266015725,5.232032999194309,1.0,3.3371298266015725,0.002802126105028237,2.857142857142857,9.928571133333332,2.81866375,4.935577369927365,4.935577369927365,4.935577369927365,4.935577369927365,4.935577369927365,4.935577369927365,4.935577369927365,4.935577369927365,4.934841281439457,4.934841281439457,4.934889577648439,4.934889577648439,0.5635512294482133,0.5515733315195411,0.5406361452851373,0.5319128970593312,0.5250996889506949,0.5213903122439008,0.5204696491530416,0.5224236590732045,0.5272189431740383,0.5347086090640378,0.5446166220781553,0.5565718555531026,2.6568824107607734,270.0,0.7268226355190232,1.8582178153590085
2021-10-14 06:00:00-07:00,0.08776035,22.4416361,0.2562748120565417,5.5,22.447461147310836,79.06814435417947,86.19422468298389,104.16579758977599,1.0981540123220921e-08,14.114772209226098,22.7506520410497,1.0,14.114772209226098,5.596583506761488,2.857142857142857,2.1312150222222224,1.3204764166666665,21.31534135258176,21.269619269860474,21.304720580890784,21.25904603813264,21.295748514990166,21.294202050659578,21.24849049509194,21.286645317072725,21.286633937536962,21.286621646053565,21.24091958423792,21.280516438117882,3.127758180462891,3.056410514835208,3.0061745037565832,2.970316289960174,2.9514363368706324,2.947573784554109,2.9617763652865143,2.986007590788062,3.0288601399215676,3.0793075440241093,3.142355728542662,3.2074139188230553,7.352759693373885,90.00000381819183,0.6860110394401119,1.865365840013573
2021-10-14 07:00:00-07:00,28.213721016666668,122.383235,0.2657768113864169,6.5,129.1117591310079,47.04817493601343,76.20291146317479,113.52354918056513,0.0,67.11495251544561,175.24329929930963,1.0,67.11495251544561,37.35348685830331,2.857142857142857,2.782337861111111,1.6459591033333332,163.26372226742654,164.4043991648938,164.99399215363576,166.05936989820566,166.54742869595242,167.01629145587816,168.05429751538193,168.11467510206307,167.77247871074974,167.87936350549725,167.92332353082597,168.02135352430787,16.953876487616483,16.720009528804837,16.922279576805963,16.93038096873086,17.323392190685038,17.506213711151997,17.368555617889534,17.90003834488107,18.18115437317248,18.39862104111447,18.293143132195905,18.460648190632583,32.667177241118345,90.0,0.48012092019754926,2.0153227284099255
2021-10-14 08:00:00-07:00,413.41478855,150.872455,0.2769973611349018,7.5,317.98812060722906,33.57385774052815,66.15696364684854,125.08759496814461,0.0,129.01041206465965,561.1324334300033,1.0,129.01041206465965,101.62996122953083,2.7405874827839694,4.352099583333333,1.5632519483333334,520.7341631657121,522.1423177408924,523.5205958668636,524.0712145572832,525.4924072133936,526.8561031744208,527.4198935785323,528.5883465602608,531.1029225247298,536.3432579644956,538.8693000420325,541.3522061180287,54.71588409202318,52.50599930002694,50.2387511217145,47.55272266318049,45.62238397140167,43.202986401476004,41.85506721484229,42.109769270761795,42.71974578444373,44.089853876605055,45.335925995850786,46.837230221564006,50.0,90.0,0.366977778440511,2.214355247456318
2021-10-14 09:00:00-07:00,950.2484833333332,77.30133166666666,0.276524939507567,8.5,586.6875311880074,39.473634438163614,57.58445928145569,138.85645219226683,0.0,296.55405333523225,856.3787828408601,1.0,296.55405333523225,159.2757335785963,1.844324603697816,6.230264711111111,2.011946165,815.2507164919274,814.8662276826761,814.7832168136133,814.9613824092614,814.8515572178352,815.2516242038083,815.2501445112797,815.004635746972,817.3672226567068,823.040151523972,825.5477438121394,828.0162047103279,82.42518748202508,73.25452908427108,65.39951902125495,57.71480027315447,53.21600631542392,49.99201667810099,46.60815831979231,46.34721090508405,47.703862367630876,49.72447953118137,52.31737078817085,55.848379868350484,46.01681112247243,90.0,0.39022820565289135,2.162695577668708
2021-10-14 10:00:00-07:00,105.56800966666668,373.62665,0.2604770335443995,9.5,439.6022196100413,45.233986186156336,51.320896958735936,155.43277875116655,0.0,280.62778318168995,450.62152556226255,1.0,280.62778318168995,120.18649157864071,1.3966428295280422,6.986299366666667,2.5835578,422.1384493476986,424.6561014217922,425.9736111917804,427.0352092193423,428.08029481265567,430.4437021878832,430.92478268114274,431.5171252740682,431.9067967443435,431.42401106502865,431.852644959009,432.43048564233777,65.10526111516883,61.85346093281473,59.995879321097945,58.14716188631604,57.69945600010065,56.97223674702471,57.67146575868882,57.59065489904169,58.97475277693483,60.95363721124942,61.86132763082779,63.393068706808336,27.444750384432982,90.00000120741828,0.5195534674745572,1.9696871779182548
2021-10-14 11:00:00-07:00,61.69009266666667,371.63073333333335,0.2590291150610138,10.5,412.64660002448346,48.0321479668521,48.32767843703706,174.49964088300214,0.0,266.12033045323864,412.37502594504656,1.0,266.12033045323864,106.6972168678768,1.0807815729732453,7.287788527777778,2.854686383333333,395.7369496026487,395.7367174875525,395.8366764313008,395.836592418501,395.81533025833653,395.67324902501133,395.8969404018741,395.8968169052755,395.89667301083944,395.7542985966597,395.960270115515,395.9602160125884,58.70716656178234,56.27068242397407,54.042017636401624,52.47351615093966,51.42479978520201,50.92302305525403,50.96098282276954,51.564331459059325,52.703945766623946,54.20315837149764,56.14131690072218,58.227294393994825,6.146302852468412,90.0,0.6964662009702527,1.8628911136463873
2021-10-14 12:00:00-07:00,141.07791231666667,266.2728783333333,0.2593422222100847,11.5,358.40547372512833,47.226905928552455,49.22715174605414,194.2359209268691,0.0,229.96420925613566,364.25236212984095,1.0,229.96420925613566,95.84061769862608,1.2146405873220933,7.781409388888888,2.840379316666666,347.16910321131934,347.6429852757291,348.16647769352903,348.7521472846852,349.4125222154477,349.41149701118906,349.92495476055615,350.48421492900104,350.4947551540156,350.94436887240204,350.94026654442047,351.4141283678806,51.21844253349448,48.35112373612252,46.33181755862518,44.80555811434445,43.808417834280824,43.27989198864612,43.580446731792705,44.20450577374055,45.13257745277197,46.76980387306863,48.25689264553524,50.30232583754885,15.916480793150953,269.9999982924527,0.61288207671393,1.895480390133324
2021-10-14 13:00:00-07:00,0.3886404666666667,46.57711166666666,0.2397050799995904,12.5,46.806538656687245,43.01876680805985,53.819412814961616,212.30319335930852,0.0,31.46874718187711,41.36466829104112,1.0,31.46874718187711,12.53214881059038,1.5709780051199203,4.7940667333333336,4.373343281666666,38.62043790302797,39.13624312561869,39.27575481693417,39.3898652385217,39.535706140925235,39.68345857742897,39.14867807422105,38.90992902795222,38.378479608860076,38.12741065411736,37.56573968974744,37.30242207395947,7.691171581320172,7.755936040357643,7.825718539603009,7.87118997049563,7.915554998870212,7.929224678513177,8.140198066515588,7.916335122381785,7.706593659920264,7.70034836849703,7.577818054942987,7.5079859568994625,36.15498662404482,270.0,0.45501424405818225,2.049718795595434
2021-10-14 14:00:00-07:00,29.25605193333333,255.99636666666663,0.2611689171803527,13.5,270.0670713571244,36.40853779321585,61.25251904410373,227.56071897384496,0.0,170.77536362751448,269.02881591985454,1.0,170.77536362751448,85.83030415805752,2.167069193824641,4.793215355555556,2.0866901016666666,252.99423509580805,253.56349667035244,254.13880680556218,255.08973412360774,255.69522173739813,252.85724319570483,251.59698025779812,248.68787668237871,245.6803031325358,244.3496397570027,241.30705545322496,238.21946435378868,53.07145577066744,53.60038140259689,54.12589356389931,54.465474831895236,55.02989634277286,55.65303865646332,54.665056541029216,53.93094329546524,53.085059836627345,52.80931030674599,52.53979904478901,52.6043443383266,50.0,270.0,0.366977778440511,2.214355247456318
2021-10-14 15:00:00-07:00,36.98819493333334,145.92276666666666,0.255445939906794,14.5,158.2163630962998,32.78376184094343,70.58759095071757,240.21967538054145,0.0,88.42442105552027,194.50695689290927,1.0,88.42442105552027,51.32429384641608,2.857142857142857,4.844780127777778,2.267293,184.81181457948674,184.7351866977515,184.66545738012562,184.40018046445198,184.31253571630032,182.68129042806777,181.94054044090495,180.27733810622954,178.57735830716962,177.78736056085327,176.04316686236524,174.26793310919277,31.211385113636496,31.196022500512324,31.1655859574084,31.030687533473127,30.958655439541896,30.85173173319647,30.101662265762734,29.350016683862194,28.535630738503365,27.813906252339564,27.07022146347212,26.443874194621927,50.0,270.0,0.366977778440511,2.214355247456318
2021-10-14 16:00:00-07:00,99.93900785,58.906195,0.236143210417014,15.5,74.36668012876908,63.768586541515575,81.10064840987071,251.0359056054444,0.0,32.88180705736528,118.36863371833782,1.0,32.88180705736528,18.424252033108825,2.857142857142857,4.7836656500000005,1.7704243766666667,110.44701338731991,110.44162085543394,110.32607983876666,110.33354962695847,110.20648361616136,110.0877072357001,109.94251222418475,109.9388284116079,109.80084867880456,109.64391293988027,109.49686252785891,109.32612777451668,7.571759210414836,7.452691700181878,7.245677635103506,7.132235015217872,6.939656342407788,6.849466166418818,6.78316323459074,6.673728626170281,6.671533682254012,6.63141857318496,6.713653947208201,6.824341496875605,18.419469928996303,270.0,0.5920142697916408,1.9083741623588617
2021-10-14 17:00:00-07:00,0.29660445,2.935551983333333,0.99,16.5,2.942296049919711,86.27518480270963,88.69712050813325,257.7819177953609,0.0,1.8788265645632498,2.9534480491056208,1.0,1.8788265645632498,0.001372690411509086,2.857142857142857,4.018673316666667,1.3958584616666667,2.781214727570678,2.781214727570678,2.781214727570678,2.781214727570678,2.781214727570678,2.781214727570678,2.781214727570678,2.781214727570678,2.781214727570678,2.781214727570678,2.7808002585086213,2.7808002585086213,1.6479315041784321,1.6127228340552318,1.5797725513395526,1.5546889728946953,1.5362928542923557,1.5254624739264655,1.5228123619468144,1.5285790567241313,1.5426588594782318,1.5646072669262896,1.593609700711364,1.6285698289099846,2.4781566097051204,270.0,0.728380746010322,1.8580780787487237
2021-10-15 06:00:00-07:00,308.58982201666663,16.174486116666667,0.4092449929929741,5.5,35.57475683328863,79.65228982134872,86.39558059749972,104.48146151903654,0.0,7.630295578591786,76.73678162037169,1.0,7.630295578591786,15.105515373609247,2.857142857142857,0.4666002802777778,0.8598762683333333,53.13000352074047,53.12998907650913,53.128663734230926,53.20798270471379,53.207997612038014,53.20800393324762,53.274183431657754,53.274174880894364,53.274165229918495,53.273170420668826,53.32694287779544,53.32694593930248,2.7543891970455046,2.6978222889387635,2.6491480261339624,2.650156093019332,2.6337375148473137,2.6312437495633834,2.6420321040020873,2.666844580162894,2.7023955512710414,2.7489482493362027,2.8418599904479795,2.898423869770168,6.9673966657178195,90.0,0.6893477351604522,1.864527518212749
2021-10-15 07:00:00-07:00,773.27905,41.25479333333333,0.3128510249572242,6.5,222.78342444738013,47.87738833972401,76.42300866476513,113.83447739757592,6.547638943682174e-09,19.241510434014724,593.1199305116819,1.0,19.241510434014724,73.50954775605528,2.857142857142857,4.47542355,2.745567275,569.7022244312674,570.0201099845596,570.1603407267396,570.4575323630366,570.5906484665585,570.7416894411585,570.8657808692637,573.517814370964,574.9067818445352,576.1629769840043,577.3988128592365,578.5761411284501,5.48790675081578,5.488269409613976,5.4518911175668725,5.5386035887025376,5.54514457062655,6.53084494351509,7.567154069371563,7.635479954793964,8.736080425989163,9.855573496365599,11.017870738981165,12.199404949336683,32.041699736038815,90.00000120741828,0.4847318343606453,2.0094806595704235
2021-10-15 08:00:00-07:00,929.00775,53.045811666666665,0.2909523952896562,7.5,424.86430306070866,33.94624720918039,66.40732659654051,125.39059100243175,0.0,128.96080202271935,872.7028436697626,1.0,128.96080202271935,120.39548323589983,2.757711939532551,6.120928555555556,3.3063549833333337,833.6455466294082,834.1232795992503,834.5788901247421,834.668367646027,835.2534241426405,835.7836144079466,835.9739139376532,836.1762303217993,838.3628527181933,843.0915019288727,845.4091682710697,847.6835557868253,68.64495880753942,64.39339538253604,59.65340929934351,54.07784198764588,49.60231830686854,44.28008475922969,40.834969353029116,39.1285446035401,38.04668309187785,38.23494420561553,38.28201416494387,38.789714406140554,50.0,90.0,0.366977778440511,2.214355247456318
2021-10-15 09:00:00-07:00,992.6804833333332,59.68854,0.2780778445280564,8.5,587.5778382231318,39.82627440324428,57.87408479951516,139.13552414827336,0.0,294.8545923267096,864.9840423665133,1.0,294.8545923267096,156.56463414595694,1.8497717710741903,7.324136094444444,4.708084566666667,827.1005856952308,826.2919822548679,826.0326500870129,826.03410047219,825.8570614421017,826.089063076814,825.6869704622071,825.6088781175351,827.5573194245804,832.4447236810665,834.5663364833161,836.6560118769178,82.28357039258367,72.81384410148918,64.69143318549987,56.77327893906368,52.1004715801185,47.829489239105165,45.1380955094975,44.46617314577529,45.46401142804283,47.12162821327803,49.35808511378656,52.41483990161267,46.17697336515896,90.0,0.38925899800655167,2.1647096705298443
2021-10-15 10:00:00-07:00,1021.871,63.807948333333336,0.2670596598698125,9.5,697.8012720972606,45.60298839628085,51.65289400775608,155.65141733840892,0.0,421.0141714926072,798.9172704015994,1.0,421.0141714926072,186.0942841771223,1.3980991482223355,9.087092305555556,4.0893121500000005,771.9214935206921,771.7744039864236,772.1709648337093,771.9973309615407,771.9107258953219,772.0101234996922,773.6026225952521,775.1012310972521,776.2632747127025,777.8303364913348,779.1054834704819,780.5814903465828,96.44729105278017,86.23183729962287,77.86289395836668,72.72412981759018,68.0047841722338,66.08562498762524,64.14550192302302,64.93621195442364,67.70559190306888,70.48678304007018,73.56124446108532,77.73513329012536,27.526921538858833,90.00000085377364,0.5189173292109157,1.9703490834592938
2021-10-15 11:00:00-07:00,1033.268,65.50166,0.2633157634219974,10.5,747.569613339202,48.40437522259877,48.69192835190973,174.60922099417493,0.0,485.6314303880728,753.9508093303846,1.0,485.6314303880728,198.2686386440829,1.0801975101165786,10.089562616666669,4.517265966666667,739.1616219103765,739.1609206770038,739.408749982688,739.4082487722978,739.3696391505378,739.7827636597781,739.5723146899713,739.5718655147091,739.5714130936092,739.9835963282391,739.7289886717502,739.7288943190499,104.9502131494792,96.7871845742351,89.11335524408429,83.48197500769412,79.48606851793481,77.25027091695098,76.75358482453572,78.13873652575413,81.3117068738175,85.734115539501,91.63639591685259,98.10480503532149,6.102227261680261,90.0,0.6968486378979099,1.862809044569449
2021-10-15 12:00:00-07:00,1031.882833333333,64.46126833333334,0.2661179976368642,11.5,733.2442111433226,47.58043276129525,49.60006248859346,194.21393594630462,0.0,462.74475302728996,769.665390645232,1.0,462.74475302728996,196.89760204044467,1.217183934780555,10.8272994,4.59329935,749.3646717862661,749.3076772191987,749.3913643677187,750.3390601113972,751.1162775888288,751.1094813132268,751.9499605451116,752.5667612087642,752.6014081799291,753.3505620274819,753.1778931106468,753.8439275389848,104.2463378806549,94.35875664221761,87.2943433784172,80.59182695265393,76.43252348412868,73.92017250771184,73.2000259874666,74.37795884090893,77.01484547888712,80.65693404090332,84.91820149705399,90.48088445556735,16.093532636237647,269.9999980909041,0.611396899066192,1.8963324067177327
2021-10-15 13:00:00-07:00,1010.3745666666669,61.27437333333333,0.2751000571169079,12.5,652.6151905676509,43.338834981198715,54.178010744649065,212.17548873389887,0.0,375.68026265720454,826.8245765281378,1.0,375.68026265720454,175.97313374063677,1.5770121259428935,12.0632305,4.603185333333333,803.1194811582772,801.32018695464,799.8227070935579,797.9459650721993,796.399704872792,794.3510169735221,794.3703436740145,794.3314779659258,794.1671796591177,794.5974914822827,794.4570945049641,794.5202054993326,66.7789251714203,64.135092440383,61.948421454074975,59.795956042487276,59.0125787656178,58.5062847852047,58.58470083688641,63.07582150771086,68.23502518525565,75.47861706989052,84.29975953263269,94.36438674155625,36.418133893793744,270.0,0.4531631986657594,2.052436914891511
2021-10-15 14:00:00-07:00,972.7719,55.01366166666666,0.2632019955837114,13.5,517.8923461510765,36.718415385091085,61.58628484752975,227.37088037343955,0.0,221.76967299043218,880.4304632708757,1.0,221.76967299043218,131.0928117821102,2.183662112237895,12.401236,4.228183783333333,853.3456978865879,851.0851110547561,848.7789632892903,843.9460410909569,841.6829233747976,841.639275372185,841.8358359705546,841.5812919172347,841.1659372142359,841.4117010396317,841.3377284692282,841.262968201622,41.98611177102791,40.145668494285886,38.712344448478646,37.16869440104164,36.89062505256579,37.48450057396777,40.683498126665384,45.67373311546395,50.05990744584478,57.050943739202054,63.84773982314067,71.18752250918422,50.0,270.0,0.366977778440511,2.214355247456318
2021-10-15 15:00:00-07:00,866.92425,49.97537666666667,0.20959550423919,14.5,333.69359010730335,33.15042009535214,70.89684689552672,239.99881051932152,0.0,52.977028037151186,820.1648172512039,1.0,52.977028037151186,75.42994074507126,2.857142857142857,11.971503,5.000088933333333,803.5269914060541,801.3537689000942,799.2084693446096,794.7678499929339,792.4420463919639,791.9956134480294,791.7805678976811,791.3022548908696,790.8714358774283,790.6071129376403,790.1421486861465,789.6439024628114,24.097664396580004,22.49588640120022,20.935564810375553,19.270410218982853,17.682515442072305,15.972666142799138,15.779627398381317,15.389287172118745,14.803295202940577,13.891467599727092,12.804375365732993,11.570459552212295,50.0,270.0,0.366977778440511,2.214355247456318
2021-10-15 16:00:00-07:00,573.428687,34.009703333333334,0.133282802640803,15.5,119.84879242255614,64.67841593302045,81.39078037523703,250.79892122394412,9.154070062547396e-09,15.673763075278897,300.52798729879214,1.0,15.673763075278897,18.975922417796035,2.857142857142857,11.423449222222224,4.5530311333333335,273.08144153621504,273.1553599205595,273.22921639274983,273.2962594117472,273.81426746289907,274.367507969558,274.8929721668244,274.8688969173134,275.3836698324017,275.8455282889216,275.8455370835657,276.27338761967513,2.3066374183861207,2.3552810653180427,2.3372093106460134,2.3268949958639946,2.631752877154883,2.64202302860109,2.850965550876686,3.0194035180866527,3.0487961911739574,3.446410280330813,3.480114623353394,3.910086312076511,17.78187848928332,269.9999977411273,0.5973029249160778,1.9049168267050938
2021-10-15 17:00:00-07:00,0.24975835,4.679276866666667,0.2079732707988455,16.5,4.683730691622256,87.07950953235884,88.9782167467919,257.53698082235474,0.0,2.9939461225728277,4.690654728953127,1.0,2.9939461225728277,0.0013473450025660212,2.857142857142857,9.156026772222225,1.019968815833333,4.427031961574576,4.427031961574576,4.427050248976994,4.427050248976994,4.427050248976994,4.427050248976994,4.427050248976994,4.427050248976994,4.426694640869655,4.426694640869655,4.426694640869655,4.426694640869655,0.5511197643324487,0.5393028583168893,0.528958647611907,0.5205194769443099,0.5140213371481174,0.5106251048486455,0.5099881609009552,0.5121747435088942,0.5171354535096067,0.524696533336505,0.5344470698188579,0.5462520264438444,1.944574571731743,270.0,0.7330336432005753,1.857718737488034
2021-10-16 06:00:00-07:00,324.35279023333334,14.402662833333332,0.402322164934174,5.5,34.70220428017325,79.69933679024342,86.41181240038253,104.95690498771512,0.0,6.545805422026293,77.38006502720494,1.0,6.545805422026293,14.475235581876762,2.857142857142857,2.879237115,0.9194341783333332,52.94350879986085,52.943496633138196,52.94237878998295,53.016871097678234,53.0168836848746,53.0168891571738,53.07904294663278,53.07903581140571,53.07902769088628,53.026733073251144,53.128689970230695,53.12869233831578,2.3274625466618595,2.2797570131074885,2.2422672131164822,2.2425873061034878,2.228736947524941,2.2266290152640544,2.235744827842811,2.256665055448675,2.2866573395391234,2.3260037569744116,2.4083504257898634,2.4560775005786364,6.950862735794746,90.0,0.689490957940136,1.8644925545105604
2021-10-16 07:00:00-07:00,778.0265166666667,36.24212,0.3113855143675822,6.5,215.97067957334968,48.698883886545815,76.64371130861578,114.14157547566788,0.0,16.802799227896127,579.7794508501726,1.0,16.802799227896127,70.51677191297361,2.857142857142857,10.109422783333336,0.4206508703333333,557.1011922389549,557.2298791272542,557.4942960396513,557.6340639852206,557.8815759407266,557.992742541936,558.1161048221833,560.5176442046009,561.7209079215996,562.903962718401,564.0338183144895,565.1426160230707,4.774799693149729,4.703152703867645,4.744987053856435,4.744305274649184,5.596488642836244,5.750990331800277,6.55378532326845,6.766975220794134,7.77409465165517,8.591066735266434,9.619154838889699,10.688801501054453,31.423357538897744,90.0,0.4893212239292455,2.003804528679279
2021-10-16 08:00:00-07:00,917.0814833333334,45.98353333333333,0.2939277985590117,7.5,409.3459706215632,34.31607339522717,66.65816006658761,125.68897204004321,0.0,122.81975100607077,849.2331115303964,1.0,122.81975100607077,115.77358175389521,2.775263670584009,11.897680005555555,1.7089246083333334,812.3603261760834,812.7708912035191,813.1605795349593,813.2226935838393,813.7408945763805,814.2067604716019,814.3693454854624,814.5140569382783,816.4879085035368,820.7878406179445,822.8976482591191,824.9674633590794,66.55050123453258,62.36070086584685,57.685772392758246,52.189661819967306,47.76834889347344,42.516366632296375,39.106902240001816,37.28246952150887,36.06908626516565,36.09834851250184,35.989370873202496,36.330734547800624,50.0,90.0,0.366977778440511,2.214355247456318
2021-10-16 09:00:00-07:00,978.4076,51.562088333333335,0.2850132903868891,8.5,567.666110706554,40.17571388454688,58.16371765653209,139.40914816605311,0.0,284.13605671538727,840.3025450368942,1.0,284.13605671538727,153.18745842304546,1.8553671936168517,14.124401944444443,1.9130628733333332,804.2222364897596,803.9375593339925,803.0276899058911,802.7211137048655,802.7519725868142,802.9003694931516,802.471582437614,802.7525655473306,804.4448129262688,808.385749229807,810.39135051941,812.2654112281966,81.22307035548127,71.75642628623982,62.5331503087431,55.853666468192806,51.19236568767931,46.75493535046209,44.03685135662244,43.17908071773917,43.337866271828325,45.452389448940856,47.78234331247466,50.27023497379363,46.340263243392386,90.00000085377364,0.38827376574632744,2.166768664541027
2021-10-16 10:00:00-07:00,1006.4712333333332,55.48921666666667,0.2743328368957644,9.5,675.355421015892,45.96920311483763,51.98405881848608,155.86432725140037,0.0,407.2396389419541,774.3741435649625,1.0,407.2396389419541,184.0610070537912,1.3996199633238375,16.315296,2.046368885,748.3768860960005,748.2123202491392,748.5533870596955,748.3649396652273,748.2526332957073,748.3344021908249,749.6634418764506,751.0705589053011,752.1465545089738,753.5840630586506,754.7292961092566,756.080302965258,95.79747185925113,85.58157555935554,77.20590957592049,71.07850194482681,66.44378019338455,64.57404569307674,63.284377110571256,64.00430558689169,66.65911562279283,69.37358890889959,72.3574058582884,76.39760866933425,27.61255691480736,90.0,0.5182548780340892,1.9710408349241848
2021-10-16 11:00:00-07:00,1017.953,57.31052,0.2702611370424605,10.5,724.4187485082643,48.77431503775678,49.05434760873077,174.7142169982219,0.0,470.61904346019986,730.4805021090048,1.0,470.61904346019986,197.03571456860587,1.0796502135392487,18.195595166666667,1.7556222833333337,715.8873557430593,715.8866603440615,716.1131433472956,716.1126452174315,716.0741999977702,716.259264990052,716.2595804473652,716.2591423780242,716.2586943452221,716.6372729278365,716.4026461044874,716.4025529002643,104.34787942373265,96.20210287800657,88.53987308171006,82.91514164063831,78.92243335724042,76.68465847723827,76.24762368661408,77.56042055868771,80.71217936189882,85.12798429930683,91.02015380462457,97.47687648585494,6.060912366142184,90.00000539973864,0.6972071492737749,1.8627326502117367
2021-10-16 12:00:00-07:00,1013.6733333333334,57.767655,0.2731431402623231,11.5,709.7448112422311,47.932039367997945,49.97044273341466,194.18964295269473,0.0,447.8621807424621,745.8303315119724,1.0,447.8621807424621,195.23413965857628,1.2197085903778657,19.227059166666667,1.820544745,725.8946553379461,726.0401297722447,725.8970630595518,726.7801750379108,727.5147562099457,727.4832180967024,728.2602280340514,728.9584008701411,728.8660763253068,729.7387250653611,729.3820549265046,730.2379144843045,102.5031107776287,93.62770220458772,85.44036529448834,79.87566105657358,75.13804952161087,73.22725819295589,72.5118497217844,73.40822259872037,76.26609717069513,79.86860629890836,84.37225643180128,89.57618413229028,16.268894255152876,269.9999987925817,0.609927204232975,1.8971853333200386
2021-10-16 13:00:00-07:00,990.5301833333334,56.72396666666667,0.2818346401105663,12.5,631.4516882954247,43.657269384739024,54.53381899327203,212.04732064778867,0.0,363.3511301391939,803.5680861574631,1.0,363.3511301391939,173.67063820749104,1.5830683773559762,19.819452944444443,2.023322895,779.8206365299296,778.1166278195149,776.7066146671688,775.3035522375404,773.3354859081365,771.5687657542992,771.5969574939592,771.7931650922983,771.4325937617698,771.6597376146918,771.752993676301,771.8692860466917,65.56892810282508,63.04070710682289,60.43020857710669,58.907552213200404,57.78864067007472,57.82641577997459,57.97583216006019,61.473681155438015,67.67967615802525,74.76709258854518,83.5228369361006,93.54749140127315,36.67986984259558,270.0,0.4513282918872516,2.0551572942478304
2021-10-16 14:00:00-07:00,942.4910166666668,53.34214333333333,0.2663475750074503,13.5,497.0170968784478,37.0283879083724,61.91719385208556,227.1813709477839,0.0,212.93741292581223,850.419034343028,1.0,212.93741292581223,127.44515029746324,2.2003904926741367,20.096329,1.8008018533333332,823.960303121695,821.7311611040452,819.4626789081939,814.7119161365993,812.5115797818453,812.446482038037,812.6227063410896,812.3335782763011,811.9141394054074,812.1090352706128,812.0130390504206,811.8994132298793,41.400490370523464,39.74819428045574,38.51321343101801,37.15208058855992,37.07082524061646,37.82439795236508,41.14012364478262,46.18412405071811,50.59746456337899,57.42992511198725,63.944125807222456,70.86966892199841,50.0,270.0,0.366977778440511,2.214355247456318
2021-10-16 15:00:00-07:00,842.3121166666666,46.24648,0.2097425143961593,14.5,317.6506799588178,33.51515891750442,71.20316879538254,239.77839993445195,0.0,49.88668693383489,790.8045341427032,1.0,49.88668693383489,71.73106651243491,2.857142857142857,19.98930083333333,1.48377722,774.8554580347221,772.7838524583009,770.7573907759374,766.5064598046298,764.2894717218129,763.8810774689064,763.6798659897148,763.2416953320114,762.8490412892563,762.6016519793387,762.1700834670569,761.7074687141918,22.85741942477904,21.30021741908952,19.78662781009704,18.1576340059532,16.578937446024234,14.883991022567853,14.640483261205832,14.2058627642732,13.610084605044355,12.723425467687889,11.708190564141487,10.57832187926943,50.0,270.0,0.366977778440511,2.214355247456318
2021-10-16 16:00:00-07:00,537.1324468333333,30.19146333333333,0.132446214054476,15.5,107.93545115357902,65.57260192716929,81.67783718525672,250.5622276474326,8.548717289613699e-16,13.511450345706262,272.3815189020647,1.0,13.511450345706262,16.989003766854626,2.857142857142857,19.165556,0.8506078850000001,248.45639853655476,248.08516996726746,248.08531220871959,247.6873980686336,247.25742464077655,247.25721159337982,246.80067560229472,246.3120214901912,246.28339431401784,245.7965520738238,245.73597280352743,245.67509376612034,3.3027696884688993,2.9340687790282987,2.904875837524056,2.6991641741944674,2.541199369049119,2.519876846729119,2.222540632457979,2.2135494352548086,2.2131954778478815,1.9691299808178868,1.9855728989259154,2.015369278105256,17.156558746958616,270.0,0.6025081600749961,1.9016405658728948
2021-10-16 17:00:00-07:00,0.5583109833333333,3.8997985166666655,0.2042853778928805,16.5,3.9088754690047653,87.33759087839276,89.06845111629463,257.13185156061235,4.1759317725196193e-08,2.49499562555472,3.9247965348781304,1.0,2.49499562555472,0.0009361271526980902,2.857142857142857,15.582343388888887,1.3992187683333337,3.6927857520793155,3.6927857552198047,3.6930821257935134,3.6930821257935134,3.6930821257935134,3.6930821257935134,3.693067156283339,3.693067156283339,3.693067156283339,3.693067156283339,3.693067156283339,3.693067156283339,0.4471604404348968,0.43750580325628297,0.42942248055430926,0.4232266803319961,0.4191548692135809,0.4173531134806937,0.41796910337619664,0.42074319883555683,0.4256399684689939,0.43242382129635903,0.4414763614648015,0.4511805081301598,1.7754871766874052,269.99998389103104,0.7345084310756266,1.8576229498028156
2021-10-17 06:00:00-07:00,313.31865,14.213089683333331,0.3802305042316667,5.5,32.71586903304139,80.28623039528713,86.61447437575802,105.26575725663515,0.0,6.529385914000199,71.36101510105881,1.0,6.529385914000199,12.916908432070784,2.857142857142857,4.899269588888889,0.7199402453333333,47.80067515316345,47.77414101125179,47.774135583177,47.873338552116486,47.834794240094084,47.834802147441955,47.93400103700804,47.93320201068527,47.8832745098648,47.88327138056178,47.98246742557738,47.982465149576306,2.195967955208555,2.1510085440585383,2.115933677505346,2.09099751608281,2.0753856509461595,2.101554192610442,2.110167896193765,2.1289557736449414,2.1580704476211072,2.19379074776558,2.2344964917232275,2.282032796561323,6.562323851213423,90.0,0.6928580446329999,1.8636947267669712
2021-10-17 07:00:00-07:00,789.1023166666668,37.04088,0.3160880627763124,6.5,216.36159923493386,49.51298809582259,76.86498581994807,114.44472911398803,6.217248937900872e-16,17.215584184809057,579.553576771206,1.0,17.215584184809057,71.66876419937418,2.857142857142857,11.449248827777778,0.982105255,556.2474003290216,556.3983663911437,556.6621984592243,556.7829339308419,556.8976516938333,557.1604588154705,558.4046028871193,559.6176539501029,560.8129513916662,561.9532936009268,563.0722865511553,564.1375158568778,4.90422038260392,4.8985801227958,4.86538611820425,4.93622580546814,5.680099717199458,5.835826911685181,6.762784800796711,7.538633252685765,7.8016243650915005,8.825364547043451,9.866000609145095,10.638152059179824,30.811708970743005,90.0,0.4938908043498833,1.9982876192745649
2021-10-17 08:00:00-07:00,937.6323666666668,47.04346666666667,0.2996176204021381,7.5,414.7698387329965,34.683222800467256,66.90940711229823,125.98263652371719,0.0,120.76218913834066,865.1139707856305,1.0,120.76218913834066,119.32877534755663,2.7932578656157117,16.937669055555556,0.8870717149999999,827.114386331821,827.5432344284729,827.9383037078998,828.0052123056046,828.534124973655,829.0043293244734,829.1899667922728,829.3409510255258,831.3386941517148,835.7018241874267,837.8423774199608,839.9426486995716,67.12681679025495,63.28299176619828,58.73178535108797,53.2606975964693,48.784669523660774,43.476031706117475,39.9870285104635,38.10336879301024,36.837372620302176,36.82525208637457,36.68111682221314,36.99422209750414,50.0,90.0,0.366977778440511,2.214355247456318
2021-10-17 09:00:00-07:00,1001.00545,52.249765,0.2879818311145377,8.5,575.96950936963,40.52181596513829,58.45327661539258,139.67724989421154,0.0,288.30772323557585,855.3660829370837,1.0,288.30772323557585,156.7252201861385,1.8611161454568763,17.325650666666665,1.8409487966666669,818.2514523655154,817.9632436605714,817.5809819745803,817.216642446425,817.2373490700112,817.3455759073966,816.8768650604582,816.7004654113613,818.4005950116116,822.3978348391595,824.4239773356164,826.3162550162009,83.33065812050494,73.61713697594979,64.16293776469624,57.2969700388456,52.54117972333016,48.114195900121814,45.325140906384625,44.45857166249754,44.65430048162683,46.834646880825694,48.917121456189584,51.43079998111009,46.506749124232435,90.0,0.38727227483948395,2.168873731291996
2021-10-17 10:00:00-07:00,1028.043,55.594476666666665,0.2767511796465918,9.5,684.0676485305495,46.3325017797363,52.31429214874324,156.0714719120474,0.0,419.0019992094841,785.1186521171327,1.0,419.0019992094841,187.8790537858665,1.4012080176782415,18.88448605555556,1.5912031883333335,758.4365858373075,758.599343757983,758.6000504470487,758.4038230596527,758.5872206348915,758.3617453243098,759.6827078510385,761.0954001491025,762.1660776914848,763.611607516071,764.7552122298433,766.1096764782696,102.00396405941146,91.59139520443323,82.82688187077989,76.2269638937284,71.06817109902977,68.73584678858843,67.03044234265309,67.68396467720616,69.87311612685555,72.36554784926994,75.52931533810866,79.16525927728644,27.70178619500435,90.0,0.5175651761846173,1.9717637232619825
2021-10-17 11:00:00-07:00,1041.1033333333332,56.698635,0.2727605825057791,10.5,734.0172281419124,49.14186534114982,49.414829221584846,174.81460661235803,0.0,476.8591672368868,740.0736944737854,1.0,476.8591672368868,201.4395321424252,1.0791417834502348,20.447465833333336,1.876334518333333,724.8708820594983,724.8701745518441,725.0956268339206,725.055177065768,725.0557593339771,725.2400270311512,725.2403480222613,725.2399448762756,725.2394897178057,725.3831551233254,725.3827566655809,725.382661927011,106.7039782653499,98.3708494804358,91.07086347554058,84.77072873433359,80.68276049920361,78.38896003271266,77.9392720818384,79.2792605109627,82.39222418166305,87.01979406319482,93.05184106797894,99.66079449297604,6.022533520581283,90.00000352019892,0.6975402075758238,1.8626621480714096
2021-10-17 12:00:00-07:00,1033.4501666666667,57.811081666666674,0.2755038704932419,11.5,717.4158021659182,48.281652479839906,50.33817915188103,194.16299753190054,0.0,452.7037890047532,754.6589206770349,1.0,452.7037890047532,198.94447236667736,1.2222117910959294,20.91686533333333,2.1288300033333334,738.3289562246193,737.6294177281104,737.833775598859,736.9656177991202,737.2305718959598,736.4239629126147,735.5729898555971,735.8043509402057,734.837624020304,733.8923039666528,734.1316300378638,733.9873336764857,91.25121963449543,85.96437527728172,81.30834760400406,77.27143813441049,75.0576353733894,73.93036139404872,74.1304431899474,76.76968317752849,81.3963417680374,87.08983209629585,95.55286081224874,104.48987173249462,16.442379203549084,270.0,0.6084745287538095,1.8980379807324748
2021-10-17 13:00:00-07:00,1004.3556,56.794835,0.2837871279931603,12.5,634.4951022620419,43.974023700298524,54.88671432424199,211.91863353291376,0.0,359.09715915303144,810.3657236621589,1.0,359.09715915303144,175.46716092681928,1.5891425722535084,22.02814111111111,1.6797290683333332,785.7636787328578,784.39573063161,782.5841081053109,781.1276561270096,779.6505043423327,777.4856013348449,777.3088765267198,777.6793269917222,777.7814205023085,778.016010440395,777.3986763867501,777.7352835141448,64.6665833662517,61.75500186244608,60.067089134275776,58.6202084336329,57.373050077723725,56.84432006757192,57.88183855615534,61.59308548520491,66.85317096871529,74.02691635469816,82.99259940572593,94.3207819387665,36.94001199215113,270.0,0.44951073426963445,2.0578776916794155
2021-10-17 14:00:00-07:00,948.6577833333332,53.71721166666667,0.26502901727727,13.5,495.49762157235716,37.338328572086105,62.24511545979597,226.99215015398306,0.0,207.78639374628244,852.6915364705583,1.0,207.78639374628244,126.70149376281316,2.2172461953945004,22.50556033333333,1.7029203633333334,826.1170882553726,823.8639211602742,821.5742127020851,816.787550168474,814.5586756317592,814.4667702008542,814.6235160382163,814.2932029538268,813.8529847165981,813.9984347388522,813.8641420280593,813.702963141443,40.805779581582144,39.180473695942936,37.951095559512154,36.618413409982736,36.54455598637774,37.25836632746884,40.58117041086068,45.603193334541125,50.01258990910748,56.824245187994855,63.283924180044075,70.18472450935911,50.0,270.0,0.366977778440511,2.214355247456318
2021-10-17 15:00:00-07:00,841.5645499999999,46.92967166666666,0.2049356084777281,14.5,313.87254542822257,33.877863168566556,71.50642362286942,239.55842569230788,0.0,44.192993414694484,788.1037655182192,1.0,44.192993414694484,70.00258815102191,2.857142857142857,21.99489111111111,1.84605374,772.3371294856618,770.249151449358,768.203603976107,763.8866377737753,761.657385298301,761.2434291277233,761.0362147577451,760.5955529914995,760.1930707156589,759.9431660008408,759.496831288071,759.0286116377549,21.57293599171106,19.884530399756766,18.22216831972953,16.478230137948717,14.761164993444591,12.957462038618218,12.673063799396804,12.239342561507737,11.69186411049345,10.957813566150705,10.15194818015251,9.283996348360496,50.0,270.0,0.366977778440511,2.214355247456318
2021-10-17 16:00:00-07:00,515.2494675,30.595523333333336,0.1338107942179656,15.5,102.64556770775245,66.45124278168916,81.96168630500591,250.32582656721803,9.36666904147265e-09,13.928427281026659,255.91129665976456,1.0,13.928427281026659,16.327919087858625,2.857142857142857,20.49039644444445,1.5528957533333334,228.94833835979694,229.01460216738218,229.0740298394135,229.58899751847568,229.61941814811757,230.07290431819035,230.52824488187605,230.95564187914508,230.89565680210933,231.35112704279487,231.26419539054174,231.71741888453755,2.007415969388591,2.050541575778483,2.0303491607190125,2.174649425883562,2.2727935242947046,2.281779888742049,2.4496180351617625,2.5988183834996645,2.624973236700902,2.808440875381914,2.9947465729575704,3.1784112527427952,16.543262214632247,269.9999977411273,0.607630381072185,1.8985378465021894
2021-10-17 17:00:00-07:00,0.3676142,2.833717083333333,0.198450738677398,16.5,2.839133072856971,87.58749367505192,89.15584172601346,256.72707281431525,0.0,1.8127983494625135,2.848631012713513,1.0,1.8127983494625135,0.0005603229277006883,2.857142857142857,15.97970227777778,2.137940983333333,2.682380071212912,2.682380071212912,2.682380071212912,2.682380071212912,2.682380071212912,2.682380071212912,2.682380071212912,2.682380071212912,2.682380071212912,2.682390637021432,2.682390637021432,2.682390637021432,0.3179468091443767,0.31113839150254097,0.3052126435674085,0.3003406207710255,0.29688357980840124,0.2949283455446229,0.29457343999039354,0.29585329890891116,0.29873460117846834,0.30311241830739444,0.3088179281242103,0.31562618162336814,1.6114217329554053,270.0,0.735939546354262,1.8575383280549262
2021-10-18 06:00:00-07:00,10.7417284,10.587821333333332,0.2800155160800543,5.5,11.218759823996766,80.33888180634472,86.63267118009205,105.73408996737498,0.0,6.8021682679992415,12.29941574163877,1.0,6.8021682679992415,3.098819499089263,2.857142857142857,11.898700988888889,1.655306598,11.064865743539503,11.078074468904504,11.064348817260097,11.06435218218521,11.0776579401651,11.077664096960564,11.063943146339206,11.063330152387508,11.076704084075978,11.076701677126199,11.062978384796324,11.062976580794317,1.651666023176578,1.6171726279531486,1.5899355238241875,1.5707987071585785,1.55886888105221,1.5568045375027686,1.5634053819199267,1.5778079417405924,1.6002113281494874,1.627301643414499,1.6585337746388782,1.695083203600717,6.541547191048567,90.0,0.6930381710265143,1.8636533503235948
2021-10-18 07:00:00-07:00,0.2330964833333333,52.71787500000001,0.2565643349776919,6.5,52.769966165054306,50.320004934480586,77.08679917313937,114.74382569322825,0.0,34.87523084045694,48.941880483955195,1.0,34.87523084045694,14.128475543534005,2.857142857142857,12.7811035,2.267865706666667,44.91959242027324,45.48454779373293,45.735254102744854,46.29568615161356,46.528157482764755,46.763216324954655,46.63664108646328,46.749586633218115,46.61316929977946,46.50541959490231,46.10181535425495,45.99516659666785,8.344157023430213,8.222138567036065,8.33724874784633,8.328671359129553,8.267845802459023,8.467845000808286,8.305436849364513,8.306616182793713,8.560545464136302,8.41836987802082,8.404213274265562,8.356768548822101,30.206345683021947,90.0,0.49844216768714933,1.9929237714890868
2021-10-18 08:00:00-07:00,303.71804185,131.11809833333334,0.2762400259817663,7.5,249.00407162502083,35.04758362244134,67.16101131504963,126.27148505774308,0.0,107.24083159253503,419.4763217609572,1.0,107.24083159253503,79.17669866895591,2.8117103288532017,16.036498555555557,2.4632794083333334,388.72561613502086,390.10516885892366,391.4515608041551,392.0120426603169,393.3813761261813,394.69834027270304,395.2710733476158,396.4516660938045,397.90661361868865,400.9893515303972,402.46242541596445,403.90973211285853,43.36145932528479,42.32022430623131,41.11673689536624,39.56678148985603,38.47052574071501,37.03416089675536,36.2768266455375,36.21911890916806,36.38551336735199,37.07258015960651,37.64264374672388,38.38565767196528,50.0,90.0,0.366977778440511,2.214355247456318
2021-10-18 09:00:00-07:00,911.7211166666668,90.77507666666666,0.2865560445906661,8.5,563.8511698190861,40.86444091525071,58.74268126023426,139.93975723847882,0.0,285.2876172044835,835.4352962107738,1.0,285.2876172044835,160.33715956887414,1.8670241960783347,19.655653611111116,1.9259395266666668,791.4297209842003,791.3974986504296,790.91457718339,790.9940921140511,791.2567912664422,791.2292971847853,791.2083679550514,790.9346933921942,793.9294399151551,799.7857970644777,802.680045403282,805.5893153766109,82.3630430154118,72.07331421879123,64.33957423460242,57.92293208289045,52.618631706466246,49.43977790592346,46.133013373111815,46.98894075129892,48.11994555753766,50.54017854448973,54.06021028969626,57.40887882229841,46.67649883963495,90.0,0.38625430373539066,2.1710260494519957
2021-10-18 10:00:00-07:00,984.25595,64.65112333333333,0.2761339965960837,9.5,661.870651150288,46.69275763779501,52.64349603035959,156.27281608682574,0.0,405.76372683740294,760.1329347096131,1.0,405.76372683740294,182.79857475009013,1.4028660830606656,19.770893333333333,1.8613879316666664,732.3034558826078,732.5023597573659,732.3748287541557,732.41085203387,732.613191577188,732.4306449546692,733.923637978117,735.5059164703985,736.7483625109849,738.3554151197219,739.653766612687,741.1417869156644,98.62105195901559,88.64383327111733,80.27420933091874,74.09885149862522,69.19263919898476,67.09870132603828,65.51717884608664,66.33609162701345,68.56776104079958,70.61885789075649,74.20699666825634,77.80731343220529,27.794740802930544,90.0,0.516847278791078,1.9725190758824285
2021-10-18 11:00:00-07:00,947.7011666666666,72.28269833333334,0.2709476204600397,10.5,684.3213600035056,49.506923155211915,49.7732676905123,174.91036779083356,0.0,444.48219718384007,690.2148043053177,1.0,444.48219718384007,186.99187112811435,1.078674703992712,21.20298077777778,2.2917778566666667,675.0010479924218,675.0004033011435,675.2670022267542,675.2295365740044,675.2300395458284,675.447663073336,675.4479544169471,675.4476241071827,675.4472104121662,675.6171063697597,675.6167221145456,675.5904425393397,98.86062165715536,91.32911751728449,84.65505986165633,78.89735837346622,75.16419062021285,73.071529095121,72.66713598833059,73.90001304255236,76.75290222384236,81.0254408721219,86.55324931154907,92.6066788905137,5.987270653506773,90.00000190909591,0.6978462456265526,1.8625977633341266
2021-10-18 12:00:00-07:00,855.3747023333333,114.83807833333334,0.2727775325241184,11.5,656.5795471591,48.62920045104577,50.70315991985209,194.1339556526366,0.0,414.8646280767769,693.0340957274001,1.0,414.8646280767769,184.0711907539523,1.2246906982102297,22.5088,2.559597813333333,676.7683251256722,675.5148559635599,675.8282448159381,674.4262782998978,674.7586150817339,673.4521957823982,672.0662014541323,670.8727544483382,670.7684588206369,669.2224202212094,669.2817363330241,669.0745612581052,85.53769624584453,80.64087235268298,76.34896725654355,72.56553766484038,70.56139079057208,69.38177277668272,69.26787729799632,71.56263221908186,75.44026418346238,80.2136408368762,87.63054441849563,95.40100165910665,16.613795947001606,270.0,0.6070404457333548,1.8988890998449646
2021-10-18 13:00:00-07:00,797.033507,84.48529333333333,0.2810490920478997,12.5,538.9452442243215,44.28905399434737,55.236575049801274,211.78937227450095,0.0,306.22430135922343,691.8918760185635,1.0,306.22430135922343,153.7303029383867,1.5952302740441793,23.013407,2.5445963833333334,669.6484764670618,667.5777593535455,665.1429075833005,662.982208241614,660.7859574929107,658.1385398715615,657.7393551871367,657.9716196970055,657.7726305971237,658.0639108621718,657.8212722588133,657.8173716944502,60.327543312954845,57.42394830009371,54.891077006897575,52.37566090591642,51.04974550204691,49.86089010809385,49.38780485319005,52.96352357902245,57.27105662462318,63.139326339452914,70.51995067217771,78.80865182591589,37.198374293196714,270.0,0.4477117430351119,2.060595784582472
2021-10-18 14:00:00-07:00,907.49425,84.87083666666668,0.2610461948663682,13.5,502.922411220394,37.64811229714387,62.56992058909322,226.8031774967033,0.0,214.48178270896074,862.8825165395666,1.0,214.48178270896074,132.77072910853667,2.234220421571271,23.940073166666664,2.0254251533333334,835.2477763806528,832.29189360038,829.2887877147188,823.03426207447,820.0569334527821,819.7824382250957,819.8508455029448,819.341078340672,818.7191244825585,818.7715870703809,818.4425845460686,818.0844674068611,46.56679570642798,44.25422751055885,42.33766396703123,40.3236590419332,39.55390561101946,39.562462823521955,42.70877211726934,47.51215470639345,51.71678568651242,58.27692822585025,64.49655292948415,71.16277012352397,50.0,270.0,0.366977778440511,2.214355247456318
2021-10-18 15:00:00-07:00,796.0214,61.680841666666666,0.2019635550202364,14.5,310.22059789143043,34.23841952855702,71.80647979543906,239.3388697098419,0.0,47.979260717946815,775.517946034985,1.0,47.979260717946815,70.90206236278752,2.857142857142857,23.246367000000003,1.7387510083333333,759.6435689062027,757.337256331529,755.0829432148288,750.2896164980947,747.8303724135632,747.3279331656644,747.075891184094,746.5459067250302,746.0428740784466,745.754779307884,745.210206996717,744.6480962059856,23.780981624700942,21.85271487057802,19.93052806872923,17.943092977100907,15.973590509739594,13.92238594382838,13.560637556435143,13.06989210349856,12.473237245849505,11.734484036978465,10.947114713408663,10.120212355157477,50.0,270.0,0.366977778440511,2.214355247456318
2021-10-18 16:00:00-07:00,191.95279888333332,40.80818833333333,0.2028103796725555,15.5,66.71910572843262,67.31441439008759,82.24219662580238,250.08971967547367,8.006930065922466e-09,19.380844404573256,136.5619625428975,1.0,19.380844404573256,15.301540134322762,2.857142857142857,21.251677722222222,1.12953924,121.64810683468878,121.7293632805762,121.8117383381911,122.15049264714011,122.47505291906594,122.47495388592863,122.77252061709025,123.05513071300022,123.05550039743802,123.31738004947888,123.31232095011744,123.55317210207146,3.664797368734726,3.5955904855155687,3.7140303526320597,3.6895976643879935,3.6879907499289524,3.7025705199251067,3.908018662564053,3.9525700238104973,4.084177138112277,4.260765663620723,4.323490686540337,4.601931251519657,15.941768835542927,269.9999980909041,0.6126698705945612,1.8956015204183554
2021-10-18 17:00:00-07:00,0.2091916999999999,3.0891577666666667,0.2259280711380545,16.5,3.09193150033613,87.82890497564794,89.24027631208159,256.3226690391248,0.0,1.976065640840871,3.0965863625110144,1.0,1.976065640840871,0.0004963540927474681,2.857142857142857,18.263512722222224,0.8967083083333333,2.9221294998002096,2.922038771952651,2.922038771952651,2.922038771952651,2.922038771952651,2.922038771952651,2.922038771952651,2.922038771952651,2.922038771952651,2.922038771952651,2.922038771952651,2.922038771952651,0.39451430022641953,0.3860389532735575,0.3786662545832848,0.3727031691346162,0.36841133038731305,0.36598794284603553,0.3655559090642746,0.3671537071353255,0.37073842462813006,0.3761768407547149,0.3832571275313805,0.3924015015887778,1.4525847701718269,270.0,0.737325164427986,1.8574642116907851
2021-10-19 06:00:00-07:00,181.47338215,22.937131716666663,0.3619821958064021,5.5,32.95153982737672,80.92841953989462,86.8365887482485,106.0356230463848,6.994405055138481e-16,11.364526190764568,56.05129879199697,1.0,11.364526190764568,12.223769074822808,2.857142857142857,8.332416216666667,1.2720335198333332,39.72258279717935,39.72257421342787,39.76743968890428,39.76744139601931,39.76615555761863,39.82712785147713,39.80262370976877,39.80262061322797,39.802615641444035,39.86357781503445,39.83120630749186,39.83120298246348,3.6075065565764373,3.5322307852985646,3.4667918939301035,3.4252806637014137,3.4019323188085435,3.3969124182041583,3.4097533779118545,3.4405764033807347,3.5072678935686774,3.56568182337023,3.6368984307430994,3.7116609178905566,6.14973362772124,90.0,0.6964364340021948,1.862897526457118
2021-10-19 07:00:00-07:00,222.27101918333332,71.813715,0.2820285931619146,6.5,120.64464932357117,51.12021171032179,77.30911756156686,115.03875455644265,0.0,37.59807191798348,240.32740691389438,1.0,37.59807191798348,37.41922727707266,2.857142857142857,9.987559022222223,1.3703473300000002,226.92771855164665,227.52200665363227,227.82062283072278,228.3740779083347,228.6152224938539,228.89447682232404,229.47630385390363,230.04357829144936,230.62996243177196,231.16511895933994,231.70983535481326,232.20514652585035,9.621797320571815,9.619074150378628,9.553971462352495,9.693471547257245,9.948867632604847,10.206026582092163,10.710231186333349,11.045542454161204,11.395656485019934,11.965912796692871,12.300487346112297,12.84979537544845,29.60689368099375,90.0,0.5029767607975622,1.9877073637474354
2021-10-19 08:00:00-07:00,707.109245,208.70892833333332,0.290422951854877,7.5,480.3005415094749,35.40904530131028,67.41291551331757,126.55542082237668,0.0,187.91442496135082,859.2451092552876,1.0,187.91442496135082,148.06247592353188,2.8306373507430456,12.202337055555557,1.8720010333333332,807.4047880850725,809.5271234308168,811.5753707484898,812.3986577409042,814.5249088222714,816.5544529042644,817.4432728163799,819.1856155444915,821.1014238609278,825.3181764867218,827.333066432476,829.3100630371144,82.87874511761555,80.72172581840856,77.91064478587853,74.23161499432808,71.37732262833077,67.76768777851846,65.62098462445101,64.29925731391671,63.45320845343285,63.71740461014002,63.751209251060594,64.1623449346316,50.0,90.0,0.366977778440511,2.214355247456318
2021-10-19 09:00:00-07:00,92.30711785,191.7774433333333,0.2667807468348969,8.5,239.27513186026184,41.203452252459975,59.03185081811859,140.19660098837605,0.0,147.71672489651792,255.66915863297146,1.0,147.71672489651792,74.91797636793291,1.8730969478193182,11.304366111111111,2.1933822116666666,229.7082507082556,230.64448678851065,232.77710182422774,234.87450131997934,237.00023904785897,237.91712496216215,239.88893664081047,240.74057514133796,241.9303664346372,241.31337534544747,241.4594896120015,242.85449112280793,43.27054390266717,41.44773461570419,41.010579488097235,40.903303390355305,40.95319355279685,41.494075996471224,41.893395988314886,41.99767830666569,42.054701011109415,42.25155098074321,42.496256085420384,42.936787067401,46.8495777005941,90.0,0.3852196554874159,2.1732267796676146
2021-10-19 10:00:00-07:00,695.0745601833333,175.30793333333335,0.2731918045255606,9.5,593.8896124715682,47.04984392796603,52.971572732879956,156.46832684070796,0.0,367.1311444513724,677.89316718432,1.0,367.1311444513724,171.52113761602627,1.4045969873078845,12.044776055555555,2.922010173333333,642.6371647096365,642.8012750135523,642.9595508656994,643.5512512568029,643.9881813962897,644.0880619828689,646.9957331157427,649.4393455577828,651.7964961046881,654.4346522170978,656.7411350160486,659.169268330334,88.59228621115744,80.45899779968289,73.8384303954632,69.61414007811132,65.92066182466553,65.4690529781764,64.14129203692319,65.94865342998483,67.14508450196152,70.6988334044385,74.82386020844051,79.33420370172523,27.891551839981044,90.0,0.5161002502420432,1.973308241248763
2021-10-19 11:00:00-07:00,229.40806068333333,189.8229683333333,0.2675424425643648,10.5,336.8858716884157,49.869386877513236,50.12955818754049,175.0014800756668,0.0,217.9893546016728,339.2118278339576,1.0,217.9893546016728,91.47715003744469,1.078251366778773,12.557832833333332,2.420166473333333,327.70324350177464,327.7029945866304,327.93846346734415,327.9202642228881,327.92044380308323,328.1121623184521,328.11226558848944,328.11215882903383,328.1120038239059,328.2620761189781,328.26192308456723,328.2491401245016,48.847334200125715,46.08064567869706,43.61681920140684,41.51497159450782,40.183419599223804,39.47318971944848,39.39864953739852,39.9449379119673,41.089299131360974,42.82593911551778,44.968465361791075,47.29638214470088,5.955306441230175,90.0,0.6981236725080389,1.8625397269528365
2021-10-19 12:00:00-07:00,0.2456571166666666,48.28579,0.251331275543883,11.5,48.44016943665757,48.97461304238462,51.06527419753401,194.1024752555982,0.0,31.618780236649478,46.62973865438014,1.0,31.618780236649478,11.895372678813498,1.2271423669378525,10.935254666666667,1.9613703716666664,44.30692203762947,44.44255533990432,44.58346886747295,44.51161271069122,44.650052937300714,44.44397223420744,44.39101799264297,44.34295030602575,44.332397900038885,44.286494096897485,44.28568229635003,44.243570321135735,6.792525170062678,6.651192190115222,6.575490657820208,6.46000697998055,6.4912389297919715,6.520083084654455,6.51370554104366,6.630192669165683,6.732375916092844,6.810440965302686,6.9303585915498696,7.004454475480846,16.78294927423083,269.9999985212207,0.6056265529039275,1.899737388652944
2021-10-19 13:00:00-07:00,480.05952321666666,126.45487166666666,0.2710591049060269,12.5,397.7882354131715,44.602317536861904,55.58328080663535,211.65948384676733,0.0,229.52898485362658,506.67414594237135,1.0,229.52898485362658,118.78819872398543,1.6013268126414673,11.955839833333332,1.8760635866666664,488.6179561878811,485.9943839034844,483.30727085268984,480.3342627387959,477.2639565903769,474.23098677328755,474.02868374471564,473.3690720587143,473.22315250085245,472.839554992697,472.6489688189421,472.23585045120996,50.63535539670906,49.60138257981553,46.43273805421676,43.915146668268314,41.530597989929646,40.318293263318594,38.72697954236855,40.35629263582965,43.55513438921555,47.46555548896114,52.089023693771594,57.44926706034823,37.45476814524974,270.0,0.4459325346430746,2.0633091805797754
2021-10-19 14:00:00-07:00,726.0900798333333,133.11834833333333,0.26528312708735,13.5,463.9810808314162,37.957614628189454,62.89148169742422,226.61441409901818,0.0,203.98808451847665,772.0717935553135,1.0,203.98808451847665,132.69699240977098,2.2513037223012455,14.060704222222222,2.019265855,744.9450779385808,741.6174009190106,738.233197311946,731.1892738079073,727.792263014131,727.0397194087144,726.8624676472369,725.8873830733261,724.8169415006441,724.5876437163288,723.7441454311044,722.8584053788347,52.60810406665874,49.8943731869593,47.54051207832489,45.06503958698777,43.715278344558016,43.029575344064305,45.49278098954549,49.43913697875363,52.834877336782334,58.33118988206556,63.50820869274356,69.14685574754392,50.0,270.0,0.366977778440511,2.214355247456318
2021-10-19 15:00:00-07:00,65.70782268333333,103.33608,0.2478906779538696,14.5,123.52831388583444,34.59671570947088,72.10320737467924,239.119715217523,0.0,65.36060949501602,161.611368755471,1.0,65.36060949501602,38.555093249720684,2.857142857142857,11.232481444444444,3.49078255,154.1518326150621,154.13679581904023,154.13326141537482,154.01288042142494,153.99063152418438,152.7583975300962,152.1951431232734,150.9393778628593,149.65214348662843,149.05390146902153,147.73195417491672,146.39064133373978,22.694873125358217,22.685034250413253,22.658829007770716,22.55762365695789,22.493668213339262,22.40650417026357,21.810481922931153,21.224325121292793,20.611674602601934,20.09731585634074,19.594993633578756,19.198046695507603,50.0,270.0,0.366977778440511,2.214355247456318
2021-10-19 16:00:00-07:00,1.31587155,39.67736333333333,0.2562266437143124,15.5,39.848680963129354,68.16217045996939,82.51923878052834,249.85391004321662,3.885780586188046e-16,25.15543097235536,40.81588315945723,1.0,25.15543097235536,9.918137569315997,2.857142857142857,8.679044088888888,3.0743853166666666,38.44330740460661,38.59537859752393,38.47895250145362,38.63027680904001,38.52417921283159,38.67620830074044,38.71775691935265,38.619159661104334,38.77005236529602,38.8176791541878,38.72665810500605,38.6183485333594,5.6585004758994915,5.6042939395038625,5.48954380383483,5.394264568550163,5.3570234432257005,5.2736187095442935,5.230699396409143,5.249774369703521,5.244759482671255,5.276631084883007,5.402768229129794,5.503118391875076,15.351884167423151,270.0,0.6176268019036006,1.8928247842525243
2021-10-19 17:00:00-07:00,0.2131176666666666,2.7129233333333334,0.2558856420392861,16.5,2.714752051471862,88.59516452578782,89.50835086205525,256.0788058445987,9.843927977399882e-08,1.735035892174806,2.717965373040723,1.0,1.735035892174806,0.0001828678338574864,2.857142857142857,7.50580331111111,2.001035011666666,2.565543283371948,2.565543284215112,2.565543284215112,2.565543284215112,2.565543284215112,2.565543284215112,2.565543284215112,2.565543284215112,2.565543284215112,2.565543284215112,2.565543284215112,2.565543284215112,0.39025219027281055,0.3817891096932805,0.3746363576423053,0.36908024321090876,0.36534290068045966,0.3635705019341122,0.36382227587973653,0.36607235533123,0.3702111879616692,0.3760513382952009,0.38334340424161806,0.39178113212140975,0.940826801023723,269.9999649952805,0.7417901062711115,1.8572776709403165
2021-10-20 06:00:00-07:00,253.4877313,13.017867983333334,0.3971732376412185,5.5,26.917394716638622,80.9865624043305,86.85671636394763,106.4963179991147,1.5224656825487647e-08,5.922961260551782,56.18389747336278,1.0,5.922961260551782,11.109805470012663,2.857142857142857,-0.0897076650222222,0.6506116273333333,36.769915894504365,36.769916085131,36.826421144031215,36.82642192888632,36.8256866576533,36.91842979736464,36.871606815343796,36.871605114178465,36.87160230886527,36.96433963212481,36.90761288702599,36.90761095270838,2.084767097238301,2.041930769504146,2.0045197663312124,1.9807755441975576,1.9674189893365557,1.9645446533670867,1.9718963062734804,1.9895178405304605,2.042180899595838,2.0758117967367653,2.1165842583686767,2.1593489860929647,6.12462898316429,90.0000045177455,0.696654257760177,1.862850683212312
2021-10-20 07:00:00-07:00,744.1625499999999,37.14194666666666,0.2861874562784487,6.5,197.8036121272563,51.91385740997009,77.53190518054257,115.32940715417601,0.0,17.33662866995474,524.5495562000241,1.0,17.33662866995474,60.556915787078864,2.857142857142857,4.210285172222222,0.6360039288333332,501.3971530886973,501.6646564005456,501.7817492311809,501.9008744151975,502.1554015236226,502.26435102583395,503.44250697454606,504.56885869957114,505.66217340654794,506.7323952271894,507.7502494277126,508.7431994044488,4.514053016461978,4.443556846099598,4.478851943391571,4.469694194858901,5.238028912970121,5.3871102058590035,6.110547430243025,6.995243581189092,7.051096871400525,7.987151729503277,8.953057711330004,9.940148871509976,29.01301401293256,90.0,0.5074958667186722,1.9826332909482454
2021-10-20 08:00:00-07:00,906.6340166666666,47.87050333333333,0.293707269556522,7.5,392.4098236258642,35.76749800359047,67.66506063989367,126.83434983575363,0.0,111.65836231694713,829.6419726076963,1.0,111.65836231694713,112.16688248177576,2.850055580633513,7.474181027777777,0.8159066133333333,792.4989313153729,792.955781483718,793.3626866788912,793.4543407039664,793.9815452052551,794.4489424478696,794.6718947845217,794.8545791196731,796.9033950565125,801.2916030120246,803.4548377068254,805.5785141427566,59.72249820748828,57.51572025472965,54.17716806538981,49.78962658153393,45.969252199168245,41.36113151577269,38.216384010242145,36.664057131092555,35.6356917078905,35.718577874301495,35.6725774788077,36.05623946870723,50.0,90.0,0.366977778440511,2.214355247456318
2021-10-20 09:00:00-07:00,971.7161,56.615545,0.286688706057916,8.5,552.4163771541535,41.53871345611688,59.320703071932236,140.4477152582876,0.0,272.1843472954091,826.6490114843004,1.0,272.1843472954091,151.2466347265523,1.8793400796235553,8.963283516666667,1.7721926,787.6020499514216,787.4248084548078,787.1535430829394,787.0493516971569,786.9478536183811,787.0972441061181,786.6983230981602,786.6019212396234,788.5125424603056,793.045261571003,795.523536998284,797.5933923796159,78.79080389374415,69.60075393436904,61.602827947492294,54.01239881573583,49.61850904888361,45.42423746052335,42.79216726801098,42.17118963419962,43.357970090269106,44.97929664841322,47.14478953325905,49.721357481524095,47.02604665926873,90.0,0.38416816876659216,2.175477040906158
2021-10-20 10:00:00-07:00,1008.4728333333334,56.57630666666667,0.2749943798348535,9.5,659.2872754817457,47.403633823525844,53.298423788179555,156.65797426447455,0.0,403.94198707336295,758.8093239487541,1.0,403.94198707336295,180.41900384813792,1.4064035665107086,11.517306066666666,2.63340273,731.3158223752287,731.3333895967936,731.169345939911,731.1773258924051,731.3465137633442,731.1555756353508,732.7803883158314,733.9441916967912,735.3240885773203,736.5513923206017,737.9840346826685,739.084456874363,97.81132135080209,87.90569773966924,79.4530541008714,73.36315719436973,68.28989228438216,66.31422457200591,64.52594134324946,65.27006693268456,66.58143114551523,69.37295409297664,72.8317313553388,76.4215430633461,27.992348185089114,90.0,0.5153231792448993,1.974132574529391
2021-10-20 11:00:00-07:00,1020.9431666666666,61.63157833333333,0.2706119111384776,10.5,711.2568132605126,50.22915439132259,50.48359576105173,175.08792566920408,0.0,462.0370554291558,717.0924453842748,1.0,462.0370554291558,193.83290592735074,1.077874225410469,13.97677722222222,2.2571774566666667,700.7375795553168,700.7369116306273,700.9783764506744,700.93947078281,700.9399440367592,701.1372147823696,701.1375173676273,701.1372390435007,701.1368112259684,701.290693898497,701.2902697616802,701.2629644234132,102.56230357770063,94.67175058193189,87.68312704251812,81.65137731762168,77.73708452515116,75.5365190446462,75.10454792421247,76.38754400784441,79.35854199588097,83.81213321140781,89.59585117100723,95.9292156661008,5.926824687408537,90.0,0.6983708877048516,1.8624882743582305
2021-10-20 12:00:00-07:00,1001.0120833333332,67.74955666666666,0.2764304464874961,11.5,691.9272013916457,49.317821424912054,51.424411574749435,194.06851754865113,0.0,436.8065322456071,730.2671463853138,1.0,436.8065322456071,193.32898298843958,1.2295636987663805,15.041621222222222,1.9242677116666669,712.7761794812411,712.001042022122,712.0251496916112,711.3684341352755,710.3632659074926,710.4132871178538,709.6705930235496,708.6603878700055,708.6211623554689,707.7474226746682,707.6623966692788,707.7240268705453,89.3063394056244,83.86077652057273,79.72982410535937,75.55532806017739,73.0673058930346,72.18523689214476,72.31382194347063,74.87364536351923,78.66338933346796,84.6209755655008,91.7755500139433,101.43228280941327,16.949641464571133,270.0,0.6042344628128833,1.900581498591193
2021-10-20 13:00:00-07:00,980.5648,62.51126666666666,0.2857227554322128,12.5,611.8755180439761,44.91377169264073,55.92671224765066,211.52891867615176,0.0,346.89410280942326,789.0538464148058,1.0,346.89410280942326,171.48152910987827,1.6074272959410898,16.026539888888887,1.7819802833333334,763.3201294620195,761.7690910432486,760.1828199331868,758.0853255363564,756.4068335905798,754.5311223338299,754.5211843397267,754.6013359050327,754.2868398558161,754.4079892984348,754.2148091028438,754.590297009533,62.91436235769278,61.29800328446369,59.135450295450084,57.53739842226437,56.377822479064974,56.42398112013084,56.351243855090104,59.57978231225976,64.62815207824322,72.64648179677616,81.09861674575,90.81247722377657,37.70900316574087,270.0,0.44417431927265844,2.066015426174475
2021-10-20 14:00:00-07:00,926.22245,55.356930000000006,0.2574662528693264,13.5,472.83025521190507,38.26671075836118,63.209672684309865,226.42582403895776,0.0,194.72645371822816,826.5156937372298,1.0,194.72645371822816,119.32690864166754,2.2684859971089937,16.08911461111111,2.1140109833333334,800.9247030178849,798.6098255872719,796.2535128720825,791.348601581852,789.0384587209475,788.8812183780088,788.9881503633966,788.596958974644,788.1201812833629,788.187780468598,787.9777124132802,787.7317409863978,39.06739003428749,37.37593451508299,36.06617425079863,34.64005471057455,34.403744685361666,34.88031546579398,37.90937214456652,42.55542695145769,46.6078848116276,52.90075859000606,58.83652521530087,65.21282844061959,50.0,270.0,0.366977778440511,2.214355247456318
2021-10-20 15:00:00-07:00,799.3693999999999,48.979025,0.1897174342175035,14.5,290.7310984774243,34.95263970404009,72.3964781313722,238.90094802912654,0.0,35.66116679414384,746.827586156263,1.0,35.66116679414384,62.91345838689806,2.857142857142857,15.462547111111112,2.180772643333333,732.2500169972727,730.1318882322532,728.0383513146372,723.5880398988529,721.3281258751941,720.8855025520116,720.668263233097,720.2128858036986,719.755659131726,719.5204125672134,719.034834043196,718.5496874983759,19.5803930324055,17.663190058915486,15.760716746721219,13.819260797997238,11.898326675417055,9.948062155646982,9.614253663916758,9.243290891489144,8.822850777862502,8.340213913633962,7.88212000811291,7.408281568771922,50.0,270.0,0.366977778440511,2.214355247456318
2021-10-20 16:00:00-07:00,406.98042275,38.509213333333335,0.1592740305446761,15.5,89.5689328843089,68.99454512790878,82.79268531611835,249.61840332601096,8.971539564031498e-09,18.162073271399578,205.7505078182854,1.0,18.162073271399578,16.39586288606506,2.857142857142857,13.922056166666668,1.7922551800000002,179.7607540427048,179.82996181032422,179.89871552376164,180.247031770113,180.6417234143372,181.0093232574694,181.00559995592792,181.34589541340492,181.30698363988347,181.6597620392698,181.59090292208418,181.94339534854961,2.8107485988493224,2.859761973028939,2.9106728756551723,2.895092712711638,2.8896614933254883,2.994266893894287,3.1270843440395186,3.158486785958446,3.2924303260021754,3.4718953388933476,3.521252008566749,3.8271453032633804,14.773437175944917,269.9999979086902,0.622501248635729,1.8902011455582306
2021-10-20 17:00:00-07:00,0.2664203,2.469427383333333,0.239420508380667,16.5,2.471351459475308,88.81766540296883,89.58620870585328,255.67517688387176,1.0815576530340242e-07,1.5792268600786974,2.4748064239674807,1.0,1.5792268600786974,0.00011831886906139459,2.857142857142857,11.364349794444443,0.6929371436666667,2.3352654568381586,2.33526545766878,2.33526545766878,2.33526545766878,2.33526545766878,2.33526545766878,2.33526545766878,2.33526545766878,2.33526545766878,2.33526545766878,2.33526545766878,2.33526545766878,0.3323586093434989,0.3251571877275488,0.3190664497251061,0.314331038626553,0.3111415421769343,0.30962430269768465,0.30983253537635175,0.3117455164253934,0.3152723501803227,0.32025475503272366,0.32647960706819384,0.33368849991894983,0.7932090673573504,269.99996266753305,0.7430781661696427,1.8572386853015255
2021-10-21 06:00:00-07:00,14.783207266666668,9.923976833333334,0.2978255365624623,5.5,10.681739493824908,81.57860623512249,87.06182587408826,106.79003739282132,8.790974337803687e-09,6.061706348941867,12.408249031270245,1.0,6.061706348941867,3.2055113273089635,2.857142857142857,6.598053849999999,1.0704591533333334,10.619056528602487,10.624076829334477,10.625843878196045,10.625843683850762,10.630059572260544,10.631829909489728,10.631831174374025,10.631830783285979,10.63475340373574,10.636117871351736,10.636117510979211,10.636117215679919,1.5724660897940592,1.539363490219045,1.5129203194534167,1.4962756599406302,1.4842640723735827,1.4819856183331845,1.487567350140559,1.5005009368723639,1.5212546783811274,1.546991637192436,1.5768818777066322,1.6149224385749406,5.729474354269178,90.00000256132094,0.700084191214873,1.8621385113567162
2021-10-21 07:00:00-07:00,0.2248101833333333,40.818765,0.2642097810132656,6.5,40.866445056792735,52.70116161744159,77.75512327881185,115.61567708699751,0.0,27.136280522612317,37.59981051525792,1.0,27.136280522612317,11.061339411639871,2.857142857142857,5.439716188888889,0.5024936595,34.82970770745848,35.02683373495234,35.44739251658521,35.630029416207975,35.80317492598355,35.99745306265636,35.878004013820274,35.95353341643827,35.86636161681247,35.5645277600242,35.479933574123834,35.379020999272136,6.499818725596775,6.499131027791128,6.452616267623571,6.560975238685599,6.41161381023438,6.38110595419355,6.5432291522263295,6.44749573837415,6.6340655637292185,6.648432170391327,6.550671583587564,6.535950955309119,28.424402703478044,90.0,0.5120005925677671,1.977696935981343
2021-10-21 08:00:00-07:00,0.3468548166666666,52.028508333333335,0.259998569161152,7.5,52.15890601401513,36.12283215592471,67.91738482187355,127.10818108191296,0.0,35.77769256118598,42.31138834093384,1.0,35.77769256118598,17.30493141628218,2.857142857142857,5.703857566666667,0.5523380059999999,35.96320801686406,36.715595022967165,37.456986104330426,37.788793908089886,38.51254129887039,39.21653394146796,39.52987240185932,40.221973955859866,39.9899402812333,39.58204713544458,39.35727217163158,39.135529229593644,10.936482898220218,11.116357821018532,11.362681422269443,11.61546971493032,11.937746854011598,12.2487779018068,12.57431734453939,12.417048395538302,12.250634837410507,12.10508628056704,11.91692473397214,11.716848246799394,50.0,90.0,0.366977778440511,2.214355247456318
2021-10-21 09:00:00-07:00,0.03315015,102.07899,0.2598643755189158,8.5,102.09576052706721,41.87008838650513,59.60915352042991,140.69303773890908,0.0,69.5721337692687,85.48163614194733,1.0,69.5721337692687,33.03473737860854,1.885759278310207,7.942205527777777,0.830022335,73.2496242211995,74.55011434081385,75.94923754393326,76.56758152341322,77.9420915533241,79.26603085060712,79.85355337836023,81.13267848151612,80.77584036501841,80.16784352897426,79.92132493698314,79.58337022375031,20.4693141863315,20.758591427381297,20.71037072175554,21.155787490213275,21.724578388596246,22.306128982365554,22.9178440181625,22.705352556212816,22.481174254612807,22.29726598672781,22.035840513034774,22.24332323244262,47.20596080863198,90.0,0.3830997266456751,2.1777778906851464
2021-10-21 10:00:00-07:00,0.1089591333333333,115.76963333333332,0.2596105942831598,9.5,115.83425507707274,47.75400003061944,53.62394923034879,156.84173192650644,0.0,76.85449971144709,107.36585810338573,1.0,76.85449971144709,31.190126204427045,1.4082886401636743,10.383413994444444,0.8652133626666667,99.01175051243077,100.15810148959275,100.66725969837891,101.24203222753579,102.26286543419926,102.72629121164516,102.54516757931789,102.30454555833238,102.1354169404099,101.92296465813114,101.76716312896828,101.56321832669391,18.19420315428085,18.161560025919698,17.999456281877553,17.79881161158024,17.849838268373528,17.839793814138645,18.012065917532563,18.067426613253073,18.56559795072707,18.409995149603287,18.488974439659597,18.493125807797753,28.09725495346236,90.0,0.5145151910538455,1.9749934259111797
2021-10-21 11:00:00-07:00,0.07458775,136.06403333333333,0.2603908593337133,10.5,136.11113938205344,50.58612287629304,50.83527469871656,175.16969014176937,0.0,87.40996596849196,134.92769542064633,1.0,87.40996596849196,34.749755477909574,1.077545710332753,12.126378666666666,0.4256246551666666,128.04385592247124,128.20425316955325,128.01427815432262,128.00713215960093,128.00716113984086,127.98324283054518,127.98325559132721,127.98324435014142,127.98321921802646,127.96440393613449,127.96437648264524,127.95934364200977,19.74251074500775,19.28021175487285,18.917783902245528,18.632750081528894,18.484773583002802,18.44476510196896,18.51069184104327,18.68421935910653,18.94738158325173,19.26765615428216,19.661861100103113,20.12429414497541,5.902009065631136,90.00000269986933,0.6985862921052571,1.8624436450379838
2021-10-21 12:00:00-07:00,0.41995845,233.00306666666663,0.2586489698899298,11.5,233.26288502513728,49.658753103610344,51.78046160065598,194.03204788135062,0.0,151.8282846607413,226.91050669162914,1.0,151.8282846607413,59.56293810231953,1.231951731944787,14.427596333333334,1.3678628666666666,215.92196273000388,216.50492999708376,217.1175580541572,216.33730692746127,216.90279013064816,216.75244725226474,216.55206104805154,216.55745111589528,216.43001548761947,216.2531080860527,216.24935513963976,216.14055676420736,33.52796842698475,32.58878495346629,32.02734587718567,31.492021313337855,31.31489316782912,31.425159996100984,31.55727656837299,31.96030302470045,32.66214669089413,33.037270511927446,33.69617689530399,34.24524450774846,17.11367311356057,269.9999987925817,0.6028657959422503,1.9014200395931402
2021-10-21 13:00:00-07:00,306.19134310000004,270.32873333333333,0.2712334426681617,12.5,440.36509141264935,45.22337304518358,56.26675074783817,211.39763159363267,0.0,266.91235559499876,511.76737661245056,1.0,266.91235559499876,132.38902810212568,1.6135266159338677,16.622001055555554,1.97897672,490.92667536968156,488.13326332044267,486.33927099049566,484.5218828263638,482.3770232221625,480.41675897531104,478.52678473561707,477.7940955996155,475.902324681129,475.1724259522081,472.745445690755,470.79028367992606,64.16467445143454,62.78322706443084,61.61391209606396,59.425836369874474,57.89758157768566,56.37002158130744,55.50385394347497,56.061019216408155,58.16853857373857,60.494707379608904,63.66597014237067,68.8636217755117,37.96088768523999,270.0,0.44243829734680196,2.0687120128424437
2021-10-21 14:00:00-07:00,416.3089173333333,135.35217333333333,0.248080752049928,13.5,320.9498257764945,38.57527481241328,63.52436875487199,226.23737531071737,0.0,149.8780477625204,512.4381361435601,1.0,149.8780477625204,93.1978807642779,2.2857564823156236,16.93775822222222,1.7409940933333334,493.56073407187193,490.966950199808,488.3296661456061,482.8349523214235,480.16977326562005,479.2109195119574,478.86605882354456,477.7587944789575,476.5879320239894,476.189477964873,475.1331706321041,474.03756662306125,42.54546525959908,40.39710709706066,38.480821765819414,36.47507390180838,35.155199483804985,34.24781695318549,35.48497078051043,37.61277667091935,39.38031721994493,42.36085200935384,45.09902876738184,48.098892289431426,50.0,270.0,0.366977778440511,2.214355247456318
2021-10-21 15:00:00-07:00,743.4594529999999,48.307120000000005,0.1839466899334353,14.5,269.5646672648643,35.30607920609864,72.6861655288391,238.68255746365426,0.0,29.007665503540675,704.9695466597133,1.0,29.007665503540675,56.791113878609735,2.857142857142857,17.607143333333333,1.48612056,691.5737700164468,689.5902536945118,687.6147785954194,683.4541119446878,681.3404559535027,680.9626695053258,680.7780446677286,680.3899803432008,680.0001575981281,679.8049135680528,679.389368888973,678.9746847389006,17.077384649235388,15.255486155335566,13.445085129581834,11.617070202876702,9.805855862524442,7.986483323823803,7.711151075900171,7.41397614873278,7.083918799288046,6.712316847941143,6.362188079000799,6.009008790596583,50.0,270.0,0.366977778440511,2.214355247456318
2021-10-21 16:00:00-07:00,394.08421361666666,26.343126666666667,0.1264563346688058,15.5,73.94381688792332,69.81155634713389,83.06241076252728,249.38320864492033,0.0,11.993121620354351,178.70738565290333,1.0,11.993121620354351,11.332283890506982,2.857142857142857,15.79583211111111,0.7735641253333333,155.95710013219298,155.70987416591936,155.70980399780888,155.43748982975399,155.43918592589952,155.14167712603643,155.14169669755543,154.82033358682486,154.4715518695891,154.45172890012984,154.09944151966457,154.05373497188214,2.373883257023589,2.25146496781748,2.101239034648279,2.0772878540676993,1.9605181468978388,1.8429750601516852,1.8319084082174426,1.731705429522412,1.656101677751234,1.6658976031484483,1.682770248003409,1.6138568288603892,14.206278510224612,270.0,0.627293191558943,1.8877243940172372
2021-10-21 17:00:00-07:00,0.19645615,2.239409033333333,0.99,16.5,2.2405721619480405,89.030746313903,89.6607754453364,255.2720023919414,1.1429386504315285e-07,1.4320603831575534,2.242659887102297,1.0,1.4320603831575534,7.23701100848567e-05,2.857142857142857,11.970570883333332,1.2125335133333333,2.117489144165705,2.11748914460596,2.11748914460596,2.11748914460596,2.11748914460596,2.11748914460596,2.11748914460596,2.11748914460596,2.11748914460596,2.11748914460596,2.117482929855941,2.117482929855941,1.246213415733655,1.219232645513282,1.1964057671529895,1.1786364405086698,1.1666537198202693,1.1609366725980679,1.1616942294767416,1.16885670162353,1.1820886266784687,1.2008015054174035,1.2241969349305268,1.251308870419142,0.6514351069632802,269.99996167516707,0.7443152787391756,1.8572074913432737
2021-10-22 06:00:00-07:00,257.28648166666665,11.621971116666666,0.4058432435826183,5.5,24.7113898695017,81.64205858770015,87.08382523090552,107.24258122220158,5.220632610048874e-09,5.195475653464046,51.743535794753726,1.0,5.195475653464046,10.387367447043832,2.857142857142857,11.408127616666668,2.908921433333333,32.583299243645065,32.55917641182986,32.63446422218684,32.634463940921144,32.60129500496874,32.67658664162425,32.67658818348177,32.676587811566414,32.634333487630705,32.70915099313512,32.70915057224914,32.70915022389167,1.85288751783981,1.8142285742844708,1.78334027663128,1.7783968094933533,1.764317667566401,1.7616518754210921,1.768169970102155,1.7832771991136234,1.8074454033222456,1.8375210759362608,1.872464871640862,1.9375417840410833,5.700008929172215,90.00000147877934,0.7003400475917323,1.862087302659976
2021-10-22 07:00:00-07:00,758.5208,34.91255833333333,0.3231357646258236,6.5,192.89332847373154,53.482314630668704,77.97872957719304,115.89746010376041,0.0,16.286134512110092,513.1900706021815,1.0,16.286134512110092,65.55784406092121,2.857142857142857,14.756086388888887,2.9241936666666666,488.9756948332982,489.10607633022835,489.2124262333,489.4386856076761,489.553427555601,489.65014603426874,490.74455853714255,491.7862951989587,492.79533019710703,493.78383362575784,494.7219242891319,495.6358282891955,4.666402211335188,4.590776009624434,4.612378270490158,5.182698608614611,5.297951093582226,6.054416295964002,6.101431424327435,6.913479692243618,6.979416130908949,7.836842297255959,8.733951655682693,9.37001943961235,27.840789727128197,90.0,0.5164918657006199,1.9728941337261419
2021-10-22 08:00:00-07:00,916.8640833333334,45.34559333333333,0.3004471421451394,7.5,386.28774557125666,36.474938130929004,68.16982284285227,127.37682655362164,0.0,105.8689251313389,828.1188433641387,1.0,105.8689251313389,112.13341707220033,2.857142857142857,18.343918444444444,2.1162267,791.1469114889765,791.582005980259,791.969201128583,792.0558237629989,792.5585017645329,792.9977562293471,793.2233554037706,793.38563748749,795.348388016884,799.5756836527746,801.660867877757,803.706025368446,57.67373122096833,56.080667958462016,53.117810710702756,48.997983851862834,45.29755292177593,40.80307226133827,37.68366051610874,36.09266978114674,35.003512935159996,34.99903248856071,34.87605078471029,35.17508898850861,50.0,90.0,0.366977778440511,2.214355247456318
2021-10-22 09:00:00-07:00,981.4201833333334,51.10209666666666,0.2901098643116801,8.5,543.3376107078159,42.19744116408732,59.89711488567579,140.93250979480376,0.0,272.2796476205074,820.0366317507588,1.0,272.2796476205074,149.07333565129542,1.89236020349075,18.374973555555552,2.3512547666666666,782.3163606791308,782.079660057586,781.1667426822094,780.7559522297099,780.8879442521053,780.9584526783397,780.5404175844711,780.4021172145848,782.5483091086995,786.6416104799256,788.6974804412141,790.6154799575654,81.17226214973711,72.17168436970078,63.207275197865044,56.51283072083205,51.762068882500614,47.1729559365573,44.23573560692343,43.203344532566625,43.43505066667555,45.399124153581965,47.56421316264185,49.870875868235366,47.38936832857918,90.0,0.38201426254037263,2.180130310652634
2021-10-22 10:00:00-07:00,1010.4395,56.30827333333333,0.2788452146279678,9.5,650.9706984240028,48.10081452770525,53.9480471507999,157.01957706754524,0.0,398.8772603965119,750.9954860366055,1.0,398.8772603965119,180.56242847262882,1.4102549941815137,19.602659888888887,2.4214641316666667,722.6171939586422,722.6501181713039,722.4679519853064,722.6479083391378,722.4947953900202,722.4688735746413,724.0815429443531,725.2484487431769,726.6452677518065,727.8753297689561,729.3100470767453,730.5517543460566,96.85169974465968,88.05139039163609,79.58369801695117,73.51158228471736,68.4187797351287,66.44558989645941,64.66032602397975,64.91379877410066,66.55223964628983,69.49265164160475,72.94473682264685,76.50825308491045,28.206392408645506,90.0,0.5136754561496342,1.9758921323796568
2021-10-22 11:00:00-07:00,992.7636166666668,95.31401666666667,0.2747072612735781,10.5,717.5929254694158,50.9401891568288,51.18448814667968,175.24676276295895,0.0,465.9882729690207,723.6880253675054,1.0,465.9882729690207,198.9744886213146,1.0772680872656692,21.036546833333333,2.1292022216666666,705.2842865386608,705.1497260036898,705.5552757777818,705.5551298651174,705.5555647396461,705.8096530630808,705.8099536380894,705.8097262935822,705.8093011146028,706.0077382056512,706.0073158717998,705.9793101472208,105.22297932830494,97.33968605450157,90.33862264814918,84.30044491559144,80.38730325438661,78.1920982070688,77.772294214754,79.07506176728191,82.06289485576981,86.43262471016115,92.0574367492708,98.76082137768122,5.881042292681754,90.0,0.6987682952712835,1.86240608305518
2021-10-22 12:00:00-07:00,980.2203833333332,74.84788499999999,0.2776601236439022,11.5,676.5329351836745,49.99733745466405,52.13331348893476,193.9930361740952,0.0,433.5591512114183,715.5188182728886,1.0,433.5591512114183,190.40322341472898,1.2343032548840451,21.766779666666665,1.95060736,697.3971107960036,696.2848126559013,696.6786918608195,695.5951476142847,694.6198091906261,694.7639489714866,693.7706278759292,692.6893694892593,691.697910660719,691.5742339267929,691.6927707255942,691.5154379439352,89.27439629035605,84.39244330013206,80.11632502126376,76.50349146484949,74.14206456822627,73.63802014030759,74.21890333738892,76.28292514869845,80.91865667180895,86.34512277086202,94.17865915199378,102.69037147476713,17.27484361126601,270.0,0.6015221767890067,1.9022515837205372
2021-10-22 13:00:00-07:00,950.5834833333332,77.362685,0.2849596653082506,12.5,600.5951778185349,45.53107684915474,56.603278202778746,211.2655823240655,0.0,336.15796822084894,777.5396855499845,1.0,336.15796822084894,170.37685127815766,1.6196194497251577,22.244101444444443,1.897935515,750.9924286615482,749.1226819370368,746.846773076154,744.8880085550675,742.9231781879065,740.1054088796388,740.0153102355448,740.2040493402999,740.0234340765128,739.9836002524037,739.9738158041772,739.99911499497,63.1346844339247,61.82566015450789,58.961435429826835,57.148403905850785,56.11410776722373,55.33048256287221,54.96848605267939,58.994323805508245,63.91899862005973,70.51656876396355,78.70997330019499,88.07530899381183,38.21022899362633,270.0,0.4407256578837521,2.071396380705165
2021-10-22 14:00:00-07:00,594.6590333333334,134.45305,0.2577002128538075,13.5,396.6683522294179,38.8831794697815,63.8354463087155,226.04904034641933,0.0,175.5353852927397,659.4937259966833,1.0,175.5353852927397,115.62458295264433,2.3031037309120994,22.6582252,1.86535668,635.6834727383986,632.4004513018467,629.0639538421597,622.1304622342981,618.7634322221828,617.890838500466,617.6169894187763,616.5331773851212,615.3766916816595,615.0311883316301,614.0375610524021,613.0002305664898,49.212770023225126,46.57063335989633,44.24495707765152,41.813026229618465,40.31098343834034,39.37366727250337,41.292735986567884,44.45127739160023,47.13332785267986,51.42425109527765,55.388618868816174,59.664780284558056,50.0,270.0,0.366977778440511,2.214355247456318
2021-10-22 15:00:00-07:00,572.5747833333334,96.25092166666668,0.1977523648176652,14.5,263.9217709493107,35.65692128188175,72.97214468901747,238.46453686490196,0.0,51.297089561634785,624.6905477647433,1.0,51.297089561634785,66.69910105881928,2.857142857142857,20.0,0.0,609.9321593926088,607.5694107478396,605.1667291974769,600.168103051089,597.64336153994,596.7504919616125,596.3301410724256,595.4190581657326,594.4882937549402,594.0417001337754,593.0807633390172,592.1112236177456,26.585620834843898,24.346605990201542,22.11095569279407,19.874752715023547,17.665002235701024,15.477487903377305,14.992125541123858,14.49920914152666,13.995867279391165,13.512243567416636,13.05611240174068,12.65224431123654,50.0,270.0,0.366977778440511,2.214355247456318
2021-10-22 16:00:00-07:00,128.50089238333334,46.606385,0.2067365256570627,15.5,61.535658839823796,70.61320456250431,83.32829165678744,249.148339089034,0.0,24.50089482075082,105.91362580261682,1.0,24.50089482075082,13.589165857611098,2.857142857142857,20.0,0.0,93.90463260400597,93.80820155800006,93.7879027781486,93.69148099470192,93.6546488199892,93.55849682968281,93.51452009622503,93.41779281597267,93.35580268481331,93.19152895243221,93.00805814054428,93.00755785304253,4.9661613375959295,4.858914751513914,4.774885692127151,4.629350203648469,4.540238905200673,4.49001850002718,4.396302534999825,4.382476213890825,4.372942236196598,4.403999347432807,4.422094950193717,4.503908219569416,13.650279092111933,270.0,0.632002523532735,1.885388576375631
2021-10-22 17:00:00-07:00,0.2755789333333333,1.9657235333333327,0.2542007402859552,16.5,1.9661190788376395,89.76503334119889,89.91776187130986,255.02913373909266,0.0,1.256870086951958,1.9668499217891722,1.0,1.256870086951958,3.741316869813052e-06,2.857142857142857,20.0,0.0,1.858452868644733,1.858452868644733,1.858452868644733,1.858452868644733,1.858452868644733,1.858452868644733,1.858452868644733,1.858452868644733,1.858452868644733,1.858452868644733,1.858452868644733,1.858452868644733,0.28158473539441314,0.2754728596368783,0.2702345178958123,0.26608461170705283,0.2631986241658275,0.26170152339897196,0.2616594167565398,0.2630777941698593,0.2658991516738546,0.2700069779961991,0.2752303545755023,0.28135602247776265,0.15809472599382232,270.0,0.7486203650013489,1.857146663935562
2021-10-23 06:00:00-07:00,50.99616385,12.109840983333331,0.3145167614452372,5.5,14.520949025480569,82.23639275910016,87.29003467609112,107.52800599255873,2.1896753930199253e-08,6.637394341302794,20.029739190956498,1.0,6.637394341302794,4.652882822073859,2.857142857142857,20.0,0.0,15.05457176936461,15.070936878877854,15.068359107173217,15.068358117170007,15.08472368110914,15.084726231774457,15.078711263413478,15.078711283243765,15.078711065737528,15.095075142750439,15.095074742746343,15.086809846949857,1.825453123247976,1.7835346860289292,1.7528940793162118,1.7308938140118297,1.7181229357450614,1.7146867665257688,1.726040661638691,1.7409928802531291,1.7636257766533878,1.7929839006233548,1.8297545789461838,1.8680586055209132,5.301510686295375,90.00000609716339,0.7038015794301303,1.8614205947888423
2021-10-23 07:00:00-07:00,0.0244263333333333,84.49897333333334,0.2633185462159971,6.5,84.50396730448013,54.2574786572492,78.20267804161416,116.17465407284489,7.77156117237609e-16,51.551952483197425,91.44163511381613,1.0,51.551952483197425,22.684787467057284,2.857142857142857,20.0,0.0,85.30941555238671,86.07287621230607,86.4146785343617,86.79426839487154,87.47497236833951,87.81821351703222,87.64206754598536,87.4653962999934,87.33237717289519,87.17492517110321,87.05594970651815,86.56617771185442,12.365263921671659,12.215522608724465,12.112388061637047,11.980498959539785,12.025202656016113,12.010152544054193,12.31511790928141,12.168124691126367,12.20255646229012,12.391596536584998,12.442001083050053,12.439154427559512,27.261937146161763,90.0,0.5209704373822833,1.9682211295489427
2021-10-23 08:00:00-07:00,0.1583340666666666,162.7346333333333,0.2639093437772357,7.5,162.7928626736628,36.823706092711944,68.4223059506584,127.64020122658376,0.0,104.0707329332435,157.13621634929223,1.0,104.0707329332435,53.441192568199604,2.857142857142857,20.0,0.0,137.57212838948968,139.67287717237443,141.7408087678234,142.66242841412418,144.68570038186863,146.65244292865538,147.52729852395132,149.4509609621904,148.95191145256845,148.1200035315867,147.64359537448814,147.17296088113937,32.889603839985945,33.355541628047476,33.939722423929176,34.4867809995679,35.23652780408952,35.91909772275117,36.694418131422566,36.24424191056058,35.78912331957941,35.43844661582043,34.962428793641365,34.47217599714821,50.0,90.0,0.366977778440511,2.214355247456318
2021-10-23 09:00:00-07:00,8.71405515,238.07948333333331,0.269785882290163,8.5,242.4121877339551,42.52063613059727,60.18449694794113,141.16607642838085,0.0,159.01564399556995,226.50309397623874,1.0,159.01564399556995,78.27970424580539,1.8991484659577118,20.0,0.0,199.406919213903,202.275743798505,203.52969328286002,206.29987334228957,208.82284622084558,210.03945692054452,212.9180000507422,214.08720942061603,214.8995508237419,212.53971141881232,213.4136796556262,212.8655503917417,47.480909264367526,47.515613679006194,47.69213977406196,48.35017259371107,49.07992640549501,50.187184799666326,50.04394996183062,49.7373035365128,50.3627550906472,49.96133080346212,49.715258783298154,49.284076020725074,47.576309862269206,90.0,0.38091176345309735,2.1825351974095937
2021-10-23 10:00:00-07:00,19.003441566666663,270.71171666666663,0.2690183746479499,9.5,281.8089216402515,48.44394844600014,54.27061354383884,157.19149058183746,0.0,184.7591426234485,271.4355676240949,1.0,184.7591426234485,78.14174774171912,1.4123053712202909,20.0,0.0,252.38872743158328,253.50019938275304,255.75727300353304,256.9485018782218,257.92196127501325,260.1142988215444,259.72437311915974,259.32881908780644,259.1015663633949,258.76674494499895,257.4475210833227,257.109220609201,44.676892210405164,43.940063275042476,43.23765271605887,43.24099660113141,42.197274363738515,42.072417670723496,42.894574666149246,42.406774786034674,43.61607728253348,43.519442758435275,43.849295772129096,44.20081598771357,28.319875291644603,90.0,0.5128031956643564,1.9768300127222878
2021-10-23 11:00:00-07:00,26.35990855,248.5373833333333,0.2679106623893794,10.5,264.935602108656,51.29124691420874,51.53112796422556,175.31913653043398,0.0,170.4178657061046,263.28498097352065,1.0,170.4178657061046,69.89160899661779,1.0770438819890698,20.0,0.0,250.83358772902184,251.09517479824197,250.78203799254183,250.78202920952072,250.78209945886672,250.75212477443736,250.75216435108285,250.7521362578771,250.7520718973773,250.7284214607521,250.71827584334,250.71826851243907,39.289417099783556,38.09449233672213,37.084181587406476,36.27395579553089,35.81158925237897,35.62536551672483,35.71503595063114,36.080287757998605,36.688762838897944,37.49994374031207,38.44241091646767,39.59030093367055,5.86410567254738,90.0,0.6989153194959628,1.8623758383534315
2021-10-23 12:00:00-07:00,107.21807783333334,339.4437,0.2682556739107679,11.5,404.73937950859,50.33349978478376,52.48285598673302,193.9514569727986,0.0,262.38329192087537,407.18672049739246,1.0,262.38329192087537,109.89287238867017,1.236615180422389,20.0,0.0,390.44948153027104,390.79555460549557,390.2708990569378,390.63443618321025,390.3393308928077,389.7616260038885,390.12539948441855,389.7988325515249,389.55349350282626,388.81890290451963,388.1930319489279,387.37666315236726,59.10685832953757,57.548232689677306,55.676665110800904,54.43594564204631,53.07567548581019,52.52238120989806,52.39760819389364,52.62086990754999,53.75789149325016,55.45892590761149,57.562103825591244,60.217256250096746,17.432951318700695,270.0,0.6002052325114943,1.9030746674770147
2021-10-23 13:00:00-07:00,512.008655,278.8227833333333,0.278247595703592,12.5,558.160835844987,45.836836773797515,56.936176918240584,211.13273558927247,0.0,329.8603280622196,665.8530817678258,1.0,329.8603280622196,164.92591389274673,1.625700256283714,20.0,0.0,638.9621019458211,637.3098909998982,635.2755177362319,633.5585747735532,630.8080682198374,628.9288825792551,627.6800849093725,625.8500956817645,625.1323820658394,623.2624916302457,621.1593765591127,620.5260905146151,75.32587740467227,72.40092212606261,71.17315514464153,69.43432176163644,67.69955328538315,66.9936108721422,66.82276236047801,67.95181314045374,71.1610258367746,74.91937339069187,80.45341406838415,86.41004806637015,38.456833383169695,270.0,0.43903757832232704,2.0740659201708707
2021-10-23 14:00:00-07:00,97.3734485,184.56917833333333,0.2658936583548502,13.5,227.03665704575047,39.19029587580524,64.14278286017327,225.86079617096343,0.0,133.26484006689674,263.60451585164674,1.0,133.26484006689674,72.54735148137918,2.320515585465307,20.0,0.0,249.67110654805634,249.5353415966443,249.39576071811254,248.9469558130868,248.82209787006772,246.83845278182093,245.97273535201498,243.9087624087672,241.77631576041554,240.8458815343505,238.70771322192127,236.5309776707423,41.96586978559354,41.92516329626792,41.92792051337036,41.789882758749556,41.93102842634765,42.182816276615014,41.806860563178525,41.76853449032967,41.58409231837739,41.972215866899816,42.297419454412044,42.8736804908199,50.0,270.0,0.366977778440511,2.214355247456318
2021-10-23 15:00:00-07:00,0.18860485,65.39031,0.2581336231456776,14.5,65.44465168382361,36.00505225296196,73.25429234564196,238.24688378000417,0.0,44.536737152124076,54.21883623697338,1.0,44.536737152124076,21.649699716730204,2.857142857142857,20.0,0.0,50.235797846787584,50.496357107061286,50.76040393718337,51.23634460163636,51.50870231554055,50.6459382828198,50.255015029563275,49.377426995428635,48.47528117280888,48.06126786311815,47.13704404490864,46.19912552091052,14.60939432183039,14.842889144433254,15.06168399107678,15.22825829827209,15.4202065557972,15.600877413111405,15.194076081355902,14.80447627838052,14.401541413531113,14.084151894288834,13.775442591166483,13.549442051667913,50.0,270.0,0.366977778440511,2.214355247456318
2021-10-23 16:00:00-07:00,0.2330945833333333,20.32113533333333,0.2515284536269132,15.5,20.34715773144758,71.39947599707254,83.59020652305075,248.91381189560656,0.0,13.185065106894259,19.816115184216304,1.0,13.185065106894259,4.934489609279959,2.857142857142857,20.0,0.0,18.814553226938372,18.83069151843738,18.830560418344994,18.77753244237363,18.852000806780055,18.797653134853377,18.87186718928809,18.897045922004462,18.89716118106502,18.920954288126172,18.950546291388832,18.903326588975037,2.907982416242848,2.8680630153564333,2.8137479191934203,2.7652188300122504,2.739881365009961,2.7055123213480092,2.6826713308430645,2.677526558659516,2.7005404643726765,2.7226163365861167,2.761545289668528,2.822765444168769,13.105328977175196,270.0,0.6366290528972527,1.8831879745060358
2021-10-23 17:00:00-07:00,0.2431279333333333,0.3461534666666666,0.99,16.5,0.3462167937472085,89.95736078168905,89.98507627471999,254.62691138089232,0.0,0.22132155889711655,0.3463343794016063,1.0,0.22132155889711655,2.1772422745787635e-08,2.857142857142857,20.0,0.0,0.3272596233593256,0.3272596233593256,0.3272596233593256,0.3272596233593256,0.3272596233593256,0.3272596233593256,0.3272596233593256,0.3272596233593256,0.3272596233593256,0.3272596233593256,0.3272596233593256,0.3272596233593256,0.1931224403567998,0.18892014591760894,0.18532046115836737,0.18247070086811965,0.18049108561498603,0.1794662311278846,0.17944081150927557,0.18041747698994118,0.18235569158934814,0.1851745508689301,0.18875613499687538,0.19295372386467136,0.028743951254789388,270.0,0.7497491617158074,1.8571429829825548
2021-10-24 06:00:00-07:00,123.89882216666666,19.69459995,0.3371165451174057,5.5,25.501200108782264,82.30487349356422,87.31381150644691,107.97189910934213,1.5744930500171086e-08,9.736397081899852,38.90783999242877,1.0,9.736397081899852,8.824746785955409,2.857142857142857,20.0,0.0,27.205586831508356,27.253572156972204,27.237835260365944,27.23783368526233,27.285819348518253,27.263133971998847,27.262403070312565,27.26240312313693,27.262402803183758,27.310386270519388,27.31038564689513,27.28134652966741,2.8751106492403737,2.809195393714818,2.7610122392386294,2.72640510151609,2.7063097272378887,2.700896339897261,2.7228328753302296,2.746604804489244,2.7821890211909133,2.8283551511817002,2.8861871440019504,2.946477518287561,5.267726468679129,90.00000426886824,0.7040951491855224,1.8613662864771268
2021-10-24 07:00:00-07:00,480.729007,45.83768666666666,0.2944770795753876,6.5,142.28042086959644,55.02678958378,78.42691887970784,116.44715891834022,0.0,19.236081609589345,358.05274803534894,1.0,19.236081609589345,45.94560279616086,2.857142857142857,20.0,0.0,338.2689132394746,338.5628842888476,338.68528164421184,338.8053606853322,338.93876259979487,339.04989864821096,340.13437766520536,340.98431003618856,341.8927615072855,342.7838306343709,343.6407859481616,344.4483600384553,5.038350763713742,5.024128046223321,4.979345733567967,5.464177088792796,5.585296167696052,6.2683709997899015,6.312949908292892,7.044489059832595,7.612627036095827,7.901369632174981,8.719946889134125,9.272259919832962,26.687636851951137,90.0,0.5254368907060001,1.9636745366206103
2021-10-24 08:00:00-07:00,867.5891166666667,52.46235333333333,0.2958715953198521,7.5,367.9711947463224,37.16902592753226,68.67476187627301,127.8982229709003,0.0,100.37907500091346,791.1030315550913,1.0,100.37907500091346,108.13138774803946,2.857142857142857,20.0,0.0,753.3949145532195,753.9096509339303,754.3649226828011,754.5209580102519,755.0655066408318,755.5700421438651,755.808104763971,756.0974876262856,758.2849677843249,762.899753708205,765.1845693487264,767.4283704457611,50.73246019281547,50.699165388087714,49.031085775683735,46.079137690764775,43.15277627257041,39.455044899753744,36.788727491729524,35.74238470812687,35.10638034888931,35.40739838468584,35.581922021175174,36.15032688228129,50.0,90.0,0.366977778440511,2.214355247456318
2021-10-24 09:00:00-07:00,661.3389999999999,233.9808133333333,0.2848691379466417,8.5,559.9289391951079,42.839537844491076,60.47120657164879,141.39368614462018,0.0,299.6380371105183,772.5593173161287,1.0,299.6380371105183,169.68058975583853,1.9061296143620456,20.0,0.0,716.6083480669364,718.2326733641953,719.7271526732576,721.2564263912501,721.991897450727,723.6986490098491,725.1534863799089,725.5964403850558,729.1204196627261,733.8534652516721,736.4994327374454,739.9038203527589,90.51997956100344,82.79642018064403,77.16971897357398,72.57097044042995,68.82172061374277,66.72798018592577,64.444628642028,64.68728137866586,66.6603849383131,68.73838257237854,71.25462863995132,74.0888377544892,47.76681816173815,90.0,0.37979227151599704,2.1849933565978823
2021-10-24 10:00:00-07:00,223.28311333333332,240.6325,0.2695555431264791,9.5,370.00306869602167,48.78327201446998,54.59154231855994,157.35745683778623,0.0,233.44051321654015,393.2118336274615,1.0,233.44051321654015,105.65133640154808,1.4144424659166872,20.0,0.0,367.65917688051195,368.42603665941874,370.2358669417059,370.9409319838189,371.59737099031844,372.4315902442185,373.3085571147759,374.8675191402559,375.80496920277085,375.9171409684692,376.85828797540887,377.59271293517384,56.11666816190282,53.06445101591285,50.29657576631905,48.913493079721576,47.57093499009978,47.203756484354805,47.42892234729347,47.80816501600044,49.11711916104134,50.80606384049639,51.79757728272489,53.61948960754512,28.437812429909314,90.0,0.5118976846201507,1.9778083646753895
2021-10-24 11:00:00-07:00,789.9495166666667,147.98482,0.2736363242238867,10.5,635.6822873988967,51.639188911735516,51.87508470293784,175.38680798732955,0.0,412.6475978358326,641.86730453389,1.0,412.6475978358326,176.6010464075745,1.076875493461268,20.0,0.0,623.5982459819261,623.415784227499,623.9723623165878,623.9722380666576,623.713786853922,624.306472902138,624.3067307356289,624.3065632844527,624.3061985872812,624.5673363185981,624.5422614146496,624.5422391614384,93.0393708617603,86.15128954235233,80.25071979915006,75.04929527596806,71.68360178002435,69.8008662246698,69.45168530468248,70.5422612768811,73.18089101646495,76.96774964499323,81.90264869992725,87.70227363753527,5.851378903591513,90.00000435340849,0.6990258015805848,1.86235316862473
2021-10-24 12:00:00-07:00,1002.1674166666668,82.82296666666666,0.2792906585471033,11.5,688.3287043986334,50.66716519577527,52.82897732011975,193.90728927901674,0.0,441.1934278065665,729.3060859877456,1.0,441.1934278065665,195.12897280217825,1.2388842851963922,20.0,0.0,709.5587239516092,708.3681201963016,708.772678978656,707.7693079781328,706.6107564824046,706.8221038625907,705.6847155315647,704.7486408846027,703.491006673975,703.3403237793115,703.4514952006184,703.2616946745055,91.68085202139471,86.68058550571689,82.31510701257294,78.70883188568314,76.52206419009298,75.29557152271853,75.71582072453398,78.351362156758,82.25886667091886,88.5127267839557,96.48835105311066,105.16377213367085,17.58779354027204,270.0,0.5989165933128517,1.9038877932196576
2021-10-24 13:00:00-07:00,990.1877833333332,63.33592333333333,0.2871999165114605,12.5,598.7794041006357,46.14060480456229,57.26532953147086,210.99906098770487,0.0,334.0998332554563,782.6976541184779,1.0,334.0998332554563,168.7109736704721,1.6317632701072389,20.0,0.0,755.3307497223201,753.7104766577844,752.0592003806352,749.86221200783,748.1193855233964,746.2597510201003,745.9916270977265,745.7729821377154,745.7400967831826,746.0245787651604,745.8123469954689,745.9829002255043,60.79528638505572,57.912168531620814,57.2932704368076,55.17405256686708,54.333594775890255,53.94474482951707,54.5440145493748,57.557050042612865,62.590356070665315,70.4393106784454,78.6597998271921,88.26013194204792,38.70050604620798,270.0,0.4373752253963513,2.0767179720859597
2021-10-24 14:00:00-07:00,791.2563348333333,88.68930166666668,0.244394561340682,13.5,430.00367674004025,39.49649370053973,64.44625695441593,225.67262435022195,0.0,175.49338661295752,754.4909180099983,1.0,175.49338661295752,112.06110387190388,2.3379791452799634,20.0,0.0,730.1759135237762,727.1778424659341,724.1293584079688,717.8117456317422,714.7589019588696,714.291732349164,714.2104572270322,713.4944698013536,712.7140969700379,712.5541906804801,711.9636401756482,711.3231743856451,42.09731171721934,39.8252315425324,37.92141987878015,35.897908972487365,34.918773821771495,34.552048681867056,36.98637477855094,40.830961063606246,44.168153924891186,49.24058828378493,53.95598562313147,58.9590265002539,50.0,270.0,0.366977778440511,2.214355247456318
2021-10-24 15:00:00-07:00,154.21824271666668,122.98627666666668,0.2404804078557066,14.5,166.70277597008067,36.3503576759876,73.53248676733799,238.02959995064427,0.0,68.39430160961389,281.9088672614321,1.0,68.39430160961389,50.71281199445123,2.857142857142857,20.0,0.0,271.5603500420659,270.9677001743591,270.35967405048984,269.02718321793424,268.3899794785195,267.07119330055207,266.46805853292574,265.12558143686203,263.7469454473501,263.1082425161628,261.6929015250021,260.2586666590136,26.189963526770995,25.598880624228855,25.001954930737913,24.34735293376115,23.7385604538627,23.128094872348072,22.500815506981866,21.89243825116528,21.27085289600464,20.761767692993924,20.268482261064147,19.89674591934972,50.0,270.0,0.366977778440511,2.214355247456318
2021-10-24 16:00:00-07:00,153.15943848333333,48.437940000000005,0.2097596102083589,15.5,64.85139965410438,72.17034255846934,83.84803581032534,248.67964846254733,0.0,25.313872299922366,112.90446498674164,1.0,25.313872299922366,14.348908929300384,2.857142857142857,20.0,0.0,98.23043452106927,98.15115160760831,98.12769437006887,98.1278910829738,98.04468057816946,98.01445725048652,97.9308368414986,97.8833384868156,97.74073974128277,97.66340280141816,97.59147564183469,97.42381856829834,5.103821294271927,4.993584202446929,4.906853410106802,4.764527151371541,4.696705825231815,4.628707157170728,4.594749430972075,4.534036007706873,4.545005312301065,4.565297536734488,4.637674885738886,4.681981077504984,12.571336440929146,270.0,0.6411725055783094,1.881117086052981
2021-10-25 06:00:00-07:00,0.1097437833333333,8.459228099999999,0.2574120739882363,5.5,8.463974880243633,82.90119116209216,87.52099535850807,108.24856144773673,3.885780586188046e-16,5.424466583696743,8.457546252495138,1.0,5.424466583696743,0.01524404613767555,2.857142857142857,20.0,0.0,7.994866718043355,7.994866278202566,7.9948658685628775,7.998135912037872,7.998135950092285,7.998136127050606,7.998136334540791,7.998136451572768,8.000817744274935,8.000817597004682,8.000817377937173,8.00081713852275,1.2190328387061697,1.1931572700385056,1.172228671426562,1.15697403186199,1.1471101677707989,1.144745204841542,1.1485343050184547,1.1581094989133771,1.1728947554002171,1.1952437536326148,1.2185198622610878,1.2443043467637607,4.865957834006007,90.0,0.7075875341754856,1.8607469865318147
2021-10-25 07:00:00-07:00,0.0026170833333333,68.77001333333332,0.2640057951606249,6.5,68.77052831745422,55.79035860646982,78.65139861624166,116.71487652191648,5.142590049555363e-09,43.136321914009486,70.97664448584952,1.0,43.136321914009486,18.37860145140415,2.857142857142857,20.0,0.0,66.37151841195016,66.66056955962065,67.25002890845388,67.54704033887093,67.80622209125491,68.08206232411423,67.93341805620157,67.81439547395836,67.6691170199653,67.56071991713856,67.43176247322485,67.33324551727006,10.302776579657497,10.139482779821604,10.193524698910213,9.934149982167755,10.112758349012697,9.949545718263266,10.201001586079215,10.087969057046053,10.128962147027218,10.288430311788888,10.325331493667248,10.348696523702388,26.11770834351903,90.00000085377364,0.5298916493831213,1.959251295786549
2021-10-25 08:00:00-07:00,196.83468185,139.51633333333334,0.2737135077221921,7.5,210.28927707808577,37.510787187241995,68.92711492093392,128.15081241956375,0.0,95.16977162442306,337.6652844957301,1.0,95.16977162442306,70.83222767056296,2.857142857142857,20.0,0.0,307.911356825059,309.39184994133814,310.83530471966617,311.46425013111514,312.9034536168591,314.2954680570099,314.9163130992173,316.22415191369174,317.69936802255677,320.7751981182456,322.242071912268,323.68437014167034,34.98585075960017,35.28894447865536,35.22574477727487,34.78882290576027,34.48868202226759,33.93527782633929,33.71763432398031,34.158602461570325,34.72556598415766,35.63292618461806,36.44198803737678,37.36652131295382,50.0,90.0,0.366977778440511,2.214355247456318
2021-10-25 09:00:00-07:00,571.8610833333333,207.47106666666664,0.2851156040435427,8.5,486.83229219618306,43.15401107059595,60.757147788713546,141.61529075893696,0.0,260.54835380352245,676.5463312191191,1.0,260.54835380352245,150.4519073773127,1.9133091243183624,13.981998648648648,1.13664276,624.8686570720362,626.2861388077057,627.5817806259925,628.8942085772187,629.5469339329399,631.0148752056505,631.3598088789681,632.66478516633,635.3757880714616,641.3130602376929,644.085001720802,646.8132522772585,77.92965836510929,72.11335234005196,67.21454172349806,62.436972016854035,59.95149493428988,57.44785415754351,56.12097373198274,56.73051380159086,58.878513647564404,61.103828356191976,63.7142204233609,66.6102557589395,47.96091783268373,90.0,0.3786558848605948,2.187505498115354
2021-10-25 10:00:00-07:00,679.6695333333333,191.12813333333327,0.2808263268134683,9.5,581.8375853228085,49.11865451579449,54.91072534864878,157.51746344686288,0.0,356.0793572331153,663.913782587648,1.0,356.0793572331153,172.93561020613666,1.4166689213626036,15.89867711111111,1.7109005666666666,625.262061371345,625.5707168073093,626.648154796572,626.9229827801066,627.137341433817,627.6418560471556,630.255139015375,632.9777424066672,635.3803407488731,637.8075853991884,640.3779972279734,642.5693028646219,88.36253857933943,80.56338346430702,73.8857688481567,68.69285442688738,66.58210614014031,65.80788442815083,64.973305206131,66.38367228403325,68.08831919567874,71.78904948939864,74.74918351811505,79.030077961748,28.560306419857795,90.0,0.5109582545742428,1.9788284625350778
2021-10-25 11:00:00-07:00,906.6267666666666,94.372735,0.2776202036054525,10.5,649.8475072611949,51.98390717565877,52.21624760950745,175.44977698531955,0.0,421.95283671319777,655.4843154945536,1.0,421.95283671319777,182.2937623116041,1.0767651364297863,18.68292144444445,1.5033773983333334,637.1235971600186,636.9888360344275,637.3983549681017,637.3982232060062,637.205884478405,637.6528735974678,637.6531454679895,637.652977157276,637.6525933520415,637.851255692434,637.8252375689677,637.8252134625172,96.3527577781289,89.09123513480596,82.82608394840682,77.33496263138734,73.77726881986179,71.78139728451727,71.40189738578857,72.53988386600582,75.3085537768226,79.29024667296952,84.42643494871628,90.53130246759372,5.843039949683599,90.00000553308561,0.6990981940610403,1.8623383413667125
2021-10-25 12:00:00-07:00,985.4347333333334,60.22835833333333,0.2809227785598864,11.5,650.9185460055405,50.99825614118234,53.17156514881255,193.86051631517677,0.0,417.0696510860714,690.4721978737231,1.0,417.0696510860714,184.6201736915523,1.2411073641778196,20.107584944444444,2.3481243000000003,666.4299707999573,666.5719203379731,666.6396239547602,666.545086140149,667.537121687158,668.3394571597777,669.2806707273,669.2557083003397,670.0397630480502,670.863725332169,670.8418737585113,671.4990006487069,99.8517100581587,90.7011835456347,83.73657023627655,77.6359890308789,74.07153620171822,71.26070313845418,70.797318092569,71.59772352541871,74.02525235127924,77.70167138384345,81.52164226827169,86.28704578566887,17.73916642380628,269.9999980909041,0.5976578934589216,1.904689430303252
2021-10-25 13:00:00-07:00,927.3029833333334,63.63582666666667,0.2892066734078339,12.5,560.637798024621,46.44233118168753,57.590618929777435,210.8645328151872,0.0,313.1684975608219,735.1649978971948,1.0,313.1684975608219,159.93745264575938,1.6378024939133218,21.07488605555556,1.9473045933333333,708.7216918541528,707.035138174302,705.3033176311803,703.1717592316771,701.392540070006,699.2945067493771,699.238788897167,699.4232326052767,699.4071674741205,699.197880663641,698.9659122670425,699.1078684509922,58.28207562692162,55.41519874823841,54.818605285468415,53.02401347228845,52.07102773150367,51.359374455384625,51.06791064849144,54.61324761453592,59.35061722237023,65.67149592435554,73.30950612492195,83.40498476053058,38.94105091774581,270.0,0.435739756423381,2.079349827327948
2021-10-25 14:00:00-07:00,867.7964833333333,58.75860333333333,0.2571789391629099,13.5,428.99170095265197,39.80164122220024,64.74574807398052,225.48451089021142,0.0,170.6125798728434,769.0608204342916,1.0,170.6125798728434,110.88350292814079,2.355480731496507,22.26725488888889,1.756212865,744.4826597808399,742.0585570459984,739.5924094932119,734.4722359265664,732.0382099646623,731.7827871179815,731.8113544700204,731.2900491186348,730.7055608066787,730.6552878772828,730.2841727263113,729.862816235258,37.716507746971246,36.04909341062664,34.771075730086146,33.358953080357935,33.06359090521617,33.42223737425522,36.190513632859144,40.491195512934134,44.24103219188139,49.86029017991389,55.087061841853796,60.6063400519947,50.0,270.0,0.366977778440511,2.214355247456318
2021-10-25 15:00:00-07:00,749.7825166666667,49.212091666666666,0.1646341420490845,14.5,258.3117081424222,37.174304835671684,73.80660767002831,237.81269126664174,0.0,20.46751014656944,695.5834032161664,1.0,20.46751014656944,51.09638643949757,2.857142857142857,21.931323222222225,1.755758046666667,682.9362584990768,680.9783058144343,678.98976997951,674.9052419927451,672.8280808488796,672.4256772893207,672.2344657830836,671.8208301571609,671.3958168295599,671.1936630149553,670.7577334484371,670.314700173233,14.849570659312413,12.976273380891397,11.13363477650498,9.316377137894099,7.53729611078427,5.792585058462882,5.611663285888563,5.431866185088536,5.2564609702788925,5.102171635566804,4.9576926382584965,4.839033299680288,49.081904504878736,270.0,0.37217667633898854,2.2021633579285793
2021-10-25 16:00:00-07:00,340.18725366666666,28.1303165,0.1357426227012492,15.5,63.08921268741684,72.92576262428676,84.10166181695688,248.4458743278398,1.0242424414728048e-08,12.76205760948373,144.8166987861746,1.0,12.76205760948373,9.96482805631692,2.857142857142857,19.868013388888887,1.2838433383333334,119.55742845581285,119.83036315967001,119.82854758890383,120.07979106851013,120.30958178710374,120.30796695397072,120.51680265516649,120.51683009077126,120.70467176703373,120.70322964593481,120.70319152469652,120.87050394342492,1.7207888576638373,1.6895257325644821,1.668482386952989,1.7633186691825726,1.7586282070290131,1.7619385502831428,1.7728577824691878,1.9162126083086575,1.9390207056318207,1.966797665690159,2.0905687182519057,2.1720563479423936,12.048227194874295,269.9999977411273,0.6456325266334576,1.8791706070189917
2021-10-26 06:00:00-07:00,188.4570965,20.661474566666666,0.3776871705011745,5.5,28.72932075118453,82.97431611179273,87.54641848854897,108.68331754541181,1.037720822938922e-08,13.248642026013263,43.67580984682877,1.0,13.248642026013263,0.03665461220734807,2.857142857142857,12.85961127777778,1.4319647016666666,31.302622757044205,31.30262266048392,31.30262119372925,31.310254580318343,31.310254692276587,31.310255303231123,31.310256045816878,31.31025649084731,31.316805497968943,31.31680500446209,31.31680424162652,31.316803392736453,4.3659395866839885,4.27322362999804,4.19821475518446,4.143520958262538,4.10785828716621,4.09936162291503,4.112928926551342,4.14724043933084,4.200243054752452,4.2780196021082135,4.3614691540101544,4.453971254007771,4.8279772351428445,90.00000269986933,0.7079177921563693,1.8606909761510946
2021-10-26 07:00:00-07:00,172.04812833333332,94.953775,0.2978445631059226,6.5,128.14735805759892,56.54827458480999,78.87606014194327,116.97771065705285,5.190049729694893e-09,50.51558669495043,222.39932751221528,1.0,50.51558669495043,39.91552161922147,2.857142857142857,15.745388944444445,1.5716789033333332,208.94275174761896,209.31184607562955,209.62893436197504,210.27122476148128,210.60387701144117,210.87545822363393,211.16395968920853,211.40017852018173,211.6598693936524,211.87616745021845,211.85738342207796,212.0685487910535,13.25413842075525,13.201551642661085,13.09915597620803,13.232944661497138,13.271792440937347,13.528476676883535,13.6643934384211,14.014940619330428,14.185221237060773,14.575803019478474,14.987320374326767,15.15796666015534,25.551996842339417,90.00000085377364,0.5343349849543917,1.9549486401687568
2021-10-26 08:00:00-07:00,120.83193833333333,139.31405,0.2861163474490112,7.5,182.26314673497106,37.84887904783822,69.17928601652882,128.3978928784037,0.0,92.06505329998426,259.0357361669061,1.0,92.06505329998426,63.32253354172957,2.857142857142857,18.210069611111116,2.75463841,233.98961513135856,235.58868943860205,237.1531281915879,237.83743764753933,239.38547683534705,240.88655648009836,241.54893518681143,242.98837570574986,243.71701878770284,245.31573641313685,246.04836808984524,246.76800089319727,32.97548506549172,33.430136552904976,33.67097436416953,33.638716361578936,33.73827050520239,33.64663956763059,33.77829416832892,33.89406425726481,34.08033628745,34.51247545512751,34.835726610289186,35.22357359843688,50.0,90.0,0.366977778440511,2.214355247456318
2021-10-26 09:00:00-07:00,595.4330666666666,149.29453333333333,0.2881340333160586,8.5,437.58236756794355,43.463920806593634,61.04222185596553,141.8308452655092,0.0,228.4297932736507,631.0025679974567,1.0,228.4297932736507,133.70197313393572,1.9206923837991774,20.21096738888889,1.7974406766666666,586.5305577116562,586.8516667760204,587.5771926633269,587.6480175229947,588.7256821701176,589.6336189797539,589.7433646329628,590.5201507161215,593.1301791191638,598.8021426689512,601.4651066718209,604.3985322256168,69.1167876365724,62.85585284888482,57.836668739454005,52.93130784597347,50.23654420481057,47.505270578471574,45.94482352036364,46.44092212555679,47.95639038761463,50.56085172651055,53.044039281442444,56.529856452966186,48.15862501208196,90.0,0.3775027587925189,2.1900722303189335
2021-10-26 10:00:00-07:00,60.0524369,128.81411833333334,0.2701902937985928,9.5,163.0627111516825,49.44996426955915,55.22805250800196,157.67150110370858,0.0,104.57043866932632,168.9782074899607,1.0,104.57043866932632,48.9257776049448,1.4189873237692108,19.32546561111111,3.0176080166666663,154.49081951626226,155.63071872916288,156.06601906830582,157.03463501703317,157.44173248117852,157.93543492525112,158.55050976743325,159.2141802056085,159.792342951239,160.43802290277063,160.98301109222956,161.56975840856325,25.556673098208783,24.353380267005754,23.708191342590975,23.018759237744643,23.02418879843881,23.016987868999536,23.314152196879363,23.62245640270297,24.3037442605593,25.13995420781821,26.063858885484656,26.55013695838488,28.687453215928958,90.0,0.5099842969490833,1.9798915538346793
2021-10-26 11:00:00-07:00,156.00161783333334,214.02356,0.265393107275565,10.5,308.8735495963288,52.32529107721096,52.554504629251525,175.50804653143234,0.0,199.4731354884127,309.7753340269028,1.0,199.4731354884127,82.50404053168107,1.0767151573261906,15.093426944444444,7.864626733333334,297.12799560930284,297.2086533870727,297.25839897031653,297.25836717936363,297.3117176115096,297.37834330615794,297.37842269280026,297.37837429424343,297.3782582059828,297.4720291068708,297.4602653695016,297.4602555988896,44.74035497446478,42.546115999276886,40.70369365746913,39.10647898414942,38.11303785401972,37.60424182174773,37.59057911356109,38.041401042238455,38.991127264737784,40.29835916598709,41.96883141252538,43.90977992632201,5.839264797700549,90.00000490455619,0.699130967425248,1.8623316358050421
2021-10-26 12:00:00-07:00,7.742426733333333,195.6322,0.2645395347968424,11.5,200.23643048634787,51.32669522655493,53.51050654103362,193.8111253840393,0.0,130.48910071862244,194.3430210684974,1.0,130.48910071862244,52.287892429687275,1.2432810384939497,15.992344,5.338138633333333,184.8065607870948,185.3287031497556,185.88246992649425,185.82567407164248,185.666135515072,185.4528930297377,185.3112643707154,185.3156799087147,185.12762281251392,184.99762710094333,184.99792477785994,184.83823331484882,29.39540263689116,28.737597369068666,28.25788817581271,27.874359824947078,27.626562091552167,27.71445384819735,27.682127822392335,28.155308434693318,28.63482243170344,29.062118661151437,29.621521452511267,30.07372676824411,17.886864979370174,269.9999987925817,0.596430771340197,1.9054780169625904
2021-10-26 13:00:00-07:00,10.275165466666666,159.74813333333336,0.2619438374000235,12.5,165.20652942683196,46.741964314899775,57.91192820784211,210.72912996893143,0.0,109.67284607413079,150.7503305887987,1.0,109.67284607413079,48.66372345903409,1.6438116944036665,15.586326166666668,2.380356745,142.0697543836011,142.33971420681186,142.7407506080646,143.16264591762157,143.4715041757208,143.00865059707715,142.2150977771231,140.44744450905569,139.6441270170396,137.80117179335963,136.93688962683345,135.0444418768907,30.090323717206747,30.304658884110992,29.53106955986759,29.713467597340593,29.80833403441577,29.939561826157306,29.97625517571213,29.33862319702454,29.333689194036847,28.87904340700208,28.604635268895066,29.101425376716225,39.17827062313279,270.0,0.43413231991758994,2.0819587275856115
2021-10-26 14:00:00-07:00,87.83904321666667,225.76583333333332,0.2619343133941165,13.5,262.8310505800406,40.105605382071126,65.04113659596632,225.29644620085656,0.0,152.79840850944794,310.51965456671337,1.0,152.79840850944794,83.34301836799861,2.373005858227783,16.014538,4.192524756666667,294.3414280578768,294.0985595254176,293.8491145088673,293.15522648464434,292.92468891720284,290.64876097792023,289.6519292801977,287.27192842590205,284.81808549784176,283.7411980993029,281.27744629505384,278.7626660223989,48.23866771685397,48.145839622596434,48.11116923693468,47.91630224083823,48.05156678094269,48.31783393278038,47.92468689396261,47.93256562502746,47.76471250742366,48.22734084256019,48.59908948569614,49.23980036562018,50.0,270.0,0.366977778440511,2.214355247456318
2021-10-26 15:00:00-07:00,0.1576365333333333,74.885395,0.2557178439232989,14.5,74.92864306351689,38.38409836524823,74.07653618734328,237.5961677701038,7.221024037644231e-09,49.86090199297501,66.02600586514076,1.0,49.86090199297501,23.786615223865645,2.857142857142857,13.991773222222225,4.54477842,57.394992242558466,58.425913391090134,58.89074058397389,59.806118974080476,60.80123994808429,61.24263242683201,62.18778152619802,62.6184605289837,62.901523533987564,61.8976310440263,62.13143918269459,61.861380978030276,14.549762193118438,14.77697197991702,15.053193453560617,15.441333257262215,15.472771184161981,15.938587659799708,16.34579579793106,16.21038528933047,16.02655669107635,16.18921734650404,16.011041949587025,15.775947405704164,47.48730384678408,269.99999914622634,0.3814361925523626,2.181389293068791
2021-10-26 16:00:00-07:00,0.4374916166666667,4.884016666666667,0.2433658076374267,15.5,4.92708095169427,73.66568283313009,84.35096868111441,248.21251919356047,0.0,3.160608669964178,4.882304993183039,1.0,3.160608669964178,1.1487682753020634,2.857142857142857,11.571719994444445,4.409121183333334,4.611905956824029,4.628609279215034,4.628629822580561,4.61621479063374,4.632912696256532,4.621605844215611,4.638269594835607,4.626912523765536,4.643630027982086,4.633532731238057,4.639904583579335,4.656586230575334,0.6736829524435868,0.6606672042026339,0.6506486737897346,0.6400184350040595,0.63062318490481,0.6259021235323384,0.6214973197609165,0.6211664016032438,0.6231750742161297,0.630167563761976,0.6424690476932235,0.6553110035127427,11.535943543086253,270.0,0.6500086827902376,1.8773434154556174
2021-10-27 06:00:00-07:00,193.33775596666663,9.824161283333332,0.4218947277953391,5.5,18.011881773981884,83.05029454256554,87.57283741909451,109.11333948793111,2.7933730247980152e-08,6.299245394133258,33.20050851526253,1.0,6.299245394133258,0.017141146819658438,2.857142857142857,6.265221277777778,4.385988785,21.15750890958287,21.157512066960457,21.156921592203187,21.161079029906222,21.161079077346287,21.161079386881404,21.161079780446265,21.161080029712863,21.164193983678967,21.16419374102661,21.16419334908555,21.164192904014612,2.3185371521567726,2.269300890199825,2.2294572817851215,2.2003931093516718,2.1814013514521293,2.176876421899982,2.184076125318206,2.2022983313489806,2.2304600315050442,2.269519063009389,2.3158414663850095,2.365026557414584,4.787972354149468,90.00000709197654,0.7082656721525773,1.8606324540278192
2021-10-27 07:00:00-07:00,718.7197,35.74666,0.3288650157347371,6.5,171.64290020832206,57.30060411397251,79.10084267530203,117.23556704488811,3.8857805861880464e-16,16.831137461106874,449.37241788556975,1.0,16.831137461106874,59.78054377580611,2.857142857142857,7.498731555555555,4.571129225000001,423.234130789071,423.3366643086962,423.4387983948923,423.55004332987204,423.6465779310999,423.7508873876108,424.7072104356748,425.6421520760645,426.52587013679334,427.38630645200743,428.1993190900457,428.98770643527837,4.851234937646293,4.769991427250547,5.274144205176874,5.2599144849334705,5.8657634487745,5.89673940194705,6.582371838797237,6.640496088236501,7.375679435833501,7.4511083032471035,8.23569143975222,9.049290864099785,24.990371896109636,90.0,0.5387670210508394,1.9507640652368163
2021-10-27 08:00:00-07:00,901.85265,48.34502166666667,0.2952947000032419,7.5,365.19470873415867,38.18319032278428,69.43119271164088,128.63939037464792,0.0,95.20880022366227,803.1822247938399,1.0,95.20880022366227,106.20210022297978,2.857142857142857,8.830162122222221,7.601345733333333,766.0551834540157,766.5440130603203,766.9515417657658,767.1101976962713,767.5961673379675,768.0754249796456,768.2923642521589,768.5867249646711,770.6510567706293,774.9918659464788,777.1565175944743,779.2823953162434,45.55402016176403,46.77198535539979,46.16467057076179,44.073929616479695,41.68219765295274,38.46293808429876,36.01531807930781,35.03009648556462,34.382965036590306,34.56776000131856,34.63922482635553,35.07286591540857,50.0,90.0,0.366977778440511,2.214355247456318
2021-10-27 09:00:00-07:00,972.51995,56.10397666666667,0.2872655805842489,8.5,522.7388884992504,43.769131770559085,61.32632725856318,142.0403078678626,0.0,258.0384079680387,801.4625637827203,1.0,258.0384079680387,143.66633162890236,1.928284694875008,10.21704287222222,6.682989933333333,761.2678103332921,761.1200704762747,760.0546448020671,759.8500075068021,760.1336736565645,759.9389048592782,759.820978115354,759.74461445336,761.7746097580086,766.283514837648,768.9364094460392,771.0522023052679,76.87902307806577,68.42701374880617,59.82334026634144,53.59002145186788,49.278819379012816,44.89460005794212,41.38957664437343,41.41118286022948,42.11103297455813,43.64173180697782,46.556353996093485,48.98227376900367,48.35994687907792,90.00000085377364,0.37633310783356444,2.192694051895448
2021-10-27 10:00:00-07:00,1004.64285,60.911085,0.2795160803475638,9.5,629.3195774845877,49.77706869186471,55.54341168115759,157.81956361570565,0.0,379.9381925437988,730.4056324998561,1.0,379.9381925437988,175.78350784360347,1.4214001927292876,11.282023777777775,5.88234615,698.9135839510183,699.3795205854938,699.1748805882821,699.2902991604095,699.4286565359499,699.3085285746545,700.7504859796513,702.3473866065601,703.6762535640962,705.3234954391854,706.6521698656771,708.0940665942488,93.72956670963022,83.91514841539724,75.80531409773295,69.05863859958815,65.1824411836682,63.22786792709718,61.64939230484805,62.67255665122491,63.85579890086813,66.43031159087187,69.80364413056604,72.84175855826979,28.81934148829895,90.0,0.5089752680911119,1.9809988538916823
2021-10-27 11:00:00-07:00,1014.9786666666666,61.74162333333334,0.2767423006319655,10.5,674.129781707729,52.66322859441964,52.889742422514736,175.56162283861056,0.0,437.89585612941136,679.6410336329054,1.0,437.89585612941136,187.95715816756365,1.076727803143196,11.739433611111112,6.699033366666667,660.4191668511793,660.3036534498032,660.627307726932,660.6271667459657,660.4663717024131,660.8287998466501,660.8290883813597,660.8289127577542,660.8285062065701,660.9855211960233,660.9586044238432,660.9585789500441,99.4454943266999,91.7487409489426,85.07400857211206,79.24285743174744,75.4577985856557,73.32595222149365,72.90636693199683,74.09432997657571,77.00944373044848,81.21239316229133,86.60091435407602,93.05580442459114,5.840226937402939,90.0,0.6991226147458828,1.8623333443823404
2021-10-27 12:00:00-07:00,1012.1158333333332,60.53507333333334,0.2795912408417001,11.5,657.6449595359212,51.65240068793457,53.84568800153788,193.7591079199016,0.0,415.1666227175255,698.8465125382795,1.0,415.1666227175255,185.62962185974504,1.245402056413386,11.674029277777777,7.8637235,673.4696503685843,673.3909851764124,673.4604704018897,673.3857874015986,674.4823468913843,675.4810373738455,676.2508584267767,676.2951705448979,677.0110069174399,677.837372568977,677.8303326271672,678.6553507849285,99.53278164161095,90.47673278278137,83.32336357043486,76.66097650295106,72.66955499669052,70.27530677453605,69.8972219597984,70.19933677227266,72.29388763890724,75.7686390308565,79.46453873338366,84.5784005430789,18.030683364776362,269.9999985212207,0.5952368673574939,1.9062519637703776
2021-10-27 13:00:00-07:00,989.6437666666666,57.74678333333333,0.2867930457479865,12.5,578.8174541795838,47.03945065291531,58.22914071243416,210.59283601581606,0.0,317.30332036519025,764.8744563809407,1.0,317.30332036519025,162.11183349702063,1.6497844045801489,11.302989444444444,9.188241083333333,737.0363743556492,735.1433565089154,733.540688763275,731.906018212133,730.1168902400871,727.9886141760724,727.9368754826934,727.8870158804774,728.1820793730777,728.1979354275807,728.036363108584,728.5077978938567,57.57878640073801,54.15975710562856,52.20927730752416,52.27586351332915,50.94257261944841,51.140815851961406,51.164803738593804,54.11576688271689,60.07357576201117,66.48720393048846,74.48247709258327,83.91924603735806,39.41196665739696,270.0,0.43255405469242947,2.0845418687723196
2021-10-27 14:00:00-07:00,936.5360333333332,52.652143333333335,0.2335236770707358,13.5,443.5199358457595,40.4082517925725,65.33230386397621,225.10842519770569,0.0,170.65013376454354,806.7213785928626,1.0,170.65013376454354,103.79950911498942,2.390539218112763,11.56301827777778,9.123352183333331,782.7437346660527,780.4713871476182,778.153241031586,773.3556626251846,771.0968653598072,770.866795063662,770.891237705428,770.3584273413138,769.8018042551529,769.7288064013368,769.3503375085178,768.8960453323895,34.98427098507027,33.57421439212308,32.55468631669014,31.409247921578455,31.329791600781014,31.89991951428732,34.623540957478845,38.88279860179536,42.54735869433263,47.9014899440675,52.7696254745832,57.87623279272366,50.0,270.0,0.366977778440511,2.214355247456318
2021-10-27 15:00:00-07:00,822.2399333333334,43.749435,0.1475458421064064,14.5,265.6654800359597,39.54541264045963,74.34215497440265,237.3800437747468,0.0,20.484044416093273,714.8424908254956,1.0,20.484044416093273,47.87466210939349,2.857142857142857,10.841121222222222,8.116797383333333,702.480743303065,700.6433856989884,698.7728198990347,694.9077873818019,692.9449536898682,692.7610265808412,692.3673691287099,691.9623311816698,691.7623552288526,691.344292699789,690.9158281849542,690.4785580090214,13.554703216201672,11.80321463224074,10.084538719269071,8.39940824413219,6.745320975988079,5.13099464573026,4.95898236950481,4.782934260275835,4.62095746544422,4.610734511154905,4.473948247686022,4.3608642442339525,46.038288891310145,270.0,0.39009807144969066,2.1629653529675403
2021-10-27 16:00:00-07:00,240.47048611666665,22.388448,0.1239229163954233,15.5,45.03609131975867,74.39003736349129,84.59584251609678,247.97961704900612,1.0467397194914692e-08,9.720489200455352,101.69651600935404,1.0,9.720489200455352,6.69611607352323,2.857142857142857,9.461959433333334,7.334143966666667,81.8376300260673,81.8490503645163,82.04576307722478,82.04575958088095,82.22535122394646,82.22531716033453,82.38603890789264,82.3860758918105,82.5300260781641,82.53001332160635,82.52919059921838,82.65589384174979,1.1923179878632661,1.170475113680535,1.2327543079019723,1.223153430317793,1.2193109641047406,1.2212692668640852,1.2886646919722808,1.332734969859589,1.348878543447655,1.3665730859530685,1.4968069989648582,1.5192602314238737,11.034443301624627,269.9999977411273,0.6543004674591597,1.875630555698877
2021-10-28 06:00:00-07:00,163.05844971666664,9.179804233333334,0.4052102680566102,5.5,15.492385980564343,83.64950040870282,87.78131891408384,109.37590824688847,3.032362878770708e-08,5.88382413768956,27.202341349046954,1.0,5.88382413768956,0.013411749863868625,2.857142857142857,2.5543632444444446,1.0691135933333331,17.281979812170192,17.28586779765496,17.28586779765496,17.28586774950499,17.285867700867406,17.288777556727982,17.288777853924064,17.288778148124315,17.288778305986128,17.288440892268824,17.288440892268824,17.290481449123384,2.083327760612336,2.0350883439760374,1.9993052038447336,1.9742691717931002,1.9585132963607348,1.9534933022316041,1.9590848905094753,1.9756446143779607,2.0010273760006467,2.034108976886745,2.0735657189242933,2.1206819695904446,4.381117767236656,90.00000758850615,0.7118047809393526,1.860064875757431
2021-10-28 07:00:00-07:00,679.9526333333334,35.07507833333333,0.3287236567783959,6.5,161.02009474532773,58.04739211419956,79.32568160053182,117.48835355134783,0.0,15.11628608119773,423.174255309762,1.0,15.11628608119773,55.84812835409656,2.857142857142857,5.212137994444444,1.519228065,397.66589301581695,397.86331699302553,397.9662952443547,398.04966062061925,398.1463066822052,399.0143975695241,399.86312114696426,399.87888013512827,400.660919349807,401.3983197236578,402.1882502480063,402.89449720996964,4.311902908844085,4.285136143974613,4.676828383369858,4.743201667201548,5.17644954587583,5.3187894998968615,5.791056726332647,5.993543584618845,6.476939692523732,6.7280543892075615,7.223094215948657,7.92301622000063,24.432726528790035,90.0,0.5431877340629261,1.9466953042152368
2021-10-28 08:00:00-07:00,867.4499,47.50131833333333,0.2943116524510782,7.5,348.69555595425845,38.51360952461453,69.68274904544202,128.87523387037442,0.0,88.16581724601201,771.0673028328703,1.0,88.16581724601201,101.6887977885768,2.857142857142857,6.781926527777778,2.090546286666666,734.9061014804886,735.3875005133971,735.7873509944445,735.9492390745125,736.4192648283829,736.8883363980307,737.0986736542665,737.4155178791162,739.4628191490627,743.757646870144,745.8972947645121,747.9992182918,40.8953748561981,42.475034354014745,42.31400169798822,40.70268904705328,38.690085706938234,35.879706649121445,33.695972382646175,32.955108651338875,32.502698933343616,32.7953437936809,32.98653363736968,33.50804479484417,50.0,90.0,0.366977778440511,2.214355247456318
2021-10-28 09:00:00-07:00,945.7265833333332,53.47974166666667,0.2854912937293606,8.5,503.15429664251394,44.06951182459901,61.60935962392002,142.24364020424682,0.0,243.6127255472305,774.6550286531904,1.0,243.6127255472305,137.48833483534997,1.9360911195879122,7.871976494444444,2.188528693333333,735.2154524419348,734.8281992551434,734.6038616477803,733.9278899646704,734.2109847736201,734.0418610226695,733.940980238151,733.6469016551555,735.8832482145996,740.6143782560545,742.8349921748608,744.8999988516513,73.3745556614165,65.25914248449888,57.11341225820879,50.97024413516901,45.91731165659352,42.502242239228856,39.089015688963784,39.060386746312886,39.79918667706835,41.51681154144716,43.471863838349456,46.290183927497964,48.56488093065931,90.0,0.3751472089945503,2.195371340453223
2021-10-28 10:00:00-07:00,980.8617833333334,57.00133166666667,0.2756270675246567,9.5,607.5245100110917,50.099834429834694,55.85668871667873,157.96164816604596,0.0,366.71493713666143,706.1096593643565,1.0,366.71493713666143,167.3251445954441,1.4239099652943357,9.112404866666669,2.62039325,675.7089771941862,675.8228287475463,675.6142137566392,675.5622127667789,675.8493943051651,675.741788544864,677.1146632752472,678.6408277884941,679.9269040232343,681.5042362179233,682.7795765907812,684.1487165143632,89.25432825267971,79.87703981008481,72.13942636117226,65.71831303083032,62.03022477346561,59.2498545522244,58.64671927165349,59.64964080003198,60.355279145053586,63.20053822692347,66.40966172702076,69.71378193445094,28.95605165972522,90.0,0.5079306967203623,1.982151537392288
2021-10-28 11:00:00-07:00,991.01245,59.091485,0.2734088768510209,10.5,652.428718100927,52.99760471535456,53.22184636978191,175.6105156284509,0.0,423.80241679625476,657.7801671809434,1.0,423.80241679625476,179.74901879836776,1.0768054944304821,10.073132544444444,2.7778864666666667,638.6383938642856,638.5254817220776,638.8414949909003,638.8413599970338,638.6843913318293,639.0374752773187,639.0377515254232,639.0375774974159,639.037188166874,639.189922090516,639.1641890295873,639.1641653214826,95.08326050539682,87.72056756702207,81.33742484472157,75.75976953861515,72.13925025573221,70.10026731618694,69.69892169720305,70.83510940440817,73.62379964987035,77.64346761506451,82.79892418074984,88.97234533369729,5.846096471118604,90.0,0.6990716595322256,1.8623437736346375
2021-10-28 12:00:00-07:00,982.0665833333334,60.09630666666667,0.278478169567135,11.5,634.8834507678595,51.97529064397888,54.17699553616558,193.70445978312966,0.0,400.827987461986,675.3322704836705,1.0,400.827987461986,178.7017714604914,1.2474670087423814,11.397906055555556,2.06212248,655.2368231856229,654.413164413681,654.5941924902645,653.7583202455287,652.8682991028516,652.8949538362671,652.0488549431446,651.0543293343845,650.1645524484807,650.0274695466518,649.9589210096343,650.0330964956344,81.51617038294344,76.55844573466293,73.01556585510916,69.93586240334874,67.66397688113256,67.36024320344337,67.17439647286746,69.98360769103544,73.93170528458292,79.36477604523903,87.0545631885152,95.73894858056495,18.17041551101346,270.0,0.5940778190373043,1.9070096591462051
2021-10-28 13:00:00-07:00,959.6604666666666,57.325878333333335,0.289500966910024,12.5,558.1451525560736,47.334734463319975,58.54214016498151,210.45563947785945,0.0,306.1247409889094,740.1130813169068,1.0,306.1247409889094,158.03205443218076,1.6557139342331693,12.562118888888888,1.6948342233333331,712.4911000166846,710.9325769634111,708.9994882446277,707.2403555608483,705.5654254407116,703.8653860885394,703.1950561204195,703.3295040011924,703.4142268259476,703.6301758654809,703.4775525791009,703.6887612161461,55.99050345413034,53.02576382881244,51.101666864680475,50.6132407766423,49.83418871800113,49.311405148571644,50.13278633478639,52.839749073703516,57.713012871246136,64.85515399368494,72.74597072289015,81.79685208357739,39.64193984205148,270.0,0.43100608718336636,2.0870964076713103
2021-10-28 14:00:00-07:00,903.46085,52.20486666666667,0.2321170584050105,13.5,425.1537845051501,40.709444663802586,65.61913236676031,224.92044758618835,0.0,163.96761088555817,777.1298593251644,1.0,163.96761088555817,99.67712491621404,2.4080646850160314,13.249686444444444,1.829918596666667,753.9484870248007,751.6871870198252,749.3808155529942,744.6092480126842,742.3547917129874,742.1164231148829,742.130409874642,741.6040247956687,741.0544855988849,740.975375424531,740.5945512935302,740.1413722255509,34.026240716765436,32.58843373312816,31.523167130772322,30.339328794614435,30.170294594968315,30.62000627033213,33.19826904826901,37.23554838732565,40.7078244822117,45.78656306807316,50.403945765221074,55.24937016033899,50.0,270.0,0.366977778440511,2.214355247456318
2021-10-28 15:00:00-07:00,781.0737666666666,42.83705,0.1450847585095677,14.5,250.21195858472643,40.661640203903566,74.60334843812294,237.16433814180624,7.2242554527330265e-09,20.04434087556386,670.9904774927774,1.0,20.04434087556386,45.014207569991996,2.857142857142857,13.393666055555554,1.2033220266666669,647.7300399786608,648.150834589238,648.561835393291,648.7545535788754,649.1548592798896,649.5425091959606,649.7230814669294,649.9008702648083,653.6901425404279,655.5329368211463,657.357448737525,659.1656600758275,4.121860008524677,4.221914267599604,4.221898671864252,4.36659815344593,4.516940148567901,4.685582234165807,4.856549292086662,6.410077170560259,8.000318960155631,9.62820562178918,11.28680777730677,12.97826098077371,44.70762510040134,269.99999914622634,0.3982553540078613,2.1464369995171726
2021-10-28 16:00:00-07:00,350.8248549,22.18432783333333,0.11345526572077,15.5,53.75991384661084,75.09875202810676,84.83617168444756,247.74720643307936,8.94232409007077e-09,10.496275442587846,124.45809041137288,1.0,10.496275442587846,7.298867028574655,2.857142857142857,12.184615277777777,0.3811192643333332,98.32807956572242,98.33713400381393,98.55100548438162,98.75342536916342,98.72078970928065,98.93458543199958,98.93458279004034,98.88299600392389,99.09604898442204,99.02502884191408,99.23883882050137,99.23882166407496,1.2008487135493833,1.2065529253638059,1.1912421889952503,1.180834487954095,1.2382929591431946,1.2403327440229202,1.2726739150774888,1.2835246539021123,1.3782674834228008,1.3973319764926593,1.4429521726793464,1.4654878169679713,10.543698489058976,269.9999980909041,0.6585073081296466,1.8740272233859394
2021-10-29 06:00:00-07:00,185.76357166666668,8.523465083333333,0.3885287736979118,5.5,15.624975563592105,83.72935648144325,87.80911969529039,109.79608486125284,0.0,5.462923811931193,28.801290741980083,1.0,5.462923811931193,0.012204824016555024,2.857142857142857,9.790331755555554,1.969663605,17.653942986288477,17.65755007763563,17.65755007763563,17.65755004002072,17.657549990540197,17.660251778883165,17.66025203374359,17.66025229759839,17.65995207972313,17.65995207972313,17.65995207972313,17.66184674050873,1.854733368639253,1.8118046981170686,1.7799457360195323,1.7565991702632142,1.7436473319730212,1.7391644264422934,1.744135294400163,1.7588906690259416,1.781496051913148,1.8109623307833267,1.8461050898755738,1.8880959923830152,4.337250232364323,90.0,0.7121864899592685,1.8600066809695133
2021-10-29 07:00:00-07:00,728.7679666666667,30.95586666666667,0.3335683451047223,6.5,163.131552840824,58.78866252004574,79.55050814125644,117.73598049363443,5.327633328316157e-09,14.501213900970246,430.9063728960171,1.0,14.501213900970246,57.25150953747017,2.857142857142857,13.331958555555556,0.6665835166666666,403.9081953809531,403.99372002291966,404.1742639160804,404.2639177644803,404.3409953598066,405.1958888304605,406.0056173665674,406.79540399349526,406.76860641963265,407.5380929427455,408.24860983944,408.93546621787124,4.2110318024938875,4.138794330400163,4.565862811099374,4.563879463298052,5.0783169148474485,5.105215943561252,5.6933701770001655,5.746135247368992,6.3814539983544485,6.446425982084132,7.1216117921088316,7.834192433943944,23.878976989002606,90.00000085377364,0.5475969496207558,1.9427403085961525
2021-10-29 08:00:00-07:00,904.0031666666667,41.78114,0.3040860633637569,7.5,351.9487605318656,38.84002492185421,69.93386527355332,129.1053556021667,0.0,83.75547453563472,789.2288900293129,1.0,83.75547453563472,103.70447489332037,2.857142857142857,17.111151500000002,1.2045161716666668,753.4850576251688,753.9132107836581,754.2520139360433,754.391197003284,754.8019785625069,755.2200421790993,755.4028895117963,755.684645477606,757.5407980408089,761.4650470366465,763.4281219988947,765.3561945895168,39.35332381010591,41.369970813154495,41.577545962829866,40.230699264274016,38.34021236789688,35.59740996320623,33.40518198879783,32.492186534393475,31.846970993015304,31.928942090978808,31.90757796709289,32.211115423741944,50.0,90.0,0.366977778440511,2.214355247456318
2021-10-29 09:00:00-07:00,975.1903833333332,47.78039666666667,0.295685448983584,8.5,507.23859911754954,44.36492524762626,61.891211507657125,142.44080772866533,0.0,244.7643127135709,786.6425239410598,1.0,244.7643127135709,141.12411764319145,1.9441166998282116,17.302819166666666,2.0424902966666667,747.159611126786,746.9442645889833,746.639420750207,746.3347720383354,746.3272872470568,746.2868778828139,746.0861730002543,745.717922950536,747.729016820115,751.7583110221199,753.7075587551951,755.6721629577387,76.29589056551632,66.64524380016069,59.14498609191943,52.809828408001486,47.47009976448855,43.82133710094903,40.20062850405862,39.23906433815914,40.53105983570845,41.80498916945754,43.57904489998999,45.75490790363364,48.77341399400292,90.00000085377364,0.3739454063950376,2.1981043373927394
2021-10-29 10:00:00-07:00,1011.7207833333334,50.68229166666666,0.2847370935608044,9.5,613.9710021903522,50.41812751741255,56.16776728476751,158.09775575604954,0.0,370.3394974681108,715.1331642544754,1.0,370.3394974681108,173.32453055616247,1.4265189737228132,19.31679022222222,2.1418207083333334,684.6492544726575,684.5610664757246,684.4648674309107,684.397219553407,684.4857593975686,684.5080384042524,686.0136058696401,687.1229410586405,688.2893189483361,689.7534058007719,690.9114145214938,692.3010179002207,91.99009824991553,83.23554950394869,75.0872099906316,68.35039475347148,64.33821589273781,61.52099928677431,60.60523578596693,60.99706665225766,62.25540273547841,65.04303368817384,67.89193316494061,71.51379383539766,29.097654624641194,90.0,0.5068501937162134,1.9833507269330295
2021-10-29 11:00:00-07:00,1024.1905,52.18324333333333,0.2810145802377558,10.5,660.6663192868931,53.328303712117496,53.550700517817255,175.6547386384327,0.0,429.18988330102206,665.9901897452964,1.0,429.18988330102206,186.85984738728416,1.0769503903447781,20.40223622222222,2.3874417633333334,646.2268937624511,646.1219593594793,646.4085385681974,646.4083968239066,646.2631984191995,646.5883591407825,646.5886487272372,646.5884548333297,646.5880466828283,646.7280552477899,646.7012773515443,646.701253907465,98.91547691800321,91.21224346167675,84.52363559473254,78.68684702180086,74.89696017578059,72.76153544652072,72.33869437575174,73.52385150013455,76.43823954243858,80.63906867452663,86.01343717504118,92.46673911260287,5.857038877457201,90.00000283164684,0.6989766665903918,1.862363244469232
2021-10-29 12:00:00-07:00,1016.346,52.72407666666666,0.2846958212504065,11.5,642.8568915312668,52.295279084392405,54.504314699817996,193.64718177791391,0.0,405.7493641182729,684.36540613811,1.0,405.7493641182729,184.18775143380464,1.2494725994428149,21.259809444444443,2.187303288333333,663.6855225255434,662.7039757384802,662.8665037085334,662.1225309312078,661.3130989230089,661.3413867344684,660.5802079436543,659.6779678598344,658.8927762260361,658.7619760404527,658.9352476044169,658.8098189737427,83.74229546097085,78.94372365944483,74.98912974512372,71.85127212053797,69.5408348575679,68.84711841505413,69.10267262597925,72.03853846979449,76.19780499886635,81.88104944552296,89.90483016039347,98.0097554974594,18.30585605479125,270.0,0.5929552536639204,1.907749476824169
2021-10-29 13:00:00-07:00,987.7064166666668,51.536431666666665,0.2921506847649995,12.5,562.445606450886,47.6277574865427,58.8508108057398,210.317534325492,0.0,313.2828093809676,749.234373153532,1.0,313.2828093809676,159.19145394811343,1.6615933876338067,22.57929861111111,1.62136284,720.9562425267893,719.5207406649888,718.0486580574795,716.160006451065,714.6443938011752,712.9329828994981,712.9164825201863,712.6470924128159,712.8080331477596,712.8390429276747,712.9528430707874,713.2335244446206,56.788077013342786,54.02833209773696,51.87519472469873,52.14728357573293,51.773543594769755,51.83715417472576,52.23698312943482,56.148457230068246,61.47567651533091,68.09561016586701,76.07999673008794,86.32949956467267,39.867991002889376,270.0,0.4294895274125264,2.0896194712795877
2021-10-29 14:00:00-07:00,930.2634,47.39734166666666,0.2299019013230678,13.5,427.2299040926274,41.009046618085364,65.9015059685352,224.7325183320654,0.0,159.72093123915477,787.9922521474961,1.0,159.72093123915477,97.99352338923939,2.4255653315982575,22.726049777777774,1.706673435,764.7552102189107,762.632491548134,760.4631594845847,755.9841146401385,753.8767194503223,753.6775626877139,753.7024022949782,753.197562877315,752.683737297467,752.6114741472063,752.2557907543521,751.8174656558047,32.349306847973715,31.078368655324514,30.17658816766902,29.14503515667208,29.148926120924028,29.751589700154415,32.35848884465064,36.44920765981318,39.977572739280504,45.11177420731406,49.76663045109414,54.66900394149084,50.0,270.0,0.366977778440511,2.214355247456318
2021-10-29 15:00:00-07:00,813.0787333333334,39.02539166666666,0.1395302364420525,14.5,251.38401136352059,41.73565843635206,74.86000303805957,236.94907471900424,7.233215596341565e-09,18.181336674076093,678.7623419283799,1.0,18.181336674076093,42.93153632460214,2.857142857142857,22.48479588888889,1.25353358,656.5415508685509,656.7217947582578,657.0916670239212,657.4544054576263,657.6257437787716,657.9745760120584,658.1372693056232,658.4689669397408,661.8164138088979,663.5259655562616,665.2661254612872,666.8817598130574,3.5638319054089895,3.656917092732567,3.652692825159576,3.7804649095819447,3.915580265183535,4.06225594878436,4.215872887337298,5.647473543181685,7.115709475663525,8.616217526970228,10.1493270670705,11.715899106869266,43.47593518054139,269.99999914622634,0.40597507487229706,2.1314794340853673
2021-10-29 16:00:00-07:00,354.37417775,20.550681666666662,0.1123351951045353,15.5,50.993718766824514,75.79174400683742,85.07184715570006,247.51533084479402,9.901200738958753e-09,9.607398207966154,118.77009994576318,1.0,9.607398207966154,6.81056698502056,2.857142857142857,20.4779195,1.0340946533333333,92.15805010884283,92.34970361685833,92.3488881119004,92.52138274619618,92.52136809907611,92.67493159158519,92.6742097073434,92.67422441269903,92.80946552572011,92.80947261047423,93.01285237932889,92.92673307403477,1.0969820181339032,1.1019039573178981,1.088025734023125,1.0789223202472191,1.0748861459544279,1.076265841573889,1.1643990549071854,1.1749664208865866,1.188263793286617,1.2054241242087032,1.3222440640459772,1.3429382613864553,10.06369390110276,269.9999979086902,0.6626285751539116,1.872528751779006
2021-10-30 06:00:00-07:00,189.22057626666668,10.179806566666668,0.4421094123304748,5.5,16.723735821395202,84.32933381271005,88.018110319046,110.04877331509226,0.0,6.522187152533334,28.86479318416653,1.0,6.522187152533334,0.01195460535322656,2.857142857142857,14.394600111111112,4.963050133333334,17.859489984497994,17.859489984497994,17.862716671181325,17.862716671181325,17.862309548441544,17.862309548441544,17.862309548441544,17.862309548441544,17.864572393436895,17.864572393436895,17.864572393436895,17.864572393436895,2.5198669348056804,2.465948836927499,2.4218318210163687,2.389074750446138,2.3671622312663625,2.360885547956369,2.3675305755932925,2.3863948427404944,2.417697473760607,2.4572947270393914,2.5079697421034632,2.5617483068045592,3.9276796728754495,90.0,0.7157513672955452,1.8594915530132523
2021-10-30 07:00:00-07:00,709.4615666666667,88.87792166666667,0.3290543975026405,6.5,214.81436212023954,59.52441775937022,79.77524893420346,117.97836099901059,5.371821258935326e-09,51.60596098841835,470.708545852319,1.0,51.60596098841835,73.56621258038419,2.857142857142857,16.439296833333334,4.380996616666667,439.81768417100534,440.1144700062247,440.4559933547252,440.7334847497352,441.04937923892504,441.791001572318,442.5374636518074,443.2243076847867,443.43463985456464,444.05502123515845,444.6795485702639,445.15992626657993,14.799105239100994,14.84349350416766,14.675451485058636,14.79822132083911,15.06370313450743,15.368349667257387,15.770346211424487,16.198875428265108,16.648371406469654,17.142915098480266,17.634204042347477,18.416534738577482,23.329062859010012,90.00000085377364,0.5519943366155541,1.9388972314681459
2021-10-30 08:00:00-07:00,780.3296666666666,60.33229833333333,0.3018363455398253,7.5,324.8588291231807,39.162324582761514,70.18444750436228,129.32969148694113,0.0,82.19263513914677,721.6180992526591,1.0,82.19263513914677,99.76149890664637,2.857142857142857,18.376749333333336,3.4326246,684.5019745978335,685.041785170158,685.4900595251302,685.6943485728103,686.1935765207736,686.7142032416177,686.9390358299142,687.3497787126356,689.6317307438271,694.3440125955167,696.6917963079603,698.9987168215046,35.717407408932374,37.938526393023736,38.629564242468405,37.91594373985141,36.62084149158671,34.53690799563378,32.80687767413023,32.64113296682606,32.66842576548676,33.299213845740795,33.836087257376974,34.65091971029897,50.0,90.0,0.366977778440511,2.214355247456318
2021-10-30 09:00:00-07:00,982.0225333333332,48.171216666666666,0.2953376883345973,8.5,506.6013226693439,44.65524266069156,62.17177210595434,142.63178017395188,0.0,244.53995726830507,788.7483863823015,1.0,244.53995726830507,140.82310105786325,1.9523660350750838,20.575956833333333,2.626064153333333,748.7197839511823,748.5065613116412,748.2161987354513,747.6851021397817,747.9089979545473,747.850083524601,747.4449586660569,747.2903117066014,749.1633817246449,753.397403737041,755.3624423755946,757.3024825056427,75.09365779365045,66.61412625099558,59.13547136835608,51.846037920639084,47.510301897784885,43.02296326601787,40.24557199935567,39.323251239073805,39.9917391006063,41.91414714698012,43.693172515588415,45.872362234058365,48.985521081098504,90.0,0.372728116571755,2.200893130363471
2021-10-30 10:00:00-07:00,1011.1858,52.07647833333333,0.285111502091267,9.5,610.5326974760475,50.731813553701635,56.476528680064966,158.22789175313324,0.0,368.34237418939665,712.1923073905413,1.0,368.34237418939665,172.7886910249459,1.4292294185301322,20.540091,2.260447983333333,680.9936642595537,680.9220054703641,680.8251979871814,681.0909686369215,680.8542227908532,680.7565138543649,682.4297695494467,683.5693956857975,685.0474804264455,686.2755509240484,687.8211777087894,688.8721169365857,91.66514906270359,81.9512013348605,74.84025019406323,68.23828176964165,64.20503918628951,61.400911146554094,59.8986132704279,60.952281493900564,62.443896118851306,64.97829451410666,67.82989022235574,71.45677437468967,29.244210250995643,90.0,0.5057334634393789,1.9845974792588672
2021-10-30 11:00:00-07:00,1024.347,53.82223833333333,0.2816209249307189,10.5,657.7076890385919,53.655208588925746,53.876187497375895,175.69431024408618,0.0,427.2585279095871,663.0708097992494,1.0,427.2585279095871,186.47272992882006,1.0771644490504295,21.71981172222222,2.606437266666666,642.7574895234527,642.6502303088603,642.9448268954804,642.9446854064911,642.945096130391,643.1292012582129,643.1294904634512,643.1292799419066,643.1288720093065,643.2724488054643,643.2457442290954,643.2457227273414,98.6944846763272,91.01840223538773,84.35769131186878,78.54362880469608,74.76920998204426,72.6438590876169,72.22428421884952,73.45878788384152,76.31308886471089,80.4979522915809,85.85543090250123,92.28433831408083,5.873213531887328,90.0,0.6988362549980071,1.8623920919813097
2021-10-30 12:00:00-07:00,1012.3206,63.42798333333334,0.2848888954283597,11.5,646.564748223362,52.612278517536026,54.82753064043741,193.58728026717378,0.0,408.25191644248156,689.0221320935058,1.0,408.25191644248156,186.15381620676936,1.251415465942912,21.757944222222225,2.7838439,661.7853763334829,661.9304945175546,661.7753131429722,661.9326494353253,662.8501091113369,663.8848135953648,664.9599037704355,664.7372169701148,665.6612518561775,666.5283701471534,666.3567148109346,667.4649236886564,98.76807981334744,90.72613721591775,82.71127586305457,77.07096128030844,72.99149519705081,70.2842594879689,69.44594356323704,70.63734831685362,72.97887953122454,76.16546911196667,80.14542891781035,85.02065931836658,18.436801451360832,269.9999987925817,0.5918707794902814,1.908469784644246
2021-10-30 13:00:00-07:00,715.5208833333332,135.19550833333332,0.2876860641903178,12.5,502.05506423779764,47.91845853282464,59.155037556494875,210.17852056243996,0.0,285.22842868040823,659.0772156727581,1.0,285.22842868040823,152.19161671140776,1.667415686437843,19.60319011111111,4.52533295,631.7795354988223,629.0855694925826,626.3486097854052,623.2091711924211,620.3721446185868,617.0641406099863,616.8212389292102,616.2202129328033,616.2993192572142,615.745818134223,615.099987388979,615.2485363691198,62.873961545524125,58.67519016502011,55.87406293288433,55.750220374900856,53.46090951900602,52.49173732638517,51.44871649805797,54.31087602170505,58.32591861617566,63.59723778469213,69.81450486513596,76.9677114080441,40.08992177755643,270.0,0.42800546423644414,2.092108167894292
2021-10-30 14:00:00-07:00,745.3490833333333,96.44859666666666,0.2254056734936306,13.5,397.47695490359115,41.306918468194446,66.17931017421677,224.54464820738121,0.0,153.8155247344246,714.8697590587052,1.0,153.8155247344246,98.6701908427427,2.4430234585237143,18.634620833333333,3.1048971,692.2082296794667,689.349800780319,686.439630497746,680.4309527023221,677.5266963823624,676.9772228902647,676.8029143964609,675.9879654933429,675.1493329580416,674.8965504353044,674.169898224005,673.367543441922,38.429684957264726,36.361564532904886,34.614908293502076,32.77331455038568,31.824913581989755,31.402014706158738,33.43736654252062,36.75342019997892,39.608168105093405,43.82838237201568,47.6468544060455,51.72602008768234,50.0,270.0,0.366977778440511,2.214355247456318
2021-10-30 15:00:00-07:00,167.81828816666666,60.51407166666667,0.1922846265334985,14.5,103.63166830478735,42.769923655791764,75.11200763799356,236.7342828446955,0.0,32.341946662998055,206.6885865549159,1.0,32.341946662998055,26.174694701304738,2.857142857142857,17.17979322222222,2.428904973333333,200.87471913025098,200.19471636062053,199.50096650418996,198.49256880119322,197.28951827935367,197.02274942341725,196.4398027423055,196.15475874816616,195.5438083625776,194.91276289394568,194.61531808005353,193.96564955136,11.769108414464998,11.089931304329003,10.408013223644469,9.747770277914967,9.099377399637701,8.451921533796604,8.181090705374011,7.914575317447328,7.678018270474516,7.670354929779813,7.482454355682967,7.344371172943628,42.32886840203087,270.0,0.41330745489633736,2.1178509524891727
2021-10-30 16:00:00-07:00,36.824141266666665,33.7861935,0.2369248259625487,15.5,36.80173894730281,76.46892494245195,85.30276292258725,247.28403920443998,0.0,18.93587487245024,49.72758295173695,1.0,18.93587487245024,8.860405511683755,2.857142857142857,15.369093277777775,1.8233390133333327,42.878770944267956,42.87879828559964,42.88182118999728,42.85409727605746,42.85401302206962,42.85460970794358,42.822881517883445,42.82354621322064,42.79052222706096,42.791054224404355,42.75055649219797,42.75122420623185,4.066513450103519,3.987777291516317,3.9116021476257554,3.84648280243397,3.772969999215569,3.734228087350419,3.712888481172133,3.7093241718928174,3.726844608866914,3.771151086095314,3.8160491610010046,3.8935259920225582,9.594425623007167,270.0,0.6666635914212452,1.8711305996020196
2021-10-31 06:00:00-07:00,0.1620860999999999,1.8413607666666667,0.99,5.5,1.846884436904857,84.41240158927687,88.04706090070545,110.45865895795369,0.0,1.1797103824915987,1.8550321186915106,1.0,1.1797103824915987,0.002110558004593739,2.857142857142857,2.2700657333333334,1.9686324933333332,1.7465726320930677,1.7465726320930677,1.7471562870207034,1.7471562870207034,1.7469913899506053,1.7469913899506053,1.7469913899506053,1.7474007016568933,1.7474007016568933,1.7474007016568933,1.7474007016568933,1.7474007016568933,1.0203556871125905,0.9985214912547326,0.9806513534899801,0.9673774576765648,0.9591658337216928,0.9558941238964068,0.9585795498678394,0.9662202509914292,0.9786114873857505,0.9946622820306056,1.0151365581443328,1.0369330454234167,3.880300617830913,90.0,0.7161638681192153,1.8594352523219935
2021-10-31 07:00:00-07:00,0.1301578333333333,17.17290416666667,0.2554642440772462,6.5,17.195506227242543,60.25463738061597,79.99982566884228,118.21541144711365,9.379293786929288e-09,11.317007486484487,16.171719242459446,1.0,11.317007486484487,4.324195401766148,2.857142857142857,2.057224566666666,1.912760493333333,15.276327509429859,15.349151907452711,15.414084999424787,15.482208852726728,15.54175720377765,15.501841294821347,15.456116834886569,15.41948319359066,15.378534948579384,15.378130846888489,15.338550135607823,15.306539434208645,2.5591786095585998,2.4641667332869606,2.463831961882736,2.409791164784609,2.437909235485881,2.455400956609721,2.4533000659194446,2.4875298326955315,2.4930436523422443,2.5323699219432045,2.543021448521504,2.5337233042114464,22.782947058943293,90.00000147877934,0.5563794024042292,1.9351644101352137
2021-10-31 08:00:00-07:00,0.0878475666666666,39.926725000000005,0.2581852214221667,7.5,39.956143915537005,39.48039652556223,70.43439742050107,129.548181606477,0.0,27.436406845084964,32.24570691851121,1.0,27.436406845084964,13.144550253385312,2.857142857142857,2.1162877944444443,1.5083741383333331,27.44312539672854,28.02088313424635,28.590191908539172,28.845205930235338,29.400924316600573,29.94151728620305,30.182316260914323,30.71376815439486,30.52536812236895,30.191772810310223,30.00934047965464,29.829386396410374,8.34899552760543,8.4882812407091,8.678397442963105,8.87372376991151,9.121740330208732,9.36145931893919,9.611820327730978,9.483070063490493,9.34705588915138,9.226416394574183,9.073269599742558,8.910782940661539,50.0,90.0,0.366977778440511,2.214355247456318
2021-10-31 09:00:00-07:00,0.12858745,85.01627,0.2596103800774079,8.5,85.07574274419176,44.940330752665844,62.45092707280736,142.81653208152485,0.0,58.31610891649285,69.60603013424945,1.0,58.31610891649285,28.19275270568067,1.9608436382702235,2.291929688888889,1.91563525,59.26311759245711,60.37322637879096,60.92214765189313,62.10700394370349,63.279007627411644,63.79826181928932,64.9205553232779,66.03297880614068,65.70968584227988,64.54559745065214,64.83840199811668,64.52996744872777,17.451636961159814,17.72675809167334,18.0577823066337,18.514159873159738,19.026487925068885,19.53054950737078,20.00766622784472,19.849188251199855,19.63024198380591,19.394278357921902,19.19208975893321,19.35334437176284,49.20116430885429,90.00000147877934,0.37149583316470447,2.203737636201614
2021-10-31 10:00:00-07:00,0.4852135833333333,134.65193333333335,0.2609835165388199,9.5,134.9177399511573,51.04075801839028,56.782851749094455,158.3520664750563,0.0,89.4973500446481,125.04399010932954,1.0,89.4973500446481,36.777640920870866,1.4320433409814513,2.874433755555556,1.8152751433333332,115.45489757601952,116.09535008116121,116.70052466133309,118.05964113716261,118.61854743414898,119.18537498685728,118.95985160002083,118.67106389802262,118.47275364884096,118.21116003489205,118.0187046751617,117.76570775262225,21.416536585610586,21.36169315960409,21.161729716239662,21.432915118376293,20.955593763823153,21.458707701340167,21.12279363847095,21.187772076164407,21.819699248357175,21.57121216655784,21.638018651765694,21.66143115899576,29.395765898911247,90.0,0.5045803147794459,1.9858927711027028
2021-10-31 11:00:00-07:00,0.5714927,111.81980666666666,0.2590072124750598,10.5,112.15412036178776,53.97819832154849,54.198188577563364,175.72925407428446,0.0,72.01391700680793,111.14220548956233,1.0,72.01391700680793,28.45497998074186,1.0774499372414728,3.2966026333333334,1.7632860766666667,105.42088886915441,105.55602451246845,105.38811340161283,105.388113744061,105.38813679981996,105.36635692517173,105.36636710628588,105.36635844535229,105.36633850181373,105.34921141610529,105.34918942628572,105.34506419406694,16.189141031272737,15.81972137998157,15.532117780397964,15.3069496596007,15.191512817196962,15.162445590521694,15.21795987170546,15.359562810934115,15.572339196494614,15.844783286050612,16.14575259771152,16.516998129890037,5.89477217165698,90.00000435340849,0.6986491115639695,1.8624306650856162
2021-10-31 12:00:00-07:00,0.5799527,113.77765,0.2571137126880542,11.5,114.10908117337453,52.92619982302227,55.1465282840551,193.52476774805976,0.0,74.64907607081425,109.54312412527824,1.0,74.64907607081425,28.93717972490603,1.2532921977576474,3.687565055555556,1.3982679816666668,103.83804079811368,104.31090517965836,103.9585869274384,104.0622190933196,104.53840138901342,104.20370588051435,104.31594756863599,104.4402927969314,104.95010141977792,104.6003371120028,104.27704133726836,103.89727062468597,16.921322322796787,16.812317403189425,16.441346159089818,16.353407623270716,15.981690360547805,15.966527786954575,15.81112440006873,15.645750347953026,15.813519336729781,15.943481337567205,16.061333020185174,16.549795577489043,18.5630512006097,270.0,0.5908259760860537,1.909168954314214
2021-10-31 13:00:00-07:00,0.5282182666666667,91.29396666666666,0.255602929052671,12.5,91.56241740696223,48.206773211716545,59.45470631900402,210.03860472722258,0.0,61.909069665555336,79.44202701010694,1.0,61.909069665555336,27.105088656307146,1.673173597754292,3.8180062222222224,1.68580147,74.63566135376757,74.83067292108417,75.10106693776592,75.38543483366011,75.04936477616448,75.3519655621862,74.86483737547012,73.77276747965598,73.27178268517338,72.132649888808,70.9747889471071,69.78824048079267,17.449687124122512,17.635117999645075,17.798865841848496,17.943300698408468,17.452072441927996,17.553206641794542,17.587747153653147,17.092137707790094,17.06681335025516,16.682610337169745,16.381967532091412,16.54546547695833,40.307535541550784,270.0,0.4265549599683299,2.094559599841961
2021-10-31 14:00:00-07:00,0.4818108666666666,62.76925333333334,0.2521882350445537,13.5,62.96174172905336,41.602919152582004,66.45243252154756,224.35685422558302,0.0,43.191667188112596,51.05677914206667,1.0,43.191667188112596,20.555516448253282,2.4604206384221254,3.871681888888889,1.364349055,47.269715168905904,47.523109834337,47.779957776854495,48.24460306812589,48.509698932391345,47.67284282264691,47.292554283129256,46.44078111351407,45.565323081111785,45.162599562025505,44.2657286990727,43.35547240012786,13.982477218345299,14.209562735568033,14.422858574038573,14.587231183241187,14.77542221646939,14.95315798007594,14.561448105024441,14.186399888002452,13.799192010890653,13.493369142807989,13.196210645251531,12.977590624872684,50.0,270.0,0.366977778440511,2.214355247456318
2021-10-31 15:00:00-07:00,0.2749701499999999,31.57272,0.2515081986456123,14.5,31.642220763053857,43.76654886957761,75.35925396884409,236.5199977146579,4.662936703425655e-16,21.409576737990328,27.13171833987949,1.0,21.409576737990328,9.180350452439631,2.8571428571428568,3.903871544444444,1.521061555,25.464173764612045,25.58615325900221,25.711705240362885,25.8176103769978,25.754786993283588,25.89489554334872,25.5204388189479,25.33864495936015,24.94784051498509,24.759016165263635,24.35258322269116,23.93476731288513,5.958553065014673,6.055370578643557,6.14379369039496,6.211451248478607,6.286900398490477,6.10657281332442,6.159422045791925,5.981032130128953,5.840410291049619,5.828547449029276,5.714805329619978,5.643490457602702,41.2554586900181,270.0,0.4202912792624065,2.1053658703453637
2021-10-31 16:00:00-07:00,0.2608386333333333,9.895853833333332,0.2481030660347704,15.5,9.91618821145384,77.13020204401856,85.52881651999255,247.05338616164494,9.232104229128864e-09,6.380231742550304,9.77076915863211,1.0,6.380231742550304,2.37137822319844,2.857142857142857,3.478786077777778,1.710533868333333,9.299251878685535,9.290309432948447,9.26280919147694,9.281379277693675,9.281375385797421,9.274367420814922,9.274345126022299,9.245965947476941,9.2674440848229,9.267463716131404,9.239946534503758,9.262302761036652,1.3585472403477348,1.3280700757195671,1.3071917399389315,1.2931484582398671,1.2851461259250228,1.2822060577160093,1.2899083617645508,1.303489421573066,1.3223637837395652,1.3437808856797928,1.3671838005407488,1.3965110257476607,9.135899391552476,269.9999980909041,0.6706116436432913,1.8698283401322335
2021-11-01 06:00:00-07:00,0.1866006833333333,2.464073166666666,0.2615325618517302,5.5,2.4697511544595625,85.01248227915508,88.25630348926845,110.70105589529881,3.043344047410725e-08,1.5781451533483541,2.4780392909629834,1.0,1.5781451533483541,0.00225669248390175,2.857142857142857,1.9545143222222223,1.2351451066666668,2.3349597774101944,2.334959779786877,2.334959779786877,2.334959779786877,2.3355075127518257,2.3355075127518257,2.3355075127518257,2.3355075127518257,2.3355075127518257,2.3355075127518257,2.3355075127518257,2.3355075127518257,0.3608538212389692,0.353152362602104,0.3468336994419765,0.3421254948409929,0.33919410563939645,0.3381207712882243,0.33890742766334614,0.3414710129346857,0.3459841712045681,0.35169448656293156,0.35853989887700466,0.36623723991845064,3.4683981065444116,90.00000709197654,0.7197509990243429,1.8589745387917391
2021-11-01 07:00:00-07:00,0.1891303999999999,22.14575333333333,0.263681494536768,6.5,22.177866550256475,60.97928010081936,80.22415499026312,118.44705206618603,3.108624468950437e-16,14.582032477249042,20.92902866372803,1.0,14.582032477249042,5.751936088014037,2.857142857142857,1.6918837166666667,1.5888904916666666,19.71052419573239,19.88678116946539,19.976471313725085,20.052236114609954,20.134038297332186,20.078804732752985,20.03259289023486,19.98112253076576,19.850123122795868,19.932788515499148,19.89289027573571,19.760838980877658,3.3958174048288163,3.282629533373217,3.2448981053199613,3.2019796256169313,3.212126785930799,3.2020449377221256,3.234918004754818,3.3111297359228598,3.2933144102361465,3.3079737758696766,3.364238998304822,3.3779575265418793,22.24061524297472,90.0,0.5607514932747031,1.93154034482508
2021-11-01 08:00:00-07:00,0.1972435833333333,32.353136666666664,0.2581045786545792,7.5,32.41838175218452,39.794129140095876,70.68361228667521,129.76077081847387,0.0,22.239939130890534,26.196991101171673,1.0,22.239939130890534,10.627661405809459,2.857142857142857,1.4112533444444444,1.7202691516666666,22.33343816601851,22.801620786476466,23.26294581006796,23.46959872331287,23.91991762372595,24.357985868450218,24.55312282128257,24.98377083822484,24.82580301503399,24.54510451118744,24.39220834542309,24.24139541510416,6.767189287687975,6.880349715826932,7.034505818165218,7.192719185811035,7.393526135549665,7.587522209322497,7.790166032152569,7.681159044130238,7.566195938157118,7.463656919298052,7.334693287216103,7.1981063918872765,50.0,90.0,0.366977778440511,2.214355247456318
2021-11-01 09:00:00-07:00,0.1520547666666666,53.23286666666667,0.258728193708488,8.5,53.30253916020983,45.220065631357905,62.72855864704988,142.99504340790605,0.0,36.57373779083825,43.30985610023312,1.0,36.57373779083825,17.545523670220593,1.9695533896180644,1.165100148888889,1.93873902,37.03097419140629,37.3788971318412,38.0736292279771,38.81839029754008,39.55394083069184,39.880142631649235,40.58528505545782,40.91075834289188,41.05735579501847,40.27774295632732,40.439303495961454,40.27305907661913,11.175620721223142,11.101534188890417,11.311245567605559,11.598376208303575,11.890613445413111,12.237104958853617,12.536685668505285,12.416857494880404,12.25849798390202,12.088984266439526,12.18047304339377,12.017278061860509,49.42029213402726,90.0,0.3702491295650582,2.2066375876671858
2021-11-01 10:00:00-07:00,0.1752602833333333,101.62786833333332,0.2589917866121241,9.5,101.72309962003108,51.34482686939033,57.086613140815395,158.4702957756416,0.0,67.67140502975587,93.46486248337978,1.0,67.67140502975587,27.58196746416913,1.4349625992353572,1.285759875,1.63756646,85.70956844978461,86.77335157510957,87.30608249816486,88.29683131126347,88.73185222701679,89.2288805663616,88.98468162051269,88.75115153510012,88.58546747741528,88.3718785310301,88.21085015794621,88.00548108260814,16.109184248122407,16.111170666665036,15.992751091116206,16.233707791824518,15.875982161142984,16.27713752210582,16.27521561989813,16.056335842849386,16.538123022014293,16.57529786157624,16.359669727614296,16.325647275734596,29.55235518755802,90.0,0.50339067015642,1.9872374865786782
2021-11-01 11:00:00-07:00,0.8026699333333334,123.02482333333334,0.258514239439004,10.5,123.49074697336194,54.297153375881884,54.516584039615694,175.75959953082588,0.0,79.30480065492907,122.39252544562349,1.0,79.30480065492907,31.278584002897535,1.0778084563464387,1.7607940999999998,2.06283561,116.11921314018035,116.11916935630376,116.0904144041162,116.08397841612852,116.08400485953989,116.06070779282531,116.06071872116603,116.06070804976964,116.060685193182,116.04236280247783,116.04233819041208,116.03780568893565,17.784232886960364,17.369227235859398,17.044776529412207,16.789865665407625,16.65784350638805,16.62263219441125,16.682357709636076,16.838575973003216,17.07506198973525,17.36141806762179,17.737323025141418,18.129827511851794,5.9218574688756185,90.0,0.6984140033491999,1.8624793261947408
2021-11-01 12:00:00-07:00,0.65759495,52.88297166666666,0.2526476828691326,11.5,53.255804526176654,53.23694869350394,55.46119281424799,193.4596632346574,0.0,34.86344066254531,50.94986091074377,1.0,34.86344066254531,13.206225093524964,1.2550996176332716,1.1721209072222225,2.0135369716666665,48.213671241036614,48.401245054119485,48.56295007728058,48.73655401518939,48.66136398819009,48.573695270957664,48.50812455054726,48.66883550768764,48.429619071691505,48.36973439255635,48.35769746150234,48.30256923346547,7.595593889648605,7.348357023396692,7.3235614847586366,7.270090126965186,7.1892549989169074,7.268157677474862,7.341419347936721,7.383455554718644,7.505150694042776,7.536310039152139,7.702405249169809,7.741562806273337,18.684409096314837,269.9999987925817,0.5898223845675156,1.9098453716308073
2021-11-01 13:00:00-07:00,0.408444,45.405805,0.2513378776288309,12.5,45.61157027778525,48.49263398617896,59.74970453031086,209.89780014119225,0.0,30.866549966311922,39.310379866953504,1.0,30.866549966311922,13.238023568377118,1.6788597675052621,0.9181605511111112,1.1283703783333332,37.00222111003569,37.121140430898635,37.277366499881936,37.15895263955806,37.33165364933389,37.469972998128995,36.93915979019733,36.6803498969751,36.12764115647515,35.85917341714378,35.28047525310198,34.686749009768675,8.515951485700354,8.629358367178162,8.731397904225517,8.80472377608398,8.579947958758526,8.631861938243846,8.686362115698728,8.626699376319364,8.403721694244254,8.23163215150895,8.079091714455975,8.157644514690794,40.52063844924346,270.0,0.425139044409318,2.0969708778310467
2021-11-01 14:00:00-07:00,0.4856488166666667,49.322723333333336,0.2569743170351775,13.5,49.51465788645151,41.89690601406592,66.72076318950641,224.169159788636,0.0,33.95139817367379,40.17389136978702,1.0,33.95139817367379,16.287190661939945,2.4777377782097316,1.2921454222222222,0.9198751566666666,37.17779531967946,37.38902450466633,37.60314525512238,37.992474709067174,38.21357837663392,37.556932922377264,37.25926697399656,36.591115962150226,35.90428888053709,35.58902373486573,34.88545894741952,34.17141529708902,11.038967654683908,11.229392251607157,11.408673947265866,11.548196926289137,11.7071700708863,11.857690604194536,11.549860606840024,11.255833399315607,10.95150715340072,10.71275103161954,10.480378385447537,10.310790494830039,50.0,270.0,0.366977778440511,2.214355247456318
2021-11-01 15:00:00-07:00,0.2906723,18.38797333333333,0.2490941918202792,14.5,18.460252549535735,44.727367195420335,75.60163727637209,236.3062604483877,0.0,12.449732856747076,15.954589134914002,1.0,12.449732856747076,5.222933328286998,2.857142857142857,1.398631711111111,0.8921464643333333,14.995543336928987,15.070090414788526,15.14716108800552,15.227500207654485,15.182741629676103,15.268100871100742,15.169105068265322,14.947781434904131,14.84587207601376,14.614986329551249,14.380176383951309,14.270286849657985,3.371137132454861,3.4215448894754625,3.475169636556109,3.524301764548024,3.4262687356475854,3.4652741203849,3.490953049231225,3.3904974632569713,3.3836005299178256,3.304432343976198,3.2414829491228874,3.202841495710317,40.24711227358624,270.0,0.4269572441744584,2.0938778234654603
2021-11-01 16:00:00-07:00,0.2008193166666666,8.6149007,0.2580576328755826,15.5,8.630401199625963,77.25970187351082,85.57314778292867,246.65799604516317,7.288311534463765e-09,5.553820382947117,8.500675756759858,1.0,5.553820382947117,2.148502595278201,2.857142857142857,1.4522189611111112,0.9380594031666668,8.090760186772345,8.08280649371227,8.057718964517006,8.074848135397037,8.07484555030859,8.068613273682528,8.0685944867256,8.062429096669844,8.06243953104533,8.062457383910973,8.05787088978874,8.05786984816921,1.2301067558725722,1.2049285497949056,1.1835882891308749,1.170866411732549,1.1646522408103683,1.1609619139147522,1.1679418639458254,1.1802213258167684,1.197287294640723,1.219022746358018,1.2379850872521678,1.2645300503335155,9.070243848231348,269.9999985212207,0.6711773801616991,1.8696470452999376
2021-11-02 06:00:00-07:00,0.0,2.210663366666666,0.2545816449436818,5.5,2.210663366666666,85.0979608690936,88.28612316695121,111.10023207421216,0.0,1.4157912851444765,2.2086971758209337,1.0,1.4157912851444765,0.0019661851513626824,2.857142857142857,1.4069670055555554,0.5076555761666666,2.0889885670732133,2.0889885670732133,2.0889885670732133,2.0889885670732133,2.0894799701762983,2.0894799701762983,2.0894799701762983,2.0894799701762983,2.0894799701762983,2.0894799701762983,2.0894799701762983,2.0897920925905176,0.31572981853144194,0.3084140667628019,0.3028957697824075,0.2987825221531342,0.2962196526345369,0.2952790974299586,0.29596349515793874,0.2982016632654996,0.30214583500813946,0.30713648403613086,0.3131209076558089,0.31984974585325615,3.417972329676001,90.0,0.7201902525720232,1.8589216813340483
2021-11-02 07:00:00-07:00,0.0137834666666666,21.089705,0.2656851833236306,6.5,21.091992229868193,61.69828273738476,80.44814873470894,118.67320764602323,1.0998152223439805e-08,13.875238958744202,19.892012049816646,1.0,13.875238958744202,5.497253352635726,2.857142857142857,1.8049735444444444,1.065017295,18.776416263576817,18.862882104819146,18.93943172817767,19.0986916487068,19.16494661817266,19.045165378903302,18.993456205220355,18.951152485934408,18.905141556873218,18.98803921777348,18.866877530426613,18.824229879914228,3.174252058277123,3.1471038976455286,3.119779632686286,3.048406811006872,3.079492657602194,3.043929114183637,3.100803684342782,3.0919807805747785,3.1613836184161834,3.150744706096161,3.225688033537774,3.223634201708605,21.702074428541682,90.0000017075473,0.5651098015793572,1.9280236731239815
2021-11-02 08:00:00-07:00,0.0004361666666666,40.52950666666666,0.2654387630404928,7.5,40.52964915809955,40.10341188020286,70.93198529982192,129.96740943844725,0.0,27.84497137470787,32.716994893964134,1.0,27.84497137470787,13.579995364502665,2.857142857142857,2.3014662777777777,0.7543581494999999,27.821163749092797,28.406116604859353,28.982556277297608,29.23995729969769,29.802692600776517,30.349992795933296,30.59299826250521,31.131338796407622,30.939368428709198,30.60031284430381,30.41436690414276,30.230941443113952,8.606433596606863,8.745639893386628,8.937880273706497,9.135078516611395,9.38763948376921,9.630995167958341,9.885769030642601,9.754850339623511,9.616401567498905,9.494529316915038,9.338298560926887,9.17236365630784,50.0,90.0,0.366977778440511,2.214355247456318
2021-11-02 09:00:00-07:00,0.35139345,78.21263,0.2660601943562473,8.5,78.37213444510542,45.49431931737657,63.00454612101838,143.16730014359825,0.0,53.77956377965492,63.89445896050638,1.0,53.77956377965492,26.504052864129925,1.978499067559266,3.1701204888888888,0.7679285131666665,53.93885731084889,55.06748622556763,56.179581578168104,57.174522361093494,57.66941700153516,58.72810794827686,59.76165180841936,60.238283532980724,60.481038854953724,59.392287191261595,59.17062214442321,59.437922399884016,16.698784010264248,16.903371611864607,16.887488162847944,17.30773495754312,17.735306753563272,18.24419903568502,18.68141142056919,18.48319964891397,18.31965411923781,18.50080217001321,18.252421223831362,17.986226119738415,49.642839002393735,90.0,0.3689886590091944,2.2095925253959323
2021-11-02 10:00:00-07:00,0.7273855166666666,163.54571666666666,0.2687098624245943,9.5,163.93774240347238,51.64388739279456,57.38768788806947,158.5826015591955,0.0,108.53531104387028,152.93157501601772,1.0,108.53531104387028,45.94136259738987,1.4379888501896683,3.5582316166666668,1.3510842116666666,140.62095706337337,142.3490691310918,143.05344254536172,143.77455027580447,145.21794477881582,145.97989726164002,145.63325644622262,145.39189064928874,145.085841265803,144.78636926031226,144.57201030250772,144.28133262739843,26.589037921684746,26.44108885359166,26.139892011720697,26.417137949399553,26.235031376738505,26.404665476488315,26.40733602350757,26.10461155837299,26.82132019561522,26.973829206063083,27.070136897112064,26.70318845970841,29.71399711911036,90.0,0.50216457165559,1.988632407102461
2021-11-02 11:00:00-07:00,2.147009933333333,209.99275,0.270663051670046,10.5,211.22939871999316,54.61195017082704,54.831253851786414,175.78538213913407,0.0,135.7677134541911,209.63545075492613,1.0,135.7677134541911,56.1945107447303,1.0782420946695055,4.495213205555555,1.2875238933333333,199.15476781695364,199.15468041067322,199.1176130111336,199.10608680576777,199.10614259933442,199.07615853089004,199.07618187076432,199.07615582038503,199.0761077138842,199.05248985523744,199.05244005053234,199.04432587577688,31.7515269479419,30.89453267993705,30.205546981936173,29.652361540461655,29.349124064589716,29.24356190056721,29.33363582524966,29.62036870775556,30.07728682744184,30.651200462483686,31.398758724798014,32.18661297047668,5.954601825423175,90.00000295755866,0.6981297882598682,1.8625384510918206
2021-11-02 12:00:00-07:00,1.5887740333333331,201.50391666666667,0.265713363020826,11.5,202.39759571592484,53.544431886359995,55.77141040304383,193.3919923939538,0.0,132.10889709837102,195.88859947800447,1.0,132.10889709837102,53.22588931859607,1.256834402389019,5.221716605555556,1.12570326,186.0803423875211,186.20664903724628,186.25402913361538,186.39296166888954,186.54330740946057,186.6004076393975,186.74875604282104,186.9796796836097,187.1547881164073,186.61483788308956,185.993706001314,185.41270388011492,30.695254218796645,30.24596670983008,29.68703147869418,29.30256476093498,28.807555126372034,28.582935849591266,28.339803691275048,28.057772145103534,28.461048168552438,28.82513938048955,29.096575817031944,30.19077991253835,18.800684397818106,270.0,0.5888614985357494,1.9104974465569171
2021-11-02 13:00:00-07:00,2.4383751833333336,200.78831666666667,0.2656875614404024,12.5,202.00603259943273,48.77597053616641,60.03992191103368,209.75612686819701,0.0,133.97161836862952,185.2673508581685,1.0,133.97161836862952,61.019161644765106,1.6844667566109974,6.08235685,1.0011827516666667,174.9034830616185,175.34690010645883,174.5300989327122,175.02044979483813,175.53600774138022,174.9388437389405,173.7927044412638,172.77813144188792,170.60661016977906,168.32138147654368,167.27674794472665,164.94546280901997,37.396146487096765,37.64661836172798,37.78385634159964,38.01442894340216,37.158711864052535,37.25795804102626,38.08273006792537,37.28520957721451,36.58416501747703,36.03430768881172,36.559566004086584,36.515856096738815,40.729040491622285,270.0,0.4237587089476288,2.099339135820556
2021-11-02 14:00:00-07:00,0.9402430833333334,116.16461833333332,0.265138737333087,13.5,116.53223929621961,42.188735389653374,66.98419574378838,223.98159453261675,0.0,78.07577094719946,101.17098690412993,1.0,78.07577094719946,38.962004263236054,2.494955194146654,5.930885211111112,1.155374165,93.96133631094612,94.36122883175149,94.76634871478964,95.48210200843893,95.90224749057019,94.43358379235744,93.77175817414007,92.27367345847333,90.73331631827567,90.03123863847061,88.45576388956118,86.85578353568968,25.793202806540055,26.16476851400667,26.517490230357268,26.775872076368636,27.097465250564078,27.409945197625504,26.761058345285637,26.168293172364315,25.541081493316337,25.088822227554864,24.64117141299164,24.34139845217069,50.0,270.0,0.366977778440511,2.214355247456318
2021-11-02 15:00:00-07:00,7.005152483333333,106.83881666666666,0.2646225840587802,14.5,108.5526025846802,45.65397911664669,75.83905705699726,236.09311785284584,4.662936703425655e-16,65.42117696730865,118.27787408105512,1.0,65.42117696730865,31.947106681542603,2.857142857142857,5.8768345166666665,1.301586905,112.3959132114619,112.59638269806422,112.87756565510222,113.17291209931221,112.89455084696205,113.12867207950518,112.61756237769426,111.47553743009085,110.95301769984273,109.76136187762684,108.54195057422933,107.97675978078065,18.687909105897752,18.82491682285661,18.98403196168128,18.5219334020955,18.601002909945482,18.680707642504746,18.699866235906974,18.570462663282846,18.14265222337457,17.74600321567357,17.44165580011072,17.614990421156914,39.29695273338553,270.0,0.43333014241628554,2.083268962253231
2021-11-02 16:00:00-07:00,0.3390909,32.019240333333336,0.2717931666977854,15.5,32.04517678938155,77.37683810381968,85.61326386522772,246.26356834291363,0.0,19.463373759490672,34.346261392892345,1.0,19.463373759490672,8.47556854666347,2.857142857142857,5.467784933333333,1.474876375,31.508417005443416,31.50841726074849,31.519990878592694,31.51992515456221,31.51989159021876,31.53637465778781,31.53644373781399,31.552208043989953,31.552214551986552,31.552136945735867,31.57337037685182,31.51827905595037,4.682323885514941,4.584476975583063,4.506806956320103,4.42962657217069,4.366698706745527,4.321490189216325,4.295703516638124,4.3058268617897575,4.32880868373981,4.37578354241488,4.454657896994856,4.547591897886538,9.01349868927167,270.0,0.6716664216578454,1.8694913993823503
2021-11-03 06:00:00-07:00,114.37984333333334,6.56102895,0.4722897731087074,5.5,9.92133120929417,85.18501687498097,88.31649670184764,111.49390551230931,4.076159359317157e-08,4.201763332324144,16.156233111520965,1.0,4.201763332324144,0.005660088728400257,2.857142857142857,2.688586877777778,1.3808065983333333,9.950667144676887,9.950668979270619,9.950668979270619,9.952127414794576,9.952127414794576,9.952127414794576,9.952127414794576,9.952127414794576,9.952127414794576,9.952127414794576,9.952127414794576,9.953053763069269,1.7377246960923616,1.697382798473212,1.666998872276543,1.6443428746593216,1.6302162260796755,1.6250193996519289,1.6287727506660157,1.6410921708065482,1.6612383737759693,1.6901984908078134,1.7231867287160036,1.7602727705520966,3.366211197806436,90.00000911580803,0.7206411622661056,1.8588682283018456
2021-11-03 07:00:00-07:00,628.9732,33.434345,0.3517723251709845,6.5,135.38523379520936,62.41156616236699,80.67171434288987,118.89380813220907,3.885780586188046e-16,14.904609739676122,348.9862311930264,1.0,14.904609739676122,50.219457345710204,2.857142857142857,5.995641888888889,1.840559005,320.96263672147296,321.0397169599586,321.12787941894874,321.20029964612826,321.27975315180805,321.96742146388056,322.633002802158,323.2558448180805,323.9043323720209,323.8591930051624,324.4193762096526,324.9563284307942,4.835829015043657,4.7503394970164345,4.763845611530295,5.046465602582682,5.0601800353278765,5.492081300683177,5.533529335204652,6.031453789392868,6.096460706653254,6.634246655064628,6.708327907709647,7.286273426359051,21.167351246673554,90.0,0.5694533765162465,1.9246131434101188
2021-11-03 08:00:00-07:00,842.9699666666668,46.88991333333333,0.3096884932047763,7.5,318.83702336830356,40.408135939482264,71.17940609189294,130.16805375864482,0.0,73.26825900802483,733.5784486547384,1.0,73.26825900802483,98.28066616156428,2.857142857142857,10.13280365,1.1654089733333337,697.4193829549083,697.9123131783076,698.2951590420092,698.4989349586563,698.912845999497,699.3808099602849,699.5704997911663,699.9794245799513,702.0009024651346,706.1845985502457,708.2792996361571,710.345357648309,29.43800409889198,32.158348386862336,33.661244703309315,33.86787275984181,33.294987572368335,31.929870701183496,30.61961290465454,30.61391818584376,30.687852267982898,31.211573076125195,31.634366290007325,32.2621805206263,50.0,90.0,0.366977778440511,2.214355247456318
2021-11-03 09:00:00-07:00,926.11595,54.406531666666666,0.2992087523018524,8.5,470.8346124867053,45.762971734159905,63.27876642684874,143.3332947110692,0.0,219.96537741456606,743.59528833836,1.0,219.96537741456606,134.87249494381265,1.987683876738339,11.51542122222222,1.7265370433333334,701.2807313079326,701.1632961800543,701.040921776147,700.5836934993226,700.8981993156283,700.902128935373,700.571868284358,700.5125342760628,702.7367164832592,707.4615104871274,709.6753273662398,711.8628112781233,70.14805170710959,62.33458142410399,55.37848960613343,48.64115963055723,44.65886134185001,40.368024880069626,37.79325779301586,37.453777004251165,38.36527887606742,40.43002757844391,42.35991750518725,44.66054169642965,49.8687253140422,90.00000085377364,0.36771515274027883,2.2126017938874223
2021-11-03 10:00:00-07:00,974.7998166666669,60.070791666666665,0.2868002862761187,9.5,581.1593982129845,51.93780856139805,57.685950050456,158.68901202599716,0.0,351.0907671803651,682.2499969008901,1.0,351.0907671803651,166.84664629894982,1.4411235588737057,13.252479611111111,2.120566176666667,648.2523002698315,648.5976739505044,648.51719536606,648.5071227778732,648.5968893574104,648.7654775696485,650.1813153846825,651.8118515886814,653.2922465903507,655.0013622188376,656.3423391837287,657.8058528574619,88.16933844339269,78.88179491573425,71.24223258506348,65.10013138788385,61.66665431619473,58.95362493852279,58.52794657977867,59.385384326871595,60.667346893192196,63.45527914845543,66.39965423731819,69.6469080940954,29.88069555068445,90.00000085377364,0.5009021843813821,1.9900782038348515
2021-11-03 11:00:00-07:00,773.8546233333333,232.3513683333333,0.2785991995616195,10.5,674.6428671298456,54.92246760288452,55.1420783339433,175.80664361955064,0.0,437.4225007257966,679.9102934373777,1.0,437.4225007257966,189.9933998831512,1.0787523102113226,14.163858666666666,2.6239832366666667,653.9559092295935,653.955317236463,654.3108259953004,654.2728640344238,654.2733237572738,654.5631038258308,654.5633613295433,654.5630619447742,654.5626859890755,654.7892531002499,654.7889051112872,654.7622618427071,100.98068371941953,94.21505422968559,88.21454113633526,83.06112169971767,79.7507821900669,77.9314916743926,77.64186068073757,78.83976771624619,81.49624971989977,85.48380104698252,90.55209199692231,96.08545327792086,5.993126503309291,90.00000409455455,0.6977954227254856,1.8626084291584073
2021-11-03 12:00:00-07:00,846.1400633333334,208.2275,0.2803756396086233,11.5,680.4390239220284,53.84855133503948,56.077068860904674,193.32178743389196,0.0,431.8434365531869,721.7835914433098,1.0,431.8434365531869,197.03525662022034,1.2584935458733921,14.660503277777776,2.3464877333333334,685.1948927152094,685.4056367749174,685.7722629526054,686.0189562396127,687.8500254386465,689.3523191270917,689.5922070193642,691.0600409505255,692.4085707405125,693.8592669787729,693.8916072293616,695.1124598882762,103.40004234312933,95.57664301207058,89.07853234412721,83.12710018598611,80.22333228260189,78.32796072175023,77.69617328150227,79.40280273180606,81.49621019885225,85.43016457284631,88.93358327830437,94.53969855170956,18.911692690968383,269.9999980909041,0.5879447576371988,1.9111236217723837
2021-11-03 13:00:00-07:00,689.261907,98.587785,0.2713302402979605,12.5,439.82467636163386,49.056710160567015,60.32525107257125,209.61361147260953,0.0,244.0315788685022,590.3157872124563,1.0,244.0315788685022,125.2112289542307,1.6899870715953509,14.118131944444444,1.7327584316666669,565.7948418110597,563.3693403921461,560.6962427143218,558.2324783068091,555.7406409546154,552.9380671889639,552.8501391873276,552.0975218638546,552.2768806345891,551.921262232986,551.5770069421131,551.7717754601335,49.54531813317449,45.997187633730015,43.49408788770236,41.555494157366766,41.64478986017666,41.13006606497138,40.29290445439593,42.7916267149305,46.264556278780475,50.60974048184263,56.19620324332235,63.25951671307366,40.932556261785635,270.0,0.4224149027548907,2.1016615428460383
2021-11-03 14:00:00-07:00,859.6375666666667,68.55757666666666,0.2147546431231503,13.5,401.0908490206747,42.47826321373475,67.24262769477856,223.79419402008628,0.0,146.24319783515077,752.2371533428395,1.0,146.24319783515077,92.02446582170023,2.512052676010362,14.468602888888888,2.067627583333333,729.5916322901218,727.0074189415449,724.3772337225777,718.9526128518596,716.3602372633584,716.0055860257783,715.886438257681,715.2756178504619,714.6431493059719,714.4801029709048,713.942916181975,713.3449235508059,33.814094419049276,32.126115857523004,30.771987264816488,29.31969677677042,28.77137364907986,28.752014191066028,30.939700678440794,34.459184831262256,37.48300872099549,41.75453314027289,45.586390772934834,49.60635570534703,50.0,270.0,0.366977778440511,2.214355247456318
2021-11-03 15:00:00-07:00,718.12415,50.767923333333336,0.1234020196320528,14.5,223.6292117210867,46.54779120059776,76.07141756946706,235.88062207124906,1.0361743289270589e-08,22.591985842942638,584.5872183185289,1.0,22.591985842942638,36.65667551456396,2.857142857142857,14.028719333333331,1.6800996966666666,561.98434740522,562.4219100796653,562.6301022467695,563.0504798410067,563.2469944160783,563.6474096674776,563.8484318489942,565.5552990610929,567.3524752919674,568.9530437396052,570.5288768440142,572.0571338020279,3.693696663574036,3.792400965212795,3.788322947267851,3.923515419451353,4.0747028513659584,4.236795679804617,5.388318816947453,6.716716702382939,8.07954379124971,9.48137866602569,9.805244868324532,11.28171504700186,38.399381332402655,269.9999987925817,0.439430340956286,2.073442692841557
2021-11-03 16:00:00-07:00,187.2285870166667,20.169597,0.1499704534394536,15.5,33.80110973303869,77.99369050005258,85.82478387678673,246.03568499253453,1.9369338746328672e-08,9.123868139278773,68.07793725290767,1.0,9.123868139278773,5.80189245042043,2.857142857142857,12.331280166666666,1.2667559216666668,50.87725185253157,50.868073141282494,51.00138353131315,50.97739077292135,51.110696319675114,51.1099461170448,51.07142109239881,51.20471035991287,51.204708724869676,51.15223487949834,51.285550962276474,51.2849750013547,1.2587269495275464,1.270484696239687,1.2520053247522571,1.2384983738223265,1.2324808170057342,1.239338551708107,1.2460957048559458,1.30516008504529,1.3210562282114164,1.342498612139186,1.3715322276524076,1.3976937721797966,8.583825865610242,269.99999618180817,0.6753718902134707,1.8683443028767424
2021-11-04 06:00:00-07:00,121.2558024,10.52693575,0.4376941088038384,5.5,13.646721696385825,85.7843087739766,88.52567636693728,111.72004314010793,0.0,6.739568754713484,19.43362880442364,1.0,6.739568754713484,0.006981313586276958,2.857142857142857,1.8337604977777775,0.7843534521666666,13.09329778295552,13.09329778295552,13.09329778295552,13.09329778295552,13.09329778295552,13.09329778295552,13.093073603546216,13.094559896145153,13.094559896145153,13.094559896145153,13.094559896145153,13.094559896145153,2.582733846502712,2.5271613383118003,2.4811795486204526,2.4464891512779294,2.424343959960467,2.4148281225528616,2.4209452447091846,2.4391931492366,2.4692200441787744,2.5095676538575735,2.5583822680890957,2.613610502329263,2.9513379768298957,90.0,0.7242561055512924,1.858469232982063
2021-11-04 07:00:00-07:00,228.9580366666667,66.57528333333333,0.3210655752555455,6.5,102.80753848926311,63.119032159178616,80.89475521551879,119.10878872227904,1.5543122344752188e-16,34.67292392461371,196.10073527242827,1.0,34.67292392461371,34.67711044052596,2.857142857142857,5.314811488888889,0.4780687341666666,180.1771444997242,180.37827290281535,180.5501495777222,180.7385091060924,180.89279205980702,181.24876876878196,181.56499392943664,181.75411148481746,182.07485872497716,182.16869012844916,182.3594380659129,182.62616226673617,9.679623528768756,9.588485027481283,9.589740672456127,9.641936353811785,9.648889699721693,9.807842099990427,10.019302293104792,10.232059963707217,10.513748703264975,10.7466714403303,11.060544797926966,11.310588682860164,20.636490353043683,90.0,0.57378113419201,1.9213075910124433
2021-11-04 08:00:00-07:00,603.8889966666667,57.37604,0.3013644383896158,7.5,249.73470139416202,40.70819447038818,71.42576110768326,130.3626660406121,0.0,58.540225927930955,570.262326953585,1.0,58.540225927930955,78.3637678985332,2.857142857142857,9.152450527777775,0.6569584083333333,539.3371875456903,539.8175184298764,540.2118022513806,540.4159821698219,540.8306813462111,541.2855276124221,541.469693448917,541.8911741767565,543.8582819755164,547.8860853252539,549.8884103809648,551.8629848381051,22.02077121174085,24.051993901210803,25.29730297711454,25.653105819649006,25.428864923938036,24.641795050540058,23.846482909790833,24.362022454586366,24.913320241825385,25.77614447938554,26.56381475647398,27.49937223474838,50.0,90.0,0.366977778440511,2.214355247456318
2021-11-04 09:00:00-07:00,950.5148833333332,49.61451833333333,0.2993076987086221,8.5,472.97343157568565,46.02598929523106,63.55109450504564,143.49302582793996,0.0,220.2065051446569,751.9306236738892,1.0,220.2065051446569,134.08862351728735,1.9977640179849185,13.817098666666668,1.6925319066666666,710.2377442159225,710.0661551867421,709.8978184070246,709.4108747927826,709.6813977106956,709.6271031158576,709.2709063232372,709.1639012351534,711.2506936370913,715.6820524196913,717.7538509508026,719.8015458350498,70.26649851633891,62.34535994644744,55.29128856983094,48.45429582241519,44.40516992825735,40.024106768772306,37.398828501730016,36.91722482384258,37.683977383925296,39.61089557893973,41.40143819629832,43.565889282730716,50.0,90.0,0.366977778440511,2.214355247456318
2021-11-04 10:00:00-07:00,982.6370666666668,53.77397666666666,0.2886089758906354,9.5,574.7646297014438,52.226463445550706,57.98127303305772,158.78956141482013,0.0,341.5787108828161,676.2967851302701,1.0,341.5787108828161,165.1934021318765,1.4443678804826088,15.619313944444444,2.3720225816666667,643.0258797447955,643.0086808493934,642.8919324251077,642.877105142393,642.9395852640644,642.9298488226503,644.3821214464333,645.8868255762363,647.2673551655837,648.861570971602,650.0954167895915,651.4498952496011,87.25536484911815,77.87147467484272,70.08453713257992,63.86135716251873,60.21985223161844,57.36506857889273,56.11206663350571,57.35317082032785,58.48224412955109,61.007851219640976,63.69993405086453,67.1669010641678,30.052438933949034,90.0,0.49960379765712665,1.9915754320342947
2021-11-04 11:00:00-07:00,1001.6942,53.30990333333333,0.2868682612955704,10.5,621.4112202298794,55.228584081081344,55.44893839364332,175.8234315421729,0.0,403.6688128811816,626.8164842301398,1.0,403.6688128811816,179.5617004986101,1.079340522213167,17.437427166666666,1.7822268616666668,604.5909471587738,604.5903187633858,604.816588516824,604.7805765812319,604.7811044732618,604.9659079812909,604.9661925705129,604.9658201784181,604.9654158400322,605.344339245148,605.1092585308606,605.1091738755981,95.0577334298603,87.67724007774443,80.73379720202469,75.6374412799316,72.02062023172579,69.9936950585068,69.5996538677172,70.79121215466901,73.55290697113416,77.66592324431605,83.01033323820259,88.86555579069527,6.037541229027979,90.0,0.6974099652589126,1.8626896641851771
2021-11-04 12:00:00-07:00,996.7731,52.84704333333333,0.2903384161755538,11.5,604.7707625642784,54.14921162542997,56.378057772323025,193.24908670906404,0.0,381.79206150045167,647.1038128786533,1.0,381.79206150045167,176.93450534338288,1.2600738478343627,18.49232583333333,1.800500555,623.9226757260935,623.2838457141441,623.2505536684545,622.4296444621374,621.73820027367,620.7850310055269,620.7436477227283,619.9807090346094,618.9473095756014,618.9840958654371,618.9450079415319,619.0511851646121,80.97369196528564,75.8600469162213,72.38490942326744,69.01420370972369,67.04945816966058,65.93806966472695,66.26989066606507,68.9007124793757,72.5109315227642,78.76901859269861,85.58680612637764,94.09790259931422,19.017256076513693,270.0,0.5870735467118608,1.9117223775276804
2021-11-04 13:00:00-07:00,967.7767166666667,51.24842666666667,0.2988400040654478,12.5,526.2514231683406,49.33477789744658,60.605587556210544,209.47028664520656,0.0,288.50348853499395,714.607224054518,1.0,288.50348853499395,152.3984562773877,1.6954131767994465,19.293821,1.4985368366666667,684.6514733949149,683.0458772780393,681.5258587089813,679.5997159513219,677.8610017717668,676.257165999165,676.3443846132534,676.159253264329,676.6410528849395,676.6044303137652,676.6130986095044,676.8986554336716,53.99884613606612,51.191599995396835,49.288488685743616,48.1618385963552,48.574485310782535,48.98601198538644,49.40980452683718,52.18679765490137,58.02821695711393,64.32014167704143,71.96689980262741,80.72131748573749,41.13100497915431,270.0,0.4211085339786736,2.10393530652127
2021-11-04 14:00:00-07:00,900.15665,48.12560333333333,0.2127373779186975,13.5,392.6592720355296,42.76534528825807,67.49596046079519,223.6069994197667,0.0,137.0822837931759,745.9157213982236,1.0,137.0822837931759,86.17926744991999,2.529009505131765,19.90037027777778,1.2629008149999998,723.9998127205375,721.8459138900608,719.6530104346182,715.128494518665,712.9912622969296,712.7353942062143,712.6503179852414,712.1514139205382,711.6305158992284,711.5179594092552,711.0837222848083,710.603286902796,29.67981608231058,28.410589816802673,27.465400742545743,26.429228345224256,26.273665955129882,26.62858814545382,28.828812543106565,32.38143423297815,35.42746940128222,39.694218493953954,43.53520947533239,47.54575257045518,50.0,270.0,0.366977778440511,2.214355247456318
2021-11-04 15:00:00-07:00,771.7941333333333,38.140393333333336,0.1136827611283732,14.5,220.9486437861243,47.4100483157114,76.29862774681276,235.66883031059803,1.5543122344752188e-16,17.83766054503198,589.6945926423949,1.0,17.83766054503198,32.939076285215194,2.8571428571428577,20.019971222222225,0.8367857066666666,576.9996128602068,575.6365274074354,574.2394890084067,572.8005874639505,571.216700772833,569.6868276918377,569.53972645419,569.2196120002942,569.0652939255112,568.7377764993275,568.5742454953235,568.2321790285703,9.353895540305402,9.043270835409702,7.767458232408332,6.525465576011627,5.320534112028373,4.289068182928563,3.11938126837924,2.996168709428975,2.8796615396535716,2.872142476245634,2.779973577836373,2.704182990510389,37.54977385572823,270.0,0.4452748003623296,2.0643186579516826
2021-11-04 16:00:00-07:00,265.26540185,16.829120666666668,0.1109617049707738,15.5,35.99947129110078,78.0837546376043,85.85570329797982,245.64342516600033,6.238120125955654e-09,7.7428100040613455,78.87708601471465,1.0,7.7428100040613455,4.774228339946001,2.857142857142857,17.151931333333334,0.2671146909999999,57.734335433983944,57.720339732359946,57.86471192563626,57.8351463750574,57.97951623679374,57.97904530264657,57.93422978914271,58.078589127256,58.078587558664715,58.01911063078338,58.163486876540816,58.16312567654832,0.8235290871731327,0.8459227931029931,0.8343233625135605,0.8261148770401899,0.822337923117279,0.8296625802337171,0.8342226884342003,0.891289599209358,0.901279955131635,0.9151197894675157,0.9364051395157857,0.9532558394119943,8.545501175708795,269.9999987925817,0.6757026066166762,1.8682446877918495
2021-11-05 06:00:00-07:00,119.96358715,5.5884479166666665,0.4470177952768663,5.5,8.61065654035993,85.87232660882499,88.55641094991044,112.10244724676875,0.0,3.5777120866206946,14.219757878240667,1.0,3.5777120866206946,0.0035720608890729352,2.857142857142857,9.219770322222224,1.244801871666667,8.277108350792366,8.277108350792366,8.277108350792366,8.277108350792366,8.277108350792366,8.276986809706662,8.277775839769669,8.277775839769669,8.277775839769669,8.277775839769669,8.277775839769669,8.277775839769669,1.4002677532072694,1.370146486714261,1.3452157545459669,1.3264007563953155,1.314382873001567,1.309526349564897,1.3121210132376637,1.322392369061562,1.3386749341150086,1.360565740691025,1.3870598360712163,1.417037220452471,2.897433370399103,90.0,0.7247258993716987,1.858421234592448
2021-11-05 07:00:00-07:00,676.6879666666666,29.42797333333333,0.3520755206849714,6.5,133.91827101399068,63.82056816914241,81.11717092330984,119.31808920953223,0.0,13.918627684742932,347.3306457410072,1.0,13.918627684742932,49.66115502121422,2.857142857142857,15.343824166666668,2.85692012,316.56970176406793,316.6397715027195,316.79378155985904,316.8564365126076,317.48132857375447,317.5129435490819,318.14806784942874,318.7502970026788,319.3118055570421,319.31255039052985,319.84292942001787,320.34830870168156,4.502940255377707,4.420718105642519,4.71163688234313,4.697001967658508,4.791995477117967,5.094322212876718,5.133851817794445,5.594103407325238,5.663343890257346,6.16593335379489,6.229266350368361,6.771056816303404,20.109553161381317,90.0,0.5780918655691156,1.9181059178982012
2021-11-05 08:00:00-07:00,884.5755833333334,42.08350166666666,0.3091647929289406,7.5,320.2595773872809,41.003482105262776,71.67093375145939,130.5512137427284,0.0,66.04037206212341,752.7551577345604,1.0,66.04037206212341,97.18178437093037,2.857142857142857,18.791549666666665,4.150701733333333,717.0968260441501,717.5465663511293,717.8814275083863,718.0750249027614,718.4368682782869,718.8657785395316,719.0315557672162,719.4282153366885,721.3058058582618,725.1894962950533,727.1408051744693,729.0663825851539,25.02799353284611,27.700561132593144,29.424038671143492,30.02979406589572,29.814097941066066,28.883618253968578,27.8708584366854,28.0312074070899,28.198744322482113,28.72479904224208,29.149936668106275,29.75745927348923,50.0,90.0,0.366977778440511,2.214355247456318
2021-11-05 09:00:00-07:00,961.4653666666668,49.384170000000005,0.3011138949039535,8.5,473.55446443022265,46.283925287742356,63.821403331335134,143.64649760860618,0.0,220.44908101906387,756.4026475288788,1.0,220.44908101906387,134.88735507248026,2.008980572055404,19.69979477777777,3.48953574,714.3381633275575,714.1605129283678,713.9862138399003,713.4933788241267,713.7613689856515,713.7022004882599,713.3412151134703,713.2290563202135,715.3076193131873,719.7252883765382,721.7897243661528,723.8302193233576,70.75005537221058,62.76780954740898,55.65895788621259,48.768712884094846,44.68720270635276,40.27119247114351,37.624213207551456,37.11874117657455,37.87065800459423,39.79110206635117,41.57379250652594,43.732850757007746,50.0,90.0,0.366977778440511,2.214355247456318
2021-11-05 10:00:00-07:00,999.7877333333332,53.47851666666667,0.2906931111275463,9.5,579.2315615666712,52.509724515380796,58.27352943549267,158.88428903709155,0.0,344.21203487818565,682.9130295489417,1.0,344.21203487818565,167.4349511891309,1.4477228777717852,20.274894055555556,2.053135565,648.6271329821367,648.7945471883744,648.4901729001124,648.969735069259,648.7029058128693,648.6937747642887,650.3148812256078,651.6482177381224,653.0237515865972,654.6182929234167,655.9185506465949,657.3195632795046,87.51361084575697,78.0229998127,71.13246425411562,64.83863333399158,61.12058516397147,57.66212469814591,56.907678320838066,58.17235852857799,59.55954162719212,61.43912283898078,64.51815972621424,67.67996281091415,30.229200435088806,90.0,0.49826982323840263,1.9931245283845491
2021-11-05 11:00:00-07:00,1014.6806666666668,54.878285,0.2872502500317318,10.5,625.9204564890202,55.53017632807247,55.751715167604075,175.8357984061297,0.0,406.59279430533604,631.4610604840407,1.0,406.59279430533604,181.13812689883133,1.0800082665943347,20.84859272222222,3.3182360833333333,608.4189282903225,608.418290281693,608.6497766573652,608.6493211654245,608.6140382160917,609.0021522050858,608.8033378089716,608.8029296366312,608.8025182965241,609.189770438294,608.9497048581367,608.9496188272302,95.87775685973311,88.43791333732014,81.44304850766424,76.31021310381026,72.66837087784842,70.63052847022965,70.17865907102275,71.44136436108272,74.33669194945978,78.37053719140091,83.75279062282496,89.65076301781524,6.0879445086080155,90.0,0.6969725738451222,1.862782576207644
2021-11-05 12:00:00-07:00,1009.6069,54.654785,0.290682226066789,11.5,609.3309292242878,54.44631088463954,56.67426794348986,193.1739339461281,0.0,384.69833558782784,652.4360630827276,1.0,384.69833558782784,178.57659449940743,1.2615725259187553,21.909956277777777,2.5611418766666665,623.4132111156155,623.3071693405828,623.3486996684474,623.3157387396473,624.3762607901822,625.3510995756039,625.2094683771284,626.1829924538611,626.895055112633,627.9122194589281,627.7779425842411,628.4301373581197,94.94068336377742,86.37470245067284,78.66812225912967,73.20673633912423,69.5796799677027,66.94953612452454,66.8034345504573,67.75428409580857,69.71552417556191,73.12728371424672,76.61779508820943,81.79915057597923,19.117202390427632,269.9999980909041,0.5862492029345473,1.912292230936939
2021-11-05 13:00:00-07:00,978.9197833333332,53.275780000000005,0.2968114340896403,12.5,529.6452751779033,49.61009629812149,60.88082913253989,209.32619063491862,0.0,285.5626924160656,720.9073713733119,1.0,285.5626924160656,152.7050163775519,1.7007374789878036,23.39614638888889,1.6332228016666666,690.1635593049309,688.4759850883253,686.8924124972532,684.909460014654,683.0964089452549,681.4263538053947,681.2844223851073,681.2734052612412,681.513667521359,681.6581566498339,681.6470323434803,681.8967397341675,53.406315037868154,50.621696083712784,48.61887220256372,46.95011511645899,46.5338502412733,47.79581895894608,48.98019565690665,51.833108830146934,57.6870807515642,64.02492025369895,71.72486775011001,80.52408915723592,41.32420948132582,270.0,0.4198404777275854,2.1061576646048126
2021-11-05 14:00:00-07:00,930.1783666666666,51.71948,0.2103066997952194,13.5,404.01890451178895,43.049837141150235,67.74409857317377,223.42005713687252,0.0,145.34395312373974,769.9194320681123,1.0,145.34395312373974,88.31808004630393,2.5458044029810356,23.1976435,2.8758555033333333,747.2944263909608,745.0422659196432,742.7492320810702,738.0257557387532,735.7960473710673,735.505675501421,735.4070097320971,734.8684663744427,734.310600431463,734.1824557775163,733.7150843554382,733.1947915701705,31.563365914815833,30.28535363218401,29.33850070738476,28.30216341207125,28.167655269204868,28.544737105634255,30.816275941985708,34.44852348876147,37.519088082919176,41.764805526712976,45.531921106152176,49.424544157043876,50.0,270.0,0.366977778440511,2.214355247456318
2021-11-05 15:00:00-07:00,811.5837666666666,47.01439333333334,0.1141023666795961,14.5,236.19111135738797,48.24184917589437,76.52060034145225,235.4578046075548,0.0,20.61379488947619,625.3795497187622,1.0,20.61379488947619,35.07300263412225,2.857142857142857,22.46859594444444,4.00903295,611.1927273480329,609.8020760651227,608.3839858388527,606.8272634589492,605.2931703592371,603.7340769585148,603.5668376492822,603.2147125538202,603.0388137812657,602.6557205696798,602.4691243067087,602.0789789349939,10.802085913300983,9.471286614283235,8.178620551256232,7.1560924466366815,5.897936778538332,4.673040019397048,3.4928868784037177,3.355222218230661,3.3350242834002697,3.216344029846824,3.1153606609030207,3.1350898875610347,36.744267357052784,270.0,0.4508777853338944,2.055829183995458
2021-11-05 16:00:00-07:00,275.2476447833333,17.21033033333333,0.1179290717351049,15.5,36.97518767999988,78.16087656358278,85.88218681530269,245.2523350351737,0.0,7.992559162205652,80.87739158019436,1.0,7.992559162205652,5.142427275089939,2.857142857142857,20.160099944444443,4.306427666666666,59.50255739084169,59.50295328606807,59.357600550105786,59.357592233072154,59.417236892571054,59.2719027246436,59.27190987251752,59.31725165307503,59.17190570601234,59.201339423325514,59.05599150477369,59.069710956163064,1.0293236675833362,1.010940825352139,0.9882251475763384,0.9731302806161665,0.962172064027595,0.9032686926768625,0.8989844053938967,0.891606857311472,0.8961283773399159,0.9048280882036552,0.9175546358452867,0.8962543593515733,8.51666709811411,270.0,0.6759514473139931,1.8681700327536173
2021-11-06 06:00:00-07:00,64.09884216666667,4.917547616666667,0.3934281252809776,5.5,6.2990712344095705,86.46948878376473,88.76500729835837,112.31740872465531,3.9778642443838935e-09,3.1473600341673227,8.862452041594729,1.0,3.1473600341673227,0.002306033997614515,2.857142857142857,5.934575927777777,1.866939336666667,5.85582308540426,5.855823143062138,5.856517449059739,5.856517449059739,5.856517449059739,5.856517449059739,5.856517449059739,5.856517449059739,5.856517449059739,5.856517449059739,5.856517449059739,5.856517449059739,1.0842878854562445,1.0610138963631022,1.0417065114042652,1.027095426172393,1.017722843198713,1.01388445354969,1.0156492513457778,1.0228595769120261,1.0351061095859317,1.0518040526612829,1.0737779249462154,1.0972149857595663,2.481681237742095,90.00000085377364,0.7283500166348876,1.8580807405148863
2021-11-06 07:00:00-07:00,98.21125866666668,38.02052166666667,0.2894552588867844,6.5,52.810194186015025,64.51604645629179,81.33885748031533,119.52165266893513,1.1311322817016372e-08,20.3828686249287,93.49470869779009,1.0,20.3828686249287,16.534605751078892,2.857142857142857,8.64319075,2.040040616666667,85.04059646216993,85.1550519713773,85.25295236938057,85.35974231067554,85.59537582807899,85.83119962789397,85.9094746486544,86.11075157756758,86.25665598127871,86.3010724812491,86.48966405821164,86.63624540899383,5.21050260424509,5.127791027179047,5.127962356660679,5.157967527782316,5.232965116374205,5.331237280438241,5.3801426975029365,5.506861895033125,5.671444141542962,5.813606387980148,5.9943842601963935,6.144072610623988,19.58661637999479,90.0000017075473,0.5823842464685198,1.9150070725171502
2021-11-06 08:00:00-07:00,802.1123833333334,46.390275,0.305844429343667,7.5,295.3906779672303,41.293893995473276,71.91480452988706,130.73366807737804,0.0,61.05002903725396,692.6573182831429,1.0,61.05002903725396,91.20851559671124,2.857142857142857,13.263078561111111,1.9866396766666667,657.6177661785481,658.0968462186166,658.4832483394027,658.7104092692406,659.099328255331,659.5657639267591,659.7452569116151,660.1724950202915,662.2367813387086,666.3879541078281,668.4367349998787,670.4811306476877,21.18816611277716,23.521799533303344,25.241206291487096,26.14363218236521,26.33845997024334,25.978747536861217,25.402413085407783,26.10987904018643,26.753870094694314,27.662811346434967,28.46317750587218,29.378192394047907,50.0,90.0,0.366977778440511,2.214355247456318
2021-11-06 09:00:00-07:00,991.5234333333334,52.440781666666666,0.3019731069459956,8.5,485.70244451144436,46.53682890751539,64.08956385542197,143.79371797934814,0.0,226.40901074439822,778.5999297814162,1.0,226.40901074439822,139.085675611501,2.0204552405445217,18.783290500000003,1.376534478333333,734.5248092405967,734.3878885577462,734.2512146948542,733.7757893211451,734.089105527997,734.0937662678359,733.7490220308946,733.6690007785783,735.8149759278463,740.4382417726254,742.6015122102797,744.7353485779266,75.06053008053796,67.06239899102388,59.7986458923052,52.55075950871688,48.17087561655205,43.314828603449804,40.339925513034494,39.63281258008365,40.173008780074916,41.97630030400737,43.64993730767068,45.744750558213674,50.0,90.0,0.366977778440511,2.214355247456318
2021-11-06 10:00:00-07:00,1024.5593166666667,62.289095,0.2916102705336087,9.5,596.6652367431236,52.78746633959582,58.56259070922522,158.9732376358461,0.0,354.9375574241021,704.4134874843787,1.0,354.9375574241021,173.84476114374098,1.451189343749394,19.776471277777777,2.4297324500000004,667.4606083190366,667.6869405753997,667.3908641818535,667.9388224782156,667.6791640506734,667.6948853154954,669.4994090131559,670.9517565055803,672.8268364675143,674.3627715943676,675.763058178673,677.3200634953641,90.60639837785656,80.86185595897838,72.7969848255309,66.55851026863746,62.84712605427335,60.1117570421275,59.420312958798895,60.853566523575864,62.283394376663,64.28028657012332,67.54391571495768,70.88123893593846,30.41093869366566,90.00000120741828,0.4969007886261696,1.9947258137075012
2021-11-06 11:00:00-07:00,1034.2484166666666,70.94246,0.2875665601344333,10.5,648.5340324967738,55.82712086907861,56.05028936380771,175.84380009715395,0.0,421.21396589373217,654.5288964747978,1.0,421.21396589373217,188.1614616808892,1.080756773268123,22.380446944444444,2.211755248333333,629.7029335153404,629.7022722383576,629.9765417161351,629.9760730436024,629.9395254071685,630.3941135917264,630.1635449610293,630.1631217150203,630.1626946480138,630.6164126438767,630.3371643636008,630.3370743053144,99.53811964201904,91.89732707733897,84.72058893813501,79.45813071834269,75.72760790955952,73.64672825539643,73.19148914418169,74.50111208124122,77.50169334293932,81.64485567254647,87.17311142426183,93.23124796368415,6.144424844313705,90.00000426886824,0.6964824955053213,1.8628876047802416
2021-11-06 12:00:00-07:00,1026.1025,59.498505,0.2909424603792029,11.5,618.8706985636688,54.739749944496374,56.96559045627969,193.09637694154725,0.0,390.7899031639983,663.0855243248114,1.0,390.7899031639983,181.82168841983275,1.262986499620189,23.44003722222222,2.4561924166666667,638.0156617883598,637.3217223585157,637.460976429804,636.3787410859684,635.6141454954815,634.584612482343,634.7269158334769,633.6866948758269,632.559691621787,632.5866283858004,632.5339070016391,632.6348341867574,83.45490128477962,78.15012291628909,74.62181523071632,71.12528123019244,69.1524559968656,67.72546733171572,68.29257212584741,70.93229478965567,74.57826406299809,80.09575799792738,87.91078915615685,96.56312355522661,19.211363394494025,270.0,0.5854730314208386,1.9128317291555785
2021-11-06 13:00:00-07:00,983.7713166666668,60.95412833333333,0.2968398113807652,12.5,535.6285517090475,49.882585192126164,61.150874639360865,209.18136626476107,0.0,289.48749066551534,729.8494195310183,1.0,289.48749066551534,155.76572144932942,1.7059522850643847,24.3739845,2.283982866666667,698.0266648324199,696.140837463979,694.3750049563034,692.426884910365,688.0208720790753,688.3065487086226,688.1265103438104,688.0819947746897,688.2530124169516,688.1051601244233,688.3101096228306,688.4967251404381,55.496443054894655,52.54407988215109,49.79709138561786,48.51101214148975,47.94231256763035,49.1749975939905,50.23945610810034,53.06248574244066,58.07414400726604,65.23058299529801,72.93860313801585,81.7612598839134,41.511994264885715,270.0,0.4186115901764961,2.1083258652559227
2021-11-06 14:00:00-07:00,918.0953666666668,52.591025,0.2067320404096617,13.5,396.70950169502976,43.331593812192196,67.98694837945857,223.23341812520084,0.0,139.54718010485126,758.7194616954117,1.0,139.54718010485126,86.11337849340117,2.562415416616607,24.0143615,2.7539155833333333,736.3787813611754,734.1048124112815,731.7901959517897,727.0225682423478,724.7621065689015,724.4556573022567,724.3359404271569,723.7955932661216,723.2329035461654,723.0914125585339,722.6112559546912,722.0860680802624,31.00434777739074,29.685964092138526,28.697651930587856,27.618560251023432,27.404036903797042,27.682993060914246,29.85627321398251,33.35626998769824,36.309729380524125,40.398963209991074,44.02290882904539,47.76225350936677,50.0,270.0,0.366977778440511,2.214355247456318
2021-11-06 15:00:00-07:00,775.5350333333333,41.87451166666666,0.1092500038248383,14.5,219.79541796200073,49.044167211530315,76.73725055650962,235.2476113559449,4.662936703425655e-16,19.73214457611843,580.6584749493148,1.0,19.73214457611843,32.179868873000586,2.857142857142857,22.938949666666662,1.9613605883333332,568.1727231714482,565.4365968764878,564.0096204956168,562.5544608342818,561.063818536302,559.5288999605015,559.371298606886,559.0404461194896,558.8737169903525,558.5236180113567,558.3473374844068,557.9680055083101,10.243161372572914,9.255952930214802,7.963879085998541,6.70676925419733,5.488364423845083,4.304370256169497,3.167015658125604,3.1459457616982007,3.021160877788309,2.9108581124528836,2.9152215877382206,2.8377028070261017,35.979606907342195,270.0,0.456251367805178,2.0479167056038174
2021-11-06 16:00:00-07:00,246.6645873333333,19.904737,0.154497778332931,15.5,36.774264930569075,78.73181600428542,86.07844877691117,245.02787481820823,2.1749762317738155e-08,9.121918756261612,75.80730824690615,1.0,9.121918756261612,6.34660252098551,2.857142857142857,19.339383666666667,1.1563832816666666,54.94877369259136,54.94876864055192,55.05479323063976,55.05405399663623,55.14601702228113,55.14601288340549,55.14600347439198,55.22439406273432,55.22438368790858,55.223798302754474,55.289233149039475,55.28924180459476,1.294329995993116,1.2691780267591617,1.2482337838095339,1.2699230113904205,1.269579020614848,1.2691796338344277,1.2754816527444512,1.2871129341059668,1.304477028437337,1.37091479351409,1.4024386170744463,1.4273387529918127,8.117048289181687,269.9999959054454,0.6794020969872661,1.8671611682410783
2021-11-07 06:00:00-07:00,80.54478211666667,5.0784307,0.4536013376269662,5.5,6.771256785514338,86.55736577388707,88.79571426476154,112.68821547317567,0.0,3.2502203447148803,9.91280027613846,1.0,3.2502203447148803,0.0022765163760001326,2.857142857142857,8.07491733888889,1.49070826,6.249900491852086,6.250617512848784,6.250617512848784,6.250617512848784,6.250617512848784,6.250617512848784,6.250617512848784,6.250617512848784,6.250617512848784,6.250617512848784,6.250617512848784,6.251003455202899,1.2933604112542507,1.2632628678172437,1.2402742797735609,1.2228713923408114,1.2117012413194161,1.2071200427162232,1.2092104602947638,1.2177884812939943,1.2323717096788895,1.2522639259606292,1.2765770230085765,1.3063816231546432,2.4263674919664227,90.0,0.7288322774221028,1.8580394039992596
2021-11-07 07:00:00-07:00,1.99974605,28.165450000000003,0.2530917543612394,6.5,28.458970076242725,65.20532848055763,81.55970806405853,119.71942392484738,0.0,18.454416526323968,27.68139765255924,1.0,18.454416526323968,7.030214496456165,2.857142857142857,10.987239666666666,1.4123133186666663,26.249553622942717,26.339580212039323,26.434869166752602,26.518316701846363,26.469388467042766,26.414619695632858,26.415370604646935,26.371763408180385,26.3223932056663,26.180063710496416,26.28446007421553,26.2414167575192,4.021877885714848,3.915639435924976,3.8675294750428817,3.8507665425390174,3.8225967192431223,3.8421454526306924,3.8865921446838754,3.9041784298241633,3.9682010192896464,3.997645393360891,4.0650190742264325,4.0966266946936205,19.06776949536973,90.0,0.5866568566943023,1.9120100251345424
2021-11-07 08:00:00-07:00,305.7352036666667,55.2201,0.2861179371767081,7.5,148.89907956214807,41.579324955181214,72.15725162766186,130.91000231241154,0.0,39.98319413502536,321.5065949779966,1.0,39.98319413502536,48.299540075891755,2.857142857142857,11.8083512,1.0596231233333333,300.5835140765183,301.09788136908344,301.57258982598745,301.80716502091207,302.27209806434934,302.7611206541599,302.96598499839877,303.43394880745035,304.8388076945964,307.6401655214756,309.00689766434976,310.3641417228017,12.830413866504587,13.794938658344488,14.579593616419652,15.084991893908455,15.344051410708865,15.399773126251223,15.360462846815409,16.188180869729855,16.992476137264838,17.910146668726384,18.77178726430091,19.679633036041057,50.0,90.0,0.366977778440511,2.214355247456318
2021-11-07 09:00:00-07:00,977.5918833333332,51.376981666666666,0.3018383158743399,8.5,474.4659482630489,46.78460271584355,64.35544533950662,143.9346967919629,0.0,221.20383559936218,764.1120567781691,1.0,221.20383559936218,135.97377535252696,2.032187964137912,19.74696088888889,1.00223861,720.6159210389892,720.4846054791462,720.3534970246105,719.8904462752338,720.198529903575,720.2052649896767,719.8697178481193,719.7937584850156,721.9145703570845,726.4787124429018,728.6153399007394,730.7228612992409,73.30375698348074,65.49713678245298,58.40758097575378,51.333530883008514,47.05924130733674,42.32011615733372,39.417271852628495,38.74896697473561,39.29859972039709,41.081680285231066,42.738486041014596,44.8067997435877,50.0,90.0,0.366977778440511,2.214355247456318
2021-11-07 10:00:00-07:00,1014.3831666666666,52.30558333333333,0.2912845330168074,9.5,577.051424983226,53.059565652263856,58.84832717383578,159.05645136526573,0.0,342.89336756189357,683.1004876160277,1.0,342.89336756189357,166.89072447049375,1.4547677761890068,22.087150666666663,1.51935258,647.746136298249,647.7334713528237,647.923354970412,647.9073972556903,647.7963113547255,647.7855925306874,649.387286335344,650.6642414924648,652.3434141994192,653.7006630498678,655.1744294610387,656.2932173507791,87.44487557116459,78.03509388657247,70.0640298842765,63.97726807291417,60.28666706526632,57.57228278818265,56.818256634524495,58.10621553169287,58.989590042697586,61.55531283232743,63.957864123323816,67.40346044994817,30.597599458742817,90.0,0.4954973237526526,1.9963795034086549
2021-11-07 11:00:00-07:00,1025.554666666667,54.02393833333333,0.2877514110969266,10.5,622.3837818499644,56.11929345947562,56.344540903299524,175.8474938749678,0.0,404.299738181459,628.0765404263009,1.0,404.299738181459,180.44046271306533,1.0815869960455393,22.55285994444444,1.8994978316666664,603.8938836139218,603.8932367674302,604.2775997431597,604.122557420171,604.0875411509751,604.4729064542377,604.2752961119155,604.274879790648,604.274460776533,604.6589986262437,604.4206145687251,604.4205274312835,95.48643614844131,88.06658657003088,81.10038863438176,75.99094414256926,72.36729651136818,70.34585827520603,69.8970714382925,71.16767799547657,74.05985043863429,78.30717186219482,83.42169620826323,89.2923847922944,6.2070628310782965,90.000004436338,0.6959390482333351,1.8630052137672886
2021-11-07 12:00:00-07:00,1013.495,54.371811666666666,0.2911218974083816,11.5,602.6182297093392,55.02942286460232,57.25191594581295,193.01646571140796,0.0,380.4750496754033,646.0795190536354,1.0,380.4750496754033,176.909937034535,1.2643130264510294,23.482793666666662,2.109281955,621.2937408726835,620.4263217679955,620.5580700830739,619.7057599018679,618.8200061625099,617.8549553254329,617.9953104358733,616.9613404857515,616.1593360384287,615.9868140948438,616.1623925512363,615.929297864549,81.0091149074401,76.24084228016476,72.49092281783344,69.35741899331903,66.87734652863526,65.80407016284514,66.38633544379651,68.94967775182596,72.68983099447476,77.92934530340966,85.5757728530885,93.08448142927735,19.299572267373943,270.0,0.5847463265467385,1.9133394381827373
2021-11-07 13:00:00-07:00,984.2937833333332,52.277855,0.2968941519128411,12.5,523.2156159916369,50.15216195928254,61.41562296238832,209.0358593621747,0.0,282.09433257824924,716.3114575790887,1.0,282.09433257824924,150.70966350245632,1.7110497461743899,23.77689205555556,2.209055173333333,685.1519572711035,683.1242716066881,681.4770966816385,679.8428315528196,676.2317764942973,675.9540628011231,676.0584330516369,675.8233385019828,676.2584572803872,676.1727308595903,676.4222410092541,676.677992801719,52.85744473601456,50.122660851188904,47.552455273724966,46.45944624590346,45.42870839663305,47.31502505628099,47.776089640684276,51.48467594931998,56.2834084593551,62.34382096387985,70.9897645408735,79.83099459019749,41.69418309546898,270.0,0.41742272528521945,2.110437141768214
2021-11-07 14:00:00-07:00,911.03885,49.88002,0.2036724906568075,13.5,387.850037236452,43.61047009907832,68.22441681856652,223.04713661011937,0.0,136.0560628868313,746.5424398729031,1.0,136.0560628868313,82.92874036711643,2.578819780489275,23.87583261111111,1.88616788,724.6736862543926,722.4732447915669,720.2334860836806,715.6209791727985,713.4334066016203,713.1453679180801,713.033131709787,712.5192235972862,711.983985781419,711.850928573297,711.39560434729,710.8968992479367,29.78567723331045,28.5085376481996,27.5504455173842,26.505496934524988,26.295242868173375,26.56183883075211,28.665166700415096,32.04975692023558,34.906729744527034,38.8595947701649,42.36302484307205,45.97683608749592,50.0,270.0,0.366977778440511,2.214355247456318
2021-11-07 15:00:00-07:00,780.9025666666668,44.14908833333333,0.107807896785148,14.5,220.4978635833658,49.81785946219775,76.9484946921803,235.03832025060754,1.052337248480866e-08,19.174029899076388,583.7464569429472,1.0,19.174029899076388,31.395920657431446,2.857142857142857,23.107073277777776,1.9551734066666664,560.933488162901,561.1064596974288,561.4556190410894,561.7900075837631,561.9498306472852,562.112840275478,562.4233645253264,563.850708501022,565.2436008913803,566.6092706211205,567.9322322410759,570.5386001321631,2.7382334491980296,2.7201806363535797,2.8103268284707448,2.818307872702153,2.935154225225814,3.977486438515804,4.148110672707341,5.098819063519708,6.227796163827968,7.394065924997244,8.596336782829056,9.83165328951124,35.25303219177304,269.9999987925817,0.4614057963435563,2.040531846646665
2021-11-07 16:00:00-07:00,238.64729855,16.612159000000002,0.1315519943053392,15.5,32.86332645705081,78.78081053878074,86.09530695065169,244.6394070133046,0.0,7.221570463826696,70.23436261790036,1.0,7.221570463826696,4.933938398294104,2.857142857142857,19.638845277777776,1.052778445,50.62425527160117,50.62424940356532,50.56488391211548,50.564881634629344,50.56528566423782,50.49416102745075,50.4941673458919,50.494170083825026,50.41073539028369,50.411233698168004,50.31504018965734,50.315050874077876,1.0024406361364278,0.9856459724804862,0.962571690998605,0.9070899215595538,0.8952110825552045,0.8873656644086183,0.8831167604269691,0.8832396487336938,0.850400882506542,0.8591930661725308,0.8731904045156405,0.89014361655163,8.107669976867012,270.0,0.6794831192359738,1.8671380702305673
2021-11-08 06:00:00-07:00,36.73045828333333,4.3241388333333335,0.3889545057755755,5.5,4.963037002253005,87.15135169229822,89.00333356829164,112.89169810743238,0.0,2.7668146382085217,6.148231323786297,1.0,2.7668146382085217,0.0013308970278799795,2.857142857142857,1.071798452111111,0.8973858349999999,4.554952513918641,4.554952513918641,4.554952513918641,4.554952513918641,4.554952513918641,4.555281132820709,4.555281132820709,4.555281132820709,4.555281132820709,4.555281132820709,4.555281132820709,4.555281132820709,0.9441814236512638,0.9237711883011016,0.9067042422845436,0.8936415651774839,0.8850770797714178,0.8813076078509043,0.882416210852201,0.8888337422497562,0.899490554313417,0.914067109096194,0.9319276416153406,0.9523251074045406,2.0104736210831846,90.0,0.7324589080327091,1.857758426420435
2021-11-08 07:00:00-07:00,574.6264666666667,33.34478333333333,0.3559852678987601,6.5,115.5054977762507,65.88826626617832,81.77961440449977,119.91134835301561,3.108624468950437e-16,15.566412598711633,289.1462414779306,1.0,15.566412598711633,43.50520675826591,2.857142857142857,3.438866504444445,0.812543701,259.30084447725,259.38151655550394,259.4472374340061,259.52186754391766,260.0398010750176,260.61077194328715,261.1526976204372,261.12597561130383,261.65363060701486,262.13282638753293,262.04592828658684,262.5745027103766,5.000466065038284,5.128791787916888,5.1532784881403035,5.11991060540516,5.33804610850937,5.4727250211829395,5.517556682569604,5.783356696539976,6.007999042594052,6.29291994710211,6.546522300340836,6.835754317940941,18.55311081140629,90.0,0.5909082116720814,1.9091137375761114
2021-11-08 08:00:00-07:00,804.1497333333333,51.29391,0.3063534656391924,7.5,294.4692971548011,41.85966928529029,72.39815218251405,131.08019036458347,0.0,57.775271035357676,703.149666867853,1.0,57.775271035357676,90.95398438075976,2.857142857142857,5.593339,1.7424854766666666,667.7901763595796,668.2463282699707,668.6216036653552,668.859243832738,669.2255849546464,669.6723397175274,669.846858182464,670.2530665908637,672.356326826146,676.5025098098532,678.5230838206758,680.5653796410187,18.788405421985566,20.97588726659016,22.70368076449477,23.838035932500212,24.275912159179565,24.271698238318628,23.964092175856397,24.93389889000897,25.7963217765386,26.84669264652326,27.753679145363048,28.759165044270915,50.0,90.0,0.366977778440511,2.214355247456318
2021-11-08 09:00:00-07:00,889.5676500000001,72.31900833333334,0.296094489476486,8.5,453.62050159218387,47.027149019189,64.61891644016,144.0694441373189,0.0,209.25978533355698,730.4420030924703,1.0,209.25978533355698,132.47235514448647,2.0441782098102803,5.9910171,2.131867166666667,684.3225673242698,684.3565514432324,684.3961929300793,684.056372062147,684.4796627616463,684.6517197426783,684.4117481375229,684.4774883033533,687.1313278169097,692.7090526745208,695.3452432338947,697.9444962075873,69.25431024758154,62.073106471846295,55.56644593786025,49.08193385821692,45.16272010286284,40.79713879556602,38.13643955787237,38.111972079015466,39.172148682276905,41.38648710520195,43.486425597080824,45.966877354034125,50.0,90.0,0.366977778440511,2.214355247456318
2021-11-08 10:00:00-07:00,782.0791833333333,143.26784833333335,0.2847493009336092,9.5,544.5392095545874,53.3258954309081,59.13060880534119,159.13397383445238,0.0,327.3018286126599,639.5674162248458,1.0,327.3018286126599,162.6702431279494,1.4584587208557778,6.162518633333334,2.1786293233333334,597.1764857530696,597.7686332091228,598.1530551853099,598.3890013350609,598.4012937659003,599.2982851470407,601.6957526521077,604.0569998763456,606.7392348623059,609.081200339702,611.4925637824749,613.5526764486374,82.04596556095316,74.18228584927206,67.44713178570831,62.505960597116314,60.16824265573942,58.143885472958004,58.719476943310816,59.997241284780614,61.53478685253795,64.803095722734,68.22726646525317,71.58834739522132,30.789118045353078,90.0,0.4940601415637192,1.9980857254836955
2021-11-08 11:00:00-07:00,704.7587666666666,152.36059166666666,0.2835001887428834,10.5,539.9639184796467,56.40656713902243,56.634349337811095,175.84693623220255,0.0,350.35674969234805,545.9000401588208,1.0,350.35674969234805,155.80355489231954,1.0825000657316792,7.451878672222222,2.14436407,522.7606464512324,522.7601237274615,523.389201249289,523.1544267409507,523.1558047795955,523.7542899321298,523.4458306515049,523.4454977760021,523.4451591890914,524.0743744575285,524.0741972401393,523.6963069307789,82.15680927437384,75.82740717822992,70.76924804142536,66.74706501604926,63.911968961145575,62.351164329872994,62.03933387812286,63.27944966665296,65.53210959184956,68.93951078493036,73.02882854397083,77.71442739892541,6.275933791257858,90.00000372151304,0.6953415982751578,1.8631358971654417
2021-11-08 12:00:00-07:00,482.04029333333335,205.62245,0.2801088352564858,11.5,464.387357082476,55.315223851664406,57.53313462084227,192.9342503131803,0.0,295.7128892167089,491.741216055605,1.0,295.7128892167089,136.55660933754592,1.2655492178326357,7.723176494444444,1.9977047666666663,461.9004969629633,462.352649466928,463.00600827520833,463.0471446230912,464.52534198061073,466.0681909376482,466.20243393314433,467.60685137802756,468.8336937555689,470.03564170542654,470.0624476186815,471.306878284224,70.61223404186718,65.71805675238878,61.642169072518975,58.33034549508249,56.914842954299296,55.529680897286134,55.6179154909484,56.73052007395939,58.59106859284653,61.081771700250265,63.79490952878358,67.16857369175148,19.3816610123192,269.9999980909041,0.584070393896957,1.913813930800642
2021-11-08 13:00:00-07:00,255.6029135,255.63125,0.2754988045235861,12.5,376.9078708873848,50.4187426012502,61.67497269508403,208.88971669879024,0.0,227.0311710093919,433.5211039848749,1.0,227.0311710093919,114.37352850439393,1.7160218077389788,7.831352249999999,1.898443331666667,411.95426442236925,409.76300082130643,408.9086519306461,408.05391954981206,407.13712351519956,405.2097861413886,404.0116717183994,401.8153377130406,400.99532896617643,398.76358025467584,396.55774589111974,395.70134980678233,57.77933876693083,56.15896577851048,55.017359164694504,54.22523291905118,53.35789163194143,53.130104299000855,53.536666684370005,53.92128094855488,54.80156154969457,56.22934076318898,58.386351519382146,62.4482576485771,41.870596894886965,270.0,0.41627474949507753,2.1124886899607302
2021-11-08 14:00:00-07:00,21.317972,194.57861666666668,0.2593459590060685,13.5,202.4067669750219,43.886321580689554,68.45641079807442,222.86126821876834,0.0,125.56190268904687,207.8211507747488,1.0,125.56190268904687,64.20703307325661,2.5949938060685733,7.2607578055555555,1.57528619,195.32602444158763,195.81522610874245,196.31009221267365,197.15556928821474,197.6824853666057,195.4852535865346,194.4917867199327,192.2293147401645,189.90206394960722,188.84901406035755,186.47639926342578,184.064714455951,40.04701257853677,40.58473626266369,41.12326563602598,41.515862632618415,42.07841029184621,42.67330784197105,41.92172184169337,41.38225021155591,40.740115097927145,40.454942119042826,40.133296580480675,40.033769832031695,50.0,270.0,0.366977778440511,2.214355247456318
2021-11-08 15:00:00-07:00,4.984022133333334,96.68778,0.2596468372253591,14.5,97.79586310554836,50.563681323217125,77.15424932340247,234.8300025849806,0.0,58.95924861441807,107.10569248399618,1.0,58.95924861441807,27.241839439380776,2.857142857142857,6.99299355,1.1372066618333332,101.3378187883365,101.56164529206737,102.40333572540027,102.63969626435068,102.88129558079987,102.59121665519862,102.15992705013889,101.73702470520755,100.77218579672552,100.2554070376273,99.23557042058431,98.7528988793741,15.017880309071012,15.095506678535564,15.184405282749387,15.502985035060677,15.536229150454272,15.522034260654449,15.078448175692953,15.46857094852069,15.083488046536926,14.780800593184201,14.86337486378523,14.769478973679625,34.56219032885735,270.0,0.4663497844564055,2.0336319459289927
2021-11-08 16:00:00-07:00,0.1401007833333333,17.43146075,0.2580074142450188,15.5,17.44054832234829,79.31978806599308,86.28092476888209,244.4175623509694,0.0,11.216408647034894,17.209339300132772,1.0,11.216408647034894,4.369194083044017,2.857142857142857,6.495833622222222,0.612569421,16.305490139757733,16.30547109889193,16.342431539473967,16.31177457779765,16.311785462722234,16.311795619249946,16.320609072411806,16.320610807912715,16.3575626883238,16.329432913346743,16.32943385217646,16.34124692789541,2.561933464871918,2.5130791366742393,2.465723270748841,2.422601848430953,2.3894110235652093,2.3654255489610687,2.3577270868733278,2.3587976698260875,2.37360464388446,2.404309334150457,2.444422328975968,2.4960845100486755,7.729273093903696,270.0,0.6827537635052212,1.86622824189634
2021-11-09 06:00:00-07:00,58.78879608333333,4.96903105,0.3808514075880607,5.5,5.960567447409011,87.23791574419042,89.03359911444353,113.2505934070889,0.0,3.1793565325694466,7.800546754787916,1.0,3.1793565325694466,0.0014455081501923992,2.857142857142857,-1.2596573198888887,0.6305406815,5.403723233865166,5.403723233865166,5.403723233865166,5.403723233865166,5.403723233865166,5.404100862241804,5.404100862241804,5.404100862241804,5.404100862241804,5.404100862241804,5.404065299493474,5.404065299493474,1.0622418463989265,1.0392839897063602,1.0202128050122639,1.005509985378842,0.9958646857633064,0.9916141790389097,0.9928541147092955,1.0000728821200657,1.0120655548642117,1.0284752940231248,1.0485881947378268,1.071563723681592,1.954560833137907,90.0,0.7329465470739651,1.8577246669075593
2021-11-09 07:00:00-07:00,555.0888666666667,35.38473666666666,0.3604279344425306,6.5,112.65286675668565,66.56471136708839,81.9984686810677,120.09737134473197,0.0,17.065854526223678,276.5316156920171,1.0,17.065854526223678,43.00654822100186,2.857142857142857,3.4924731026111107,0.3947769279999999,246.46398534613314,246.54076914120114,246.62456149520412,246.69527509781722,247.27336291083097,247.81965121196862,248.3262422205727,248.32675464575289,248.8022138575476,249.25549474647386,249.25580007267348,249.67933347521856,5.544309086032532,5.6445842399626605,5.591379404958358,5.5523930843260665,5.846115710083174,5.877336886038506,6.252060013129967,6.314607957230596,6.395703011899052,6.839807664438532,6.926825999447255,7.404009557192924,18.042742561260965,90.0,0.5951368025069743,1.9063171316552974
2021-11-09 08:00:00-07:00,816.1791,51.84901666666666,0.3123394154710867,7.5,295.41164083415356,42.13482143897745,72.63738412531352,131.24420602181067,0.0,55.61751997575201,710.6310244474364,1.0,55.61751997575201,92.773290563281,2.857142857142857,7.934808355555555,0.7303405973333333,674.5622675952751,675.0242166815742,675.4097005368337,675.6511204810458,676.0238799278364,676.4747725399003,676.6527868288603,677.063969149013,679.1918431425104,683.347025855652,685.3719687380823,687.4199165558524,17.990589177714693,20.063524069763233,21.755342933386995,22.928111855323166,23.45100463811733,23.558109583391836,23.355107446415985,24.448636936434582,25.411443509099062,26.53335029984356,27.50954651758146,28.584065859529723,50.0,90.0,0.366977778440511,2.214355247456318
2021-11-09 09:00:00-07:00,805.2523166666667,102.556045,0.3017249692495981,8.5,444.40008279003223,47.26436996779657,64.87984692213884,144.19796924383184,0.0,209.50000657464827,706.6275076735591,1.0,209.50000657464827,136.4448342175367,2.056425077309019,8.617292344444445,1.5453674833333333,657.219512924835,657.5244989070288,657.831015729506,657.6244663443031,658.2906247976928,658.7096549765592,658.5916079308282,658.90597217341,661.8578090533961,668.0229476105674,670.9398488950321,673.8153597716122,70.53367990667287,63.74582781695538,57.63038344848531,51.53702174875211,47.921734702336096,43.873821525466425,41.45903677602686,41.802666148839,43.18498785909491,45.6872613708164,48.06815967354167,50.81486873580221,50.0,90.0,0.366977778440511,2.214355247456318
2021-11-09 10:00:00-07:00,539.2668333333334,204.68761666666663,0.2877850015037916,9.5,479.1213688047188,53.58633155920322,59.409306735604154,159.20584663577745,0.0,292.4633041935913,548.3141045511633,1.0,292.4633041935913,146.6844397176073,1.462262498035388,10.152877233333331,1.6003249833333333,507.97611979153646,509.23984106930334,509.5208544631107,510.7144265931229,511.30687670572263,511.75804506699507,514.4220475527674,516.6902252899911,518.7345729257141,520.7174340948527,522.7701591260463,524.5199824069982,74.53931496367838,68.52971502591649,63.2946349928936,59.70125692473685,58.359969136360526,56.660866978321565,56.96602575456723,59.015948123929626,59.967745494790904,62.49818903084485,65.67167589382376,68.83290277822323,30.985422101552366,90.0,0.4925900164141634,1.9998445418515245
2021-11-09 11:00:00-07:00,282.2726083333334,274.26230000000004,0.280262449677627,10.5,428.3310453515419,56.688814557685745,56.91959504525871,175.84218107068318,0.0,277.0294056688522,430.87299581462867,1.0,277.0294056688522,121.42145028889938,1.0834970678936469,10.640035283333331,1.7769081433333334,410.77727775932493,410.8322071927243,411.083961672683,411.08828017942426,411.0891322268693,411.3167853895219,411.31679144198375,411.2729100017286,411.27269436369284,411.5245429101834,411.5244398506285,411.4357129114473,65.2845275527095,61.413757564945335,58.36343939846664,55.969484334216375,54.31976644210623,53.380512644002685,53.37127478502626,54.24000739583302,55.71924857611406,57.90215214188875,60.48917400262588,63.6110515179271,6.351110306454539,90.00000435340849,0.6946895383227222,1.863280184880645
2021-11-09 12:00:00-07:00,97.5923494,223.33808333333332,0.2691657633485445,11.5,275.3295608498981,55.5970482203172,57.80913709343721,192.8497787651526,0.0,178.11563887326466,275.84198019621215,1.0,178.11563887326466,75.10944603694509,1.2666920394478478,10.971049333333331,1.53293505,259.96890255149583,260.63812664338684,261.1746708624162,261.8088791183251,261.9123878946123,262.09713451836296,262.59802055354896,262.7675426785735,262.3690122175615,262.45936036813487,263.010362248303,262.6192939697727,41.14724508184927,39.4912107016776,37.84240640460338,36.994158704552824,36.37510890453755,36.12324021177002,36.514744828129096,36.795334014055854,37.77531217164478,38.45782469551905,39.701299955635825,40.67651512047619,19.457458411883454,269.9999985212207,0.5834465676660413,1.9142537773932242
2021-11-09 13:00:00-07:00,9.4274398,199.0434,0.2642811794536141,12.5,203.47965213668522,50.68224342852245,61.928822597518156,208.7429838312192,0.0,134.35179777647056,188.16929387848253,1.0,134.35179777647056,61.60509326580685,1.7208601807165689,11.422972555555557,0.7007713558333334,176.6863659979335,177.1393735096261,177.45200460111474,177.94439014622722,178.80840301532166,177.8814465765379,176.9275032166764,174.55798888023034,172.34821877377126,171.29267644260955,169.00362498110294,166.65694790802803,37.430738011917896,37.70065048392161,37.95484293635503,38.10640137097305,38.36928199698077,38.30881707291939,38.42307746942255,37.51212241004305,36.97001593314287,36.43822624818356,36.86704262876657,36.856127628739955,42.0410524210907,270.0,0.41516855111984446,2.114477654401229
2021-11-09 14:00:00-07:00,156.24611433333334,200.52846666666667,0.2414509945535002,13.5,257.32866310780287,44.15900625285494,68.68283733751916,222.67586787917875,0.0,135.74134959409412,347.67984665293864,1.0,135.74134959409412,77.3274424093054,2.6109128344838575,11.974856777777775,1.1817475983333334,331.34316178607435,330.5309772541435,329.70360506021086,327.8728422055028,327.05671537547533,325.1268879328301,324.24898387062,322.2051692820612,320.10123963144434,319.1693735956439,317.04608970956383,314.87995765430225,43.29770975600889,42.79580117209899,42.386397057426926,41.85344471706423,41.67974005984293,41.67072076720296,41.57577517801928,41.98887815760423,42.186714612863526,42.949442103978186,43.570408171875386,44.394210112869665,50.0,270.0,0.366977778440511,2.214355247456318
2021-11-09 15:00:00-07:00,105.43092028333334,107.27990666666666,0.2413057128370238,14.5,130.36077455402736,51.2822935524742,77.35443120452875,234.62272923979714,0.0,57.38381182369273,208.78479098169316,1.0,57.38381182369273,35.92493449762467,2.857142857142857,11.691837166666666,1.3099469033333333,200.61701333743747,200.24940335864136,199.91825589698686,199.55166504128678,198.75869008577078,198.3798227722359,197.9150356760503,197.5051625915064,196.58020964029862,196.14375807169262,195.1665622257167,194.63474503044415,16.36056357475931,16.27268064491895,15.857917261159436,15.41146664751194,14.971338031169946,14.515140383877567,14.38277993725389,14.008442873157193,13.682542324045889,13.671675907606446,13.476073167596587,13.647662747213195,33.905066419823655,270.0,0.471090749388818,2.0271798942981074
2021-11-09 16:00:00-07:00,0.3269592166666666,14.616130716666667,0.2600697891660169,15.5,14.637299167935646,79.33996730693636,86.28788000219511,244.03204064331936,5.440092820663264e-16,9.405001014628889,14.464597531882447,1.0,9.405001014628889,3.6931863223102863,2.857142857142857,9.816379261111113,0.6238768116666666,13.694237175054866,13.694221030748427,13.725951263235714,13.699863686238684,13.699872929824819,13.700924877852307,13.707708655083108,13.707710284343507,13.739433646926162,13.71561009489095,13.715610721887506,13.726106273837642,2.1644748958387883,2.1234522503566473,2.0834457418323944,2.047008771850233,2.0189617043334893,1.9986912224035192,1.9889061002588915,1.9932729030139023,2.005795521479758,2.031753417314896,2.065655684359463,2.109320757059798,7.740055644847604,270.0,0.682660524082588,1.8662535697183371
2021-11-10 06:00:00-07:00,0.1787456833333333,2.715353816666666,0.2402546576255359,5.5,2.7177252227645767,87.82765383311033,89.23983872210427,113.44230038294337,1.1881387488141534e-08,1.7370199767569425,2.7216393194239106,1.0,1.7370199767569425,0.0004899403694352955,2.857142857142857,9.664684611111111,6.916191066666666,2.568431578686711,2.568419322080946,2.568419322080946,2.568419322080946,2.568419322080946,2.568419322080946,2.568419322080946,2.568419322080946,2.568419322080946,2.568419322080946,2.568419322080946,2.568419322080946,0.3661411505969759,0.358246458560205,0.3516278625403548,0.3465470186583952,0.34320075200348266,0.341712029553876,0.3421202232260789,0.3443872820610668,0.3483979338541893,0.3539667217058461,0.3608488547339537,0.3688301100119989,1.5393078109208758,90.00000241483653,0.7365686211381733,1.8575037261323308
2021-11-10 07:00:00-07:00,1.0367107,40.95882833333334,0.2648750051785699,6.5,41.099236322784805,67.23451902032714,82.21616541610554,120.27743840950917,0.0,26.065512514333776,41.75294919397536,1.0,26.065512514333776,10.621726498523264,2.857142857142857,8.432791805555556,4.324597066666667,39.45315262761633,39.58300715868766,39.69293098813835,39.810997027006884,39.75633199148826,39.5688257154188,39.51700126118248,39.63402534419481,39.588410327181116,39.412409556401755,39.535684425885506,39.36110402848888,5.863650590815576,5.760739528390617,5.716023035430822,5.622099007585086,5.616702792975376,5.671800321643429,5.662408739180785,5.765709100531976,5.856762242176785,5.894208808975923,6.017232038434688,6.055786975065608,17.536766362627084,90.0,0.599341133962851,1.9036190638699249
2021-11-10 08:00:00-07:00,575.0784274,70.64026666666668,0.29887500825746,7.5,239.9779802428999,42.404677206947504,72.87482806481681,131.4020228184225,0.0,53.06494360422822,554.1097151980687,1.0,53.06494360422822,78.24575085883241,2.857142857142857,9.792332427777778,4.883504416666667,520.6761459649065,521.2996860052187,521.8699142019807,522.1722660099771,522.724941893849,523.3227191768422,523.573539012678,524.1388150671291,526.4114971358656,530.8465848638652,533.0004518894492,535.1601858104478,16.570856744961542,18.00700969182177,19.244349330542242,20.17519871696529,20.71702444299307,20.984114653737898,21.042354972272854,22.54771728273892,23.958241959431433,25.484918971498967,26.91371294835124,28.40044251446733,50.0,90.0,0.366977778440511,2.214355247456318
2021-11-10 09:00:00-07:00,629.1377350333333,65.91013666666667,0.2869059360388248,8.5,330.42003245866476,47.49616826281736,65.13810948934628,144.32028005035215,0.0,154.02064364213783,534.8273157023573,1.0,154.02064364213783,98.48267573201554,2.068927401980439,10.698235222222223,5.1636349500000005,497.0195909700955,497.1579172053113,497.29847065993033,497.1145024887286,497.5173403723401,497.74364869443855,497.62582149441397,497.776859554393,500.3424221436293,505.6378197089213,508.1610925211977,510.6483070247575,49.486319271016576,44.554134822211694,40.0979044734439,35.65807244548551,33.00048822704708,30.033031157477485,28.245232809927902,28.846728409031183,30.208560124311987,32.383100146326846,34.48457100155414,36.85927726430097,50.0,90.0,0.366977778440511,2.214355247456318
2021-11-10 10:00:00-07:00,999.7159,61.46346166666667,0.2919137594579918,9.5,566.0843237031253,53.84075081070595,59.684294962370274,159.27210855865724,0.0,336.9125083041605,673.9653876918165,1.0,336.9125083041605,165.4160186740261,1.4661794063042684,12.129879277777778,6.849764616666667,635.9093669809614,636.1439376395197,635.8225926374818,636.0601055206203,636.1655798559804,636.1469480410916,637.694254669247,639.54422502739,641.1804333678455,643.0250921742467,644.4324254739266,646.0374912696776,85.32272532682218,76.13251075825377,69.46459937505692,62.622737810728125,59.4975877129323,56.76183851198029,56.57273361414262,58.14247879861245,59.17687047514491,61.45495716874979,64.66270613621782,67.89989967869353,31.186433956455645,90.0,0.4910877657800992,2.001655966603302
2021-11-10 11:00:00-07:00,1030.9981833333334,59.61413,0.2881856551523271,10.5,618.1118794016074,56.965910202801425,57.20016074229333,175.83327853074832,0.0,401.5003088061607,624.2263849021092,1.0,401.5003088061607,179.6585451435153,1.0845789012595475,12.335781111111112,8.259511016666668,598.2214833187011,598.1052912788632,598.5171549439743,598.5170212769553,598.3541234029778,598.7677988149004,598.7301375713106,598.5185902867211,598.5181580199519,598.5177279872129,598.9300378439832,598.9297847711771,94.38019620677397,87.07462132416838,80.74472376247715,75.69250790832815,72.1250731509788,69.96860045563362,69.8178019647209,71.10268641491926,74.01991704353824,78.06572427573157,83.12356128704506,89.26918697595873,6.432664008335007,90.0,0.6939822721605562,1.8634386472942603
2021-11-10 12:00:00-07:00,1016.4021166666666,59.48911333333333,0.291379520900854,11.5,596.8989064295531,55.87479047692659,58.079815625669674,192.76309553910247,0.0,376.96783303569043,641.0160415299292,1.0,376.96783303569043,175.86457559292248,1.2677385584977499,11.850412166666668,9.48424505,608.721747369154,608.8462863873416,608.6953557950263,608.8798510291942,609.8663132822708,610.9809037502675,610.8488288705134,611.8700271430096,612.9334405786057,613.7478360930406,613.6115481536817,614.6934486122325,92.46693038150003,84.54152757688131,77.44976405687628,71.60054144809747,68.66162045028321,66.19213442525262,65.60551805563964,66.75115111964668,68.94602340805702,72.14340853846814,75.93850102339601,80.78185146559734,19.52678895461742,269.99999914622634,0.5828762200457884,1.9146575422995622
2021-11-10 13:00:00-07:00,959.6872833333332,66.03716833333334,0.2950686431631615,12.5,513.9621642119357,50.942582782327015,62.17707254788491,208.5957034003051,0.0,278.5802779031087,706.3222093136508,1.0,278.5802779031087,150.0672773995694,1.7255563405365213,11.754889,6.437200566666666,673.8430760586998,671.7541656526367,669.4634436040573,667.4929901804685,662.9866667738589,663.2458488637799,663.0838632556819,663.0083910801151,663.081846799138,663.1556356134985,663.1151847343986,663.2513320383442,54.842973748708864,51.78692703611572,49.31097247320451,47.30995016915641,46.481981248068934,45.796952147056835,48.34866336645,50.85940283778191,56.18572402175819,61.91753503682532,69.29057260751466,77.61720001541357,42.2053619198694,270.0,0.4141050433932243,2.116401125832592
2021-11-10 14:00:00-07:00,891.7605333333333,60.25798666666666,0.1971727364813074,13.5,381.23659570082594,44.428386219645205,68.90360424565321,222.49098806286213,0.0,129.83789409214384,736.7410653615344,1.0,129.83789409214384,82.27651817805183,2.6265512585432114,11.875376444444443,5.377688533333333,714.5356171327059,712.0970468187228,709.6164552004506,704.5034921996503,702.0507950990251,701.6534965500497,701.4652665285662,700.8614082538182,700.2270230559398,700.0302528128369,699.4618487497792,698.861884840377,31.11617795835661,29.584021796489033,28.344943611212376,27.032244203661772,26.508073574225573,26.433273306421263,28.305323490906716,31.417609031362968,34.04927019548868,37.669311982400366,40.88550551383383,44.19061217483792,50.0,270.0,0.366977778440511,2.214355247456318
2021-11-10 15:00:00-07:00,743.2166166666667,45.59639,0.1122989841723166,14.5,205.83784351033324,51.97427951488497,77.54895772149462,234.41656892919812,0.0,20.404682679421605,537.7104602567096,1.0,20.404682679421605,30.493407979522903,2.857142857142857,11.100096666666667,4.952676633333334,523.1856227998211,521.9721458074782,520.7144505039587,518.1872735397187,516.8565256235473,515.4978450662594,515.3462525532034,515.024584494681,514.8520662807778,514.6870593731197,514.3352778162212,513.9701235655235,9.437247684068375,8.272186247132247,7.1430832392593215,6.0523876391639355,5.1772079126673765,4.9600507987316265,3.950463681372286,2.986446019652267,2.969219900954632,2.864539758069452,2.871109550593483,2.801815016338955,33.27992712010341,270.0,0.4756350153189599,2.0211432035999324
2021-11-10 16:00:00-07:00,191.71201586666663,17.743894666666666,0.1537857590889708,15.5,29.572656353600685,79.84639978993036,86.46256454656998,243.8131468878964,0.0,8.060348866315003,57.35538413845156,1.0,8.060348866315003,5.0994947593613436,2.857142857142857,9.721765838888889,3.683423505,40.66380439158955,40.72135145671508,40.61538102918074,40.61538521255733,40.61538910282029,40.661776174719236,40.55580946877605,40.55633964082067,40.59089470077742,40.484915013573676,40.507137774535416,40.40117466058559,1.214332394585954,1.192041441745165,1.1676018527263012,1.1499653871120326,1.1347803413532922,1.0896770991341558,1.0847912878410975,1.0856985041951186,1.092159362037481,1.101835856038583,1.119040841634672,1.1431314938875348,7.383409276195697,270.0,0.6857457799262312,1.8654344419265465
2021-11-11 06:00:00-07:00,50.666640066666666,4.126701616666667,0.4301691130164506,5.5,4.772884836050096,87.91174096038631,89.26925142529433,113.78897703324384,9.784880879565958e-08,2.639796265875227,5.972247913713439,1.0,2.639796265875227,0.0006917045106029848,2.857142857142857,4.156555466666666,4.799643716666667,4.262319421410761,4.26231984529998,4.26231984529998,4.26231984529998,4.26231984529998,4.26231984529998,4.26231984529998,4.26231984529998,4.26231984529998,4.26231984529998,4.26231984529998,4.26231984529998,0.9962675436403499,0.9747923775720797,0.9567832174179389,0.9429531470267281,0.9338398284129729,0.929780497754231,0.930883578379755,0.9370493107045331,0.9479644637752134,0.9631265307687328,0.9818696964598458,1.0034141356118675,1.4836278203855084,90.0000195624118,0.7370543516390444,1.8574780929573538
2021-11-11 07:00:00-07:00,579.8730333333333,30.84473833333333,0.3481040554448306,6.5,107.20957562116406,67.89755211527896,82.43260281040413,120.45149564006317,8.243219017151622e-09,14.431472014781178,268.0436823016312,1.0,14.431472014781178,39.421147187900615,2.857142857142857,5.617433388888888,1.6552736033333333,235.91304135629525,235.9726389026813,236.03691416335738,236.53307910447336,236.5334138561619,237.00854574047867,237.44751686242748,237.44810451988462,237.86655155427832,238.2489991705033,238.248547084464,238.60987416527945,4.702141524276909,4.612523703157623,4.565977922036365,4.779559782946065,4.773293760133372,4.798362427550686,5.1083642475345465,5.160495500483195,5.228308916779813,5.603306725261449,5.676436123519615,6.079621267258718,17.035280274100533,90.00000120741828,0.6035197497238416,1.901018312370506
2021-11-11 08:00:00-07:00,827.1511166666667,48.88153166666667,0.305441105011311,7.5,289.19294922688107,42.66913487784647,73.1103686414812,131.5536143389794,0.0,53.595895723091594,702.2681204891578,1.0,53.595895723091594,90.05544550759325,2.857142857142857,7.709079355555556,2.0493736383333334,666.1115493566234,666.5979374642628,667.0340584611184,667.2917841767463,667.6964982645446,668.1697681099707,668.3679016926689,668.8045298344343,671.0075772233232,675.234856121201,677.2680721299386,679.3450283203873,16.187401179789834,17.98182550333133,19.505105744945165,20.698172186479567,21.371099793293908,21.703391584171115,21.76191770432326,23.158664406618183,24.38515491994065,25.721208803033466,26.915420565651264,28.16250300301961,50.0,90.0,0.366977778440511,2.214355247456318
2021-11-11 09:00:00-07:00,926.7341833333334,59.19040666666667,0.2995626628334015,8.5,445.0664432928007,47.72244804027509,65.39358113645679,144.43638331016086,0.0,201.14457408067108,726.293946523869,1.0,201.14457408067108,129.89262483573174,2.081683819215322,9.453294583333332,3.2383331766666665,681.0013518791404,681.046706854454,681.1034788594498,680.7887563065196,681.2095622536893,681.4083848776776,681.1797675185335,681.2451981302928,683.6298392926905,688.669886426435,691.0494187587344,693.3932751286499,68.47280125148605,61.29999883029114,54.824337339978555,48.33200046797957,44.38722199545595,39.98676060745087,37.2981529216748,37.072991673751375,37.85415004051852,39.7780582085226,41.585325147982424,43.780111307432705,50.0,90.0,0.366977778440511,2.214355247456318
2021-11-11 10:00:00-07:00,972.1112666666668,63.10171,0.2919651954222115,9.5,549.8117653930798,54.08903250075799,59.95545166402683,159.3327954658041,0.0,327.4085836249321,655.9512457065634,1.0,327.4085836249321,161.21022148623604,1.470209713410208,10.38835892222222,3.7581380166666665,617.7644704288464,617.793880052414,617.7224281144287,618.0893673853953,618.0922880462517,618.0755411383703,618.1949723212977,621.5616249211112,623.2333902214903,625.1147386260355,626.5365766578605,628.1709894733801,83.00002857254722,74.10666073477707,66.7333831498275,61.03120739372095,58.09112972021303,55.599248532524676,55.343002222268424,55.78641693414835,57.77802895583595,60.16790749328214,63.007343064034416,66.52687505098264,31.39207192979308,90.0,0.4895542398815478,2.003519975452537
2021-11-11 11:00:00-07:00,968.318,64.39353333333334,0.2884178418904101,10.5,585.013414926471,57.23772889090835,57.475932722250235,175.8202746043321,0.0,379.9654518645434,591.0914676739178,1.0,379.9654518645434,170.40894776259816,1.0857468099001464,11.152815666666667,4.779957583333333,565.6784529863319,565.5576995028684,565.9898008916889,565.9898217342084,565.819642413085,565.8208041673959,566.2176158351905,566.2172041474289,565.9960566985833,565.9956618228595,566.4282085547553,566.4279257529078,89.44992474150929,82.57009389520549,76.61729162359084,71.8662269751939,68.25485651678291,66.4962694479317,66.37559831227237,67.59622524726936,70.34429885333044,74.15697266592392,78.91467812894274,84.7000925733673,6.520666221390312,90.0,0.6932192092935414,1.8636118977726936
2021-11-11 12:00:00-07:00,955.6740833333332,74.702725,0.2921637245821494,11.5,576.2426765161159,56.14834837343039,58.345065244196924,192.67424089734226,0.0,364.20889800886795,619.1151064985191,1.0,364.20889800886795,171.53056342293127,1.26868573792789,11.8024345,5.1505381833333335,592.985807015833,591.7583944313749,590.6600647174956,590.9401456832873,589.7283247616732,588.7387919534171,588.6685746011588,587.3792338759105,586.2062344044915,585.9922804674711,586.0971125898176,585.9381060386925,79.42756913416213,74.72117918509815,71.01263651048718,67.86231622729788,65.70410777780859,64.49447448821114,65.24688611386051,67.31195832567455,70.01092182305625,75.52767886833487,82.1935564976623,89.74022075240443,19.589472794387294,270.0,0.5823607621354011,1.9150237862644963
2021-11-11 13:00:00-07:00,960.5819166666666,83.655515,0.2960903759360775,12.5,528.3977116284049,51.19968163378382,62.41962449836812,208.44791426374292,0.0,281.97984844041065,728.2133023243107,1.0,281.97984844041065,156.52063581046775,1.73010157660641,12.138471,6.962050916666667,681.3326280031722,681.2451699589578,681.0123052129803,681.2862785972649,681.2639994204064,681.3705056968753,681.579424460846,681.3376219107694,686.3446264082229,689.1859396448983,691.4615185585151,693.8725701352938,79.9908534087025,71.35326747525988,63.90737816539836,56.89141311969686,52.304394194709154,49.68501677674785,46.963519060376925,47.81300518109885,48.816245771280954,50.472473388178685,53.84904173656792,57.162607523011445,42.363333545919375,269.99999914622634,0.4130851626062398,2.1182561477105217
2021-11-11 14:00:00-07:00,890.1037833333334,81.74444333333332,0.2002759529405188,13.5,399.00802237170467,44.69432886827553,69.11862091444198,222.3066778135014,0.0,143.39364464040122,763.4493036317443,1.0,143.39364464040122,89.66421611960865,2.64188259548177,12.43719838888889,5.118359183333333,739.6086663570056,736.8846039071888,734.1137141658251,728.4155995719744,725.6616518732758,725.1009909692319,724.8388623513972,724.0607484423872,723.2503976428956,722.9746943949381,722.2316505638559,721.448571733753,36.20335588426975,34.49142190851899,33.07896145754805,31.582576891313,30.92871641588329,30.72347440894031,32.626074062715595,35.7999142369253,38.43584646960821,42.05021320903465,45.208844347623355,48.43551553306734,50.0,270.0,0.366977778440511,2.214355247456318
2021-11-11 15:00:00-07:00,725.37685,80.84840000000001,0.1421633006691816,14.5,234.90875476820162,52.64015385403431,77.73774754548474,234.211587186047,0.0,41.29883548550678,560.4001313528227,1.0,41.29883548550678,41.71635506127704,2.857142857142857,11.926117444444444,7.196320533333333,543.304213437109,542.0756066534668,540.8268788045011,539.5202880384718,537.0914698059511,535.7270561068678,535.0876868208428,534.7790144492991,534.4603462300989,533.7831803356642,533.4206231027358,532.6983912788938,13.40950961548534,12.218322015655694,11.42066249914499,10.253886722986154,9.117034909556713,8.758099603170955,7.962431092262591,6.939781697281815,6.708902842305979,6.696552956964869,6.533279605315052,6.601170636069274,32.685274658172446,270.0,0.4799879852140617,2.0154932581499314
2021-11-11 16:00:00-07:00,39.86695601666666,18.823276,0.2109666776887998,15.5,21.165752773059335,80.3355272309376,86.63151156511374,243.5957419506385,0.0,11.017898318037796,27.03689517627209,1.0,11.017898318037796,4.521462905371355,2.857142857142857,10.550980894444445,3.9910427833333335,22.38654699666698,22.386543897522273,22.377321280376226,22.37732835133756,22.3773355986486,22.377342223620833,22.36508987720414,22.365085714492988,22.365074694718277,22.351357650137544,22.351366676791073,22.334152320235564,2.0938788278855576,2.0491501813139044,2.010724187667129,1.9687741267876502,1.9423514738651475,1.9238620619321025,1.9154005761172321,1.9172395203646213,1.9294471375839337,1.951876668456231,1.9824440060248034,2.02455335169413,7.038506007120903,270.0,0.6887318184843986,1.8646788327394104
2021-11-12 06:00:00-07:00,53.70536898333333,3.8324766,0.488197142066411,5.5,4.490168555458295,87.99484439286641,89.29832126765474,114.12941739793439,7.538414337204755e-15,2.4515237217156582,5.711001123446822,1.0,2.4515237217156582,0.00059540238932143,2.857142857142857,-1.672729438333333,0.9539602571666668,3.9775827287754932,3.9775827287755257,3.9775827287755257,3.9775827287755257,3.9775827287755257,3.9775827287755257,3.9775827287755257,3.9775827287755257,3.9775827287755257,3.9775827287755257,3.9776952877249228,3.9776952877249228,1.0519232844749318,1.0290462029721712,1.008420157320043,0.9938387686195496,0.9842251901700679,0.9799379322907313,0.981092782535086,0.9875878868383795,0.9990943551532819,1.0150842943116238,1.0348567353265026,1.0575877885931306,1.4283376955004783,90.0,0.7375366932029195,1.8574535734478046
2021-11-12 07:00:00-07:00,562.0109333333334,29.3622,0.3480357034766986,6.5,101.2828819447695,68.55368336660912,82.64768323657626,120.61949023671552,2.3314683517128283e-16,13.637628469898898,253.15591808359582,1.0,13.637628469898898,37.2449033074215,2.857142857142857,-0.4464733284277777,0.8729789343333334,221.1292378060487,221.19434447967606,221.24728087117774,221.73430233465237,221.7653665500483,222.18946118886964,222.6177673457085,223.0221865232852,222.96354807280417,223.39218671229852,223.3116811738961,223.73459343377684,4.386124769470973,4.38194173104558,4.3249420280976025,4.4470393719981445,4.53289790261148,4.5493011036369175,4.731244162486211,4.901322121004937,4.9604632020399775,5.174598833033149,5.392416741013478,5.606073782939428,16.538377993385122,90.0,0.6076712400872083,1.898513577177579
2021-11-12 08:00:00-07:00,816.5593,45.40893833333334,0.3043201657884975,7.5,279.4565829486249,42.92809596805106,73.34389504798756,131.6989546768724,0.0,48.5658292193614,686.6471433871567,1.0,48.5658292193614,86.47896847232859,2.857142857142857,1.1229680816666667,1.324090545,651.6714472103671,652.1209916171688,652.5276414607345,652.7691663507036,653.1424419115675,653.579010032042,653.7641752464141,654.1668061234235,656.2980332277591,660.348652749495,662.2991374761367,664.2922627894076,14.387079857936254,15.970749792695035,17.33440981208877,18.43441261086012,19.09040020909825,19.456068606815485,19.580597918779823,21.0044478951239,22.26415513957185,23.62173164394186,24.8362491009895,26.091399825360003,50.0,90.0,0.366977778440511,2.214355247456318
2021-11-12 09:00:00-07:00,914.0487,53.63384333333333,0.2972426800538977,8.5,430.5608994292987,47.94311556846659,65.64614369318706,144.54628499947788,0.0,193.96587496828275,707.5649300173978,1.0,193.96587496828275,124.11623714541471,2.0946927721440454,3.861419411111111,1.1390588983333332,664.174786384268,664.1853067475814,664.2073201511911,663.8891395033996,664.2634925134087,664.4243912187194,664.1901928837152,664.2226107289418,666.4650079598281,671.2110153318337,673.451076754219,675.6575692934051,65.55760314079589,58.62287819332014,52.35766286547152,46.076298382059,42.251207873356336,37.98700697544345,35.37514188774358,35.10502576854594,35.80617289384587,37.60831783345378,39.29940138311297,41.36428589366169,50.0,90.0,0.366977778440511,2.214355247456318
2021-11-12 10:00:00-07:00,954.4383,58.324865,0.2883245684112713,9.5,532.328256259023,54.33105854533499,60.222659772182034,159.3879406634171,0.0,316.86857863458863,636.732964201424,1.0,316.86857863458863,153.9780346793364,1.4743536900845529,6.761942061111111,1.5135152383333332,599.439170967736,599.4666711021576,599.7139167234751,599.7303293976155,599.5412398664423,599.7042786763376,599.8083600737359,603.0303227046868,604.6273018330706,606.4112007538373,607.7656549327261,609.3215896263899,82.16493898436806,73.6455671765907,66.34832523436933,60.52914386373453,56.206485500715736,54.44979107952112,53.834184343240445,53.360398954516576,55.33044040545437,57.63364149793811,59.752880083827044,62.911472823771206,31.602250384352462,90.00000120741828,0.4879903207410179,2.0054365040501843
2021-11-12 11:00:00-07:00,971.3948833333332,59.46076,0.2875888347685467,10.5,577.8570318803111,57.504149185432844,57.74680146129849,175.8032114419775,0.0,375.33935477969356,583.9582456030331,1.0,375.33935477969356,167.7846383631507,1.0870018337243892,10.33848203888889,2.253839205,558.3406418594301,558.2937813661388,558.1776527571257,558.5906317065584,558.4274675366902,558.4286307361511,558.8412283547117,558.8055546081929,558.5938557779976,558.5935095284862,559.0061641577028,559.005895817347,88.06252728141143,81.25843729445712,75.37750129003496,70.6820603999165,67.11667384224438,65.49752560057674,65.26062705707264,66.4731109915207,69.18385857857382,72.94989770579151,77.91868101298307,83.51635208084261,6.615187419073803,90.00000409455455,0.692399769882249,1.863800592884697
2021-11-12 12:00:00-07:00,975.6055166666666,57.4956,0.293656750685094,11.5,565.7259339201877,56.41762229881832,58.604784370120555,192.58325107187986,0.0,357.30484531956995,608.1971552816407,1.0,357.30484531956995,168.13811574879762,1.2695305331817681,13.778920388888888,5.300646116666667,582.014389473351,581.1302292319838,580.0143976339955,580.2854992038752,579.3014063256206,578.4262211339727,578.3724156853946,577.2758423416608,576.3038439417737,576.1278916127346,576.2669850468986,576.1499005042618,77.29828286844398,72.67564460823681,69.03480341453466,65.96774505517881,63.89201846476343,62.761681263814644,63.544999882450156,65.0762085285556,68.45931224320836,74.02623173514239,79.9290145823948,88.34748855367657,19.64532656183393,270.0,0.5819016378859692,1.9153510740940134
2021-11-12 13:00:00-07:00,869.90275,75.67771166666667,0.2965156798315046,12.5,475.2465655727033,51.45346680781735,62.656383103215916,208.29965153674334,0.0,253.45378515726122,657.8286670663481,1.0,253.45378515726122,141.53514358358436,1.7344868938848306,14.913914166666666,6.33622,626.3116817932382,624.0228991441518,621.8410759971903,619.1746896185803,614.4046480620373,614.3730956191256,614.4672685788892,614.1092590813496,614.4040657017848,614.1691923456929,614.401332860389,614.4984872822478,51.88519228898174,48.79171024006076,45.61820373639175,44.03147831661459,42.45799651996307,42.17159281771442,43.966458042597694,47.026355565367275,51.16246214221854,57.493103555135065,64.22154016838057,72.04669617604536,42.51477225160605,270.0,0.4121098633664342,2.120039728494633
2021-11-12 14:00:00-07:00,307.8307692166666,123.662275,0.2332982503700327,13.5,232.33298278051572,44.956707257573925,69.32779892422636,222.12298268213152,0.0,105.17590460543072,372.00120173890775,1.0,105.17590460543072,65.94437495345264,2.6568795874120554,13.460204444444445,8.007768216666667,356.8270384981373,355.46841519594216,354.0854865361549,351.1805936748309,349.8007366335167,348.64175357571617,348.1046103848288,346.8282330380252,345.5075423799256,344.9457044109465,343.6347431283203,342.29322028468346,33.29095954029587,32.40284668736669,31.648989509468468,30.815131354976,30.400995442652206,30.19208087976088,30.666038708285537,31.76923082595964,32.60435900277079,33.97022145597831,35.13472678809714,36.402042163660006,50.0,270.0,0.366977778440511,2.214355247456318
2021-11-12 15:00:00-07:00,512.0237386666666,42.62658666666667,0.1402352535921463,14.5,149.77519886270906,53.28037255164032,77.9207212050923,234.00784622559755,0.0,17.32277553100325,384.96573584469604,1.0,17.32277553100325,26.904217674081007,2.857142857142857,12.960282333333334,7.93261785,373.1044883988838,372.1149078103906,371.097166617524,370.0339809014063,368.9508015423824,366.81025431419226,366.6869394033284,366.5600874293091,366.2777209976958,366.141354283286,365.8504662493408,365.7048694884017,8.070497055299507,7.1196529600208045,6.198250777187627,5.30606885369861,4.593029853410584,4.409912805818724,3.59025404510467,2.8905715984920874,2.7940080849050943,2.712787020297187,2.7191358398002623,2.672186933200522,32.119809587348634,270.0,0.484154283089378,2.010204713474083
2021-11-12 16:00:00-07:00,143.30718381666665,20.54151166666667,0.1834654087710729,15.5,28.983595166413956,80.31034296438916,86.62280746203308,243.21524997648916,1.3886077805747396e-08,9.98655212311997,49.615564200355266,1.0,9.98655212311997,5.686088039096688,2.857142857142857,12.255909,5.911101400000001,35.84169580142998,35.903940298192886,35.903933401416765,35.95624316966269,35.95625180671301,35.95625482902819,36.00054171086734,36.00053637740956,36.00053064162339,36.00052487976199,36.03593270814066,36.03593553212622,1.6205017916680975,1.5873097614972622,1.5783569721642983,1.5621594074847327,1.5525475908371578,1.5511101823056896,1.5579785439438418,1.572567747372271,1.5933816986007494,1.6486257643754978,1.6789275911363186,1.7143928356050644,7.080795391494596,269.99999758516344,0.6883655718187007,1.864769545807321
2021-11-13 06:00:00-07:00,0.1544952333333333,1.9269916166666663,0.2534901334794757,5.5,1.928334712786264,88.5767169500721,89.50189590438794,114.30278334759716,0.0,1.2324314181938856,1.9306778060981744,1.0,1.2324314181938856,0.0001512266952817778,2.857142857142857,12.577148222222222,7.27284125,1.82227441309691,1.8223310083940265,1.8223310083940265,1.8223310083940265,1.8223310083940265,1.8223310083940265,1.8223310083940265,1.8223310083940265,1.8223310083940265,1.8223310083940265,1.8223310083940265,1.8223310083940265,0.27460610024179516,0.26864842901593966,0.26361490096253637,0.2597067778605446,0.2570796626814825,0.25583583582616626,0.25601551972029135,0.25760025552157956,0.26051153956026446,0.2646181645419349,0.2697429035366208,0.27615213081574014,1.0151605515362125,90.0,0.7411415164680655,1.8572998149217006
2021-11-13 07:00:00-07:00,0.2080590833333333,47.879225,0.2622715085666627,6.5,47.90508081175234,69.20279222297282,82.8613129451149,120.78137094533035,0.0,29.399446034662983,51.544212417182145,1.0,29.399446034662983,12.241376436250711,2.857142857142857,12.326576166666666,2.945230803333333,48.36855882969384,48.48899803205137,48.61374158599796,48.5580509970965,48.49512426628378,48.49487976017849,48.44532772622344,48.38951563362808,48.390217504582296,48.3481496751413,48.33817563247972,48.29889620575365,6.576756277531676,6.438849028570691,6.331569015324435,6.281272551751375,6.27814896313055,6.332009732905169,6.323176048953672,6.4102030902267275,6.468926407213818,6.584731703984372,6.703762162844276,6.779176150245014,16.046149935166277,90.0,0.6117942339195004,1.8961034901612497
2021-11-13 08:00:00-07:00,0.2083195833333333,125.50701333333332,0.2673026272906358,7.5,125.56591673180267,43.18146543618992,73.57530076711289,131.83801889812173,0.0,78.69925166045839,125.18776573376702,1.0,78.69925166045839,41.50752419605856,2.857142857142857,12.649608888888888,1.1280415409999998,109.94496487979026,111.57343775893722,113.1770890213028,113.8953184568731,115.4595170653605,116.9837214005918,117.65991598740641,119.1582347604467,118.75056739084067,118.0493772266586,117.64884329289714,117.25682105541989,24.317396220502175,24.756336530446134,25.33585396746696,25.921059235938486,26.64497961891699,27.33424162799051,28.045368252176257,27.77641167314698,27.480870948359485,27.23483703185501,26.887720807202818,26.516177666712696,50.0,90.0,0.366977778440511,2.214355247456318
2021-11-13 09:00:00-07:00,238.60438166666663,248.54378333333332,0.2798959178449002,8.5,345.9896285532422,48.158079631978346,65.89568360962265,144.649990852992,0.0,194.07169305432035,438.79006779628315,1.0,194.07169305432035,110.47488545108833,2.1079524657217394,15.57617361111111,0.9448302035,396.7994133982621,399.1490177901195,401.4676065485444,402.37129909679095,404.7734574253513,407.03669218680477,407.9137155245199,410.08190836901167,410.9501642230426,412.9689939807055,413.8429122698327,414.69952452209367,62.60002683714604,60.42485087193151,58.6843758615766,56.8867180153113,56.29842805466289,55.45583932980338,55.33504781021259,55.24863138114717,55.51409092916736,56.34279717278589,56.9896179388648,57.759977254277224,50.0,90.0,0.366977778440511,2.214355247456318
2021-11-13 10:00:00-07:00,604.0495166666666,248.08951666666664,0.2896547371722708,9.5,545.6679555173889,54.566716265296016,60.48580683109775,159.4375755659028,0.0,334.6272000006986,620.7358971214977,1.0,334.6272000006986,165.8391655201247,1.4786114485651454,17.720077611111112,1.922954651666667,574.4832911557793,576.5398670304121,576.9736288522836,578.5297616613475,579.0156948965193,579.9272944723334,581.170907235533,584.3654110313548,586.5021018886275,588.245694631263,590.1323683932183,591.6789456599871,87.82868894867167,81.31349598188902,75.4064766733669,71.37358078621583,68.05389318022905,67.32145419149369,67.2359669076183,67.44515597808645,69.77331729788943,72.00666190044025,75.01777893325391,77.08845172205739,31.816878718337843,90.00000120741828,0.48639692907827325,2.0074054365224985
2021-11-13 11:00:00-07:00,204.56641516666667,272.55648333333335,0.2817643795840386,10.5,380.92182768165435,57.76505345349813,58.012661594398374,175.78212813438108,0.0,246.16298838773156,382.07743383467994,1.0,246.16298838773156,107.78789581098538,1.0883447923282454,18.107963444444447,2.6492871833333336,363.27565230692005,363.24576574385685,363.38862213153277,363.42092141155274,363.4216197434945,363.53621354439224,363.5681594515147,363.5678157418025,363.6320383758236,363.63189695901394,363.66389474905446,363.663796916244,58.316086560306715,55.41945055004402,52.96346037321892,51.04718921559317,49.70272816577227,49.09103882357879,49.12723216618405,49.81417196020262,51.09072684551417,52.82950793638091,55.07821926917895,57.59923728821717,6.716295748637528,90.00000307832465,0.6915233977607952,1.8640054306191
2021-11-13 12:00:00-07:00,1.733202,130.13524666666666,0.2736686666785056,11.5,131.03156826216502,56.68251610028861,58.858874935767105,192.49015907265922,0.0,85.79526778179827,125.72949053828383,1.0,85.79526778179827,35.454830735603856,1.2702698392615641,16.71744372222222,2.772944918333333,119.15348107091823,119.26926580256004,119.82610676368522,119.42424459765058,119.55703954295244,120.15962516774329,119.73353799508337,119.87779971553594,120.07754071517326,119.64630577268422,119.25040655694905,118.78849366537612,20.595919232446,20.455678624643646,19.987840988407147,19.89247049329189,19.449336412311787,19.42988042903012,19.251244540947802,19.004724026084904,19.26347720762682,19.29807739543242,19.772166997076702,20.227058486319333,19.694164765019377,270.0,0.5815003132552399,1.9156379860626962
2021-11-13 13:00:00-07:00,56.0570128,189.84066666666664,0.2739421107644778,12.5,215.3882523516551,51.70386484065545,62.8872559638579,208.15094733873002,0.0,137.11816032919495,219.29631864822818,1.0,137.11816032919495,68.08396875939574,1.7387033327413277,16.881708944444444,3.1701360666666667,206.7280585701341,206.60086073933084,205.5104249090635,205.40969946134754,205.84565195845062,204.05378727442996,203.22685941501794,201.28637106150865,200.43647875489202,198.4332628249648,196.4332702275914,195.55117235288543,39.35480491193442,38.8961035287576,38.59041933396724,38.399213455413715,38.11089199743118,38.03932685824665,37.304878157018635,36.85626259136383,37.26188831770119,37.177893894279066,37.6511287898698,38.27257746486299,42.65948090801162,270.0,0.4111801125359742,2.121748857007243
2021-11-13 14:00:00-07:00,30.093567166666663,151.67003666666668,0.2542243496745077,13.5,162.1937476261241,45.215399811612954,69.53105238566401,221.93994538541506,0.0,97.55079564968402,178.44226629170234,1.0,97.55079564968402,52.73514182537255,2.671514315775791,17.023246222222223,2.656405026666667,168.00446250252156,167.9188228857537,167.8299530356873,167.52676310113452,167.44670819885891,165.77033366493848,165.00637796029343,163.27521029460988,161.4923909113329,160.68683210937093,158.87196299341218,157.02791270901707,32.717266651440035,32.72462068396689,32.74661971784467,32.666384214393595,32.74166417192031,32.85627611541744,32.34124822219035,32.024619095854035,31.61353467091304,31.4775705734572,31.301254161937234,31.27990942815975,50.0,270.0,0.366977778440511,2.214355247456318
2021-11-13 15:00:00-07:00,660.0516166666667,66.18724833333333,0.1518746874411914,14.5,202.3174368536051,53.89534076787504,78.09780149078806,233.80540551898616,7.77156117237609e-16,31.51084881037091,495.3065161471058,1.0,31.51084881037091,38.01168674371672,2.857142857142857,17.70298572222222,1.6805879666666668,478.8294604746807,477.67546024744456,476.4975674810802,475.2664784024791,474.0124415939095,471.61580505880283,471.38237097278574,470.90958155641164,470.67383385786985,470.4318976203684,469.896399757565,469.63700334581756,11.410247570322328,10.298108182339892,9.523675383397665,8.43616316367919,7.381603065852037,7.096020849870499,6.325852520677133,5.377893120966586,5.210508610646301,5.203194867548128,5.087852519492811,5.14612097534432,31.58240063198757,270.0,0.4881378705413256,2.005255012047346
2021-11-13 16:00:00-07:00,189.06481266666665,15.605381166666666,0.150014427740591,15.5,26.223841471940595,80.76605966107972,86.7803990175145,243.00125931183842,0.0,6.978171039240199,50.346106969287874,1.0,6.978171039240199,4.391793389166028,2.857142857142857,15.904299833333331,1.947174872,34.35255452568709,34.3525545380563,34.26636098885478,34.308647765403926,34.308983756375504,34.308986226067255,34.22279183551749,34.25494406628275,34.254939073589085,34.16874154632869,34.19018121259116,34.19062862879711,1.031348233736929,0.9786123595089916,0.9600037541011865,0.9448545517078623,0.9328888780820259,0.924198756415853,0.9205396112618813,0.9213981130606396,0.9017791337701124,0.9129494385234158,0.9275588643798305,0.9465199800528016,6.758473935473009,270.0,0.69115786545773,1.8640917946037563
2021-11-14 06:00:00-07:00,16.442529283333332,3.28518715,0.3713340749246971,5.5,3.420198923048786,88.65569608114994,89.52953152307144,114.63057047347428,0.0,2.101040026956947,3.670703888250256,1.0,2.101040026956947,0.00023119422745964492,2.857142857142857,1.2585391277777778,1.834333606666667,3.1564530724922704,3.1564530724922704,3.1564530724922704,3.1564530724922704,3.1564530724922704,3.1564530724922704,3.1564530724922704,3.1564530724922704,3.1564530724922704,3.1564530724922704,3.1564530724922704,3.1564530724922704,0.6857797825049974,0.6709059757090846,0.6583362350303307,0.648573556729086,0.642007850122717,0.6388955069697893,0.6393397131907805,0.6432947307367188,0.6505671493913994,0.660827877959155,0.6736378188817723,0.6884589084221533,0.961320895319228,90.0,0.7416112861995179,1.857283608086724
2021-11-14 07:00:00-07:00,150.47998883333332,55.57947166666666,0.2953973687095139,6.5,73.72701210237942,69.8447641122042,83.07340125525052,120.93708840324297,2.3314683517128283e-16,28.977002086611147,128.23465173045872,1.0,28.977002086611147,22.797090085444697,2.857142857142857,3.1933171444444444,1.865233925,113.09460282192467,113.21941552335488,113.335486925288,113.4347052537958,113.6515222674671,113.72874709083405,113.91628784468261,114.02879398484994,114.08049293345479,114.19365284178242,114.24113330876202,114.35333372868001,7.508900090907193,7.375630803438406,7.30281915327522,7.260673453329849,7.310123400917112,7.380668566140556,7.436371136460404,7.606869882951778,7.747607970699196,7.970806021000017,8.104765366424738,8.269779172237785,15.558685454485982,90.0,0.6158873807692322,1.8937866294408443
2021-11-14 08:00:00-07:00,411.5294333333333,130.00546666666668,0.2997311007235623,7.5,244.78759863809415,43.429151530834,73.80448280063578,131.97078347606976,0.0,78.28776520595898,489.6487615050311,1.0,78.28776520595898,84.22368075040302,2.857142857142857,6.402275577777777,1.36830644,453.8846761608061,455.23276374559924,456.5467609893417,457.1613494575286,458.42157086711006,459.6855317345854,460.24129583871695,461.4727931899572,463.28747131138766,466.8694115958166,468.5327050208783,470.2273348297072,24.622005152430976,25.594301898124435,26.61268273321157,27.556893036233365,28.446415894050535,29.203501874449834,29.85893601980869,31.34893722711165,32.757712359911885,34.24456633126103,35.58112324942377,36.93322170871609,50.0,90.0,0.366977778440511,2.214355247456318
2021-11-14 09:00:00-07:00,714.1459,180.6509333333333,0.2992997443864597,8.5,469.50141009717504,48.367251680482596,66.14209124473514,144.74750696034212,0.0,233.07784481507372,707.2598872193767,1.0,233.07784481507372,147.74122018830732,2.12146078167182,11.405111316666668,1.1174038033333331,652.1492619234043,653.4832692437354,654.8046665694253,655.1100957049574,656.7039178048763,658.0944385920059,658.4353645399474,659.6744986007176,662.0531378236163,667.1620242469553,669.5456589895302,671.8860852626633,80.3093222837134,74.63839999902194,69.56728252324588,64.34059229142328,61.39473758179872,57.95568400637706,56.0216139163958,56.034092507271495,56.85537689388207,58.78554041136708,60.535911241438,62.60920724725595,50.0,90.0,0.366977778440511,2.214355247456318
2021-11-14 10:00:00-07:00,737.7539166666667,165.94766666666666,0.2966231349147323,9.5,526.488494396269,54.795895248511265,60.74478439339263,159.48173052501556,0.0,318.5817353124698,619.6802690301436,1.0,318.5817353124698,164.6041888548728,1.4829830774133093,17.604944555555555,3.960932053333333,573.4338744086297,574.406539938,574.4996107098648,575.3953554660629,575.5718232598362,576.1589294221869,576.2878190929814,581.1510142956511,584.2455279462764,586.5520866571336,588.9786060444784,591.0591774683644,85.33701282515025,77.90784872386031,71.28258255001026,66.45750740397196,61.97919565056162,61.326355977239814,62.01144055772036,62.07283554219598,64.74259246368372,67.39140614718809,70.92959265683649,74.44655792141387,32.035859658431434,90.0,0.48477503624181845,2.009426587157501
2021-11-14 11:00:00-07:00,209.47918783333336,238.8925833333333,0.2769443057144624,10.5,349.0506537952059,58.02032473163775,58.27341148216863,175.75706176903896,0.0,225.60008765892348,350.23096359888757,1.0,225.60008765892348,97.16558934151729,1.0897768049995689,17.668536833333334,3.600422675,332.81742218455304,332.81690572425913,332.91472406466164,332.958142623154,332.9587700746234,333.0559074077586,333.09885200400026,333.09852863445747,333.0783056919407,333.14866908980446,333.1917328156331,333.19165703549356,52.507422302445654,49.876588952338956,47.646821436735586,45.7669781866397,44.68916151802778,44.13342004869893,44.16551341563718,44.79018637464671,45.943882653814924,47.518748050530704,49.63881926123528,51.841903067675496,6.82405493085849,90.00000330665111,0.6905895788706504,1.8642271470017933
2021-11-14 12:00:00-07:00,0.4120169166666667,153.61003333333335,0.2648544378432923,11.5,153.82157632792268,56.94293550929147,59.10724216472058,192.39499584661735,0.0,100.66483404136538,147.85320031473256,1.0,100.66483404136538,40.349333820791756,1.27090059132753,17.307863944444442,2.7027375216666667,140.1829629898334,140.30988991684646,140.94432387575966,140.48075219399882,140.6262575742516,141.31270879784626,140.82117441332917,140.97903823048892,141.19972272384499,140.70133224547814,140.24272979207754,139.70887002484406,23.363152943024396,23.193282559511847,22.64901750391264,22.53606332394909,22.026646540102163,22.005593985301147,21.80864700415885,21.801778458002534,21.842080658974695,21.89633078693263,22.457146165580802,22.998511449594687,19.73580154724258,270.0,0.5811582624811783,1.9158831317288239
2021-11-14 13:00:00-07:00,0.1468188166666666,93.00051333333332,0.2622438661261782,12.5,93.06691148696072,51.950806888409346,63.11215361709278,208.0018319415724,0.0,63.08018046112694,79.86670819856512,1.0,63.08018046112694,28.78089926237817,1.7427417495952318,16.663340222222224,1.3682494116666668,75.0250147855378,74.7111558066188,75.007199630778,75.3143096211105,76.37821808595416,75.29777064177837,74.78847713525693,73.64272521098793,73.10568677079911,71.91328548497938,70.70706192282684,69.46640675517676,18.53438532132018,18.755366272631264,18.954042315920052,19.13409448235029,19.25432391266865,19.40609071803385,18.839545093729086,18.350747828846117,18.289122794765,17.861658491396845,17.531114031773935,17.395081272030534,42.797261538373256,270.0,0.4102968826297343,2.1233805194641686
2021-11-14 14:00:00-07:00,0.0587098999999999,98.178885,0.2632059074044077,13.5,98.19922635940574,45.47028959507388,69.72829809949526,221.75760687967554,0.0,66.01454279665575,84.2897557706102,1.0,66.01454279665575,32.7337559967578,2.6857583262884317,17.088002,2.0520382,78.21104993003749,78.56575452065115,78.92511002959313,79.56494773712666,79.9372053120374,78.68265831087082,78.11539886606145,76.8370050414803,75.52227425726834,74.9218152971067,73.57628489866164,72.2106190990362,21.803086148145727,22.132995225695286,22.44521290242142,22.67817864576801,22.960841994585483,23.23280836124221,22.669403098133998,22.1501047869626,21.60240192476922,21.194462746028712,20.792124962120713,20.512004192212718,50.0,270.0,0.366977778440511,2.214355247456318
2021-11-14 15:00:00-07:00,9.2699435,60.81462,0.252133608628823,14.5,62.69937147277637,54.485419368560684,78.26891374346786,233.6043227825859,0.0,39.27608477017019,64.4578843064597,1.0,39.27608477017019,16.564377974930792,2.857142857142857,17.74808461111111,4.461257805,60.703175475441554,61.16481326780731,61.28443072087496,61.436833236119014,61.591731810870606,61.42149246232385,61.596848249429534,61.32785413768033,61.02075899610803,60.413912196738536,60.124837357004274,59.47673728496034,9.392128483987195,9.452187700242964,9.47654228258452,9.492355561522334,9.36358934923948,9.36304183842353,9.38381340394743,9.325176558688733,9.394546014211617,9.227835950130329,9.285831877183298,9.227943607049044,31.07206005323408,270.0,0.4919421430463466,2.0006239899496405
2021-11-14 16:00:00-07:00,89.77702148333333,14.241071183333332,0.2130904495481105,15.5,19.31339471432771,80.71031935926409,86.76111362340043,242.62443600405788,0.0,6.713408100688856,32.21232816257851,1.0,6.713408100688856,4.405173192063004,2.857142857142857,17.643773777777778,7.163124833333333,23.204225287386237,23.204224885275828,23.151619326204127,23.175368998196696,23.175827971343473,23.175831524482426,23.12322510586864,23.14031126842857,23.140304417385458,23.08769308903289,23.09834637440617,23.09835291277455,1.3384120581386483,1.3124049707404568,1.2653771150140645,1.244943392288851,1.22861296728433,1.217067693193699,1.2120571235239341,1.2132228425622902,1.2043187242092814,1.219855167832169,1.2400458848631293,1.2659605295019472,6.822839661261779,270.0,0.6906001089813861,1.8642246269809233
2021-11-15 06:00:00-07:00,29.312790266666664,3.917787666666667,0.3957064221622005,5.5,4.0555104497946335,89.2308407352511,89.73080136089531,114.79146534508527,0.0,2.505273737619577,4.3111908567884605,1.0,2.505273737619577,9.048646993418555e-05,2.857142857142857,12.7476435,1.6182166766666666,3.7344306339870226,3.7344306339870226,3.7344306339870226,3.734426288330232,3.734426288330232,3.734426288330232,3.734426288330232,3.734426288330232,3.734426288330232,3.734426288330232,3.734426288330232,3.734426288330232,0.8714263052765666,0.8525712011543761,0.836604423402801,0.8241726776054258,0.8157821140753635,0.8117709044213863,0.8122887786112751,0.8172921047633689,0.8265476709037193,0.8396636506717379,0.8560500813922753,0.8750488184176974,0.5507183757361669,90.0,0.7451941495470784,1.857189050606927
2021-11-15 07:00:00-07:00,172.4635545,56.39010666666666,0.3238081879978741,6.5,76.55980791016756,70.4794859930475,83.28385950355919,121.0865954486796,8.411685555063389e-09,29.32271960435945,135.302742145656,1.0,29.32271960435945,25.701010631495308,2.857142857142857,15.808484055555557,1.2502228408333331,118.56654051965648,118.55303739535451,118.67081491437973,118.88318484526107,119.07044388194251,119.1792754760018,119.25606038230828,119.4158713019619,119.41641939678932,119.57559844464937,119.57558872005086,119.70980536313974,8.266477654000509,8.149231659442611,8.081347724841514,8.014474587982148,8.005530303906438,8.131845114307618,8.193717385440525,8.29701695476093,8.52802442198007,8.665450434717473,8.816387449818922,9.092067785270991,15.076075532434366,90.00000120741828,0.619949328756674,1.891561533982223
2021-11-15 08:00:00-07:00,750.9123333333333,96.56662,0.3132038414562104,7.5,303.1512433471962,43.67106546619203,74.03134066384939,132.09722672077612,0.0,66.0507235194063,700.7097005911783,1.0,66.0507235194063,101.48188868672025,2.857142857142857,19.202628,1.7280463333333331,658.4408140360143,659.4234467897678,660.3733198328023,660.8459536237555,661.7322925799109,662.6544825472887,663.0633954082102,663.9513664301545,666.327268608507,670.963971250189,673.1230592797783,675.3421084351314,20.51844293880957,21.679938205594386,22.825990366077995,23.87577680884211,24.763839894765862,25.48459911989228,26.036567661538143,27.971931100380548,29.784359097813763,31.657506749422218,33.371339109724005,35.10254382969955,50.0,90.0,0.366977778440511,2.214355247456318
2021-11-15 09:00:00-07:00,702.2596216666666,236.40148333333332,0.2990551814123475,8.5,517.7159890154372,48.57054586115098,66.38525993412732,144.8388403916482,0.0,262.5259637832817,747.8186923288825,1.0,262.5259637832817,162.5273727675133,2.1352151706565086,21.24523633333333,2.908308943333333,688.7955063467672,690.8325293373039,692.8459639542393,693.4752810918403,695.7333106955838,697.7866178259179,698.4230182643754,700.298182600947,702.0142295241913,705.8618108737326,707.6098586502148,709.3210996384773,91.00743663109465,85.46888736578288,80.58396328720997,75.53661853029301,72.87109526584624,69.66840059492185,67.98068503740676,67.47691872584019,67.72639358470997,69.08982357698089,70.21764873574824,71.66544286530637,50.0,90.0,0.366977778440511,2.214355247456318
2021-11-15 10:00:00-07:00,12.22600035,208.24186666666668,0.2738910494663252,9.5,214.1692449544404,55.018487213259306,60.999487213792804,159.52043572682237,0.0,140.97019609417015,202.91102562865893,1.0,140.97019609417015,61.72129148894054,1.4874686000014004,19.192322722222222,3.715412016666667,186.0348165850245,187.00217371039207,188.99154685213722,189.89133281512147,191.91430567845407,192.74498713950345,193.54528461084533,193.28927076266513,191.66871476324087,191.2821998548851,191.0193147194691,190.6457698663545,35.675079663366716,35.2970581201957,34.70392645228073,34.96202885708554,35.44946490454042,34.70865134463217,34.676114232126366,35.62291075480586,35.16162675523893,35.30355525199141,35.32134415828728,35.38818085041676,32.25908721403846,90.0,0.4831256784187335,2.0114996783007673
2021-11-15 11:00:00-07:00,17.157308066666666,140.26798333333332,0.2769937058996424,10.5,149.22525872289222,58.26984905996693,58.528952601911016,175.72804858673294,0.0,96.02749263933605,147.84460107471745,1.0,96.02749263933605,40.52272316061771,1.0912987197459865,19.174198166666667,4.227044116666667,140.35527875961458,140.35513558145624,140.34383781917933,140.30555021557274,140.30570521910232,140.305783545746,140.2737083436437,140.27362237695473,140.27352701508903,140.46196431228213,140.2389861058789,140.23899865259722,22.889235850794538,22.27741698529091,21.78260338800011,21.36807254320067,21.158087832922195,21.09310747176014,21.168712595019286,21.393042551925607,21.734133978561587,22.19197411588299,22.686461589747243,23.260692825440266,6.938521836878701,90.00000241483653,0.6895978624791099,1.8644665115338617
2021-11-15 12:00:00-07:00,0.1409745666666667,126.490815,0.269941939553198,11.5,126.56268319277984,57.198787598873494,59.34979420865544,192.29779158116,0.0,82.90534464419486,121.27108763260273,1.0,82.90534464419486,33.79203823754729,1.271419777107115,18.93412183333333,3.1500964833333334,114.9475758374709,115.06179257817146,115.64263098687385,115.2135768244827,115.34421111435675,115.93216121822877,115.51728249503226,115.70190149589769,115.85453698330305,115.43480110722365,115.04782274538093,114.59795598138649,19.666494570019754,19.54246924838889,19.097182667119007,19.01409882690533,18.710885571926795,18.575915814970823,18.40310809982009,18.390981728278717,18.405705518328872,18.563367421212195,18.873862053967482,19.295072017522248,19.77005266515145,270.0,0.5808769525912196,1.9160851653190936
2021-11-15 13:00:00-07:00,0.1708088333333333,158.94702833333335,0.2691182338059531,12.5,159.0236934420157,52.19422480820581,63.330989415979104,207.85233508142585,0.0,106.20308022808138,142.35382779888613,1.0,106.20308022808138,49.685733635492504,1.7465930114982025,20.135819,1.8494049033333333,133.10058248882015,133.38813370602386,133.81541637988556,134.26119719367875,135.06063102058516,134.13346466684533,133.3302067544219,131.5044951508258,129.63958065962882,128.76175663059533,126.84734413069141,124.8802930220708,31.020346893305817,31.311176217728832,31.573709187875025,31.743055644962226,31.987599506404198,32.22725022675876,31.363076011569017,31.201870188827908,30.641240870589307,30.072659352249865,29.692741372493998,30.134305974618833,42.92791662973688,270.0,0.4094611448877491,2.1249317177606777
2021-11-15 14:00:00-07:00,177.7437108,128.38192833333335,0.2463846450740429,13.5,189.4085946324572,45.72126341855765,69.91945564300295,221.57600760448832,0.0,96.11405578537351,268.36814285390227,1.0,96.11405578537351,57.476138070918566,2.699582766066829,19.3776325,0.3031468213333333,255.75087393014542,255.05868410374376,254.35265629367643,252.81596169195126,252.11872517293844,250.77862216616887,250.1608873634748,248.7360196748453,247.26367934236094,246.61779453085438,245.13689740462516,243.62864422271952,31.54277041135551,31.13985421545476,30.811419995921618,30.39497057626795,30.26457732869166,30.256741069413405,30.278817520578507,30.719225972734822,30.976285628060673,31.62439045209486,32.15020972381738,32.79068706360331,50.0,270.0,0.366977778440511,2.214355247456318
2021-11-15 15:00:00-07:00,761.6117833333334,102.34520166666668,0.1733094026175611,14.5,255.04595138127178,55.05093052988347,78.4339860925112,233.4046551269695,3.885780586188046e-16,60.22013022271289,561.1810782832299,1.0,60.22013022271289,50.7502024641775,2.857142857142857,22.092683,0.8880562983333333,539.7947684364335,538.9300577930674,538.0030476152391,537.0754313205035,536.082411420719,535.0953580169295,534.0513327163521,533.6319641353882,532.7360643068122,532.2846364092834,531.2840770792062,530.8004761734915,15.901489392960011,14.98877505826389,14.48612245666564,13.569279834482902,13.070942107159267,12.228469255581226,11.738092903554481,11.352518713897805,10.917604612679652,10.652943339311443,10.7040111601384,10.591344193001186,30.587923279859716,270.0,0.49557001074728824,1.9962935542590947
2021-11-15 16:00:00-07:00,165.00025685,20.647824166666663,0.2176770128318784,15.5,29.5504592231663,81.13203700111222,86.90708826810275,242.4141374021042,2.9171986619095362e-08,10.131300677385246,50.09300314666527,1.0,10.131300677385246,6.752163514740729,2.857142857142857,17.714946722222223,0.8084358671666666,35.2132621723972,35.20502167780625,35.26459823335793,35.26460198936293,35.24787259659449,35.24787981702664,35.3067547604699,35.306752246182306,35.28197843138107,35.281975638488234,35.34155492892983,35.341552792495236,1.9433607764142014,1.9034251533004996,1.8721568185218311,1.849996715159472,1.8364266225481407,1.8345585607840478,1.8619630069342277,1.8786358674642187,1.9048867154484632,1.9365422199627338,1.9727196053551608,2.0154123531540025,6.523727763336761,269.9999950954438,0.6931926652143543,1.8636179672391335
2021-11-16 06:00:00-07:00,0.0935168166666666,1.0896072833333332,0.99,5.5,1.0900044975985825,89.30465481909552,89.75663447274945,115.10633898987516,1.4887511437702398e-07,0.6967509825485574,1.0907215082793662,1.0,0.6967509825485574,2.067274875423037e-05,2.857142857142857,8.183510616666666,1.1476946446666667,1.0302065894745305,1.0302065896172332,1.0302065896172332,1.0302065896172332,1.0302065896172332,1.0302065896172332,1.0302065896172332,1.0302065896172332,1.0302065896172332,1.0302065896172332,1.0302065896172332,1.0302065896172332,0.60634202397506,0.5932267792566477,0.582117472568139,0.5734650875877357,0.567622735523323,0.5648269001563306,0.5651831692757466,0.5686622538120676,0.5751036918436383,0.5842241791781947,0.5956358660396672,0.6088690951460753,0.49914004248317945,90.00002800585789,0.7456442365106021,1.8571808032139605
2021-11-16 07:00:00-07:00,0.0412626666666666,40.95466616666667,0.2629604970112936,6.5,40.9593425281427,71.10684377590576,83.4925999393196,121.22984741893664,1.1949780566599859e-08,25.403242596761764,43.278736934378756,1.0,25.403242596761764,10.464647787533485,2.857142857142857,9.900253044444444,1.53108672,40.626883000627004,40.730239675445524,40.683526744294376,40.77304780686087,40.63064984554532,40.59053905194861,40.68727123000151,40.54399870319918,40.65231997496475,40.5026556352337,40.6140381495741,40.47108105812567,5.701710921559002,5.557218875805472,5.470818538947033,5.448988840286218,5.432241878888597,5.4170681067109605,5.472338698270488,5.539482136486721,5.588014810439728,5.692823145581008,5.801492498074776,5.870021473135679,14.598415469649543,90.0000017075473,0.6239787020566625,1.889426715984353
2021-11-16 08:00:00-07:00,2.09471505,111.45518166666668,0.2741362916239923,7.5,112.02356884236961,43.90712104895987,74.25577533265705,132.21732920347344,0.0,70.729788969464,110.32722150524212,1.0,70.729788969464,37.72915060490793,2.857142857142857,14.91938411111111,1.848657495,96.64432969548031,98.11044203551,99.55524230885021,100.19955127222062,101.60895111084366,102.98092273251143,103.58825183199693,104.93794495926889,104.55325225272995,103.89409431981329,103.51528721241849,103.14580791488982,22.179189622480227,22.552621035802368,23.059919370138775,23.57663214759951,24.230397799537467,24.854051977703282,25.502474100539335,25.255822068738226,24.985669432752896,24.7606127829417,24.442379814017425,24.099394602795922,50.0,90.0,0.366977778440511,2.214355247456318
2021-11-16 09:00:00-07:00,39.647196183333335,179.47163333333336,0.2804007115057609,8.5,195.2015016060457,48.767879006095065,66.62508501750266,144.92399981875403,0.0,121.35649758945982,205.9886351094876,1.0,121.35649758945982,67.05720753328522,2.149212533655167,18.687554388888888,4.0790772833333335,180.1608133755617,182.2298645943307,184.26974913912014,185.14194625027824,187.17118072504147,189.12584897013227,189.9544643101286,191.8600319179214,191.97743660680626,192.39028551488934,192.5102212417139,192.62615674238242,39.06236039594995,38.77364430431766,38.73997132060903,38.69857380520076,39.14382343814325,39.48729616745837,40.06385946324564,40.00621165306534,40.029266157920894,40.25992074748096,40.35477311873823,40.46746018045465,50.0,90.0,0.366977778440511,2.214355247456318
2021-11-16 10:00:00-07:00,238.87244166666667,302.86618333333337,0.2895157265142534,9.5,417.76183066005717,55.234388456160474,61.249812407858066,159.5537220805004,0.0,262.83496324439966,449.85304735073555,1.0,262.83496324439966,127.38671138599034,1.4920677826432438,19.984150944444444,5.651888266666666,413.148313603362,415.4165363421306,417.47203440809204,418.67637704651605,419.5295665948904,421.46638705892525,422.2200863697424,423.2577815429146,423.9681411006863,424.89806808585274,425.5344049680774,426.1568736319696,68.8433195862298,65.31192137118738,62.56824812323894,60.133252316144876,59.13472956508745,58.075997920441246,58.40192129258793,59.20458772639833,60.57155158230661,61.29822291077698,62.69541862604143,64.20764791192263,32.48644455280537,90.00000120741828,0.4814499711483541,2.0136243167330328
2021-11-16 11:00:00-07:00,176.65340333333333,332.35898333333336,0.284896940743317,10.5,423.9250954731666,58.51351378198855,58.77918890608048,175.69512512801546,0.0,273.9671822551837,425.0283981116997,1.0,273.9671822551837,121.11101766020612,1.092911318040595,20.593759944444447,3.7411617333333336,403.29890322238765,403.4987282296498,403.4981279609163,403.6368980604675,403.6376412191912,403.6380068538749,403.7802731748471,403.7798500066792,403.7794156051111,403.7791115785562,403.87028279600503,403.87034144663505,65.66010544061486,62.45503391728857,59.59156795096596,57.52786656101522,56.156350696750266,55.49630525500121,55.531217452930164,56.335916224587585,57.74741595158026,59.85837023718548,62.242832726202195,65.0688197020462,7.059743944481957,90.0,0.6885478834183442,1.8647243217100802
2021-11-16 12:00:00-07:00,117.28829,286.52616666666665,0.2823191758180476,11.5,345.90193863696754,57.44997992721765,59.58644175199069,192.1985769880329,0.0,222.14621943152832,348.6658038576888,1.0,222.14621943152832,98.97384044045472,1.271824471911419,19.69949655555556,6.53969445,331.2489869592042,331.02357076069245,331.5017654746598,330.8568212607921,330.6089629363425,331.1164252398886,330.43352922069,330.26728346533696,329.9743858512172,329.2277457136595,328.6098771419611,327.9620499178402,52.782195214824135,51.07178155787746,49.43661487486898,48.50044200919639,47.61450312054121,46.91454187558305,46.84106662208542,46.92161220793042,47.857168130568276,49.4611340738923,51.17851025438872,53.84764206160042,19.796737537562773,270.0,0.5806578273620016,1.9162428017358182
2021-11-16 13:00:00-07:00,764.5770666666667,133.21730333333332,0.3001583478881074,12.5,473.8481848911415,52.43405066468887,63.54367937889633,207.7024872557463,0.0,259.0472370142326,643.3328771636833,1.0,259.0472370142326,149.23373297389767,1.750248029877702,20.183562944444443,6.391418316666667,609.7916880874478,606.6799575695381,603.9331754181305,601.233071141083,595.2446513707174,595.238603858775,594.2201836415868,593.8865338296615,593.3409750487347,593.115907203081,592.5627426327378,592.0841424652733,60.217318299147436,56.7461624663887,53.619362068344955,51.01078668444641,49.45070089022375,48.00524980801676,50.39056575849059,52.21311200196681,56.47848141499658,61.082851939930016,67.06332874392533,74.49690629983083,43.051250450248965,270.0,0.4086738624737531,2.126399488123573
2021-11-16 14:00:00-07:00,805.2614666666667,104.30566333333331,0.2013273809397538,13.5,378.34142450259003,45.96821093344092,70.10444742647154,221.39518871673647,0.0,133.37552869617724,717.8611497575939,1.0,133.37552869617724,88.43925093299654,2.712958530218571,19.745416444444444,5.91107335,693.7519355367092,691.0766030979886,688.3553994858667,682.7524492780587,680.0419925633447,679.265776108673,678.8715898122498,677.8971097561753,676.8747562260346,676.4934180991717,675.5246701274647,674.5306508368272,37.53134263854929,35.80864604185946,34.35399088378362,32.83137706961341,32.046805895565775,31.663194164379643,33.2447604433912,35.96291169538982,38.207221664065024,41.25137838591619,43.90006271159243,46.532421093297,50.0,270.0,0.366977778440511,2.214355247456318
2021-11-16 15:00:00-07:00,552.8384583333334,96.88687333333334,0.197351404732193,14.5,206.2261373101524,55.59216264048705,78.59294967114405,233.2064602047125,3.108624468950437e-16,49.088154403110885,453.42321493125735,1.0,49.088154403110885,46.11999216635204,2.857142857142857,18.049371722222222,4.783291666666667,435.15704312535496,434.56709122807905,433.7841402004527,432.9429415721284,432.101068739283,431.2057576688199,429.96089054697813,429.6214733057052,429.24841424437614,428.89135096903834,428.1302454813257,427.74851734510264,14.321668726805763,13.492498134037785,12.685471688645867,11.879974961363715,11.746426230952961,10.98345599166076,10.285412113760275,10.203123691054344,9.576339032862503,9.580454655616496,9.432652385719255,9.535438378245155,30.12923191783058,270.0,0.4990239668738781,1.9922474165345123
2021-11-16 16:00:00-07:00,137.74648071666667,19.02013615,0.2297213189001629,15.5,26.524570546589597,81.04508223185744,86.87697718791273,242.04123107944417,3.095685702982437e-08,9.239595957558555,44.37000097567545,1.0,9.239595957558555,6.410392292723257,2.857142857142857,15.636969722222222,4.777276404999999,31.43510411793922,31.434203320469813,31.4251160759551,31.48393994022251,31.466635613879024,31.466642115043143,31.525461773562544,31.52477860506574,31.499680662401417,31.4996780036589,31.558495152242614,31.558493857535503,1.8704496685990442,1.8320091647718917,1.8019393430276003,1.7806307267215824,1.7675466234767296,1.7849332853998265,1.792308198048659,1.8083884300388553,1.8335791863502602,1.863983578671949,1.9010362955462323,1.9654220827533662,6.6109847408179245,269.9999948773581,0.6924362011492877,1.8637921455371833
2021-11-17 06:00:00-07:00,0.0430076166666666,0.9470571333333332,0.99,5.5,0.947090720479369,89.87215525023653,89.9552543930934,115.25452201007353,4.813126988938405e-07,0.6055323846867965,0.9471524877909259,1.0,0.6055323846867965,6.088003559432536e-07,2.857142857142857,-4.107022283333333,1.12379552,0.8953636660723058,0.8953636660797168,0.8953636660797168,0.8953636660797168,0.8953636660797168,0.8953636660797168,0.8953636660797168,0.8953636660797168,0.8953636660797168,0.8953636660797168,0.8953636660797168,0.8953636660797168,0.527915359619621,0.5164263323550469,0.5066264492484139,0.49891640039441565,0.49361794894868155,0.49095111809815845,0.4910253298698033,0.49383171301000023,0.4992474562537045,0.507039452175283,0.5168782679652313,0.528361060054341,0.09188093880112497,90.0000899384789,0.749198187892707,1.8571441429489948
2021-11-17 07:00:00-07:00,0.1855525999999999,16.389293,0.2715645385119516,6.5,16.409655984491053,71.72671872662887,83.6995347050191,121.36680241125003,0.0,10.652241895151736,15.929322423308445,1.0,10.652241895151736,4.298958321030311,2.857142857142857,-3.760172261111111,1.7062576333333332,15.209008572830921,15.249795581590464,15.222393766945679,15.222204635002464,15.196980676040624,15.177080708655925,15.177053653502638,15.158380359820491,15.155125258718337,15.138344916858289,15.13848877856836,15.12311099231795,2.4727155735963104,2.402121650418603,2.369728071916148,2.3481775383844847,2.34945185172619,2.3378619827005127,2.3587748386522254,2.3867006458607998,2.4098737745242875,2.451789602596464,2.500591145014213,2.5304238186401453,14.125807264707063,90.0,0.6279740807501262,1.8873806697356077
2021-11-17 08:00:00-07:00,0.1261438,78.12223,0.2687123639426078,7.5,78.15598779720249,44.13723431268563,74.47768827583508,132.33107413051272,0.0,51.9678793172003,68.70280563189658,1.0,51.9678793172003,26.34696789795599,2.857142857142857,-3.2260413277777777,1.4170828433333331,59.10456828348496,60.1914406209766,61.262555750728026,61.74050337279066,62.78592240582191,63.80287734499565,64.25388565069787,65.25430164340193,64.94402197218584,64.40571026280391,64.10334669294787,63.8061772945953,16.153318638735726,16.417216786067943,16.780074953757403,17.15160909759238,17.62594282320915,18.08145897568647,18.55753734998257,18.35355176577943,18.134838983409143,17.948360264867343,17.69646831038699,17.42685613438492,50.0,90.0,0.366977778440511,2.214355247456318
2021-11-17 09:00:00-07:00,45.99360096666667,173.25146666666666,0.2793846268382339,8.5,191.32491425542756,48.95917059310868,66.86146294427904,145.00299606931554,0.0,118.17828683154208,203.20732121379203,1.0,118.17828683154208,65.3458960994437,2.163449102878428,-1.7506365711111112,1.2486733666666665,177.99199802252843,180.00793460250875,181.99479188567594,182.84718167435858,184.8232763495555,186.7286816022225,187.53681411410113,189.39127507647436,189.4963798712913,189.87948229643314,189.98803930254167,190.09286892543759,38.09271731502698,37.78848778898245,37.733243983333885,37.67162106008219,38.08714195323958,38.40163108360406,38.94808452800357,38.878426153014296,38.882151774820564,39.0916858672997,39.17026873362461,39.265262791205096,50.0,90.0,0.366977778440511,2.214355247456318
2021-11-17 10:00:00-07:00,0.7505812666666666,179.19594999999998,0.2671858904841226,9.5,179.55414640556387,55.44350046597012,61.495658678771264,159.58162200794368,0.0,118.92203268290874,167.18362847211677,1.0,118.92203268290874,51.012498630132406,1.4967800439724503,-1.3312870363333331,1.27466179,152.24492856894503,154.10202076162818,155.06232960619133,156.7946496176841,157.5823580029745,158.33933981586839,160.0322259767433,159.66876295891205,158.1917211652855,157.93410528611906,157.57732564063792,157.32962084411835,30.01454654197388,29.382435042158853,29.4942249800098,29.338178904860143,29.856508488338232,29.73855701122348,29.140248270788874,29.97890096454181,30.09599321432728,30.0958090360946,29.65024229162866,29.580059900464335,32.71780202484385,90.0,0.47974912244084644,2.0157999706132155
2021-11-17 11:00:00-07:00,12.14444255,297.7535833333333,0.2666814797887857,10.5,304.00406787499276,58.75120633057129,59.02402622957678,175.65832924483126,0.0,195.88189536604892,301.8895916773933,1.0,195.88189536604892,79.78585033960108,1.0946154316857897,0.0261533016333333,1.2696020933333334,286.7052817906898,286.6582699922946,286.6579993547328,286.25289806453793,286.59690349729743,286.597012330687,286.19127360675355,286.563417519729,286.5632046809385,286.56300922065816,286.1573110636575,286.51966474843897,44.69333522522942,43.12507068196583,41.968245888679554,41.0989926389759,40.56415447728243,40.33161576472222,40.48312701518199,40.950580459296006,41.69856290771731,42.66454430755751,43.82566603486771,45.180307179894285,7.187756903621746,90.00000381819183,0.6874393833443974,1.8650013969796992
2021-11-17 12:00:00-07:00,132.75419185,276.04305,0.2746397382490198,11.5,342.7868151159039,57.69641975135353,59.81709763867334,192.09738443388434,0.0,220.02750793041918,345.7413298320067,1.0,220.02750793041918,95.40305080808206,1.2721118723341733,0.8473793364444444,1.69125986,328.41045922883404,328.1994258976166,328.676218465811,328.04486922269143,327.81300448464896,328.318013269879,327.651203597723,327.4984500247307,327.2242795928027,326.4963293014165,325.89221997300797,325.2589165093054,50.74475118534118,49.086292618962126,47.49708286917821,46.59405813900162,45.739119174730696,45.0711787385225,45.01115835987673,45.10755792874959,46.03293015348559,47.60899023906698,49.30304790790535,51.915118082852814,19.815681204619082,270.0,0.580502292027957,1.916354832150566
2021-11-17 13:00:00-07:00,590.7318705,121.44465833333334,0.2882804571096152,12.5,382.71737022560893,52.67021516624573,63.75014203393875,207.55232086663779,0.0,210.15078106051675,519.8321518854183,1.0,210.15078106051675,120.21859962819977,1.7536978503115885,1.8165367327777775,1.45955031,475.4103713681541,475.8807228107886,475.5393118978304,476.2655431807099,476.8065571943616,477.4399627247949,478.0083754578444,478.06594262217726,483.98679667277764,486.70168768550235,489.44819187175733,492.4592948235174,58.35377546882195,52.67331543396405,48.14655279223107,44.68595329768834,41.48794672539532,40.15550736170662,38.65517101453145,39.98915338950875,41.73679632565853,43.94996545727657,47.85007164744435,51.14977666118484,43.16707027253496,269.99999914622634,0.4079359844126289,2.1277809188975363
2021-11-17 14:00:00-07:00,826.1803,59.74423,0.1811815649741462,13.5,338.4737671192226,46.211023818721046,70.2831987232318,221.21519318073123,0.0,112.04894720865794,675.013838373844,1.0,112.04894720865794,69.44471817983315,2.7258564121367503,2.9019025055555554,1.503697535,654.3840232737584,652.0640561934924,649.7041840813561,644.8803716370633,642.5301959107132,642.171803291692,641.9757379553515,641.4484869344581,640.8908037877454,640.7141189281783,640.21446920574,639.6938805666954,27.77280194400819,26.34387665693924,25.159398476567375,23.91783581726584,23.33041249540089,23.08076625435042,24.643578282459313,27.185271916600588,29.29224552434454,32.02698729278369,34.385046701396824,36.6776768074454,50.0,270.0,0.366977778440511,2.214355247456318
2021-11-17 15:00:00-07:00,675.0255833333333,42.618845,0.1920617954961239,14.5,174.3590415501875,56.10937452605691,78.74573878731682,233.00979722125766,0.0,19.371829668597144,450.1237206516191,1.0,19.371829668597144,38.87255171395378,2.857142857142857,2.2142727611111117,1.5601241466666669,432.16849354522697,431.1847826764144,430.15409480934727,429.0976297923126,427.9943162358331,426.8691818352243,425.7112131929908,425.56819764807125,425.2883986981623,425.14694622842586,424.9922815321822,424.6805117460715,8.850005347364649,7.901687069987078,7.213058645118637,6.285807170820987,6.042948320599829,5.354261435736491,4.518298214424899,4.3679890571432844,3.7078841896086665,3.630121025421846,3.650052013557479,3.6240247843924367,29.69531961376044,270.0,0.5023061450610862,1.9884708725007822
2021-11-17 16:00:00-07:00,122.5399384,13.744795433333334,0.2260779523922158,15.5,20.13434299132078,81.43225039434321,87.01109525180793,241.8348968344012,0.0,6.0267076677366305,35.45333545497515,1.0,6.0267076677366305,4.940251828972271,2.857142857142857,0.5447534569277778,0.8387664411666667,24.080720314715514,24.12850137003943,24.12850279485757,24.04934331810076,24.049345099990248,24.088499406335796,24.088499516674112,24.009768816029762,24.009762974323742,24.03968412284948,23.960526006276453,23.980686170764805,1.2725662210791953,1.2461099054789226,1.2236797344656016,1.2028581445191757,1.1876109962182202,1.1544313310518073,1.14972735649868,1.151578700821816,1.1592849917444508,1.173003238974291,1.1924783121012494,1.2191968390701289,6.335716832096597,270.0,0.6948230492746204,1.8632505005797353
2021-11-18 06:00:00-07:00,22.7382413,3.5968315166666667,0.4838184886901925,5.5,3.6052005224037087,89.93974773083794,89.97891179392667,115.5562489630887,3.986217509884093e-06,2.299728336404669,3.6207425414975294,1.0,2.299728336404669,5.160795779712631e-07,2.857142857142857,-7.571723283333332,0.8534574998333333,3.4006511183489017,3.4006511255852128,3.4006511255852128,3.4006511255852128,3.4006511255852128,3.4006511255852128,3.4006511255852128,3.4006511255852128,3.4006511255852128,3.4006511255852128,3.4006511255852128,3.4006511255852128,0.9798343608252007,0.9585166833757781,0.9403288004709589,0.9260153887642812,0.9161748868753822,0.9112175780909941,0.9113487007703502,0.9165540510148577,0.9266064734518112,0.9410757134234414,0.9593510085238989,0.9806842715830802,0.04341106585727382,90.00073481743907,0.7496211670207406,1.8571431441717507
2021-11-18 07:00:00-07:00,482.68343333333337,38.019490000000005,0.4167409383018876,6.5,89.27307304763545,72.33898414791614,83.90457501281591,121.49742147553962,1.4758688408951434e-08,19.030645762900527,202.28187753240118,1.0,19.030645762900527,38.61633667980713,2.857142857142857,-4.282266410277777,0.5122277971666667,168.82012737379114,168.8209368784733,169.17391118556202,169.4923298821708,169.51165543628707,169.79756108018546,169.7841913350666,170.06919526142346,170.0401898195827,170.32562307594125,170.2663418284884,170.55178128084992,7.061351708932503,6.933258913436106,6.898638559779722,6.850048223373437,6.892204496604093,6.913891608999114,7.057982374422991,7.136637316646865,7.302606157793026,7.531566165074861,7.657409155718389,7.856727795720643,13.658361431704572,90.0000020913098,0.631933985207514,1.8854218763031505
2021-11-18 08:00:00-07:00,719.7130666666667,58.40995333333333,0.3174566856900908,7.5,248.35941764964002,44.36132319946785,74.69698067769396,132.43844762113787,0.0,39.19155248912069,625.1602397762005,1.0,39.19155248912069,83.09533741239582,2.857142857142857,1.4477067541444446,0.5702969928333332,589.3188906220325,589.8555162743368,590.3946875481181,590.6537170211802,591.1554761939292,591.6637844747919,591.8971746159656,592.3915513321143,594.6224335644915,599.0350946347205,601.050971046097,603.132459836204,11.672826524529665,12.361871321701996,13.037244155238165,13.721506746999736,14.323234782470655,14.830728993589593,15.264600643173148,17.208326836801348,19.069521156143715,20.965447971376427,22.756780649516863,24.548372513152806,50.0,90.0,0.366977778440511,2.214355247456318
2021-11-18 09:00:00-07:00,822.9047166666667,108.77992833333332,0.3069266916515926,8.5,429.0673990257225,49.144342679151436,67.09429056028402,145.07584253447743,0.0,194.02747544203507,703.9784682241842,1.0,194.02747544203507,135.34437981587155,2.1779203334681236,4.052632361111111,1.1829237216666668,651.2884546533385,651.8522549519699,652.408428955106,652.4047603040538,653.2490769876495,653.938169997088,653.9653569275181,654.4646829341459,657.3659932082742,663.4430206758591,666.3427511711482,669.1891279295899,71.21080143454782,64.88057854049404,59.085157185385754,53.1195598857474,49.50299087587439,45.340837947847305,42.76486189794188,43.039652151067,44.08865620639889,46.28892973338757,48.366916471861146,50.808733400441874,50.0,90.0,0.366977778440511,2.214355247456318
2021-11-18 10:00:00-07:00,873.859,153.09502333333333,0.2965090983652694,9.5,566.8853181109779,55.64572403384407,61.736925698117815,159.60417003176485,0.0,337.0499656772525,676.8248680758559,1.0,337.0499656772525,174.81896814571175,1.5016047425046408,6.521268583333334,1.1941436966666668,626.6259479413939,626.9405339877574,627.5401908033068,627.7619609875499,628.4365120319271,628.9380177517946,628.9767968966431,631.5583914370484,637.0373759745363,639.2698745910488,641.4084665545818,643.7683805273456,90.52182766735079,81.9384915611005,74.75309043878673,69.2925661509134,64.35790282595205,63.342708515683704,63.98230787563252,64.0045176789412,66.02422673048768,69.07564186931295,72.22279373576501,76.15059280842053,32.95301557185527,90.0,0.47802444277275163,2.0180259492666597
2021-11-18 11:00:00-07:00,866.0180633333333,98.17508,0.2956924163447393,10.5,540.7904188432404,58.98281723280415,59.26337180884551,175.61770085819492,0.0,351.15152525734305,548.270350587369,1.0,351.15152525734305,162.49705584057503,1.096411287267572,8.702961361111111,1.6840043433333334,519.5778054923522,520.2004575468476,520.0485966017328,520.6744978933091,520.4115951330235,520.4118551402397,521.0348070924639,520.7468456173724,520.7461456865998,520.7454949856992,521.3685786478069,520.9871229084858,84.90847905685285,78.1588720814285,72.73473134887864,68.45300690679052,65.49881072371308,63.77329583682844,63.7109307079987,65.02002020547872,67.8266838961638,71.44525962878232,76.15973269665866,81.20771076778493,7.322582445987568,90.00000295755866,0.6862722289755111,1.8652985725895805
2021-11-18 12:00:00-07:00,793.0507633333333,138.12963499999998,0.2922206508543986,11.5,534.1553366373686,57.93801289027094,60.041676559541514,191.99424879450703,0.0,333.90296016039105,573.8740630887668,1.0,333.90296016039105,162.16098632863407,1.272279366231106,9.261604477777778,1.9567850366666664,536.4247037835505,536.4884499788943,536.7056513840192,536.825518126456,538.5939581186911,540.0968805751231,540.2163305103961,541.576194202657,543.0780184772572,542.9955561177193,544.4205649936171,545.7645321139165,83.3689274686479,75.90849338429759,71.19572893930957,66.12405265162552,62.68708699361779,62.14559025952519,61.35806722993903,62.9979633683019,64.46943148071496,67.8644064799595,70.73420496167707,75.58886700829264,19.82671602781204,269.9999985212207,0.5804117001089845,1.9164201380803803
2021-11-18 13:00:00-07:00,986.5243,98.27357333333332,0.3059653364713723,12.5,531.506359480554,52.90264979372774,63.950298273170716,207.40187108633518,0.0,285.8465357995346,737.3200340383178,1.0,285.8465357995346,163.82615454477397,1.7569335626808504,11.888655111111111,1.7869021916666663,698.6877639533933,696.0956483241928,693.1640334749055,690.4257658631395,685.1257609114749,685.3139917766159,685.0493023459138,684.8694971721832,684.6935467648144,684.2346276007365,684.5198713978317,684.4724613847856,61.96622549523104,58.45829114925627,54.79941368817599,52.84764813912564,51.625014821726396,50.5445232872255,53.26849028067187,55.71469406025242,60.11817940351333,66.8616399406676,74.55016607914861,83.33523370045593,43.275187396441204,270.0,0.4072484409140426,2.1290731661265494
2021-11-18 14:00:00-07:00,923.8616166666668,59.513686666666665,0.1865460572191956,13.5,368.57922648502984,46.44959514609942,70.45563766536497,221.0360665922496,0.0,119.49089482653682,734.9072702317529,1.0,119.49089482653682,76.69525751177058,2.738247250267277,13.090970222222222,1.1867276616666669,711.9597354160578,709.5712065402155,707.1414215084812,702.1728467417616,699.7628373580368,699.3515831731792,699.115975199844,698.5166000411408,697.8828901661783,697.6809182602835,697.1089062725069,696.5183647265342,30.169646634155757,28.771391309388253,27.640625773601858,26.44831865657014,25.97570878929607,25.86712336206647,27.601254732955077,30.388233002877474,32.70863115328708,35.682890003816084,38.23492969875227,40.633092326189825,50.0,270.0,0.366977778440511,2.214355247456318
2021-11-18 15:00:00-07:00,748.1636500000001,44.641263333333335,0.2113959029540207,14.5,188.77797920709625,56.602798585566724,78.89229102773305,232.81472769706025,1.1106735929730732e-08,20.753009582123,487.67202931261,1.0,20.753009582123,44.993249048353746,2.857142857142857,13.048170944444443,0.8965650201666667,459.7771004097576,459.9346169667898,460.248509804452,460.41034492065666,460.5491924597796,460.68843193529574,461.98837386596665,463.09253086392164,464.17656412967807,465.2111016309364,466.2527275929577,467.2495125114775,4.190750191261323,4.2128609671792985,4.198116850932509,4.278083386385951,4.9441891270126215,5.104598483680224,5.789028430283857,6.651975902270832,6.913129283363027,7.622764956220528,8.55916249959692,9.530342594384702,29.285600375787023,269.9999987925817,0.5054183664489962,1.9849506202374316
2021-11-18 16:00:00-07:00,73.9005803,13.670388916666669,0.2346759624131719,15.5,17.35894813637554,81.80126946910379,87.13903837831722,241.6305635364079,2.2537527399890623e-15,6.483025372230968,26.68974344900916,1.0,6.483025372230968,4.314511848319004,2.857142857142857,8.828021233333335,1.160017135,18.977764674139785,18.97776596287791,19.00584535890636,18.956361530625188,18.956363294629174,18.95636430083395,18.95636387246894,18.929068984438103,18.929544474341284,18.929544217043627,18.89595782279878,18.895960977087782,1.3936429579114422,1.365975963464483,1.3393289383708877,1.3175933858600464,1.2850288065320776,1.2734350724912118,1.268695224660367,1.2705620581024126,1.2792084779100887,1.2945744693997943,1.3186233044527924,1.3463621682596965,6.073067029955206,270.0,0.6971016739172619,1.8627550714221268
2021-11-19 07:00:00-07:00,178.0455478,43.91772066666667,0.3141864009951072,6.5,62.19588768512456,72.94350635283082,84.10763060100972,121.62166870482271,1.8145689543639933e-08,23.11051519212124,111.79785247276898,1.0,23.11051519212124,20.199238595368584,2.857142857142857,11.777464944444445,5.378855033333333,95.01907753911547,95.10198738916306,95.25007109926194,95.39524251071656,95.39501690582216,95.52158332135616,95.60812408478355,95.64423085782948,95.73022590745774,95.74825012690124,95.74856609858159,95.84904469151328,6.365129913292595,6.230059506165435,6.144970983811048,6.130776886700842,6.138609093208131,6.1487911083911015,6.1990071490865075,6.322035426926186,6.435921625390064,6.5404189714072825,6.721787880487081,6.865391976277004,13.196198081715748,90.00000256132094,0.6358568665929342,1.8835488039646
2021-11-19 08:00:00-07:00,302.3500405666667,72.6427,0.2899946134435153,7.5,151.3371970612779,44.57930731141757,74.91355292766794,132.5394388440788,0.0,37.95295938739945,335.03628625124577,1.0,37.95295938739945,52.32180206920013,2.857142857142857,12.622174777777778,4.4092017,310.4212786638401,311.12406072033747,311.8215212357948,312.13188595821555,312.80278054713574,313.4601509606868,313.75293285968104,314.3996130854126,316.00377055479055,319.19737308017193,320.6997092997594,322.20436535620513,11.734468562448718,12.056301427116031,12.428230752204936,12.81399639830835,13.230712099992992,13.610660748802855,13.990599159887129,15.390917805377088,16.784449540167643,18.216766311172492,19.604257900304106,20.99572915845761,50.0,90.0,0.366977778440511,2.214355247456318
2021-11-19 09:00:00-07:00,841.31,71.85931833333333,0.3101904697068552,8.5,396.208046777306,49.323319811152956,67.32346463433633,145.14255538750842,0.0,173.95850000037714,670.2856507214073,1.0,173.95850000037714,122.98696857677334,2.1926208139286776,15.21101261111111,2.9345110633333333,622.8755474963967,623.1421580741817,623.3908744106325,623.2852317760962,623.8183909494522,624.2304408934565,624.1373407222919,624.3492159359489,626.9389779113828,632.4224333607793,635.0463903599994,637.6261713757444,66.50104796889038,60.36512568182554,54.61941053196011,48.58904226922052,44.740158994056024,40.32179460521517,37.44940373849148,37.316410585402416,37.93478837286642,39.71512715986301,41.3754289724382,43.414098914597794,50.0,90.0,0.366977778440511,2.214355247456318
2021-11-19 10:00:00-07:00,827.6830166666666,125.48977333333332,0.2982551882988971,9.5,514.4012008270143,55.84096507654969,61.973513688223456,159.62140310933842,0.0,304.5876210545926,620.9226568659665,1.0,304.5876210545926,159.49370666135343,1.5065408128760873,16.9224515,2.2537555083333336,574.0980720060905,574.7260102371935,575.1113824617636,575.2202388273888,575.3037508718537,576.0500392452118,576.0209743191315,578.5100545828217,583.6032762442287,585.8118676254182,588.2183525830875,590.2858929035101,81.27265923151178,73.47748485487628,66.51216879261729,61.35994220754398,57.50499486912882,56.557186098183095,57.18795989445444,56.694937362211185,59.039109380746574,61.91755663126211,64.87856457372675,68.25258900275566,33.19192566502443,90.00000120741828,0.47627735094630147,2.020301387341018
2021-11-19 11:00:00-07:00,938.3686333333334,94.14540833333334,0.2980131053953436,10.5,570.4439318775673,59.20823538030949,59.497133947117675,175.57328240222685,0.0,370.45131501488527,578.434824767539,1.0,370.45131501488527,172.52238478223754,1.0982993423249332,18.324238444444447,1.6219711,547.7002744598598,548.3119341337597,548.1609453081475,548.7766081984138,548.7795683010793,548.513193510279,549.1252322352302,549.1243135352244,548.8402940845637,548.8394789773681,549.4518290476815,549.4539860038714,89.73215272602326,82.92977726169411,77.11807418034377,72.52795692547004,69.09463392208123,67.52122218672257,67.46261850383749,69.09890080762247,71.84814525150844,75.70002378111548,80.75686998771941,86.13187390611608,7.464226784157975,90.000004436338,0.6850464260458332,1.8656166936341365
2021-11-19 12:00:00-07:00,726.750855,120.82052166666668,0.2946100837471974,11.5,481.3351161735503,58.17466579526926,60.26009481804711,191.88920795316398,0.0,300.6901326354225,518.2701590447126,1.0,300.6901326354225,147.6798918219941,1.2723243549104433,18.576316444444444,1.9706666983333327,492.4323522874178,491.1516713926254,489.7584434428676,489.86777881256955,488.4361654576065,487.10241490067335,487.02054603698184,485.58011792634824,483.8947475261781,483.8055236690757,483.6299253709014,483.59391642887516,68.66060836607261,64.1687711884917,61.544610849880115,58.39720876447515,57.05969963132998,55.52708359904969,56.26222895064342,56.73387478483804,59.89814980876482,64.55935726032506,68.85686125279412,75.70312042852399,19.829682998750723,270.0,0.5803873434204485,1.916437703063159
2021-11-19 13:00:00-07:00,761.695214,102.28481833333332,0.2965863309945211,12.5,434.46751267485314,53.13128041450597,64.1440712183536,207.25117636821187,0.0,230.9781738152235,601.7815582415759,1.0,230.9781738152235,133.53536169652998,1.7599466430775759,17.81159316666667,5.9146144666666665,569.8202986608288,567.2871798457631,564.4728178843498,561.7623333902126,556.5791621809551,556.6682983056894,556.3366427679746,555.7549695457939,555.8639720656553,555.3751178814715,555.1261563025752,555.3529780673612,51.79348696202866,48.22496831172278,45.340532856558184,43.33132084331365,41.46728311758178,40.747867935586264,42.899136086367974,44.79040350279977,48.204176111345035,53.474308258736514,59.51348185294666,66.37543318591499,43.37541788852509,270.0,0.4066121405678428,2.1302734658637883
2021-11-19 14:00:00-07:00,796.9442666666667,59.51503,0.1861925991615647,13.5,323.9442890595514,46.683818964913605,70.62169519828113,220.85785767459762,0.0,105.00519716584519,649.4893348001874,1.0,105.00519716584519,68.54490141438485,2.750102066096701,18.342805,3.3067866666666665,628.9264331261146,626.6220981619571,624.2784004589762,619.4862723375822,617.1509500898625,616.7897577305035,616.5828316785595,616.0565709157526,615.500181137525,615.322755252919,614.8204831432962,614.3019463152926,27.429800942545008,26.004003762183203,24.816410138229237,23.57840165505001,22.97537904571534,22.695350301847675,24.216585123230875,26.661513240000176,28.697127528806902,31.30635488926769,33.54517641844202,35.6489648148288,50.0,270.0,0.366977778440511,2.214355247456318
2021-11-19 15:00:00-07:00,550.9449016666666,59.167431666666666,0.2274582139572373,14.5,163.98543981843795,57.07264579334547,79.03254727877733,232.62131592459144,4.662936703425655e-16,27.928853932330234,395.4940698236305,1.0,27.928853932330234,42.80917335421192,2.857142857142857,17.531203722222223,3.4728674333333336,378.03626503043097,377.0776009814731,376.0989338235142,375.06510667288995,374.013575336093,372.91200034830973,371.7938152696368,371.6137952126558,371.20295792041145,371.00632539376755,370.8110842147627,370.37478925122184,11.380537878499332,10.41275004964587,9.462950985855247,8.539180305105173,8.461727351599428,7.591883003485979,7.348546541754327,6.722017684971028,5.975716912842425,5.98509195740087,5.91530875991971,6.003058081647033,28.899559014143165,270.0,0.5083621774539391,1.9816746105109229
2021-11-19 16:00:00-07:00,59.033474383333335,17.495432416666667,0.2465200370037056,15.5,20.49035832633057,81.6655876452338,87.09198363977939,241.26406654217874,3.326958729957165e-08,9.472295986766332,27.95279857080199,1.0,9.472295986766332,5.18795501218724,2.857142857142857,15.028872833333336,5.7354834666666665,21.456779784278336,21.45677788336741,21.480247399456957,21.479321943999786,21.47859198037898,21.502069560125662,21.496916115019346,21.496914232043807,21.49691134684873,21.52038324074622,21.51127654987625,21.511274720119584,2.0457957384361722,2.0030232259303515,1.9660593956775463,1.942508998174335,1.9292661039432428,1.9264269741139044,1.9339379194961952,1.9514525490215922,1.9878236812769592,2.023002195922126,2.0615557057442624,2.1039799998879607,6.19588245883807,269.9999946681853,0.6960360444421158,1.8629841344017715
2021-11-20 07:00:00-07:00,347.0414293333333,38.607474333333336,0.3572948466662529,6.5,73.02365203137461,73.54014162741937,84.30860946531476,121.7395112105355,1.357447831254746e-08,19.9481859222984,152.76639853416208,1.0,19.9481859222984,27.465981259575823,2.857142857142857,4.433185166666666,0.8565416346666666,125.84350690623262,125.9013552025513,126.14751604694031,126.43645173624805,126.44879672138393,126.69506240871107,126.93904149861518,126.93218686304473,127.15326433174374,127.15300835660634,127.10633159886558,127.35259550303016,6.3909569570392035,6.273811084600751,6.174239737486288,6.125435170468749,6.150620591326939,6.2512332606707215,6.292859272031133,6.411404401247379,6.604558140756558,6.708504310995193,6.8218767196857835,7.118043608218049,12.739447309761184,90.00000190909591,0.6397411032394568,1.8817599053026113
2021-11-20 08:00:00-07:00,569.5320358333333,68.26953333333334,0.3064099414643459,7.5,214.45259467720814,44.7911077205308,75.12730436568694,132.6340400022466,0.0,37.04869934930268,529.7912448992845,1.0,37.04869934930268,72.46171429636618,2.857142857142857,8.650445288888887,0.9032325811666666,496.8793640470994,497.4995153934003,498.11558763713055,498.3941410314808,498.9839774200767,499.5645557076054,499.8245910319031,500.3982836578063,502.51941812652774,506.72920561092883,508.72111814657814,510.6935068633358,11.364924487105545,11.767501567890772,12.21313341873641,12.68110650533006,13.141913037131573,13.56780233957701,13.977962897921529,15.834778056631592,17.688927776248057,19.55998787600129,21.390681998592804,23.20774648854668,50.0,90.0,0.366977778440511,2.214355247456318
2021-11-20 09:00:00-07:00,663.5085833333334,140.81208,0.3050984212765638,8.5,394.20275009014773,49.49602890118005,67.54888161243957,145.20315359901542,0.0,187.30503916678788,621.528433444998,1.0,187.30503916678788,126.48053706321596,2.207544197595477,11.713203705555555,1.0681590166666666,571.8868522082349,572.935218957201,573.9568510256229,574.2260125872339,575.4665882727783,576.5832632113367,576.8425896927936,577.7813232547179,580.099748816618,585.0451859017112,587.3831007177716,589.6815074128606,68.87901334800391,63.93316455288646,59.398862249460116,54.63037416040436,51.7782650723635,48.43067787603315,46.39672758729483,46.457320366377736,47.141452617678695,48.835254800907094,50.37659861460116,52.225867888166896,50.0,90.0,0.366977778440511,2.214355247456318
2021-11-20 10:00:00-07:00,333.158327,206.65181666666663,0.289784115368968,9.5,362.00502857292,56.0291347125338,62.20532318840288,159.6333607061266,0.0,222.829576802874,407.3810019569848,1.0,222.829576802874,113.1339881401874,1.511586733359548,11.906958666666666,1.8565168516666664,371.60312789496993,373.1571429262368,373.7244549911057,375.14524351487535,375.9777673961037,376.5024545047082,377.7643318063607,379.4680800904759,380.9022259304724,383.14291591978804,384.6197771223167,385.8577463135298,58.57827973313629,54.914713804109795,51.458237299443695,49.340485244912024,48.07365689157138,47.509239596175696,47.93113940094293,48.77749575032682,49.79977320639373,51.3980722247467,53.42980790129816,55.40437143972062,33.434356791525374,90.0,0.4745093757319256,2.0226252337450368
2021-11-20 11:00:00-07:00,324.957602,184.64691666666667,0.283318526839412,10.5,348.4734809986952,59.42735211615208,59.725221805174264,175.52511895833663,0.0,223.45020099820348,351.6287889910616,1.0,223.45020099820348,100.16931079542293,1.1002794866210128,11.883252111111112,2.0293024083333333,332.46852312137764,332.6938055698499,332.6932464193626,332.99067857838077,332.99201105901244,332.9837436331872,333.21622714608884,333.2157783148671,333.16540598984614,333.1650182595831,333.4257456346745,333.4267575525662,52.77870725620641,49.63999221369415,46.97272911480337,44.86683281292177,43.29671398864132,42.57518161625784,42.67236687552953,43.31466576297044,44.55299464616131,46.379199378767076,48.586853935170595,51.20655827853733,7.6126795319660845,90.0,0.683762128700017,1.8659566094463975
2021-11-20 12:00:00-07:00,18.09387565,204.1814,0.2680985018282222,11.5,213.098871342978,58.406280269784794,60.472270156186774,191.78230297492624,0.0,138.7096910785223,207.0348140030642,1.0,138.7096910785223,56.63318884332419,1.2722446733327786,11.040192722222224,2.2746758166666665,196.29380037319527,196.43419703296115,197.26693349521457,196.63163818482087,196.79297968704086,197.63909652265585,197.02003397647505,197.26449278108242,197.45265060080027,196.82210413634849,196.25178678378677,195.66059534356458,32.174395288853155,31.65051502481963,30.85254296299238,30.620173064771315,30.11181313105693,29.869186218205684,29.657621166858284,29.694905052949395,29.881043602429973,30.35211124117668,31.05509065410925,32.022941619559525,19.824432659303373,270.0,0.5804304452249589,1.9164066218603115
2021-11-20 13:00:00-07:00,0.7604409333333333,137.69750000000002,0.2631488245615741,12.5,138.0268967148226,53.35603279584849,64.33138608509877,207.10027864080664,0.0,92.49589915522805,121.956516097,1.0,92.49589915522805,42.71980227914301,1.762728703103453,10.574984277777778,2.652220648333333,114.35193796297702,114.73654451189776,115.01361356444836,114.57413892420611,116.15301787143525,114.61319711166854,113.89285585125923,112.26073169054688,111.4967590561192,109.80432924378206,108.09205636391616,107.29989186152002,27.313111402916064,27.52257381659255,27.78416053831931,28.032182095766426,28.19691043200321,28.42837995115356,27.65168858117905,26.98670534922245,26.382333641551405,25.93973853436179,26.10968273072968,25.919877619139466,43.46758304409859,270.0,0.40602796933332674,2.1313791431999647
2021-11-20 14:00:00-07:00,33.63696895,131.99393166666667,0.2569525285457003,13.5,143.06637316723516,46.913590076637725,70.78130497826166,220.68061847328784,0.0,85.88973361391798,157.7813546462013,1.0,85.88973361391798,46.85498155610317,2.7613921904224963,9.773819016666666,2.58385535,148.37438304180236,148.32304386103277,148.26964286329564,148.0529547332781,148.007802467774,146.5154326601887,145.83195614083775,144.2919192916726,142.7061788237329,141.9899157742208,140.37499766592506,138.73507729706014,29.12387449215526,29.160720904500298,29.20936027287648,29.16586936141125,29.256512399354865,29.375907646354367,28.91100972186971,28.601360872635897,28.212540454769435,28.04303941672695,27.832531162264715,27.72995717498364,50.0,270.0,0.366977778440511,2.214355247456318
2021-11-20 15:00:00-07:00,62.41523921666667,64.17994166666666,0.2479418819267898,14.5,75.91128784649806,57.51910377417317,79.1664516515941,232.42962915054358,0.0,36.590046541661444,112.61068898289803,1.0,36.590046541661444,21.139517441355114,2.857142857142857,8.548404844444443,3.5985336833333337,106.96579423958342,106.75886636207134,106.51858341425488,106.29237201556586,106.05960178963252,105.79717844451262,105.55137023704856,105.28933511786627,105.05401496715275,104.80594318307703,104.23885168489176,103.97115603954762,10.019517915915324,9.729307711254354,9.619157511479886,9.305386942880371,9.018546013921739,8.906251039482978,8.664532876864092,8.58016042719221,8.382878177077766,8.256264574292576,8.313869087424687,8.305728885055812,28.53674339664695,270.0,0.5111388792071289,1.9786319238618344
2021-11-20 16:00:00-07:00,0.1722050333333333,8.785999483333335,0.2391621475982243,15.5,8.794388365954847,81.99935231443624,87.20775945171894,241.06413257109634,3.4386774089227274e-08,5.640617781087375,8.713752441043024,1.0,5.640617781087375,2.043167512444362,2.857142857142857,6.383654388888889,1.71632017,8.259173102346683,8.259170344976246,8.255433795866724,8.255010288702742,8.25501197253616,8.25198010635966,8.251980688726913,8.251979990801424,8.25197854014851,8.249597386161923,8.249595859082193,8.24929760534377,1.1714902692993092,1.145319008615252,1.125584644827384,1.1102789113853913,1.102596259447355,1.1009227695101762,1.1051119302597392,1.1153159944773765,1.1303898836434543,1.1475150134809873,1.1711363196647135,1.195687293570118,5.957967123951774,269.9999945331813,0.6981005790361003,1.862544546057197
2021-11-21 07:00:00-07:00,533.8857333333333,22.8992495,0.402663605169486,6.5,74.001127806694,74.12873677167923,84.50741777996899,121.85091899717641,1.218315914409319e-08,11.038039445043358,181.43030034685233,1.0,11.038039445043358,31.141298774352222,2.857142857142857,2.963880607777777,0.2991003781666667,145.09760420212268,145.38600521806194,145.3941316731378,145.67119886141134,145.95918089782433,145.92466597888816,146.20885401473424,146.1509961109435,146.43907173959641,146.35798659619238,146.35437606834589,146.5390262610568,4.053163158607187,3.9692807701030133,3.977649702938979,3.9948605402521338,3.985630841598416,3.989946303999794,4.100978016700529,4.199159588200133,4.254474504307885,4.319785709232192,4.494537506485069,4.627270863647759,12.288249114850279,90.0000017075473,0.6435850010395594,1.8800536125060137
2021-11-21 08:00:00-07:00,838.9908333333333,39.86697333333333,0.3244931142455499,7.5,252.22740273699895,44.99664680279531,75.33813319880664,132.72224619293303,0.0,23.358265531894755,675.1970611441119,1.0,23.358265531894755,82.19307032736522,2.857142857142857,7.043918833333334,0.6466762828333333,640.2677752941695,640.6467622082719,641.0286327707137,641.2023932055358,641.5684060825928,641.9283502752932,642.0885510856821,642.447043004065,644.3665207195322,648.1698017750804,650.0022578548047,651.7785119521242,7.368021149216841,7.6271139117176565,7.914205813271445,8.219628787387242,8.51838343910749,8.802995698982395,9.076471451069107,10.748247689951494,12.432770802879647,14.12566426426945,15.808663556019024,17.479944391167436,50.0,90.0,0.366977778440511,2.214355247456318
2021-11-21 09:00:00-07:00,950.5421166666667,47.79082166666667,0.3146386237629476,8.5,407.39844297914595,49.662399060161285,67.770437518541,145.25765879521862,0.0,171.85516923168282,704.3115751279332,1.0,171.85516923168282,122.7668687156661,2.2226831497544426,8.093458616666666,1.6143195183333332,658.8776371626286,659.0066466018826,659.110221732154,658.9535984321113,659.3539613845287,659.6481333757877,659.4812409746785,659.5467854996921,661.6005584610966,666.0343551894512,668.1508898189655,670.233518945703,68.29204166969579,61.603823869077296,55.347306163826694,48.74788854227632,44.479252768939915,39.614030598355356,36.39497923815082,35.619839648809815,35.604184796594254,36.8089341541117,37.90607283881333,39.383681528496346,50.0,90.0,0.366977778440511,2.214355247456318
2021-11-21 10:00:00-07:00,996.0949666666668,52.06427833333333,0.302534715956483,9.5,513.054109540085,56.21014330208694,62.43225493316311,159.6400846784502,0.0,300.4944017037172,629.4564171751144,1.0,300.4944017037172,154.0434962024365,1.5167408501733466,8.40383511111111,2.076891675,587.9362092120007,587.8968272962339,587.8758668204438,588.0974247257119,588.1736849564169,587.9807587361028,587.7846799811231,589.8646611152182,591.4176857371115,594.7050846349612,596.0037023160766,597.2810828494472,81.17146141987165,72.6240955160307,65.11381725081117,59.176584845804705,55.05541657536381,52.37550943847945,52.30981690503495,52.50612373517497,53.61118983770598,55.57341037288124,57.863559119172166,60.890701498775556,33.68011734971219,90.0,0.47272215438465975,2.024996244265257
2021-11-21 11:00:00-07:00,1017.557,53.2319,0.2986846532802386,10.5,562.8169598909969,59.64005681139156,59.947545261179364,175.47325817308842,0.0,360.31616530710863,570.5938945443316,1.0,360.31616530710863,169.72505131193554,1.102351846495031,10.173778155555556,2.321439735,539.7473142146825,540.0633975969396,540.062183069496,539.9564743577823,540.3952515013902,540.3944905285323,540.6711843175738,540.6236588457406,540.6228580628291,540.4185835907241,540.8554643385908,540.8576575568576,87.72276694555218,80.71700892609338,74.6951621581732,69.49240251231224,66.22033726255937,64.56590396886074,64.2221653569379,65.50186777478592,68.03122879266661,71.87091826183669,76.54971981029385,82.29276101859648,7.7679130131679335,90.0,0.6824196454792827,1.8663191681187117
2021-11-21 12:00:00-07:00,1010.7584666666668,53.28202,0.3045148165817242,11.5,548.2660227436374,58.632758327308075,60.67812160312254,191.67357805507896,0.0,341.10104153106806,590.3140450579831,1.0,341.10104153106806,168.6232477924159,1.272038199881492,11.45310122222222,2.935972383333333,559.6841170438912,558.839433476821,557.9333575517337,558.0293271690547,557.0922424579525,556.260119690691,556.2112548718248,555.347727703748,554.2367687358287,554.0687314661874,554.2116208684722,554.319445829544,75.6170132934203,70.75718243565791,67.23418410457556,64.33714169339683,62.749214625558345,61.52923193199748,62.536647713558125,63.77246985158768,67.8060161683496,73.6955651868687,79.62617257157433,88.19576187111004,19.810825725701758,270.0,0.5805421557508885,1.916326107669414
2021-11-21 13:00:00-07:00,978.785,50.902605,0.3095506842426951,12.5,472.09275115229315,53.57682949562709,64.51217002745591,206.94922328795656,0.0,246.25527393503683,666.0546675215885,1.0,246.25527393503683,141.6713464358068,1.7652716719643893,13.142422777777778,1.79389902,630.3437613551531,628.5412914086235,626.6806609684671,624.6486664122044,620.9253724124396,621.0053026694382,621.2485823948357,620.9762093462832,621.3027211669971,621.1595844622132,621.329843531264,621.5749163695016,48.5326370805948,45.90461560404943,43.63090113295123,42.36902246151819,41.29997160746302,41.580183051474805,43.678886958205275,46.9054003610406,51.20754432472481,56.896858133948776,65.03599763797828,73.43910558769285,43.55150963648598,270.0,0.4054967908780084,2.1323876187219146
2021-11-21 14:00:00-07:00,909.5165333333332,47.31272166666667,0.1779998603135351,13.5,344.40670287772383,47.138803917217146,70.93440322065463,220.50440436368046,0.0,106.14347935662114,700.0410657321681,1.0,106.14347935662114,67.65420208492316,2.7720893815172487,13.702131944444444,1.4715331633333333,678.3837940078871,676.2763968954683,674.1327129919448,669.7533779726003,667.6310612655413,667.3229777840487,667.1255200423543,666.6501568130049,666.1431189191362,665.9894033204395,665.5397318142548,665.0755106367607,25.805778425367837,24.60272783958035,23.641722550487536,22.631616702353753,22.256956393443097,22.205308126717124,23.804790314409686,26.32116450182931,28.42860284959715,31.075532708435375,33.31982908675787,35.33008136097148,50.0,270.0,0.366977778440511,2.214355247456318
2021-11-21 15:00:00-07:00,755.6554333333333,34.011695,0.2596217692312563,14.5,174.3900677566454,57.94234276540153,79.29395133502136,232.23973759166563,0.0,16.08125625922054,459.7697279876956,1.0,16.08125625922054,49.22605928304763,2.857142857142857,14.432172166666668,0.6439890066666666,437.95676292310173,437.0030371371587,436.0964293683967,435.16589562776915,434.19035961419706,433.1948614415643,432.1523618663822,432.0534627765083,431.8362255601558,431.7139107005228,431.6054605467869,431.36138636909925,8.537341483202013,7.67082902350911,6.825511825720707,6.181645578358701,5.961412440148135,5.194567134444021,5.156617748167216,4.439623094709167,4.425226192718714,3.7847594969408966,3.8133294593321083,3.7996107165037234,28.19675812652788,270.0,0.5137495506202704,1.9758126689208133
2021-11-21 16:00:00-07:00,123.380524,11.08549005,0.1884024049759562,15.5,16.860465578634575,82.31469323945575,87.31722114421397,240.86643750043623,3.336794253918724e-08,4.692956691742419,29.883468496964603,1.0,4.692956691742419,3.478593575204031,2.857142857142857,11.281124005555556,2.72612933,19.144297328382848,19.12585522131222,19.185975253479896,19.185975160898924,19.159945303484708,19.220066946670293,19.22006756300499,19.22006736717102,19.186685345668522,19.246608218274567,19.24660804178061,19.246607897332414,0.7848268778642282,0.7686157249270694,0.7556663114679738,0.7602750540409676,0.7545551068588214,0.7534406512324802,0.756177072395908,0.7625141568052625,0.7728763394691976,0.7854834976048864,0.8001261969355473,0.8372086128451753,5.733030460900461,269.9999947369858,0.7000533134559616,1.8621447093993118
2021-11-22 07:00:00-07:00,527.06345,27.866326333333333,0.4044846195575097,6.5,76.5152152417813,74.70912947410115,84.70395991305145,121.95586479000855,1.8333632697817994e-08,14.27946238708901,179.0767329022703,1.0,14.27946238708901,32.18035930990875,2.857142857142857,13.107795555555557,4.396498966666667,142.24567846175998,142.5299961900264,142.79765937423664,142.79755637032358,143.03653976891738,143.0365069949366,143.25893124801047,143.25906188096624,143.45426237830551,143.45414365908067,143.38560212595772,143.63203917110408,5.185587691602842,5.089123624030757,5.006404341117379,5.002403381832339,5.056489074810988,5.067399068068109,5.09757333760928,5.193572895203577,5.3582041564667335,5.4443641978762125,5.575616160283184,5.789821575657226,11.842753099842081,90.00000256132094,0.6473867957902364,1.8784283322239608
2021-11-22 08:00:00-07:00,693.8441833333333,53.53914833333333,0.3200626641441571,7.5,226.72523612367166,45.19584808889054,75.54593650148591,132.80405521299565,0.0,28.113676879258136,593.0737851416034,1.0,28.113676879258136,76.70101392060128,2.857142857142857,15.67332038888889,3.0445707166666667,558.8507044444228,559.3434379364387,559.8411123353877,560.062577329099,560.5369291621366,561.0004941837013,561.2049551271892,561.6680442723998,563.7599845947905,567.91099502898,569.9207518899747,571.8574320127623,9.02470968200911,9.26229791940047,9.56675203201927,9.880776940136315,10.202798511812464,10.524700714799552,10.835097446372224,12.66067718712492,14.499971797625054,16.36458807557081,18.210160769154815,20.061128444222142,50.0,90.0,0.366977778440511,2.214355247456318
2021-11-22 09:00:00-07:00,847.3645833333334,52.22601,0.3142703635210644,8.5,369.81852893585005,49.822361422940666,67.98802792369439,145.30609505646584,0.0,157.7093747100376,639.2405667853768,1.0,157.7093747100376,114.12029226462329,2.2380293023555526,16.129204611111113,2.43643265,595.376617203204,595.5833232972097,595.7660687442981,595.6660880025706,596.1111592158085,596.4590791145666,596.3476897416915,596.490816544522,598.6969161022985,603.3917388790245,605.6381269575405,607.8488690498264,62.35651755668295,56.41814657968355,50.87421049615981,45.02510639595459,41.26326149023166,36.967562843009055,34.14095263963607,33.77009237978356,34.081185326930125,35.48989589315305,36.802346659582284,38.45849404265145,50.0,90.0,0.366977778440511,2.214355247456318
2021-11-22 10:00:00-07:00,977.4428333333332,50.57925333333333,0.3055413200174847,9.5,499.5769846430169,56.38390706220616,62.654209784952016,159.64161908582173,0.0,292.60443017171133,614.9800699664327,1.0,292.60443017171133,151.35461759870884,1.5220009817083802,16.345078055555557,2.2219118466666665,573.7919418466076,574.113649682389,574.0867931448162,573.9231636753256,574.0137527504774,573.8038620819028,573.9287329171634,575.5437730692754,577.1694821420352,580.394332695401,581.6668414668382,583.1819287703281,79.96728944686663,71.47785061468909,64.07887248707968,58.21816291383356,53.434525067061884,51.679158452797054,50.392878218193474,51.672939185238334,52.71994008621651,54.938270434884004,57.22283983476585,59.82795379549612,33.92899975634003,90.0,0.4709174295201444,2.027412976146984
2021-11-22 11:00:00-07:00,993.25705,51.595455,0.3020464169092482,10.5,545.7595819157735,59.846240641053726,60.1640148095505,175.41775009644175,0.0,349.40051908254577,553.6066006675882,1.0,349.40051908254577,166.45107166974594,1.1045160762926305,18.14820588888889,1.5792313183333335,523.0515333293638,523.417606714328,523.3602667058972,523.3637013257875,523.6865479856641,523.6851257259934,523.5288770334282,523.9543019072078,523.9087468415705,523.9078809000574,524.1374633993088,524.1395669987681,86.00763670602365,79.13062651980121,72.74692745206012,68.12318322417926,65.05464494026518,63.3100194434478,62.992136839631044,64.25096257452043,66.83415165262731,70.49630044219303,75.23773930418213,80.68369724126404,7.929881746123193,90.00000418261958,0.6810194437341317,1.866705210731431
2021-11-22 12:00:00-07:00,987.99655,51.492085,0.3059009183003532,11.5,532.3276921262345,58.85399958554741,60.87756934665937,191.5630803824728,0.0,331.1793429938172,573.1420736908037,1.0,331.1793429938172,164.47814810682877,1.2717030683945778,19.276127944444443,2.10156422,542.8607619826586,542.0351291397715,541.1472174132812,541.2435408694836,540.3271577470942,539.5124252825146,539.4652052826638,538.6214583064675,537.5355336689692,537.3722331302397,537.5132099155476,537.6187373196542,73.75059366122868,69.00610379198206,65.57168035007501,62.74466506104523,61.19127608873295,60.00446048398857,60.985153225760236,62.19365105804302,66.1274594197115,71.87525520410543,77.65845093252373,86.01871420156519,19.788733613612035,270.0,0.5807235484488849,1.9161954984659482
2021-11-22 13:00:00-07:00,958.8101166666668,48.85910833333333,0.3085334468249898,12.5,458.8206240121817,53.79359032579201,64.68635199115012,206.79805904680694,0.0,243.54627565104067,648.304067268506,1.0,243.54627565104067,137.22274352015836,1.7675678013290743,20.242442722222226,2.0467332766666666,613.2601534376664,611.5073162510586,609.7215569749466,607.7406471150757,604.1123632279194,604.1957541606613,604.4369256569223,604.1773829598674,604.4997505096728,604.3718176840371,604.5425767225565,604.7881349183751,47.98198261542207,45.53985027476545,43.4833384717042,42.41670475884307,41.55121444969251,42.06559906657768,44.36281835891481,47.7945692032979,52.19991428710524,57.897087739338055,65.83222072821745,73.82463850002213,43.62703011024909,270.0,0.40501944724975353,2.1332964142445463
2021-11-22 14:00:00-07:00,889.9529166666667,43.89676833333333,0.1746508148132352,13.5,332.44826178512164,47.35935649303302,71.08092854495887,220.3292739809984,0.0,101.93558801392997,679.0834114587749,1.0,101.93558801392997,64.06913841264824,2.7821659438110538,20.67993361111111,1.5025918633333333,658.1276765788981,656.1165903354045,654.0708955709836,649.8926559046815,647.8670291808771,647.5845970578504,647.401491260237,646.9601170601239,646.4889321873254,646.3477092179894,645.9313451156847,645.5013072423288,24.36305859909028,23.21250692561991,22.292415745892125,21.326490307030003,20.96453295503429,20.90999204254573,22.43626717911089,24.834261922829302,26.843602404292096,29.364756004372047,31.502931015896028,33.4173457421883,50.0,270.0,0.366977778440511,2.214355247456318
2021-11-22 15:00:00-07:00,731.9390833333333,33.116735,0.2879062002354533,14.5,167.5696068049671,58.342514623681204,79.41499643822766,232.05171437973777,1.1349525479405717e-08,15.646998743514569,441.519484544342,1.0,15.646998743514569,51.87591106856358,2.857142857142857,19.86333561111111,1.141158085,413.3311188826777,413.4562806253119,413.56043380531366,413.77941100415126,413.8897032306718,413.9843036544553,415.00925979353127,415.98633516371956,416.9326044029325,417.8583406206192,418.73798617852896,419.59396188016024,4.054821921009079,3.9907345982370623,4.016303458396479,4.550661575146363,4.659463970209369,5.365813332687704,5.406804892973545,6.1637879011110615,6.2211654567634875,7.020964648021885,7.856819589118983,8.4476523200653,27.87925919356298,269.9999987925817,0.5161950677252004,1.973207896540039
2021-11-22 16:00:00-07:00,102.19728523333332,10.4483458,0.2092672479281896,15.5,15.048095940145373,82.61154254521057,87.42032940437552,240.67106811333093,3.535515188847424e-08,4.390256846151059,25.565344336865547,1.0,4.390256846151059,3.426228499637543,2.857142857142857,16.39588611111111,1.15677937,16.348435102981433,16.4059134840873,16.405913089042606,16.3809477208202,16.3809484495226,16.438424216325913,16.438425042411378,16.406450237964492,16.406244232982807,16.463718612508195,16.463718430095838,16.46371827092776,0.8141801033670724,0.7973428373866684,0.7838722398758783,0.7742201336474592,0.7818548157331214,0.7802755920004891,0.7831058915751202,0.7896877916797794,0.7996608168666504,0.8135363689922516,0.8288352469353515,0.8455906275363886,5.521170998807177,269.99999446691436,0.7018932257587571,1.8617821420810219
2021-11-23 07:00:00-07:00,574.4804333333334,24.991645833333333,0.4128023817668699,6.5,76.07827094117071,75.28114864855215,84.89813846274541,122.05432392338544,1.7337055990015943e-08,12.193002007500095,183.8352199008485,1.0,12.193002007500095,32.62511952994393,2.857142857142857,11.671204066666666,1.033258014,143.45771830610929,143.73116075812646,143.99065471203997,143.97665658647807,144.23575682561898,144.2034881381889,144.46291677593345,144.40415271019882,144.6633934250662,144.5860414089762,144.58591609797838,144.84507646435978,4.555287645513855,4.471343532327676,4.449478769911654,4.4023220534019,4.3890588425242685,4.4689841864996716,4.497783162652952,4.58567855153871,4.647493653699024,4.818281821134151,4.940582487043876,5.026391462521705,11.40311814147655,90.00000241483653,0.6511446558785907,1.876882440848008
2021-11-23 08:00:00-07:00,690.2516833333334,56.23201,0.3225753308681213,7.5,226.1326093843584,45.38863617845769,75.75061024167542,132.87946742899996,0.0,26.174045890919164,591.682442064963,1.0,26.174045890919164,77.58060880184341,2.857142857142857,14.349978611111112,1.0082227873333334,556.7232993499201,557.2618656972292,557.7928413176832,558.0239573996403,558.5427645050361,559.0464868714166,559.2643396631361,559.7619501730074,561.8894846164162,566.1020757093925,568.1411324714131,570.1494243843997,9.088733446658479,9.205515093161708,9.381846769749666,9.559522665833471,9.802725008857227,10.03101926043122,10.274795785315712,12.083595498272263,13.922081420645894,15.82133656611311,17.71514479177824,19.63514805592765,50.0,90.0,0.366977778440511,2.214355247456318
2021-11-23 09:00:00-07:00,768.4685000000001,107.700895,0.3085145702435122,8.5,393.06610156644433,49.975849041739835,68.20154795254668,145.34848877831303,0.0,173.07293983277282,656.6912949366903,1.0,173.07293983277282,126.4213328742627,2.2535732099807464,19.127556666666667,1.416385198333333,604.8872258696424,605.6037868678408,606.2814074637323,606.4312885655884,607.3360896261373,608.1500976203832,608.2526114966824,608.8531427684161,611.6816277248648,617.6056170878437,620.4421576035788,623.2304513897872,67.20532197761877,61.61244328772429,56.47334390022792,51.0149093708565,47.62504423244929,43.68801101350131,41.21178218077742,41.45461410324287,42.341324547878855,44.331186738686895,46.18755286488179,48.389103401098176,50.0,90.0,0.366977778440511,2.214355247456318
2021-11-23 10:00:00-07:00,981.3293833333332,58.523735,0.3064690070519834,9.5,506.00409294954375,56.5503441561607,62.87108871559475,159.63801006244208,0.0,296.8171391689072,624.1524020123691,1.0,296.8171391689072,154.79896154986076,1.5273646322700412,17.589524055555557,2.5451226816666668,580.9127466845583,581.0786412915003,580.910723711337,580.9675441418877,580.9270550320431,581.2570875200934,581.0956162255158,582.8900287822355,584.894877060626,588.2284112505498,589.7086150606391,591.4348886402455,80.4426254232832,71.9420080759164,64.56218011137074,58.841456538982364,54.7964759011655,53.144424992911745,52.07553201923252,52.771707678583155,54.46406108981961,56.41165323680577,59.25247033425738,62.045139343014235,34.18078060544529,90.00000120741828,0.469097045546129,2.029873783191494
2021-11-23 11:00:00-07:00,994.08655,53.970983333333336,0.3025413121862026,10.5,545.3759626771326,60.04579703744258,60.37454152028782,175.35864707137725,0.0,349.165667875808,553.5570278707711,1.0,349.165667875808,166.70298600504586,1.1067712950445108,19.198956722222224,2.0248057966666666,522.3540196201924,522.3512849966921,522.7307421498953,522.6786730492564,523.0115585691976,523.0098861562371,523.0080833665443,523.2879683437883,523.2424129105199,523.2421536136235,523.4795213282165,523.4815664803809,86.10078142262019,79.22539904345119,72.84238353674176,68.23315117284145,65.18061473006429,63.26527497639184,63.160562004183,64.41933031524958,66.99397825580337,70.82401807803598,75.62286208754796,80.81367074737258,8.098521901615443,90.0,0.6795621542131296,1.8671155648303572
2021-11-23 12:00:00-07:00,987.8173,59.079238333333336,0.3060886860503446,11.5,536.9186116518957,59.06990144302539,61.07053467718916,191.45086004819404,0.0,339.20591363442117,577.9890236269143,1.0,339.20591363442117,166.58906825864236,1.271237664361463,19.59504377777778,2.6048035583333333,540.8979741168024,541.0181693515078,540.8913961980688,541.0705946990131,542.0765907563652,543.2073854329645,543.259497671625,544.1634481268866,545.1731025974368,545.0715066492633,546.0465983072272,546.9550393114141,87.45295802886348,79.1728158423147,73.53688907145806,67.92262567454532,64.14486060685368,63.14588246277656,62.36585858810223,63.52518349116645,65.5619716705476,68.60622129073124,72.21867937411406,76.7784719619629,19.75803909701892,269.99999914622634,0.5809756150644849,1.9160142638099997
2021-11-23 13:00:00-07:00,322.6356432,146.26870833333334,0.288320820694287,12.5,283.3657860566115,54.00623227183593,64.85386264906121,206.64683793443248,0.0,164.24097526657357,353.9388708340989,1.0,164.24097526657357,90.50386137517012,1.7696097036606986,19.35776511111111,1.9716721366666663,333.5946081406847,332.23137079390415,330.2833744303631,328.7043916613513,326.34021381572745,325.26997681686174,324.8528611790569,323.58697043405124,323.1629848340619,321.904851021235,320.74666430048865,319.58060330714466,43.24536787182383,41.59668874982577,40.094375682311785,38.97022482338539,37.87794242958475,37.38653198678728,37.68908945304496,38.50892342845508,39.73142370278248,41.8971390709492,44.696155854168374,47.590858362942555,43.69398292128539,270.0,0.40459675858858407,2.134103160245136
2021-11-23 14:00:00-07:00,12.417834183333332,130.62238333333332,0.2642227144588381,13.5,134.6199530198161,47.57514435965698,71.22082190768745,220.1552891613409,0.0,85.90667535526951,129.98594399267748,1.0,85.90667535526951,43.927520667978186,2.7915948611956876,18.38758733333333,1.0678695466666668,121.44919635084123,121.86343178353815,122.28289401172596,123.02187472502588,123.46199028185049,121.88674918212894,121.17097273080462,119.55813954843718,117.89828763978731,117.14472394504558,115.4495965921923,113.7284261306701,28.1752341464608,28.603567258979822,29.020671121479825,29.334576178128216,29.741281060311678,30.148749748004136,29.52970929173866,29.007875213496302,28.4303063747125,28.048165797333752,27.648244135725353,27.377103709459323,50.0,270.0,0.366977778440511,2.214355247456318
2021-11-23 15:00:00-07:00,24.610020966666664,67.210965,0.2632887213149776,14.5,71.6833088092583,58.71975657653144,79.52953992549178,231.86563550602838,8.06938924718901e-09,40.194114164184064,88.713092569513,1.0,40.194114164184064,19.944519270385733,2.857142857142857,17.818998,0.6491100714999999,82.1165483268251,82.40195316208522,83.0112233954406,83.27423685821698,83.52663344087017,83.8036672822222,83.80629048156952,83.83284365973566,83.8328024147118,83.86376472634718,83.86546937569125,83.89151088545199,9.638648508155162,9.490105862318233,9.562192026225109,9.400133989121057,9.585061220805505,9.5202581580023,9.767645020795946,9.739515417035548,9.882544413414532,10.177906876320751,10.15694221402049,10.277784551340115,27.58394907998522,269.99999914622634,0.5184761226848961,1.9708095242866892
2021-11-23 16:00:00-07:00,3.398450216666667,13.932309916666666,0.269414668681343,15.5,14.089445625685649,82.40863354785228,87.34984376624568,240.31415292824715,1.1072308691656787e-08,8.94186246899269,14.244278468798278,1.0,8.94186246899269,3.7089214762567675,2.857142857142857,16.58397422222222,2.476353668333333,13.321099847781182,13.338483688136938,13.315242967525249,13.31524263308611,13.3343490140283,13.311112661254738,13.311114438590266,13.311114034299072,13.331107734763311,13.307329652939988,13.307329172015969,13.307328773219242,2.0927516150879897,2.0485815651012613,2.0132881286386777,1.986055521708393,1.9700453540861078,1.9669963603669702,1.9744384753691224,1.9916940030917973,2.0194192751671958,2.0537796594824598,2.0937014716018956,2.1374000396763884,5.693733375782489,269.9999982924527,0.7003945416437596,1.8620764302119366
2021-11-24 07:00:00-07:00,21.745210583333336,17.609452666666666,0.2709784539889283,6.5,19.470698109291014,75.84461411674205,85.0898542700925,122.14627438291144,1.5543122344752188e-16,10.62154623964072,24.985785104874463,1.0,10.62154623964072,5.4051152678257814,2.857142857142857,3.537924494444445,1.1418055643333331,21.900262639162744,21.90027039323057,21.929876444360403,21.92987160928149,21.959009010196535,21.95665656005131,21.98298478539875,21.983074364008168,22.00651183886873,22.00648466005886,22.025127903130922,22.025069347123107,2.498797804360245,2.449914207099232,2.4202409999884393,2.397201854851404,2.385627596046852,2.390236653689191,2.404891895272249,2.4463197961267262,2.482045240720243,2.5241322138367583,2.5888420780706256,2.637515193280406,10.969512142306334,90.0,0.6548566843435143,1.875414280629185
2021-11-24 08:00:00-07:00,79.5398925,58.4891,0.2799294262946006,7.5,77.79612425116136,46.09018027558654,75.95204929988209,132.94848581101564,6.217248937900872e-16,35.25345294148824,122.19599591503425,1.0,35.25345294148824,27.239611789792182,2.857142857142857,4.4983617,1.21747938,110.15900488829581,110.89264698895087,111.61514187208638,112.31984892137083,112.57841017818022,113.26502522657796,113.93341419192635,114.29574410282859,115.02762448191125,115.4736517615877,115.83743608701177,116.52012728428292,11.069090645969561,11.1895960358032,11.423477178457878,11.70263043765423,11.982864894541223,12.060225917877599,12.34539497595353,12.696134590393386,13.36666436831846,13.725115503092411,14.08104044451907,14.433922575037627,48.67323866875215,90.0,0.3745221088086695,2.196790365736907
2021-11-24 09:00:00-07:00,0.9644784333333332,124.52983166666668,0.2651329024230758,8.5,124.88470937413464,50.1227969229747,68.41089230510987,145.38486870899396,0.0,83.39784306211389,109.43824833306476,1.0,83.39784306211389,41.55585955269598,2.2693043011094884,4.157939977777778,1.6639753366666667,94.07739152616486,95.75842955026832,97.41438469815797,98.15084426804187,99.77258802279167,101.34848323062847,102.04294044016687,103.58868268562456,103.15258068551191,102.41150082673656,101.99069638776865,101.57532281758283,25.88791505048119,26.16584912365802,26.603994467625878,27.04960896884479,27.696262877310776,28.305347135408276,28.977817948206603,28.652208785234816,28.31973105759245,28.05840228907322,27.697667454944252,27.317514758904803,50.0,90.0,0.366977778440511,2.214355247456318
2021-11-24 10:00:00-07:00,0.2897109,146.41173333333333,0.2607017669279218,9.5,146.54288618641004,56.70937827237443,63.082792832329304,159.62930587459675,0.0,97.41026203589516,134.26883583653307,1.0,97.41026203589516,41.35682742388933,1.5328287760417538,4.791474477777778,1.3101182583333333,121.64766410000324,123.25157131719666,123.98683238124467,125.49310881161227,126.2995311495443,126.95390272602123,128.36106711693816,128.01371918477327,127.75765366789975,127.41141039777398,126.15380492248372,125.82586046840018,24.380896380624712,24.384513141913313,24.130232563890115,24.50486487072422,24.56423032703438,24.447636946960277,25.05962045242249,25.10278863589736,24.676568137401652,24.60757307801684,24.562645226086193,24.434597649031183,34.43522071858855,90.00000120741828,0.46726294582038835,2.032376809844994
2021-11-24 11:00:00-07:00,51.566317866666665,266.0149166666667,0.2685219167565076,10.5,291.34545087827576,60.2386166822585,60.57903707813247,175.29600380167076,0.0,187.25886048212703,290.7385552971719,1.0,187.25886048212703,77.98177274026898,1.109117008075219,5.588444033333333,1.8972624666666664,275.13621221132956,275.135395230699,275.22484030323363,275.2261772281112,275.0175481848218,275.2765793100888,275.2760526933947,275.0936465549063,275.34113996304103,275.32050537012543,275.13925536429014,275.3768114295148,42.69293454581244,40.883560017245486,39.52361420224571,38.53600419385411,37.80314406095452,37.55829261315677,37.69777330807375,38.18078413659145,39.013473573115284,40.072426951238825,41.37941998473716,42.7788719029142,8.273750525539034,90.0,0.6780485776182976,1.8675510366082495
2021-11-24 12:00:00-07:00,23.893127166666662,252.23441666666668,0.2658626702204693,11.5,263.7242050746385,59.2803600520232,61.25694004369434,191.33697009945647,0.0,171.6970459487945,257.8353672969687,1.0,171.6970459487945,69.6150240619059,1.2706405624791155,4.92782085,2.506417583333333,243.20710941358385,243.9955744680001,244.65788514908448,245.39821137459273,245.12748208805758,244.9570230505177,245.68042760097632,244.72210921516447,244.56334436352986,245.22648292901908,244.35929063693783,244.22247373560296,39.23425249961002,37.916335979421696,36.72373422636576,36.29671670637128,35.99855962947426,35.93833289300834,36.178121627923126,36.27740219546014,37.151163779138024,37.50542306232218,38.528189004374745,39.06187477592875,19.718637292473826,269.9999985212207,0.5812992579419334,1.9157820131960577
2021-11-24 13:00:00-07:00,8.249456716666666,196.72261666666665,0.2612450531429914,12.5,200.2070779530831,54.21466942897728,65.01463447408452,206.49561528854576,0.0,131.91173684207786,185.71316649291296,1.0,131.91173684207786,60.8809991119379,1.7713903995880411,4.989876161111111,1.6891237366666667,174.63592087071865,173.95199096560148,174.42278310582128,174.74621806596255,176.71772362839044,174.67683516503257,173.7290641795954,171.556606598754,169.33419722254897,168.30223094312018,166.03481626161204,163.70867739973536,37.50311784614815,37.80973230956646,38.095098603006704,38.27849772581094,38.588466035513996,38.920230468695735,37.9765670005144,37.21178007690345,36.554146742419405,36.76908831163449,36.47000613968291,36.63111553985808,43.75221318666533,270.0,0.4042295208480313,2.134805606969455
2021-11-24 14:00:00-07:00,0.1931406166666666,106.530805,0.2604357994280702,13.5,106.59255585658629,47.7860646285152,71.35402669367377,219.98251497214608,0.0,70.64414736570374,94.59024772825785,1.0,70.64414736570374,35.077212904771194,2.800349957257192,4.731452627777778,1.0088202616666666,87.96263855044697,88.33183859294034,88.70588922802573,89.37130674582681,89.75991466880443,88.4260164730897,87.82068117033599,86.45972826743518,85.05997943110182,84.4206465758413,82.9887088762487,81.53518114845532,23.186677370883093,23.539036025540977,23.874951753527366,24.12750245359365,24.437323853331335,24.738193759281046,24.15745714728548,23.628735940823343,23.067366115672648,22.653196540275047,22.239468303111536,21.944760085879974,50.0,270.0,0.366977778440511,2.214355247456318
2021-11-24 15:00:00-07:00,0.7518008166666666,30.838571666666667,0.2541680234351576,14.5,30.97380162278899,59.07419059843737,79.6375377212349,231.68157982979383,0.0,20.465815070868462,28.792847600253815,1.0,20.465815070868462,8.000417428496455,2.857142857142857,2.9222465333333334,3.4909823333333336,27.120238526494827,27.183804634384195,27.396038981849948,27.474226481348747,27.557700526597564,27.63065010192315,27.71810525070281,27.581753520314823,27.3110287371848,27.176804008470803,27.02405672683547,26.72037171418164,4.709859397312674,4.726367191598591,4.7850087937817625,4.6494204976418425,4.6500719054631166,4.721030955081237,4.602891232982622,4.693275656058359,4.603943985365227,4.666604871932267,4.6909733702598615,4.7632179811766235,27.310571928994488,270.0,0.5205932450714024,1.9686102673226968
2021-11-24 16:00:00-07:00,0.61448905,7.965863366666666,0.2643415983787548,15.5,7.993304926022116,82.66948136459345,87.44046113770813,240.12382971201797,2.0871070868949625e-08,5.111502630684015,7.964926411240482,1.0,5.111502630684015,2.060642904290549,2.857142857142857,0.3657981040444444,1.8566373083333332,7.527570784691278,7.513449131831582,7.513448555976342,7.524786738692015,7.524787789360401,7.510668367503557,7.510669597200959,7.52260826264394,7.522305288095671,7.508183832812264,7.508183564896883,7.508183330215158,1.1736387423478503,1.1488760285409145,1.129062605019842,1.1148636240690508,1.105330454572776,1.1028237666945258,1.1069826930250588,1.11665801479843,1.131319970513773,1.1515079017915715,1.1740089129678624,1.1986545807848552,5.507724781936996,269.99999680547154,0.7020100230851386,1.8617595900226769
2021-11-25 07:00:00-07:00,518.1294666666666,22.42153233333333,0.7310132313944883,6.5,65.06549394822682,76.39933576533997,85.27900633553955,122.23169703899215,1.0673651937169536e-08,10.909796613015725,155.08947350547143,1.0,10.909796613015725,48.4730949937448,2.857142857142857,1.949187938888889,3.7422609,117.70581771901884,117.71501185717341,117.93963231465221,118.15177665425934,118.11183335983705,118.33594653794759,118.33592838718558,118.28182214007148,118.50096142091719,118.42627885291441,118.65048757927858,118.6503727200652,7.016254704026817,6.908097040087524,6.80539775445124,6.726421278852402,6.764418820810104,6.767490569104528,6.837589117308968,6.909938960204743,7.088074854586926,7.202401436253886,7.361209951054944,7.497395781967684,10.54211202854717,90.00000147877934,0.6585209188891441,1.8740221570879485
2021-11-25 08:00:00-07:00,828.2821666666666,42.38563333333333,0.7514465450394846,7.5,240.65844605055963,46.84784355118608,76.15014741229176,133.01111617374966,1.0599616005804658e-08,20.209589254619956,666.841897745846,1.0,20.209589254619956,166.29615896426566,2.857142857142857,4.530943055555555,2.318464545,617.3859992367328,617.6304429693658,617.9737818270859,618.0834904667382,618.4311176080199,618.7550966810883,618.8622921040655,619.1796630355777,621.0190211408589,624.7699042335933,626.5224985247553,628.2457207020196,12.674917212596357,12.663023604516845,12.753478955009975,12.70423500959543,12.904432915867162,13.084409722421595,13.30218122734795,14.847101135981633,16.417901178320108,18.0827306414358,19.695010790366343,21.64159094122929,47.26998995540254,90.00000085377364,0.38272035405181365,2.178598351094286
2021-11-25 09:00:00-07:00,930.6882166666668,53.102891666666665,0.7486110675913515,8.5,392.4481005147859,50.263142211568564,68.61595523087345,145.4152662158251,0.0,163.4141704759565,720.6669563129399,1.0,163.4141704759565,260.1848147246865,2.285210817222386,5.097461338888889,1.833225103333333,650.9651925302466,650.8709553483089,650.6747763768559,650.1905386241945,650.6377425502787,650.9206207064185,650.3177491353085,650.0277033903319,651.8788593796232,656.5026072424955,658.6545581370083,660.7574082023153,156.11288425778878,141.1616005313604,127.05337937970498,111.76726832134486,101.66214053327842,89.93199174785013,82.19774795613047,77.51429070001758,74.56168453699706,74.46986990658041,73.96482512074883,74.39082639073312,50.0,90.0,0.366977778440511,2.214355247456318
2021-11-25 10:00:00-07:00,973.5431333333332,57.53359833333333,0.5304254126207023,9.5,495.12860252051183,56.860935593767444,63.289223396153474,159.6155572187688,0.0,285.89218619936116,624.4564495303429,1.0,285.89218619936116,252.47954578778422,1.5383900277625924,7.380441977777778,2.18460175,574.7015858831816,574.3997593319541,574.2617836310696,574.387282151795,574.393988417328,573.8617139111703,573.5258258635847,575.921029835904,577.3791293211442,578.6284321768443,582.131379837448,583.3448831667689,134.85026760216712,120.41157452914057,107.58483269271704,97.54387480189102,90.7122851244405,85.42494061073394,83.62109451373641,84.78964948470826,85.65849622091342,88.11063506184635,90.92315896128684,94.91125028151572,34.69206495693593,90.0,0.4654171714584388,2.0349199829796913
2021-11-25 11:00:00-07:00,991.5694,57.09608166666667,0.3033147746433063,10.5,541.1839606265305,60.42459354690246,60.777413858447204,175.22987766360643,0.0,351.5623858426253,550.0035056583038,1.0,351.5623858426253,166.00586802940126,1.1115520520617017,9.182854377777778,2.2389045166666666,517.8122459762097,517.7515831358735,518.2589716667974,518.1525408129411,518.6036994026068,518.4377235665454,518.4358552053218,518.9416497575369,518.7248378267593,518.7265772648584,519.1926598401733,519.1947413370442,88.28284010929477,81.42858360133286,75.56764690371998,70.74734522638322,66.97889737594323,65.13492608607761,64.79541021253853,65.79234432853194,68.29133671713382,71.94080707513167,76.35509458515324,81.6495060209023,8.455464393139188,90.0,0.6764796942634514,1.8680124013496804
2021-11-25 12:00:00-07:00,980.0487,57.09813833333333,0.301836565267557,11.5,525.688077752696,59.485269964498755,61.436709192250404,191.22146683062306,0.0,332.09710592841066,565.5366728193181,1.0,332.09710592841066,160.93772782194856,1.2699105805265343,11.625411944444444,2.0041181166666666,534.2285188214657,533.3384916890808,532.2209146327126,532.483048286302,531.4921319623912,530.6031389215497,530.5514716725879,529.4461110296471,528.4578411641997,528.2831030522739,528.4074807043993,528.2884596353927,74.16405342221154,69.7442325750785,66.25835858017594,63.313016347140106,61.324017236679566,60.21447988093142,60.956796831443526,62.388581010886206,65.57612269890926,70.85251015435713,76.4376331689082,84.43889902759115,19.670437105366442,270.0,0.581695278420314,1.9154985066708026
2021-11-25 13:00:00-07:00,950.7390166666668,54.04398666666667,0.306127895476836,12.5,453.3063434320001,54.41881288044335,65.1686019343218,206.34445001623848,0.0,241.25953463770009,640.9788254206221,1.0,241.25953463770009,135.9398441362335,1.7729033768177547,14.305429111111112,4.813096333333333,605.113304486127,603.1590282708815,601.2624071653388,599.4811180034582,595.0099793160026,595.2581993511108,595.4837869060502,595.174156033557,595.209662200485,595.2692651999658,595.3904948072654,595.5636438750379,48.539711171426255,45.99362870028615,43.82831441446022,42.04119294790662,41.578782114877946,41.918380972898774,44.118405230736,46.65040539519135,51.82311071993484,57.21128722976816,63.939025182473884,72.67823043341366,43.80157373040254,270.0,0.4039185009817011,2.1354016402590017
2021-11-25 14:00:00-07:00,879.3737666666667,46.53087,0.1691799159106018,13.5,325.8442248517426,47.99201493751439,71.48048895502897,219.81101990997308,0.0,100.96780736806312,667.8503135225983,1.0,100.96780736806312,62.34580301120591,2.8084060852104242,13.851976833333334,5.157842766666667,646.8096947519657,644.7301571373889,642.615211525567,638.3066203912903,636.2015090311098,635.8819766347722,635.6776712949035,635.2109824518359,634.7148796256332,634.5536169318217,634.1109011219222,633.6455056051259,24.82658816239388,23.60731785264848,22.614380859192895,21.57247085093172,21.09627172064859,20.90148605922709,22.316617972734225,24.500175011008782,26.31352523386868,28.523805285884283,30.32201221996253,31.802883198403734,50.0,270.0,0.366977778440511,2.214355247456318
2021-11-25 15:00:00-07:00,713.4328333333334,33.840105,0.339129237151489,14.5,160.92627891746324,59.405926963777674,79.73894898228394,231.49962922722534,0.0,16.04902288021087,421.43779176289934,1.0,16.04902288021087,57.82695815430132,2.857142857142857,12.513570388888889,5.0824313,398.2598977910636,397.4511274711774,396.59343426438073,395.7148830289393,394.790785499909,393.8480491331088,392.85430816878625,392.7633806293822,392.6689674597419,392.43666360260363,392.33410539663487,392.22733959576505,9.247925531228015,8.409279748353317,7.5947021158118435,7.530287102223809,6.753778000983485,6.024106326604488,5.973818919734656,5.30112924777793,5.2847617440694945,4.696689762091436,4.740030967948977,4.763728461228342,27.058908672096837,270.0,0.5225468258820951,1.966603574272775
2021-11-25 16:00:00-07:00,67.23781185,9.912609433333332,0.222917606914278,15.5,12.816611400533352,82.91163086091423,87.52462454661011,239.93609884137675,5.619559197484763e-09,6.359502471027514,18.18828629416872,1.0,6.359502471027514,0.021471365676137222,2.857142857142857,10.408306711111113,5.537820516666667,13.624358874392511,13.624358679853948,13.629706296859432,13.629705751188432,13.629706572115435,13.629708329777596,13.63358746719955,13.633587470865908,13.633587314214857,13.633587064598863,13.633586790929893,13.636728531977926,1.237814903080469,1.2094212597702256,1.1886166612210045,1.173683410771577,1.165017348702405,1.1626887003201285,1.1687939013024846,1.1789468175157758,1.194317477997838,1.214251095723135,1.2393326900342763,1.2653176060468594,5.335139329081614,269.99999914622634,0.7035093775019294,1.8614749968204665
2021-11-26 07:00:00-07:00,418.1571666666667,32.05278,0.3820630347752317,6.5,65.11208097004075,76.94511495773637,85.46549156378116,122.31057603668957,0.0,16.680886671532697,137.27358768902434,1.0,16.680886671532697,25.759217204111337,2.857142857142857,13.51750811111111,4.456389916666667,105.02000371875333,105.1947931081121,105.1997837446182,105.36604322298332,105.36595294831545,105.51381568748519,105.51371333563448,105.50965414446671,105.64007154555466,105.64010659080031,105.81493900712647,105.75299404884231,5.643167025681607,5.542188237702313,5.460136711348113,5.406280947987743,5.376112010733522,5.4418080067741545,5.495482095457929,5.550367050783901,5.628557422034348,5.7214389316868495,5.923286069720602,6.033228056638649,10.121104150930819,90.0,0.662135328471884,1.8727043379914452
2021-11-26 08:00:00-07:00,567.8568,50.51694333333333,0.3141949850610071,7.5,184.57570430619515,47.583895441371354,76.34479696035467,133.06736759565584,1.5543122344752188e-16,20.922844946342117,483.1964228991743,1.0,20.922844946342117,62.37831161804414,2.857142857142857,14.927799055555557,3.1148066966666668,455.6022248132061,455.7899361769474,456.20389153516885,456.6064397050539,457.010214285823,457.18449732561504,457.5646817171882,457.73162778136515,459.5904833772933,462.73228622949944,464.3692915192804,465.9437645474271,6.824699213338215,6.903194338999613,6.889417629294229,7.0462991051372725,7.198024008227721,7.398991121009715,7.572638037845871,8.988378744389877,10.41263109625278,11.863039472091762,13.33834819287279,14.862369874289797,45.97441891307193,90.0,0.3904852091914049,2.1621633892739074
2021-11-26 09:00:00-07:00,920.62615,47.78207999999999,0.3103022364353262,8.5,380.4539696476372,50.396824457319056,68.81663037815093,145.4397157540567,0.0,154.17379344407806,674.6612841098548,1.0,154.17379344407806,114.45028462697121,2.301279733525534,14.601031166666669,1.7642745983333334,629.4135121695441,629.6821838418794,629.9091234688984,629.8736269825425,630.343850014885,630.74578885398,630.6422761757001,630.7823050600942,632.857106728958,637.3060241899914,639.4409551351314,641.5395995536429,64.22902133604644,58.259661448322994,52.61543027239717,46.523745321487155,42.48311157299655,37.81905721841697,34.78810090807889,33.96857313971668,33.868586803354354,34.937833486567094,35.87572975771234,37.207582499691846,50.0,90.0,0.366977778440511,2.214355247456318
2021-11-26 10:00:00-07:00,969.7733,54.430155,0.3003751648489368,9.5,487.2880808812337,57.00494516081071,63.49028175108326,159.59681775326783,0.0,281.2310133883469,606.8120019171256,1.0,281.2310133883469,145.97331262691702,1.5440446124660068,16.241407,1.869580128333333,563.3688177144187,563.8683112452755,563.7596672225274,563.740268373646,563.7150584018168,563.6865263983159,563.9038533553223,565.6703618414749,567.2853340119672,569.107172946195,572.2582091348777,573.6500937348944,75.78578778756416,67.76794191182104,60.70226866144858,54.205700736495324,50.530830308309035,48.98926593476683,47.912456571280124,48.63938597761315,50.23974639402774,52.03144723981829,54.696627653534335,56.86657263877886,34.951041705699716,90.0,0.4635618624048784,2.0375010004004426
2021-11-26 11:00:00-07:00,944.8236833333334,68.37082000000001,0.2959427988346704,10.5,526.8690343992879,60.603622288285145,60.969584959339,175.1603292719733,0.0,342.22145910774327,535.9691968663882,1.0,342.22145910774327,158.17174622111895,1.1140750926767056,17.561999888888888,1.8718966133333332,503.9185769523095,503.7895077319494,504.35163336946675,504.23704504825207,504.7999615152604,504.7424604388617,504.56239749782696,505.1222152983862,505.12032345101983,504.888679167525,505.4536360241176,505.4121556939712,83.94554897123705,77.6529700575771,72.03011943156731,67.1356500455051,63.99352280381519,62.298376393922965,61.897694117793094,63.139354211286935,65.33384864618672,68.76006545859676,72.90665969429851,78.11447746379275,8.643538439181484,90.0,0.6748566772952806,1.868500391834201
2021-11-26 12:00:00-07:00,690.3534333333333,107.71216333333334,0.296613618811243,11.5,435.957442187439,59.68452171311612,61.60976730939734,191.10441032975433,0.0,276.0814994725862,469.2069890082798,1.0,276.0814994725862,134.83232387978208,1.269047014336909,18.720641222222223,1.2633598266666666,434.66306139651766,434.8598331818006,434.8533374412397,435.08498321856234,436.5141214492154,438.00955693971093,438.0778679300673,439.28954191018806,440.6832193960518,440.43309371465045,441.67576780790216,443.0814565110829,69.4170271784831,63.8604024331432,59.17537142979984,55.218270085402224,53.47806220402802,52.107195918828175,51.59287552692738,52.741579881721314,54.50704831274727,57.07731274951001,60.008726833085774,63.7156702586257,19.613363127647236,269.99999914622634,0.5821643613866372,1.9151636675399346
2021-11-26 13:00:00-07:00,615.4518833333333,135.81663333333333,0.2954402442292677,12.5,392.8404697350635,54.61856985689827,65.31570173815072,206.1934050841954,0.0,218.07789596763988,526.772332916291,1.0,218.07789596763988,122.91582519579518,1.7741426908123321,19.69777088888889,1.330428075,480.9036501635355,481.6124785621911,482.3325321667547,482.6541319556199,483.4229414059354,484.4090484888138,484.5841803089388,484.73993531158254,489.6699976488396,491.7364139292797,493.8749420122629,496.35441237247744,64.02695511628562,57.93701211578181,53.411739696683206,49.90484607350422,46.26342022883794,44.849533713357175,43.68386761287935,44.17331830054735,45.2440867478262,47.302585125769106,49.59119446932707,52.15331406185766,43.84192647796394,269.99999914622634,0.40366442988480294,2.1358893015246365
2021-11-26 14:00:00-07:00,249.1016833333333,161.92853333333332,0.2225325222202429,13.5,240.55658904308137,48.19289330855579,71.60015773982374,219.6408763220017,0.0,113.08754298799607,369.18689670331787,1.0,113.08754298799607,69.44361170142864,2.8157393431053075,18.877607777777776,1.6741088,352.3963437070901,350.99566662346126,349.5711696630616,346.5784359800846,345.1430533964132,343.6087156700891,342.86830446497896,341.22966384457123,339.53617017404343,338.78616531160105,337.0866471569363,335.3489864046556,38.18656293196833,37.24088576779968,36.40706163708435,35.49164271762033,34.919298234239044,34.48994684528582,34.62071256957827,35.17161247076806,35.51019611297098,36.14807675638282,36.56049467841505,36.86218889606738,50.0,270.0,0.366977778440511,2.214355247456318
2021-11-26 15:00:00-07:00,295.77691666666664,86.63076166666666,0.2443743152314255,14.5,138.83692629804796,59.715067619979564,79.8337364871886,231.31986893995335,4.662936703425655e-16,44.679755050884474,271.1769820979657,1.0,44.679755050884474,37.15469308110448,2.857142857142857,18.047554222222224,3.145690956666667,256.4242304067409,255.99466286796027,255.51792684489618,255.04998524016395,254.54004739839974,254.04115715114466,253.48818178617057,253.2227822726374,252.91358964754338,252.62774139893833,252.00043329678283,251.65389488675686,12.687507475321476,12.413705230486544,11.879162276122923,11.493216151953565,11.204409786208801,10.725675177813802,10.617641020388856,10.20160228021273,10.163264222155416,9.862508816952806,9.9454963903674,9.944741721678405,26.828772183564052,270.0,0.5243371434756381,1.9647835681000072
2021-11-26 16:00:00-07:00,52.26635151666667,14.037772133333334,0.2527603147610145,15.5,16.22435564087577,83.13503905302055,87.60230862726173,239.75105734584469,1.2434497875801737e-15,9.004525826665155,20.256531553990303,1.0,9.004525826665155,0.028621778276854165,2.857142857142857,15.344489,3.2933482,16.41214165067494,16.412142057990735,16.40769293445169,16.407693288099995,16.407693468908253,16.407693392309625,16.407693082198847,16.40225655928272,16.402255654325383,16.402256774491704,16.402257443517012,16.39468440419305,2.030645706983251,1.986151996136583,1.9483999097972458,1.916381873062204,1.8917115821148973,1.8722814992251902,1.8660638251225135,1.869840229206214,1.8838049936752859,1.907833742801245,1.9446481589935356,1.9868680291032719,5.1760675522953346,270.0,0.7048917043101862,1.8612206881759037
2021-11-27 07:00:00-07:00,205.35604833333332,19.290511166666665,0.3283300393494075,6.5,34.869386334827794,77.48174088994124,85.6492043544244,122.38289928734513,0.0,8.523762965169617,73.60233153064826,1.0,8.523762965169617,12.232286576990308,2.857142857142857,4.295679338888889,0.7022581295,55.158989011944286,55.3103410018056,55.301695498785506,55.44867496344507,55.42478990528582,55.56983504955363,55.56979195178044,55.678167733154865,55.678222616286355,55.625305451599914,55.77072980811968,55.7707102558936,2.5187609949184235,2.4704420111299044,2.4748633274117515,2.4469349427311013,2.4361007267308787,2.436938294928908,2.4636961314268464,2.5416571182724637,2.5761517814335124,2.6166481121868723,2.6760972790688506,2.7936172595109716,9.706685028421305,90.0,0.6656978069420598,1.871459053389094
2021-11-27 08:00:00-07:00,777.63805,41.21955833333333,0.3146719359244478,7.5,222.28188594206324,48.298764336087814,76.5358886231326,133.11725295839958,7.77156117237609e-16,19.62589940359414,596.7639683841124,1.0,19.62589940359414,73.14443225038812,2.8571428571428568,9.14146046111111,1.2419872548333333,565.1499869262282,565.5396309442722,565.9194015358443,566.0862420905023,566.4607827759362,566.6240481788257,566.9775032750799,567.1317632030443,570.7018621014138,572.462062514961,574.1604732804127,575.8635237002893,6.334608293858327,6.376349499370046,6.48977121069169,6.506697080134757,6.644649518242783,6.830114988632171,6.996314313321157,8.481913766885224,9.981277226191326,11.531504589019281,13.089438913924736,14.674540077104211,44.76911339300723,90.0,0.39787420140870117,2.1471923744570853
2021-11-27 09:00:00-07:00,903.97365,65.21147,0.3049166901332593,8.5,388.9779540075194,50.52378592584909,69.01281052644461,145.45825548568087,0.0,159.49796921313992,688.9881481620816,1.0,159.49796921313992,117.86097323456256,2.3174966628198694,10.15669547222222,1.6822726616666666,640.6394050428762,641.0077628750141,641.3334231777254,641.3433944475418,641.9069123294979,642.400232233707,642.3404998338983,642.573715050131,644.9979348784525,650.133960194164,652.6019747856469,655.0287316818794,65.007376176807,59.136491619597365,53.59660105294874,47.61554425182106,43.67048415965143,39.10782059280313,36.160158013800384,35.670087042971055,35.89588625118982,37.286340633320464,38.54699833956775,40.20141573235198,50.0,90.0,0.366977778440511,2.214355247456318
2021-11-27 10:00:00-07:00,879.7054833333333,69.18666333333334,0.296723018965118,9.5,459.1533104590894,57.14134206238632,63.68586916877426,159.57314480317746,0.0,266.21174413441526,571.6281156306467,1.0,266.21174413441526,138.91570400691407,1.5497881618067468,10.85205748888889,1.7895776983333334,527.9311891747873,528.1628915426518,528.1560026825973,528.2606734549299,528.311536662362,528.4703036835988,528.706943607372,530.7716086240706,532.6644648904218,534.7212078201201,538.4954160402302,540.4581562012363,70.2830390595066,62.933886168976954,56.62983613980435,51.54833841465141,48.268381944555536,47.252255119835056,46.00116263099068,47.29872089974511,49.13106995062706,51.120205567356756,53.929211964880224,56.6692584667544,35.2118621061261,90.00000120741828,0.46169926019108004,2.0401173167204556
2021-11-27 11:00:00-07:00,927.9742,107.55558166666668,0.2915321700326581,10.5,555.2425166493413,60.775599112243476,61.15546418798931,175.0874232356157,0.0,360.56027348651685,565.401372372368,1.0,360.56027348651685,164.93405667031536,1.1166844940409046,11.41641727777778,2.18705945,530.7267774096166,530.6547498402963,531.2884231042468,531.2936234921835,531.8506826410517,531.8478077695585,531.7892824370488,532.2702486450396,532.2694960819097,532.2730745681913,532.6882251622586,532.6891329786896,87.49677051802773,80.97890291904598,74.82380419584376,70.34819369422391,67.19404071684757,65.3278480746325,65.38894795858376,66.47473082094886,68.79495724379716,72.20128740985706,76.60655169403535,81.75401440467655,8.837823865850794,90.0,0.6731809085748396,1.8690156847756303
2021-11-27 12:00:00-07:00,608.824155,179.73428333333334,0.2895298092802379,11.5,467.6589460684704,59.878006711764286,61.77604116064746,190.9858652142005,0.0,297.5153960946149,496.0005271869319,1.0,297.5153960946149,140.69059449174284,1.268049244783573,11.506451055555557,2.2826720033333334,468.2410357590196,467.1473486877462,466.00305574488385,466.05197759160234,464.9713293901032,463.7257052586423,463.61171200716177,462.2380494092121,460.94622121753497,460.52165554191697,460.33332269687617,459.92455250859643,68.5336095842114,65.05956349350309,62.15074808042869,59.732059140722,57.88026278633624,56.795220460953516,56.81384080182628,58.29362555230628,59.93101297677438,63.52428956851912,67.99074432112333,73.21609734710685,19.54735788906411,270.0,0.5827070567641471,1.9147775964429825
2021-11-27 13:00:00-07:00,384.7685633333333,212.66798333333327,0.282463567193666,12.5,372.49851088437686,54.81384635192855,65.45587311184899,206.0425481850348,0.0,217.6106239442811,458.44537567525595,1.0,217.6106239442811,116.6348403997017,1.7751028812174745,11.809806333333334,2.0468360533333336,431.5703975045441,429.2128817936398,427.64815867235336,426.13682046740735,422.40301232517345,421.8094471122838,420.193440793706,419.39308215786275,417.7047323224776,416.9485723362168,415.27220687517314,413.56986721772796,56.61992826725443,54.72519178663939,53.006145453173545,51.38290958216009,50.48993761801954,49.60475665568956,50.25453715952396,50.69895279963336,53.210802065136455,55.215769334790366,58.0262908470413,62.11788086458938,43.87314412208319,270.0,0.403467993558336,2.1362668109004685
2021-11-27 14:00:00-07:00,103.92424383333334,144.57403833333333,0.2324632273480167,13.5,177.18310391945016,48.38859792800917,71.712985482168,219.4721609802106,0.0,94.50232592517955,235.62456229777885,1.0,94.50232592517955,54.251268859918355,2.822327306979576,10.603533255555556,1.9339486983333327,223.51261482897337,222.8326318649244,222.14063929171448,220.63634520917066,219.93992957954276,218.45020944028172,217.7486689931902,216.19025298364167,214.58356925210603,213.85930799309708,212.23248418603407,210.57441308425402,32.081787516884894,31.633836887095867,31.238096713454077,30.763234734478445,30.49435695134403,30.297157823872084,30.062507487661005,30.068532823413243,29.950538013804138,30.05648898054992,30.047027150937993,30.036895665627814,50.0,270.0,0.366977778440511,2.214355247456318
2021-11-27 15:00:00-07:00,97.09987883333334,78.96257666666666,0.2370407483600571,14.5,95.95417910703863,60.00170759836708,79.92186710825193,231.14238805385364,8.249009451854438e-09,43.07591707039601,151.19303750362178,1.0,43.07591707039601,24.934015414331952,2.857142857142857,9.873035016666668,1.606743415,139.67134626537046,140.32931683863387,140.61164051000816,140.88773244022235,141.18643411671195,141.7220651192672,141.95924183862348,142.20907918148578,142.17195160123018,142.4162037052016,142.62745254133557,142.8521230108338,9.34111022529411,9.198856746585133,9.26963505321938,9.244891659941546,9.45642706231149,9.517615193553299,9.78558213740165,10.05399142500743,10.179609198412575,10.510160793071687,10.838942131829088,10.941572537149302,26.620002538707947,269.99999914622634,0.5259643905627789,1.9631449920355788
2021-11-27 16:00:00-07:00,3.67012935,12.3263999,0.2464453920908436,15.5,12.485987359227904,82.86333090185148,87.50783395674016,239.4049870945282,4.059282840508795e-08,7.908642705959621,12.755000545159223,1.0,7.908642705959621,0.027363477783434773,2.857142857142857,8.3900954,0.6892683205,11.868571446467259,11.868570892045215,11.875220581933092,11.87521990567165,11.875221182954178,11.875223661496062,11.88044206519067,11.880005687464289,11.880005447885697,11.880005090170982,11.880004709105865,11.883911455594598,1.7014188116355968,1.6623334557271054,1.6337388765170298,1.6132268265919445,1.601329716672636,1.6006280746017438,1.606225496781232,1.6201833459102968,1.6413202911903682,1.6687172037663218,1.703080587937816,1.7387378126417983,5.401089173422266,269.99999396290866,0.7029363807008506,1.8615826816869188
2021-11-28 07:00:00-07:00,408.1491190666667,21.93020183333333,0.3879636976365025,6.5,51.608913796843396,78.0089911851659,85.83003619056949,122.44865907682214,0.0,11.091443618736795,114.15824667319686,1.0,11.091443618736795,20.870030808976253,2.857142857142857,11.130859377777776,2.017255981666666,83.54546922459531,83.70978585812716,83.70986868944834,83.85346795353965,83.85345052736204,83.98226847900328,83.98220390027438,84.15442429802228,84.09172176696869,84.09177278265186,84.26403770237995,84.1870738197581,3.8428379368627676,3.759438143922741,3.7026921466050315,3.664591039662382,3.6916102724162294,3.70918090254682,3.7300981107054345,3.7661771207345507,3.8176986652925473,3.945839977123697,4.030196249842424,4.1086529147595,9.299062078732655,90.0,0.6692061667815248,1.8702844954437423
2021-11-28 08:00:00-07:00,719.9108833333333,46.74364333333333,0.3177318017242912,7.5,212.0738959777479,48.99281448572574,76.72331105098627,133.16078960430207,0.0,20.81665053386108,563.0745332956508,1.0,20.81665053386108,71.16818371054543,2.8571428571428577,9.010179977777778,0.8844278566666667,532.263961284271,532.673687782162,533.0720837725569,533.4650936947595,533.6413834611259,534.0203084207078,534.185103251066,534.5433444886038,537.8378770900991,539.5578832647858,541.290125389589,542.8853841843111,6.659215234321071,6.723562551966524,6.812994413481236,6.830724717000981,6.993388453566412,7.1647890106827,7.363935949965277,8.79059188200386,10.271363630105597,11.761826295683683,13.28046913442797,14.825673802584587,43.64122258272127,90.0,0.40492980750752294,2.1334673435231
2021-11-28 09:00:00-07:00,859.8135500000001,56.07149,0.307412166944349,8.5,361.33571869570005,50.64397201731581,69.20438737131329,145.47092800469676,0.0,145.4666583530707,642.3353764808865,1.0,145.4666583530707,110.80135943822789,2.333845758333498,9.910660627777778,1.780444878333333,596.3749357830332,596.7826844601844,597.1410495468615,597.1816740370772,597.7518495906726,598.2589812500228,598.2217874860055,598.4677100589246,600.7831209570716,605.6737300682839,608.0244432091805,610.3348442998683,60.84343256111006,55.367669050419714,50.18975804866261,44.6204796144467,40.913192904063884,36.65525055071009,33.91820492882056,33.48600961486675,33.698798132024166,35.02199859005737,36.202329622657444,37.76538856311109,50.0,90.0,0.366977778440511,2.214355247456318
2021-11-28 10:00:00-07:00,916.9928,58.213405,0.3012136689924113,9.5,461.9809883353741,57.27006875945486,63.875886772736976,159.5446001575997,0.0,267.0920283963498,578.6166788098051,1.0,267.0920283963498,139.89732970245393,1.5556156247078377,13.288210611111111,0.991024235,535.526709388797,535.4104782704553,535.6072370309389,535.3684902019259,535.9303862668506,535.7089019124924,535.6784586491693,537.7441981956451,539.6944640053669,541.269904670505,542.8225767583203,546.4545384832053,71.52616672534525,63.890203284175385,57.31955123282357,52.156854579110146,48.56799311496742,46.710766501705365,45.969584992966595,47.31875800482846,48.32558873945871,50.54918049671613,52.854472300377395,55.790164135644986,35.47421933136084,90.0,0.45983171024337405,2.04276612952912
2021-11-28 11:00:00-07:00,630.76885,171.80667499999998,0.2919899643832497,10.5,474.37899133439566,60.940421898735735,61.33496615105165,175.01122897936511,0.0,307.779350055988,482.0835025556716,1.0,307.779350055988,141.1809052961606,1.119378341185907,17.009340555555557,1.6093066083333334,451.7154277019212,452.3366866928328,452.83730885369545,452.84145211419695,452.8408054427769,453.3284794409592,453.3262153273104,453.7020405937867,453.7026590149105,453.70554917705795,454.0705896134393,454.0699104324387,75.20448503480159,70.12227080131623,65.33858947398846,61.888070498240694,59.483540833850995,58.318394787581184,58.23996542456496,59.13475705196697,61.02831213923853,63.73330206678771,67.47960400180818,71.48321560255509,9.038146198921005,90.00000190909591,0.6714539948636677,1.8695588858733285
2021-11-28 12:00:00-07:00,286.8154,247.12345,0.2870539366893346,11.5,382.0603033111984,60.06561194314222,61.935459352242674,190.865901405626,0.0,244.99990288188988,396.3292526875794,1.0,244.99990288188988,114.26925390070892,1.2669172348095592,18.613589222222224,1.7197473816666669,367.212056435744,367.82795192483695,368.2570077590167,368.85718222122625,369.80354158103114,370.8256596559174,371.1696722438611,372.09690734700257,372.6260588988897,373.4002319522516,373.69970623845836,374.2405926721201,60.143065716653695,56.754269500750155,53.84092840910383,51.73216217590223,50.747876096039874,49.93447045064795,50.23932983393254,51.03967124765575,52.571346878247134,54.22521214569919,56.40194499755379,58.71330300158489,19.47238432322076,269.99999914622634,0.5833237590477016,1.9143405858218525
2021-11-28 13:00:00-07:00,438.6200166666667,198.8358333333333,0.2884788487609465,12.5,380.1079838512476,55.00454096365528,65.58905821188968,205.89195240559388,0.0,220.17219936341687,474.44024341567825,1.0,220.17219936341687,119.36188852174591,1.7757793721982214,20.01042777777777,4.706257699999999,446.4108932501116,444.14254414124696,442.616871655262,441.1536857870925,437.4931498813206,436.9703171773712,435.4851473453263,434.7437078091427,433.19241751524913,432.5040065623623,430.97440155411255,429.4232912535577,56.36096326412755,54.47210431878669,52.77601381687461,51.192040346685445,50.39835983010655,49.62038289190166,50.46406472326151,51.08945335599529,53.84835092409184,56.1583612500894,59.33003347022349,63.86099522283091,43.895112024251254,270.0,0.4033298226891283,2.1365325930937007
2021-11-28 14:00:00-07:00,333.7071966666666,107.04475666666669,0.2136961728410855,13.5,211.16843116912963,48.57902703704435,71.81892852951157,219.30495562083348,0.0,85.88076609178428,370.78984802729815,1.0,85.88076609178428,59.23192564842243,2.82814928172493,19.608221888888888,3.67513672,355.2046810849687,353.2615324906013,351.28642620392,347.2114792359732,345.2088579208629,344.29337844445877,343.83357354109177,342.81882162706603,341.76532124047804,341.3153172536819,340.2749079896445,339.20512907221445,30.37951156480283,28.96633268763728,27.69008523292475,26.36729766653019,25.404195052668378,24.60935134883169,25.10342510888955,26.043166037305287,26.759273923100935,27.73538461024601,28.45624104395058,28.990575437455238,50.0,270.0,0.366977778440511,2.214355247456318
2021-11-28 15:00:00-07:00,351.87018,70.25646499999999,0.2476681147316976,14.5,131.3380469438658,60.26593964963512,80.0033124188328,230.96727991411936,3.108624468950437e-16,34.65926696727158,280.0573974895262,1.0,34.65926696727158,36.52457043772233,2.857142857142857,18.32121011111111,5.054326649999999,264.21275769690203,263.57265248917133,263.04385828219483,262.37639415321263,261.7069438337571,260.9887313594968,260.26271948797273,260.0407001110669,259.592211144917,259.3714908699893,259.1179561421022,258.8835920745937,11.339994583925295,10.666985915432049,10.234690355335834,9.88265278512295,9.266706589005645,8.86092625353434,8.600320707167528,8.231294633481339,8.056111499110258,7.761202700523969,7.687500205934119,7.807023554337758,26.43246222610376,270.0,0.5274287031758345,1.9616831588202377
2021-11-28 16:00:00-07:00,64.51480366666667,14.935572416666668,0.2605319878298811,15.5,17.667757347243995,83.0502247732248,87.57281294379068,239.22571634979104,0.0,9.581348063133957,22.710261294798233,1.0,9.581348063133957,0.03155346771069208,2.857142857142857,16.474693722222224,5.201650783333333,18.078264163612555,18.07353049113905,18.07353096556331,18.073531384710098,18.073531628620024,18.073531589021556,18.074087457268895,18.06776378938101,18.067762534802615,18.067763732224538,18.059706278773678,18.059707120236634,2.226679905720135,2.1808316502486425,2.1367250903153034,2.101616009446231,2.074555134473183,2.056382590315693,2.0465366485935794,2.0506539813004467,2.0659369729211905,2.092256241750304,2.128900561875391,2.1789577981348307,5.268884424455022,270.0,0.704085086802508,1.8613681421674935
2021-11-29 07:00:00-07:00,433.20896075,22.352634166666668,0.4129690526719867,6.5,52.512362711699815,78.52663045092847,86.00787545628826,122.50785284286941,1.964525511419757e-08,11.554779701190673,115.02559063431983,1.0,11.554779701190673,22.469308732038094,2.857142857142857,16.202694555555556,3.95105985,83.0310996641574,83.03103023140858,83.17171329683163,83.17178593512594,83.29834793229003,83.29829833542775,83.29568919864961,83.40542068118596,83.40544146774539,83.40549928824586,83.49913045931821,83.49913695538791,4.2451063926448445,4.161288082724264,4.0896772938679495,4.04728549042003,4.0264847441637075,4.0325972187350025,4.110893340461584,4.151113067372584,4.207816779688793,4.2776594265249175,4.434562289839484,4.519289004814597,8.898453811754417,90.00000269986933,0.6726581374583146,1.869178816707006
2021-11-29 08:00:00-07:00,794.2396833333333,57.50748333333333,0.3219610433609762,7.5,237.42909953541565,49.66634933174665,76.90695079531339,133.19800013543897,0.0,27.867741873899664,616.0059933354815,1.0,27.867741873899664,80.90516761625507,2.857142857142857,18.49396961111111,4.079881716666667,581.7337630728886,581.9749437628403,582.5024495551672,583.0260812680643,583.2563611888075,583.7595918444592,583.9780417461852,584.4513220474246,587.9398303171383,589.7241447427341,591.6019175357311,593.2868354722367,8.863575894302855,8.94085813951708,9.053694048369504,9.251321361893964,9.287267396744,9.510883461582708,9.779064256712587,11.292330606706678,12.866478712980165,14.445966105476852,16.05463345740531,17.72225437016551,42.5809745205458,90.0,0.411684247005128,2.120821049030364
2021-11-29 09:00:00-07:00,912.893,95.43380833333336,0.3082533883122707,8.5,416.75805831212494,50.757331924572775,69.3912515884271,145.47778116826538,0.0,172.64392332445323,729.3368019066412,1.0,172.64392332445323,130.05530716220488,2.3503096369238063,20.78503,4.127331183333333,675.20658098,675.9000938721672,676.5354117761666,676.6845875854009,677.5493227897575,678.3374649851032,678.3943933985606,678.8898884497489,681.5235311207307,687.0945547335203,689.7638106835373,692.3873024991299,71.43499326389787,65.41524027338768,59.751449490715565,53.65451314527967,49.65057985123709,45.029868539178295,42.102381998007026,41.69095313072892,41.99374563301686,43.54005419787612,44.91232519788349,46.70682979081824,50.0,90.0,0.366977778440511,2.214355247456318
2021-11-29 10:00:00-07:00,950.2479,107.95794833333332,0.2981918439815598,9.5,523.6210780597858,57.391069650440336,64.06023576269611,159.51125091110498,0.0,305.4125305690804,650.7916159847103,1.0,305.4125305690804,160.95801781819495,1.5615216050818987,22.355650500000003,3.272909525,597.8393871974055,598.3186008999003,598.4549698937757,599.145142971095,599.3087720346217,599.6127274559018,599.7396267543934,602.6417993409387,605.2033591334906,607.3699151473229,609.7986178925122,614.2415728049025,84.03564941901863,76.11022298446463,68.82996339738936,63.17636866575631,58.443611300406374,57.02291003974555,56.04932533983095,56.9939145919054,59.04949893040203,60.72769725893791,63.81271763027205,66.8280288167842,35.73778824432922,90.0,0.4579616613656328,2.04544436935893
2021-11-29 11:00:00-07:00,970.3593333333332,53.65564333333334,0.2968965546601589,10.5,516.551927362697,61.097992039720516,61.50800665301128,174.93182153128257,0.0,335.58768725877604,526.3858534803375,1.0,335.58768725877604,155.2743665002063,1.1221542312369226,20.95507972222222,3.069418283333333,492.9940783803865,493.47494553693815,493.47826090329625,493.8520054512911,493.8500590167233,494.2278093308553,494.224797046563,494.75994868702566,494.50287317378115,494.5065550117349,495.04783748212947,494.78884736280713,82.5583725934626,75.60336988636574,70.0429078860032,65.62467674600953,62.35689792785406,60.85697660765582,60.65709094154826,61.670863135711606,63.97918964182364,67.5951440249079,71.7681350203727,76.7058537889356,9.244303568382362,90.00000256132094,0.6696777819186089,1.870130514195748
2021-11-29 12:00:00-07:00,960.6910833333332,51.02478166666666,0.3009970695136109,11.5,500.7392895379036,60.247224733254654,62.08795289038897,190.74459477928573,0.0,316.27343711218174,537.7136197413333,1.0,316.27343711218174,152.73735138424598,1.2656511845652592,21.839904166666667,1.926431206666667,500.67636384728286,500.7893484331509,500.76565586342645,500.8215912625776,501.7357687431311,502.75478608177826,502.63435837354785,503.57538147711944,504.5558838467462,505.3030969792909,505.17056119692296,506.17295017311426,80.16420962468229,73.31332669033074,67.21904101888785,62.159791407163944,59.65417389464319,57.494870810932944,57.02033294913658,58.01410627495634,59.95457733172853,62.89022531596071,66.03013457300374,70.25621238000251,19.388428301461506,269.9999987925817,0.5840146860680939,1.9138531337621207
2021-11-29 13:00:00-07:00,920.53735,50.79015166666667,0.3023199603606654,12.5,429.38186110921765,55.19055088863681,65.71520280942143,205.74169670265513,0.0,228.49824965486386,608.2711707741103,1.0,228.49824965486386,127.47065494014063,1.776168239292637,21.598819722222224,3.2078170333333333,572.9927231931492,571.1139523712262,569.2756560688632,567.5545896550184,563.2577986313629,563.4877703429669,563.4878961272474,563.4128310134079,563.4377992963321,563.4918333023365,563.6102999482711,563.7664254862152,45.67876469957697,43.250478371619806,41.18154174960494,39.44772514744511,38.97004791337131,38.633978560479214,41.30462164078913,43.682692536519625,48.5152125900416,53.556737180109714,59.86012859112773,68.04296868279594,43.907730336444985,270.0,0.4032504807034856,2.1366853056725814
2021-11-29 14:00:00-07:00,841.7274166666666,49.19097666666666,0.1666571522682579,13.5,310.4452086921821,48.7640791461212,71.91794791292767,219.13934724995772,0.0,94.87705700916831,637.1382344931721,1.0,94.87705700916831,60.20400940601513,2.833186572369179,21.101745666666663,2.636895823333333,616.2191242774009,614.0795165979683,611.9040365626183,607.4683255837768,605.2914869603763,604.9359469699189,604.7108461770753,604.2208711710845,603.7002345841121,603.5191534999911,603.0468322361849,602.5459872827964,24.67165014039878,23.338202593042848,22.214720386226954,21.053356479682325,20.40775156325045,20.016617540857087,21.28646877664595,23.234556964308915,24.84448065373036,26.76661630337627,28.276809316340263,29.40280983291811,50.0,270.0,0.366977778440511,2.214355247456318
2021-11-29 15:00:00-07:00,556.5957331666667,35.04531833333333,0.2694408810000924,14.5,130.95037614370545,60.50785467990349,80.07804951082086,230.79464227349266,1.1794947523892244e-08,15.604868288404582,335.42891661720773,1.0,15.604868288404582,39.09698896756925,2.857142857142857,19.70333572222222,2.013185806666667,310.32167482327037,310.42609593094664,310.540407558691,310.74646725866273,310.83983899580863,310.93962787023975,311.8210126733034,312.68012009829135,313.4965565278102,314.293007086494,315.0475046117161,315.868951800589,3.7832008422982426,3.736505567612021,3.7557985436453833,4.217506872701823,4.318378580307823,4.815962571607613,4.979036199552114,5.494922335057747,6.1739035497074655,6.415513552710172,6.944725697258411,7.686827857712203,26.266031100593807,269.9999987925817,0.5287301930751043,1.9603939010945786
2021-11-29 16:00:00-07:00,58.10528728333334,9.8284413,0.2377995297320748,15.5,12.229960886637336,83.2182840446895,87.63126305090093,239.04943714401688,0.0,6.304284547424843,16.67008377881224,1.0,6.304284547424843,0.01984179097081883,2.857142857142857,16.553800222222222,0.8369250286666666,12.715372421199731,12.715372689238698,12.71225764864555,12.712257876229323,12.712257987391034,12.712257930079822,12.712257723050943,12.708430449615154,12.708429895791578,12.708430637070663,12.708431077873637,12.703128837536681,1.337932773363473,1.308571703491443,1.2836925219020048,1.2626018112545587,1.246350397910491,1.233411005512418,1.229317836899163,1.23180950821482,1.2410134183543455,1.2568463957104812,1.2810799540874727,1.3088871958419952,5.1504761380832615,270.0,0.7051141253308041,1.8611804918796286
2021-11-30 07:00:00-07:00,368.6901876,19.814209,0.3989210290401295,6.5,44.360416262632896,79.03441207268897,86.18260759156767,122.56048411544998,0.0,9.909431188883175,95.9376283704257,1.0,9.909431188883175,18.423053833062827,2.857142857142857,5.184911294444444,0.8642224765000001,68.0762395798123,68.06601136953446,68.21193978983571,68.18559146861845,68.33151262121817,68.28708007196289,68.28705017005814,68.43292153980303,68.37536792786021,68.37540221646776,68.5213514671777,68.51969170175731,3.493481259446512,3.463162522391429,3.409755098588465,3.3732420931857505,3.351251313590182,3.359036621112225,3.376946605111684,3.461591060562417,3.5074750390930083,3.566708311344991,3.638800358260876,3.711256703912218,8.505089244196618,90.0,0.6760513705208095,1.868140126715586
2021-11-30 08:00:00-07:00,762.9873666666666,40.60297833333333,0.3186756976102943,7.5,211.11272927939214,50.319617943497306,77.08669259178436,133.22891332900133,1.462306798693563e-08,19.33388881648449,563.600141427362,1.0,19.33388881648449,70.8488223366887,2.857142857142857,8.363953572222222,0.9211072238333332,533.1052257394346,533.4743558766152,533.6352161381175,533.996381710845,534.342161850802,534.4998765801081,534.8308583584505,534.9753825973794,538.1480202110888,539.749536172446,541.3745349760255,542.8836009386392,6.019057593473512,6.068410024408241,6.143437976891515,6.274628175480279,6.29971281037156,6.468866677034238,7.786017774976303,7.994795087220339,9.3659388037937,10.768976527639852,12.221248678742322,13.682241763488353,41.58075989285259,90.00000120741828,0.4181624688908914,2.109121860251964
2021-11-30 09:00:00-07:00,900.1931833333333,48.88996,0.3057276106124716,8.5,363.06538890506783,50.863819542858366,69.57329326305754,145.47886897939287,0.0,144.55795982285298,656.5834775647968,1.0,144.55795982285298,108.93724099852008,2.366869336433464,8.747600972222221,1.579761875,611.4268204109807,611.8089980704499,612.1224715070949,612.1488924707851,612.6702388901346,613.1469047972229,613.0838308809346,613.2696478819203,615.369908555706,619.8875463886278,622.0588551388221,624.1897782262486,61.685681279560505,56.29235024413965,51.13384760982551,45.47807016528173,41.61491231334075,37.13366900438154,34.22009113641127,33.414973671995035,33.28331806782127,34.27856900603705,35.13793640782839,36.389672865187464,50.0,90.0,0.366977778440511,2.214355247456318
2021-11-30 10:00:00-07:00,958.923,53.89903,0.2964882053406224,9.5,470.66713367503775,57.50429843332469,64.23881800298707,159.4731702751876,0.0,271.7804828780601,593.7263619180745,1.0,271.7804828780601,139.38851378870015,1.5674999647700663,9.455692605555557,1.80414936,549.8943322478262,549.9483915295632,549.906342957886,549.8139099245226,549.8198707674081,549.5801011909475,549.7680263935005,551.8874434078208,553.4629613760195,554.9952894311871,556.7730415006264,559.9794908924002,74.2870125429193,65.77863836617269,58.94339526478303,53.51641016545828,49.65184481723671,46.71744200220673,46.28068179110105,47.173814503010874,48.56791906340654,50.09848654960118,52.514093778729965,54.87023067370121,36.0022256363295,90.00000120741828,0.45609166107159627,2.0481486957094224
2021-11-30 11:00:00-07:00,973.0651,57.620016666666665,0.2942960306205923,10.5,519.3199196044379,61.24821459159652,61.67450343915327,174.84928218826977,0.0,337.3806081610095,529.6552723636626,1.0,337.3806081610095,154.91738204947126,1.1250094157638713,10.67257062777778,2.185369783333333,495.4686012872371,496.026808053115,495.97746328873535,496.547884966885,496.36925704177906,496.92925067846414,496.76226175268187,497.32189674470015,497.32691728299403,497.06212267678757,497.62612807367475,497.6240701499891,81.71830841583211,75.38424581102831,69.85879478903114,65.24269283764703,62.24641791733937,60.74556817511674,60.49276858649196,61.602273699019364,64.17903877890298,67.50612786136458,71.8337478243254,76.52385055263296,9.456065425919185,90.0,0.6678543646598837,1.8707309865845825
2021-11-30 12:00:00-07:00,975.13085,57.514425,0.2989689786818514,11.5,511.7986710833023,60.42273075499457,62.23345604788863,190.62202761657724,0.0,323.34613759115325,549.2023725471252,1.0,323.34613759115325,155.51007181208678,1.2642518059300278,12.206150277777777,2.31400715,510.60493534989513,510.86327313651384,510.7364180330852,510.91091816007423,511.7983370198451,512.9031487290305,512.7842975197706,513.8082791693059,514.6010239323499,515.6840468773886,515.5420619184681,516.4867173184259,81.35890629911148,75.00518764349863,68.43286075688333,63.80982361910084,60.8473544869136,58.656154595943505,58.21466351162291,59.23845091772123,61.443643108652736,64.2388367864838,67.5420826037573,71.73945713128724,19.295501099398912,269.9999985212207,0.5847798580746074,1.9133159562714037
2021-11-30 13:00:00-07:00,887.9529500000001,82.94475000000001,0.3006055254489303,12.5,446.45279990301447,55.37176940914464,65.83425723287769,205.59186612286916,0.0,240.00173419659646,627.0306458715447,1.0,240.00173419659646,136.568932692619,1.7762664556503789,14.761447944444445,1.90495942,589.9214890412143,587.4077920864763,584.9720244076398,582.6428083852301,577.0700199327118,577.2108437329573,577.0105262802641,576.8416770008756,576.6545460815867,576.611496338769,576.5138374940408,576.4473831244203,52.04940699687409,49.06498735684968,46.44739487271901,44.162251526009946,43.149834887482136,42.280540230383046,44.846003810401136,47.11304056916765,51.92288849969497,56.86351782190419,63.08020051343259,71.2079253801817,43.910916254840046,270.0,0.4032304508028807,2.1367238686378993
2021-11-30 14:00:00-07:00,168.7179244,175.0962,0.2512260828105426,13.5,227.2048706006083,48.94365359560803,72.01001031821444,218.97542815176126,0.0,115.02400898352064,321.8743969643526,1.0,115.02400898352064,69.80507282143452,2.837422765273748,16.925333333333334,2.156502398333333,305.5783822693452,304.914461766617,304.2379526975943,302.7464744143183,302.0836144054825,300.3871129423841,299.5870682441248,297.7949824380834,295.94360883709146,295.1261844009403,293.2615853565471,291.3581644608579,38.836097022010236,38.54723173504023,38.342036722836944,38.02235745896181,38.01936537245627,38.12941142990004,38.07899419668418,38.41492424003688,38.548645323707056,38.999988219495194,39.25006918874081,39.447356894174995,50.0,270.0,0.366977778440511,2.214355247456318
2021-11-30 15:00:00-07:00,7.176567866666667,71.92827166666666,0.265093718954706,14.5,73.15644855733807,60.72755030928968,80.1460619624818,230.62457712728735,7.771561172376095e-17,43.842492411390786,81.52879289667621,1.0,43.842492411390786,19.599829597260133,2.857142857142857,17.044131555555555,4.333802966666667,77.02321366055041,77.11922424159991,77.2460959627864,77.35177518803394,77.49490066697199,77.61104317360821,77.75721207034272,77.47687162862277,77.21358088828379,76.91170544523462,76.31274786831868,76.019110994052,10.577973949021011,10.549857099889792,10.50822538482042,10.345569404766227,10.299840056659946,10.411327728381204,10.154998368003069,10.31767718902715,10.135882229193433,10.396712949893635,10.342244433280555,10.508972709347436,26.120601237892316,270.0,0.5298689821525087,1.9592735237063543
2021-11-30 16:00:00-07:00,1.2832440666666665,7.954915683333334,0.2547736287009423,15.5,8.006790945742452,83.3675195653282,87.683181397961,238.8762602981818,0.0,5.101997197896284,8.087716181191213,1.0,5.101997197896284,0.01541450244950353,2.857142857142857,14.827502222222222,1.636253125,7.59019275212302,7.5901929827058146,7.590193209741409,7.587671921972645,7.587671990914345,7.587671917478319,7.587671730128924,7.587671537571028,7.584592751636992,7.584593398619184,7.584593780949492,7.580302290183984,1.1598494194010425,1.1343316031141093,1.1127188625518043,1.0944305110996058,1.078162770371668,1.069246024259329,1.0657053544499784,1.0678807100944505,1.0758811438341407,1.0911933963304867,1.1106635852182865,1.1347658790584791,5.045920048737742,270.0,0.7060229395341633,1.8610183304840984
2021-12-01 07:00:00-07:00,10.08853805,31.473468166666667,0.2763749179890323,6.5,32.14340162230541,79.0629875815371,86.1924487034275,122.77319317740832,1.0864358738964698e-08,18.171786290730523,36.92193460147481,1.0,18.171786290730523,8.790194824969575,2.857142857142857,14.987754166666669,4.720940716666666,32.44248575795666,32.484735600880946,32.445360995199046,32.487401530714514,32.448017889325115,32.48688576070499,32.48684778708052,32.44740082561286,32.488681463597466,32.48872490822237,32.44937689091711,32.44726835049835,4.334413646545523,4.248096538454753,4.180231241336538,4.133832968198933,4.106311059922894,4.104983318040601,4.1277158675240155,4.171738421690657,4.230000864082509,4.3058218732238505,4.3861760302763555,4.4788637345806865,8.503280769922318,90.00000147877934,0.6760669789149291,1.8681354590042296
2021-12-01 08:00:00-07:00,91.28948716666667,125.34872166666668,0.2831912845450736,7.5,145.47677624448866,50.95282425603887,77.26241983585635,133.25356497610377,1.4560335946982944e-08,67.58591592417838,220.78319709131895,1.0,67.58591592417838,45.72989428255025,2.857142857142857,16.713780111111113,3.1734378333333333,203.71198058600265,205.0038831892398,205.58050359359802,206.84200809251675,208.04478049819357,208.6041293639691,209.75958579963816,209.90776995232994,209.96207010159117,210.02342647643457,210.68962532497426,210.83825061032724,19.39992124441621,19.208208000396446,19.47653977520794,19.91129073809177,20.409371105867237,20.55508863725228,20.783823353678105,21.03297145468405,21.547280882022452,21.712465884821626,21.917196104383596,22.050414516015994,40.63453795924498,90.00000120741828,0.42438410570694346,2.098263975149866
2021-12-01 09:00:00-07:00,271.219467,118.35747,0.2874078536773229,8.5,212.22936626880042,50.96339438369382,69.75040248424695,145.474252344848,0.0,106.46271325095934,314.02266284058135,1.0,106.46271325095934,70.75093931447974,2.3835043009866896,17.68295511111111,1.5197235436666667,282.9639693104761,284.1988170361542,285.39359296247017,285.8829933299802,287.12561195896,288.32285268278895,288.75361230227793,289.83288110086505,291.15203076599636,293.9546478240227,295.27174219601,296.5658307138996,38.728149142733216,37.0799867232235,35.62164922425989,33.995068450259865,33.1146737622362,31.99461001658686,31.452251504850942,31.709288337133493,32.204312014643,33.14865034633321,33.9882410104602,34.9618608995821,50.0,90.0,0.366977778440511,2.214355247456318
2021-12-01 10:00:00-07:00,859.4007166666667,64.50274166666667,0.3003391159514703,9.5,435.68147982595934,57.60971927399605,64.41153673394828,159.43043821999595,0.0,252.58360259744705,550.1379210516072,1.0,252.58360259744705,133.17023335470756,1.5735438027919026,20.87221322222222,2.1491257816666667,506.60145674017326,506.48693133561767,506.77369995799296,506.5537458800292,506.8538386188255,506.67697142124786,507.26619247921474,509.3005797927216,511.0983372085316,513.1237875354318,514.8508136153094,516.5425191308499,69.16750818223053,62.24003416463018,56.115254722471285,51.055426220145286,47.54391026536225,45.057398006262424,44.800363751009456,45.89884419268322,47.06133460498002,49.19414722967782,51.36497485825684,54.20489607234546,36.2671709587422,90.0,0.4542243474997003,2.0508754985377307
2021-12-01 11:00:00-07:00,969.6924,53.65029833333333,0.2966548126380893,10.5,511.36635209548456,61.39099802244914,61.83437700788947,174.76369898148198,0.0,332.23026168147163,521.922566704009,1.0,332.23026168147163,153.67542146355925,1.1279410114062254,21.142836611111115,4.367451099999999,487.86245515687756,488.31959229414304,488.2723664022918,488.817445604171,488.707739514092,489.1784485603793,489.1750829594868,489.55466815975126,489.56002567269076,489.3571729998828,489.8416576250379,489.8395230818397,81.06851128064913,74.75503366817178,69.39030948893114,64.64605655933359,61.67778139654378,60.0037971918734,59.94511622643901,61.23180196615228,63.62010952021477,66.91305659268072,71.21804358298503,76.08280079434665,9.673171783844237,90.0000017075473,0.6659860926876884,1.8713606025285467
2021-12-01 12:00:00-07:00,971.7254166666668,51.30715,0.3001788732874541,11.5,501.92585838409605,60.5920159873103,62.371907240627124,190.49828884677132,0.0,317.0211424345625,538.2586137842792,1.0,317.0211424345625,152.73019823600572,1.2627202550597714,20.81535811111111,5.673518166666667,500.47119483332364,500.3944999305313,500.44593663234775,500.4302267580721,501.47436837172097,502.44374158945124,502.32097578742184,503.27395182975124,503.9995588806194,505.0036125614345,504.86808606270637,505.5249176300058,80.86886423958923,73.71702756549897,67.21443846346956,62.62318471089387,59.65071421119088,57.45500885508507,57.01013231201522,58.245429229422214,59.896992355000506,62.880857619388074,65.82492443282175,70.31609328902337,19.193641512227035,269.9999985212207,0.5856190794575236,1.9127299962359166
2021-12-01 13:00:00-07:00,945.0717166666668,47.33413666666667,0.3018733907354338,12.5,432.5402966013349,55.548087057966896,65.94617726329324,205.44255182601214,0.0,229.77967549411497,613.4226412247442,1.0,229.77967549411497,127.32253672197032,1.7760719360841837,21.651526,5.9626171333333335,577.2957884251107,575.517179758846,573.7762132596754,572.1556886196378,568.0611412165908,568.3079590254509,568.3398744338892,568.2789000579884,568.3381806252119,568.4082876904299,568.5624258892883,568.7559659598166,45.070528104242584,42.72407845271944,40.73943406309567,39.094347269448534,38.716245972629196,38.480697412860934,41.19894910923083,43.62205649048247,48.513952575076,53.62965870924481,60.01919872144512,68.30451411127919,43.90460604759867,270.0,0.40327012417970853,2.136647490846459
2021-12-01 14:00:00-07:00,876.1119833333333,41.64426,0.1625064804935458,13.5,310.99453485661115,49.117651182610544,72.09508896375411,218.81329573145533,0.0,92.76388283584315,645.3868803366956,1.0,92.76388283584315,57.22555038623229,2.8408439840178596,22.05786355555556,4.678154033333333,624.3638242390211,622.4296044376429,620.4626666678992,616.4566724184348,614.496976948017,614.212752501043,614.0213452340452,613.6048280835207,613.1596369438158,613.0139288953368,612.6187062003347,612.1962383266508,22.56708241859814,21.427986042967436,20.495215141303397,19.523569243345456,19.060903453624526,18.848573223033455,20.144581891208674,22.115244978628123,23.749259296246823,25.68951067398158,27.21839638731024,28.35979349441112,50.0,270.0,0.366977778440511,2.214355247456318
2021-12-01 15:00:00-07:00,715.3887166666666,31.076443333333334,0.3366053794714164,14.5,152.7520801105074,60.92512907746503,80.20734067366786,230.45719041103544,0.0,14.718968144958405,401.11709124486515,1.0,14.718968144958405,54.420409021529196,2.857142857142857,21.332827833333333,3.91111335,376.27285013173184,375.5304269930197,374.7545387556418,373.9582727486738,373.11920136726206,372.2597950578602,371.35383230048444,371.2733309139186,371.1875457569388,371.08643845529673,370.9961989714293,370.79313105991264,8.329253807458093,7.577061157570219,6.840668801520626,6.772981125942576,6.077119397855273,5.424487544759479,5.376358592756815,4.779862831463743,4.766010508627085,4.245189146763829,4.2879477544602125,4.360176279757348,25.996072480481825,270.0,0.5308452324536141,1.958318763425539
2021-12-01 16:00:00-07:00,69.80748346666665,9.061107633333334,0.2303633544372336,15.5,11.827822434594193,83.49796148688455,87.7285728705259,238.70629963104523,1.5543122344752188e-16,5.810937246774814,16.94907364820935,1.0,5.810937246774814,0.016933118530595346,2.857142857142857,18.8573995,3.58520065,12.399782108991234,12.39978234321473,12.399782565798075,12.396910634426463,12.396910680906247,12.396910585748536,12.396910388563926,12.396910203861593,12.393075532997225,12.393372570259586,12.393372963630075,12.393373392433272,1.1933156848905575,1.1686634239952163,1.1463742884703774,1.1257122211937867,1.1105634736828323,1.101382499595067,1.097743323706076,1.0999970723239867,1.1082547514522443,1.124014395263461,1.1440719977393783,1.168885506088224,4.95525762446112,270.0,0.7068111069743599,1.8608804027279178
2021-12-02 07:00:00-07:00,423.787035,16.861184166666668,0.418845963302638,6.5,43.76122712373141,79.55111689639183,86.36068196754894,122.8124348970258,0.0,8.176759347026195,98.97922129821563,1.0,8.176759347026195,19.036562629802866,2.857142857142857,12.17881538888889,1.7390710733333334,67.90469216562843,67.90465361227479,68.02550207980399,68.02370564094993,68.12853304682339,68.12852286287301,68.12849993909498,68.21783559694944,68.21781048087588,68.2163882064806,68.29098264283499,68.29100358910821,3.0462711087084133,2.985140121581245,2.9328397602295975,2.9405841353042947,2.9317319623385147,2.929067533139915,2.94437174199927,2.9726139247568097,3.012824403812853,3.114727729116353,3.1810187124161726,3.2414821826998517,8.12333974460105,90.0,0.6793477441454858,1.8671766784424568
2021-12-02 08:00:00-07:00,803.3651333333333,34.759483333333336,0.3258720298502578,7.5,209.54267693653264,51.56612879683804,77.43401493761303,133.27199827738184,0.0,16.418058165920748,566.2010179278171,1.0,16.418058165920748,70.69296620017015,2.8571428571428577,16.595016277777777,1.1791885283333334,536.2017812121854,536.5079792698003,536.8076088100865,536.9434179874969,537.2272460891022,537.3848586792586,537.6577947291496,539.1185983962807,540.5511654369916,541.9557860326822,543.3811774347354,544.6980329979154,5.146170552941469,5.181078498827255,5.143684744038418,5.244368748901564,5.365893533515382,5.504844867498594,6.674072631927097,7.717145388886927,8.90481450588631,9.143101357166946,10.389837546254629,11.663163658004523,39.73743678913007,90.0,0.4303647984363565,2.0881608341504627
2021-12-02 09:00:00-07:00,920.7708333333334,43.01949166666667,0.3104976778045893,8.5,359.1121842960794,51.056022034598996,69.92246973231545,145.4639993894644,0.0,138.5323040566412,659.9807768759483,1.0,138.5323040566412,107.74100905726031,2.4001923763698803,17.606594833333336,1.25543602,615.5837781335774,615.946882188898,616.2307122216574,616.24777543677,616.7261810485805,617.1813435305835,617.0969018741696,617.231505920528,619.1511012708219,623.3121334577775,625.3158342372101,627.2776116839975,61.55718743624318,56.03464217663942,50.76861092712517,44.97641775451773,41.00154088823048,36.38328053793569,33.41584409778899,32.37852757618674,32.029715243119995,32.82119819561773,33.4643093221054,34.51812654087814,50.0,90.0,0.366977778440511,2.214355247456318
2021-12-02 10:00:00-07:00,974.8997833333334,47.02746166666667,0.3018812832793468,9.5,465.5297852203799,57.70730102014221,64.5782969825573,159.38314169716227,0.0,268.41276024818217,592.2087907053922,1.0,268.41276024818217,138.8480657685233,1.579645833120076,19.892296444444447,1.5187847916666668,548.5113617147847,548.4747867974481,548.4188377085482,548.2816903971604,548.2469056805977,548.4708631110115,548.4647420474764,550.1236818843844,551.9369932608556,553.2827779896156,554.6259818967767,556.1996506218426,73.94567531523856,66.12170655558782,59.28862724221382,53.771397528615054,48.94408091339715,46.21554785540707,46.309661096050725,46.32128781526314,47.589335328137054,49.00154955173088,51.275592025004265,53.488379684446045,36.532247353102136,90.0,0.45236243938303256,2.0536209034664665
2021-12-02 11:00:00-07:00,994.0156833333332,49.065455,0.2977105669366143,10.5,515.9182351406173,61.52625897883588,61.98755102837707,174.67516679012877,0.0,330.3534736197115,526.8876214476342,1.0,330.3534736197115,155.396810742526,1.1309453334566024,20.590449777777778,2.564145791666667,492.135075183227,492.56113519156816,492.5679729688511,493.03069782983385,493.026694214733,493.4295699664942,493.3617980384608,493.7207693177484,493.7264274388054,493.7317874953777,494.039918502633,493.98442741206065,81.40505040693843,75.00908015349549,68.79335499749622,64.30445037229576,61.15671075395599,59.24786337069936,59.16131049196633,60.033554359784745,62.27398014628019,65.5365455309555,69.64026071047675,74.61667284615532,9.895333098479638,90.0,0.6640755701005977,1.8720195301498097
2021-12-02 12:00:00-07:00,982.6404666666666,50.11436666666667,0.3011609520141312,11.5,503.7978067341622,60.754966909225146,62.503249430105846,190.37347404848921,0.0,318.17820989228835,539.8503954883532,1.0,318.17820989228835,153.66534460791397,1.2610581778959344,19.918886444444446,2.806575383333333,501.65986496718523,501.58129787229507,501.6287091905085,501.6107567410381,502.6382511956175,503.42464909333427,503.46360919594684,504.4057171811528,505.1167957855457,506.10079126002006,505.9658862975637,506.6148324275027,81.41249307203229,74.18794885741822,67.63946854992706,62.99667116842425,59.987010537195495,57.75235722737296,57.4708214795135,58.52725058184939,60.20981629841471,63.19886395079971,66.17798868563032,70.67235820671164,19.08291716609203,269.9999985212207,0.5865319268413178,1.912096426415165
2021-12-02 13:00:00-07:00,951.07975,48.43337666666666,0.3026288730369824,12.5,434.4999706375971,55.71939195548284,66.05092450154324,205.29385099080864,0.0,230.92047906058812,615.8667605974781,1.0,230.92047906058812,128.38528768354078,1.7755835834883364,20.161505,2.15676122,579.2216206247033,577.4119108877429,575.6429694060419,573.993224232047,569.8335021339262,570.078715704097,570.1022735279142,570.0378191296697,570.0906764829574,570.1577955750888,570.3038680320656,570.4909937274768,45.5542835922686,43.17568582295389,41.16085702229097,39.490354460410394,39.09223739401295,38.8370280718341,41.566788192842424,43.99802222757299,48.91795570708537,54.05885244141108,60.479914965219834,68.80948799667185,43.888756273247814,270.0,0.4033697930312129,2.136455686126817
2021-12-02 14:00:00-07:00,879.3685666666667,43.268476666666665,0.1629748385905579,13.5,312.4794494026093,49.28597444971494,72.17316391868673,218.6530523483464,0.0,90.81190774294069,647.8311299785773,1.0,90.81190774294069,57.987711521389286,2.843439061503482,20.699134333333333,1.7476286933333334,626.4389446812073,624.4587682733876,622.4453387764516,618.3425250285585,616.3333542771941,616.0344081471694,615.82788679967,615.398035579485,614.9371253821697,614.7818100941258,614.3668978075444,613.9263501646701,22.888343440102503,21.706792021791998,20.729657768265792,19.71778967260421,19.20358136369742,18.93552027225903,20.21142161463222,22.12129677533996,23.69455067335014,25.51515447811546,26.886319340751776,27.770377498690618,50.0,270.0,0.366977778440511,2.214355247456318
2021-12-02 15:00:00-07:00,706.5869333333334,32.123016666666665,0.3151466775308989,14.5,151.63871932113904,61.100703738013834,80.26188412643008,230.29259177574568,8.478152219445582e-09,15.252471517042476,396.2383462824629,1.0,15.252471517042476,51.065451310970744,2.857142857142857,20.46000666666667,1.2058220816666667,365.93757350916223,366.1490220499616,366.243617275565,366.3483336581012,366.4381985000014,366.5226122744837,367.44203252268056,368.31501014927653,369.16672061004556,369.97534110767475,370.7628034250485,371.50561924262274,4.211426254160726,4.191267425137877,4.150032037003166,4.6797098203036525,4.693549565339471,5.29795773712722,5.345347458318351,6.005988686542134,6.7099275064652275,6.776118861197375,7.521284014071834,8.283956311985582,25.892349968005714,269.99999914622634,0.5316591614511934,1.9575267651974007
2021-12-02 16:00:00-07:00,65.74878238333334,9.080942183333333,0.214582659677753,15.5,11.642217761230484,83.6096603548086,87.76745032913117,238.53967169205967,0.0,5.823212078616483,16.382423193305605,1.0,5.823212078616483,0.01644893152356736,2.857142857142857,15.814903500000002,1.0075797171666667,12.091410717703965,12.09141093266971,12.091411130381406,12.091411264946476,12.088532908721156,12.088532806009134,12.088532620438809,12.088532460099774,12.088532424157638,12.084966702529233,12.084967069197344,12.084967463740014,1.1143279607282326,1.0912619140811521,1.0704354189749634,1.0500724161084476,1.036842549834561,1.0282735968671435,1.0248818795716386,1.0269964143069006,1.0357765115737643,1.0494255104300783,1.068153582677706,1.091310367381894,4.878515018146343,270.0,0.7074783480390252,1.8607656010505482
2021-12-03 07:00:00-07:00,360.0667107333333,20.34471633333333,0.3938066354841291,6.5,43.17802319927043,79.56131729434267,86.36420004925436,123.01152287134227,0.0,10.437259228871621,90.73417070940971,1.0,10.437259228871621,17.688201148314047,2.857142857142857,4.313273188888889,0.8333277989999999,63.55366256239507,63.55361626357269,63.67123829908327,63.6690822824752,63.77111317839727,63.771100701502576,63.7710730709604,63.858016828997435,63.85798687988031,63.856280529308776,63.998290579999605,63.92891288340045,3.6367251875723245,3.55618788705507,3.5006207741404354,3.501113123373947,3.4884827444054016,3.4853271243800013,3.503700532271223,3.5375855786860098,3.585876347621638,3.6963986133360196,3.7739690214411397,3.8465146765640528,8.133922567855773,90.0,0.6792563194452484,1.8672027949945122
2021-12-03 08:00:00-07:00,679.1115333333333,58.80724,0.313418387182496,7.5,204.62074096214724,52.15965246942365,77.60135936166311,133.28426344097682,1.5543122344752188e-16,26.535487127389487,521.9018554239864,1.0,26.535487127389487,68.83353892281784,2.857142857142857,6.406933327777778,1.3034961566666667,491.5976742719761,492.088972206933,492.5716819079365,492.78936930108125,493.2844088384686,493.4937498325028,493.93101145509235,495.45608130517536,496.94945484995833,498.44644564432616,499.8792800672395,501.34802132162986,7.968922998052712,7.991208673058362,8.107468604441804,8.1157220991547,8.30819516897829,8.523773575690791,9.756356755877842,11.04479052927399,12.061716127848497,13.363708563162012,13.695598504330755,15.029891846367383,38.885476043427545,90.0,0.4361171200256456,2.078740550725398
2021-12-03 09:00:00-07:00,806.4677333333333,94.86939333333332,0.3007970641688114,8.5,369.5149919080466,51.14167377032552,70.08938583232145,145.44818498682247,0.0,149.19095618450194,654.2357404879779,1.0,149.19095618450194,115.61413444361315,2.4169098088600567,9.481820005555557,0.8286231086666667,603.3027494405728,604.1387297600579,604.8848431270004,605.1206536306564,606.0202238935921,606.8990983194836,607.0259693722807,607.5891409185099,610.1841923088601,615.6639958247981,618.3028996882645,620.887583659615,63.34971484377667,58.40644319058564,53.76729088694259,48.63601812492944,45.206365880269715,41.18553589557913,38.69833100705542,38.47044272383965,38.85814439916156,40.33756566607429,41.65486202208691,43.35033114969414,50.0,90.0,0.366977778440511,2.214355247456318
2021-12-03 10:00:00-07:00,851.1362666666666,76.15061833333333,0.2986515487115478,9.5,439.3664576227104,57.797024039313115,64.73900540126962,159.3313741460081,0.0,250.82542951729403,559.2088026127692,1.0,250.82542951729403,134.47118555133605,1.5857979582367192,10.885166805555556,1.6387956883333332,513.1087143607103,513.2624544860013,513.3106257317894,513.711546862674,513.7455236823823,513.8238825052636,513.9023709020279,516.1520335739054,518.4545908199925,520.504285889747,522.4057136844153,524.5017753311417,69.38357023924017,62.23000802576909,56.0576550600813,50.34174779174927,46.639218561615465,44.22104433753631,44.806888298616414,45.48409725862967,47.19456075687756,48.659492495387504,51.26634599797246,53.81388690199471,36.7970630009407,90.0,0.45050872400233305,2.0563807811145547
2021-12-03 11:00:00-07:00,894.6554166666666,58.720803333333336,0.2960260306953286,10.5,476.88814398240453,61.653917591027366,62.13395205331707,174.5837868796921,0.0,305.41683741811846,487.7787731345971,1.0,305.41683741811846,143.4737715330514,1.1340186548652789,12.86427377777778,2.7579115,454.80426382254717,455.42003565725855,455.30961151922077,455.82924694090127,455.8254671865293,456.2808627156211,456.27571799509633,456.22110627546454,456.6309375922838,456.63354509254214,457.25371846740137,456.97898150096495,75.03905559946556,68.68509735592163,63.553245055773814,59.495377510878185,56.38877276820172,55.12711448047303,54.94119399801806,55.75634386608074,57.79150202266916,60.75489912559263,64.88764006007531,69.02639914078547,10.12223108567488,90.0,0.6621256471652291,1.872707794553414
2021-12-03 12:00:00-07:00,969.7526,55.700555,0.300032404767298,11.5,501.5682660311423,60.911471172836855,62.627429718547,190.24768506323696,0.0,316.86181629099104,537.0804342575731,1.0,316.86181629099104,152.93363645354705,1.2592676362403776,13.743009944444443,2.8438192,503.7069930810613,502.9933777065106,502.96579573331155,502.0890476100742,501.30984245698903,500.28742786069296,500.26094841838767,499.3972308153003,498.29053932552097,498.2988037868866,498.2364594744331,498.2984881043802,70.5652872978594,66.08014236667475,63.127221195116604,60.11568842029837,58.42954847880638,57.34462285043968,58.037786671560646,59.81337745819212,62.72121064600934,68.00060029362776,73.74650948408878,80.81936017043361,18.96342448853492,270.0,0.5875177480036141,1.9114166435140227
2021-12-03 13:00:00-07:00,932.48455,53.75425833333334,0.3017798362753128,12.5,430.8212497490705,55.88556871202542,66.1484658664383,205.14586653032134,0.0,229.58546446455128,609.1128578301618,1.0,229.58546446455128,128.33374814766543,1.7748013456912952,15.443582055555556,1.7682917133333331,562.6962540828126,562.569609152484,562.4842142806926,562.4434855949614,562.4450998665992,562.5322576962461,562.5631530851227,562.3456242315862,566.8025092229044,568.6012603384089,570.5111144250266,572.4701065112414,68.24899137496486,60.09988301622246,53.83079350160847,48.81775561258066,43.99916351717228,41.64698642521055,38.99845848946825,39.40739228231432,39.95674514149914,41.75421118192758,43.894013262190136,46.39233483057159,43.86334362055694,269.9999985212207,0.4035296519190246,2.1361482721405904
2021-12-03 14:00:00-07:00,847.421,45.972060000000006,0.1636033995560748,13.5,304.40186462084847,49.44852743856709,72.24422152541034,218.49480512435315,0.0,89.63655033833388,628.5828879636125,1.0,89.63655033833388,57.774969491628895,2.8451995774018584,16.09767038888889,1.51888109,607.4487043038516,605.3957540211552,603.3085364362404,599.0527919737483,596.9637960243908,596.6354000681455,596.4169994811002,595.9609150848735,595.4737400666249,595.3038823928803,594.860199552466,594.3910413332162,23.370115004151003,22.095885254376256,21.021606151493323,19.915038988160145,19.293178261082044,18.911847626604317,20.129920062243198,21.962152148098863,23.468541358651457,25.21667823115387,26.53034411684434,27.37481132385561,50.0,270.0,0.366977778440511,2.214355247456318
2021-12-03 15:00:00-07:00,641.57565,35.49653166666667,0.2855085494532145,14.5,143.48817424054926,61.25439522514582,80.30969774780752,230.13089446693598,1.3988810110276952e-15,16.02029178829328,370.1894883992687,1.0,16.02029178829328,44.45373431873715,2.857142857142857,14.96699161111111,1.9976774916666664,347.0175150155187,346.2976015170691,345.5346676482713,344.7510853759543,343.9258463052855,343.1487827581367,342.2894598024384,342.0988762932411,341.99023382876754,341.89318487466386,341.79234553934003,341.5544066965661,7.750015015048486,7.262558013513642,6.541089577361061,6.291159034505208,5.795977918680507,5.602063263545902,5.118241985475658,4.524958075264872,4.51117296380197,3.9973545508163983,4.036106303408252,4.049712599078488,25.809344657871787,270.0,0.5323110344421287,1.95689508175134
2021-12-03 16:00:00-07:00,55.74141225,9.502548166666664,0.2203702803849437,15.5,11.642500303472412,83.70268510965622,87.79983393055146,238.3764956796064,3.634773902972566e-08,6.093192550307491,15.599924606412946,1.0,6.093192550307491,0.01677250137396888,2.857142857142857,11.630093055555555,1.5866560033333337,11.876026184214082,11.876027031486503,11.875728702270116,11.879750084327723,11.879750112474884,11.879750274027682,11.879750473277618,11.879750594792638,11.882762601961216,11.882762472559413,11.882762269778413,11.882762042896552,1.1726608342336176,1.1477819757192511,1.127652891708462,1.1129736833967765,1.1035179535094908,1.1012360795727558,1.1048759111024922,1.1140831176955073,1.1283078970944156,1.148218159788461,1.1725311692733813,1.197362541582414,4.81570397240987,269.99999480669766,0.7080245175241229,1.8606729702502982
2021-12-04 07:00:00-07:00,383.2703895333333,40.37376833333334,0.3581997138374332,6.5,63.60226744919112,80.0283941216935,86.52540060585856,123.03749275420434,2.6099865575920235e-08,25.73506998892441,107.24845906903292,1.0,25.73506998892441,23.071896960201478,2.857142857142857,3.8593108722222222,0.7004363855,80.29625863775829,80.36633355933051,80.36633285893993,80.39065270313493,80.43163321017433,80.43162544025142,80.48711639137544,80.48315263816133,80.48311742765355,80.4885411300387,80.52949939852334,80.52956057986104,8.025018835616038,7.860462650864374,7.732713747335946,7.634131854925487,7.590413279413354,7.614199678385469,7.650251250703177,7.726634632223517,7.832297019153128,7.968551715815374,8.122706592830168,8.328128470696461,7.7687072048363905,90.00000352019892,0.6824127784536358,1.8663210417115605
2021-12-04 08:00:00-07:00,473.4415666666666,103.72642166666668,0.312179993034398,7.5,204.06440528734657,52.73348247459434,77.76433351742835,133.29041636359932,7.77156117237609e-16,52.85672538154493,440.19619541811505,1.0,52.85672538154493,69.44063213139044,2.8571428571428577,8.61916048888889,0.5091383076666667,411.344767915152,412.30940834718695,413.2603907135199,413.68366455721855,414.57784822610256,414.98576308087104,415.38608288834354,417.03895860784877,418.132942403728,419.20395619845607,420.25560879619184,421.3504677407149,15.817078871864135,15.643817193199668,15.85562704771574,16.16073899798632,16.547241087297735,16.614246104780815,17.650472763705025,18.7179603988165,19.735678629398905,20.808645753381807,21.851995797197716,22.34677832623175,38.07536876688061,90.0,0.44165124108816034,2.06994264658006
2021-12-04 09:00:00-07:00,513.9228883333333,92.11878833333334,0.3030370497035213,8.5,265.77313058651185,51.22032531093606,70.25104162919777,145.42688938450675,0.0,112.17470805273506,462.0127382458031,1.0,112.17470805273506,89.96048922616166,2.433631266623681,10.82739517777778,1.030282865,419.99612218477756,420.8027675900911,421.54509502233594,421.8085969062927,422.6494534442862,423.46965809502507,423.65341619854615,424.25669065280147,426.87077349381264,432.2791325549749,434.88732188363304,437.4463903338096,46.85522430745385,43.55835329766346,40.492932994714394,37.09494758133091,34.8777885542519,32.25404812053316,30.676050178686847,31.24982127750028,32.252634455375095,34.02002280591016,35.6748188974276,37.59628824934226,50.0,90.0,0.366977778440511,2.214355247456318
2021-12-04 10:00:00-07:00,972.1623333333332,58.52702,0.3067986386065675,9.5,471.0165209428221,57.87887555034426,64.89356968578684,159.2752341348296,0.0,268.02170511884424,602.2540533263874,1.0,268.02170511884424,144.33281783138193,1.5919914998627096,14.323411,1.5556090366666666,555.5108746643199,555.2775032307401,555.5101685272667,555.2295287554359,555.4313661899888,555.2049976024143,555.4678785872654,557.6950689672321,559.3720849130049,561.0226720500328,562.9471296975461,564.53417177398,75.14369603914292,67.2929726703372,60.29549437354437,54.743992292180316,50.68685740063043,47.8249550973988,47.43913293840788,48.27964552276639,49.222595962224716,51.279898668251185,53.342093878675605,56.128444962353484,37.06121312748205,90.0,0.44866604087789563,2.0591507642502074
2021-12-04 11:00:00-07:00,999.2451333333332,50.39771333333333,0.3023382172717125,10.5,515.2978780750424,61.773899412745216,62.27350866706937,174.48966566402055,0.0,329.9757006181916,527.2211243926561,1.0,329.9757006181916,157.67798921389596,1.1371567887916256,16.340286388888888,1.2788251666666668,491.46425511684293,491.4575440249641,491.9871888200243,492.47788333466013,492.37349810760367,492.934928429025,492.77804466696944,492.78467663642357,493.2931271129811,493.09264978397783,493.6559123569576,493.65281158180414,82.00594762210747,75.49446206814265,69.75145020753443,64.79489191902826,61.92033363111922,60.304981899464984,59.944444294972776,60.995108046202276,63.29169578768567,66.74779250953117,71.07052790679357,75.67851295413767,10.35352088521801,90.00000319452846,0.660139400299547,1.8734252703904906
2021-12-04 12:00:00-07:00,990.9824666666666,51.89593,0.3052928702731115,11.5,505.727084102296,61.06141511393628,62.744398254262975,190.1210289870888,0.0,319.4161137882007,541.0882552544961,1.0,319.4161137882007,156.43818631433496,1.2573512612174083,17.24113427777778,1.9120392166666669,507.02555895609925,506.2049457775132,506.32039104017355,505.4907060168777,504.6011147765975,504.7493235438231,503.7565826412769,502.9452505223204,501.88643911573143,501.9111952680317,501.85711834579246,501.93013280787414,71.97342482667433,67.42806460551655,64.38063731606933,61.33454035258631,59.58082855977977,58.53644467998187,59.24370081880369,60.90686855876201,64.14518756519097,69.60252641704218,75.37963355111918,82.8491453011721,18.835286990340258,270.0,0.5885756745509947,1.9106922516629228
2021-12-04 13:00:00-07:00,952.8174333333334,54.48338,0.3062132027304771,12.5,438.3983415659067,56.04650329945419,66.23877231527993,204.99870636033063,0.0,233.6078546721965,619.6687067351324,1.0,233.6078546721965,132.1464518837948,1.7737258713438646,19.02243744444445,1.3527100666666667,581.9026654376254,579.9309092824651,578.0148114055492,576.2109430350406,571.7193313774958,571.9481556140361,572.1575652131771,571.8356349079847,571.8442247174305,571.890557479171,571.9847473224162,572.1254310652072,47.597315642616564,45.06503463361215,42.90133408219515,41.096822917306305,40.57511759140013,40.82852791443605,42.935107673909286,45.364455377748996,50.34419150701747,55.524576132048814,61.99918806603723,70.41605636206413,43.82836317882837,270.0,0.4037498086833823,2.1357253496946234
2021-12-04 14:00:00-07:00,869.53815,44.7703,0.1658302980398979,13.5,309.0193217365031,49.60521514624509,72.3082529982072,218.3386654686321,0.0,90.42660738817483,639.7811048252045,1.0,90.42660738817483,58.64257555246532,2.8461197525026543,19.372839444444445,1.4733044633333334,618.0785625888186,616.0593894579264,614.0063616190172,609.8216730617671,607.7712858877778,607.4577708813129,607.2445188558063,606.7996874979023,606.3233620198807,606.1609946044416,605.7303530038715,605.2738185000561,23.336480234888846,22.118305734347455,21.105244672927434,20.05731567745177,19.508693645719138,19.207035300169874,20.477748288938095,22.383420184986672,23.951906382060013,25.769341555745374,27.13698313530814,28.018244547704555,50.0,270.0,0.366977778440511,2.214355247456318
2021-12-04 15:00:00-07:00,706.1427500000001,33.730575,0.3046881260126261,14.5,152.0910395871967,61.386326161549604,80.35079242797431,229.97221504007388,0.0,16.0788023749232,395.10221285238964,1.0,16.0788023749232,49.81215188823273,2.857142857142857,18.63483961111111,0.9575573816666666,369.9555368037945,369.1979906753035,368.3950108996687,367.5705689321971,366.7366953456567,365.87944758458576,364.9750484718399,364.88901987573564,364.6754856467277,364.5790650620521,364.4786805776995,364.23991894107104,8.202641649660176,7.686901430856697,6.926530142030729,6.665332666879767,6.148489405869356,5.9395205595983045,5.427103182165823,4.8118499910054275,4.787607010798035,4.247164869129964,4.289181672076245,4.30757208275041,25.74697677758138,270.0,0.5328011343548871,1.9564216954896492
2021-12-04 16:00:00-07:00,69.85399206666666,10.835389666666666,0.2330561572852678,15.5,13.485560798071038,83.77712000568992,87.82574959756235,238.21689326383844,0.0,6.947501194975157,18.388567892615157,1.0,6.947501194975157,0.018738992243850738,2.857142857142857,14.918763666666669,0.9673506166666666,13.804803612982052,13.804803882140657,13.804804116695426,13.804804258141736,13.80480425414374,13.801369611949976,13.801369372675062,13.801369188693265,13.801369163928374,13.796783737775993,13.797143492379465,13.797143992848987,1.4435518641206488,1.4135679904484146,1.3843611051709122,1.360370410897317,1.3432090051407892,1.3321074406963611,1.327722769006396,1.3313237441279355,1.341916615037093,1.3596290015034092,1.3839053552773537,1.413900428301961,4.7668246360704805,270.0,0.708449579645664,1.860601713850965
2021-12-05 07:00:00-07:00,38.8191515,22.8656515,0.3011389083454698,6.5,25.220621186546765,80.01856859059727,86.52200733691562,123.22311907700738,0.0,13.1326942992769,31.969468239421467,1.0,13.1326942992769,7.65842029411077,2.857142857142857,9.279048688888889,1.9209194366666664,26.57255865415101,26.593011168765933,26.593011461804473,26.611827908756126,26.61269546933721,26.612691515612802,26.62939495370071,26.627694751584137,26.627679519282097,26.64079334033714,26.641652647561685,26.641679000229722,3.43640330375927,3.3658061620828477,3.311005496041221,3.2688966004653066,3.2497934714900913,3.2564754952737,3.272181958706618,3.304940851621824,3.3502491000910495,3.408963013769242,3.4747033409675714,3.558451438128954,7.7931647366800085,90.0,0.6822013113092995,1.8663788331455757
2021-12-05 08:00:00-07:00,22.643020816666667,114.549775,0.2768936302868626,7.5,119.28735528808554,53.28767233167119,77.92281695118352,133.29051667358908,1.4325217628964977e-08,66.58839792297069,146.36374892052942,1.0,66.58839792297069,35.501542738834935,2.857142857142857,12.917682055555556,2.26194944,134.48119732680493,135.69623245076104,136.89277749642838,137.42714952758053,138.5542252148795,139.0652902033558,139.65416096207247,139.94093087254845,139.66389318827513,139.39334514058177,139.20249788549125,138.95197641677055,17.95772103600258,18.10262902616588,18.018887930371537,18.38964489935822,18.85766864489818,19.319730895755672,18.9484976534209,18.967226990422763,18.899150616966658,18.845245070374737,18.72761898248753,19.141374451385627,37.30437441137334,90.00000120741828,0.4469754343928031,2.061715644536777
2021-12-05 09:00:00-07:00,4.1242052000000005,153.3562,0.2708886451131976,8.5,154.7391741915533,51.291955188563264,70.40732788648532,145.40019614333994,0.0,99.9562846892265,146.32411406451396,1.0,99.9562846892265,51.42727036345624,2.4503299238275176,14.847314388888888,3.477961688333333,127.26850475897453,129.23463686807332,131.16815550420893,132.0245276241546,133.92053863470386,135.76415480839586,136.56837683196568,138.36653255698104,137.88915263873065,137.09886978822936,136.64284897759632,136.19224590999323,31.95153451503025,32.14115965797859,32.52540754397981,32.898846721154904,33.5468120519405,34.132487478537065,34.839538299417505,34.40970812569976,33.987869854107565,33.6801408037244,33.24899515311535,32.805483389380626,50.0,90.0,0.366977778440511,2.214355247456318
2021-12-05 10:00:00-07:00,0.4380116666666666,185.29046666666667,0.2669350811702692,9.5,185.47528805560748,57.95284882164794,65.04189811511017,159.21482326916293,0.0,122.69113500454817,171.97672064072805,1.0,122.69113500454817,54.42868978396148,1.5982172030400066,15.048613611111112,5.474263816666666,154.16723212679625,156.18534385535162,158.18096888136256,159.0603355455463,160.93906812027046,161.78164239434605,162.7715656634226,163.28243159019252,162.84424887335507,162.41700362546896,162.12938844960578,161.73443032204975,31.981190321997786,31.91405441523197,31.497230901458487,31.885071191546572,32.48877210362036,33.11563836531418,32.45830487844246,32.47050124220183,32.35022541318093,32.2945451427177,32.13830144940913,32.8583108571529,37.324283135626075,90.0,0.4468372580331333,2.0619262781327587
2021-12-05 11:00:00-07:00,6.260489783333333,218.65251666666663,0.2686016816142402,10.5,221.55238116561802,61.88613593053987,62.40615063703326,174.39291271648256,0.0,142.96977877922365,218.59837398597912,1.0,142.96977877922365,58.26739678626979,1.1403549214132456,15.330509666666668,4.065582783333333,207.26104206679997,207.61989737805874,207.17036315521483,207.08697041770367,207.05543237803496,206.9790306418884,206.9787846207747,207.36467951775018,206.8886189338521,207.28085359428457,206.82875771501648,206.82803487538723,32.71149080435204,31.73084369408535,30.98671045669654,30.395203751027427,30.1270305789936,30.048156262625845,30.15880528130026,30.515396997304027,31.049296734111746,31.722753956000123,32.43901246608171,33.2820572678355,10.588834773252673,90.0,0.6581200987296396,1.8741716800627786
2021-12-05 12:00:00-07:00,202.89066,243.39376666666664,0.2855236336631039,11.5,335.9642142380867,61.204686298597,62.85410701926608,189.99361642696437,0.0,216.03101338607618,342.90779991657695,1.0,216.03101338607618,98.19747997827562,1.2553119290308952,16.078831166666667,4.3756463,322.9612674031256,322.52432474472187,322.6033834110201,322.1579211501654,322.1397811615519,321.7769668004807,321.25019142185533,320.8300460346994,320.2626999516583,319.6700399073102,319.20868996010734,318.5807797137933,51.195851259108295,49.53143561059032,47.795082386109875,46.606720765217844,45.62470377803645,44.85915379647946,44.82332123988629,45.19340876102786,46.10506045134182,48.00934437695634,49.878974651819654,52.873816305660796,18.69865204690536,270.0,0.5897046468900554,1.909925036847318
2021-12-05 13:00:00-07:00,480.1107633333333,188.4475833333333,0.2915158291501622,12.5,381.25962298505067,56.20207288760349,66.32181733866285,204.85248198520839,0.0,218.831356293037,485.48181267628047,1.0,218.831356293037,122.52912402295982,1.772358996140087,16.388880166666667,5.1776359266666665,455.09003805450266,452.4239833783671,450.37325488102397,448.3741965409927,443.60716449459534,443.1662491357141,442.70028831468755,441.1710542003886,439.79660853259577,439.1890938455382,437.83440395268536,436.47126472342563,57.238351373356316,54.834374100528656,52.647123615166464,50.6161949358317,49.41757607880098,48.69368903078054,49.273835887511595,50.06327898412343,53.01499697483802,55.581148764010045,59.03815806811059,63.90009585638961,43.78382558984597,270.0,0.404030302122448,2.1351872680640955
2021-12-05 14:00:00-07:00,869.34795,128.04849833333333,0.1945865963150114,13.5,391.4156359249365,49.75594325289718,72.36525270737714,218.18474797955838,0.0,140.71752523371003,730.1613752832545,1.0,140.71752523371003,90.52717524131411,2.846196248113076,17.122005722222223,4.400776,701.7488497729476,699.4519207710911,697.1158537168877,692.3061508194579,689.9795000392293,688.771336234814,688.1273555249481,686.7402156281482,685.2918771964739,684.6886759368995,683.2750730007626,681.8161110291041,41.49644187260123,40.1612600118671,39.068118431429,37.89664769493372,37.35639569149944,37.11249596249903,38.303356661780214,40.288026834388276,41.85208940655329,43.7865452617561,45.17828684464345,46.0349774557648,50.0,270.0,0.366977778440511,2.214355247456318
2021-12-05 15:00:00-07:00,342.58118333333334,99.85788666666669,0.2397513429399523,14.5,157.07707402643194,61.49661813731062,80.38518266410539,229.81667251548546,0.0,50.675473076997434,305.78494674102035,1.0,50.675473076997434,40.66751943820396,2.857142857142857,5.703684816666667,5.202369866666667,286.98252517176263,286.5840813197142,286.139096445305,285.96969736988433,285.5116435695418,285.06288837300485,284.5612732794083,284.2801463031722,283.60794835957574,283.2941996079589,282.9681607416961,282.5973888362787,13.633095287070859,13.370992807360292,12.830192818190397,12.418575398763554,12.168331846352787,11.817765192468118,11.583968605918848,11.199070034517774,11.16325318186993,10.981277524566378,10.971162806077709,10.978298876479165,25.705180883429783,270.0,0.5331297193354163,1.9561050524654626
2021-12-05 16:00:00-07:00,10.563596666666664,18.0564013,0.2563916803786204,15.5,18.453582155755313,83.83305666775139,87.84522708544715,238.06098788770072,3.8733050987333555e-08,11.577120982037325,19.16043253784105,1.0,11.577120982037325,0.030771147268625544,2.857142857142857,-0.1371853140277777,4.03856495,17.581305789620362,17.58130512550635,17.580645593942595,17.58828687165114,17.588286905505345,17.58828722875851,17.588287664619838,17.594011287614606,17.59401131469064,17.594011074687632,17.59401065840913,17.59401017152692,2.591533701245792,2.5365527696279933,2.492044028384233,2.459558007692776,2.4401215009499153,2.4334551524501182,2.4414871840965136,2.4618380022366986,2.493310621074651,2.5372292104552363,2.590425480926537,2.645444297464638,4.731869347360679,269.9999945331813,0.708753574700811,1.8605512007458382
2021-12-06 07:00:00-07:00,22.62166265,18.380503166666664,0.2866629515821206,6.5,19.69230399171807,80.46314374887021,86.67562727264183,123.23597905970054,2.779091818266004e-08,10.782348202109997,23.547769956896094,1.0,10.782348202109997,5.700991792515448,2.857142857142857,-8.63597203888889,0.9574140433333334,20.00701556536382,20.00884241211717,20.023891653527578,20.025759606825883,20.025785047953153,20.037026482785393,20.038860667701492,20.038850384376914,20.04902101987907,20.04901084436701,20.05085661385158,20.050873374279526,2.6875947960016107,2.6324156428502334,2.589513327241536,2.559769834427742,2.5415791385067683,2.5403206219420404,2.552529064787873,2.585000108872287,2.6206518555331426,2.6645570225665374,2.7183201760689237,2.7737040376085687,7.444013138613429,90.00000372151304,0.6852213326565217,1.8655709247905885
2021-12-06 08:00:00-07:00,41.88666033333333,72.83628166666668,0.27648448538609,7.5,81.49016093922327,53.8222504773065,78.07668925670114,133.28462571219245,1.4268773869802525e-08,44.340183608377245,104.44490434689777,1.0,44.340183608377245,24.98859066823971,2.857142857142857,-7.347195577777778,1.08056474,95.43419358742341,96.23417531398127,96.60480232210372,97.36973534847772,97.77303116600481,98.49696065476417,98.83031495147092,98.82366410648545,99.23249577584103,99.22099516051753,99.21159262909717,99.24982900018134,11.992297929773645,11.856805021533596,12.023169708556882,12.26891075167196,12.305059168424014,12.632787066429893,12.768419086891003,12.893392459987465,12.775060786266158,12.858094282165805,12.960301087253885,13.020947662756411,36.57018558325985,90.00000120741828,0.4520964798133466,2.0540152392379563
2021-12-06 09:00:00-07:00,596.1630483333333,124.33388666666666,0.2953240619136373,8.5,322.7668909794937,51.35654342220263,70.55813590114853,145.36818992191388,0.0,141.40012619350625,543.3098161402913,1.0,141.40012619350625,103.07144990055689,2.46697763766853,-4.350124133333334,1.1036978458333333,497.65591338365186,498.8755893477095,500.0147502465466,500.447126237493,501.6807162248933,502.88144477182936,503.22966768217856,504.18479259343786,506.24209539736273,510.6446182773533,512.744009755717,514.8041614989604,57.46198927829678,53.98463927277533,50.76901237345046,47.13358911944784,44.75777994791053,41.90555528335469,40.21433007070287,40.071972113647156,40.39140158371929,41.552715368455715,42.57710873506132,43.88572627707232,50.0,90.0,0.366977778440511,2.214355247456318
2021-12-06 10:00:00-07:00,331.13528866666667,192.41416666666663,0.2807152617111353,9.5,331.3940159097642,58.01894194486562,65.18389978606795,159.15024381689705,0.0,201.08534318871597,383.2010446443868,1.0,201.08534318871597,102.4138686857868,1.6044653179343735,-3.102417722222222,1.3794176649999998,345.1056358673228,346.5789271297791,347.2591585280002,348.6758211742591,349.2868048754008,350.89968610221723,351.5316566191682,352.99942363156384,355.0862721421482,356.6177016000212,357.9105535164901,359.180600696548,52.98599743197552,49.914717725156095,47.422152441537236,45.09477634191454,43.59636082751217,43.14711713147958,44.071720214464456,44.34534049985847,45.70372503009375,47.067499191827366,48.847481925998345,49.877328490486974,37.585853010062095,90.0,0.4450252400811913,2.064702586049912
2021-12-06 11:00:00-07:00,146.2424225,222.92168333333333,0.270195220674894,10.5,290.37689325916125,61.99055822991265,62.53180871005871,174.29363834318067,0.0,186.89709416806315,292.0658218530933,1.0,186.89709416806315,79.41587633628042,1.1436085830904112,-3.5022174555555554,1.7212398933333333,273.9360857274696,273.88843340472937,274.20150844331175,274.4473381329797,274.48041211907355,274.6560239320809,274.6909301786534,274.8838012235547,274.92065600859,274.8858349616819,275.08272387759837,275.08128706232384,42.67162449570709,40.67586919190253,38.83958858880417,37.70009731495429,36.924297646159516,36.51810490214116,36.622876707272084,37.254098645479495,38.126376891990546,39.311911867938754,40.75647881822591,42.44068843898768,10.827787154652325,90.00000241483653,0.6560711602064145,1.8749465976202893
2021-12-06 12:00:00-07:00,199.16946066666665,228.2679833333333,0.2693968146247499,11.5,318.82370365718623,61.34117194455798,62.9565091822083,189.86555917697478,0.0,205.00073612675874,325.2193839857257,1.0,205.00073612675874,88.26640841889466,1.253152871655891,-2.570890205555556,1.6341152883333334,306.2581216364976,306.2023350636779,305.8995766633715,305.45980450693787,305.4225273740775,305.072158849718,304.5564283938878,304.0326199840941,304.0891986481796,303.5534146438215,303.13139524300414,302.5577140161212,46.132319968712494,44.64907161275538,43.07721884249548,42.01819238913325,40.76767357670781,40.346501886620075,40.30783471858572,40.619674230707595,41.42793645228603,43.125374836288344,45.066228463823755,47.43790843274226,18.553686906835583,270.0,0.5909034455765182,1.909116936884184
2021-12-06 13:00:00-07:00,407.82746683333335,188.0297833333333,0.278489818792037,12.5,351.318926287081,56.35215695339366,66.39757592303033,204.70730640516246,0.0,204.12894855578597,435.30926225416806,1.0,204.12894855578597,108.08007424561788,1.7707030603798086,-0.7708751906222222,1.3069738683333334,408.4009022058389,406.2121226363261,404.7336967366817,403.0285608637821,400.62896719780343,399.24998492548133,398.7027326830863,397.08691499954534,395.58864226865677,394.91453839772646,393.41986261176487,391.9108521389726,51.886666625738876,50.08431897027738,48.45102422228121,46.93250970815439,46.097812882685,45.6463666124974,45.95062880431432,46.86956812480229,48.264591681929204,50.8175177653378,53.54346401771844,57.473871375762975,43.72975399296063,270.0,0.4043711207704594,2.1345345874903945
2021-12-06 14:00:00-07:00,131.44725283333335,175.79309999999998,0.244098847697331,13.5,215.50551392855903,49.90061862244697,72.4152168371846,218.03316862297316,0.0,111.087979129067,296.6823849467346,1.0,111.087979129067,65.99080123577673,2.8454279573418884,-0.423441795311111,1.602504155,281.1596291620257,280.5116152913148,279.8516075031524,278.3946873829933,277.7416156839697,276.03591535111195,275.2294201653797,273.43757907916716,271.58732964294154,270.76165796120324,268.8916157099788,266.98506656767177,37.62926474157196,37.29924647760793,37.03831676509486,36.673651965869254,36.57968719161512,36.5796388336304,36.41094507707943,36.55570999936424,36.52745177030395,36.76182313549812,36.81196453657588,36.792173129345564,50.0,270.0,0.366977778440511,2.214355247456318
2021-12-06 15:00:00-07:00,129.2037935,96.46802166666666,0.245419703035786,14.5,117.98652666429486,61.58538587781721,80.41288499496932,229.66438678649888,0.0,49.886129426915375,194.5485323385946,1.0,49.886129426915375,30.94146152484961,2.857142857142857,0.0590164468888888,1.4998893783333334,182.72912593811498,182.54388205188604,182.32142775914082,182.40711052850827,182.18110414362542,181.97391129823777,181.72288947252582,181.44697338722798,180.78509801544408,180.4771360880115,180.15692710204036,179.79198376143796,12.669180171594691,12.548210094984595,12.200175282408352,11.830042868454644,11.721705282924468,11.402951301418257,11.310435788842035,11.089692187525605,11.054185720274111,10.884696131735959,11.017664426856573,11.029151874273992,25.683910489167104,270.0,0.5332969841982516,1.9559440934010794
2021-12-06 16:00:00-07:00,1.3505953666666668,12.3810959,0.2534008727775442,15.5,12.431569056648666,83.87059264844927,87.85829828488198,237.9089033073485,3.1617615947137086e-08,7.938156159997564,12.504392545641245,1.0,7.938156159997564,0.02091232891775346,2.857142857142857,-0.5776261883333333,2.0235466816666667,11.758399611411159,11.75839902240262,11.757952063891096,11.76319161481212,11.763191633165702,11.763191846235726,11.76319214040431,11.767116774276206,11.767116800295328,11.767116645798072,11.767116369315062,11.767116042328812,1.7562763490023179,1.7190198503042138,1.6888547673559144,1.666834066097155,1.6536552639291513,1.6491369845303334,1.65457762877559,1.6683688762282722,1.6897023105959994,1.7194743978220965,1.755560686200524,1.7928663648996384,4.710825994686118,269.99999556366197,0.7089365894724631,1.8605209703355345
2021-12-07 07:00:00-07:00,6.379694166666667,19.089908616666666,0.2601505753475018,6.5,19.461070522120735,80.43161383304086,86.66472637188889,123.40833731524128,1.2835805042853735e-08,11.840836314602972,20.58887280436204,1.0,11.840836314602972,4.996356081073755,2.857142857142857,-0.4912665419111111,2.67910258,18.75269797665287,18.727822009957844,18.752952808116518,18.72811973052673,18.72814469091866,18.751920835378996,18.727053220509415,18.727042866000595,18.752089781932057,18.752079904300306,18.727225333481428,18.727242766007308,2.665142645796345,2.61015007145274,2.567401412307096,2.5371950737100137,2.519156467480394,2.5179097880299657,2.530114518575928,2.555570692439678,2.5910716007259618,2.6348080527692974,2.6879095781455624,2.743010347983257,7.483851355944741,90.0000017075473,0.6848766243644346,1.8656612467317935
2021-12-07 08:00:00-07:00,213.49568516666665,63.29929166666667,0.2918144307226772,7.5,106.86409169373613,54.33722484445146,78.22583175303235,133.27280502688666,3.108624468950437e-16,33.76552276605758,212.361200079237,1.0,33.76552276605758,35.06898837050971,2.857142857142857,-0.3076589734777777,1.2253088183333332,197.06108212387443,197.66056644902488,197.98336955911554,198.5507888072084,198.81128396946227,199.34860787697244,199.59699637407235,200.2483838026993,200.8430385365864,201.65430695908583,202.24080155462565,203.15163779002415,9.385333766568731,9.437238754248314,9.383897674956309,9.535002072155043,9.770131835930474,9.83370771425047,10.38834095544977,10.954439069148647,11.543461456790554,12.109609678590799,12.443263554467705,13.005873103470362,35.87083848003907,90.0,0.45702000083212474,2.0468028788927604
2021-12-07 09:00:00-07:00,718.95465,63.21008833333334,0.303838402442586,8.5,300.79516767297423,51.41407101955565,70.70335894704917,145.33095469100795,0.0,115.53409259934914,556.3387088734135,1.0,115.53409259934914,94.95091060560101,2.483545211314674,2.198583127777778,1.2915527933333333,513.1933287309218,513.7631972096689,514.260956770583,514.399252947599,515.0088281722589,515.5992451358229,515.6773803141979,516.0037398271292,518.3527789211693,523.3188823783117,525.7180436781229,528.0746882444437,52.2030926927944,48.0605292685424,44.13350584063965,39.73550648002965,36.65003064122401,33.05844197831204,30.794430695489282,30.57380867391449,30.899469235461186,32.14446232869552,33.27353864533579,34.74835445867366,50.0,90.0,0.366977778440511,2.214355247456318
2021-12-07 10:00:00-07:00,691.5166706666666,82.490395,0.2857871294927804,9.5,371.23876472677614,58.0771573693077,65.31948573744779,159.08159662475828,0.0,212.7575743271274,477.3046696192821,1.0,212.7575743271274,111.20325773790526,1.610725707861242,3.160983366666667,1.6268346883333331,435.58765632964696,435.4872204981464,435.85856387966874,436.06060424553857,436.34861949697995,436.29297826578835,436.66195146944466,438.8107839098804,441.0658194229262,443.04467403555617,445.0329107607012,447.09325906201224,56.08558098941447,50.41291249243721,45.004691864220696,41.19757360079404,38.2474619407605,36.52373885099912,37.00294332979519,38.2625103237388,39.65299687946471,41.46703719581525,43.61402896075564,44.790985595974696,37.845502526067555,90.0,0.44323281157960137,2.0674748456123315
2021-12-07 11:00:00-07:00,957.18775,87.78514833333334,0.2930580508623774,10.5,527.5348185669216,62.0871050031496,62.65041533676919,174.19195125156946,0.0,337.94613104341187,541.8227955271163,1.0,337.94613104341187,157.83814783370195,1.1469125544769134,6.046304427777778,1.4599342783333331,503.20022762651286,503.2196097729804,503.93097442334937,503.92920773971855,504.6402794471957,504.6328620079305,505.20237908102314,505.211383936853,505.7885950169136,505.7849444940877,505.7153065616076,506.2164102742327,81.67637320076413,74.7025039148549,69.53065222927692,65.25405208374814,62.096495619051716,60.655172269195404,60.57785339575994,61.945994000360976,64.22253943505187,67.47837988521833,71.98929585661543,76.61272112147158,11.069980019616384,90.00000225887273,0.6539961028566951,1.875749456445058
2021-12-07 12:00:00-07:00,969.1657333333334,56.203605,0.3005152878042595,11.5,495.418385702165,61.47076063688813,63.0515593785666,189.7369677731019,0.0,312.978149373501,528.5743411845912,1.0,312.978149373501,151.43363258498928,1.2508775686005387,8.332413055555556,1.8620657733333332,494.4787060520579,493.4262223573981,493.59494819183635,492.73619994368164,491.8508335785883,491.8884817270487,491.01727370704083,490.0227041107488,489.1157155378831,488.9742854530944,489.082422486915,488.94740665307,69.56007115166882,65.59463478193163,62.34698365253373,59.72098343919525,57.79032099521861,56.76153010904283,57.215991808897265,59.537904918854395,62.724683981898814,67.19998290246262,73.59856294902663,79.95815461120205,18.4005749499906,270.0,0.5921707206579517,1.9082700130117383
2021-12-07 13:00:00-07:00,951.9568166666668,51.74736666666667,0.3036427795928353,12.5,431.85687196407434,56.49663381670321,66.46602440206962,204.5632917110074,0.0,229.91442395298287,609.1282059832461,1.0,229.91442395298287,128.93073695274612,1.768761115905338,10.65588145,3.409422533333333,571.3290346471117,569.4864374481041,567.5871320838121,565.5178907451784,561.7085020167614,561.7253311307559,561.9220344501103,561.6211414383308,561.8851019055794,561.7027931928748,561.7963176806969,561.9525426386097,46.196718853048395,43.7312945503243,41.623991244944456,40.42114912181055,39.409287545136635,39.6716065892918,41.745107989148316,44.866329466748475,48.87462957665999,54.0936265076636,61.35330847098944,68.66940053539416,43.66618171792998,270.0,0.4047722168198874,2.1337680505023573
2021-12-07 14:00:00-07:00,670.5693308333334,51.272776666666665,0.1772581084521934,13.5,253.3840172698245,50.03915065314632,72.45814287090964,217.88404245963292,0.0,76.58309793132469,519.7351758014213,1.0,76.58309793132469,53.73865401428582,2.8438158645708396,11.928818444444444,6.239327633333333,500.79023239605027,498.72483457484174,496.6253213371884,492.34008367043106,490.2280711106124,489.8995892215584,489.6896528169991,489.2477741468441,488.77727226908024,488.60923002747757,488.17623099229127,487.72012266959405,22.584209160445056,21.21842672219463,20.033072995376514,18.82063015920161,18.042820017578485,17.48161352534523,18.53984257818186,20.14207555040269,21.455263377063865,22.98686275803429,24.134562177350173,24.87181354634198,50.0,270.0,0.366977778440511,2.214355247456318
2021-12-07 15:00:00-07:00,227.13284133333332,29.251461666666668,0.2358924787117748,14.5,66.99754213527284,61.652735416745124,80.43391719734606,229.51547649006667,0.0,11.607575562669046,162.11492264663346,1.0,11.607575562669046,19.23385461670602,2.857142857142857,10.093049466666669,5.566757483333333,151.94725925496306,151.39042304605263,150.80226228192979,150.195811756716,149.5838851240121,148.9535433362795,148.29116130650218,148.22662638583358,148.07265213935366,148.0006598395799,147.92583378693493,147.84091057629635,5.308281377020583,4.9327070271107365,4.385712605103433,4.205221898331378,3.832360968418156,3.6872892846135117,3.318243650967891,2.8710549536174854,2.8627819870430593,2.7992325674769987,2.480698179745361,2.4813871261906346,25.68314067350944,270.0,0.5333030383890336,1.9559382703179224
2021-12-07 16:00:00-07:00,68.19192308333334,9.18798885,0.2154530097712742,15.5,11.921627301223324,83.4231662638747,87.70254424661454,237.5970479565685,3.080218330999682e-08,5.893011834910796,16.980385148954063,1.0,5.893011834910796,0.017999201894258264,2.857142857142857,9.704028544444444,7.174492066666667,12.49214647075641,12.49710466154702,12.497104288098445,12.497103655843926,12.500710966141103,12.50071115755183,12.50071133884438,12.500711404935162,12.50071133036232,12.503623463207726,12.503623238422175,12.503623012561366,1.1087876885136358,1.0852430884727946,1.0662269687613135,1.0513168756907125,1.0435074420058574,1.0413864805763295,1.0448471025543002,1.0535572482145237,1.0697855275413328,1.0876490056237869,1.1087497076202102,1.1337230843732853,5.073542853247957,269.9999957311318,0.7057828244106379,1.861060849709936
2021-12-08 07:00:00-07:00,365.7469366666666,16.519353000000002,0.4148912259410137,6.5,36.87074723504303,80.85224042723237,86.81022194004956,123.40826802925773,2.0287117729382035e-08,8.133377932653227,78.40836514382569,1.0,8.133377932653227,15.830095504082141,2.857142857142857,4.944521661111111,0.9181145363333332,51.481561911328,51.5712474442985,51.571235470100824,51.64630017924092,51.64631587318995,51.64632062336628,51.7608625612759,51.710119138667224,51.71010852675262,51.71009744525941,51.76088423836735,51.76089059526195,2.9707907193799317,2.909654601059049,2.88469102779674,2.854559652919406,2.836878512979996,2.832875038939845,2.8459793264444064,2.8728749284152557,2.911149141477886,3.0009448857269097,3.056747894216704,3.120538402061078,7.152090059432646,90.00000269986933,0.6877482013926556,1.8649237007663022
2021-12-08 08:00:00-07:00,401.73463333333336,78.57416666666667,0.3118795663138651,7.5,159.5592824943791,54.832591508990134,78.37012951665201,133.2551156690049,6.217248937900871e-16,38.57667380777853,353.0143798749641,1.0,38.57667380777853,54.92997279739331,2.8571428571428577,9.426357533333334,0.562641273,328.8794988287113,329.5505239820144,329.85755095549496,330.4905552448123,330.7829712361305,331.1068038985278,331.70424866881376,332.76541483798957,333.79827212398857,334.84827334598157,336.64357472088307,337.6395635239362,11.29497905647937,11.152847059012792,11.277178188725888,11.28459479212385,11.546549569021783,12.399816370532314,12.719326091732226,13.429321937837607,14.389418164271596,15.327912938418631,16.31190203438402,17.281924465506947,35.20464208886873,90.0,0.4617507404295624,2.040044663883089
2021-12-08 09:00:00-07:00,187.38750493333333,168.40641666666667,0.2850284401100243,8.5,229.89941641199408,51.464520349617814,70.84289417407516,145.28857271765304,0.0,121.71424027848504,309.77169133108237,1.0,121.71424027848504,76.68253882971595,2.500002695880767,10.507294633333334,1.1075567098333332,277.5745374295335,279.4247349434295,281.22899890864926,281.9971680129507,283.799398110487,285.54932088303326,286.26109111271614,287.8940078562106,288.5891017713086,290.19510987602695,290.90966237691646,291.61025359624966,44.12283303700016,42.997479602662246,42.10562578151615,41.05922237799771,40.65253118361188,40.02624388822051,39.93436462283374,39.8022829010045,39.84869172834384,40.29361205580276,40.594764830520646,40.994973788017305,50.0,90.0,0.366977778440511,2.214355247456318
2021-12-08 10:00:00-07:00,550.6809162666667,177.74705,0.2854088272898003,9.5,406.5604044690135,58.12750220525658,65.44857063929155,159.00897974120676,0.0,238.29821259728428,493.73823024567577,1.0,238.29821259728428,125.33443272187931,1.6169879628601858,9.075980266666669,1.348421291666667,446.4265142986279,447.57601275495455,448.88115430882306,449.2512686949837,450.4250046758191,450.8157887327417,451.3456147891881,454.3632486683209,456.28078363149325,458.17571479152593,460.044906426638,462.112275793042,63.617930372120426,58.46041768374099,54.526008214719845,51.44096169157176,49.32745809800965,47.2978725987798,48.3844937050377,49.730024486379754,51.1399491727028,53.28330037375714,55.3892558152466,56.60428909865892,38.102816345180514,90.0,0.4414627221050466,2.0702381662198146
2021-12-08 11:00:00-07:00,113.59759238333332,204.1322,0.2695838491850182,10.5,256.1245874775615,62.17571844034974,62.76190606697103,174.08795681440142,0.0,166.0038634104614,257.56797941329427,1.0,166.0038634104614,70.11674955362847,1.150261732075804,10.033294983333333,1.415554045,241.19169911476095,241.51787268704882,241.56998188748707,241.77782874491967,242.04724774846534,242.04512289534682,242.29099865181766,242.25814625268669,242.3056778160409,242.4743936177985,242.47293238353404,242.63340152849807,38.25100555217541,36.494468623916525,35.07986253225126,33.87730788045101,33.221020821583615,33.04825679510739,33.06005445187743,33.50881560554086,34.22215730773049,35.368960323479726,36.53551767773029,37.85486660357932,11.315007848944955,90.0,0.6518985019154035,1.8765795576592228
2021-12-08 12:00:00-07:00,1.2828177333333337,135.71154833333333,0.2594531807104626,11.5,136.29115647252937,61.59334410373176,63.13921474602691,189.60794947782867,0.0,88.99659340923294,131.4575350908351,1.0,88.99659340923294,34.813051968676504,1.2484896995970653,10.334128922222222,0.5394289963333333,124.30633892786506,124.85162126710826,124.41363522019671,124.99858871733976,125.11931422541313,124.69648821174842,125.27957919906935,125.41740693457957,125.60139476067579,125.19885040971585,124.7845607186931,124.39165407325713,20.196929072964448,19.939166997024792,19.581970216710616,19.454718402389368,19.026900802635602,18.79496823018025,18.69707038610475,18.64545024376336,18.91611572436591,18.942180424476565,19.266507546283357,19.895066658398207,18.239513015761307,270.0,0.5935050122373227,1.9073864277249575
2021-12-08 13:00:00-07:00,0.1307673166666666,70.34659,0.2554296427472343,12.5,70.39867653290064,56.63538367419724,66.52714111125871,204.42054693436182,0.0,47.89977378291129,59.51683280310197,1.0,47.89977378291129,21.5195699290769,1.7665368215662687,10.778361833333332,0.6087439571666666,55.81681626391218,56.05474327039538,55.83476829823582,56.02737016624191,56.94828427678152,56.107168360221024,55.71095154379816,54.82305008478259,54.40176808639382,53.47997883374409,52.54370009284892,51.58190030421885,14.09752521758287,14.289837231464942,14.464779926474854,14.6235956302956,14.736909017089177,14.87364858642624,14.436053874721711,14.046598189724119,13.680825116227652,13.643768102150064,13.410353669478654,13.230435774504283,43.59315123569545,270.0,0.4052335119892497,2.1328885682505287
2021-12-08 14:00:00-07:00,0.2625824833333333,44.23138,0.2547265997472639,13.5,44.31036616940251,50.17145305388007,72.49402989307809,217.73748148068788,0.0,30.408776399822315,35.812010227972074,1.0,30.408776399822315,14.467607161109598,2.8413630021743845,11.797970611111111,3.4464026416666664,33.14531964698121,33.3404922337088,33.53834968168598,33.8998225037431,34.10416119323322,33.514858338789914,33.24735190643198,32.64771439467718,32.03134906066929,31.74809824759348,31.116647866188863,30.475808070530345,9.824325254699325,10.000320320567042,10.166193961373422,10.29681279174017,10.444160264546673,10.583685667771146,10.307045513678705,10.042133832069732,9.768399077549331,9.552283214526364,9.342123794221353,9.187558447772522,50.0,270.0,0.366977778440511,2.214355247456318
2021-12-08 15:00:00-07:00,98.60259265,42.9952,0.2658620935106623,14.5,59.35707049369542,61.69876426394156,80.4482982938576,229.37005688252563,8.753246129020124e-09,23.10680929266013,104.96613337308115,1.0,23.10680929266013,17.872127341774302,2.857142857142857,11.468619111111112,6.907192583333333,95.8721016323837,96.04112869764323,96.18805604302489,96.32928723649671,96.63597158568163,96.76233607112161,97.10628750177274,97.42020353035676,97.73544816453933,97.93051014886254,98.23572314373801,98.51397828648189,5.481134654914774,5.468464955791584,5.5334474623697165,5.620957208904203,5.638040936572316,5.891548797293049,6.069520420609907,6.248341210295659,6.433306543132926,6.646475329078384,6.989326160358939,7.181386539140212,25.702868272481492,269.99999914622634,0.5331479036602691,1.9560875462699583
2021-12-08 16:00:00-07:00,39.43933216666667,15.402182766666666,0.276607177086336,15.5,16.8712176688044,83.89085594417995,87.86535495572144,237.61668080131923,3.8921208395697955e-08,9.875126114838556,19.57341474632399,1.0,9.875126114838556,0.02601055665233223,2.857142857142857,10.83205537222222,4.920546099999999,16.495160145302176,16.495160222192748,16.494553282239547,16.501071317509997,16.501071342304108,16.501071631479714,16.501072030908922,16.505954330542437,16.505954366092872,16.505954156512765,16.50595378121506,16.505953337269993,2.3845226172865743,2.3339308553280613,2.2929686330687877,2.2630658178380534,2.2451696937621337,2.238992399468217,2.246380341205127,2.2651079086647465,2.29407740168347,2.334450460977055,2.3831688211836206,2.4338279296449055,4.710413920454477,269.99999460026135,0.7089401733517944,1.8605203797009338
2021-12-09 07:00:00-07:00,163.84708923333335,18.822174500000003,0.3448684047988111,6.5,27.993387850621012,80.79737840150085,86.79123625652205,123.56756646775847,1.0103029524088914e-15,8.940218287261153,49.60614588300654,1.0,8.940218287261153,10.161495155562621,2.857142857142857,2.43874842,1.223021295,34.6131103816372,34.69589461612214,34.69588426102701,34.79859545392512,34.765207950335274,34.76521168527485,34.86789501308401,34.82410658059422,34.82409686192386,34.82408650473864,34.92677271212874,34.87098824013043,2.7148932772835446,2.6794641023851713,2.6366146689250844,2.609055703949704,2.5929183535092943,2.5894191654651832,2.6014311165759803,2.6260229149726704,2.6972731111039363,2.74341132069898,2.7943962990862996,2.852751993514883,7.208770696047271,90.0,0.6872574487215093,1.865047353153315
2021-12-09 08:00:00-07:00,575.1524033333334,61.38655000000001,0.3128788632067797,7.5,175.9603097716158,55.308344823415204,78.5094731484727,133.2316181826796,0.0,29.00015326184621,429.9304483541119,1.0,29.00015326184621,60.39068282150367,2.857142857142857,6.544167322222222,0.6192012066666666,401.8372028587422,402.0672594290489,402.56268369927056,402.81596103945833,403.28489357158037,403.48569721223396,403.6925746063677,405.2848051093577,406.5731230576599,407.8276468387729,410.2371622312335,411.42327090585167,8.414045733152422,8.439179875624934,8.387555921614027,8.535045040186036,8.730092153878045,9.562557497451625,9.834000541100087,10.961808277764112,12.099005186274761,12.9767423591481,14.12103013035776,15.315567721351321,34.57012360453892,90.0,0.4662927747818452,2.033710503250893
2021-12-09 09:00:00-07:00,757.0800333333334,101.93200833333334,0.3045198712957114,8.5,348.70493465338643,51.507875995876354,70.97664432319725,145.2411243040722,0.0,139.01724201680736,625.1471667051374,1.0,139.01724201680736,112.50595693813156,2.516319667026882,9.752226194444445,1.15080591,574.3773443955121,575.3609828897319,576.2734029871768,576.5829452945933,577.5938125102185,578.570329494643,578.8234685999591,579.5172782620319,582.0679180470844,587.4847625896728,590.0877403580708,592.6441996387601,62.01037569555071,57.628766900104814,53.50751288454636,48.897078290707434,45.72498184835191,41.987013902888926,39.734663418898464,39.5198058018488,39.878343578499305,41.2570521924388,42.48181258332347,44.0626754084209,50.0,90.0,0.366977778440511,2.214355247456318
2021-12-09 10:00:00-07:00,640.1259883333333,139.44155,0.2969548674154841,9.5,404.1746992859085,58.169988902826496,65.57107441116466,158.93248784990647,0.0,233.40762515955257,504.17946105817765,1.0,233.40762515955257,126.48882535769681,1.623241495784924,8.789620344444444,2.8103271483333336,457.9508278768707,458.685529473571,459.0352857092932,459.7976146558057,460.04350315983424,460.81033624347543,461.47706387882283,463.492357400655,465.826220146266,467.66967364144614,469.73669238479386,471.5015738138209,64.34103513109538,58.86852377523964,53.95659694708581,50.28844685432539,47.093229466146134,45.679711706801534,46.21867956126315,46.97226453609624,48.65199007701301,50.385935892699486,51.48708272328367,53.94861656441185,38.35738805391757,90.0,0.439717619488998,2.072987657340099
2021-12-09 11:00:00-07:00,299.7967,239.6957,0.2766827837708615,10.5,376.42387816667434,62.25634629325493,62.86622100936494,173.98175615836337,0.0,244.21014574320478,381.9188207156958,1.0,244.21014574320478,106.45614861065302,1.1536510454781779,8.890359061111111,3.03357532,355.86740845445513,356.19079456320225,356.7978863481284,356.95565625959966,357.27596707031086,357.44610310696805,357.77427057146133,357.8497300411953,358.1716742163453,358.2447597560681,358.24189465039814,358.562763911574,57.382965685023294,54.24896312376727,51.56285026800826,49.30646088033953,47.988952410156166,47.391355618155025,47.40321852929134,48.09893494602282,49.303564373911016,51.260003843736676,53.38510466679861,55.657995716431955,11.562461245408565,90.0,0.6497819575232588,1.8774360765964937
2021-12-09 12:00:00-07:00,1.3624611333333334,150.47647833333335,0.2562886965741201,11.5,151.0903688869846,61.708818910015076,63.21943616064796,189.4786070601451,0.0,98.58373404389381,146.03051450488095,1.0,98.58373404389381,38.136049042428674,1.2459931173529273,8.305210655555555,3.3748786833333333,138.47403609366438,138.58011156575998,138.57891854287803,138.73692501951467,138.8635168244816,138.8609557214628,139.03343763590996,139.1782850986013,139.3274254730857,138.93351390640467,138.48123685808955,138.05184059185058,22.062214058398382,21.767709941205922,21.369209958491496,21.1001165040629,20.749481877036672,20.49811748625607,20.427160537894572,20.346088178918198,20.65475246174498,20.761094879296323,21.075752750463025,21.862417428884772,18.070710057152237,270.0,0.5949047601156698,1.9064684300854715
2021-12-09 13:00:00-07:00,0.3062884333333333,139.22833333333335,0.2537249654068575,12.5,139.35006880179046,56.76828973406306,66.58090736280583,204.27917662099037,0.0,93.15463273579111,123.70077979493463,1.0,93.15463273579111,41.89599981629714,1.764034463234149,8.479078205555556,3.115955983333333,108.92906661152475,109.7244903733205,111.43944490207407,113.13413277258906,113.90111032373807,115.53562093676479,116.25901247782947,117.80108461769072,116.227667824183,115.82101252017975,116.39281722874426,116.01176305658,25.46153996164869,25.642179047549913,25.371985115776233,25.891753273951625,26.48425880537334,27.14043010495131,27.905218219846457,27.669909870895673,27.50054480806327,27.253207623848144,26.995254217869103,26.787317049501695,43.51071424638936,269.99999914622634,0.4057548960750524,2.13189722034467
2021-12-09 14:00:00-07:00,4.26176505,100.51432166666667,0.2513259952562864,13.5,101.79423599115184,50.29744539630622,72.52287930680514,217.59359308703026,0.0,67.00715365728674,91.74596756886766,1.0,67.00715365728674,32.58014011184983,2.838074479081925,8.33327906111111,2.4569182166666668,85.45034180193049,85.80023314496665,86.15472874322506,86.78951552787102,87.15834104457045,85.89578424892206,85.31967428349532,84.03009760319506,82.70401517503264,82.09611590386464,80.7397533153896,79.36241523640277,21.55391095770575,21.891536620076348,22.215254021321932,22.463645230494357,22.76524625312828,23.059380806584112,22.519699610007176,22.029072590952826,21.508074638766708,21.119194780912032,20.728285974147287,20.440248986408168,50.0,270.0,0.366977778440511,2.214355247456318
2021-12-09 15:00:00-07:00,0.5563934666666667,52.85342833333333,0.2499808504092378,14.5,52.945680665799415,61.72356465459247,80.4560490400701,229.228238287022,0.0,33.69657440900882,53.17190836333102,1.0,33.69657440900882,13.39945986870861,2.857142857142857,7.488223944444444,2.3715199916666667,50.185958300088515,50.2857829927344,50.37008044687818,50.479983025620555,50.79407281578169,50.909107693298466,51.003592058219866,50.817723080905864,50.37072804500373,50.16309314095108,49.94736913897597,49.44688391879339,7.600767670917166,7.680337228826926,7.648023721475689,7.437966791145406,7.516210617254579,7.331075481458868,7.4199610854724325,7.44344518602104,7.402126667494437,7.48888700215599,7.559066760899426,7.569470744432307,25.743110472749258,270.0,0.5328315250684199,1.9563923844904325
2021-12-09 16:00:00-07:00,0.1336458166666666,7.659529183333333,0.2476123955820651,15.5,7.664521076059982,83.87378448172716,87.85940974988738,237.47677388031352,0.0,4.911013033688078,7.660743330459338,1.0,4.911013033688078,0.013048375713452241,2.857142857142857,6.484882077777778,1.518309565,7.244760098108814,7.244760297513731,7.244760467898137,7.244760566022903,7.244760554746479,7.242332596877798,7.242332418346353,7.242332286066188,7.242332272309253,7.239090839106285,7.2393610326058315,7.239361405719343,1.0839141837677162,1.0613738529411085,1.039527598710838,1.02152484933487,1.0086311917017305,1.0002939758002802,0.9970035143200916,0.9997269275200077,1.0076897421579778,1.0209985891574134,1.0392327338766911,1.0617569497931207,4.731007577481151,270.0,0.7087610694343984,1.8605499601065487
2021-12-10 07:00:00-07:00,0.2990467666666667,4.3284571,0.8557425357616996,6.5,4.344482756364058,81.19269627408572,86.92809745350078,123.5547582448267,0.0,2.782084478078322,4.3254773844958905,1.0,2.782084478078322,3.6734089168373094,2.857142857142857,-1.9670126111111117,1.4292185533333333,4.084234490792012,4.084223539956827,4.083212683216798,4.080760092983182,4.080771499891275,4.080776863781888,4.078722051996322,4.078715823487483,4.0787085444000395,4.085350015916547,4.0762787403973055,4.076280237509962,2.0624586272996055,2.019331796611265,1.9853935689936122,1.9577454311114222,1.9452083097727029,1.9432832912546922,1.9510873143979717,1.9699741289181025,1.9971099798621064,2.031864019362409,2.06977564010651,2.1129729904257775,6.895643317661385,90.0,0.689969324621678,1.86437638306424
2021-12-10 08:00:00-07:00,0.32713775,33.700877166666665,0.8090696008391569,7.5,33.765293402459946,55.7644794316377,78.64375979334541,133.2023729378385,3.108624468950437e-16,22.59879040840114,31.814932926504703,1.0,22.59879040840114,26.33751561468838,2.857142857142857,-2.023871611111111,1.8413155433333332,28.208928886654686,28.546939331517354,28.879166815812052,28.98975434222875,29.30891862490594,29.413410017860627,29.600907415309823,29.44199611054722,29.280954064221437,29.095012180981854,28.940215829513065,28.850913535222183,14.949388512936164,14.697912540604277,14.677879887834841,14.595950590203303,14.777527703822017,14.796433744737989,14.941737048792076,15.049639955136001,15.086176414489561,15.143198163874544,15.107778815563414,15.04632800121081,33.965987884619246,90.0,0.4706496655643377,2.027773480687026
2021-12-10 09:00:00-07:00,1.2282099333333332,113.856345,0.8086308246970734,8.5,114.25409194666116,51.54412555662995,71.10451874297725,145.18868798905282,0.0,75.65681909086798,112.87124327768444,1.0,75.65681909086798,88.93415678282817,2.5324654302451055,-2.197457822222222,2.457016166666667,94.0881382958173,95.32735550677317,96.55193837103049,96.93272608338279,98.1482057024582,99.30695344017875,99.65572342304526,100.8332644363543,100.20797599487173,99.30576529589472,98.70334433185357,98.1073644293929,52.30623393772241,51.94622059523074,51.99369632520198,51.93011124662539,52.46597998767274,52.769261563865825,53.33751827105253,52.75775933182149,52.168852254036445,51.89141796041361,51.24592268887285,50.55916062356994,50.0,90.0,0.366977778440511,2.214355247456318
2021-12-10 10:00:00-07:00,129.8187514,184.19761666666668,0.8097996268142197,9.5,237.64689937023644,58.20463580459021,65.68692322188424,158.85221231192645,0.0,148.3767340306554,270.8580117469914,1.0,148.3767340306554,187.36398967547206,1.6294756077011412,-2.0510608555555554,1.5260710333333334,235.96797421280465,236.16079976725206,237.53238013875367,238.7491059320448,239.02447094343114,239.93175329615016,241.21566746119993,241.59541628951223,241.92028966381554,243.51641766231518,243.8452465972237,244.1975942078913,101.98827783205206,96.90146352703097,92.97608696691918,88.81913462047447,87.1249584263121,86.56116782301265,86.45704142206216,86.61490108682278,87.59116911448066,88.2653580028187,89.07500083508725,90.77142901274343,38.60882267024533,90.0,0.4380000342676932,2.0757184618670523
2021-12-10 11:00:00-07:00,161.38227556666666,183.36658333333332,0.815416960072382,10.5,256.72467805918836,62.32894485205193,62.96330578886974,173.87344601282348,0.0,166.50740631257966,260.2441357808881,1.0,166.50740631257966,208.916635242122,1.157075181526995,-1.679793643,1.5723602483333332,242.35005706146956,242.54290302998282,242.86693984890215,242.86214240893304,243.0117291465501,243.00597571396793,243.27534334149496,243.28341777614557,243.40211426434635,243.39795371014787,243.54300854940632,243.5960462559835,114.69030268659554,109.19761132800393,104.0602605273511,100.59350271535223,98.20391693871997,97.25693185506857,97.28194859974451,98.72184145710926,101.07653833694084,104.23181726400608,107.9492868955963,112.29147452577476,11.81192908360064,90.0,0.6476500753268724,1.8783180660399652
2021-12-10 12:00:00-07:00,712.3184766666667,98.10958333333332,0.8186614487213986,11.5,418.2545578491055,61.817087537352435,63.29218911618252,189.3490384383787,0.0,264.72161935582903,450.57065281163045,1.0,264.72161935582903,341.9500005448575,1.2433918366662062,0.5906623202333333,1.9275347916666663,416.94420578969874,416.1974171903503,416.2213005619302,415.2014638151994,414.42509501871695,414.34119890278583,413.1552329685878,412.27835556360924,410.8973718498861,411.2519207436159,411.1711885476783,411.2030206301041,158.29373953453398,149.83854177513538,143.31892843394596,137.06441897716144,133.30617787619184,132.30469490964535,133.48834159881972,137.5475198650863,144.76129278324626,156.38690231461786,168.8788690378887,185.34215169911846,17.894386884163147,270.0,0.5963683044297653,1.9055183469158146
2021-12-10 13:00:00-07:00,539.3122111666667,96.33022666666668,0.7278545700639809,12.5,310.28100420635496,56.89524212495075,66.62730821479845,204.13928030635537,0.0,167.50950175233535,443.8770448275967,1.0,167.50950175233535,216.11497811993195,1.7612587849038213,-0.1245283760022222,6.6163983,401.8616598988571,399.66642436270746,396.99843044322745,394.7544655974823,390.24428666821524,390.3227022385032,390.6707964604565,390.2550649323381,390.7351893853135,390.4978805507852,390.6841437561748,391.38876858520683,79.07356317808586,75.04631650435242,72.16434877973686,70.67047531671902,69.31500618500934,69.86815528278106,72.54843765608372,76.89290760096966,82.70221920656117,91.65629617853978,101.70995018000954,113.34109854384042,43.418932415025424,270.0,0.4063362212390791,2.130795262205654
2021-12-10 14:00:00-07:00,872.3507166666666,53.993245,0.3419764538963171,13.5,315.66507469638105,50.41705395747116,72.54469547629057,217.4524794556851,0.0,95.96936117823206,659.1537000533136,1.0,95.96936117823206,106.20021109031102,2.833957528368222,-0.4100167723131666,7.869658633333333,627.311304880469,625.221554337813,623.0929588576406,618.7645438532936,616.7360775919303,616.5180156974466,616.3132915183807,615.8316555136969,615.2973709214197,615.1991505755619,614.7816526736452,614.313919787926,35.74020200538476,35.248459194177336,35.15628022057598,34.929603378975564,35.756967176303796,37.07582666818732,39.95442602880171,44.2638937734323,47.84612241669969,52.08975190660104,55.4513477155056,58.00117144691402,50.0,270.0,0.366977778440511,2.214355247456318
2021-12-10 15:00:00-07:00,688.7252666666667,37.73453333333334,0.5711600931769217,14.5,151.9144701340611,61.72722240002084,80.45719244501426,229.09012540528246,1.2506752565933271e-08,17.520211553870013,392.287997332703,1.0,17.520211553870013,88.14493608174197,2.857142857142857,-1.8741901483333332,7.709063633333333,359.2250865395461,359.48509786037846,359.5808330025825,359.6719023311445,359.792082913778,359.9853698398399,360.8663029343619,361.6406347039896,362.48365821675213,363.2728141043327,364.05466138636046,364.7803039803639,8.367539448015592,8.273975969086758,8.182047474783134,8.687718406459469,8.7100958270352,9.357445912050146,9.892931736773376,10.126017616874725,10.685400102620138,11.009333001175305,11.811351061936445,12.343271354162512,25.803903110551722,269.9999987925817,0.532353785002514,1.9568537366992786
2021-12-10 16:00:00-07:00,25.961213016666665,8.800578400000001,0.5512225918617899,15.5,9.775802246697266,83.838715748056,87.84719766399932,237.34114749131027,2.154630161160461e-08,5.642800882371293,11.571721098627084,1.0,5.642800882371293,0.015211076385510688,2.857142857142857,-3.851139888888889,7.858731700000001,9.613982685639858,9.613982061389375,9.613290963706605,9.6170152109471,9.617015257985276,9.617015610867467,9.617016070456309,9.619805883756316,9.61980589228915,9.619805621384263,9.619805171310318,9.619804654514706,2.712870831791962,2.6552498033961447,2.6086140847593464,2.57458747107189,2.5542375675918487,2.5469647832316062,2.5553874321895313,2.5767135686194407,2.6096813382283943,2.6552952474169027,2.7089790246562173,2.7665805402310224,4.765435757841608,269.99999704244135,0.7084616579846674,1.8605996997379863
2021-12-11 07:00:00-07:00,331.48151076666664,27.7658825,0.5661104355519725,6.5,44.7648220060575,81.57473815104329,87.06048495479246,123.53578281536547,2.2317205240917673e-08,15.71747635159707,78.9518554478868,1.0,15.71747635159707,25.704102011349928,2.857142857142857,-3.757461872222222,1.0863649701666669,54.35742107391132,54.35092180163794,54.3509025034346,54.425296291482184,54.407613632580336,54.40764129040784,54.48201854774494,54.47915473051384,54.45079798424133,54.45078680873208,54.52515321028901,54.5251472221133,7.755392713082359,7.594247179744208,7.467554118205229,7.378205605235094,7.321413688838224,7.339973912938237,7.370862525011037,7.438232020208846,7.541480080028904,7.6683854066018675,7.814193276957365,7.983215811320677,6.592920847515794,90.00000295755866,0.6925927930392306,1.8637558981204159
2021-12-11 08:00:00-07:00,539.7484566666667,128.14443166666666,0.5303377496656208,7.5,233.23260370515032,56.20099217097075,78.77289329321427,133.1674404820921,0.0,69.38442249183198,476.4393594318542,1.0,69.38442249183198,122.76225532009757,2.8571428571428577,0.3908094238888889,0.9134452931666668,442.51367193933373,443.6299495317279,444.1009464672677,445.1405046477401,445.74160266960104,446.709351581405,447.1203557262487,447.79829927171886,448.31135870112166,448.93945247337456,449.5392097556049,450.00181359344083,31.159271986016527,30.973087596326156,30.73708083042999,31.05427282291956,31.53603157321712,31.840748350034694,32.59023620065937,33.25423107022734,33.741950413310256,34.43932895394527,35.2108212740689,35.84081147911109,33.39108814809419,90.0,0.47482455988848177,2.0222093815666717
2021-12-11 09:00:00-07:00,178.62572200000002,193.52606666666668,0.4953844906833104,8.5,251.01299019810722,51.573260058457144,71.2264335551069,145.13134090275395,0.0,133.47806860433158,348.8221789411108,1.0,133.47806860433158,126.75455936573127,2.548409143557276,2.0929147777777777,1.0474519225,308.4277139622368,310.32313150130744,312.16333014412305,312.8359139313318,314.70999623568105,316.5165729244808,317.1307889379211,318.7748508037571,319.26868111798285,320.7078801881534,321.27772703054984,321.8329022859331,74.88315311528392,72.35873866717931,70.22711565594967,67.72556279661022,66.4111372353776,64.58173239065955,63.803932657015984,62.77122284521022,62.048240365587134,62.11011137442336,61.84507697767636,61.75162714831024,50.0,90.0,0.366977778440511,2.214355247456318
2021-12-11 10:00:00-07:00,0.3727649333333333,160.17098333333334,0.4462977534425951,9.5,160.32381170745177,58.23146728501297,65.79604968197955,158.76824153093344,0.0,106.53745665096002,149.62167252783877,1.0,106.53745665096002,73.33675839718498,1.6356795221278984,2.0053123444444445,0.7882543243333333,131.9308690580317,133.65565175803494,135.37537727108725,136.1047526572091,137.9376949288838,138.6453143053377,140.20790777800352,139.68330486741596,139.16456129630606,138.8586382626628,139.2617204373941,138.81599879182517,42.269153481662585,41.923148418974115,41.72839532179207,41.48232765178531,42.029904703186894,42.76991791999066,42.67698654631405,42.74487300713214,42.02133557501902,42.013941242378415,42.65905965099483,42.4257872470115,38.85673768986143,90.0,0.4363123745839353,2.078425774600473
2021-12-11 11:00:00-07:00,323.39471553333334,184.0382833333333,0.4304133203284672,10.5,330.5892438139348,62.39347707296522,63.05311177814444,173.76311906340834,0.0,212.56995094556495,337.1540519538243,1.0,212.56995094556495,144.0110555436522,1.1605289071022926,3.80014915,1.02454522,312.9972900810651,313.5978110388178,313.5086545717001,314.05514109982624,314.5528123199723,314.4642647529388,314.93105898568206,314.93570616730165,315.34433566001013,315.2660317983126,315.26135240831627,315.6287095092844,77.62926633673993,72.61235106228527,68.72262838623749,65.9302008787117,63.65647250782138,62.6210413365622,62.391628115267984,63.5376288323479,65.07899248977141,67.39926304483816,70.41099270503794,73.7423446488411,12.062999464092423,90.0000020913098,0.6455064573851678,1.8792244565555642
2021-12-11 12:00:00-07:00,584.3519753333333,124.90983333333334,0.3021326410509266,11.5,386.94675208503236,61.918058235720544,63.35744399382864,189.21933698494536,0.0,248.63436276307363,410.6452978464876,1.0,248.63436276307363,122.77611246339572,1.2406900785304436,5.753813327777777,1.699906935,376.1581768913462,376.4073265114842,376.6054132660611,376.6894227567128,377.98280053444677,379.25851784733374,380.58055898004386,380.5769370229754,381.7395961107584,382.89962305007964,382.88671846711486,383.8942107379802,64.72032392900802,59.64067372617917,55.715225253779074,52.564924709213265,50.80010425190368,49.291704290844734,49.391530020020376,50.17817643393002,51.65901919103445,54.39507576938226,56.6518350797105,59.70365400413632,17.710776521306315,269.9999985212207,0.5978938811883986,1.9045385770347507
2021-12-11 13:00:00-07:00,235.34493933333331,185.29841666666667,0.279623884694588,12.5,278.51504452203636,57.01613157097392,66.66633276515957,204.000952752054,0.0,166.07825302923104,321.7404995987478,1.0,166.07825302923104,86.92783039170008,1.7582153706677668,6.204511005555556,1.6789737483333331,288.246454043221,289.9475428588398,290.6212271125695,292.38295688596816,294.0306900610502,294.8003130775353,296.3936760997685,297.01656238517097,297.80337784040546,299.3778257784495,300.3137415667692,301.04720579309674,46.88762641240376,44.841436364736275,42.72631734399637,41.441052689291986,40.91482010902068,41.01387030198462,40.99423209725625,41.497576632128485,41.96445124402423,42.63622990907586,43.79324585901368,44.81566534446846,43.317878259107204,269.99999914622634,0.4069772951327592,2.129584133889368
2021-12-11 14:00:00-07:00,252.82213,118.971875,0.2220115383529596,13.5,194.74657671930703,50.53021174676304,72.55948602801891,217.31423771448718,0.0,88.82362326549678,308.87707311905365,1.0,88.82362326549678,55.817620132880094,2.8290215344823713,6.040181994444444,1.4778783366666666,294.15547526645685,292.922663074973,291.66900599334065,289.04745946972224,287.78370209010427,286.63018451417736,286.06987760266435,284.8299169499828,283.54736305528627,282.98324919719727,281.6998455540827,280.3863286023628,30.132115007812697,29.295220583849225,28.556680702398854,27.75575330526858,27.245980227929785,26.86075820358284,27.049986344090215,27.598029632847833,27.964921532371793,28.575285558534453,28.989537263425834,29.294584164848967,50.0,270.0,0.366977778440511,2.214355247456318
2021-12-11 15:00:00-07:00,714.7279,80.98735,0.2697319091983739,14.5,199.5450199564877,61.70982266217765,80.45175406365587,228.95581744672603,0.0,46.79126654854657,440.95674970429724,1.0,46.79126654854657,57.57360534960742,2.857142857142857,8.926424566666666,1.067886186666667,412.74578827800985,412.0977415417721,411.3906025332523,410.68596969564203,409.9253408868175,409.16504723533507,408.33893343346244,408.0735363623466,407.79235688200924,407.47078761970977,407.1743504123716,406.51902065067117,15.407696241406224,14.645056507839467,13.872396677542069,13.69575331693987,12.972144646904148,12.301825538360836,12.174676877329096,11.591685145883266,11.552820314820497,11.105432590476143,11.21136246056298,11.240517511916247,25.88529953995729,270.0,0.5317145134159715,1.9574730369381914
2021-12-11 16:00:00-07:00,67.27626765,23.38693975,0.2883192013376829,15.5,25.935785700653437,83.78575909915631,87.82875775207998,237.2099023518589,4.8424099572294726e-08,14.996066339278112,30.628112442278418,1.0,14.996066339278112,0.04124431108350637,2.857142857142857,6.714986344444444,1.4393557933333334,25.50997230492084,25.509972947150903,25.509012331670743,25.518909407715082,25.518909497360394,25.51891001625406,25.51891065782404,25.51891105014504,25.526323964936367,25.52632354989441,25.52632289797041,25.526322167903597,3.773985612707235,3.693876717311521,3.6290610077702814,3.581792956684037,3.5511315098864293,3.54378278525545,3.5555023658288993,3.585149183469362,3.630953472212929,3.694780828400601,3.7716150076834762,3.8515759292727156,4.813667902871021,269.9999933866978,0.7080422228859924,1.8606699875881438
2021-12-12 07:00:00-07:00,2.78424235,18.51692,0.2771524955437743,6.5,18.66126453686755,81.4817774685539,87.02826085104567,123.6758762117466,1.5866023853906704e-08,11.667055070585954,18.968903530696316,1.0,11.667055070585954,5.047950572199284,2.857142857142857,1.588534652222222,1.2692124873333337,17.614665115181772,17.613283022386177,17.639521197522793,17.60572016237882,17.60573544334316,17.633241531777166,17.599432606596253,17.598391779606427,17.627067123737643,17.627063119216405,17.593250882614576,17.593249735162942,2.799861768602996,2.741292084795069,2.6950590589758914,2.662615155186109,2.642395280070201,2.636302136980552,2.6475567583956257,2.673064221514357,2.7100534115203114,2.7558437482870994,2.8118041655854067,2.866149347650048,6.677150895040474,90.0000020913098,0.6918626703945606,1.863925759210389
2021-12-12 08:00:00-07:00,10.033279083333332,81.86649833333333,0.2784953107908927,7.5,83.79867763575115,56.61788057080571,78.89678367916189,133.12688179207169,1.3934521053811565e-08,50.17967485702768,93.06110871049721,1.0,50.17967485702768,24.441442008809844,2.857142857142857,3.926441261111111,0.9804588863333332,85.66860426677741,86.57772811459192,86.95951113329672,87.75233368770688,88.11545607389127,88.46266625183836,88.8554335556008,89.0384766806489,88.29268502959425,88.14174473055809,87.94844746944652,87.80457195933425,13.153878429067968,12.969693314364209,13.115271017367768,13.120183749381134,13.4163311864802,13.350968742244522,13.113414367903848,13.501976510312277,13.528410749204031,13.495682348976253,13.462980447959584,13.17549779086145,32.84440477096433,90.00000120741828,0.4788202527006509,2.0169963350298126
2021-12-12 09:00:00-07:00,145.53321499999998,125.62831666666666,0.2926942516189583,8.5,172.18634486330157,51.595273977613985,71.34231116434874,145.06915912469933,0.0,92.31207211666715,230.21692108200898,1.0,92.31207211666715,59.96429760718722,2.5641198762661688,7.861020166666666,1.20577244,204.8209203032761,206.27523511058882,207.69842000782444,208.30462540751307,209.72065624075492,211.09463248359407,211.66258554053684,212.9550740514622,213.59380040920888,215.03482372014662,215.68340751444384,216.319958259195,34.23592012457823,33.49494071682274,32.920884890669136,32.224269732542375,31.987858876351744,31.569802740628074,31.551818407375738,31.555489282721435,31.68441945743016,32.10897338153624,32.422365344926696,32.810030746853805,50.0,90.0,0.366977778440511,2.214355247456318
2021-12-12 10:00:00-07:00,500.04271666666665,126.59198333333332,0.3005392714157881,9.5,330.78746312256186,58.250512748469774,65.8983924053116,158.68066145073965,0.0,191.99174247715771,415.1762739822094,1.0,191.99174247715771,107.03577066564975,1.6418424434043795,11.878161683333332,0.784196615,374.4697340197147,375.138990490871,375.4615801689369,376.20421491214483,376.4025838223959,377.1472603748422,377.49055511946995,379.90641416475603,382.0212519640473,383.87433093750155,385.6924053412423,387.6882479980638,53.38075545744145,48.71291425709418,45.08092614585888,42.25395284430498,39.86871891740416,38.40488485287448,39.462222390444516,40.41475370957994,42.125821530742726,43.86254199247904,44.83572458457253,47.2430864803361,39.100763098262384,90.00000120741828,0.43465692839533543,2.0811048498495666
2021-12-12 11:00:00-07:00,948.1419,83.47331333333334,0.3091135398831021,10.5,511.9202261531089,62.44991496224812,63.13559575038306,173.6508645775949,0.0,327.99510080885136,528.7627471725962,1.0,327.99510080885136,161.5253009621846,1.1640066987306694,15.778613444444444,1.8209049416666665,488.45080172867796,489.3387643692927,489.26806984778193,490.0997597367193,490.97374770579637,490.8558361888902,491.65787276350727,491.4738999829692,492.3522650474077,492.08898803986426,492.0002127567007,492.56363227874476,85.57086064970305,78.17013795132347,72.51287300575437,67.59459793034294,64.47732654067454,62.38433956472222,62.31652327787162,63.34154690417486,65.40808965002606,68.496249659625,72.67484962247724,77.32349293684813,12.315259904567004,90.0,0.6433546996428441,1.8801540549312208
2021-12-12 12:00:00-07:00,1005.1368166666668,55.97622166666667,0.3116509815244463,11.5,505.7973004445899,62.011646986087996,63.41517583194095,189.0895922300203,0.0,324.1890479272595,536.7204516796044,1.0,324.1890479272595,159.98568503123548,1.237892043570255,17.338391944444442,3.943195798333333,500.4584865838697,499.4675782559818,499.8141464090249,498.8608710305946,498.0183362798852,498.2063290894687,497.27317650894486,496.48734321836884,495.45086734112886,495.34284851680104,495.44765749108865,495.30597072452554,75.13818120158084,71.03503255168711,67.45688465541141,64.47684512458359,62.69701278609967,61.69209521469964,62.03886915863035,64.20139848700164,68.03926229961243,72.5450932024602,79.09219485790246,86.2078694708877,17.52012484590194,270.0,0.5994796154555315,1.903531586579038
2021-12-12 13:00:00-07:00,972.9498,51.412218333333335,0.3133626114280596,12.5,436.2897331764835,57.130857744373365,66.6979740404973,203.86428466552746,0.0,232.17822335013904,611.4746435265206,1.0,232.17822335013904,133.86271772008402,1.754910129186316,17.178542555555556,2.0906041833333333,572.0536053896726,569.9263496960026,568.1513341191359,566.3226522552917,562.5553845845412,562.8180135384366,562.8028367349674,562.7510642360753,562.410817747426,562.2337606359522,563.0257301905606,563.2298904789334,47.762512152854086,45.13055776745253,42.09823625106726,40.87026006317181,40.45088689280095,39.92642001173456,42.40706351078504,44.661721982355026,48.61163436856656,54.583712050470986,61.16105906753955,69.00366994917471,43.20763599596209,270.0,0.4076778740586986,2.128265468027163
2021-12-12 14:00:00-07:00,861.2292833333333,47.387526666666666,0.1743949081054015,13.5,305.39975026952345,50.63685795035845,72.567261841119,217.17896063853522,0.0,93.10142340868931,625.9650005930204,1.0,93.10142340868931,60.947004074738544,2.823278030228104,17.742663055555557,1.4517991849999998,602.9520285295054,600.8722296182883,598.7573607205857,594.4461697027904,592.3353862365449,591.9987230979569,591.7815346803973,591.307161217488,590.801850708473,590.6308812849283,590.176278089205,589.6927872594697,24.54218668752951,23.289078015491107,22.250453640012765,21.17013148888802,20.620180090966645,20.33053300266794,21.653068087095278,23.675587817955034,25.348449684793906,27.343273730425956,28.912216676072127,30.084118043557186,50.0,270.0,0.366977778440511,2.214355247456318
2021-12-12 15:00:00-07:00,723.03435,35.921193333333335,0.3040100037441083,14.5,156.0059529049082,61.67144511770944,80.43976206269528,228.82540879224118,0.0,16.376250528481364,405.29884343092294,1.0,16.376250528481364,50.62186990403209,2.857142857142857,16.335588166666668,1.70388921,378.7999379651763,378.0692887624007,377.305703160994,376.5223347019355,375.69661952134413,374.851125351173,373.95952391883094,373.86834430695137,373.7715034315802,373.6589482878083,373.55696459006725,373.32934629658683,8.347441954476896,7.605087714528421,6.878786469446788,6.809962643933272,6.123745335014343,5.480238191734993,5.431125721876769,4.843357413333505,4.828762753085467,4.316323578284659,4.358678707953992,4.430648132498525,25.987370190362103,270.0,0.5309134933074773,1.9582522017564143
2021-12-12 16:00:00-07:00,77.14683283333333,8.86889785,0.2167691245365365,15.5,11.82483733302914,83.71502852116072,87.80413118402132,237.08313383345455,0.0,5.687221267509367,17.298392781836732,1.0,5.687221267509367,0.01604610450372057,2.857142857142857,12.24096495,0.7340309733333333,12.385476581956288,12.385476793880988,12.38547698856934,12.385477120710249,12.382665974991337,12.382665873203944,12.38266569007585,12.382665532355047,12.382665497310569,12.379185796322693,12.379186158057879,12.379186547104382,1.0993474987530343,1.0765887084927093,1.0560406146497663,1.0359720124629221,1.022919145227384,1.0144650700001858,1.0111190000987835,1.013205608609921,1.0218712380083743,1.035337828723873,1.0538150865231306,1.076661323370472,4.875667536326346,270.0,0.7075031070366593,1.8607613758045851
2021-12-13 07:00:00-07:00,133.6497659,12.101627333333331,0.3760467605963278,6.5,18.743726941457616,81.83676870280873,87.15135223816449,123.64446666093188,3.6010273309906135e-08,5.180979026622317,33.962727529334074,1.0,5.180979026622317,7.399222090694223,2.857142857142857,-0.7091868855,0.7481466726666667,22.195165754727423,22.17612284615525,22.249088319589106,22.221121063049438,22.221129617433178,22.294106402660987,22.293483109423015,22.257075563687582,22.257072966242063,22.257070476434883,22.330038362802355,22.285746701535366,1.7251719732327089,1.6865740105525202,1.6587365789258754,1.6391321398266308,1.62812243246946,1.6251812737407838,1.6528741665471052,1.6675581353920774,1.6893529534707385,1.7185661610313059,1.7505986058446905,1.7879636032468056,6.3946504056421904,90.00000475361048,0.6943119272187284,1.8633645346787218
2021-12-13 08:00:00-07:00,588.6937166666667,35.188455,0.3251540717525655,7.5,147.36172643756728,57.01514291777043,79.01534634140525,133.0807584828093,1.387838396040036e-08,15.18881356521974,386.39569790686335,1.0,15.18881356521974,51.54382025266932,2.857142857142857,3.011553410888889,0.7841945168333333,361.0591517732755,361.17572525557705,361.4192332376234,361.5275207672457,361.77578274903624,361.87600803066374,361.97356563530343,363.0857662492507,365.1723495173658,366.20525571161573,367.2230035965237,368.19408844372106,4.453984460802747,4.453244080629982,4.424460198904051,4.494114739260311,4.58493277376443,5.299582374486446,6.127821690003993,6.322747004525471,7.052321205396229,7.955829552725172,8.872413472940275,9.826579340070975,32.32502934218331,90.00000120741828,0.48263922684181537,2.012114533413391
2021-12-13 09:00:00-07:00,921.2976666666668,44.81770166666667,0.3176135679999159,8.5,337.88036672769084,51.610165076972976,71.4520794580205,145.00221805271528,0.0,119.10935788261949,656.2084660545822,1.0,119.10935788261949,104.76109432512783,2.579566634559166,9.264818527777775,0.7388521421666667,610.9037034274436,611.3528219907573,611.7470683020123,611.8163900198358,612.3247959009427,612.8085910181443,612.8552887131443,613.0414549031701,614.9741808442022,619.2032461110476,621.2480180168113,623.2543172518936,61.09774860770055,56.13611696713643,51.3242856051449,45.89670868566795,41.957504276018106,37.29598970519347,34.37147213499619,33.147589136497956,32.55102530637357,33.074016502212615,33.454349715533375,34.24910727209548,50.0,90.0,0.366977778440511,2.214355247456318
2021-12-13 10:00:00-07:00,616.2808333333334,168.21664333333334,0.3014716168988026,9.5,418.9406255162768,58.261810041372726,65.99389528178109,158.58955612432032,0.0,241.37254593183778,520.1855581829525,1.0,241.37254593183778,133.98223214872314,1.6479533229744145,10.301268538888888,1.4581363733333332,470.70514559581983,470.9390007881636,472.16538123892644,473.2564859700017,473.56127957305813,474.6454045525353,475.1425245672397,477.46248349433813,479.9697699864099,481.8483332749469,483.69679421978924,485.77711105237887,68.13056071166046,62.32862142255302,57.848405838152466,54.39992936806258,51.258791182594976,49.63403568310449,50.569061342492745,51.35643246513368,53.09007604819494,53.57252115269343,55.64216315608267,58.63347253561116,39.340540844749576,90.0,0.43303586945413647,2.083751003171522
2021-12-13 11:00:00-07:00,785.6636666666667,138.11322833333332,0.301039980493967,10.5,492.22012528132854,62.49823456844412,63.21071927656275,173.53676917182997,0.0,315.7014632734436,508.0456576482519,1.0,315.7014632734436,152.37325938337386,1.1675033708250309,10.654211577777778,1.8848647016666669,468.76122545082785,469.8880607817761,469.9957275540007,470.82562587047516,471.7724794396592,471.70722169967866,472.66576175130797,472.4237458905866,473.36163794981945,473.35449740007516,473.12156764736716,473.9965927184428,79.94417766783987,74.24818989387597,68.64640402678835,64.91264211638587,62.226231696340356,60.74147040526704,60.56361700778868,61.538963644413236,63.40131653452572,66.53860170275696,69.97987169492417,74.24392567166417,12.568297127182973,90.00000085377364,0.6411983928784917,1.8811055416927216
2021-12-13 12:00:00-07:00,913.47795,116.29865666666666,0.306881716699882,11.5,524.3846378358805,62.097772467561505,63.46536388732256,188.95989075886402,0.0,336.4747684252359,555.0993426995901,1.0,336.4747684252359,165.45207947886462,1.2350023749815544,12.131191611111111,2.213492533333333,517.9909326501736,516.7126845453697,517.0765282993955,515.8250721203497,514.6738835541142,514.8423025444173,513.6048280688412,512.3170331954368,511.08708358166064,510.89725721938817,510.9125612788542,510.6727029598841,78.99546562404494,74.8473376910886,71.17306035589138,68.04865261304896,65.93348651234851,65.46317589340036,65.31458607722647,67.26085415215594,70.98068779391006,75.22061875940425,81.50523484185943,88.43297097186155,17.322691384494465,270.0,0.6011235131932805,1.9024999046709108
2021-12-13 13:00:00-07:00,960.5728166666668,77.95811499999999,0.3095493845020595,12.5,457.56606819796775,57.2393197660803,66.72222872954447,203.7293636445216,0.0,245.26030325790077,636.1497710452874,1.0,245.26030325790077,142.30184798461016,1.751349808069782,12.247056722222222,2.077630365,594.8352320504983,592.232830745635,589.9987659817958,587.8302142631842,582.9306178418194,583.1316971690392,582.5534656124173,582.4188596417391,582.3287024563178,582.3183834789917,582.2376475892797,582.7628251859163,53.134167195855525,49.6181374539307,46.93543734978346,44.81820884867515,43.80028853147725,42.915230699488326,45.53262740142353,47.733986006979556,52.50081466988574,57.641024853957646,64.2219199874287,72.14925954262436,43.088302415074615,270.0,0.40843765574501284,2.126841097629606
2021-12-13 14:00:00-07:00,867.6442666666667,59.24274166666667,0.1741323024059787,13.5,319.16560605545334,50.73693713683827,72.5680369324573,217.0467375788394,0.0,98.75425833746071,648.7149475637343,1.0,98.75425833746071,64.45004479352636,2.816740676994496,13.969301333333334,1.2822943033333334,624.5826011989542,622.352608646248,620.085142265819,615.4599638839289,613.1929130333025,612.7931244447301,612.5442939592361,612.001283440417,611.4250008610647,611.2224084324239,610.6969835450811,610.1408951145752,26.490377720387055,25.115401625770833,23.96261482341866,22.76697264320757,22.120260241683795,21.74316288851307,23.083032571435744,25.144922668940133,26.84647050893957,28.883020129128784,30.481496996277432,31.674055375675668,50.0,270.0,0.366977778440511,2.214355247456318
2021-12-13 15:00:00-07:00,702.1777666666666,33.763326666666664,0.2843808664600141,14.5,150.60787983754744,61.61216820422083,80.42124722505312,228.69898988655922,0.0,16.118508263413716,390.67409804555297,1.0,16.118508263413716,46.49901915886201,2.857142857142857,13.736054444444443,0.8031477749999999,365.39653626566945,364.6300801806361,363.8399025062577,363.00552921238096,362.1506130627599,361.2503383588131,360.32727653377776,360.2243195332389,360.1283251637245,360.01738448536975,359.7980908440429,359.6911204503981,8.19424917122347,7.414479174239056,6.666868333727306,6.602936085557073,5.889774138674239,5.346833040589668,5.175023628161237,4.65231393049603,4.547243930419582,4.0632200424125555,4.045837332146025,4.111852222306912,26.11020240681556,270.0,0.5299504646544835,1.9591936336469575
2021-12-13 16:00:00-07:00,73.14073253333332,9.27156935,0.2214376552083684,15.5,12.113261971152484,83.62664136915372,87.77336132207628,236.96093283170762,0.0,5.945884454414775,17.37339137224984,1.0,5.945884454414775,0.01729941662527699,2.857142857142857,9.423440072222222,0.9021245616666664,12.648700043637902,12.648700273887734,12.648700492263323,12.645761847461499,12.645761892213114,12.645761797828698,12.645761603748017,12.645761422696385,12.641837686882775,12.642129846881192,12.642130233762655,12.642130655233196,1.1739166092768853,1.1496663007288568,1.127742072421554,1.107346741558066,1.092432045380223,1.0834019091451847,1.0798227916141248,1.0820400650891204,1.0901629416765228,1.1056538577233146,1.1253823311937978,1.1497880078160216,4.951391895866843,270.0,0.7068447158330905,1.8608745771128778
2021-12-14 07:00:00-07:00,2.3010429500000003,17.542816216666665,0.2667082859775916,6.5,17.658839176267154,81.71700099342044,87.10981234638389,123.7720836303015,0.0,11.099341062394869,17.851084082005624,1.0,11.099341062394869,4.594021825281945,2.857142857142857,3.003541,1.1306713483333333,16.6338997031052,16.65889637559261,16.626634845755834,16.626639622375507,16.652856308126346,16.65286617210737,16.619663120221027,16.646997514804074,16.646993455962846,16.64698969724597,16.6147318429139,16.61472889509259,2.563280783228091,2.509674816131815,2.4672913486640495,2.437535426432797,2.4208324964190138,2.416496199803073,2.4234856411092967,2.445846665930151,2.4807165180978084,2.5228223714144127,2.571393658309226,2.6282677737764475,6.498860131470694,90.0,0.6934082764144588,1.8635687495462117
2021-12-14 08:00:00-07:00,82.76588083333333,90.134955,0.2803051001066922,7.5,105.74517577450877,57.392773381885235,79.12850114953633,133.0291330816309,4.662936703425655e-16,48.79316863070902,163.1760073404873,1.0,48.79316863070902,32.79096356009699,2.857142857142857,4.912940205555556,0.88149855,149.91491811152042,150.78575935631608,151.14741367996137,151.90839185372081,152.25089414218945,152.63503346310083,153.31952353235468,153.59423427307402,153.92315460804735,154.19418641578878,154.49822115186367,154.7496281770055,12.702459130833494,12.726461463324164,12.646320217335846,12.867436628387035,12.91682090953699,13.234082900449325,13.552661341888756,13.709405124231838,14.11815873806513,14.489489396197849,14.871052419491532,14.938192248479337,31.832151995006278,90.0,0.4862836816327497,2.007546003507386
2021-12-14 09:00:00-07:00,55.382759166666666,165.03515000000002,0.2755774987022163,8.5,182.55731769438714,51.61793427230141,71.55567097505327,144.93059284532399,0.0,106.44139491664427,212.58298386624037,1.0,106.44139491664427,61.13680609960643,2.5947183790693327,8.351400338888888,0.8569491014999999,187.82658470334457,189.73056865265391,191.6012331571218,192.41912266731848,194.26241207774908,196.05260826661717,196.82328230918446,198.54483208645553,198.64439397379533,199.02211182644515,199.13817058028638,199.2505843128206,36.3311719224749,36.05975142701403,35.980171597767196,35.82742163470189,36.06625127630164,36.16992876892671,36.56386999760999,36.33338463847726,36.1770938101495,36.24241566010565,36.18079567730575,36.1517830504489,50.0,90.0,0.366977778440511,2.214355247456318
2021-12-14 10:00:00-07:00,731.3861666666667,148.38503166666666,0.3041399867072197,9.5,444.9041257365586,58.26539673051087,66.08250674185108,158.4950083590611,0.0,253.83776788420562,564.2427439502088,1.0,253.83776788420562,143.81067680532456,1.654001370887062,15.725090944444444,0.7833840428333333,509.47717765214503,510.2907077028711,511.33908220711874,511.6134733731825,512.4502467181607,512.7664848941859,514.162553230224,516.6080748797616,519.0058484761422,521.8138422087185,524.3890447313063,526.6149961291223,72.05824238360832,65.90685502713106,60.38572074787563,55.693348554889,52.6986470875343,51.24520258174385,51.4573138905188,52.96672410646264,54.612172957263,55.46165527951447,57.93764710568684,61.13594042810242,39.575724133679905,90.00000120741828,0.43145126456816413,2.0863596109451255
2021-12-14 11:00:00-07:00,730.7056749999999,140.12417666666667,0.3007305976312156,10.5,468.68964376683005,62.53842053790731,63.2784481381278,173.4209176408258,0.0,300.68140164741607,484.2785621375949,1.0,300.68140164741607,145.30503919952784,1.1710133750122191,18.219816666666667,1.0498806966666667,446.56496792691684,446.6422972227482,447.5903041158851,448.6224757432577,448.52960913942303,449.47445357032075,450.3643512980809,450.36050670260687,451.06170497372864,451.0540210268213,450.8305414487946,451.77904122943653,76.35461778096186,70.76952144646458,65.4955548868534,61.83488990433472,59.47845602129306,58.1318206358489,57.84844331060697,58.92464477089921,61.08136291121633,63.702016828455726,66.91876892126321,71.37022876952066,12.821696712727466,90.00000147877934,0.6390411248098455,1.8820774685323585
2021-12-14 12:00:00-07:00,137.70942333333332,231.6654,0.2825302678456948,11.5,293.0938541248052,62.17635969352081,63.5079912310966,188.83031716072145,0.0,188.5740342722167,297.0694125642897,1.0,188.5740342722167,84.88637823745033,1.232025744114962,16.399144666666665,1.3123268516666668,276.2485315985041,276.68459938386604,277.1725650384941,277.2038779255437,277.5935138955011,278.05921434154243,278.4123209683171,278.42297491184286,278.84196279519654,279.1495302506387,279.1422993487962,279.50329221428666,45.51486264285729,43.11402657009801,41.4546525447108,40.234057109063265,39.35646318654428,39.12463836912813,39.46832652468376,39.947167590915846,41.05535944450756,42.23447905590573,43.47298942789596,45.13234469567965,17.118750197690314,269.9999987925817,0.6028234523439073,1.9014461190087693
2021-12-14 13:00:00-07:00,358.42237,173.39058333333332,0.2893058239642402,12.5,314.9382759922586,57.34142196647507,66.73909696689661,203.5962751583743,0.0,183.60887364093767,385.654921793086,1.0,183.60887364093767,100.7455201117541,1.7475416125550827,17.181095000000003,1.26535425,360.23415278056007,358.5942682257704,357.20212588181084,355.8306459830868,352.741299603362,352.0039941706617,351.4774376770987,349.9976368878737,348.63633104451196,348.01291452162985,346.61420720068236,345.2202411387802,48.246799598255755,46.474634974296016,44.84902873184987,43.40962875567182,42.494330207730066,41.90794375973291,42.02130331676955,42.89507619731289,44.48056266723439,46.20874180082073,48.67157590797538,52.285001763432184,42.95998785076984,270.0,0.40925627123931557,2.1253130646083767
2021-12-14 14:00:00-07:00,538.86645,107.001495,0.1904423355146965,13.5,268.48708505146294,50.83039848317521,72.56182840678204,216.91765541736436,0.0,103.1134522241528,489.3960048348197,1.0,103.1134522241528,63.94562550794384,2.80942524101383,18.241700388888887,1.1263436583333333,469.10599446667163,467.2161886195123,465.29459239844755,461.33968435942074,459.4090393298604,458.49122963664394,458.02200117282865,456.97997213472655,455.89776719893956,455.4423678550646,454.3818866916035,453.2933397122898,31.009247946476055,29.760855755365313,28.68076304356111,27.546301742568584,26.85223847320856,26.369822341736057,27.11360406355455,28.436990239831204,29.48261375641738,30.872384137317113,31.966308338494795,32.87497387449566,50.0,270.0,0.366977778440511,2.214355247456318
2021-12-14 15:00:00-07:00,685.0879333333334,36.17377166666667,0.2844931938869675,14.5,150.46932062943853,61.532067502857544,80.39624302791839,228.57664814086772,0.0,16.50816966647124,388.9674656625332,1.0,16.50816966647124,46.289679017206595,2.857142857142857,17.686945388888887,0.9867122033333332,364.02438182712433,363.2051575454425,362.44875733436675,361.6491937847623,360.8309264086528,359.968549036767,359.08486085794516,358.9793820807076,358.88125056281604,358.6640351225978,358.54309326505427,358.4334535254385,8.136408810462914,7.386672012794179,6.852528174826105,6.602058024583973,5.915289872694259,5.395988831900049,5.225124442322277,4.726253754709256,4.621044731933792,4.162180346551348,4.144242858684512,4.196406688300625,26.25390022256957,270.0,0.5288251295653978,1.96030022504236
2021-12-14 16:00:00-07:00,73.76118118333333,10.291470433333332,0.2351622781295259,15.5,13.204694788478223,83.5207211073778,87.73649387236753,236.84338663190317,0.0,6.600545098791462,18.595066610390663,1.0,6.600545098791462,0.01990163046309283,2.857142857142857,13.49817061111111,1.1219377258333334,13.755929256810152,13.755929531984204,13.755929802450641,13.75266793150984,13.75266801217344,13.752667923143512,13.752667699136044,13.752667469931616,13.74865571919764,13.74865649171387,13.748656948268202,13.74310489836451,1.385493589505494,1.3549744921617046,1.3291637443639774,1.3073249299100578,1.2877072447530282,1.2770595368716977,1.2728319715273353,1.2754305345054993,1.2849852864812794,1.3032479351717359,1.3264983585924346,1.3552792275445498,5.040791434753684,270.0,0.7060675218611894,1.8610104615957934
2021-12-15 07:00:00-07:00,94.947411,35.73428475,0.3296493349056929,6.5,40.33403005148281,82.04387016418521,87.22320823210303,123.72846952687718,9.174232600483464e-09,18.416075998363656,53.07484712676767,1.0,18.416075998363656,13.434344887743565,2.857142857142857,6.5075398388888885,3.88945645,40.59659558707645,40.59658430894426,40.61652937014691,40.626459390517425,40.62648421649644,40.64452725361722,40.64885105468879,40.648845877127464,40.64883823613761,40.668789459610814,40.66878292061136,40.66786467164208,5.297946246954957,5.176939640290824,5.090099730865515,5.028901824135654,4.994496491367906,4.987138723064611,5.006152065139383,5.065080867034307,5.133008067000517,5.223587786605815,5.323713781325329,5.433973419747636,6.237547232588569,90.00000120741828,0.6956745888519211,1.8630628810773655
2021-12-15 08:00:00-07:00,0.5684294333333334,18.81629183333333,0.2240172866568383,7.5,18.92245236499634,57.750760287174316,79.23617167851194,132.97206936546303,0.0,12.566695549029399,17.22318279497191,1.0,12.566695549029399,4.472740195519125,2.857142857142857,3.6467975888888886,6.098129383333333,15.868778864709766,15.969035223649158,16.17134582919386,16.275668974295787,16.464922132811232,16.55183023378467,16.644532868841193,16.426626840791755,16.362992098926405,16.30925918278763,16.248100932637527,16.19709495408305,2.736168928815585,2.699084023412663,2.7382044992460104,2.7393344965708204,2.7079006006434128,2.785355229019575,2.7115994964044354,2.7976017748620694,2.782579332659183,2.716712605674113,2.6906430447715812,2.662634643393434,31.36505076914797,90.0,0.4897555566218238,2.003274413667439
2021-12-15 09:00:00-07:00,0.5024789000000001,111.793965,0.2476630356056396,8.5,111.95213068574276,51.6185855924909,71.65302219325278,144.8543589042765,0.0,74.10266863990086,99.62000918824076,1.0,74.10266863990086,35.564246115415045,2.6095440523758127,5.182324922222223,7.679044166666666,85.95242781919457,87.47056564667427,88.96563103802633,89.63650755529423,91.09787968224134,92.51963006150486,93.1531064520507,94.544348381085,94.15036648826928,93.47519358920165,93.09648364444679,92.72267386544358,22.363089258278688,22.639128672384963,23.045366715661405,23.45562416366508,24.024134933791835,24.56080775047368,25.15619026698993,24.846999411186367,24.532537121521845,24.2760847129566,23.938533945008068,23.58591633114548,50.0,90.0,0.366977778440511,2.214355247456318
2021-12-15 10:00:00-07:00,63.931282333333336,182.243,0.2654717507408592,9.5,208.07873354362007,58.26132134050681,66.16417914571294,158.397100373086,0.0,133.38374284540572,211.20572943051405,1.0,133.38374284540572,62.601708575661775,1.6599753520963358,5.051577438888889,16.13657105,187.9317685176927,189.78890194094822,190.63285640549063,192.46472447471479,194.19767690893127,195.17081304683512,196.86842169616355,196.94238844152085,197.01598898329007,197.09966158152878,198.21067686576308,198.30086310549714,35.34374668311257,34.71321762615089,33.62625849462043,33.584476592896486,33.76548609475895,34.259393670112686,34.34171764755787,33.96561988780521,34.130068430030306,34.82472204226141,35.195415410356325,35.530038702668804,39.80597679510518,90.0,0.4299050803458292,2.0889261106146657
2021-12-15 11:00:00-07:00,779.2510533333333,110.37691833333334,0.2896747471733544,10.5,460.03829468141606,62.57046342166595,63.33875186384541,173.3033937682361,0.0,294.9532056247498,476.67937998185903,1.0,294.9532056247498,137.3595744675668,1.1745311300606422,5.983664533333334,15.603406833333334,439.1093541066811,439.2606808746,440.2065727495975,441.17126671447215,441.1598890008677,441.9698605330055,442.96756762305125,442.79533152630813,443.6920722431419,443.4412853554598,443.4465477270353,444.12556602135015,72.00835339307227,65.95940261513046,61.25534511326993,57.250114139206495,55.26347566547028,53.65876984162422,53.61367811895159,54.63576723317567,56.70603877285715,59.2437367815981,62.8110649617216,66.77830807799401,13.075042833130919,90.0,0.6368864815569671,1.8830682564157102
2021-12-15 12:00:00-07:00,983.6785333333332,56.78402666666667,0.2960967955317576,11.5,495.03775155822905,62.24733917118541,63.54304446217386,188.70095492387858,0.0,312.6950901182932,523.2417283200233,1.0,312.6950901182932,149.24374040083566,1.2289668976677715,6.526351394444444,13.332211833333334,487.3923070936306,486.66266559915465,486.68151263950375,486.0293653995216,486.0098093949398,485.13936980980867,484.3998216359591,483.44488638605884,483.41436603750094,482.55428828895185,482.47086681334554,482.4994253637261,69.38377535651762,65.11786959595342,61.98156843276159,58.682002653735076,56.79303345896646,56.10527260065814,56.085905061800176,58.00595242444945,60.865222846398716,65.26061769633714,70.66690746332806,77.96729426741356,16.908590716509888,270.0,0.6045771742963056,1.9003728706479777
2021-12-15 13:00:00-07:00,971.78055,51.76824333333333,0.2989825736890196,12.5,435.39473890057496,57.437070410864585,66.74858222152216,203.46510344807567,0.0,231.74087301882588,605.5267698166824,1.0,231.74087301882588,128.42776225068408,1.743493374113371,6.286897788888889,14.1245547,566.3444042108902,564.4825991568633,562.7164410428275,560.992629769757,557.2573042617637,556.9368135900156,557.0691675203301,556.7770333578449,557.0570625889636,556.8781220694967,556.9024629216032,557.0381595342823,45.715549400672046,43.126270156664376,40.880638093433845,39.69700092434863,38.52607074305842,38.55349231132539,40.28213917901274,43.281749744177375,47.122468298130485,52.023578181546725,58.2534883041564,66.48452069393167,42.82281719377977,270.0,0.4101332762973783,2.123683628229223
2021-12-15 14:00:00-07:00,902.3593166666668,50.732951666666665,0.1709838517795694,13.5,321.3467023243979,50.91719513339427,72.54865649157487,216.7917994150234,0.0,98.26929137593348,653.054026505294,1.0,98.26929137593348,63.13922932745369,2.8013495616706585,5.604097777777778,9.970706525,628.7650653213648,626.6068115319806,624.4121823249565,619.9250133200293,617.7364880672595,617.3711934793139,617.1447884973006,616.6348845027708,616.0927416103797,615.9087657302615,615.4150996414403,614.9018187964243,25.246989543431805,23.898967209991643,22.76579314891153,21.598189934708998,20.983845049682074,20.653710010876043,22.009031226768613,24.137193095579104,25.916668062756226,28.12649898352071,29.953010544142572,31.490180603485424,50.0,270.0,0.366977778440511,2.214355247456318
2021-12-15 15:00:00-07:00,709.9333833333333,46.91366333333334,0.2464953540622091,14.5,165.7385590670985,61.43121660454435,80.36478578848663,228.45846871778437,0.0,23.643153261960272,412.241382953487,1.0,23.643153261960272,45.2710815087543,2.857142857142857,5.068366544444444,7.244179453333333,386.37214459075267,385.52742193633236,384.67380959890437,383.79303763597915,382.8936761127123,381.94424698977866,380.97262311224875,380.82117131238505,380.67850839131916,380.36449534184356,380.1915226041078,380.0315732242722,9.686603075264129,8.85426908808452,8.276391757156452,7.970762602731569,7.206433588751224,6.6466634700333165,6.43251005418803,5.897764907344308,5.759877936748175,5.275429200720098,5.224811231586367,5.3058031922336735,26.41858413827562,270.0,0.5275371580786514,1.9615753633953963
2021-12-15 16:00:00-07:00,81.75065405000001,9.338389483333334,0.2058396887977439,15.5,12.628346684560354,83.39739635718902,87.69357709502056,236.73057965400062,1.68500905276121e-08,5.989908020233749,18.71946324406261,1.0,5.989908020233749,0.01880372578719115,2.857142857142857,3.587895288888889,4.004932743333333,13.424007579978642,13.429046443712195,13.429046081152093,13.429045471127887,13.42904591746064,13.432724774036298,13.432724944835314,13.432724993508902,13.432724903766742,13.432724717757674,13.435684476149047,13.435684255767825,1.0768202640129942,1.0539510644230679,1.0340571122594628,1.021034280359726,1.013463466844962,1.0114133283666549,1.0147792097604993,1.0257237685959824,1.0390899157189883,1.056435951432508,1.0769001411557293,1.101115882807132,5.143809232311828,269.9999977411273,0.7051720704543638,1.861170052830106
2021-12-16 07:00:00-07:00,302.07540266666666,12.495149216666666,0.421527625454793,6.5,26.558098992500167,82.35628137116933,87.33166289498496,123.67895225743491,4.3904845307962984e-08,5.837638414058618,54.85468230011131,1.0,5.837638414058618,11.572908491939717,2.857142857142857,1.9008182944444445,1.9318639433333331,33.3014096442547,33.30141751122111,33.35417812754968,33.353405762331846,33.3534089000219,33.396286522674025,33.396287490653584,33.39628612392809,33.39628342285692,33.429910183386845,33.42990740884562,33.42936351463411,2.159186849630598,2.131490649876571,2.0955004980632,2.0674216297720083,2.0534165753514078,2.050375050915757,2.058025393614202,2.0764120437177285,2.1039187862524957,2.1637416670758767,2.2065152533107777,2.2512940234086716,5.987687789717528,90.00000579057459,0.6978426252847317,1.862598522760903
2021-12-16 08:00:00-07:00,764.69095,33.03480666666667,0.32634960467413,7.5,174.51027916241537,58.089087330135015,79.33828459261466,132.90963266245993,0.0,15.66687599196685,462.958276649464,1.0,15.66687599196685,60.14565801391671,2.857142857142857,4.026446977777778,1.2174399603333332,432.3321892447827,432.6073726452987,432.71758563415864,432.9560181830295,433.0599464505524,433.18186094681016,434.40076636185216,435.4918757679013,436.5350504475963,437.5450057025163,438.5368987448665,439.4802919736434,4.585195328213771,4.577482272719713,4.545879059052571,4.61019000859913,5.371746213389506,5.40972796457214,6.222404354370616,6.921342128577882,7.159432700074149,8.058847814457856,8.992948462390506,9.665429010107797,30.92308231230023,90.0,0.4930565537906878,1.999284907479669
2021-12-16 09:00:00-07:00,917.6791333333332,42.428421666666665,0.3049192523026505,8.5,329.90246606069036,51.612126172970704,71.74407296470854,144.773592291159,0.0,109.93899811006213,649.9201161027506,1.0,109.93899811006213,98.57362009126562,2.6240126259854946,5.629477555555556,1.6024152448333333,606.1780802049095,606.593653408017,606.9725341974279,607.0504453136697,607.5299618074041,607.9764855117245,608.0526549862511,608.2278637513605,610.1015680462409,614.1843067476301,616.1565337180235,618.0925715022418,57.004934942669244,52.36514867870057,47.83399974094023,42.740302003291205,38.99125396918129,34.57734382687488,31.8613118017875,30.711690582663525,30.152608769943374,30.651124795956445,31.023326941761063,31.77364524361545,50.0,90.0,0.366977778440511,2.214355247456318
2021-12-16 10:00:00-07:00,969.6543166666668,47.94935666666667,0.2969490087628381,9.5,438.6468502652584,58.24963166981172,66.23886830582664,158.29591434123415,0.0,245.14841154741353,585.2217999398193,1.0,245.14841154741353,128.668511303592,1.665864300428463,5.911865027777778,1.6920812150000002,538.5508068069404,538.4127270333587,538.3520774873166,538.7900796886051,538.505096891419,538.6162142688452,538.6501270661695,540.4054511386527,541.963800337829,543.8095732729523,545.3163689231259,546.804185187049,67.82134902766457,60.7485270323493,54.53513564557077,49.36690500826646,45.24469352985436,42.23893094195269,42.22162520285495,42.128742145114025,43.291363673288096,42.87334177850527,44.87628618843037,47.38227326464046,40.03097290528568,90.0,0.4283991882896266,2.091446003532425
2021-12-16 11:00:00-07:00,989.0660833333332,50.80210833333333,0.2930345733994872,10.5,493.79503533379193,62.59435847357437,63.391603372873284,173.18428098568054,0.0,316.3177272566282,511.8464395603739,1.0,316.3177272566282,146.92328533906155,1.1780511445264552,7.615110777777777,1.7722878933333337,472.7412077270852,472.8317934210167,473.45610575755785,474.1668145664695,474.1179640648523,474.66124544753046,474.67088204312216,475.2412119901077,475.95130989061994,475.6570286666515,475.6685481038944,476.3995458845249,76.91708968010951,70.60139947385632,65.18363008343864,60.73715858537883,58.06288042755517,56.18969717716147,56.110219911393834,57.07913374423238,59.27545871275499,62.16832154488145,66.05854527592192,70.42716200709002,13.32791831194019,90.0,0.6347380463558735,1.8840761954137868
2021-12-16 12:00:00-07:00,967.7096166666666,56.24916666666666,0.2995144120311248,11.5,486.972929816844,62.31064355972447,63.57051349088583,188.57188715256427,0.0,307.5981883003913,514.1322617120256,1.0,307.5981883003913,148.49798736458646,1.2258309877520803,8.745924777777779,1.9023447483333331,478.8017123582406,477.89377437427567,478.1015213832665,477.32213779858364,477.42758614595334,476.57061451637816,475.67219186873484,474.9244389953476,474.8495714479259,473.99977247197387,473.91552398647656,473.7735114666046,68.723835597506,64.8032831204538,61.67203648722422,58.36235297370269,56.71838548841313,55.83435073247638,55.81509315178928,57.71163862967425,60.39448499872013,64.94610230340001,71.03277572323273,77.58414487325095,16.69251825672187,270.0,0.6063822780353991,1.899282846624204
2021-12-16 13:00:00-07:00,917.59605,63.87625333333334,0.3026046954269755,12.5,426.0814857692741,57.52617310279202,66.75069121698958,203.33593223875303,0.0,228.21398258307607,588.4846356469689,1.0,228.21398258307607,129.77124799845078,1.7392135036404157,9.202930644444445,2.306477825,549.9240507452544,547.8644922804933,545.7575936889356,543.7593048415492,539.1900464230913,539.0922697069028,539.1587081592635,538.7623335919,538.9873076926764,538.697267550796,538.5873783555026,538.8996933585629,48.25744445731116,45.06737059954509,42.58976562821501,41.16551296766821,39.73824609901962,39.4793384365378,41.07757493364795,43.79802063723827,47.65035829189517,52.352786496968314,59.224330264618594,66.28198421759409,42.676930711125614,270.0,0.4110681437331892,2.121955270720089
2021-12-16 14:00:00-07:00,854.75685,52.457301666666666,0.1742183686163638,13.5,309.0814836986808,50.997283691768395,72.52854457130937,216.6692538805853,0.0,95.60814406406634,624.0381557421432,1.0,95.60814406406634,62.63530885436641,2.792533497091002,8.824493216666667,1.9135380583333332,600.3917459643038,598.1967901478721,595.9649955656806,591.4001030648652,589.1698764625556,588.7851065903064,588.5513987626839,588.0256221877344,587.4677162700491,587.2743992748018,586.7627748504373,586.2316172464135,25.481183867256874,24.07695196729045,22.882700890801857,21.65541790225547,20.967796515476945,20.557655499643474,21.85967855610825,23.91252635746849,25.626582820422556,27.760965622740475,29.523581446328862,31.007759865576443,50.0,270.0,0.366977778440511,2.214355247456318
2021-12-16 15:00:00-07:00,655.1048499999999,39.55283166666666,0.2562031620432362,14.5,149.6276922866605,61.30968745257526,80.32691477992617,228.3445351442527,6.217248937900872e-16,18.60269728430261,380.5458088119119,1.0,18.60269728430261,42.400847147045674,2.857142857142857,7.802337944444444,1.84636865,356.7827757882616,355.9818525954553,355.15749991698596,354.31058538205764,353.45547279268976,352.5551043685917,351.63195244170697,351.4017603696722,351.27270246233917,351.1545475095699,351.03376007645824,350.7495820175962,8.420252537042426,7.885168362946542,7.095027025243724,6.823021485337026,6.2764827291158864,5.576148341228898,5.394521087518301,4.878055437623469,4.763211743596421,4.276693806977705,4.249128279751759,4.315948430111253,26.604391264845734,270.0,0.5260861918403121,1.9630229400949784
2021-12-16 16:00:00-07:00,69.07884365,10.677619266666666,0.2176780695707643,15.5,13.51654052223925,83.25680185583842,87.64466196221257,236.6225940279209,4.044913846790457e-08,6.849759069143429,18.766337587848,1.0,6.849759069143429,0.02248524501003075,2.857142857142857,5.003787905555556,1.46048045,14.113177812842775,14.113179270065412,14.11893972589068,14.118939008582998,14.118939743345425,14.12346024855535,14.123128241050235,14.123128267226402,14.123128124027296,14.123127875281124,14.123127592545668,14.126511803990656,1.3020016867574002,1.2721544258464836,1.2502654944729399,1.2345427946720318,1.2254122785433723,1.222951628673014,1.229186369464012,1.2401107540744911,1.2562744103005004,1.2772461192818934,1.3036842865981473,1.3310775313179728,5.260380561669857,269.99999460026135,0.7041589839510705,1.8613545237153124
2021-12-17 07:00:00-07:00,261.3122277,13.120187499999998,0.4086378772558553,6.5,25.54243864613877,82.19380103263049,87.27524840753321,123.78831311039522,3.7907598100159795e-08,6.2003273023349275,50.95225881486027,1.0,6.2003273023349275,10.838664414424121,2.857142857142857,-4.028505105555555,1.11701601,31.715023843149645,31.715028759068282,31.76946611238894,31.769466949293715,31.768675029572677,31.857085382643795,31.812915699618923,31.812913870477985,31.812910850722425,31.90131493811885,31.847603439970936,31.84760135536536,2.240837672618676,2.1946597822667058,2.1543455098612796,2.128771388944016,2.114385252873618,2.1112887649175924,2.1191818821141757,2.1381602912209914,2.191867860418552,2.228049151487068,2.2719326195897,2.3179915245194502,6.123602667552584,90.00000497831306,0.6966631629410649,1.8628487722513727
2021-12-17 08:00:00-07:00,749.3564,34.497640000000004,0.3278050967778682,7.5,171.89575935884693,58.40773072314599,79.43476919115315,132.84189000179651,9.325873406851305e-16,16.410644086689622,453.22713516794244,1.0,16.410644086689622,59.74520561403121,2.857142857142857,0.7252261841111112,0.7584197555,422.5927696425805,422.8544531967964,422.98755190743117,423.1023585072629,423.33659930305333,423.44346675251876,424.5842234065637,425.67845773775184,426.7588229981194,427.78803136182523,428.78357491942415,429.76037285191813,4.821488964940285,4.746047575649433,4.780629548121705,4.847015139968971,5.516538597180371,5.664799846661351,6.362436204728526,7.217061162737659,7.453138752401753,8.384115610263665,9.090252226320008,10.025673060484664,30.505673531976893,90.0,0.49618815972296915,1.9955639582945
2021-12-17 09:00:00-07:00,907.4036333333332,44.729243333333336,0.3044790799581899,8.5,327.710265176161,51.59856618294127,71.82876608844423,144.68836995318435,0.0,112.89258969306958,646.6927736948745,1.0,112.89258969306958,98.52913810330281,2.638093172891149,3.7764937833333336,1.0371445849999998,602.7337748613376,603.1750660490682,603.5731891729371,603.6623088635071,604.1630607893625,604.6348067259089,604.7204787622525,604.9227793545302,606.8690911908435,611.0601972685527,613.0963615278002,615.0951308655381,57.652239085520286,53.27059919067216,48.95267008833066,44.02650505378503,40.35997363447866,35.98368100368582,33.26820023293264,32.13333825985328,31.558713628679495,32.05804253641769,32.42507182323729,33.159390601009655,50.0,90.0,0.366977778440511,2.214355247456318
2021-12-17 10:00:00-07:00,963.7397166666668,51.48404333333334,0.2962480432603652,9.5,438.75645534109464,58.23038221651517,66.30653310680948,158.19153271734706,0.0,241.4627097730708,586.6535430355383,1.0,241.4627097730708,129.0844964360252,1.6716570658628844,4.0943063833333335,1.9704593766666667,539.4401266104552,539.0946977629422,539.2609657232277,539.3646251705563,539.0890323423853,539.2543860778699,539.3073680627529,541.0151826983747,543.1333081894439,544.771436187489,546.3751346483397,547.9637713111699,67.59361952766545,60.508711298061584,54.30626154888117,49.24258432069075,44.266372099667095,41.96432341301301,41.94904246971475,41.85735073193283,41.589062151311,42.799685139383094,44.52959799492352,47.52572030840835,40.25039675249801,90.00000120741828,0.4269353676322088,2.0939148615529053
2021-12-17 11:00:00-07:00,917.372485,56.29372666666666,0.2906436546457991,10.5,466.5261047973712,62.61010749595067,63.43697866681597,173.06366277854977,0.0,298.9082429362381,484.38816604071684,1.0,298.9082429362381,138.25654787687262,1.1815677445057076,5.440172938888889,1.6499721383333332,446.8458227062635,446.9463729796574,447.7162950840249,448.3842837583357,448.3399451486953,449.12455374213886,448.93905188037223,449.69885925718194,449.540983182396,450.30210239764074,450.02425008547624,450.8004973998464,72.21099249293853,66.33048476810002,60.95689290595892,57.21752629341075,54.41556977444953,53.04808693979121,53.02166776995497,53.91741513872451,55.99559134180039,58.95497847449811,62.34454778393236,66.38645132785906,13.579905178293599,90.00000120741828,0.6325993941466448,1.8850994471137266
2021-12-17 12:00:00-07:00,934.9565716666668,57.702615,0.2950099528815268,11.5,473.5576351960019,62.36621106554828,63.590391317385496,188.44319702392096,0.0,299.1599177824021,499.3607959612951,1.0,299.1599177824021,142.56279499091568,1.2226231905296467,5.472475283333334,2.4186281966666665,464.95710097371375,464.14814643415616,464.35517050097326,463.42806756183114,463.6584845559018,462.7957030163043,461.88003866190996,462.0460623551919,461.0326242027727,460.01197590190924,460.18110924986246,460.040930503366,66.11012171265924,62.342748969776004,59.003221292956106,56.08928334394813,54.53647515863451,53.64551201951662,53.6423897325621,55.436806326493425,58.53034045650481,62.325019764827545,68.1439830404311,74.24913621873844,16.4708539923705,270.0,0.6082362188368976,1.8981787694933978
2021-12-17 13:00:00-07:00,961.1661666666666,52.76124666666667,0.2991722886544637,12.5,432.24606452227243,57.60863974439437,66.74543379524854,203.2088452060072,0.0,230.1998063428184,598.0594402014499,1.0,230.1998063428184,128.00133466905902,1.7347109652036443,5.987286811111111,3.37336595,559.0943423867332,557.2622952023573,555.4374627092665,553.3722918080344,549.5665362990126,549.567116315075,549.6686420177017,549.3699036546569,549.6562138600399,549.4722648330247,549.7020766907408,549.825505789166,46.03899147769446,43.45470260838887,40.79091690238318,39.585083432385304,38.38616091714899,38.367237192112356,40.03968286831805,42.875474952038545,46.70270812674469,51.700566248342824,58.75706442487268,65.9815603723454,42.522484472191714,270.0,0.4120602580447832,2.120130697657706
2021-12-17 14:00:00-07:00,861.4005,48.37121166666667,0.1709528364671415,13.5,307.3775557883003,51.07062382356436,72.50151912125199,216.55010261545823,0.0,96.65348810800309,621.7885937347435,1.0,96.65348810800309,60.61072419483137,2.782998832253224,5.65994355,4.009745616666667,598.4200422857895,596.3133952301605,594.1711295318241,589.7913426687211,587.65274586856,587.3080978779353,587.1009072030866,586.6130605561418,586.0963662004133,585.9237638293969,585.4530907523904,584.9687106721806,24.453287643607247,23.122027018720622,21.999864527420517,20.840688183280854,20.223198408454373,19.883406588635488,21.19410602586942,23.27782124976343,25.017636582497488,27.215922330838684,29.07673102087732,30.744895828899253,50.0,270.0,0.366977778440511,2.214355247456318
2021-12-17 15:00:00-07:00,619.9702738333333,34.61727666666666,0.256362429307045,14.5,139.2604938347539,61.167550215614554,80.28267221400033,228.2349297261528,0.0,15.494423609837664,359.59523685863667,1.0,15.494423609837664,39.47663294530178,2.857142857142857,4.1867569,4.478473866666667,337.34698835707763,336.6032590991655,335.8173093669588,335.00989084982126,334.1629296972118,333.29574739387573,332.38508933745175,332.2936384037699,332.18638307881895,332.0878120544173,331.87085885398426,331.75066537696017,7.429876823081034,6.920018177914612,6.188519634230148,5.946768721852577,5.4315612437185745,4.77139345784366,4.732204012690566,4.120948674592606,4.107162017489091,3.5638892723863704,3.5942726132273695,3.5966111481963408,26.811476215386527,270.0,0.5244718427151385,1.96464736634933
2021-12-17 16:00:00-07:00,69.44124489999999,9.927324700000002,0.2063845177735259,15.5,12.847570892324805,83.09907863571446,87.58980216617121,236.51950999096562,0.0,6.3693185771657,18.248933951850383,1.0,6.3693185771657,0.021950939697735383,2.857142857142857,2.048368105555556,6.134637816666666,13.598350558436248,13.595204133387917,13.595204390074628,13.595204629785254,13.595204788775707,13.595499085792845,13.591296578433692,13.591294912503997,13.591294067289823,13.591294532131354,13.58593895992042,13.58593941062433,1.173653462822578,1.149597098747878,1.1263342121589046,1.1078553193774996,1.0936001101609867,1.0841861974837137,1.0803480759387802,1.0804971794378528,1.0885230053731616,1.102359313696194,1.1216457704241198,1.1479582649807993,5.390432836406517,270.0,0.7030289627204686,1.8615651923534449
2021-12-18 07:00:00-07:00,297.27424421666666,12.53948825,0.3911721174609273,6.5,26.162265550323845,82.47664243041302,87.37346540678256,123.72696602863043,4.1012228674238044e-08,5.886610263445163,53.533246662591175,1.0,5.886610263445163,10.607409411312378,2.857142857142857,-11.615256888888888,0.786000081,32.380481983251755,32.357701091422435,32.43238572296484,32.43238582173427,32.43238856729539,32.47515156225981,32.475152731971285,32.475151724385356,32.475149363747846,32.50868656871806,32.50868395213375,32.50817456833673,2.021838757118182,1.9970019973350077,1.9633060280269437,1.9370352331116676,1.9239088540566254,1.921041082348985,1.9281864941150129,1.945421159042834,1.9711429740692294,2.003883390959707,2.06664765390064,2.11083672796078,5.896197408347359,90.00000539973864,0.6986367398107282,1.862433220107548
2021-12-18 08:00:00-07:00,778.2979166666667,34.74135166666667,0.3219924878869895,7.5,176.23351654968445,58.706659361591825,79.52555710353177,132.76891005894925,1.5543122344752188e-16,16.540943978359717,465.1187153795138,1.0,16.540943978359717,60.116951368628335,2.857142857142857,-6.8873617777777785,0.9902130725,433.5871853105809,433.70886057733884,433.95672688932467,434.0707497789275,434.195587099832,434.30402069786305,435.5166452671756,436.59546744006445,437.6269176870066,438.6397477459117,439.6020889803726,440.6243308025691,4.787230494388121,4.730802615764752,4.764808704081866,4.757851756837525,5.497765871934824,5.538089082790103,6.331669197608894,7.185815695853452,7.253734544951896,8.150725848970836,9.06198255975614,10.0104957056707,30.11231398756307,90.0,0.4991516682019236,1.9920992410537672
2021-12-18 09:00:00-07:00,929.2200833333334,45.39989333333334,0.3100126014429555,8.5,333.9780365844197,51.577918643079265,71.90704699717467,144.5987697169386,0.0,111.98700371998558,662.157439761198,1.0,111.98700371998558,101.78784886650784,2.6517549661081565,-2.6213753106111115,0.7479813333333334,617.1346151838237,617.5768526845578,617.9821228829743,618.0686107013943,618.5835465881796,619.0573197634146,619.1567354892658,619.3557007031669,621.3102604057796,625.5361529509933,627.58940996609,629.6027932424355,59.47503349836803,54.97674386879537,50.512723401163896,45.427871309549,41.607782237188054,37.04349327598774,34.23899209079804,33.00106204818425,32.3394800096195,32.769911125584684,33.073100103838925,33.76105777766873,50.0,90.0,0.366977778440511,2.214355247456318
2021-12-18 10:00:00-07:00,989.59315,51.19119833333333,0.2985339423374675,9.5,447.8939480475044,58.20363387024521,66.36713519544898,158.08403829395706,0.0,246.3797956749962,600.9999265692555,1.0,246.3797956749962,132.23969087824096,1.6773423415531274,0.0986240557,1.5545530766666666,552.6491899327608,552.5188454970018,552.6594264201575,552.5492604043992,552.4543993396535,552.4223960528271,552.6608254860166,554.6713871542066,556.3352490866265,558.0769106133226,559.6615516489965,561.5192132379902,69.66778487937555,62.23102450602295,55.82678648431454,49.80499347570639,45.61811932453141,43.11237357762407,42.4261406107668,42.864925069544874,42.07845711901049,43.744129210984106,45.491496393302704,48.12085166251709,40.46394315631186,90.0,0.4255153059021715,2.0963283375752066
2021-12-18 11:00:00-07:00,1013.0251666666668,53.31719,0.2934463967272949,10.5,505.7246054250089,62.61771852539958,63.47485653743987,172.94162281999365,0.0,323.986240047336,525.4944877243438,1.0,323.986240047336,150.74086658835574,1.185075097676691,1.3974605394444444,1.9479094583333332,485.0706129582542,485.04102305544683,485.86133309199056,486.613232678995,486.4822449224427,487.21109383152526,487.1233014198227,487.74763587327527,487.59081846900176,488.3334644439009,488.1495166430833,488.8019448259033,78.88918181046107,72.54117785391514,66.42420803036381,62.317867606093905,59.19230238979211,57.92017875547676,57.63412751198765,58.50708817902851,61.14328976149762,64.09052098645458,67.90061447056055,72.61956132364253,13.830585729361768,90.0,0.6304740819493513,1.8861360499285111
2021-12-18 12:00:00-07:00,1008.8006333333334,53.55613666666667,0.2975192983528327,11.5,502.0622193021359,62.4139830142475,63.60267377086991,188.3149679780222,0.0,317.04823006350733,528.5449510983624,1.0,317.04823006350733,151.76222585719637,1.2193489381465914,3.2886691944444446,2.2472454,487.3462635322677,487.4834606950923,487.3975990588001,488.3084950042014,489.093842976577,489.0666159474471,489.86851083403036,490.6259874521028,490.522800062811,491.41624216187,491.0964806148322,491.73366589656234,80.00715566282148,72.53639145946923,66.3758478900526,62.254492105060706,58.67880732975313,57.29910624383413,56.85035494129115,57.549686999816025,59.87177918952517,62.62037580451606,66.1254786391892,70.15779962718175,16.243934338178207,269.9999980909041,0.6101363119770451,1.8970633838228252
2021-12-18 13:00:00-07:00,968.2269833333334,51.75791166666667,0.30216526832406,12.5,434.22624988546715,57.684381613257436,66.73282269117423,203.0839261967333,0.0,231.1148563374597,599.6649028559689,1.0,231.1148563374597,129.49039916159813,1.729995234899625,5.442992755555555,1.5330344033333332,560.4031104426382,558.5978615491697,556.9124959264203,554.77830916113,551.0253664770355,551.2567636632541,551.139138971908,551.0776313504763,551.1591453780201,550.9918547578267,551.2182825675552,551.3586238910514,46.267618222392166,43.691030994719895,41.05969745561138,39.87744342078863,39.24340523153492,38.736840508942336,41.069432316366054,43.31655514232387,47.22594056543383,53.166530889311026,59.48986016772925,66.8150266342685,42.35965032187449,270.0,0.4131089127418387,2.1182128325099048
2021-12-18 14:00:00-07:00,890.5836333333333,46.34839333333333,0.174678347500643,13.5,314.63217740249127,51.13717793836185,72.46760951316841,216.4344291459536,0.0,98.00597158769321,637.0222229624524,1.0,98.00597158769321,62.09025377146028,2.7727691480291914,5.965381294444445,1.314512835,612.9202913864752,610.863660914496,608.7719827374284,604.4970406263154,602.4163650137972,602.0975630871011,601.9005529912895,601.4319532444105,600.934060610392,600.774712275224,600.3265651466113,599.8647261833513,24.413779315816978,23.168168195906688,22.140474905736504,21.071530088120277,20.570698445601735,20.35992948065849,21.761343236327196,23.977667786910313,25.83096494026098,28.165768983693077,30.143760740652393,31.916314149394474,50.0,270.0,0.366977778440511,2.214355247456318
2021-12-18 15:00:00-07:00,715.6123333333333,34.240005,0.2702503515423878,14.5,155.64889299429512,61.004872615823245,80.23210306771014,228.12973378134046,0.0,16.346617446478188,404.73149723063676,1.0,16.346617446478188,45.94397484716468,2.857142857142857,6.384124394444444,0.7291322206666666,379.8562635708571,379.0554423073143,378.20875496125814,377.33908836739545,376.42649550708745,375.49279712360874,374.511845669687,374.4158461631,374.3162698984983,374.07982403501353,373.97159307541307,373.85931532994675,8.371245942679868,7.551469888105007,6.757463179526776,6.70159784031578,5.945006611951571,5.23270587751201,5.190206548663713,4.530658278202332,4.515852383075479,3.931398035186433,3.965213157387918,3.971578197732255,27.040012858199397,270.0,0.5226936855794588,1.9664535972445467
2021-12-18 16:00:00-07:00,88.36756456666667,9.946123,0.2143387982199371,15.5,13.508935450503754,83.38515222646846,87.6893166274425,236.58560692425235,0.0,6.379845680331973,20.105417179903007,1.0,6.379845680331973,0.02016953979123018,2.857142857142857,2.6049104200555555,0.9868146316666666,14.3987387797367,14.398739024350391,14.395586659225938,14.395586869022448,14.395586973685731,14.395586924312454,14.395586736531026,14.391680497751615,14.391679975098612,14.391680650420781,14.391681052444707,14.386315276575495,1.220956590817221,1.1941361486534225,1.1714477362926827,1.1522102728289456,1.1373872218127385,1.125348435560307,1.1216139060054466,1.123884918643811,1.1322779181000517,1.1467175514097248,1.1687925719291008,1.1941577634774487,5.16203573169051,270.0,0.7050136570630865,1.8611986238663902
2021-12-19 07:00:00-07:00,269.1242896,28.130393916666662,0.3587180183767587,6.5,40.02664742505142,82.7444009148338,87.46649666793674,123.65990136254321,0.0,16.776017551501575,63.22126386889832,1.0,16.776017551501575,14.623442930323987,2.857142857142857,4.424503916666667,2.1357513433333333,44.051631397146366,44.09739510100643,44.09739226637032,44.09739136879692,44.08700141604909,44.13614490195132,44.13614942286906,44.136148518055705,44.11739463044551,44.165184762999594,44.16518356061444,44.16518256051877,5.250265892640826,5.139933241513873,5.051765392849176,5.004077179123271,4.963843652098534,4.956221398933679,4.97481067893723,5.0179176838467185,5.086859652416614,5.172713165964922,5.272479088564745,5.410333784802552,5.680764382181864,90.0,0.7005071603718926,1.8620539991496698
2021-12-19 08:00:00-07:00,628.2142666666666,67.08345,0.3196875316236872,7.5,180.3740301902625,58.98583481167542,79.61058210166301,132.69076294445517,0.0,34.25311376072042,425.1977449927405,1.0,34.25311376072042,62.17408812196432,2.857142857142857,10.159248038888888,3.1470582966666667,394.24710268685396,394.82491279440745,395.055642450237,395.29248268172483,395.7705158991268,396.0255510221395,397.12509488858075,398.2289266337427,399.2707908838694,400.27767686829856,401.279237529011,402.21433214059743,9.756949502355349,9.734200111026613,9.664926376956872,9.788939349698854,10.558639333480379,10.642326762955156,11.506159418578363,12.181764880780742,12.550857578241601,13.532641234231,14.528961301810197,15.161574259593646,29.74254899384325,90.0,0.5019482025396338,1.988879519723428
2021-12-19 09:00:00-07:00,890.48605,46.913275,0.308004314897964,8.5,322.4010020869184,51.550199163891996,71.97886353554676,144.5048701058521,0.0,108.9361495816165,639.7384062807813,1.0,108.9361495816165,98.69585039629405,2.664967598402908,10.060924511111113,2.0982278316666667,595.565952831935,596.0235586226443,596.4454430415578,596.5437412576008,597.0691868230815,597.5544580537794,597.6641640784819,597.8872927828583,599.8922849878626,604.2006135476474,606.2935935118776,608.3465293937251,57.188854937728266,52.9147104488455,48.6767571402738,43.847975868450845,40.227116389605534,35.897016478520136,33.24315849609638,32.18704451784125,31.68170311426326,32.21978071080628,32.6368186179231,33.42201976240695,50.0,90.0,0.366977778440511,2.214355247456318
2021-12-19 10:00:00-07:00,969.15375,47.587505,0.302446332656188,9.5,435.2673414997279,58.169446432294905,66.42063872891795,157.9735140669526,0.0,239.2377233105757,586.5451976151462,1.0,239.2377233105757,129.5889114875111,1.6829091341410094,12.46679937777778,2.247578725,539.5770147404053,539.4208216416388,539.3102655794372,539.4095397553667,539.2742447580118,539.2508531885053,539.7829736702023,541.3567360732316,542.9319753122966,544.5030546810328,546.0718519246451,547.8572413498703,68.56370089761035,61.20644408270605,54.01131508213318,48.906122752493594,44.77512952040107,42.42091073801072,41.539099017698625,41.91357745736177,41.10786164150368,42.242592481763545,44.37745259568243,46.89972204392506,40.67131803431663,90.0,0.4241405979594071,2.098682178922167
2021-12-19 11:00:00-07:00,1003.0641833333334,49.69508833333334,0.2983288386352722,10.5,497.17837431539175,62.61720254199222,63.50521829463531,172.81824488986365,0.0,318.50234687616955,517.2689678535368,1.0,318.50234687616955,150.45825535702807,1.1885676076822067,14.599804944444443,4.726615466666667,477.4354723941158,477.4013978545121,478.1823659929962,478.1725978430412,478.77027390161334,479.46739648800633,479.4663422379199,480.0788837596413,479.957783700325,480.5325560112694,480.54994345876645,481.06794260083745,81.2326005968503,74.13301374471806,68.36261094520582,63.35710356055172,60.26746556220941,58.25787339930135,57.7983863126305,58.26951720310609,60.426075377648495,63.0920857510384,66.66647836189588,71.07395823556512,14.079543989672757,90.00000190909591,0.6283656360146899,1.8871839270888284
2021-12-19 12:00:00-07:00,1001.8501166666666,53.50228166666667,0.3021283168060308,11.5,498.84482360299876,62.45390646078783,63.60735922727361,188.18728369783227,0.0,315.0121683586362,524.5221557873742,1.0,315.0121683586362,153.0743577542471,1.2160136021311407,15.106733777777778,5.186940933333333,483.57236544300446,483.5451716394884,483.62606933007066,484.5317872594919,485.2952279308771,485.29194928859005,485.96007454345886,486.7131620848965,486.7388463073154,487.4528825524877,487.32013331307564,487.9570961666268,80.71927642751564,73.1976457355714,67.90807430381052,62.8210811913021,59.65851193726635,57.61718209334393,57.319538126121856,58.23362342356256,60.361759645829714,63.155829523461925,66.42027121814182,70.787071426459,16.012109849239746,269.9999987925817,0.6120797406008274,1.895939440487954
2021-12-19 13:00:00-07:00,974.4991166666666,51.13944333333333,0.305883467784333,12.5,436.39708164808565,57.75331153224076,66.71287325080179,202.9612592652573,0.0,236.20463111930312,601.4111390393325,1.0,236.20463111930312,131.40366796671532,1.725076248737624,15.79226822222222,4.495533383333334,561.9200266972671,560.1393961587678,558.1851725475069,556.5117906940552,552.6708978213383,552.9212118765477,552.8219493396406,552.7775365185754,552.8910426793062,552.9798369701161,552.9917870472939,553.16278106248,47.53590684449556,44.897729683418824,42.774628348848154,41.069446430626485,40.40024457925312,41.37047558556084,42.134770412588324,44.37894269258299,49.111538292241626,54.20241413103157,60.72690984374249,68.1058648590586,42.18861550435809,270.0,0.4142133097684622,2.1162048066599595
2021-12-19 14:00:00-07:00,829.5666,82.33729,0.1944926111640386,13.5,332.80270089808636,51.19691094490727,72.42684773732077,216.32231679480338,0.0,111.5620920283374,649.3820716447439,1.0,111.5620920283374,74.82155576128858,2.761869661564431,15.784953333333334,3.85924045,623.0298405247077,620.6874963786644,618.3052729814387,613.421045788345,611.0471061287509,610.4606586724336,610.135613258379,609.3794277150903,608.5844025935219,608.2946232048831,607.5483809573228,606.7832492897332,31.350228853237393,29.901518031774987,28.691979669996098,27.427235947459646,26.797147248389493,26.486729717951704,27.92373868934677,30.263586253238103,32.20053594022373,34.68921913439521,36.78722307969987,38.678995100129654,50.0,270.0,0.366977778440511,2.214355247456318
2021-12-19 15:00:00-07:00,170.43464128333335,44.32916166666666,0.1962322435508994,14.5,73.41128797337055,60.82171887913996,80.17525480754011,228.0290277349045,1.5543122344752188e-16,20.742841837185022,153.65234246049314,1.0,20.742841837185022,18.235787597616852,2.857142857142857,13.286975722222222,3.672335133333333,144.83409596706895,144.29812109022475,143.73368198655663,143.1565786356238,142.54835844404906,141.92953390658136,141.28724857912496,141.148948059239,140.87083777323107,140.71833823701542,140.57614618154082,140.26461715706964,6.872591840686395,6.317858477870292,5.7750685076988955,5.715302495206506,5.199946395108896,4.837269032881319,4.672717804096804,4.22557867877215,4.209707429842303,3.8233396219093314,3.8519412797548003,3.8967227597539393,27.29019678037685,270.0,0.5207512466340707,1.9684471632629617
2021-12-19 16:00:00-07:00,8.068450700000001,12.254427533333336,0.2395704443936508,15.5,12.589124719131188,83.1932699705845,87.62256213216791,236.4926986267273,4.662936703425655e-16,7.861770543226815,13.18432957421221,1.0,7.861770543226815,0.026375547299831048,2.857142857142857,11.467990666666669,3.580308233333333,12.059099740729005,12.055215798443093,12.055216160704594,12.055216488644101,12.055216690716044,12.055216679102488,12.050450218585976,12.050447900866018,12.050446845997628,12.050447732841665,12.043836656240366,12.043837295717845,1.6805555267238457,1.6460151906341038,1.6127249411524183,1.586239628513984,1.5658195730113966,1.5523303072751808,1.544440640265058,1.547537849577306,1.5590557331116224,1.5789003269213127,1.6065429638729918,1.6442903195055791,5.3181815657167855,270.0,0.7036567228491547,1.8614475208819707
2021-12-20 07:00:00-07:00,226.6854,12.220906333333334,0.4027440144632352,6.5,21.894278758375815,82.99689137794039,87.55426787960617,123.58718201373625,6.447889092156347e-09,7.8416032316817565,39.831213238001304,1.0,7.8416032316817565,0.027901159941436163,2.857142857142857,5.505773355555556,1.714531065,25.64181695983611,25.64181695610396,25.641815637141974,25.648408237206656,25.64841058433855,25.648414694257887,25.648417645838293,25.652882125891605,25.65288169389253,25.652881090012343,25.652880465196958,25.65287991359966,2.749028665053863,2.6911548795396434,2.644838007904543,2.6116365953870915,2.59239038290666,2.5887711555337134,2.598487390969265,2.6211032038317823,2.6553670153015587,2.702285123001956,2.754921817891084,2.8125759519747646,5.477442443899904,90.00000085377364,0.7022730729947887,1.8617090011009014
2021-12-20 08:00:00-07:00,600.2705383333334,36.4484,0.3214473818348821,7.5,143.88344654922182,59.245211548098276,79.68978000518923,132.60751992417443,0.0,16.2696262486489,372.1910859946337,1.0,16.2696262486489,49.918413401818256,2.857142857142857,8.596082672222222,1.1533509323333333,345.38613302562845,345.5037885567786,345.6143542508466,345.87041810806494,345.97239755052215,346.0766797772271,347.1233510768765,348.1238309881101,349.1117952126901,350.05225767501696,350.9747192189942,351.84967148158705,4.658821254551199,4.648246941417269,4.615376289459807,4.673642571367558,5.272255982847365,5.413564201004239,6.039172527136193,6.811829591717404,7.047603067583705,7.6859233224316075,8.52648465327951,9.391750687076838,29.39597342175602,90.0,0.5045787369659189,1.9858945489074693
2021-12-20 09:00:00-07:00,878.8702833333333,46.928015,0.3069845558304338,8.5,317.86947793613564,51.51542567216555,72.04416581935324,144.40675007726475,0.0,104.72540090268679,632.7457036657146,1.0,104.72540090268679,97.2819034371307,2.6777011173241916,12.426722722222223,2.6275196833333334,588.98075911884,589.4333886730008,589.8580097404234,589.9573208008727,590.4847950350108,590.9645453167408,591.0900121835441,591.3154759459038,593.3220015301297,597.6284158452193,599.723927149118,601.7767577402402,55.84280115158311,51.736403200572575,47.62592498308553,42.94265875260538,39.39951824580057,35.156299539410114,32.562599001212824,31.559696158160193,31.091400033054228,31.638135022948823,32.06910867582268,32.85534479723634,50.0,90.0,0.366977778440511,2.214355247456318
2021-12-20 10:00:00-07:00,969.4806333333332,49.12341,0.3012727503094819,9.5,436.21475637436976,58.12788595183342,66.46701018874394,157.86004300603375,0.0,239.89902877797482,589.286082091969,1.0,239.89902877797482,129.64854462723724,1.6883463305790771,14.148792444444444,2.9933035,541.8761119897455,541.7350234209929,541.6169352652967,541.7325475706772,541.3989002797297,541.958023723509,541.9388484871992,543.750728997258,545.3703906881564,546.9810638816808,548.8389231720475,550.4339544307138,68.57080268021531,60.44433109946418,54.058208094704774,48.98250372378929,44.89007818618983,41.90947250075071,41.859062604832424,41.572300217567616,41.29304166924936,42.46114485653864,44.65612830514091,47.2003331648638,40.87223909696813,90.0,0.42281274430515775,2.100972242239374
2021-12-20 11:00:00-07:00,983.84075,72.52853666666667,0.2967751129680973,10.5,511.08506438840914,62.60857779449583,63.52804754095602,172.69361269534826,0.0,327.5655248747526,532.5027466727697,1.0,327.5655248747526,154.9016248614987,1.192039346350401,15.30438761111111,2.340964758333333,490.7626821592492,490.9092785445437,491.69271039900445,491.72852310910577,492.63525578423406,493.46387745483287,493.37240782793185,494.13897774694146,494.0153210595572,494.7391847078617,494.75795445870796,495.68192396904124,82.57743304843021,76.21144810199671,70.45705866690899,65.46979727439172,62.44981619917731,60.55058352385301,59.85566233956926,60.882885598564876,62.88976288455971,65.55471273676487,69.48367716916061,73.6471209714794,14.326367353394085,90.0000020913098,0.626277537593834,1.8882408965789312
2021-12-20 12:00:00-07:00,826.0208098333334,83.83794833333333,0.2925172169318017,11.5,451.05841515463425,62.48593047794557,63.60444835502845,188.06022798623542,0.0,289.22634752112737,474.29704743178206,1.0,289.22634752112737,136.14919901985837,1.2126228741362859,15.52881738888889,3.7059991516666666,441.64786774820584,440.5860861773886,440.82925971275824,440.01918379283717,439.9986194889742,439.0322516718755,438.09043568401046,438.1111225138539,436.9569347042095,435.9165322043159,435.79630619218017,435.9089398641454,65.59856662646114,61.53049928280393,58.55862739426074,55.66228600063238,53.80107690874204,53.07768085948956,53.048484332561586,54.278419164023774,56.852238554839616,60.80665045496298,65.84225710201443,71.53920183791276,15.775743866516768,270.0,0.614063565875254,1.8948096801662997
2021-12-20 13:00:00-07:00,962.7269,56.406711666666666,0.3031190823840364,12.5,437.43117337775607,57.81534392120019,66.68560315770688,202.84092860039664,0.0,237.27745997955824,599.9394631973485,1.0,237.27745997955824,131.77172549969538,1.7199643452445559,16.527591222222224,1.3878720016666668,560.527297950789,558.6264580938996,556.5581363678765,554.7528234581372,550.6466446356903,550.8730608698445,550.9507126260293,550.2682272271553,550.3141991114071,550.3636395136908,550.2855807313136,550.371363675599,47.977165482109115,45.27099251317878,43.10281376686415,41.322596013992715,40.56837651280428,42.287124831262105,42.290430784260295,44.48613268910306,49.137197282649076,54.13701509037157,60.558173348133316,67.80181967368732,42.009582106226794,270.0,0.41537255998829076,2.114109946993623
2021-12-20 14:00:00-07:00,768.3530800000001,67.74920166666666,0.1998553079558999,13.5,300.3410299284877,51.249790080224464,72.37926811763552,216.21384865153118,0.0,102.08721749515877,589.4763864267156,1.0,102.08721749515877,70.02666719559454,2.7503270530823425,16.395164777777776,1.069824715,565.170099501222,562.79635749967,560.38234807279,555.436854065062,553.0226218797718,552.5349524162248,552.2722710095829,551.6248224548839,550.944661871619,550.7062122428937,550.073850811224,549.4236998457606,29.487919198400544,27.956212462132672,26.65270441263551,25.297101238723453,24.55345105103359,24.119350248978694,25.500202603332824,27.762864195961097,29.63415773249115,32.064667880567875,34.14426939437418,36.108299435383124,50.0,270.0,0.366977778440511,2.214355247456318
2021-12-20 15:00:00-07:00,608.9774309999999,48.19523166666667,0.2740905361137303,14.5,152.76867211791716,60.618148276294455,80.11217709627158,227.9328911217386,9.275864257252756e-09,22.050534608247563,379.80148226026796,1.0,22.050534608247563,45.89139850344581,2.857142857142857,15.527677777777775,0.7606581221666667,350.9714789352851,351.1273442870404,351.46156275245534,351.60513661713884,351.74289004431193,351.89483122885616,352.8540447641223,353.8805962003003,354.69192953039664,355.5738006110786,356.4072797705967,357.2224077642104,5.476556341445932,5.391575134881597,5.4293334921918825,5.906799097476853,6.055229823488345,6.57609564873893,6.78232376561998,7.336206298453818,8.086296934845874,8.38700829153774,8.94466553071064,9.749075044867396,27.562248202080145,269.99999914622634,0.5186439894465911,1.9706342077077579
2021-12-20 16:00:00-07:00,101.83806966666666,12.577019633333332,0.2431208327166683,15.5,16.930262050126696,82.98475379827094,87.55004742488737,236.40493380649502,0.0,8.070192978095417,24.986035055352595,1.0,8.070192978095417,0.028819525905908704,2.857142857142857,12.204700388888888,0.8238167375,18.237287342042126,18.237287684094003,18.23728807262789,18.2372884497701,18.237728401338018,18.232405651549143,18.232403833671263,18.2324012743518,18.232399794001708,18.22561468970539,18.225615514682843,18.22561619602357,1.750269958387933,1.7144615032519426,1.681769027386969,1.6523745562682508,1.6310863532286426,1.617035977171803,1.6109985239434201,1.6145812584452954,1.6239983816021926,1.644622084867487,1.673395346526852,1.709350777145587,5.487487631076502,270.0,0.7021858132054473,1.8617257515209462
2021-12-21 07:00:00-07:00,16.40075685,13.087039283333333,0.2792760915618303,6.5,13.809113396387401,82.77355769526613,87.47663008247696,123.6731919690377,2.5058134017129493e-08,7.797167780789157,15.552318896803941,1.0,7.797167780789157,3.883456738715571,2.857142857142857,8.961651811111112,5.790878583333334,13.24275750474215,13.25099550053441,13.250994486619192,13.250994123636435,13.256853954529834,13.258255016342446,13.25825670077979,13.25825643618823,13.262547918067286,13.263459203260307,13.263458767757456,13.263458403472395,1.8967895047555083,1.8568672627588367,1.8249599035973993,1.8048638432155293,1.7903884100519232,1.787625768749054,1.794348712575626,1.809945471125963,1.8350026507562158,1.8660769713691179,1.9021971045523043,1.948200412460526,5.658699914429756,90.00000330665111,0.7006987672075178,1.8620159537880308
2021-12-21 08:00:00-07:00,0.9122805666666668,45.86106333333333,0.2560387771669931,7.5,46.02319269211802,59.48473734509494,79.76308865098707,132.51925317772321,7.771561172376094e-17,30.124176431750676,43.60073082932348,1.0,30.124176431750676,12.176120861725227,2.857142857142857,6.735635972222222,1.5429264201666666,40.29940252891906,40.52364430792971,40.97415428114816,41.18375980578547,41.40649012956754,41.81821410209803,41.71458996965769,41.59007292513058,41.47440425695467,41.38362082894527,41.27340303318041,41.186570952301196,7.133645919755571,7.024867116969474,7.092601483870663,7.079428643838042,7.030459919505683,7.210253699148844,7.078900348413865,7.068085346647307,7.169017415114086,7.184241526463417,7.170061098713002,7.149253737531011,29.07222622110224,90.0,0.5070441162214094,1.9831349886717227
2021-12-21 09:00:00-07:00,677.0584616666667,78.33971666666666,0.2989576867907795,8.5,286.4054357216906,51.473618205207075,72.10290616381567,144.30448879280672,0.0,102.15371664003503,550.1916632352863,1.0,102.15371664003503,91.29293172093719,2.6899261681348428,11.13896287222222,1.0057168653333333,507.23716261748893,507.9257931817178,508.587098489028,508.8076866032779,509.54494849530926,510.234813314419,510.46868601449137,510.94801852230864,513.2456187721971,518.0743811226702,520.4157802585818,522.7128200764756,50.297462766318915,47.042258810706805,43.81561566428066,40.12654725350177,37.39586311579512,34.09096601732785,32.13082173650921,31.89579927721915,32.10245868937133,33.155748930197404,34.106031135040936,35.3509486413412,50.0,90.0,0.366977778440511,2.214355247456318
2021-12-21 10:00:00-07:00,727.6723265,76.36033333333333,0.2940821676283732,9.5,366.44657063050033,58.07902042437971,66.50621826903392,157.7437078495218,0.0,203.98162502263148,492.4247026104134,1.0,203.98162502263148,112.95892315895463,1.6936429850122299,14.252684111111112,1.3103935688333332,447.5488722884817,447.01162115815157,447.3326800503257,447.9951148265264,447.820498655529,448.22556295342014,448.30211503767885,450.57348134912934,453.0118550489275,455.44492296724803,457.5734916755451,459.72902860837786,56.46569919368846,50.90708412654409,46.097806482172984,42.07143874715505,38.43062149818329,36.79117068641567,37.52939778986382,38.27535583031707,38.20779880476846,39.6290531122932,41.86501326420271,45.48233778156838,41.066436534827616,90.0,0.4215331495564202,2.10319450835582
2021-12-21 11:00:00-07:00,983.3410333333334,55.51743333333333,0.2972240688030523,10.5,493.6164057146141,62.591865464332834,63.543330024917566,172.56780970056502,0.0,316.27928018480543,514.9733556252563,1.0,316.27928018480543,149.23584256813393,1.1954845904447096,15.230348555555556,4.612544626666667,474.81189959152874,474.93890686151775,475.83114876566844,475.7086449464027,476.5220231211342,477.3285496154609,477.1129191894717,477.91326843586296,477.7600957358305,478.4815518332378,478.295386449417,479.10083979351845,79.73745920590589,73.44253590742849,67.19698474326353,63.03728320404282,59.43882302140438,57.990779767201026,57.48779849125164,58.092416936591015,60.17148320141749,63.056253415725344,66.57464060269108,70.6196953423129,14.570648218476103,90.00000241483653,0.6242132089625927,1.8893046822385777
2021-12-21 12:00:00-07:00,993.4463833333334,53.743815000000005,0.3012086876094033,11.5,495.55907781803376,62.510008195262024,63.593943941470584,187.93388463734308,0.0,317.54579330289437,519.6856162213878,1.0,317.54579330289437,151.66561300976772,1.2091825246786172,15.539954222222224,3.267676685,483.5538620221004,482.72021273340596,482.9191588481494,482.0548398447299,482.2934748599039,481.4694036256014,480.7124666125222,480.86889003983424,479.961683437329,479.1396229737423,479.21584036073415,479.08256888745,71.96380711943523,67.87111972719704,64.134489679394,61.208714830901,59.16930303134046,58.14750345733684,58.84152142466872,60.088382634523015,63.485160540963676,67.8331715646964,73.84669844399481,80.47449477067417,15.535211124638929,270.0,0.6160847376360171,1.8936768172514957
2021-12-21 13:00:00-07:00,969.8093,48.72285,0.3050424964497364,12.5,433.08766752966926,57.870394914821404,66.65103224202771,202.72301843958004,0.0,234.1936430673029,593.8395803971168,1.0,234.1936430673029,129.81707839957622,1.7146702094416328,15.331801222222222,5.013892833333333,554.8342709766498,552.8426075025973,551.250471423967,549.6325726878312,546.1126207044528,546.1749802541774,545.9043460082958,545.6541961462419,545.9920282835717,545.8644324031258,545.8399633594197,546.2254436709982,46.60813707535413,43.67266150597016,41.690918649432675,40.56275958325081,39.48510088544092,41.04552803504946,41.37458697167459,44.35712513612766,48.35738393325502,53.43109337962989,59.78106012587214,68.14861225370159,41.82276652982081,270.0,0.4165856834070717,2.1119317635838026
2021-12-21 14:00:00-07:00,915.5611166666666,43.19699333333333,0.1791925939916128,13.5,321.1786522085156,51.29578480991581,72.32490710916848,216.10910751821783,0.0,101.74675704015915,646.7433519444401,1.0,101.74675704015915,63.402643791973674,2.738169296219416,14.885054388888888,3.1152623433333333,621.9306933501027,619.9570710293369,617.9492478988611,613.8478632091146,611.8599922240313,611.5778701768606,611.408440679605,610.9669832293707,610.4981097076457,610.3592621497072,609.9448903789397,609.5158100960881,24.276428326026537,23.146909319433117,22.24545475148833,21.293393877052228,20.95306180599182,20.92296679147128,22.436214531813768,24.847687566997163,26.861254541574876,29.427453080332654,31.632097596371597,33.69942969333551,50.0,270.0,0.366977778440511,2.214355247456318
2021-12-21 15:00:00-07:00,737.7335666666667,32.65300333333333,0.2806168063617918,14.5,160.21479981641994,60.39421523571153,80.04292158139259,227.84140255626693,1.3176172368317302e-08,15.526829807776974,420.50696863492016,1.0,15.526829807776974,48.62176203194463,2.857142857142857,14.539934777777775,1.995307585,389.6708536934589,389.79501642270543,389.89880393341247,390.1164142162267,390.2259056405082,390.3200865001802,391.3174976609029,392.268380036626,393.1892426466858,394.09007091767825,394.9461307342553,395.779091394699,3.9357029238856187,3.873911114954664,3.900223710082685,4.419265167984459,4.52635882714921,5.2135729347738105,5.253475658634682,5.989911773088377,6.045601655269216,6.823923672801806,7.6371640655548525,8.210925579013237,27.856415014983774,269.9999987925817,0.5163713014482687,1.9730215278830676
2021-12-21 16:00:00-07:00,104.54946215,9.968257166666666,0.2174135599090382,15.5,14.579984824623182,82.759761616093,87.47183497177771,236.32238633606417,0.0,4.157291058735911,24.960145029625625,1.0,4.157291058735911,3.444666620584967,2.857142857142857,11.743968222222223,3.5205554683333333,15.858046653175805,15.858046803877766,15.858046984584767,15.802672936874355,15.833650829973143,15.833650953468986,15.83365026418252,15.778072936215565,15.80228708939708,15.802287232056106,15.802287655375256,15.763978560927672,0.8506240025479127,0.8147764284039256,0.7997848841881005,0.7868839703015903,0.77634718317999,0.7698705999602696,0.76707725740043,0.7682222626858878,0.7741168996095346,0.7708305224975707,0.784073094449222,0.800643554512732,5.669853420314183,270.0,0.7006019097534991,1.862035167131372
2021-12-22 07:00:00-07:00,69.84368186666667,17.148931100000002,0.3437725455449142,6.5,20.130306806860297,82.99469962987231,87.55350578242611,123.58920164870345,5.4400928206632635e-16,11.003716078253738,25.62796901173714,1.0,11.003716078253738,0.03917863354572601,2.857142857142857,7.402742483333333,2.01758376,20.533621401049015,20.533620088783895,20.533618506982947,20.542869741551414,20.54287256066916,20.54287748556468,20.542881015476087,20.549291106973666,20.54929058829145,20.549289864274204,20.54928911575495,20.549288455288224,3.2934817119077278,3.2241614297469594,3.1686846027227613,3.128917715088218,3.1058659479375454,3.1021366075490735,3.1137749340327585,3.140863723430441,3.181904763027379,3.2382266780815248,3.3012707751690105,3.3703242783332485,5.479294299697016,90.0,0.7022569863203804,1.8617120867830343
2021-12-22 08:00:00-07:00,291.42592,72.90797666666667,0.3082959130885871,7.5,124.36263199735157,59.704353686081845,79.83044788582424,132.42603569707614,0.0,36.16239180607136,256.59226145331667,1.0,36.16239180607136,42.55513553469311,2.857142857142857,12.221935722222222,3.223655645,235.79781057715493,236.39427712262327,236.63565593736885,237.15299388836527,237.41294925778178,237.63749018156966,238.43867395846158,239.24585281220266,240.0013029555334,240.76261720047583,241.46435043239913,242.1681935433314,10.027268066264748,9.868130891291237,9.934401166263832,9.91171812906772,10.473309967299114,10.913925406614986,11.205744736765334,11.904443171171021,12.045933790857077,12.781192664476716,13.543412109658417,13.984924987326877,28.77098574174261,90.0,0.5093450721942678,1.980592332135159
2021-12-22 09:00:00-07:00,103.84178833333334,127.49256666666666,0.2767189861445852,8.5,159.3140896033622,51.424798841245455,72.15503905475754,144.1981655328599,0.0,86.23023479279631,208.2891691166869,1.0,86.23023479279631,54.80122030041775,2.701614135224562,13.006397111111111,5.861206566666667,184.2287802191481,185.69833022844094,187.14402282834124,187.7704848610948,189.20160536551,190.5875894030956,191.18728697250287,192.5067996278292,193.14438779798064,194.5533633001467,195.19142623273726,195.81804415025906,30.861465717705705,30.475333944813222,30.206616503001097,29.845139969121337,29.815718911222845,29.640940055277547,29.78171354570742,29.903912429797966,30.116233982819377,30.56322636887051,30.91617031174306,31.320536609918914,50.0,90.0,0.366977778440511,2.214355247456318
2021-12-22 10:00:00-07:00,152.877935,120.55168166666668,0.2785785264112116,9.5,181.4180471724534,58.022920309351996,66.5382338318513,157.62459104200434,0.0,111.61513618380431,203.56880546315222,1.0,111.61513618380431,57.413122823638645,1.6987883166366122,13.766154111111112,5.149308783333334,180.82892242655754,182.01733346007558,183.21295583427923,183.7399239156988,184.8508455493457,185.3833588302434,186.50496397977196,187.103881089038,188.28601249424912,189.00274652823245,189.57637925149396,190.16112908307178,30.531303854333625,29.36030947021215,28.500393087200454,27.55776774796865,27.065368906204306,27.173957067247475,27.432521510663726,27.813065043680094,28.282330672356228,28.9920837222542,29.679610293391505,30.493441976096438,41.2536535468893,90.0,0.4203031220527892,2.105345095316282
2021-12-22 11:00:00-07:00,325.62471833333336,245.46758333333332,0.2805851543126383,10.5,390.50089863736457,62.567091999093854,63.55105358821066,172.44091908591113,0.0,251.71630257929138,399.2170928199511,1.0,251.71630257929138,112.57071447278132,1.1988975303967395,16.084194500000002,4.5415084,370.0339670928163,370.38497929776986,370.79449587484004,371.05952340109627,371.80480835525395,372.5039884961952,372.4090222099059,373.0397008739336,373.2513375688902,373.63803961813795,373.72424898608654,374.09661541259186,60.4209641873062,57.097247746470075,54.11055281731212,51.976325981380676,50.25825067659708,49.533724189567515,49.82245219146902,50.39312161862473,51.641009195098974,53.61016047271614,55.64999802724363,58.29283712483888,14.811985390213987,90.00000120741828,0.6221760015834041,1.8903729249898262
2021-12-22 12:00:00-07:00,475.8487333333333,293.03035,0.2878031710650293,11.5,504.78906363129806,62.526097559711445,63.575850837732105,187.80833741631727,0.0,325.2646192696599,516.8009204751186,1.0,325.2646192696599,147.7658912940984,1.2056983058626125,17.666569944444447,3.6828685,483.7052980250964,483.5165998399123,483.5208157355537,482.93247797139236,482.72221564878913,482.434542858461,481.7721813391095,481.898065007966,481.1615351373896,480.4098033630721,480.05235238853726,479.47625170656266,75.71341863459914,72.65685986120367,69.53789956748962,67.2906094939466,65.68512379751384,64.40829735017567,64.63498306527799,65.37813641258558,67.470258382561,70.85695097224607,74.73057216035457,79.23661461561356,15.290896561821063,270.0,0.6181401035203165,1.8925435253985996
2021-12-22 13:00:00-07:00,336.86153333333334,277.82983333333334,0.2860164891334641,12.5,411.5641325289347,57.91838252320416,66.609182427039,202.60761306201886,0.0,246.16674568892753,476.47596003429385,1.0,246.16674568892753,125.32057937876675,1.7092048236912611,17.959042,3.8937578,445.96214984663936,445.07674055875884,443.42209679137807,442.87779587376,442.59467951890576,440.2986548717641,439.39591303964403,438.4025907693772,436.35743829138084,434.08662921205337,433.1813127638695,431.005016890481,61.33197762060097,60.16432346259647,58.939394776835954,58.42052417335681,58.18463424978733,57.70666548984039,57.63860888568973,59.08879410926429,60.300859375070246,62.14932657117044,65.43058572045611,69.6230698113121,41.628399179752265,270.0,0.4178516079610017,2.109673939619438
2021-12-22 14:00:00-07:00,254.8975,207.48003333333327,0.2316783218246167,13.5,285.1306941212592,51.33486678309084,72.26380324671716,216.00817590779744,0.0,141.1000345491669,414.252891013119,1.0,141.1000345491669,79.10947369500924,2.725425505678621,17.433098055555554,3.5186997333333334,393.413118549792,392.8048465316516,392.18386698645463,390.79833455716,390.20958075330293,388.30464304358577,387.4147093025975,385.38010522861146,383.2803842299794,382.3562889690294,380.24637940994967,378.097049823201,42.61424991554445,42.45723439235934,42.41130518783313,42.236882235490974,42.480445622010606,42.89544217268341,43.01255862624532,43.727542368609974,44.17035650227539,45.13129480582592,45.89370678448665,46.769515033330116,50.0,270.0,0.366977778440511,2.214355247456318
2021-12-22 15:00:00-07:00,610.8414166666666,124.893945,0.2454979125377283,14.5,231.30621234344744,60.14996800018261,79.96754184353297,227.7546397329017,0.0,68.9672493929337,464.90692878465865,1.0,68.9672493929337,59.122977667635666,2.857142857142857,16.8081475,6.511233316666666,438.11793934510195,438.2445753760917,437.91164724953967,437.6090476213124,437.2511647423417,436.93712565107546,436.55587369939576,436.1290418049818,435.19390984932284,434.6697530482755,434.20096325272107,433.15113832556904,18.254128673606385,17.82291797800006,17.347783827360445,17.163917844768147,16.660807348315895,16.235660163520716,16.080880299626482,15.723558781249725,15.66432598584686,15.480432393373707,15.595623694093678,15.527659265608822,28.17297567109013,270.0,0.5139324831825873,1.9756166181603512
2021-12-22 16:00:00-07:00,104.6886092,26.630707616666665,0.2654885354156607,15.5,31.109705234696115,82.97860270210141,87.54790881208119,236.40962773789798,3.922624323589458e-08,17.08799173852982,39.36672002700868,1.0,17.08799173852982,0.06112354272475927,2.857142857142857,15.181913111111111,6.324245583333334,31.67620921791842,31.67621072180667,31.67620880846485,31.690575558719676,31.690579005085027,31.69058492913993,31.690589115792562,31.70185957578401,31.700842309223326,31.700841435119738,31.700840536363373,31.700839746121318,3.9516653159581328,3.8685270795332216,3.8019981152475633,3.754314354160642,3.732047986619351,3.723669559733092,3.7376305734687207,3.770118208534713,3.819342780052687,3.8871846182256844,3.962767895352401,4.045554989926402,5.492020979428569,269.99999480669766,0.7021464337312634,1.8617333209310252
2021-12-23 07:00:00-07:00,0.4386464,7.81346495,0.2429224919722263,6.5,7.831643097731035,83.19998784606487,87.62489901890004,123.49976496180493,0.0,5.012661360715012,7.8486215965253505,1.0,5.012661360715012,0.01678088905625877,2.857142857142857,7.747717833333334,0.9794006448333332,7.399842901745626,7.399842488656181,7.4040577287489295,7.404057153602199,7.404057827422472,7.404059322459649,7.407094703846256,7.407094712828966,7.4070945834073365,7.407094372298697,7.407094138377121,7.409570550191613,1.063040146053792,1.0386330599717843,1.0207610606121331,1.0079300897782497,1.0004825562811213,0.9984794241304141,1.0035537092621722,1.0122748784160525,1.0254766390630063,1.0426003908120955,1.0641206402165246,1.0864555645979765,5.312442558654862,90.0,0.7037065897786698,1.8614382419680964
2021-12-23 08:00:00-07:00,192.066701,48.8,0.2828604947379677,7.5,82.50917181193702,59.903995555792314,79.89179952176084,132.327941404292,1.328983820871324e-08,22.988417214459613,174.0176904446941,1.0,22.988417214459613,27.18905905656186,2.857142857142857,7.925687105555555,0.7656069591666667,159.2558824123034,159.42157297389087,159.7775931030527,159.93108862099578,160.07617970761575,160.24096162830824,160.96162339667674,161.65878540674552,162.35487463436687,163.01063297995532,163.65905191206787,164.26608600447636,5.8401691256588215,5.833082932694434,5.790441191623273,5.867378097821106,6.2438276395924115,6.761719747516757,6.95846332467391,7.38188640302505,7.629319135992065,8.258949038368032,8.679214014217287,9.310010923574445,28.491965991721717,90.00000120741828,0.5114822360377512,1.978258845968575
2021-12-23 09:00:00-07:00,622.3093,68.48261333333333,0.2987615901263832,8.5,258.7142555216364,51.36899180391834,72.20052111368406,144.08785984456006,0.0,88.80159757975471,504.8857783916033,1.0,88.80159757975471,82.45528737410466,2.7127372704122346,10.622115677777778,1.5625893766666663,465.7778527858492,466.34963728111364,466.9024961360527,467.0798529926258,467.70071592855373,468.2815713742079,468.483743754292,468.87068880660667,471.0309859159579,475.56063165159526,477.7595723467199,479.9202741192059,44.78969063994468,41.901320601945166,38.98248827555925,35.63852918295894,33.12370419399828,30.104612753422582,28.275061717648143,28.099874897496314,28.332559490147624,29.329863786288886,30.24190427346363,31.424004546707067,50.0,90.0,0.366977778440511,2.214355247456318
2021-12-23 10:00:00-07:00,907.1806833333334,69.63236833333333,0.3001619290516328,9.5,430.45440345462555,57.95965845143666,66.56302989623778,157.5027749151241,0.0,233.92859390664873,584.9859036482126,1.0,233.92859390664873,130.4999001739545,1.7037717485250274,13.650867833333333,1.6079965799999998,535.2386597908214,535.2075198191714,535.3719067105974,535.3327141576151,535.303113049281,535.3867434411948,535.6414244534895,535.4607056142742,540.1051379400906,542.2515466803266,544.2078269486622,546.2416302284742,66.84436494465804,59.85143677843256,53.75753581840743,48.10228533313492,44.11824864332835,41.924864813626584,41.55958832836424,40.64779942340448,41.59215645996555,43.55895092997766,45.8136813977236,48.68682958014276,41.43364655055031,90.0,0.41912387559408854,2.1074202676522544
2021-12-23 11:00:00-07:00,838.8486833333334,97.75400666666664,0.2947401082039275,10.5,471.37535304649066,62.53428678369125,63.5512081913125,172.31302395523096,0.0,302.31586424041274,493.2686111531327,1.0,302.31586424041274,143.36992579031275,1.202272562160891,14.103143277777775,2.2352717566666667,453.5536037126888,453.5988670820635,453.59114700585684,454.77557581814386,455.78642250218047,456.8486896696778,456.84184821764165,457.68422568525693,457.68805036833396,458.6022892742754,458.60378813212543,459.31285293057783,75.89135196783418,69.55560454442802,64.86234304231422,60.495909306393614,57.73364591641887,56.60501265910093,56.27191426902476,56.91256572057185,59.17906471232495,61.66112701040138,64.85656937016908,69.05232731443377,15.049985023579943,90.00000241483653,0.6201691883388245,1.891443192975161
2021-12-23 12:00:00-07:00,751.6120166666666,129.65659333333332,0.2942570610952135,11.5,464.4350442798086,62.53415981188219,63.55017602914987,187.68367026620658,0.0,298.07058477136525,485.15650120932617,1.0,298.07058477136525,141.5234459331869,1.2021761302186602,15.417444,3.909622883333333,446.0162107824808,446.10952110888053,446.10207656410387,447.3458264810669,448.4130566010791,449.5257207020489,449.5190995231585,450.4113900508799,450.41503422601204,451.3718139371381,451.37340164842414,452.1243800759214,74.81553741756706,68.82751760554561,64.40623708165506,60.28131615379399,57.68597761340278,56.70161206170391,56.41939197029264,57.061713431382124,59.311359400362456,61.69939889222951,64.76481176448083,68.8451168833883,15.043194560204997,269.9999979086902,0.6202264146539747,1.8914124257150433
2021-12-23 13:00:00-07:00,758.2045999999999,99.41546833333334,0.2974562926797256,12.5,401.0195993868091,57.95922678371847,66.56007784140911,202.49479697224152,0.0,220.9521317401173,537.0909546533643,1.0,220.9521317401173,124.81956580232776,1.7035794302406866,17.48486366666667,5.4142460833333335,501.3390399768292,499.06614828319704,496.8501887043219,494.3397372733407,489.3017446807317,489.3419693676424,488.85360924882514,488.6532225912626,488.4017300473173,488.3034461461136,487.8716269833104,487.6022916302717,49.86377233461228,46.86610722372283,44.41507827713399,42.20897845420609,40.91633603475777,41.56367905202747,41.42225279924996,43.20207362057789,46.65618758818041,51.496818047782604,56.729542604627234,62.78081428069475,41.426724534595444,270.0,0.4191691657398629,2.107340325531389
2021-12-23 14:00:00-07:00,306.1328103833333,103.64731166666668,0.2355378949846174,13.5,197.25103706132023,51.367009793299495,72.19599728984677,215.91113619447623,0.0,83.86904443764385,334.2176081258442,1.0,83.86904443764385,59.759219752226045,2.712125813256744,16.698085222222222,3.7310381333333336,317.72100082136006,315.8246775797585,313.8968173727447,309.8990546697986,307.9479642846674,307.07016299668277,306.65288627840187,305.67194220203726,304.65361381484604,304.2289079722063,303.2232529148876,302.197506247632,30.18467871466443,28.763629945687054,27.47477986689082,26.134700208724688,25.176119016965934,24.41560681634466,24.930551504743114,25.99883956874953,26.832352819158036,28.099665769859477,29.182902315028812,30.308126272732924,50.0,270.0,0.366977778440511,2.214355247456318
2021-12-23 15:00:00-07:00,15.2537212,75.924295,0.2482710118302594,14.5,78.60293497338574,59.88544717268042,79.88609356287775,227.67267954521853,9.397932166307796e-09,46.16981617333497,90.12158823242184,1.0,46.16981617333497,20.071223111501425,2.857142857142857,15.276497,1.7671539683333333,83.81929252051498,84.15702167974301,84.87263810742306,85.18559740578928,85.48253413604391,85.81311863729998,85.64228203499188,85.50713669713548,85.3494671385035,85.19874701922522,85.08123681345097,84.93702136640427,10.49032132824789,10.500259509410872,10.427298927519573,10.586788476228149,10.526652161330206,10.340627326731767,10.612794636742194,10.462046707579857,10.774642428474953,10.81283181182995,10.659549646327838,10.65194351605336,28.512241686946812,269.99999914622634,0.5113267422759431,1.9784277132028296
2021-12-23 16:00:00-07:00,0.1708161833333333,12.5913594,0.2512330871038702,15.5,12.59893432549161,82.7209819629738,87.4583577088606,236.33791024168977,3.3417713041217103e-15,8.08128091656999,12.487252899927432,1.0,8.08128091656999,3.0861159732652497,2.857142857142857,13.946973000000002,1.9632605183333327,11.8184789049902,11.818479240492943,11.818479645756533,11.84017345235586,11.821960094796264,11.82196045106048,11.821958965024878,11.843196236901525,11.825810682555863,11.825810954592193,11.84705191040536,11.831203712512364,1.800898862486664,1.7642687806811181,1.730628997061263,1.7016734030741978,1.6782661492954745,1.6637235352135173,1.6574508917832615,1.660019388692107,1.673479445147467,1.6965982614151744,1.726341552606288,1.7635670665946466,5.6993425106125795,270.0,0.7003458344392097,1.8620861475177994
2021-12-24 07:00:00-07:00,67.0916702,28.41812343333333,0.3203771076459794,6.5,31.121464120425053,83.38924910044092,87.69074232368253,123.40495157351724,0.0,18.22846288920921,36.084409823431926,1.0,18.22846288920921,0.05754431484063982,2.857142857142857,2.5802582000000003,0.9225956458333332,30.612019810718042,30.627350298456992,30.62734858145444,30.62734569583153,30.62734790389054,30.63808067649693,30.638081479935707,30.638081694845354,30.638081252417503,30.638080359515822,30.647086963035164,30.647085918531833,5.096093131142149,4.9877668808872935,4.893076108449189,4.831405174909109,4.795557715324528,4.7858562908591615,4.801803929492845,4.84982971974746,4.913135010845148,4.995292632151453,5.0921952496397545,5.206048200786723,5.1582599408459116,90.0,0.7050464735143215,1.8611926968306025
2021-12-24 08:00:00-07:00,495.4926333333333,115.09962666666668,0.3094415430351564,7.5,201.59161980231087,60.083593041474955,79.94708718333708,132.22504553967752,1.3227707065687233e-08,62.33299997733549,400.5402303030312,1.0,62.33299997733549,64.86265667453355,2.857142857142857,5.851678272222221,1.1353183283333332,371.5834254224046,372.5197642804854,372.92850135379734,373.40387493770504,373.79257879716204,374.6096801891164,375.13672947443683,375.58457357689565,376.07961328380406,376.508240956991,376.96826586124837,377.03182737384736,17.11148559671881,17.128832663033446,16.991113036641437,17.256605264167302,17.31644156641872,17.782989212996856,17.950786152887023,18.463184326739526,19.001099797250557,19.327609515369296,19.936070919286088,20.488557131613607,28.234913996582634,90.00000120741828,0.5134561440650508,1.9761275242015377
2021-12-24 09:00:00-07:00,116.29603,180.01508333333334,0.2761931204658362,8.5,215.49025355505947,51.30622374909429,72.23931099485259,143.97365198456458,0.0,117.4732117039305,278.45663435604183,1.0,117.4732117039305,69.87575257711518,2.7232687959381567,6.069994161111112,1.257560635,250.13226448894756,252.12333361281065,254.08055557109776,254.92933843240877,256.8676217732077,258.7458534658907,259.55807770091843,261.34616180919306,261.476500591252,261.9398735195514,262.0996966084726,262.25447728975973,41.91437825727298,41.438931076416715,41.113353253872546,40.65331032560425,40.62300996362763,40.38856533287824,40.57366427879435,40.112168926778985,39.75386494310903,39.705823512308136,39.514656105968854,39.38343637791224,50.0,90.0,0.366977778440511,2.214355247456318
2021-12-24 10:00:00-07:00,164.30917916666667,239.1691833333333,0.2721122011640441,9.5,304.47533033606817,57.88931020411734,66.58058161098003,157.37834218408852,0.0,186.73358774486198,338.02466886097125,1.0,186.73358774486198,93.49389459524983,1.7085829348602233,7.224712266666667,1.0595786283333333,301.7079927464881,303.78557718519005,304.6779309734054,306.7880787941854,308.7372563518355,309.66691014389244,310.53219787095657,312.3884679599591,313.2348052829358,313.9306887973743,315.6159264116552,316.53404984985605,51.16676038476752,48.67311649189392,46.995236472072804,46.2285031294029,45.12651128654778,45.086039368983876,45.5563078186796,46.2012161925692,46.72597433428232,47.41522049834333,48.53340133075017,49.59046862679629,41.60618492995072,90.0,0.4179965341814074,2.1094164401039976
2021-12-24 11:00:00-07:00,1.3694211666666665,162.81358833333334,0.2588157387130396,10.5,163.42368431378844,62.49348623563032,63.543785984598124,172.18420785342892,0.0,106.27114875196331,159.23345373023187,1.0,106.27114875196331,41.417255325182694,1.2056038159772229,6.884137205555556,1.1832594083333334,150.98092524306347,151.40237601241316,151.7514262243352,151.6206823959162,151.50389095088215,150.9359229165077,151.35255062814355,150.8201368952995,151.21492858272595,151.12131704026058,151.1208532196013,150.55866202106705,23.386379111225818,22.920565931182985,22.35206787982676,22.05567046404532,21.993828978544197,21.898986508399226,22.04886029932321,22.41972597991261,22.61690223095438,23.056902737069205,23.609127581795384,23.936014669390726,15.284260971526646,90.0,0.618195960926712,1.892512989713972
2021-12-24 12:00:00-07:00,1.3127998833333334,130.758545,0.2538760218040794,11.5,131.343966280313,62.534162395044824,63.516928811387125,187.5599678112397,0.0,85.38852768116064,127.78063315422744,1.0,85.38852768116064,32.563852398728706,1.198621746241715,6.852880266666667,1.6264493765,121.47464494390066,121.77091212029308,122.07697879444481,121.62141919329365,121.51407681519,121.4137715341483,121.38574437308363,121.29009752649222,121.62753440210297,121.20575354496646,121.52652309809312,121.10239089962502,18.51519457882575,17.99222656091399,17.700595043752422,17.53394833332346,17.437318993255516,17.35413299563149,17.543722446872167,17.76007998250204,17.92949699229389,18.300722875473422,18.677978443857583,18.96471608427621,14.792508736591,269.9999987925817,0.6223403268547204,1.8902860779817647
2021-12-24 13:00:00-07:00,0.5777062833333333,29.752351666666662,0.211341040388258,12.5,29.98267687937757,57.99284906094667,66.50374509274366,202.38465535033887,0.0,20.29837286966003,25.564597787669964,1.0,20.29837286966003,7.6448624483315335,1.697805555986973,4.460483616666666,2.6193914150000004,22.57937532766881,22.97797958810996,23.365990943807898,23.547876222564874,23.920605373700905,24.095579364799114,24.452606330702793,24.32760292826984,24.39355950448281,24.296496241135817,24.184043187343857,24.07475407008948,4.771014160549486,4.8448305335567765,4.953276925011434,4.962355496127708,5.095251840828153,5.257830305448318,5.207053376561629,5.372183165961736,5.303487781560905,5.239051681928973,5.160046275113671,5.074450732224037,41.21800169212349,269.9999987925817,0.420537086030077,2.104934938230946
2021-12-24 14:00:00-07:00,0.1236199499999999,31.00070833333333,0.2189129690866405,13.5,31.038659531068067,51.39218969546238,72.1215325717819,215.81807098636304,0.0,21.30939095023695,24.806056508216514,1.0,21.30939095023695,9.169638778046806,2.6983012762597567,3.5561123666666665,0.8171690798333333,23.077307459223203,23.21898763798604,23.36265070474007,23.630399485639938,23.778996447795297,23.36165887629542,23.168787183570544,22.74304223877918,22.30586929405326,22.101812198227215,21.653694780402713,21.198790976972624,6.364419052380146,6.4908337522263455,6.610770047753181,6.711042117628576,6.8190238909166005,6.921919831609004,6.729638307622519,6.54311917109583,6.353666423598916,6.197756370276601,6.047801879201619,5.932000872124235,50.0,270.0,0.366977778440511,2.214355247456318
2021-12-24 15:00:00-07:00,74.56945175000001,28.85663333333333,0.2288247855033229,14.5,42.063493878411755,59.600690939292704,79.79863491941038,227.5955983865308,0.0,15.764138079053422,76.30104860148084,1.0,15.764138079053422,11.5007609007368,2.857142857142857,4.352006616666667,1.0708296441666667,72.21312456568779,71.96890782117154,71.72475857137542,71.4606982898741,71.19781838801138,70.91760800240124,70.63887570523914,70.53734067899768,70.30543469797028,70.19451083983577,70.0843826470004,69.82491840970464,4.783490062020833,4.641160770062817,4.378775652647733,4.119340332397941,4.075609498799283,3.83487589519117,3.7215772598733317,3.5821071096024077,3.3872826447965854,3.3927501882332245,3.353693175304111,3.403608529366125,28.874559671751765,270.0,0.5085531929673239,1.9814638306183534
2021-12-24 16:00:00-07:00,60.07509361666667,19.717122066666665,0.2414544428631918,15.5,22.480729717647282,82.44742698794447,87.3633173606225,236.2716332677203,0.0,10.593887203279017,29.321143511729826,1.0,10.593887203279017,5.561700122011372,2.857142857142857,4.302397555555555,0.98756876,22.510916678786806,22.511482410453382,22.511485314851992,22.496330812058808,22.496333482918725,22.496334679291355,22.496333451613047,22.477005740212775,22.477002634569917,22.477805869128588,22.45402884556204,22.454034062912974,2.3041949745545853,2.2576195424772143,2.2127151967644036,2.165497377381139,2.136921345752184,2.1175301963873236,2.109591225748608,2.1127727466190986,2.1273491400245463,2.1563402001991077,2.193767134947872,2.2330722781469907,5.91932125708052,270.0,0.6984360179128495,1.86247476023552
2021-12-25 07:00:00-07:00,248.50186515,11.28877125,0.4356862538583854,6.5,21.736117999078406,83.10108349941262,87.59049958257675,123.46890276786793,2.331468351712828e-16,7.242797595086045,41.11339438997461,1.0,7.242797595086045,0.024940040773246828,2.857142857142857,2.176938738888889,1.9813931016666664,25.738877670734926,25.73887658913374,25.744965983259217,25.744964862865384,25.744966883428273,25.74497087962567,25.74975138290425,25.749044917693734,25.74904453738811,25.74904396275369,25.74904334673164,25.752620982666873,2.7523213631848398,2.68878925274004,2.6424905251565414,2.6092745730704414,2.5900070773904256,2.5871178336201908,2.595838750428238,2.6184369069500737,2.6526564862185413,2.6970159726398704,2.752236968780822,2.809988203586116,5.388132922079834,90.0,0.7030489445384126,1.8615614222194394
2021-12-25 08:00:00-07:00,744.9774333333334,32.99171166666667,0.3417979603770616,7.5,162.40362559290188,60.24306852760966,79.99625604495358,132.11742530173677,0.0,15.692667692012991,426.97687652286675,1.0,15.692667692012991,58.61043666780615,2.857142857142857,5.605146616666668,1.6440060033333337,395.38109599786947,395.6151782826055,395.71642034844257,395.9336808631497,396.04398062731667,396.1365372034644,397.1405654429804,398.0946900010181,399.0338002781244,399.92649211877284,400.79963224469975,401.62435798767046,4.723440398004761,4.703332397536354,4.6641889881138905,5.275805028764949,5.292255895572297,5.989717175963142,6.036607036078051,6.7865678636073135,6.853334549524206,7.644696099790303,8.472819283181657,9.31360661279631,27.999608144009386,90.0,0.5152672379300806,1.9741920535053576
2021-12-25 09:00:00-07:00,902.7493,45.009415,0.2983328151229178,8.5,319.90476417369746,51.236524215840475,72.2713692128241,143.85562363464203,0.0,101.90564498581476,648.6023879555903,1.0,101.90564498581476,95.00817167917789,2.7331829814369484,8.921135072222222,1.1552354800000002,605.5772539990072,606.0045768311481,606.4122946414642,606.5040340111867,607.0093387819328,607.4747479837187,607.623848864696,607.8356292207667,609.7885209588574,613.9562785578592,615.9959805742639,617.998264457865,54.20222958778793,50.69487287529052,46.96061434214591,42.61959128795181,39.1982130232053,35.109271114235185,32.5088895983384,31.43875303500896,30.858488448529414,31.275517766900435,31.577731950160217,32.23474866327614,50.0,90.0,0.366977778440511,2.214355247456318
2021-12-25 10:00:00-07:00,964.0463166666668,50.78970666666667,0.2981787241521818,9.5,433.79970640099066,57.811952937784085,66.5908662081884,157.2513767345315,0.0,234.77371530733896,593.5964084596568,1.0,234.77371530733896,127.87381372250692,1.7132118254898494,10.416687977777777,1.5474334683333335,545.9591706049301,545.5971308853498,545.6537926788827,545.8051000578247,545.4858927647552,545.7561469725567,545.6977655077892,546.0026050006865,549.6346107633962,551.3158963206839,553.0145028730138,555.011544277132,66.8246219536578,59.54887961364737,52.47214720348574,47.5292749406266,43.63156820664355,40.59664163818973,40.491680616488566,38.98369388091353,40.12376570770183,41.315905705879395,43.33539052817479,46.29525779479143,41.771050364144934,90.00000120741828,0.4169221394185051,2.1113301761285044
2021-12-25 11:00:00-07:00,994.3042833333332,54.388423333333336,0.2972461364711364,10.5,497.59777187765485,62.44472831304236,63.52878141682985,172.0545555894854,0.0,318.85443856491275,521.7270003238683,1.0,318.85443856491275,150.37251923849433,1.2088858281737762,11.684231444444444,1.2342399983333332,481.1880562621079,481.32221835742774,481.2485932995886,482.11021663320145,482.9903076752642,482.83574463104594,483.5987215171893,484.4293414961346,484.19028514664024,485.0610554696236,484.8610925658196,485.70116413041904,79.75862910635766,73.19509478807608,67.2423585162473,62.93691742412547,59.57508263692562,58.34357320856073,57.65711169900295,58.67207785820538,60.81140603075638,63.59355302528203,67.30527717958742,71.36544916860618,15.514434552487257,90.0,0.6162594322674668,1.893579760002707
2021-12-25 12:00:00-07:00,996.936,66.48191,0.3007698868236341,11.5,511.68436982523906,62.52607473885843,63.476121064017754,187.43731614197736,0.0,327.91719154512356,533.7532584005078,1.0,327.91719154512356,156.86063749170918,1.195041261386572,11.392549388888888,1.9527530333333332,492.092406601679,492.23942826570936,493.23263619635435,493.1145503684456,494.0102606541717,494.9060952383702,494.6828150925774,495.5658023338919,495.40350441619995,496.2031553678273,496.0041015260041,496.89220108048477,83.7161268355227,77.19148223324183,70.70555207965971,66.40531295093908,62.67466944401176,61.18805281125267,60.69744687828262,61.331709826343356,63.51791465342213,66.54627938278028,70.21573659940967,74.44445891434657,14.539252252352844,269.9999979086902,0.6244783975794843,1.8891669745387791
2021-12-25 13:00:00-07:00,972.3801,56.544763333333336,0.307358041092398,12.5,445.21070432091756,58.01917608257408,66.44021368756157,202.27727473671482,0.0,245.45116791283894,601.6747421207938,1.0,245.45116791283894,135.8574090449376,1.691894758735068,11.909105333333336,2.262521283333333,561.8657935136591,560.0912978825396,558.0583560962644,556.2832229378612,554.4943665828233,552.4821481122118,552.4933068799688,552.2308959549861,552.1779263877914,552.007280135504,551.8601029346245,552.2111584199945,50.18330445153756,47.032142703005995,45.074718503651674,43.768847483182434,44.2819216769212,44.25159226587999,44.215031331441274,47.261394601578914,51.44649408810738,56.655794970781066,63.24415566670461,70.65530371608573,41.00250533194632,270.0,0.42195398549286306,2.102461964669798
2021-12-25 14:00:00-07:00,908.2365,57.27434,0.1902087394989012,13.5,337.32488079596186,51.41038428973597,72.04045553182144,215.7290636869588,0.0,111.61190613406914,664.2660487371955,1.0,111.61190613406914,71.07525784688696,2.683983813196398,11.45352638888889,2.1724867100000003,637.684103873721,635.4772174567835,633.22928912829,628.6191889963727,626.3924142280815,626.044874013058,625.8616835567794,625.3408161702957,624.7842660548515,624.6127921258201,624.1177192056721,623.6006979870859,27.400110937798466,26.05527152994273,24.95759369813341,23.80387532392471,23.324505707605788,23.210249763431708,24.825980582076436,27.51846947407492,29.759331416863088,32.744643446053175,35.36188787673345,37.97941395762888,50.0,270.0,0.366977778440511,2.214355247456318
2021-12-25 15:00:00-07:00,525.3627633333333,36.35198666666667,0.2124509184298008,14.5,130.24085465826084,59.29573161149485,79.70522720124255,227.52347259777693,1.5543122344752188e-16,16.21852450099708,332.1212902351288,1.0,16.21852450099708,32.500283675396616,2.857142857142857,10.693160694444446,2.047645528333333,314.7702591695559,313.8919360615361,312.9608589262375,312.0493850778908,311.09562171569695,310.12266764484053,308.9931216308819,308.884362434877,308.775903834844,308.64941632414406,308.4041631575184,308.28116155844464,7.958201715673439,7.106943795335206,6.286638676596003,5.658800765364632,5.4429287649955524,4.687646770635298,4.07967335917938,3.9503037515375214,3.3566905077173397,3.294222714942764,3.3057831955567956,3.288694901389516,29.260312982489044,270.0,0.5056108605320015,1.9847348138280534
2021-12-25 16:00:00-07:00,56.107881516666666,11.37522755,0.2249657288617852,15.5,14.054600489766752,82.15811229689179,87.26285925228814,236.21086555462435,2.564615186884105e-15,5.336327928835922,20.950361279156546,1.0,5.336327928835922,3.3780084939604795,2.857142857142857,7.067928838888889,1.1957209983333332,14.853236650191274,14.853237619196175,14.878450222516612,14.834507269424126,14.834508721847541,14.83450962841768,14.854571039858488,14.810625134833856,14.811000374135375,14.810999867801026,14.781609671217222,14.781612176578774,1.103120321638449,1.0813006001868912,1.06029363083439,1.043153187065273,1.016102826167992,1.0071064025814975,1.0031780612735666,1.004641644353135,1.0114543707251848,1.0235675526569925,1.042518937139642,1.0643922184238828,6.151829598316951,270.0,0.6964182485015492,1.8629014460029705
2021-12-26 07:00:00-07:00,160.7731561,10.029971616666668,0.3757676504143936,6.5,16.636719980795647,83.25733257246847,87.64484677325694,123.36343984379666,4.6535707608958955e-08,6.434280521315937,28.88528579436462,1.0,6.434280521315937,0.021111244137461373,2.857142857142857,2.0834343055555555,1.660662723333333,18.8590851316357,18.859089563095772,18.864500321741712,18.864499158093572,18.864500346015554,18.86874787783728,18.868209517024702,18.86820956008001,18.868209328432613,18.868208925514516,18.8713876607979,18.87138722846544,2.109277950923869,2.0644150980170974,2.025171384682835,1.9996757335105715,1.984869644889915,1.9808791738321594,1.9895192628355427,2.006947687894506,2.0331574329412,2.0671638384140203,2.1096723371682455,2.1540929776420734,5.25911365385416,90.00000621556596,0.704169993255047,1.861352496711993
2021-12-26 08:00:00-07:00,727.9935166666667,33.70331,0.3332174803031905,7.5,159.6268664462454,60.38233608842842,80.03925255524601,132.005160685453,0.0,16.05534328823597,417.8207915820306,1.0,16.05534328823597,56.4848137334151,2.857142857142857,5.588170027777777,1.9105986516666664,386.6658794378154,386.794437687219,387.0193497753294,387.1213046043216,387.23446688299555,387.32925516236196,388.3269833124921,389.30502089405564,390.23759411221045,391.1526592154632,392.01980370213323,392.8657065533393,4.725905005387801,4.648902912107321,4.668677418361819,5.1913553367828325,5.302952214154587,5.87537889311873,6.053472862332252,6.809393190543048,7.411434635297723,7.684016615343914,8.510169644382659,9.099705615793251,27.785857057319348,90.0,0.5169158623221969,1.9724467855725243
2021-12-26 09:00:00-07:00,847.5869666666666,112.36882166666666,0.2994901539376409,8.5,370.1103796834217,51.15992624231679,72.29665799142121,143.7338588184683,0.0,136.46620829952533,694.8845123038234,1.0,136.46620829952533,117.3428376506672,2.7424552086880785,8.045365405555556,2.24055754,641.8942237531809,643.03946825325,644.1548137263902,644.5574337417208,645.7542622593953,646.8914558068452,647.3339860816878,648.2074540749396,650.5785225286081,655.6192567747659,658.0582007808302,660.4533756926708,65.8531728569538,62.49529863682726,58.98332583607972,54.86605834485437,51.75094422082571,47.94960265687778,45.65969417007215,44.96838914663758,44.76906978753392,45.607577703714476,46.29060023354622,47.326763611086044,50.0,90.0,0.366977778440511,2.214355247456318
2021-12-26 10:00:00-07:00,541.8631330000001,197.85118333333327,0.2858584690496244,9.5,413.10424817962803,57.7276705591432,66.59386301760514,157.1219646059642,0.0,239.23740584801152,513.8808294698714,1.0,239.23740584801152,128.3182052156743,1.7176484333922248,8.976149533333334,2.4817943,462.350244519163,463.7905701623265,465.2991602872849,466.8681280982969,467.31064842598903,468.8975816941845,469.8069767044906,471.0998916563396,474.34015676097425,476.1608413003532,477.9600206828341,480.7414326551244,66.97950067807862,61.273095318079214,57.58410269324682,54.845454087906646,52.85778437870288,51.56014457690869,51.69868013071902,51.32523621501476,52.86025190030615,54.37026249891713,56.43830258948876,58.85607726508146,41.92803597066364,90.0,0.41590165898539616,2.113158183829517
2021-12-26 11:00:00-07:00,422.929109,197.23221666666663,0.280224288588386,10.5,385.9013586420291,62.38805821100335,63.50619144551506,171.9241542307716,0.0,248.58850612994306,397.3912232029731,1.0,248.58850612994306,111.07373615524435,1.2121129071513503,9.18983547777778,1.8695633883333331,368.0025803788648,368.2887622600738,368.2811305434426,368.95996554180357,369.73370889529343,369.99938647139334,370.3332844227157,370.98159349160653,371.1639846983398,371.523142487526,371.6393507019691,372.0714286959982,59.2209326052322,55.562074218217326,52.29554801966147,50.23614180730897,48.409725848664195,47.69382201558431,47.95660010280476,48.591983500571445,49.879014994933776,51.976963685844204,54.04861510646167,56.78857211004576,15.740134039813642,90.0,0.6143626413417909,1.8946408946799762
2021-12-26 12:00:00-07:00,341.41128738333333,184.05453333333332,0.277082006329193,11.5,336.77657472495184,62.509873531264645,63.42776766098949,187.31580374166336,0.0,216.84563740782917,345.01449050065014,1.0,216.84563740782917,96.04458218274061,1.191440561108368,9.922624994444444,2.4173368916666664,323.1766492302056,322.72349196956145,322.71493090479305,322.20783697423064,322.28110854516956,321.73891955418924,321.5635998086966,321.21177875156565,320.5712714424024,320.30550229125333,319.97725888529976,319.64272215275525,48.96289508860731,46.89897199493697,44.79283574368478,43.40019115587823,42.304474834289714,41.54713297931561,41.70600346859129,42.45087826066247,43.6231313477582,45.84697694978132,48.46418143399688,51.75759639003562,14.283848400226596,270.0,0.6266370806307314,1.8880575355644291
2021-12-26 13:00:00-07:00,322.20412155,203.58551666666665,0.278530583299327,12.5,332.73669332102713,58.038132110733756,66.36951661573275,202.17274381863567,0.0,199.4122362279422,392.1422916409867,1.0,199.4122362279422,103.69715874631717,1.6858591067882864,10.309000744444443,3.0129898216666664,366.8922521437031,365.53989636698384,363.1805675203564,361.7695605528012,360.35256371815524,358.03201943486096,357.06836855458846,356.34138726032324,354.82625570509634,353.1327492940302,352.42804481449593,350.8045042532249,51.335615344232856,49.493860702270965,47.73498378805189,46.478288723921715,46.12741014607323,45.12357625368889,44.9179972496943,45.53127379942532,46.65937872518285,48.28890047085957,51.58580948913848,54.44917799990808,40.780526957881555,270.0,0.4234183563346104,2.099925768004445
2021-12-26 14:00:00-07:00,105.125807,154.26719999999997,0.2577974794168436,13.5,186.83518476592468,51.42157326904368,71.95281642731449,215.6441991118726,0.0,104.65055069996237,231.34989043356342,1.0,104.65055069996237,58.27958463945726,2.669206158504808,9.4792185,2.3358138455,217.938047396256,217.84121179443235,217.74059103659923,217.4129356991445,217.33391951391792,215.6959323376321,214.95124555765557,213.23924167950616,211.47476812092663,210.6893200739317,208.90213447745498,207.08321746707213,33.795088829576436,33.88134914877948,34.00924482504707,34.024284998417905,34.272984050506146,34.601843206167054,34.31718791400793,34.359286368251894,34.25255096495814,34.515327439056016,34.69046133760176,35.02369935854398,50.0,270.0,0.366977778440511,2.214355247456318
2021-12-26 15:00:00-07:00,1.6728375,83.30264666666667,0.2543537416462386,14.5,83.60445540892268,58.97060127369357,79.60593559774685,227.45637893106797,0.0,50.03592398086592,93.0906555820336,1.0,50.03592398086592,22.05168005768693,2.857142857142857,7.383040122222222,2.477790396666667,87.8124739945986,87.97267181665131,88.10124149307659,88.2684597061542,88.40091567726101,88.58263140840909,88.77321346770162,88.40226401610572,87.69143432661727,87.33547318327972,86.93745063779821,86.14218107589477,11.887375308273052,11.924087874625432,12.096426655900782,12.061290788222475,11.725128839223274,11.896081681867646,11.903425572095253,11.602075338205747,11.869519539923553,11.67973969665513,11.755949664538148,11.738600479600436,29.669923163939746,270.0,0.5024986895401737,1.9882513764142942
2021-12-26 16:00:00-07:00,1.1950171,18.520879166666667,0.2563440587523616,15.5,18.5768222250393,82.313473120192,87.3167973601486,236.320632824396,0.0,11.561503424302215,18.768948320904457,1.0,11.561503424302215,4.648742814186339,2.857142857142857,5.433603016666667,1.8541624668333332,17.404718177675853,17.404720759249894,17.404724089740977,17.408674407377905,17.408677734437504,17.4086795048618,17.408678469170074,17.413706258112203,17.413702394800925,17.41463244361821,17.420831560082366,17.420837671151098,2.6289382157171617,2.5750320158812054,2.523309321141295,2.484741294469835,2.451610018540001,2.429241951081016,2.4200253563030385,2.4236822250644536,2.4405427515698697,2.4741917396142474,2.5175315402125156,2.5720283046322594,6.0214467280886215,270.0,0.6975496392936508,1.8626601581243698
2021-12-27 07:00:00-07:00,119.34184781666666,10.025780366666668,0.3867098593768803,6.5,14.82883836915224,83.3969979966707,87.69343861287975,123.25283831659529,0.0,6.430815581725229,23.728621107835238,1.0,6.430815581725229,0.020182581645452866,2.857142857142857,-6.884140294444444,1.1297351211666666,16.19427616376792,16.199684548415604,16.199683817132765,16.199682586649846,16.199683485034903,16.20337549852285,16.203375843136318,16.20337594163329,16.203375760936694,16.203375386026337,16.206552797686207,16.20655235319421,2.1695337249454787,2.1234070174831605,2.0830219649697836,2.0567547974140994,2.041484265849295,2.0373488966524214,2.0441376272612763,2.0640891203543412,2.091048058204509,2.126034384123627,2.167310622538446,2.2157134975131694,5.14313730179646,90.0,0.7051779105430982,1.8611690014684876
2021-12-27 08:00:00-07:00,733.0734833333333,36.349268333333335,0.3398077312307855,7.5,162.6881119655098,60.50130311282304,80.07602430883439,131.8883354586859,9.219020650705349e-09,17.40415257626065,422.8565903144667,1.0,17.40415257626065,58.69196787617319,2.857142857142857,-2.1543121246111108,0.70199331,390.92897734171305,391.04851353091374,391.3119685766624,391.4219794271498,391.5270758421951,391.6470211050306,392.6758471488223,393.6850678623351,394.64608849650847,395.5904763384802,396.4844974914764,397.357525271469,5.212219952253017,5.127326047471574,5.147351712612948,5.682537007850706,5.802082761851272,6.391538433951,6.5824378377173165,7.192263019372303,7.988490241210004,8.27818438772679,8.889044602032412,9.744474236168669,27.59349835640906,90.00000085377364,0.5184022649457074,1.970886711059296
2021-12-27 09:00:00-07:00,882.93355,56.672241666666665,0.3059590689612041,8.5,324.8909388746196,51.076467172062735,72.315141283436,143.6084449327124,0.0,105.01556483399224,658.7128718801796,1.0,105.01556483399224,99.85592372620684,2.7510620469467453,1.8770797616666663,1.1360392166666666,613.778981744446,614.2648552885154,614.7299351692878,614.843705201316,615.4081234467563,615.9301410444951,616.1017516809061,616.3626154219365,618.4812231370613,622.987788243574,625.1909681010333,627.354060205291,56.618895355443904,53.02127732546511,49.19638173553677,44.74738194380124,41.25095034705868,37.066216980723176,34.41394052736798,33.40858638325587,32.90824602431229,33.43816426661939,33.84747056179003,34.622587854014064,50.0,90.0,0.366977778440511,2.214355247456318
2021-12-27 10:00:00-07:00,903.5263833333332,75.90853666666666,0.2980709211964548,9.5,434.89331287574487,57.63654616243741,66.58955367268365,156.99019505418448,0.0,237.04306716008455,594.90831614457,1.0,237.04306716008455,131.81217485028748,1.7218833350837732,6.15462215,1.5629575066666666,544.1938504118858,543.7715018020588,543.9561320870389,543.9633407785249,544.0341984124881,544.8077883485882,544.7762015511171,544.6068422824135,549.4047513636451,551.5503657326883,553.9525149134596,556.176611265458,66.78091720902454,59.85064355697652,53.687617679005186,48.93647098305845,44.520568644322026,42.47170767040452,42.814800513789194,41.17473388585761,42.25232111673645,44.32632806631729,46.784546189551705,50.216285947447666,42.07694559438041,90.0,0.4149359940233675,2.1148973131376643
2021-12-27 11:00:00-07:00,924.02625,90.92249166666667,0.2929139821876231,10.5,503.5671062936319,62.32352564070541,63.47601595343194,171.7930941275488,0.0,318.3933270703511,529.5576380612245,1.0,318.3933270703511,151.72401994985287,1.2152795136054415,6.628532961111111,2.11627634,487.38375672843995,487.4132680587498,487.5466187586842,488.62024620635054,489.8232668075433,489.82122296102074,490.76793388626817,491.7762564155341,491.80032719129474,492.75277371236353,492.623387139117,493.4794287870097,79.41502129415215,72.27613603186472,67.42960615296714,62.62322583387259,59.640578484167534,57.73534895935964,57.66623754053335,58.56864313706524,60.44725518779697,63.512044392197986,66.64865575622169,71.04788887071255,15.960994216362215,90.0000017075473,0.6125085575601188,1.895693735752025
2021-12-27 12:00:00-07:00,474.1330883333333,180.33926666666667,0.2853210257219264,11.5,392.84465582967925,62.48553836158849,63.37188709053649,187.1955223831959,0.0,249.78882009984144,405.30891936576234,1.0,249.78882009984144,116.14370774091901,1.1878259039886707,7.312929266666667,2.51093923,378.98424504053384,378.3233335058627,378.3125769941756,377.582408092865,377.67121147907125,376.8835302392471,376.88376288759844,376.0081502378893,375.17355587625696,375.18059360631884,374.1827488891223,373.9819329968634,57.52674519999449,54.328367485674214,51.93817341558224,50.07244152787503,48.20978118356484,47.64071213316324,47.61574920662904,48.45921110579856,49.92953544674781,52.7581358783253,56.145405399731445,60.39264790447677,14.026731180718027,270.0,0.6288127210363217,1.886960104425866
2021-12-27 13:00:00-07:00,445.9380483333333,192.03631666666664,0.2835552577642285,12.5,371.33933647360874,58.04964724789476,66.29169113486928,202.071154130585,0.0,219.2052663553943,447.03472169650183,1.0,219.2052663553943,113.96583649878472,1.6797106930671342,8.11980916111111,2.5611663966666667,418.1655939459541,416.61805391425344,415.3103730956531,413.220486327439,411.8596715882226,410.1946005984601,408.6993573201406,408.0480811292798,406.67784149835256,406.04537070111866,404.48008154796815,403.0182182436731,53.63189644517204,51.70926262813085,50.23980966662564,48.75235208505999,48.55054664175033,47.70353245167081,47.50167149060383,48.67938848713104,50.33978249658017,53.140676669718346,56.19964889891912,60.43332733059097,40.552376229813646,270.0,0.4249285536957074,2.0973308940950637
2021-12-27 14:00:00-07:00,742.4750499999999,110.82559833333332,0.1962807259954355,13.5,342.00411065084563,51.425738369769014,71.85867022739544,215.56356397574635,0.0,132.74423118462576,617.2533824916328,1.0,132.74423118462576,81.41615874762206,2.65400182624061,5.884212683333333,3.3991442666666667,590.682424835974,588.1864175639406,585.647159460053,580.403951625139,577.8577054527741,576.9128478173543,576.4619787210513,575.3456918592,574.1850814020461,573.7188791262957,572.5960233817183,571.4388070008577,37.3333970906772,35.610730366522446,34.1174318473259,32.558655658660335,31.633787066434742,31.04667594670052,32.21716432577445,34.36119655422386,36.09909337270366,38.57944941725714,40.73466825922862,42.961480906781695,50.0,270.0,0.366977778440511,2.214355247456318
2021-12-27 15:00:00-07:00,47.71418856666666,71.87304666666667,0.2409082721374839,14.5,80.56758714331222,58.62533283882998,79.50083015224888,227.394394852565,3.8857805861880464e-16,42.575502398969505,107.1099498687321,1.0,42.575502398969505,20.94807769092713,2.857142857142857,4.03369505,2.1569183,101.15490811516999,101.42670303544003,101.42302306739026,101.38630524961658,101.37722712610883,101.33962458989274,101.02763719190153,100.73856259003689,100.41579676134259,100.11173960138294,99.45933570586564,99.13449003345643,10.515682237077543,10.407364453666677,10.297974007920034,10.154539906226839,10.018630681891164,9.890012047643113,9.804175578556746,9.721842173716231,9.675428733121999,9.684446906838295,9.5710832090956,9.680095463143394,30.103851384549948,270.0,0.4992155545325589,1.9920251497490296
2021-12-27 16:00:00-07:00,0.5635741333333333,14.086554049999998,0.2488006356732671,15.5,14.114029121775046,81.99324001621092,87.20563844209558,236.27130675388335,3.55334157905781e-08,9.046999467187856,14.008207778345716,1.0,9.046999467187856,3.4181410245223143,2.857142857142857,1.925550911111111,1.7487399648333333,13.267661774283464,13.267657043302078,13.240888550655535,13.262466866752712,13.26247625684145,13.235002191941133,13.257550977270395,13.2575489578523,13.257546076322068,13.230779851161747,13.230777456457837,13.254232729994905,1.9528999349764518,1.9080120313472138,1.875822813129127,1.8531423182542877,1.840393624068529,1.8376734685949982,1.8448633101246725,1.85899522095515,1.8841792021334618,1.9177766518515749,1.95486437082985,1.9957310051475214,6.2775089773602195,269.9999953236892,0.6953279345847856,1.8631389028987415
2021-12-28 07:00:00-07:00,202.68821268333332,24.66978243333333,0.3686040251158913,6.5,32.67602542465059,83.51990843106697,87.73621119847242,123.13718330851623,2.0983215165415414e-15,15.822222066132337,47.49706601196681,1.0,15.822222066132337,0.04769713022211067,2.857142857142857,-3.518447761111111,1.582195163333333,34.36098873600598,34.37429692169286,34.37429520626423,34.3742923036847,34.38344159967356,34.383442460578124,34.38344330238248,34.38344363737746,34.383443334893094,34.391262112106894,34.39126109610449,34.39126006224485,5.088436597161444,4.980297277510257,4.892937372532655,4.823906045999174,4.788005030871225,4.778240783137806,4.794124737755796,4.834131492672528,4.904466992005633,4.986522049205854,5.083502140313123,5.197473841876784,5.040301932670646,90.0,0.7060717770530244,1.8610097109646553
2021-12-28 08:00:00-07:00,489.7481016666667,48.054051666666666,0.3292412757398344,7.5,132.20109893918573,60.59987029137312,80.10652016926387,131.7670382026617,9.173405240096232e-09,21.952685102155055,321.37131031102126,1.0,21.952685102155055,47.427263455701805,2.857142857142857,-2.908839877777778,2.1616139766666667,295.8114722269032,296.1321819591709,296.2955010842162,296.43472375661526,296.5683463872978,296.8661139803557,297.7903735837234,298.6998172798793,299.5591978474466,300.4084162978079,301.21911417665825,302.033729516952,6.393587279682402,6.290490558413739,6.337712637098023,6.808707933606338,6.945007114771293,7.482052843711035,7.696337925012601,8.24685636693959,9.009020277985783,9.323473025971554,9.903212602514628,10.7046495607965,27.422396897018313,90.00000085377364,0.5197266018550808,1.969507431741659
2021-12-28 09:00:00-07:00,718.6745016666666,67.79960666666666,0.2988003297776774,8.5,285.9803245642754,50.98618963414516,72.32678504637964,143.4794738007285,0.0,93.81816670552882,570.1049628543333,1.0,93.81816670552882,88.99848043214635,2.7589813544822763,-1.662754254888889,1.569158286666667,528.8889128868942,529.4496405379813,529.9924787139216,530.1590299095158,530.7798904333598,531.3583033794823,531.5838972591902,531.9470526465695,534.0705084932433,538.5379854805695,540.7165405568791,542.8568158081035,48.52817401539753,45.833031260815964,42.84842526449695,39.32414960820866,36.54059098589483,33.20294189104449,31.086556998352386,30.588520208937243,30.503939001788826,31.26401983648186,31.92687139226586,32.89565381309622,50.0,90.0,0.366977778440511,2.214355247456318
2021-12-28 10:00:00-07:00,948.8375833333332,54.76651833333334,0.2953352684815931,9.5,431.9308751605484,57.53867092891786,66.57792257000641,156.85616158317293,0.0,234.1987058815257,594.170055337484,1.0,234.1987058815257,126.99582830134936,1.7259072086209388,-1.0419719722222225,2.361728615,546.4146391916004,546.3074573235978,546.3474720194042,546.2889744580173,546.234748853411,546.3013788525665,546.4430687111425,546.2283297315396,550.2717364312675,552.0520635513717,554.1006576743669,555.9757634399489,65.32149846361693,58.327143207945966,52.13307565881862,47.321311975753936,42.8502829096465,40.74534884103829,38.6032832001352,39.28424947893198,40.08725964063577,41.87870276387126,44.072907710417596,46.75509111317161,42.217593460762366,90.0,0.4140259840305821,2.116544556865625
2021-12-28 11:00:00-07:00,789.63529,70.92026166666666,0.2882267082664498,10.5,424.0151018493453,62.25118858925224,63.438258403507575,171.66146985232965,0.0,267.95008340018416,447.1710365518324,1.0,267.95008340018416,126.04162994001297,1.2183799245871738,-0.8169593144666667,2.677205416666667,411.36338338708316,411.50354920356835,411.460031266992,412.53373314023185,413.4979004019472,413.4636993542771,414.4100513747259,415.3506393998143,415.2124929834313,416.042343891526,415.93397382330113,416.68562896109506,65.78899989736126,59.78156160289481,55.73872724776017,51.68286451428723,48.8118942336608,47.783003719357836,47.542323700404204,48.123611592331706,50.20264703693203,52.43423559487093,55.378236106520774,58.74826431678217,16.17665624124884,90.0,0.610700082596299,1.896735583094348
2021-12-28 12:00:00-07:00,951.9236666666668,72.72997333333333,0.291474101178989,11.5,500.3211607866825,62.453056343228944,63.30850228757476,187.07656788225665,0.0,320.64888803775176,519.8666042074877,1.0,320.64888803775176,149.0883792027773,1.1842034633595049,-0.3815634510738889,2.6977627500000003,479.78973444320746,479.7927460660766,480.77344052620623,481.67472766829707,481.54538113525774,482.4110309847083,482.3212782568135,483.07796089136883,482.90800906695455,483.77914779978147,483.5697254544357,484.35527181984787,77.79034124184386,71.72953219539019,65.85488159756932,61.913108974524306,58.95987556810506,57.79571035650845,57.54359848878229,58.398102574861575,61.05531017193984,63.91349323652157,67.58781360853918,72.2672190498056,13.768345637101715,269.9999982924527,0.6310015520629311,1.885876942187393
2021-12-28 13:00:00-07:00,699.1127966666667,109.560235,0.2856430799032319,12.5,391.6082236531538,58.053654085861744,66.20677973052203,201.97260056189984,0.0,220.2963885545318,512.6484557781401,1.0,220.2963885545318,119.67314587644304,1.6734618723918404,-0.0200709920388888,2.0035982100000003,479.19589856675566,476.6883859192222,474.38557258854394,472.036570268931,469.0463385514786,466.5784021860529,466.3372519760392,465.74201236392406,465.3248555376667,465.1861640471624,464.5714983279837,464.1564204419523,49.71271793979601,46.66235477530102,44.31326140176345,42.007420575524876,42.33691997486161,41.465789255580844,40.53655778790534,42.110803011036325,45.963714504068435,49.73586608240893,54.43200987234761,60.10884616070177,40.31838220421029,270.0,0.42648278345544743,2.094682076251761
2021-12-28 14:00:00-07:00,558.6558783333334,73.98823833333333,0.2038411977384556,13.5,248.86423955719195,51.42286376490298,71.75807764185899,215.48724715805477,0.0,93.74425766751395,465.56706970081206,1.0,93.74425766751395,61.82006169964581,2.6384050716694,0.1885169144555555,1.7075451521666667,445.36834486546365,443.08379821946465,440.761220868327,435.98361420617664,433.6429553245377,433.1359116931026,432.89952871966733,432.2582473733592,431.5929600647348,431.3438577424421,430.7145616392129,430.0584215577055,27.560760857027272,25.911299259731024,24.45116803533047,22.9448597010297,21.960096767338293,21.255211838826312,22.32079772043838,24.152859687128213,25.66056793487568,27.769701578950006,29.607388271803746,31.499531867548807,50.0,270.0,0.366977778440511,2.214355247456318
2021-12-28 15:00:00-07:00,521.0826816666666,50.23629666666667,0.2296685855015746,14.5,146.17967030154486,58.25996283231366,79.38998681075205,227.33759861057814,1.3567562944457142e-08,22.720777058401488,359.6116523401375,1.0,22.720777058401488,38.85560983541086,2.857142857142857,0.3126759796111111,0.7856570371666667,334.601500261244,334.7796755825453,335.156633538376,335.32279224714523,335.6558296476721,335.81028910608495,336.93222872100745,338.00871660878863,339.07120182876236,340.08360164761797,341.07807788036655,342.02358789726543,4.974672586189228,4.997686415557912,4.968946040064783,5.0660813844547565,5.697038796255991,5.873930871667721,6.532408156092796,7.373500262736518,7.6404253288818555,8.55634677096704,9.216252227663594,10.148390443762574,30.56260019138959,269.9999987925817,0.4957602709211795,1.9960687368537198
2021-12-28 16:00:00-07:00,125.78948246666668,16.3083974,0.2457395215385977,15.5,22.695888558903743,81.65788748407391,87.08931350429245,236.22770339574942,0.0,7.8509831981748475,37.517444926506656,1.0,7.8509831981748475,5.862496788348475,2.857142857142857,-1.3099817672222225,1.31856879,26.08285064912608,26.082852464769033,26.02878568518377,26.028788122007228,26.052397624409974,26.053018536155875,25.998949414064576,25.998943195733368,26.015513193922256,26.015509758123397,25.961445367584535,25.970593213924765,1.7627805321953003,1.7255523248518152,1.6939135020766787,1.6662274062438427,1.6433607461375046,1.6287672884930202,1.622077546715728,1.606376379615235,1.61832036305239,1.637702112034985,1.665045271650857,1.6999831142591708,6.5455770661126556,270.0,0.6930032328297094,1.8636613655545424
2021-12-29 07:00:00-07:00,127.42943931666667,10.8434033,0.3669975024007026,6.5,15.794919633098015,83.62589447971312,87.77310149330903,123.01656620314293,0.0,6.953901342248389,24.970366696970586,1.0,6.953901342248389,0.020226596218745316,2.857142857142857,-10.679675833333333,1.6382659083333333,17.013512236494748,17.013511419653824,17.013510669766738,17.012944372183473,17.0175333477741,17.01753369849504,17.017534074730474,17.017534257944025,17.01753417154137,17.0209708910852,17.020970467996264,17.02097002174274,2.2267114222980187,2.179405674134433,2.1411655959993574,2.1109289384329073,2.0951839365752494,2.0908859085560287,2.0978231383942143,2.1153262366838526,2.1439550975776958,2.182049783321237,2.224545994319175,2.271551470110449,4.950701680734935,90.0,0.7068507166223892,1.8608735374426093
2021-12-29 08:00:00-07:00,711.0003166666667,45.646458333333335,0.331224839223224,7.5,167.5129083587772,60.67793156513098,80.13069056217577,131.64136328351594,3.885780586188046e-16,22.525076209244414,421.68034690265256,1.0,22.525076209244414,59.1999001072305,2.857142857142857,-6.146653850000001,1.0587775716666663,389.3318674017131,389.66069479108097,389.8048688698473,389.97102112349256,390.26374265387716,390.41355928635534,391.42138491220385,392.3918764601658,393.34867408973383,394.2542519965637,395.1425337434674,396.05350040416295,6.595715007376111,6.513569660084467,6.454772359387201,7.057097245797998,7.079362754549224,7.786501353979149,8.011875282794305,8.62674627864702,9.43847043425158,9.539680036562913,10.403082210712038,11.273499113573667,27.27244271030247,90.0,0.5208889463625205,1.9683051326933962
2021-12-29 09:00:00-07:00,698.1066833333333,112.21359166666666,0.2953045373598779,8.5,324.09476645428003,50.8891425367512,72.33155766545414,143.34704262321918,0.0,121.1204008393031,601.244709359803,1.0,121.1204008393031,104.87441430327803,2.766192398764143,-2.912648988888889,1.234146531,552.8038223801968,553.9478504386541,555.0658443208216,555.4878775374397,556.6684105351252,557.7912801129835,558.2563612175861,559.1607670455918,561.5604467724919,566.6045952112676,569.0429667304013,571.4390123549681,56.7968417702237,54.298036881773605,51.57574649780057,48.32930287127319,45.87074841687841,42.8578757828138,41.05300657087999,40.8683153861147,41.088077856832825,42.1629507862806,43.11065545855157,44.35501718449957,50.0,90.0,0.366977778440511,2.214355247456318
2021-12-29 10:00:00-07:00,363.0975,155.78331666666665,0.2822471664161983,9.5,300.225390921138,57.43414095119854,66.55895744368262,156.71996283914712,0.0,174.00913207232543,368.13653589986217,1.0,174.00913207232543,93.52237767512302,1.7297111092739343,-3.2446292277777777,1.4383508483333332,330.7504043989119,331.9854647742935,332.45906291451803,333.79662677355236,334.98229769546913,335.56549244180707,336.78215689083686,337.1965380495491,339.4725801711163,341.64771291927985,342.93926952270107,344.2736597278181,48.36490777220252,45.37529263688594,42.965812947522814,40.35375891183046,39.138968514658245,38.73535298139797,38.28362621620545,39.14261207617278,40.0073879587894,41.113260981255266,42.903519578613995,44.60971159218727,42.34980412889725,90.0,0.4131724097191286,2.1180970549747333
2021-12-29 11:00:00-07:00,355.1792633333333,166.53346666666667,0.280752470145478,10.5,325.6074157815467,62.17110909182578,63.392926568298044,171.52938096328387,0.0,207.7709634072644,336.32366475034746,1.0,207.7709634072644,94.4072908978837,1.2214088011830393,-2.5728056111111117,1.40647879,311.03110947973414,311.3947389026498,311.61339241282894,312.06912865804475,312.8346785014635,312.97589050946283,313.6223901723757,314.00606887141373,314.1677152219582,314.62845428078447,314.72403617503863,315.1075135665672,49.5458222768237,46.62336889610445,43.77004269730439,41.985115622644756,40.46414236872067,40.11917038700427,40.09904345083232,40.85180867219486,41.784150276256874,43.43197822959598,45.36117036480348,47.35967610528983,16.386767891066274,90.00000120741828,0.6089400491821464,1.8977637031578132
2021-12-29 12:00:00-07:00,310.46638333333334,218.8221333333333,0.2774692198954305,11.5,358.62236494601325,62.41242268641992,63.23764149146213,186.95904065941778,0.0,230.92158020126163,365.8354584924256,1.0,230.92158020126163,102.25060613049581,1.1805793517927383,-1.3660128223666668,1.301557105,343.05149601083053,342.66121756094117,342.6156404841324,342.23423009305395,342.08989944119946,341.709174516379,341.5788902334581,341.18431543013514,340.94086662029474,340.34491442043907,339.95829877154256,339.5984298014164,52.8860336446539,50.6086408533858,48.66426086104366,46.792431086377114,45.52024931790228,44.8704883033093,44.58652089744657,45.152616660220666,46.49940345476346,48.369178091840304,51.04060837819498,54.12947354621553,13.509147737279342,270.0,0.6331996961762182,1.8848102205895585
2021-12-29 13:00:00-07:00,921.5437833333332,90.49875,0.2957012229540156,12.5,463.6363599377978,58.05008925735191,66.1148310543108,201.87718168260147,0.0,262.05136538073566,611.9800929747748,1.0,262.05136538073566,141.05531811660634,1.667125199081651,0.4675113124,1.4909112741666666,571.8986768383401,569.7278656210854,567.5245520543604,564.9487240664921,562.6663293023254,560.0215090428569,559.8605955070944,559.4477374124182,559.602515374392,559.2431703766761,558.7952895274608,559.0250469371236,56.27347138138492,52.63361225081921,50.33859224932216,50.32388371540212,48.515586571051976,47.980552919997486,47.370728143727455,50.233487614519575,54.216068961731594,59.35760673285292,65.46557813489775,72.46665403132222,40.078894211836435,270.0,0.4280790922920307,2.0919842352075695
2021-12-29 14:00:00-07:00,876.0784166666667,60.94076833333334,0.1947424018741702,13.5,336.73248184494804,51.41293653648748,71.6511060843316,215.41533980162643,0.0,115.47941440372432,648.1371959636056,1.0,115.47941440372432,73.14278608411188,2.622450829660292,1.422592675,1.385074108333333,621.6220175541489,619.3268675224531,616.9925326983096,612.1826829265553,609.864597746495,609.4829556869165,609.3021176694234,608.7406112592957,608.1516874565555,607.9624440028839,607.4296705137542,606.8689261071613,28.35046303800226,26.848175729015626,25.602618472671594,24.295529722106295,23.675134390707274,23.447064292261903,25.05220047331596,27.732057653485153,29.995683630671756,33.117677137005856,35.89053770614864,38.74278309279439,50.0,270.0,0.366977778440511,2.214355247456318
2021-12-29 15:00:00-07:00,519.891445,43.70648166666667,0.1996863754609927,14.5,140.46933529234735,57.8745359608373,79.27348836886301,227.28606915829025,1.3621533870716686e-08,18.785939964473563,354.19890799623704,1.0,18.785939964473563,33.18532604758865,2.857142857142857,0.4964243354888888,0.9429410968333334,330.59669013092275,330.91028772211513,331.05272192876384,331.3463520265562,331.493397346479,331.62530635675677,332.70064242818097,333.84321327212706,334.8326633749259,335.7908563873283,336.72884339534465,337.62420780213944,3.683862824196953,3.7113590929022813,3.691421615612619,3.7737903524803946,4.492912195647045,4.519417077070512,5.292280460317132,6.108034425009885,6.159443658292903,7.006234029873816,7.881838257339978,8.779970954945155,31.04671636674982,269.9999987925817,0.4921316006121449,2.0003957798857575
2021-12-29 16:00:00-07:00,101.91137146666668,18.686487466666662,0.2431994712130904,15.5,23.79326330177463,81.76860019812445,87.12770725388637,236.35520771549406,0.0,9.133872362449091,36.391456313194965,1.0,9.133872362449091,6.082652609583741,2.857142857142857,-1.1492437766111112,0.5057258286666666,26.090164254140706,26.090166542114318,26.034060521849746,26.034063351978723,26.034066359297135,26.057736507690898,26.002339323015008,26.002331684377076,26.018505060832133,26.018501873625908,25.96239860589268,25.970668524993158,2.0259041402910247,1.982996908072412,1.9465132143852164,1.9145853660347718,1.8882335179937189,1.8714709451534401,1.8453600362796778,1.8484839853510804,1.8610260485702939,1.883365321775406,1.9148913229338131,1.955111926761215,6.448431352544735,270.0,0.6938455445237991,1.8634695161898631
2021-12-30 07:00:00-07:00,214.46686935,14.116253116666666,0.3974533892079042,6.5,22.33402700773338,83.71478775652639,87.80404752137069,122.89108529462091,0.0,9.052100688783048,37.57008096630127,1.0,9.052100688783048,0.025526918214832856,2.857142857142857,-3.651890267222222,0.9451404248333332,24.463659972609143,24.46365883749887,24.46365778185142,24.468833323120037,24.468833424852566,24.468833884551312,24.46883441904089,24.468834716667338,24.47330906982952,24.47330868498508,24.473308117290728,24.473307499022994,3.1388827642210795,3.0722095313730167,3.0182860383802645,2.978985065676151,2.953347695066692,2.947257519494956,2.9570221306195466,2.9816939229894954,3.019787048135607,3.0755176910493924,3.1354848816278933,3.201905116873205,4.874426326738289,90.0,0.7075138994493038,1.8607595348015082
2021-12-30 08:00:00-07:00,719.1903500000001,35.98500833333333,0.3337352581627876,7.5,159.03514747204017,60.735374928546825,80.1484877108405,131.51141147447663,4.662936703425655e-16,16.240950232539387,415.09126718357,1.0,16.240950232539387,56.091835545971136,2.857142857142857,1.8075911729444445,4.486587681666666,383.89541449549483,384.0037853165813,384.10775683377057,384.3429029872708,384.43857839665446,384.53097042189927,385.46489796656584,386.34993551998207,387.2184515025971,388.0434721510917,388.84957094114236,389.69155185303094,4.732307279776694,4.728933493880435,4.686015061891419,5.237573837312655,5.25389838173084,5.887987917182075,5.937862073505639,6.626440723366905,7.359736529599776,7.4240237859639056,8.192800182276969,8.983596359321188,27.143549285199022,90.0,0.5218892964419202,1.967276559495311
2021-12-30 09:00:00-07:00,845.25245,53.552130000000005,0.3025738922592434,8.5,310.12317063330624,50.78538171673075,72.32943025233666,143.21125457110645,0.0,97.07195924318164,634.0643701773029,1.0,97.07195924318164,94.50912359537887,2.7726759722774545,4.9066143166666665,4.054483566666667,591.4211540370341,591.8686106000704,592.2983860800625,592.4044302915436,592.9279536711277,593.4081656720647,593.586541510121,593.8231143213853,595.87978337757,600.2467694285228,602.3822806441362,604.4794243413685,52.48961302679893,49.36149714011885,45.882959032667756,41.78580441968239,38.515547389155124,34.61536338460065,32.107937131457476,31.21609235726227,30.792822444377606,31.322142382669306,31.746263429233966,32.51692130414954,50.0,90.0,0.366977778440511,2.214355247456318
2021-12-30 10:00:00-07:00,945.7636833333332,58.08056333333333,0.2983733247246307,9.5,434.70865073324643,57.323058513387316,66.53264973851832,156.58170315696202,0.0,232.04434872505485,599.8711900038185,1.0,232.04434872505485,129.43503381358724,1.7332864562449788,6.438124338888889,3.7920865833333335,551.2521964353707,551.1793945486733,550.9768818096101,551.2070048130346,551.1947305867537,551.2842253050671,551.4493397676724,551.250114897103,555.2939212247877,557.5998236261919,559.4455224183758,561.3957451856425,66.35923765138175,59.188019992382365,53.02059253077433,47.21166125970547,43.42070181317016,41.25616313991357,38.98645301410824,39.64799212992442,40.43537876910693,41.75814961238868,44.52612115921776,47.22274282377072,42.4734125464765,90.0,0.412375995128007,2.119552099787001
2021-12-30 11:00:00-07:00,990.1611166666668,57.45137,0.293144970452576,10.5,501.73139926386176,62.083359537598135,63.34003297735069,171.39693246885827,0.0,316.9085337726727,529.2654204780121,1.0,316.9085337726727,149.77228277325116,1.2243605488619882,6.862312872222222,4.8018343,488.5925319162571,488.7381754676774,488.6657661667763,489.68484600098515,489.762791899777,490.52129773773726,491.43218113965355,492.29685230526684,492.05901095268916,492.98282845423904,492.7740616787512,493.5750246021687,78.10367171540916,71.63551703606988,65.48916489851526,61.451752492230355,58.18212409877105,56.27411636466419,56.27556725493205,57.183454639657576,58.83066760962455,61.876700652403635,65.34673604619641,69.31769864524112,16.590984144909626,90.00000190909591,0.6072312171398818,1.8987753396619267
2021-12-30 12:00:00-07:00,1021.68,55.54851833333333,0.2961269311639654,11.5,516.8481448694777,62.36363773225999,63.15933875132354,186.84304607741407,0.0,331.09636204774114,535.5370168263014,1.0,331.09636204774114,155.41459236359336,1.1769600586256104,6.762310177777778,12.372176516666666,498.98424991618276,498.4718790549803,498.46139101305687,498.7709044818636,498.0198954553041,498.17355598448216,497.403393691187,496.8286363695438,496.87752483438044,496.1261022569281,495.46274464681755,495.3651517320774,74.55874038180468,69.93253071465435,65.82663267952383,62.77028247168389,60.45261311065312,59.420384676926254,59.50631645313144,61.48758522098197,64.30521005649392,69.00243986569014,74.71686791644588,82.05108015838465,13.249603530868898,270.0,0.6354031722837342,1.8837620127096653
2021-12-30 13:00:00-07:00,1001.7414166666666,51.295245,0.2995817305616743,12.5,458.48620606269606,58.03889401677019,66.01590045326702,201.7849999236426,0.0,256.32974554765127,609.7210390848978,1.0,256.32974554765127,135.69577794176408,1.6607133918712695,7.045088288888889,14.3932191,570.2053811502587,568.6960090738609,567.0907317903695,565.160161989066,563.5360839125258,561.6984333544015,561.6448039335658,561.3785814098738,561.4214451167289,561.3584160360147,561.4090157086413,561.546869360398,49.93980041045397,47.33887701128997,45.232812910707686,45.39069150957912,44.766918915578906,44.543613795522134,44.552598714114026,47.73106969669954,52.070726898852165,57.50523782259661,64.97345936345161,72.4535490302116,39.834281892726395,270.0,0.42971536329029153,2.089242469103549
2021-12-30 14:00:00-07:00,938.1314166666668,45.97222166666667,0.1943135136615062,13.5,343.05822063500113,51.39594691464369,71.53783019169411,215.34793535659458,0.0,117.94983697929749,663.8831823240772,1.0,117.94983697929749,71.67046094428571,2.6061745939008167,6.960769566666667,13.9322325,637.1416424712984,635.0824404693745,632.9872527762376,628.6740115981186,626.6101354848524,626.3216251985435,626.1944798175058,625.7182072818175,625.2203561453957,625.0801743830193,624.6450840031125,624.1777406613182,26.41367005198705,25.156052815587323,24.162050050378724,23.098699293765165,22.73692741892422,22.789276401316382,24.52135843341634,27.351323033891646,29.737767178884845,33.03930008726944,35.96617100413114,38.97989816137073,50.0,270.0,0.366977778440511,2.214355247456318
2021-12-30 15:00:00-07:00,784.1530333333334,35.08758,0.3015544667083358,14.5,182.67617849843163,57.46910391381386,79.15142495491438,227.23988609920505,4.662936703425655e-16,16.681562317241024,483.65505907677533,1.0,16.681562317241024,58.72934671334415,2.857142857142857,6.818531816666667,13.049000433333331,460.49432882765984,459.4661511370308,458.41898990543945,457.3219577497329,456.2067310904078,453.98827309195866,453.8656792239624,453.6238928917172,453.508494732805,453.37001661585896,453.10672333193975,452.9784867879658,10.112720526635156,9.11970074306284,8.165243723509768,7.411212045248386,6.4655232761934,6.270506246176722,5.529556272567523,4.68235919258792,4.5892710077941485,4.58956476888145,4.547036585628159,4.615730879054081,31.5567963636045,270.0,0.4883282419849563,2.0050210558554675
2021-12-30 16:00:00-07:00,167.40645899999998,12.75511365,0.2177596901410678,15.5,21.51277699328309,81.40390730634455,87.00127280166522,236.32349496112246,1.8651746813702595e-15,5.4797196215923165,41.169067775444,1.0,5.4797196215923165,5.080502016718695,2.857142857142857,5.836461061111111,11.381001416666669,27.15530115237552,27.155301269159505,27.07905261561711,27.11704288755032,27.117425923827735,27.11742868899445,27.041179008470966,27.070337168443324,27.07033148719198,26.994078390908896,27.01390334649442,27.01441336624646,1.1483821791360211,1.0972758819837753,1.076372867555378,1.059177163429822,1.0455349063027601,1.0358925573612694,1.0317260099582095,1.0327082237754006,1.0170767840504356,1.0300221983274618,1.0467568131558431,1.0683703316654947,6.7386857224721854,270.0,0.6913293537232191,1.864051209276529
2021-12-31 07:00:00-07:00,180.4950231,30.009785283333333,0.3620231125224258,6.5,36.84734010143159,83.78642127037874,87.82898836812173,122.76084572515626,0.0,19.242697288539294,49.492778961781255,1.0,19.242697288539294,0.05287782314267154,2.857142857142857,-2.072132985555556,1.4047378833333333,37.52834708671999,37.52834491480834,37.52679716151698,37.5394968921637,37.53949703495417,37.53949786882758,37.53949890251195,37.53949953636436,37.54901167590479,37.54901100990169,37.549009961228165,37.54900878575269,6.078591209747014,5.94952006465167,5.845087755475941,5.768926980127484,5.719296323858764,5.70745419882303,5.726335926352426,5.774102825022967,5.847904410172656,5.950442578808037,6.072693395708777,6.201534506056139,4.811561316373721,90.0,0.7080605415087516,1.8606669029493585
2021-12-31 08:00:00-07:00,78.7402501,132.7762,0.2755997342478401,7.5,146.232886167845,60.77208374747772,80.15986560171964,131.3772898684066,0.0,62.205355442075266,239.34579042751767,1.0,62.205355442075266,41.83317117496949,2.857142857142857,-0.7340569157777778,0.879481351,222.08994236559636,222.51614759908074,222.9269199686011,223.8267224244685,224.20467142497324,224.56896233987032,224.72567671546966,224.82145087861988,224.95990647309532,225.0566155176433,225.1911506775822,225.2766401529208,15.360594532269854,15.329685527862244,15.197201076687827,15.232555836040572,15.288614126773345,15.481036516817205,15.644371390810477,15.907330485914624,16.210431575226078,16.42451286185326,16.74010160837761,17.024921091259056,27.03565272168612,90.0,0.5227275764019047,1.9664190043762482
2021-12-31 09:00:00-07:00,8.38324965,143.70691166666666,0.257627054425521,8.5,146.25285628925408,50.67496983482152,72.32037656291499,143.0722186844912,0.0,92.54559818822955,144.03304772845635,1.0,92.54559818822955,46.77117662625572,2.778414485602714,-0.6908306859444444,1.2241491333333334,126.23206192340832,128.07298409233482,129.8863430022356,130.69399392028257,132.47007473676945,134.19617094054928,134.9633758822506,136.6464400663679,136.19993609162373,135.45576170269203,135.03154195842447,134.6125124106937,29.195102036655015,29.450666813121725,29.845144207826436,30.220563165771175,30.80882554648228,31.335002301362046,31.975312028540046,31.540662412438152,31.11094477938231,30.784721586285585,30.35144019558857,29.909456942252064,50.0,90.0,0.366977778440511,2.214355247456318
2021-12-31 10:00:00-07:00,0.1660199666666666,115.11985333333334,0.25100758243967,9.5,115.18605631239981,57.20553179056995,66.4989944768034,156.44149246526308,0.0,77.46710910288601,100.81451399280229,1.0,77.46710910288601,34.17355342927908,1.7366250677474293,-0.5815867884999999,1.1011254983333332,88.75773695257375,89.43359965333457,90.88111404052023,92.31363185210643,92.95675946874934,94.33389685093655,94.9468917840451,96.24334166766117,94.98700079799731,94.62875091727038,95.00067897849529,94.67060406604112,20.694081916215037,20.884254339754598,21.16286871279304,21.636088447648913,21.677987157063274,22.239967376001836,22.900652919675828,22.71609385792601,22.57217668243066,22.362316204574736,22.13889681194095,21.950561466593157,42.588264108423964,90.0,0.41163740962205875,2.1209071409955635
2021-12-31 11:00:00-07:00,0.66154975,131.62096666666667,0.2518009805096223,10.5,131.91842400063007,61.98801933500613,63.27959473456692,171.26423475680235,0.0,85.96649096833114,127.6479481849023,1.0,85.96649096833114,32.57247432466795,1.2272296770977715,0.1977231909222222,1.183981135,121.05333206198345,121.40361045619488,121.7688835223083,121.60160301286047,121.95987774852483,121.44455108703906,121.32552934404042,121.2184284766001,121.18984302257661,121.08688470443929,121.08457556989708,120.99027662901818,18.49509801481387,18.04450617616313,17.78571716245227,17.43662082678514,17.48760127817904,17.540004516029526,17.523723425056932,17.84042762648355,18.12425257860931,18.370105028107258,18.716918253441918,18.96425093755835,16.78896826360748,90.0,0.6055762654124688,1.8997677271383426
2021-12-31 12:00:00-07:00,6.8518383,178.7585,0.2518037873055508,11.5,181.8613210417121,62.30671095822798,63.07363369833803,186.72869440434366,0.0,117.80425038213264,178.35014329540846,1.0,117.80425038213264,44.747702717067796,1.1733519129068863,0.8287237519444444,1.3624098483333331,168.96977361049676,169.04171608814445,169.0406924360657,169.04169785246395,169.1529342684967,169.1534761418527,169.2419245936472,169.33845360717018,169.37222922273062,169.4804321748132,169.59475600613396,169.62921250592908,25.75386500952741,25.237322332511223,24.68039013171232,24.1894034131719,23.75828794678977,23.568672614152952,23.421003070539392,23.420812461306408,23.683420278454474,24.013714604386266,24.520001087995443,25.257509635369033,12.990187134200864,270.0,0.6376079131071541,1.882734279996964
2021-12-31 13:00:00-07:00,0.5644482833333334,82.13848,0.2466658280275874,12.5,82.36887104920731,58.02001437754886,65.91004970184352,201.69616157482508,0.0,55.60930969819225,71.67042009721732,1.0,55.60930969819225,23.453495413125875,1.6542392652810136,0.2153867317,1.8080496033333333,67.53767562257055,67.77901235981996,67.97194298451802,67.73646483767176,68.01094574779604,68.29015999858669,67.284548069541,66.82425399316075,65.84524504807443,65.36863306792115,64.3363431508876,63.281055780829824,14.990385623236607,15.158170478879624,15.306829234245061,14.888377044813856,15.00729893075051,15.065453405530011,15.474060746813302,15.03532888498972,14.644917536362264,14.354237857992176,14.405864357172929,14.247385055668646,39.58493384015649,270.0,0.4313893209493168,2.0864620277592207
2021-12-31 14:00:00-07:00,0.3366626666666666,55.615343333333335,0.4694704871090957,13.5,55.72262293189284,51.37188803095275,71.41833151344484,215.28512960070293,0.0,38.24260941699869,47.24454355521183,1.0,38.24260941699869,28.100929181702284,2.5896122009141407,-1.87318495,0.5959540103333333,42.46776020811939,42.74308426313035,43.02194511735504,43.49253901321794,43.778818336213725,43.08412672731866,42.80583023755531,42.11073836330572,41.39145567640768,41.09480313100883,40.36049585150423,39.61663107715591,17.572652850410357,17.838676720334,18.083810469735678,18.228996710076782,18.436691404359312,18.62884478372538,18.26252075662954,17.937366047034427,17.566386773004808,17.342187116412575,17.107030577437246,16.99510520142748,50.0,270.0,0.366977778440511,2.214355247456318
2021-12-31 15:00:00-07:00,0.5368791833333333,34.06612333333333,0.842449903490593,14.5,34.16834492441379,57.043723149657936,79.02389367619169,227.19912973931423,1.372839159046452e-08,22.777309752718118,32.49260074590422,1.0,22.777309752718118,27.72656603245323,2.857142857142857,-2.4074982888888887,1.2983450308333333,29.11981150502601,29.449111257061286,29.56476376663597,29.68216182420374,30.05589411841276,30.162371892804007,30.262843696298166,29.844715973056847,29.94064178323491,29.79213177932272,29.706339339636056,29.373563853059025,15.528453533831495,15.433119959294846,15.298043537504086,15.379138276610266,15.360891126086678,15.405163428066157,15.473564101964152,15.769026435710064,15.74170799233548,15.839015528674484,15.900302481235132,15.866125274212216,32.09349610618371,269.9999987925817,0.48434879220461285,2.009960619848302
2021-12-31 16:00:00-07:00,0.5003269,7.195841816666667,0.8184625549735682,15.5,7.221765562497277,81.48670507473669,87.02996855807136,236.4632057150681,1.1159866517365091e-08,4.623687284100292,7.192746455779628,1.0,4.623687284100292,5.8422597375639675,2.857142857142857,-3.2562152444444448,2.38341815,6.788572152197553,6.78695448892003,6.797794227118684,6.783124140954965,6.783141984662617,6.7946348162042,6.7799558826185695,6.778737789718034,6.790813432326284,6.790808732659392,6.7761257844168705,6.776124222979414,3.2787558590396966,3.2102116507624316,3.156187815303404,3.118212245168172,3.0938770444084023,3.08904335577871,3.102208416506188,3.1312300214035416,3.1745281105102663,3.228227065321639,3.292743980531395,3.359466545655878,6.662376691914917,269.9999985212207,0.6919907270559571,1.863895809822799
